timestamp,true_x,true_y,pred_x,pred_y,dist_error
1769714353.7706242,2.000028371810913,-6.50249719619751,0.715200662612915,-6.307806015014648,1.299494743347168
1769714353.79038,2.0000672340393066,-6.500667572021484,1.2331817150115967,-6.339419364929199,0.783654510974884
1769714353.8103764,2.0001468658447266,-6.495976448059082,1.2339081764221191,-6.339672565460205,0.78201824426651
1769714353.830439,2.000256299972534,-6.492289066314697,1.3150309324264526,-6.412342071533203,0.6898733377456665
1769714353.8503635,2.0005383491516113,-6.485280990600586,1.3857464790344238,-6.472372055053711,0.6149274110794067
1769714353.8703725,2.000819206237793,-6.479634761810303,1.3847925662994385,-6.472113609313965,0.6160725951194763
1769714353.8904731,2.001253604888916,-6.472074508666992,1.5685356855392456,-6.521059513092041,0.43548184633255005
1769714353.9104726,2.0018136501312256,-6.463474273681641,1.5692557096481323,-6.520636081695557,0.43631839752197266
1769714353.9306023,2.0022952556610107,-6.456699371337891,1.5701321363449097,-6.520111560821533,0.43679079413414
1769714353.9503953,2.0029680728912354,-6.447876453399658,1.877854347229004,-6.554378986358643,0.164305180311203
1769714353.970325,2.0033445358276367,-6.443181991577148,1.8763833045959473,-6.554238319396973,0.16867908835411072
1769714353.9904013,2.0043299198150635,-6.431496620178223,1.874631643295288,-6.554230690002441,0.17856460809707642
1769714354.0103514,2.0046396255493164,-6.427969455718994,2.081261396408081,-6.5600128173828125,0.15266408026218414
1769714354.0303981,2.006007671356201,-6.413023471832275,2.0814313888549805,-6.55935525894165,0.16462619602680206
1769714354.0507,2.006970167160034,-6.403000831604004,2.2749087810516357,-6.548583984375,0.30493518710136414
1769714354.0705006,2.0093894004821777,-6.379100322723389,2.2748942375183105,-6.548664569854736,0.3150314390659332
1769714354.0903277,2.0106306076049805,-6.3673930168151855,2.275002956390381,-6.548494815826416,0.32045379281044006
1769714354.1108513,2.0128071308135986,-6.347559452056885,2.4462738037109375,-6.548349857330322,0.4777131676673889
1769714354.1303566,2.0149099826812744,-6.329089164733887,2.331516981124878,-6.536357402801514,0.3784179985523224
1769714354.1503406,2.0186030864715576,-6.297948837280273,2.331498622894287,-6.5377020835876465,0.39418932795524597
1769714354.1703258,2.020444393157959,-6.282935619354248,2.307324171066284,-6.506121635437012,0.36347246170043945
1769714354.190444,2.0236098766326904,-6.257791996002197,2.3068950176239014,-6.506475925445557,0.3769535720348358
1769714354.2104445,2.0248684883117676,-6.248006343841553,2.2431678771972656,-6.484592914581299,0.32191282510757446
1769714354.230447,2.030308961868286,-6.206906318664551,2.243054151535034,-6.48392915725708,0.3492882549762726
1769714354.250768,2.032271385192871,-6.192508220672607,2.2430498600006104,-6.48312520980835,0.3590066432952881
1769714354.270453,2.0386266708374023,-6.147210121154785,2.3333115577697754,-6.450159549713135,0.4226318299770355
1769714354.2903593,2.0409064292907715,-6.131406784057617,2.499767541885376,-6.433176517486572,0.5491981506347656
1769714354.3104522,2.049553394317627,-6.073312282562256,2.499507427215576,-6.434525489807129,0.5770043134689331
1769714354.330605,2.0535898208618164,-6.047084331512451,2.384406089782715,-6.405747413635254,0.48793283104896545
1769714354.3506255,2.0592944622039795,-6.010868072509766,2.3858437538146973,-6.40512228012085,0.5119285583496094
1769714354.3704238,2.0653810501098633,-5.97322416305542,2.387539863586426,-6.404627323150635,0.538419246673584
1769714354.3906157,2.0710318088531494,-5.939111232757568,2.3887839317321777,-6.404170036315918,0.563245952129364
1769714354.4105399,2.0787603855133057,-5.893637657165527,2.387361526489258,-6.34284782409668,0.544999361038208
1769714354.4309063,2.0832865238189697,-5.867588996887207,2.3842968940734863,-6.342264175415039,0.5620707869529724
1769714354.450299,2.09088397026062,-5.824740409851074,2.415539026260376,-6.3129682540893555,0.586316704750061
1769714354.4703794,2.098933458328247,-5.780449390411377,2.4149465560913086,-6.311037063598633,0.6175657510757446
1769714354.490502,2.105276346206665,-5.746283054351807,2.4306840896606445,-6.257704734802246,0.6061699986457825
1769714354.5107872,2.116427183151245,-5.687533378601074,2.4341371059417725,-6.257222652435303,0.6522926092147827
1769714354.5303879,2.122272253036499,-5.657313823699951,2.4083070755004883,-6.197998523712158,0.6116827726364136
1769714354.550561,2.130765199661255,-5.614063739776611,2.3407251834869385,-6.1523027420043945,0.5777408480644226
1769714354.5705044,2.14223313331604,-5.556845664978027,2.3411452770233154,-6.157106399536133,0.6323597431182861
1769714354.5905547,2.1502323150634766,-5.517697334289551,2.3289475440979004,-6.117776393890381,0.6261260509490967
1769714354.6103024,2.164207935333252,-5.450674057006836,2.3312478065490723,-6.121708869934082,0.6915128231048584
1769714354.6302762,2.1774532794952393,-5.388465404510498,2.359995126724243,-6.060719013214111,0.6965966820716858
1769714354.650958,2.189757823944092,-5.331682205200195,2.360382080078125,-6.058777809143066,0.7468471527099609
1769714354.6704311,2.1993236541748047,-5.2881855964660645,2.2728428840637207,-6.000771999359131,0.7163689136505127
1769714354.6903834,2.210860013961792,-5.23646354675293,2.270087957382202,-6.000424861907959,0.7662541270256042
1769714354.7104003,2.226295232772827,-5.168427467346191,2.273509979248047,-5.918844699859619,0.7519010305404663
1769714354.730526,2.2315926551818848,-5.145378589630127,2.264226198196411,-5.91756534576416,0.7728762030601501
1769714354.7503536,2.247957229614258,-5.075464725494385,2.261594295501709,-5.916229248046875,0.8408750295639038
1769714354.7706265,2.26305890083313,-5.012910842895508,2.417797327041626,-5.806825637817383,0.8088539242744446
1769714354.7905214,2.286501407623291,-4.918970584869385,2.5324196815490723,-5.769864559173584,0.8857183456420898
1769714354.8106647,2.2965292930603027,-4.879862308502197,2.5313360691070557,-5.771702289581299,0.9222325682640076
1769714354.830541,2.31082820892334,-4.825170040130615,2.542255163192749,-5.688629150390625,0.8939353227615356
1769714354.850566,2.3296470642089844,-4.754953861236572,2.537405014038086,-5.684582233428955,0.9525606632232666
1769714354.8703709,2.3467700481414795,-4.692633152008057,2.5755858421325684,-5.644184589385986,0.9786757230758667
1769714354.8903143,2.366468667984009,-4.622626781463623,2.6981630325317383,-5.586387634277344,1.0192426443099976
1769714354.9107502,2.37090802192688,-4.607085227966309,2.673877716064453,-5.591073513031006,1.0295746326446533
1769714354.9302828,2.388890266418457,-4.544975280761719,2.7627246379852295,-5.4679484367370605,0.9958067536354065
1769714354.9503744,2.4072303771972656,-4.482958793640137,2.7648520469665527,-5.463510513305664,1.0437312126159668
1769714354.970541,2.416534662246704,-4.451986789703369,2.758054256439209,-5.459522247314453,1.0638434886932373
1769714354.9903088,2.4449806213378906,-4.359219551086426,2.9812207221984863,-5.385545253753662,1.1579715013504028
1769714355.0103292,2.4692904949188232,-4.2820868492126465,2.9765734672546387,-5.3017191886901855,1.138852834701538
1769714355.030289,2.496659278869629,-4.1974287033081055,2.9650914669036865,-5.299914836883545,1.1978747844696045
1769714355.0502834,2.509315013885498,-4.1590142250061035,3.011542558670044,-5.145877838134766,1.1073088645935059
1769714355.0703776,2.5324323177337646,-4.089974403381348,3.020592212677002,-5.153131484985352,1.1698732376098633
1769714355.0904434,2.540233612060547,-4.066991806030273,3.0895042419433594,-5.054935932159424,1.1303677558898926
1769714355.1103365,2.555978775024414,-4.0210747718811035,3.088186740875244,-5.04747200012207,1.1561734676361084
1769714355.1304214,2.569244146347046,-3.982858419418335,3.084015130996704,-5.040855884552002,1.1765828132629395
1769714355.150369,2.590740203857422,-3.9218060970306396,3.549515962600708,-4.921766757965088,1.3853418827056885
1769714355.1704545,2.6070804595947266,-3.8760931491851807,3.8119606971740723,-4.706018447875977,1.463049292564392
1769714355.1908474,2.63472580909729,-3.8000528812408447,3.803752899169922,-4.659947395324707,1.451221227645874
1769714355.210337,2.660043954849243,-3.7317776679992676,4.088247776031494,-4.6671342849731445,1.7072371244430542
1769714355.2302694,2.68865704536438,-3.6560990810394287,4.133765697479248,-4.686649322509766,1.7749290466308594
1769714355.2503955,2.717773675918579,-3.5806167125701904,4.27227783203125,-4.495736598968506,1.803864598274231
1769714355.2710493,2.738452911376953,-3.527897834777832,4.311306953430176,-4.476419925689697,1.836726427078247
1769714355.2903738,2.7684171199798584,-3.4527575969696045,4.403020858764648,-4.256497383117676,1.821517825126648
1769714355.3103378,2.7835850715637207,-3.415264844894409,4.425451755523682,-4.211179256439209,1.8246110677719116
1769714355.330448,2.7958078384399414,-3.385308265686035,4.600677013397217,-4.0896501541137695,1.9374340772628784
1769714355.3504562,2.811197280883789,-3.347909688949585,4.79673957824707,-4.047723770141602,2.105259895324707
1769714355.3705533,2.826709032058716,-3.3105640411376953,4.8508992195129395,-4.022960662841797,2.14589262008667
1769714355.3904684,2.8360748291015625,-3.288182497024536,4.8875298500061035,-4.004246234893799,2.172835350036621
1769714355.410368,2.8517823219299316,-3.250922918319702,4.89802885055542,-3.9154343605041504,2.1514415740966797
1769714355.4305282,2.8707921504974365,-3.2062828540802,4.953072547912598,-3.896648645401001,2.1937403678894043
1769714355.450498,2.893191337585449,-3.1543030738830566,5.059514999389648,-3.8414359092712402,2.2726876735687256
1769714355.4702723,2.9256019592285156,-3.080235242843628,5.1428632736206055,-3.8304543495178223,2.340742588043213
1769714355.4902704,2.9551846981048584,-3.0137672424316406,5.2218804359436035,-3.7194125652313232,2.373993158340454
1769714355.5104263,2.9851574897766113,-2.9474852085113525,5.296496391296387,-3.7097299098968506,2.433784008026123
1769714355.530338,3.0019772052764893,-2.910743236541748,5.350484371185303,-3.706080436706543,2.479525566101074
1769714355.5503502,3.0223190784454346,-2.8667304515838623,5.451108455657959,-3.57700252532959,2.530514717102051
1769714355.5704129,3.046269416809082,-2.815490245819092,5.500412940979004,-3.480696201324463,2.5426993370056152
1769714355.5904965,3.073928117752075,-2.7570738792419434,5.572110176086426,-3.4736340045928955,2.598917245864868
1769714355.6103654,3.105409622192383,-2.6915411949157715,5.5934672355651855,-3.3150932788848877,2.565004587173462
1769714355.6304026,3.137277603149414,-2.6262080669403076,5.560669898986816,-3.2089831829071045,2.4924802780151367
1769714355.650409,3.162330389022827,-2.575532913208008,5.619025707244873,-3.1933796405792236,2.5331966876983643
1769714355.6704946,3.1731388568878174,-2.5538527965545654,5.603044033050537,-3.0564239025115967,2.4813339710235596
1769714355.6904743,3.2058207988739014,-2.4889495372772217,5.672102451324463,-3.037672519683838,2.5265872478485107
1769714355.71063,3.2278225421905518,-2.445796012878418,5.701112270355225,-2.913008451461792,2.5170319080352783
1769714355.7304242,3.2648725509643555,-2.3740808963775635,5.775227069854736,-2.892023801803589,2.563229560852051
1769714355.7505593,3.279825210571289,-2.345468044281006,5.811578750610352,-2.8752214908599854,2.586583375930786
1769714355.7706048,3.294854164123535,-2.316897392272949,5.815450191497803,-2.7492458820343018,2.5574069023132324
1769714355.7908924,3.3365743160247803,-2.2385475635528564,5.796565532684326,-2.6387383937835693,2.4923298358917236
1769714355.8105738,3.3711354732513428,-2.174685001373291,5.867042541503906,-2.612441301345825,2.5340054035186768
1769714355.8305326,3.3905019760131836,-2.13930082321167,5.899021148681641,-2.481924057006836,2.5318095684051514
1769714355.8506253,3.4295895099639893,-2.0687384605407715,5.9685378074646,-2.451489210128784,2.567636251449585
1769714355.8705792,3.445356845855713,-2.04059100151062,5.9921555519104,-2.3291890621185303,2.563098192214966
1769714355.8905299,3.481110095977783,-1.9774223566055298,6.054443359375,-2.295562505722046,2.5929248332977295
1769714355.910672,3.5011379718780518,-1.9424270391464233,6.0880961418151855,-2.2649104595184326,2.606980562210083
1769714355.9305158,3.537485361099243,-1.879613995552063,6.15158748626709,-2.234781265258789,2.6381194591522217
1769714355.950416,3.56601881980896,-1.830919623374939,6.025175094604492,-2.062809705734253,2.4700653553009033
1769714355.970207,3.6113216876983643,-1.7546859979629517,6.101443290710449,-2.0220980644226074,2.504439115524292
1769714355.9903808,3.63210129737854,-1.7201508283615112,6.12966251373291,-1.913870930671692,2.5050628185272217
1769714356.0103393,3.6740119457244873,-1.6513010263442993,6.191032886505127,-1.870924711227417,2.5265843868255615
1769714356.0303655,3.6782286167144775,-1.6444323062896729,6.133002758026123,-1.7475281953811646,2.4569382667541504
1769714356.0509975,3.703627347946167,-1.6032823324203491,6.1591925621032715,-1.7001852989196777,2.4574763774871826
1769714356.0703645,3.7377536296844482,-1.548582911491394,6.220132350921631,-1.5947767496109009,2.4828085899353027
1769714356.090406,3.7678587436676025,-1.5008788108825684,6.25458288192749,-1.5457082986831665,2.487128496170044
1769714356.1103592,3.7765018939971924,-1.487276315689087,6.226547718048096,-1.4582939147949219,2.4502172470092773
1769714356.130329,3.8331360816955566,-1.3991565704345703,6.306691646575928,-1.4041625261306763,2.4735608100891113
1769714356.1504862,3.859539031982422,-1.3586604595184326,6.368966579437256,-1.302121639251709,2.5100646018981934
1769714356.170702,3.9083762168884277,-1.2847065925598145,6.426734924316406,-1.2472039461135864,2.5186378955841064
1769714356.1903076,3.9532573223114014,-1.2178027629852295,6.49153995513916,-1.1474909782409668,2.5392560958862305
1769714356.2103295,3.989492654800415,-1.1645058393478394,6.523501396179199,-1.0928847789764404,2.5350210666656494
1769714356.2305045,4.030607223510742,-1.1047886610031128,6.591595649719238,-0.9677572846412659,2.5646519660949707
1769714356.250441,4.048998832702637,-1.0783305168151855,6.588426113128662,-0.913536012172699,2.5447683334350586
1769714356.2704306,4.072091102600098,-1.0453295707702637,6.610553741455078,-0.7972829937934875,2.5505528450012207
1769714356.2906241,4.104610919952393,-0.9992631673812866,6.640045166015625,-0.7359349131584167,2.549072265625
1769714356.3104491,4.118615627288818,-0.9795687794685364,6.615212917327881,-0.6527042984962463,2.5179035663604736
1769714356.3308306,4.156160831451416,-0.927192747592926,6.655913829803467,-0.5543424487113953,2.5274057388305664
1769714356.3503728,4.198744297027588,-0.8685186505317688,6.700863838195801,-0.4894656836986542,2.5306689739227295
1769714356.3703442,4.222558498382568,-0.8360364437103271,6.710219860076904,-0.42740127444267273,2.5209999084472656
1769714356.3905168,4.265706539154053,-0.7777758240699768,6.701004505157471,-0.4253527820110321,2.4606661796569824
1769714356.4105368,4.299515724182129,-0.732647180557251,6.725381851196289,-0.3640141189098358,2.4537150859832764
1769714356.430581,4.338420867919922,-0.6812712550163269,6.781064510345459,-0.2699274718761444,2.477036952972412
1769714356.4504128,4.387450695037842,-0.6173526644706726,6.836032867431641,-0.17657813429832458,2.487938165664673
1769714356.470551,4.412130355834961,-0.585519552230835,6.842344760894775,-0.11531172692775726,2.475285053253174
1769714356.4909422,4.426990985870361,-0.5664603114128113,6.881643295288086,0.007879722863435745,2.520949125289917
1769714356.5104115,4.48181676864624,-0.4968377947807312,6.944815635681152,0.07726021111011505,2.529021739959717
1769714356.5310898,4.511943817138672,-0.4590359330177307,7.066468715667725,0.22660912573337555,2.64493989944458
1769714356.5508344,4.557427406311035,-0.4025649428367615,7.105925559997559,0.29595622420310974,2.642493963241577
1769714356.5709531,4.587944030761719,-0.36507290601730347,7.1599440574646,0.3776639699935913,2.677095890045166
1769714356.590489,4.634008884429932,-0.3090692162513733,7.20098352432251,0.44527390599250793,2.6755168437957764
1769714356.610426,4.6545939445495605,-0.2842693328857422,7.225744247436523,0.5444356203079224,2.7014007568359375
1769714356.630463,4.7011590003967285,-0.2286747246980667,7.275875568389893,0.6162832975387573,2.7098190784454346
1769714356.6503906,4.7219648361206055,-0.20405752956867218,7.272439002990723,0.6986978650093079,2.705528497695923
1769714356.6704586,4.7428388595581055,-0.1794968843460083,7.274353981018066,0.7632346153259277,2.7013535499572754
1769714356.6903317,4.7795305252075195,-0.13665233552455902,7.3049702644348145,0.8328129053115845,2.7051262855529785
1769714356.711141,4.8005900382995605,-0.11224807798862457,7.316681385040283,0.9287442564964294,2.7229361534118652
1769714356.7304435,4.83230447769165,-0.07574894279241562,6.9472503662109375,0.6746151447296143,2.244112730026245
1769714356.7504377,4.869495391845703,-0.03332997113466263,6.960203170776367,0.7354116439819336,2.227559804916382
1769714356.7704499,4.9122490882873535,0.014932324178516865,6.982594966888428,0.7975026369094849,2.2133116722106934
1769714356.7903514,4.955267429351807,0.06296234577894211,6.718262195587158,0.6063281893730164,1.8448294401168823
1769714356.810425,4.998549938201904,0.1107587143778801,6.728650093078613,0.6596013307571411,1.8150686025619507
1769714356.8309245,5.036637306213379,0.15238775312900543,6.625433921813965,0.6109639406204224,1.6536527872085571
1769714356.850522,5.1023945808410645,0.22333040833473206,6.603801727294922,0.6263459324836731,1.5545563697814941
1769714356.8704028,5.141022682189941,0.26446619629859924,6.607289791107178,0.6742250919342041,1.5224459171295166
1769714356.8905065,5.163184642791748,0.2878900468349457,6.561230659484863,0.7106304168701172,1.4605622291564941
1769714356.9104738,5.202123641967773,0.32873713970184326,6.537629127502441,0.7555785179138184,1.4020583629608154
1769714356.9306855,5.263710975646973,0.3925515413284302,6.566558837890625,0.8117457628250122,1.3686254024505615
1769714356.9502776,5.291865348815918,0.4214061498641968,6.527231216430664,0.8267802000045776,1.3001757860183716
1769714356.970282,5.331447601318359,0.46164214611053467,6.549522876739502,0.920063853263855,1.3014826774597168
1769714356.9904025,5.382624626159668,0.5130975842475891,6.559462547302246,0.9721328020095825,1.2631945610046387
1769714357.0103726,5.399754524230957,0.5301799178123474,6.552867889404297,1.0490591526031494,1.2644788026809692
1769714357.030423,5.445606708526611,0.5755621194839478,6.553960800170898,1.0994230508804321,1.2259199619293213
1769714357.050481,5.497488975524902,0.6263188123703003,6.630931377410889,1.1854627132415771,1.2638566493988037
1769714357.070503,5.555504322052002,0.6823422312736511,6.654363632202148,1.2424813508987427,1.2333886623382568
1769714357.0904896,5.590498924255371,0.7157666683197021,6.637862682342529,1.2876851558685303,1.1933404207229614
1769714357.1105618,5.619766712188721,0.7435111999511719,6.699341773986816,1.4045660495758057,1.265889286994934
1769714357.1305125,5.672688961029053,0.7931998372077942,6.751430511474609,1.5256046056747437,1.3038787841796875
1769714357.1506267,5.714064121246338,0.8316219449043274,6.749817848205566,1.5779622793197632,1.2766399383544922
1769714357.1703353,5.773491859436035,0.8861674070358276,6.854178428649902,1.7063542604446411,1.3566831350326538
1769714357.190222,5.821304798126221,0.9295112490653992,6.8559417724609375,1.7599056959152222,1.3266606330871582
1769714357.2103968,5.881406307220459,0.98332279920578,6.9366044998168945,1.8861212730407715,1.388700008392334
1769714357.2306263,5.917645454406738,1.0154122114181519,6.929596900939941,1.9379749298095703,1.3693675994873047
1769714357.250426,5.95401668548584,1.04735267162323,6.970760345458984,2.0246591567993164,1.410282015800476
1769714357.2703876,5.984427452087402,1.0738555192947388,6.956961631774902,2.0728375911712646,1.394197940826416
1769714357.29071,6.045522212982178,1.1265480518341064,7.071917533874512,2.138169288635254,1.4411332607269287
1769714357.310529,6.070062160491943,1.147507667541504,7.043447494506836,2.175759792327881,1.415903091430664
1769714357.3305688,6.125487327575684,1.1944199800491333,7.106832504272461,2.2829887866973877,1.4656124114990234
1769714357.3503885,6.150214672088623,1.2151598930358887,7.089863300323486,2.325493335723877,1.454572319984436
1769714357.370684,6.237208366394043,1.287212610244751,7.2286529541015625,2.397219181060791,1.4883133172988892
1769714357.390469,6.2434492111206055,1.2923270463943481,7.186605453491211,2.4230241775512695,1.4724197387695312
1769714357.410613,6.312326908111572,1.3483028411865234,7.2684431076049805,2.500229597091675,1.4970282316207886
1769714357.4305527,6.324895858764648,1.358424186706543,7.238039016723633,2.529301643371582,1.4848518371582031
1769714357.4503393,6.406932830810547,1.423789143562317,7.290867805480957,2.612225294113159,1.48112154006958
1769714357.4704514,6.432292938232422,1.4437531232833862,7.2787861824035645,2.6492035388946533,1.4729770421981812
1769714357.4904041,6.489554405212402,1.4884155988693237,7.325794696807861,2.714101791381836,1.4837806224822998
1769714357.510379,6.5278825759887695,1.5179924964904785,7.329789161682129,2.7774932384490967,1.4931164979934692
1769714357.5304248,6.617789268493652,1.5863850116729736,7.429584503173828,2.8743736743927,1.5224738121032715
1769714357.5504022,6.63714075088501,1.6009269952774048,7.409228324890137,2.9053189754486084,1.515769600868225
1769714357.5704706,6.650058746337891,1.610599398612976,7.356081485748291,2.9444262981414795,1.5091595649719238
1769714357.590774,6.688891887664795,1.6395089626312256,7.3636674880981445,2.990556001663208,1.5101821422576904
1769714357.6104155,6.753880023956299,1.687332034111023,7.400442123413086,3.015105724334717,1.4768295288085938
1769714357.6304467,6.760396957397461,1.692089557647705,7.359855651855469,3.0327155590057373,1.4685466289520264
1769714357.6503844,6.838855266571045,1.748826265335083,7.435865879058838,3.0551698207855225,1.4362989664077759
1769714357.6703084,6.845414638519287,1.7535247802734375,7.397244930267334,3.068999767303467,1.4265310764312744
1769714357.690573,6.904594898223877,1.7956064939498901,7.453176021575928,3.1133055686950684,1.4273303747177124
1769714357.7107086,6.930981159210205,1.8141905069351196,7.445494651794434,3.140606641769409,1.4227100610733032
1769714357.730923,6.990537166595459,1.8557363748550415,7.43487024307251,3.163522481918335,1.3812083005905151
1769714357.7504327,7.037035942077637,1.8877923488616943,7.45573091506958,3.2058169841766357,1.3829296827316284
1769714357.7703612,7.130494594573975,1.9512251615524292,7.546823501586914,3.294344902038574,1.4061651229858398
1769714357.790626,7.13719367980957,1.9557212591171265,7.509331703186035,3.300959825515747,1.3957626819610596
1769714357.811056,7.211086273193359,2.004870891571045,7.554908275604248,3.353834390640259,1.3920905590057373
1769714357.830524,7.238048076629639,2.0226035118103027,7.547763347625732,3.3764545917510986,1.388825535774231
1769714357.8506205,7.305663585662842,2.066605806350708,7.57720422744751,3.4004082679748535,1.3611624240875244
1769714357.870692,7.312441349029541,2.0709800720214844,7.549612045288086,3.4084839820861816,1.3583691120147705
1769714357.8906348,7.387196063995361,2.118786334991455,7.607656478881836,3.4717226028442383,1.37078058719635
1769714357.9104328,7.4076457023620605,2.1317248344421387,7.558394432067871,3.4967148303985596,1.3732889890670776
1769714357.9304605,7.496564865112305,2.187298059463501,7.620966911315918,3.564845561981201,1.3831533193588257
1769714357.9506996,7.544647216796875,2.216888666152954,7.639139175415039,3.603177785873413,1.3895057439804077
1769714357.970684,7.613579750061035,2.2587544918060303,7.669357776641846,3.653589963912964,1.395950436592102
1769714357.9902492,7.655075550079346,2.2836434841156006,7.6275787353515625,3.666356325149536,1.382986068725586
1769714358.010577,7.7105607986450195,2.316559314727783,7.652997016906738,3.70954966545105,1.394179344177246
1769714358.0303333,7.7801690101623535,2.357269048690796,7.65592098236084,3.7453107833862305,1.3935915231704712
1769714358.050608,7.83605432510376,2.3894877433776855,7.679283618927002,3.7877721786499023,1.4070453643798828
1769714358.0708265,7.864062786102295,2.40548038482666,7.659630298614502,3.8083271980285645,1.4176641702651978
1769714358.0904665,7.899134635925293,2.425361394882202,7.647789001464844,3.8229541778564453,1.4200140237808228
1769714358.1103904,7.9483489990234375,2.4529900550842285,7.663741588592529,3.8794057369232178,1.4545317888259888
1769714358.1304057,7.997694492340088,2.4803786277770996,7.677969932556152,3.915851593017578,1.4706482887268066
1769714358.150333,8.054248809814453,2.511385679244995,7.67057991027832,3.837738275527954,1.3807293176651
1769714358.1704335,8.103873252868652,2.5382583141326904,7.685060024261475,3.8679559230804443,1.3940948247909546
1769714358.190401,8.167862892150879,2.572453260421753,7.718278408050537,3.8989737033843994,1.4006364345550537
1769714358.2104273,8.232061386108398,2.6062471866607666,7.750994682312012,3.942607879638672,1.4203118085861206
1769714358.230548,8.282136917114258,2.6322524547576904,7.7296223640441895,3.924389600753784,1.4053081274032593
1769714358.2504673,8.325157165527344,2.6543478965759277,7.734975337982178,3.9434120655059814,1.4177451133728027
1769714358.2704005,8.397058486938477,2.6907734870910645,7.775306701660156,3.9930453300476074,1.443082571029663
1769714358.2908852,8.461980819702148,2.7231273651123047,7.780932426452637,3.9976913928985596,1.445109248161316
1769714358.3105175,8.519856452941895,2.751544237136841,7.735442638397217,3.9033219814300537,1.3935197591781616
1769714358.33031,8.56336498260498,2.7726449966430664,7.739474296569824,3.9147276878356934,1.4082430601119995
1769714358.3505375,8.592418670654297,2.786611318588257,7.749813079833984,3.925903081893921,1.417028784751892
1769714358.3703933,8.628789901733398,2.803955078125,7.7507100105285645,3.9431159496307373,1.4383015632629395
1769714358.3904672,8.679808616638184,2.828023672103882,7.764514923095703,3.9629006385803223,1.4579808712005615
1769714358.410534,8.75289249420166,2.86197566986084,7.803321838378906,4.006474494934082,1.4871320724487305
1769714358.4310818,8.796853065490723,2.8821024894714355,7.791703224182129,3.966252565383911,1.4784140586853027
1769714358.4503732,8.88502311706543,2.9218051433563232,7.842321872711182,4.021217346191406,1.515234112739563
1769714358.4705336,8.936606407165527,2.944624662399292,7.856743335723877,4.037266254425049,1.5362192392349243
1769714358.4903414,9.01048469543457,2.976788282394409,7.861617088317871,3.990933895111084,1.5324453115463257
1769714358.510677,9.05491828918457,2.9958395957946777,7.86748743057251,3.994429111480713,1.5515064001083374
1769714358.5307152,9.114283561706543,3.0209529399871826,7.925678253173828,4.0199713706970215,1.552681803703308
1769714358.5504034,9.173787117004395,3.045736074447632,7.942284107208252,4.031735897064209,1.577591061592102
1769714358.570324,9.21850299835205,3.064105987548828,7.963893413543701,4.002748012542725,1.5668741464614868
1769714358.590601,9.248355865478516,3.076249122619629,7.965071678161621,3.9937312602996826,1.577527642250061
1769714358.6103842,9.293198585510254,3.0943081378936768,7.957286834716797,3.9774489402770996,1.6014360189437866
1769714358.6303632,9.360600471496582,3.1210460662841797,7.99006986618042,4.002713203430176,1.629629373550415
1769714358.6502798,9.413139343261719,3.1415507793426514,8.008061408996582,4.010397911071777,1.652010202407837
1769714358.6703713,9.473302841186523,3.1646716594696045,8.027545928955078,3.9788436889648438,1.6592435836791992
1769714358.690464,9.533594131469727,3.187458038330078,8.205963134765625,3.9027764797210693,1.5080732107162476
1769714358.7105622,9.594010353088379,3.209909439086914,8.28608512878418,3.7929935455322266,1.4320108890533447
1769714358.7304375,9.64697551727295,3.229279041290283,8.314003944396973,3.7830896377563477,1.4434400796890259
1769714358.7505045,9.7152099609375,3.2538042068481445,8.361748695373535,3.6422271728515625,1.408094882965088
1769714358.7703314,9.75318431854248,3.267245054244995,8.37523078918457,3.604792594909668,1.4186947345733643
1769714358.7906296,9.806425094604492,3.2858405113220215,8.411391258239746,3.5879101753234863,1.4273637533187866
1769714358.8103883,9.875009536743164,3.309368848800659,8.455022811889648,3.5854053497314453,1.4465680122375488
1769714358.8306284,9.905538558959961,3.319688320159912,8.49079418182373,3.5807321071624756,1.4386259317398071
1769714358.8504422,9.95903205871582,3.337543487548828,8.52131175994873,3.5594587326049805,1.4547464847564697
1769714358.8704877,10.035600662231445,3.3625996112823486,8.57326602935791,3.5643060207366943,1.4761805534362793
1769714358.8904307,10.089302062988281,3.3798224925994873,8.601117134094238,3.618311882019043,1.5071730613708496
1769714358.9103014,10.143085479736328,3.396784543991089,8.660517692565918,3.6499900817871094,1.5040342807769775
1769714358.9303536,10.196950912475586,3.4134860038757324,8.692855834960938,3.6314544677734375,1.5198066234588623
1769714358.9504187,10.274041175842285,3.436891794204712,8.774476051330566,3.7227790355682373,1.5265737771987915
1769714358.9708798,10.351292610168457,3.459763526916504,8.827962875366211,3.7338287830352783,1.5477879047393799
1769714358.990349,10.420953750610352,3.4798903465270996,8.909762382507324,3.822763442993164,1.5496002435684204
1769714359.010384,10.506264686584473,3.503899335861206,8.971061706542969,3.848594903945923,1.5734237432479858
1769714359.030293,10.5451021194458,3.5145976543426514,8.99288272857666,3.8178272247314453,1.5815600156784058
1769714359.0503206,10.583976745605469,3.5251615047454834,9.030498504638672,3.918398141860962,1.602475881576538
1769714359.0703647,10.630674362182617,3.5376598834991455,9.062847137451172,3.9101932048797607,1.611478567123413
1769714359.0904267,10.669629096984863,3.547927141189575,9.084932327270508,3.885956048965454,1.6203477382659912
1769714359.1104481,10.700818061828613,3.5560436248779297,9.061859130859375,3.8693459033966064,1.6686357259750366
1769714359.1303642,10.74764347076416,3.568056344985962,9.082175254821777,3.854281187057495,1.6898844242095947
1769714359.1505044,10.763263702392578,3.572017192840576,9.083806991577148,3.8016815185546875,1.6950873136520386
1769714359.170375,10.802336692810059,3.581824779510498,9.081427574157715,3.8143086433410645,1.736541986465454
1769714359.190336,10.857096672058105,3.595327854156494,9.113749504089355,3.811537742614746,1.7567025423049927
1769714359.210505,10.951120376586914,3.6178572177886963,9.213068962097168,3.9467453956604004,1.7688958644866943
1769714359.230398,11.006053924560547,3.6306378841400146,9.246244430541992,3.949241876602173,1.7884180545806885
1769714359.2505577,11.084637641906738,3.648433208465576,9.320195198059082,4.046076774597168,1.8086947202682495
1769714359.2703168,11.147591590881348,3.6622769832611084,9.359737396240234,4.061381816864014,1.8318592309951782
1769714359.2903278,11.226391792297363,3.6790897846221924,9.44119644165039,4.137548446655273,1.843124270439148
1769714359.3103275,11.273727416992188,3.688915252685547,9.469683647155762,4.135798931121826,1.8585692644119263
1769714359.330406,11.32900333404541,3.7001290321350098,9.50390911102295,4.143730640411377,1.878231167793274
1769714359.3504462,11.400152206420898,3.7141518592834473,9.624753952026367,4.2811665534973145,1.8637446165084839
1769714359.3702714,11.447632789611816,3.7232534885406494,9.705723762512207,4.305278778076172,1.8365728855133057
1769714359.390386,11.487228393554688,3.730687141418457,9.732049942016602,4.300691604614258,1.8454153537750244
1769714359.4103422,11.534777641296387,3.7394261360168457,9.764350891113281,4.305632591247559,1.8587630987167358
1769714359.4303842,11.59823226928711,3.750770092010498,9.804916381835938,4.380781173706055,1.9007620811462402
1769714359.4507763,11.669692993164062,3.763110399246216,9.847050666809082,4.388545989990234,1.9269651174545288
1769714359.47044,11.74918270111084,3.7762980461120605,9.901107788085938,4.434527397155762,1.961796760559082
1769714359.4904408,11.804878234863281,3.785200834274292,9.936909675598145,4.411351203918457,1.9701193571090698
1769714359.5105467,11.88451862335205,3.7974491119384766,10.057061195373535,4.451615333557129,1.941013216972351
1769714359.5304039,11.932342529296875,3.804532527923584,10.09356689453125,4.456508636474609,1.950940489768982
1769714359.550335,11.996152877807617,3.8136672973632812,10.181658744812012,4.461178302764893,1.92656672000885
1769714359.5705874,12.067999839782715,3.823519468307495,10.236457824707031,4.491127014160156,1.9494212865829468
1769714359.5903432,12.13990592956543,3.8329226970672607,10.334982872009277,4.474854946136475,1.9156785011291504
1769714359.6103477,12.179879188537598,3.837952136993408,10.37214469909668,4.4651970863342285,1.91346275806427
1769714359.6303785,12.227869033813477,3.843804359436035,10.461832046508789,4.432617664337158,1.8616093397140503
1769714359.6506174,12.28388786315918,3.85037899017334,10.512137413024902,4.437679767608643,1.8665534257888794
1769714359.6704648,12.323921203613281,3.8549084663391113,10.552976608276367,4.413860321044922,1.8570594787597656
1769714359.6903858,12.371980667114258,3.8601605892181396,10.599045753479004,4.409910678863525,1.8562123775482178
1769714359.7105286,12.396018981933594,3.8627119064331055,10.630542755126953,4.378420829772949,1.8392560482025146
1769714359.7307498,12.4601469039917,3.8692729473114014,10.650472640991211,4.381706237792969,1.8808269500732422
1769714359.750656,12.556406021118164,3.8784499168395996,10.756175994873047,4.418149471282959,1.8793894052505493
1769714359.7707224,12.620620727539062,3.884122848510742,10.807940483093262,4.42021369934082,1.8902922868728638
1769714359.7903175,12.700933456420898,3.8907132148742676,10.873861312866211,4.448728084564209,1.910385251045227
1769714359.8104715,12.757179260253906,3.89499568939209,11.022504806518555,4.4809465408325195,1.8309643268585205
1769714359.83037,12.821484565734863,3.899557590484619,11.151915550231934,4.467462062835693,1.7635128498077393
1769714359.8504112,12.89385986328125,3.9042675495147705,11.220966339111328,4.484097003936768,1.7705289125442505
1769714359.8703668,12.982356071472168,3.909414052963257,11.365488052368164,4.484609603881836,1.7161327600479126
1769714359.8906157,13.014545440673828,3.911118507385254,11.415801048278809,4.454666614532471,1.6886171102523804
1769714359.9105027,13.06283950805664,3.913508653640747,11.576977729797363,4.44606876373291,1.5784186124801636
1769714359.9302652,13.119194984436035,3.9160444736480713,11.668804168701172,4.429963111877441,1.5387483835220337
1769714359.950495,13.159456253051758,3.917689085006714,11.729235649108887,4.405237197875977,1.5110372304916382
1769714359.970355,13.199723243713379,3.9191949367523193,11.82227897644043,4.367675304412842,1.4486159086227417
1769714359.990695,13.256105422973633,3.921069622039795,11.89795970916748,4.364084243774414,1.4285740852355957
1769714360.0105548,13.272216796875,3.921555280685425,11.943042755126953,4.306112289428711,1.3836866617202759
1769714360.0303848,13.39306926727295,3.9244892597198486,12.096635818481445,4.412023067474365,1.3850728273391724
1769714360.0503757,13.425301551818848,3.925060749053955,12.218250274658203,4.352555274963379,1.2805169820785522
1769714360.0703554,13.513947486877441,3.926173686981201,12.310797691345215,4.3701653480529785,1.282457709312439
1769714360.0906873,13.530065536499023,3.9263038635253906,12.321292877197266,4.306214332580566,1.2670692205429077
1769714360.1103392,13.634839057922363,3.9266083240509033,12.420141220092773,4.336110591888428,1.281866431236267
1769714360.130388,13.691255569458008,3.9263837337493896,12.5198392868042,4.322166442871094,1.2364705801010132
1769714360.1504695,13.771848678588867,3.925590991973877,12.607986450195312,4.327263355255127,1.2312253713607788
1769714360.1703045,13.836318969726562,3.9245572090148926,12.687414169311523,4.317513942718506,1.2142473459243774
1769714360.1904473,13.892725944519043,3.923361301422119,12.758941650390625,4.31424617767334,1.1992738246917725
1769714360.2103646,13.933012962341309,3.9223408699035645,12.855236053466797,4.253246784210205,1.12743079662323
1769714360.2305758,13.965239524841309,3.921424388885498,12.919677734375,4.213236331939697,1.0855201482772827
1769714360.2503774,14.013575553894043,3.9198837280273438,13.079841613769531,4.232965469360352,0.9848245978355408
1769714360.2704644,14.061904907226562,3.9181432723999023,13.155549049377441,4.208742618560791,0.9518032670021057
1769714360.2903483,14.118280410766602,3.915860652923584,13.238323211669922,4.213751316070557,0.9290125966072083
1769714360.3103735,14.198797225952148,3.9121289253234863,13.330471992492676,4.215498924255371,0.9197946786880493
1769714360.330374,14.263191223144531,3.9087445735931396,13.39472484588623,4.211249351501465,0.919642984867096
1769714360.3504176,14.351702690124512,3.903512716293335,13.49039363861084,4.218161582946777,0.9169825315475464
1769714360.3702664,14.432132720947266,3.8981754779815674,13.589887619018555,4.201388359069824,0.8951614499092102
1769714360.3905802,14.504487037658691,3.89289927482605,13.787501335144043,4.200638771057129,0.7802383303642273
1769714360.4104826,14.544670104980469,3.8897745609283447,13.86251163482666,4.168664455413818,0.7369664311408997
1769714360.430828,14.608941078186035,3.8844878673553467,14.08226490020752,4.1333441734313965,0.5825092196464539
1769714360.450437,14.625003814697266,3.883111000061035,14.148194313049316,4.08228063583374,0.5167356133460999
1769714360.4702783,14.64909553527832,3.8810040950775146,14.235759735107422,4.068683624267578,0.4539487957954407
1769714360.490274,14.721343040466309,3.8743858337402344,14.332749366760254,4.056936740875244,0.4293365478515625
1769714360.5104275,14.785528182983398,3.8681278228759766,14.488710403442383,4.087462902069092,0.36906442046165466
1769714360.5305448,14.849679946899414,3.8615167140960693,14.584118843078613,4.072947978973389,0.33944880962371826
1769714360.550491,14.91379451751709,3.85455322265625,14.678523063659668,4.058857440948486,0.31159695982933044
1769714360.5703766,14.95384693145752,3.850022077560425,14.553248405456543,4.058395862579346,0.4515515863895416
1769714360.5904212,15.025901794433594,3.841519355773926,14.824108123779297,3.9007208347320557,0.21029821038246155
1769714360.6106703,15.073908805847168,3.8356034755706787,14.908482551574707,3.863572835922241,0.16777406632900238
1769714360.630411,15.145874977111816,3.8263585567474365,15.004469871520996,3.8422932624816895,0.1422993242740631
1769714360.6503456,15.177841186523438,3.8221068382263184,15.16963005065918,3.7281816005706787,0.09428349137306213
1769714360.670332,15.249723434448242,3.8122196197509766,15.268354415893555,3.6986470222473145,0.11509081721305847
1769714360.6906147,15.29761028289795,3.8053812980651855,15.463123321533203,3.7057554721832275,0.19318325817584991
1769714360.7110977,15.369388580322266,3.7947540283203125,15.58210563659668,3.660292387008667,0.2516510486602783
1769714360.7307007,15.417204856872559,3.7874226570129395,15.674921989440918,3.622602939605713,0.30591458082199097
1769714360.750385,15.496829986572266,3.774765968322754,15.776646614074707,3.5934200286865234,0.33344146609306335
1769714360.7704587,15.560468673706055,3.764247179031372,16.022951126098633,3.6283295154571533,0.4820416271686554
1769714360.790677,15.639934539794922,3.7506072521209717,16.136165618896484,3.608132839202881,0.5162792205810547
1769714360.810355,15.719306945800781,3.736421823501587,16.329742431640625,3.6998519897460938,0.6115301251411438
1769714360.830356,15.806504249572754,3.720188856124878,16.182899475097656,3.7312874794006348,0.37655922770500183
1769714360.8504066,15.85401439666748,3.71105694770813,16.26882553100586,3.7024588584899902,0.41490089893341064
1769714360.8704212,15.893577575683594,3.7032978534698486,16.349870681762695,3.668517827987671,0.45761629939079285
1769714360.890768,15.933115005493164,3.6954026222229004,16.058074951171875,3.7611494064331055,0.141200453042984
1769714360.9104142,15.972624778747559,3.6873719692230225,15.994108200073242,3.8153586387634277,0.12977710366249084
1769714360.93042,15.996317863464355,3.682488441467285,16.045032501220703,3.784078359603882,0.11266612261533737
1769714360.9504168,16.035783767700195,3.674240827560425,16.106563568115234,3.7616095542907715,0.11244122684001923
1769714360.970389,16.083106994628906,3.6641650199890137,16.065515518188477,3.8999035358428955,0.23639395833015442
1769714360.9904346,16.12251091003418,3.6556193828582764,16.13009262084961,3.9248859882354736,0.2693730890750885
1769714361.010488,16.169755935668945,3.645186424255371,16.19109535217285,3.9195358753204346,0.2751780152320862
1769714361.0304434,16.232683181762695,3.6309733390808105,16.194652557373047,3.974869966506958,0.34599295258522034
1769714361.050581,16.2955322265625,3.616415023803711,16.2692928314209,3.986185073852539,0.3706999719142914
1769714361.0703962,16.36614227294922,3.5996248722076416,16.362136840820312,3.9374098777770996,0.3378087282180786
1769714361.0903406,16.420988082885742,3.5862650871276855,16.425626754760742,3.937897205352783,0.35166266560554504
1769714361.110383,16.460124969482422,3.576561450958252,16.606956481933594,3.910581350326538,0.3648677468299866
1769714361.1304138,16.514860153198242,3.562751054763794,16.675161361694336,3.9099252223968506,0.3823957145214081
1769714361.150466,16.600736618041992,3.5405192375183105,16.97100067138672,3.9103267192840576,0.5233088135719299
1769714361.1705065,16.64750862121582,3.528120279312134,17.0390567779541,3.904245615005493,0.5429373979568481
1769714361.1908333,16.69422721862793,3.515529155731201,16.997896194458008,3.9333746433258057,0.5165358781814575
1769714361.2104526,16.7719783782959,3.494117498397827,17.080036163330078,3.943474531173706,0.5448135733604431
1769714361.2305095,16.818557739257812,3.4810149669647217,16.829538345336914,3.9627177715301514,0.4818277955055237
1769714361.2505357,16.903812408447266,3.4564974308013916,16.91477394104004,3.983617067337036,0.5272335410118103
1769714361.2708519,16.981155395507812,3.433651924133301,16.84726333618164,3.9608936309814453,0.5439765453338623
1769714361.2906854,17.04291534423828,3.414994478225708,16.85283088684082,3.9413740634918213,0.5596494674682617
1769714361.3104825,17.089168548583984,3.4007797241210938,16.8936824798584,3.9405109882354736,0.5740422010421753
1769714361.3302817,17.13536262512207,3.3863749504089355,16.934242248535156,3.9396159648895264,0.5886638760566711
1769714361.350298,17.196863174438477,3.3668739795684814,17.06747055053711,3.9222445487976074,0.570244550704956
1769714361.370329,17.25058937072754,3.349534273147583,17.370290756225586,3.8253285884857178,0.4906207025051117
1769714361.390332,17.311885833740234,3.3294026851654053,17.436864852905273,3.823258399963379,0.5094242095947266
1769714361.410464,17.373071670532227,3.3089358806610107,17.664846420288086,3.7522685527801514,0.5307318568229675
1769714361.4303772,17.4417724609375,3.285510540008545,17.74514389038086,3.7474308013916016,0.5526342391967773
1769714361.450391,17.51793670654297,3.2589869499206543,17.714157104492188,3.7215898036956787,0.5024978518486023
1769714361.470644,17.571142196655273,3.240110397338867,17.77236557006836,3.7073607444763184,0.5087370276451111
1769714361.4905598,17.646991729736328,3.212702751159668,17.855854034423828,3.704200267791748,0.5340343713760376
1769714361.5107687,17.707536697387695,3.190403938293457,18.034975051879883,3.5521726608276367,0.4879463016986847
1769714361.5304909,17.745315551757812,3.1762993335723877,18.174484252929688,3.454798936843872,0.5116117596626282
1769714361.5505066,17.790586471557617,3.15920352935791,18.227495193481445,3.4191372394561768,0.5083844065666199
1769714361.5707314,17.828258514404297,3.144815444946289,18.187047958374023,3.4064879417419434,0.444075345993042
1769714361.5903482,17.880916595458984,3.1244561672210693,18.236175537109375,3.3722050189971924,0.43311432003974915
1769714361.6103444,17.91847038269043,3.10975980758667,18.266849517822266,3.350609064102173,0.42352864146232605
1769714361.6303997,17.95597267150879,3.094935417175293,18.305397033691406,3.311404228210449,0.4110434353351593
1769714361.6503553,18.008390426635742,3.0739662647247314,18.451875686645508,3.2842421531677246,0.49081018567085266
1769714361.6704862,18.075637817382812,3.046638250350952,18.53034019470215,3.259025812149048,0.5018591284751892
1769714361.6905751,18.112924575805664,3.031277656555176,18.584463119506836,3.2168116569519043,0.5067253708839417
1769714361.7103431,18.209625244140625,2.9907453060150146,18.702285766601562,3.204545736312866,0.537052571773529
1769714361.7311518,18.231887817382812,2.9812700748443604,18.731279373168945,3.1581201553344727,0.5297803282737732
1769714361.7503865,18.328140258789062,2.9396841526031494,18.918413162231445,3.169497489929199,0.6334333419799805
1769714361.770468,18.40929412841797,2.9038302898406982,19.019981384277344,3.1495654582977295,0.6582745313644409
1769714361.7903507,18.47549057006836,2.8740427494049072,19.17989158630371,3.105656862258911,0.7415032982826233
1769714361.8107026,18.519519805908203,2.8539586067199707,19.2832088470459,3.0128555297851562,0.7800447940826416
1769714361.8303869,18.563467025756836,2.8336944580078125,19.33629608154297,2.9715499877929688,0.7850291132926941
1769714361.850382,18.600025177001953,2.8166704177856445,19.446683883666992,2.8907175064086914,0.8498898148536682
1769714361.8704383,18.636526107788086,2.7995216846466064,19.490903854370117,2.8421905040740967,0.8554419279098511
1769714361.8904207,18.68025016784668,2.7787787914276123,19.545124053955078,2.796062469482422,0.8650466203689575
1769714361.910511,18.71662139892578,2.7613565921783447,19.535564422607422,2.831805467605591,0.8219680190086365
1769714361.9303267,18.752933502197266,2.7438104152679443,19.57578468322754,2.776869773864746,0.8235164880752563
1769714361.9504836,18.825376510620117,2.7083466053009033,19.66987419128418,2.7465834617614746,0.8453623056411743
1769714361.9705713,18.83983612060547,2.7011947631835938,19.688541412353516,2.694275379180908,0.848734438419342
1769714361.9903526,18.926387786865234,2.6578686237335205,19.796022415161133,2.703723907470703,0.8708431124687195
1769714362.0107718,18.947969436645508,2.6469266414642334,19.8137264251709,2.6534011363983154,0.8657804131507874
1769714362.0305107,19.005413055419922,2.6175320148468018,19.970373153686523,2.6203370094299316,0.9649640321731567
1769714362.0504904,19.048389434814453,2.595280408859253,20.035022735595703,2.582474946975708,0.9867171049118042
1769714362.070716,19.105548858642578,2.565338134765625,20.008668899536133,2.6103134155273438,0.9042380452156067
1769714362.0908484,19.148311614990234,2.5426769256591797,20.046968460083008,2.5694286823272705,0.8990553021430969
1769714362.110738,19.190980911254883,2.519840717315674,20.095985412597656,2.532015085220337,0.9050857424736023
1769714362.1303163,19.233556747436523,2.4968299865722656,20.208526611328125,2.43870210647583,0.9766995906829834
1769714362.1506433,19.31136703491211,2.4541916847229004,20.314237594604492,2.40889573097229,1.0038920640945435
1769714362.170375,19.353673934936523,2.4306886196136475,20.318134307861328,2.342766523361206,0.9684591293334961
1769714362.1903174,19.42397117614746,2.391132354736328,20.410799026489258,2.3081538677215576,0.9903106093406677
1769714362.2103508,19.44500732421875,2.3791720867156982,20.339963912963867,2.313077688217163,0.8973944187164307
1769714362.2303903,19.528905868530273,2.3309004306793213,20.452495574951172,2.2851083278656006,0.9247246980667114
1769714362.2503798,19.563745498657227,2.310584783554077,20.46999168395996,2.2465338706970215,0.9085069298744202
1769714362.2704065,19.63321876525879,2.269597053527832,20.546937942504883,2.2106449604034424,0.9156190752983093
1769714362.2904074,19.674768447875977,2.244776964187622,20.654924392700195,2.1049580574035645,0.9900787472724915
1769714362.3103719,19.75067710876465,2.1988325119018555,20.756059646606445,2.069133758544922,1.0137138366699219
1769714362.3303647,19.812524795532227,2.160818099975586,20.846923828125,1.9841712713241577,1.0493731498718262
1769714362.3507135,19.83993911743164,2.143800973892212,20.8662052154541,1.9293688535690308,1.048429250717163
1769714362.3708613,19.8741397857666,2.122424364089966,20.823230743408203,1.9122627973556519,0.9720814228057861
1769714362.3913078,19.908267974853516,2.100931167602539,20.85061264038086,1.859670639038086,0.9727380275726318
1769714362.4107964,19.969512939453125,2.0619516372680664,20.943403244018555,1.810378074645996,1.005858063697815
1769714362.4303856,20.010210037231445,2.035757303237915,20.983243942260742,1.7608115673065186,1.0111324787139893
1769714362.450583,20.037281036376953,2.018202304840088,21.06614112854004,1.7151886224746704,1.0725529193878174
1769714362.4703712,20.104747772216797,1.9739923477172852,21.154720306396484,1.6725773811340332,1.092380166053772
1769714362.4904437,20.131649017333984,1.9561799764633179,21.17284393310547,1.6186084747314453,1.0945497751235962
1769714362.5109866,20.20537757873535,1.9068186283111572,21.27851104736328,1.6007637977600098,1.1159244775772095
1769714362.5305037,20.24543571472168,1.8796617984771729,21.271644592285156,1.5655773878097534,1.0731981992721558
1769714362.5504966,20.29867172241211,1.8431984186172485,21.334514617919922,1.5196529626846313,1.0851964950561523
1769714362.5705404,20.36493682861328,1.79721200466156,21.34343719482422,1.5283238887786865,1.0147733688354492
1769714362.5907483,20.417720794677734,1.7600983381271362,21.403024673461914,1.4840606451034546,1.0232406854629517
1769714362.610462,20.470300674438477,1.722697377204895,21.368358612060547,1.4701058864593506,0.9329047799110413
1769714362.630416,20.529207229614258,1.6802793741226196,21.435773849487305,1.4272047281265259,0.9412274956703186
1769714362.6502693,20.581348419189453,1.6422715187072754,21.412561416625977,1.3934224843978882,0.8676641583442688
1769714362.6704075,20.607341766357422,1.6231610774993896,21.417558670043945,1.3436384201049805,0.8570802211761475
1769714362.6904304,20.652700424194336,1.5895475149154663,21.456266403198242,1.2911770343780518,0.8571710586547852
1769714362.7104614,20.69145393371582,1.5605636835098267,21.483932495117188,1.242801308631897,0.8538126349449158
1769714362.7304592,20.730085372924805,1.5314215421676636,21.475238800048828,1.2517876625061035,0.7958952188491821
1769714362.7510285,20.762187957763672,1.5070158243179321,21.489084243774414,1.2036832571029663,0.7876476645469666
1769714362.7704012,20.832515716552734,1.4529385566711426,21.559104919433594,1.2082486152648926,0.7666832208633423
1769714362.7903037,20.883407592773438,1.4132788181304932,21.608644485473633,1.166193962097168,0.7661727070808411
1769714362.8103812,20.959335327148438,1.3532695770263672,21.73930549621582,1.1012934446334839,0.8196626305580139
1769714362.8307989,20.984533309936523,1.3331284523010254,21.738689422607422,1.0190216302871704,0.816954493522644
1769714362.8503823,21.053544998168945,1.2773865461349487,21.8233585357666,0.9751436114311218,0.8270210027694702
1769714362.8705196,21.072294235229492,1.2620943784713745,21.81391143798828,0.9259354472160339,0.81424880027771
1769714362.8904967,21.12834930419922,1.2159878015518188,21.872112274169922,0.8446712493896484,0.8313000202178955
1769714362.9103184,21.184118270874023,1.1695374250411987,21.98084831237793,0.705374538898468,0.9220765829086304
1769714362.930496,21.233449935913086,1.1279610395431519,22.028636932373047,0.6507920622825623,0.9273682832717896
1769714362.9503257,21.288673400878906,1.0808659791946411,22.121204376220703,0.5432113409042358,0.9910492897033691
1769714362.970671,21.33751678466797,1.0387190580368042,22.168428421020508,0.48465022444725037,0.998703122138977
1769714362.9902787,21.392187118530273,0.9909846782684326,22.243257522583008,0.38240504264831543,1.0462732315063477
1769714363.0105255,21.434505462646484,0.9536250233650208,22.27768325805664,0.32049810886383057,1.0544191598892212
1769714363.030579,21.452587127685547,0.9375516176223755,22.243270874023438,0.25354766845703125,1.0454871654510498
1769714363.050731,21.494646072387695,0.8999022841453552,22.275325775146484,0.1900297850370407,1.0551674365997314
1769714363.0704112,21.53652572631836,0.8620513081550598,22.339757919311523,0.14488203823566437,1.0768071413040161
1769714363.0905726,21.566328048706055,0.8348918557167053,22.349742889404297,0.08228664100170135,1.0863498449325562
1769714363.110462,21.619735717773438,0.7857477068901062,22.420190811157227,0.06035495921969414,1.0802422761917114
1769714363.1303658,21.666954040527344,0.7417875528335571,22.451841354370117,-0.032205935567617416,1.1023221015930176
1769714363.1504152,21.719783782958984,0.6920232176780701,22.50640106201172,-0.09664910286664963,1.1138980388641357
1769714363.1705968,21.760662078857422,0.6530923247337341,22.537729263305664,-0.16011813282966614,1.1247868537902832
1769714363.1906354,21.80135154724121,0.6139652729034424,22.580354690551758,-0.18632645905017853,1.1168323755264282
1769714363.210741,21.830299377441406,0.5858978033065796,22.589277267456055,-0.2475007176399231,1.127209186553955
1769714363.2304757,21.87641716003418,0.5407834649085999,22.65305519104004,-0.25493863224983215,1.1119084358215332
1769714363.2504528,21.928001403808594,0.48972755670547485,22.709274291992188,-0.3155408501625061,1.121982216835022
1769714363.270375,21.973587036132812,0.44407737255096436,22.7580623626709,-0.4105597138404846,1.1600875854492188
1769714363.2904165,22.018922805786133,0.3981771171092987,22.784635543823242,-0.5022495985031128,1.1819827556610107
1769714363.3103135,22.086450576782227,0.3288608193397522,22.871116638183594,-0.5709604024887085,1.193892002105713
1769714363.3303626,22.10883331298828,0.3056318163871765,22.86692237854004,-0.6316768527030945,1.205506682395935
1769714363.3504095,22.164506912231445,0.24729062616825104,22.9265079498291,-0.7202600836753845,1.2315837144851685
1769714363.3705502,22.19219398498535,0.21797671914100647,22.929935455322266,-0.8068248629570007,1.2627278566360474
1769714363.3904278,22.247262954711914,0.15906397998332977,22.990665435791016,-0.8776246905326843,1.2756842374801636
1769714363.4102793,22.30192756652832,0.09977356344461441,23.050249099731445,-0.9493659734725952,1.2886736392974854
1769714363.4304366,22.339948654174805,0.058047015219926834,23.09085464477539,-1.0282222032546997,1.320546269416809
1769714363.450397,22.361583709716797,0.03412114456295967,23.112794876098633,-1.1370856761932373,1.3914179801940918
1769714363.470669,22.39391326904297,-0.001879188814200461,23.115571975708008,-1.205249309539795,1.4031720161437988
1769714363.4905682,22.42074203491211,-0.031981319189071655,23.156164169311523,-1.2821624279022217,1.4504475593566895
1769714363.510681,22.458126068115234,-0.07427916675806046,23.170467376708984,-1.3523547649383545,1.463184118270874
1769714363.5304651,22.505891799926758,-0.12892620265483856,23.235422134399414,-1.3943828344345093,1.4606828689575195
1769714363.5503595,22.569049835205078,-0.20224778354167938,23.316532135009766,-1.4737929105758667,1.4749760627746582
1769714363.5703702,22.61081886291504,-0.25141802430152893,23.35126495361328,-1.4919158220291138,1.444677710533142
1769714363.5903525,22.662647247314453,-0.3132035732269287,23.410289764404297,-1.5656450986862183,1.4586225748062134
1769714363.610387,22.70380210876465,-0.36288848519325256,23.420820236206055,-1.648398518562317,1.4719552993774414
1769714363.630322,22.74468231201172,-0.41279980540275574,23.455171585083008,-1.719337821006775,1.487224817276001
1769714363.6504734,22.775161743164062,-0.45038095116615295,23.467374801635742,-1.7861708402633667,1.504490852355957
1769714363.670465,22.8155574798584,-0.5006848573684692,23.481670379638672,-1.8600242137908936,1.5137726068496704
1769714363.6903517,22.845672607421875,-0.5385587811470032,23.491416931152344,-1.928073525428772,1.5322321653366089
1769714363.7104537,22.870649337768555,-0.5702154636383057,23.495773315429688,-2.0320591926574707,1.5898953676223755
1769714363.7304873,22.89055061340332,-0.5956027507781982,23.482467651367188,-2.0973126888275146,1.614155888557434
1769714363.7504015,22.905431747436523,-0.6146792769432068,23.518966674804688,-2.136172294616699,1.6405384540557861
1769714363.7703521,22.959653854370117,-0.6848893165588379,23.58394432067871,-2.21733021736145,1.6547245979309082
1769714363.7903519,22.98900604248047,-0.7233587503433228,23.570032119750977,-2.272864580154419,1.654860019683838
1769714363.8103824,23.023046493530273,-0.7683931589126587,23.590150833129883,-2.3436975479125977,1.6742734909057617
1769714363.8303883,23.07129669189453,-0.8330125212669373,23.61083984375,-2.391355514526367,1.6491025686264038
1769714363.850612,23.09525489807129,-0.865446925163269,23.607101440429688,-2.4562628269195557,1.6711320877075195
1769714363.8704095,23.142833709716797,-0.9305632710456848,23.64840316772461,-2.5199153423309326,1.6678251028060913
1769714363.8906548,23.180572509765625,-0.9828922748565674,23.674518585205078,-2.5935943126678467,1.684738278388977
1769714363.9104671,23.236637115478516,-1.0617755651474,23.726924896240234,-2.637953996658325,1.6506729125976562
1769714363.930213,23.287450790405273,-1.1344919204711914,23.773456573486328,-2.715482711791992,1.6540051698684692
1769714363.9503741,23.31493377685547,-1.1743179559707642,23.760284423828125,-2.7755203247070312,1.6619822978973389
1769714363.970409,23.33316421508789,-1.2009319067001343,23.74219512939453,-2.8335824012756348,1.6831083297729492
1769714363.990334,23.355850219726562,-1.2342699766159058,23.763164520263672,-2.8390722274780273,1.6556859016418457
1769714364.0104115,23.382919311523438,-1.274379014968872,23.76732635498047,-2.9014978408813477,1.6719105243682861
1769714364.0304031,23.405349731445312,-1.3078887462615967,23.76106834411621,-2.9603383541107178,1.6903033256530762
1769714364.050517,23.445432662963867,-1.3684008121490479,23.84152603149414,-2.95978045463562,1.6399328708648682
1769714364.0703726,23.476346969604492,-1.415637493133545,23.87288475036621,-2.9438929557800293,1.5788626670837402
1769714364.0905073,23.498289108276367,-1.4494694471359253,23.852664947509766,-2.962193012237549,1.5536777973175049
1769714364.1104376,23.53748893737793,-1.5105572938919067,23.891359329223633,-3.026775598526001,1.5569658279418945
1769714364.1303756,23.580598831176758,-1.578716516494751,23.9400634765625,-3.0952672958374023,1.5585702657699585
1769714364.150336,23.61899185180664,-1.64031183719635,23.948772430419922,-3.1335339546203613,1.5292046070098877
1769714364.170396,23.63593292236328,-1.6677634716033936,23.914709091186523,-3.136500597000122,1.494960069656372
1769714364.1903262,23.673770904541016,-1.729698657989502,23.95109748840332,-3.198521614074707,1.494774580001831
1769714364.2104614,23.70707893371582,-1.784947156906128,23.96083641052246,-3.234837532043457,1.4719289541244507
1769714364.2307158,23.731861114501953,-1.826502799987793,23.966447830200195,-3.283561944961548,1.4758226871490479
1769714364.2505274,23.7564697265625,-1.8681598901748657,23.975818634033203,-3.29868745803833,1.4472469091415405
1769714364.270446,23.79709815979004,-1.9378122091293335,24.021339416503906,-3.363485097885132,1.4432002305984497
1769714364.290589,23.817232131958008,-1.9727424383163452,24.018390655517578,-3.4053659439086914,1.446677327156067
1769714364.3105059,23.849193572998047,-2.028773784637451,24.032302856445312,-3.4410228729248047,1.4240703582763672
1769714364.3305373,23.87690544128418,-2.07794451713562,24.05553436279297,-3.404412031173706,1.3384411334991455
1769714364.3504715,23.91218376159668,-2.1413586139678955,24.092397689819336,-3.4598350524902344,1.3307353258132935
1769714364.3704176,23.92385482788086,-2.1625449657440186,24.030847549438477,-3.3983476161956787,1.2404253482818604
1769714364.390386,23.950916290283203,-2.2120728492736816,24.04730987548828,-3.4406158924102783,1.2323187589645386
1769714364.41074,23.966272354125977,-2.2404327392578125,24.03528594970703,-3.467923641204834,1.2294291257858276
1769714364.430371,24.00809669494629,-2.318638563156128,24.095680236816406,-3.5221683979034424,1.2067123651504517
1769714364.4505503,24.034399032592773,-2.3685693740844727,24.187204360961914,-3.4623093605041504,1.1043626070022583
1769714364.4703217,24.075241088867188,-2.4472854137420654,24.237533569335938,-3.512341260910034,1.0773496627807617
1769714364.4902685,24.104564666748047,-2.5047261714935303,24.30674171447754,-3.5009236335754395,1.016506314277649
1769714364.5106142,24.140769958496094,-2.576752185821533,24.35927391052246,-3.5471532344818115,0.9946970343589783
1769714364.530329,24.17292594909668,-2.64178729057312,24.39055633544922,-3.5345921516418457,0.9189466238021851
1769714364.5504134,24.197654724121094,-2.692506790161133,24.416433334350586,-3.5616655349731445,0.8962702751159668
1769714364.5703175,24.21865463256836,-2.7360751628875732,24.4116268157959,-3.587193250656128,0.8727200627326965
1769714364.59077,24.232553482055664,-2.7651686668395996,24.410179138183594,-3.596937894821167,0.8505238890647888
1769714364.6105208,24.253250122070312,-2.80888032913208,24.436857223510742,-3.5990750789642334,0.8112453818321228
1769714364.6310666,24.287338256835938,-2.8819217681884766,24.480548858642578,-3.634305000305176,0.7767950892448425
1769714364.6503334,24.30754852294922,-2.925858736038208,24.4790096282959,-3.680044174194336,0.7734307050704956
1769714364.670727,24.33420753479004,-2.984570026397705,24.513731002807617,-3.710548162460327,0.7478451132774353
1769714364.6903224,24.36054229736328,-3.0434274673461914,24.517717361450195,-3.7458457946777344,0.7197887897491455
1769714364.7103996,24.39299774169922,-3.117201328277588,24.56894874572754,-3.7884061336517334,0.6938838958740234
1769714364.7303605,24.4122257232666,-3.161572217941284,24.53693199157715,-3.852102756500244,0.7017009258270264
1769714364.750457,24.434423446655273,-3.2134382724761963,24.56023597717285,-3.878901958465576,0.6772525310516357
1769714364.7705019,24.450124740600586,-3.2505505084991455,24.54066276550293,-3.9049668312072754,0.6606497764587402
1769714364.790536,24.47188949584961,-3.302597999572754,24.56297492980957,-3.9322924613952637,0.6362482905387878
1769714364.8106744,24.484210968017578,-3.3323862552642822,24.560300827026367,-3.940455198287964,0.6128110289573669
1769714364.8305206,24.502540588378906,-3.377131938934326,24.59461212158203,-3.9769253730773926,0.6068190336227417
1769714364.8505728,24.526689529418945,-3.4369101524353027,24.62656593322754,-4.010129928588867,0.5818557739257812
1769714364.870436,24.55345916748047,-3.5043182373046875,24.672426223754883,-4.048557281494141,0.5570898652076721
1769714364.890394,24.57980728149414,-3.5718910694122314,24.713726043701172,-4.087514400482178,0.5327301025390625
1769714364.9103863,24.602872848510742,-3.632091999053955,24.758827209472656,-4.149831771850586,0.5407183170318604
1769714364.930423,24.619951248168945,-3.677325487136841,24.775854110717773,-4.170385360717773,0.5171204209327698
1769714364.9503083,24.64799690246582,-3.7528703212738037,24.82009506225586,-4.227433204650879,0.5048044323921204
1769714364.9703321,24.670055389404297,-3.813444137573242,24.853546142578125,-4.2611165046691895,0.48381781578063965
1769714364.990379,24.697154998779297,-3.889331102371216,24.902742385864258,-4.3080525398254395,0.46646979451179504
1769714365.0108101,24.713159561157227,-3.9349522590637207,24.89871597290039,-4.391115665435791,0.4924592971801758
1769714365.030234,24.736812591552734,-4.003507137298584,24.90901756286621,-4.452791213989258,0.4811558723449707
1769714365.0503366,24.744600296020508,-4.026391506195068,24.900617599487305,-4.455853462219238,0.4569234549999237
1769714365.0703535,24.757474899291992,-4.0645670890808105,24.901628494262695,-4.517796039581299,0.4756011366844177
1769714365.0903974,24.76767921447754,-4.095139503479004,24.899770736694336,-4.530206203460693,0.45467641949653625
1769714365.1103866,24.782827377319336,-4.141050815582275,24.922035217285156,-4.571897029876709,0.4527771770954132
1769714365.130336,24.80272674560547,-4.202362537384033,24.95093536376953,-4.612944602966309,0.43651285767555237
1769714365.150396,24.822282791137695,-4.2637834548950195,24.993696212768555,-4.706231594085693,0.47449246048927307
1769714365.1704295,24.8438777923584,-4.333009243011475,25.022228240966797,-4.749050140380859,0.4526576101779938
1769714365.1912584,24.85097885131836,-4.356114387512207,25.012720108032227,-4.755520820617676,0.43091219663619995
1769714365.2105389,24.86736297607422,-4.410083293914795,25.045724868774414,-4.8302412033081055,0.4564492106437683
1769714365.230361,24.894840240478516,-4.502783298492432,25.028844833374023,-4.928048610687256,0.44587820768356323
1769714365.25069,24.91714859008789,-4.58020544052124,25.058231353759766,-4.98227596282959,0.4261040687561035
1769714365.2701867,24.936765670776367,-4.650015830993652,25.04644775390625,-5.045222759246826,0.4101441502571106
1769714365.2903452,24.953838348388672,-4.7121710777282715,25.058570861816406,-5.085082054138184,0.38733893632888794
1769714365.3103232,24.96849250793457,-4.7666335105896,25.0366153717041,-5.1512298583984375,0.39058300852775574
1769714365.3304696,24.97879981994629,-4.805578708648682,25.031875610351562,-5.17726993560791,0.37546175718307495
1769714365.3502557,24.988969802856445,-4.8445587158203125,25.01757049560547,-5.19495153427124,0.3515578508377075
1769714365.3703372,25.002981185913086,-4.8991899490356445,25.02553939819336,-5.236360549926758,0.33792412281036377
1769714365.3903918,25.0108699798584,-4.930438041687012,25.026155471801758,-5.272453784942627,0.34235745668411255
1769714365.4104753,25.024463653564453,-4.985174179077148,25.03354835510254,-5.314903736114502,0.32985439896583557
1769714365.4305887,25.039674758911133,-5.047809600830078,25.043685913085938,-5.39866828918457,0.350881427526474
1769714365.4505658,25.05453872680664,-5.110528469085693,25.056495666503906,-5.450277805328369,0.33975479006767273
1769714365.4707289,25.070842742919922,-5.1811842918396,25.08718490600586,-5.548393726348877,0.36757317185401917
1769714365.4904478,25.08321762084961,-5.236207962036133,25.1014404296875,-5.592530250549316,0.3567878305912018
1769714365.5104241,25.098737716674805,-5.307040214538574,25.11968421936035,-5.654292106628418,0.3478829860687256
1769714365.5303516,25.110502243041992,-5.3621978759765625,25.12483787536621,-5.699624061584473,0.33773037791252136
1769714365.550424,25.12684440612793,-5.441092014312744,25.17868423461914,-5.795286178588867,0.35796767473220825
1769714365.5705,25.136384963989258,-5.488482475280762,25.178382873535156,-5.833296775817871,0.3473623991012573
1769714365.5904121,25.147268295288086,-5.543820381164551,25.20220184326172,-5.87655782699585,0.3372417390346527
1769714365.6105309,25.154876708984375,-5.583379745483398,25.160274505615234,-5.958478927612305,0.37513789534568787
1769714365.6306818,25.16822624206543,-5.654652118682861,25.175745010375977,-6.023658752441406,0.3690834641456604
1769714365.6502657,25.181129455566406,-5.726006031036377,25.162315368652344,-6.1122565269470215,0.38670822978019714
1769714365.6704798,25.193586349487305,-5.797439098358154,25.173646926879883,-6.178858757019043,0.3819405436515808
1769714365.690645,25.202966690063477,-5.85305118560791,25.184017181396484,-6.230238437652588,0.3776627779006958
1769714365.7112625,25.213356018066406,-5.916662693023682,25.18785858154297,-6.288248538970947,0.37245944142341614
1769714365.7307441,25.225847244262695,-5.9962568283081055,25.2134952545166,-6.394871234893799,0.39880552887916565
1769714365.7505581,25.2294864654541,-6.020151615142822,25.18953514099121,-6.410905838012695,0.39279094338417053
1769714365.770541,25.23894691467285,-6.083907604217529,25.211557388305664,-6.4750590324401855,0.39210909605026245
1769714365.7911515,25.2480525970459,-6.1477155685424805,25.214815139770508,-6.534452438354492,0.3881624937057495
1769714365.8104448,25.25893783569336,-6.227544784545898,25.245010375976562,-6.644211769104004,0.41689974069595337
1769714365.8303504,25.267244338989258,-6.291460990905762,25.24863052368164,-6.705197811126709,0.41415515542030334
1769714365.8504841,25.27422332763672,-6.34742546081543,25.269561767578125,-6.7553229331970215,0.40792417526245117
1769714365.8706167,25.282794952392578,-6.419427871704102,25.27910614013672,-6.824736595153809,0.4053254723548889
1769714365.8903725,25.290916442871094,-6.491482734680176,25.289480209350586,-6.920467853546143,0.4289877414703369
1769714365.9106467,25.29608154296875,-6.539546966552734,25.281618118286133,-6.963779449462891,0.4244789183139801
1769714365.930574,25.301048278808594,-6.58763313293457,25.307159423828125,-7.003690719604492,0.4161020815372467
1769714365.9504955,25.305034637451172,-6.627721309661865,25.295913696289062,-7.03764009475708,0.41002023220062256
1769714365.9704013,25.310382843017578,-6.68386697769165,25.322223663330078,-7.073482990264893,0.38979580998420715
1769714365.9904633,25.316162109375,-6.748065948486328,25.311552047729492,-7.161739349365234,0.4136991798877716
1769714366.010286,25.32223892211914,-6.8203277587890625,25.314836502075195,-7.223372459411621,0.4031126797199249
1769714366.030272,25.327260971069336,-6.884592533111572,25.309276580810547,-7.313414096832275,0.42919841408729553
1769714366.0503213,25.329051971435547,-6.908699035644531,25.285993576049805,-7.328945159912109,0.42244604229927063
1769714366.0704517,25.331363677978516,-6.940846920013428,25.271608352661133,-7.359165668487549,0.4225651025772095
1769714366.0905275,25.333040237426758,-6.964962482452393,25.247556686401367,-7.3747477531433105,0.41860637068748474
1769714366.1103551,25.33726692199707,-7.029287815093994,25.268329620361328,-7.429513454437256,0.40611937642097473
1769714366.1303344,25.3397274017334,-7.069502830505371,25.255035400390625,-7.463244438171387,0.40274736285209656
1769714366.1504192,25.344654083251953,-7.158005237579346,25.28182029724121,-7.533606052398682,0.38082024455070496
1769714366.170473,25.347814559936523,-7.222393989562988,25.282670974731445,-7.595078945159912,0.378335565328598
1769714366.1903238,25.351579666137695,-7.310956954956055,25.28300666809082,-7.6890153884887695,0.3842272460460663
1769714366.2105162,25.353626251220703,-7.367330074310303,25.27793312072754,-7.740800380706787,0.3810637295246124
1769714366.2304556,25.356077194213867,-7.447879791259766,25.285186767578125,-7.811672687530518,0.3706360459327698
1769714366.2503505,25.35746192932129,-7.504274368286133,25.27924919128418,-7.863158702850342,0.3673078715801239
1769714366.270239,25.359203338623047,-7.600965976715088,25.314733505249023,-7.984015941619873,0.3856228291988373
1769714366.2904627,25.359514236450195,-7.625141620635986,25.29202651977539,-7.996131420135498,0.3770787715911865
1769714366.3103545,25.359851837158203,-7.657376289367676,25.275468826293945,-8.017641067504883,0.37001490592956543
1769714366.3304808,25.36018943786621,-7.705730438232422,25.265037536621094,-8.059426307678223,0.36627140641212463
1769714366.350565,25.360321044921875,-7.778264045715332,25.266895294189453,-8.131176948547363,0.36506974697113037
1769714366.3704236,25.360265731811523,-7.8024420738220215,25.25749397277832,-8.175216674804688,0.3866816461086273
1769714366.3904974,25.35987091064453,-7.866917133331299,25.251869201660156,-8.285736083984375,0.43252021074295044
1769714366.410727,25.359004974365234,-7.939448356628418,25.25263786315918,-8.360410690307617,0.4341920018196106
1769714366.4306877,25.35768699645996,-8.011974334716797,25.253902435302734,-8.476749420166016,0.47622162103652954
1769714366.4505887,25.35655975341797,-8.060320854187012,25.225173950195312,-8.551261901855469,0.5082182884216309
1769714366.4703557,25.354496002197266,-8.132831573486328,25.22338104248047,-8.628464698791504,0.5126824975013733
1769714366.4905012,25.351980209350586,-8.205328941345215,25.224435806274414,-8.703487396240234,0.5142269134521484
1769714366.5102956,25.349018096923828,-8.277811050415039,25.222164154052734,-8.780510902404785,0.518458366394043
1769714366.530338,25.346006393432617,-8.342223167419434,25.184768676757812,-8.863021850585938,0.5451862215995789
1769714366.550442,25.341745376586914,-8.42271614074707,25.18198585510254,-8.951034545898438,0.5519444942474365
1769714366.5703943,25.33892250061035,-8.47099781036377,25.149511337280273,-8.980636596679688,0.5436987280845642
1769714366.5904005,25.33641815185547,-8.511223793029785,25.12704086303711,-9.015315055847168,0.5458447933197021
1769714366.6102898,25.332679748535156,-8.567525863647461,25.105756759643555,-9.065115928649902,0.5468915700912476
1769714366.630456,25.329843521118164,-8.607730865478516,25.081989288330078,-9.099029541015625,0.5502780675888062
1769714366.6504574,25.32501792907715,-8.672038078308105,25.09503173828125,-9.170980453491211,0.5493964552879333
1769714366.670351,25.3184871673584,-8.752385139465332,25.084957122802734,-9.247151374816895,0.5471104979515076
1769714366.6907103,25.31572151184082,-8.78451156616211,25.03963851928711,-9.276254653930664,0.5639446377754211
1769714366.7104707,25.30689239501953,-8.880844116210938,25.037126541137695,-9.3845853805542,0.571426510810852
1769714366.7305255,25.305343627929688,-8.896892547607422,25.002853393554688,-9.385443687438965,0.5746150016784668
1769714366.7503505,25.296430587768555,-8.985121726989746,25.02212905883789,-9.436326026916504,0.52804034948349
1769714366.7704089,25.29388427734375,-9.009172439575195,24.996946334838867,-9.471090316772461,0.5491269826889038
1769714366.790664,25.283203125,-9.105323791503906,24.992610931396484,-9.578399658203125,0.5551980137825012
1769714366.8105218,25.27946662902832,-9.137353897094727,24.965621948242188,-9.599106788635254,0.5583136081695557
1769714366.830818,25.271730422973633,-9.201384544372559,24.96428680419922,-9.700727462768555,0.5863991379737854
1769714366.850448,25.262605667114258,-9.273368835449219,24.97022819519043,-9.758340835571289,0.5662880539894104
1769714366.8705041,25.2508487701416,-9.361271858215332,24.962858200073242,-9.85573673248291,0.5722180604934692
1769714366.8906522,25.241880416870117,-9.425146102905273,24.942781448364258,-9.923583984375,0.5812920928001404
1769714366.9104335,25.227771759033203,-9.52086353302002,24.933975219726562,-10.020851135253906,0.5799179077148438
1769714366.9303534,25.22289276123047,-9.552742958068848,24.892807006835938,-10.039925575256348,0.588475227355957
1769714366.9504123,25.217927932739258,-9.584609985351562,24.865358352661133,-10.059372901916504,0.5913576483726501
1769714366.9704638,25.20643424987793,-9.65626049041748,24.85003662109375,-10.11256217956543,0.5789903998374939
1769714366.990354,25.201183319091797,-9.688082695007324,24.82648277282715,-10.116196632385254,0.568930447101593
1769714367.0106537,25.18490982055664,-9.783462524414062,24.81511116027832,-10.222151756286621,0.573758065700531
1769714367.030874,25.179309844970703,-9.815225601196289,24.786821365356445,-10.238992691040039,0.5776029229164124
1769714367.0503669,25.169300079345703,-9.87077522277832,24.775537490844727,-10.299354553222656,0.582004189491272
1769714367.070416,25.154539108276367,-9.950047492980957,24.75910758972168,-10.383476257324219,0.5867078304290771
1769714367.0905578,25.143882751464844,-10.005477905273438,24.75531005859375,-10.430397033691406,0.5757981538772583
1769714367.1103957,25.128196716308594,-10.084575653076172,24.739728927612305,-10.514423370361328,0.5793747305870056
1769714367.130438,25.1185245513916,-10.131982803344727,24.71678352355957,-10.553549766540527,0.5823348760604858
1769714367.150393,25.105323791503906,-10.195130348205566,24.662900924682617,-10.63351058959961,0.6228283643722534
1769714367.170377,25.09006118774414,-10.266084671020508,24.624652862548828,-10.681089401245117,0.6235648393630981
1769714367.190499,25.07612419128418,-10.329075813293457,24.60003662109375,-10.741312980651855,0.629761278629303
1769714367.2103014,25.06723976135254,-10.368406295776367,24.581478118896484,-10.733057975769043,0.6074002981185913
1769714367.2303824,25.058218002319336,-10.407706260681152,24.552486419677734,-10.758191108703613,0.6153081059455872
1769714367.2503557,25.045364379882812,-10.462675094604492,24.549320220947266,-10.80175495147705,0.6008611917495728
1769714367.2704985,25.030349731445312,-10.525419235229492,24.525102615356445,-10.860177040100098,0.6060839891433716
1769714367.2903879,25.014991760253906,-10.588081359863281,24.505517959594727,-10.899450302124023,0.5970882177352905
1769714367.3103528,25.001272201538086,-10.642840385437012,24.479530334472656,-10.945816040039062,0.6033315658569336
1769714367.330597,24.985271453857422,-10.705341339111328,24.476360321044922,-10.97597599029541,0.5763959884643555
1769714367.3504763,24.970989227294922,-10.759957313537598,24.451446533203125,-11.021504402160645,0.5816615223884583
1769714367.3704414,24.954345703125,-10.822291374206543,24.409061431884766,-11.062528610229492,0.5958607792854309
1769714367.3904245,24.939504623413086,-10.876757621765137,24.381834030151367,-11.106538772583008,0.6031540036201477
1769714367.4103625,24.930906295776367,-10.907849311828613,24.36040496826172,-11.124914169311523,0.6103991866111755
1769714367.430517,24.90682029724121,-10.993228912353516,24.33564567565918,-11.213776588439941,0.6122756004333496
1769714367.450805,24.897903442382812,-11.02423095703125,24.312328338623047,-11.197041511535645,0.6105415225028992
1769714367.47035,24.872943878173828,-11.109358787536621,24.287090301513672,-11.285331726074219,0.6117100119590759
1769714367.4904797,24.86370849609375,-11.140267372131348,24.253976821899414,-11.313405990600586,0.6338363885879517
1769714367.510331,24.835494995117188,-11.232841491699219,24.227317810058594,-11.412639617919922,0.6341966390609741
1769714367.530823,24.821102142333984,-11.279040336608887,24.19780731201172,-11.454777717590332,0.6475963592529297
1769714367.5502346,24.796695709228516,-11.35590648651123,24.190385818481445,-11.526618003845215,0.629883885383606
1769714367.5703416,24.77427864074707,-11.424942016601562,24.162601470947266,-11.58047103881836,0.6311416029930115
1769714367.5904353,24.74887466430664,-11.501484870910645,24.13556480407715,-11.630182266235352,0.6266663074493408
1769714367.6102884,24.733379364013672,-11.547327041625977,24.107112884521484,-11.66086196899414,0.6364752650260925
1769714367.6305423,24.720325469970703,-11.585479736328125,24.070438385009766,-11.673317909240723,0.6557952165603638
1769714367.6503417,24.704486846923828,-11.631203651428223,24.041439056396484,-11.692059516906738,0.6658347845077515
1769714367.6703658,24.688459396362305,-11.676862716674805,24.047679901123047,-11.690753936767578,0.6409296989440918
1769714367.6904604,24.677671432495117,-11.707265853881836,24.019800186157227,-11.696547508239746,0.6579578518867493
1769714367.710281,24.655845642089844,-11.76798152923584,24.018115997314453,-11.69820499420166,0.6415348052978516
1769714367.7303736,24.63368797302246,-11.828577995300293,23.989459991455078,-11.746517181396484,0.6494324207305908
1769714367.7502885,24.6112003326416,-11.889052391052246,23.972097396850586,-11.811076164245605,0.6438411474227905
1769714367.7704256,24.591251373291016,-11.941866874694824,23.94498062133789,-11.849112510681152,0.6528936624526978
1769714367.7903934,24.56523323059082,-12.009629249572754,23.94376564025879,-11.875365257263184,0.6358050107955933
1769714367.8104002,24.55059814453125,-12.04720687866211,23.919479370117188,-11.890446662902832,0.6502958536148071
1769714367.8304076,24.541757583618164,-12.06972885131836,23.885639190673828,-11.904874801635742,0.6765118837356567
1769714367.850543,24.51194953918457,-12.144670486450195,23.85599136352539,-11.974690437316895,0.6776245832443237
1769714367.8705263,24.48773765563965,-12.204476356506348,23.83524513244629,-12.031142234802246,0.6751230955123901
1769714367.890411,24.460107803344727,-12.271599769592285,23.806411743164062,-12.090481758117676,0.6783221364021301
1769714367.910396,24.43520164489746,-12.331121444702148,23.778362274169922,-12.138937950134277,0.6843768954277039
1769714367.930587,24.419469833374023,-12.368253707885742,23.7648868560791,-12.16733455657959,0.684725284576416
1769714367.950354,24.390836715698242,-12.434954643249512,23.75092315673828,-12.21726131439209,0.6759282946586609
1769714367.9704144,24.368282318115234,-12.486711502075195,23.725326538085938,-12.255226135253906,0.6833571791648865
1769714367.9904776,24.33563232421875,-12.56046199798584,23.70866584777832,-12.336692810058594,0.6657029390335083
1769714368.0104828,24.3158016204834,-12.604604721069336,23.685256958007812,-12.364465713500977,0.674725353717804
1769714368.030664,24.28571891784668,-12.670666694641113,23.67793083190918,-12.387439727783203,0.6705384850502014
1769714368.0506818,24.258636474609375,-12.729231834411621,23.65247344970703,-12.435132026672363,0.6737427711486816
1769714368.070731,24.244976043701172,-12.758459091186523,23.621646881103516,-12.429505348205566,0.7048053741455078
1769714368.0904732,24.21741485595703,-12.816802024841309,23.59504508972168,-12.476653099060059,0.7092574238777161
1769714368.1105866,24.182518005371094,-12.889516830444336,23.553264617919922,-12.572749137878418,0.704486072063446
1769714368.1307988,24.143558502197266,-12.969226837158203,23.511699676513672,-12.622349739074707,0.72081059217453
1769714368.150362,24.104000091552734,-13.048643112182617,23.477989196777344,-12.700668334960938,0.7162247896194458
1769714368.1704137,24.07851791381836,-13.09902572631836,23.451766967773438,-12.737590789794922,0.7234996557235718
1769714368.190518,24.060169219970703,-13.13493824005127,23.44397735595703,-12.722872734069824,0.74127596616745
1769714368.2105339,24.03427505493164,-13.185111045837402,23.441654205322266,-12.74321460723877,0.7392373085021973
1769714368.2303302,23.996868133544922,-13.256569862365723,23.41014289855957,-12.808774948120117,0.738084077835083
1769714368.2503364,23.981769561767578,-13.285082817077637,23.390893936157227,-12.8071870803833,0.7599450945854187
1769714368.27028,23.962785720825195,-13.320664405822754,23.370452880859375,-12.822348594665527,0.7740659713745117
1769714368.2903965,23.936006546020508,-13.370370864868164,23.345375061035156,-12.85746955871582,0.7822481989860535
1769714368.310408,23.90898895263672,-13.41994857788086,23.317075729370117,-12.91128158569336,0.7804498076438904
1769714368.3305037,23.88564109802246,-13.46234130859375,23.294092178344727,-12.937302589416504,0.7909457087516785
1769714368.3505075,23.854244232177734,-13.518714904785156,23.285228729248047,-12.966145515441895,0.7931652069091797
1769714368.3704135,23.838430404663086,-13.54683780670166,23.2853946685791,-12.97275447845459,0.7971320748329163
1769714368.3903334,23.810569763183594,-13.595948219299316,23.261688232421875,-13.008593559265137,0.8039015531539917
1769714368.4110997,23.7824764251709,-13.644925117492676,23.273456573486328,-13.021014213562012,0.8052120208740234
1769714368.4305637,23.76631736755371,-13.6728515625,23.260177612304688,-13.028966903686523,0.8190029263496399
1769714368.4505548,23.717384338378906,-13.756365776062012,23.233850479125977,-13.103631973266602,0.8123220205307007
1769714368.4707682,23.67608642578125,-13.825654029846191,23.203601837158203,-13.166531562805176,0.8109768629074097
1769714368.490562,23.646896362304688,-13.873987197875977,23.190126419067383,-13.158912658691406,0.8485097885131836
1769714368.510502,23.613252639770508,-13.92905330657959,23.165502548217773,-13.201662063598633,0.854153573513031
1769714368.5304966,23.5963191986084,-13.956518173217773,23.186058044433594,-13.202696800231934,0.8582302927970886
1769714368.550469,23.5407657623291,-14.045456886291504,23.147659301757812,-13.291387557983398,0.8503831624984741
1769714368.5703561,23.53645896911621,-14.052277565002441,23.11359977722168,-13.29787826538086,0.864828884601593
1769714368.5904038,23.488788604736328,-14.127113342285156,23.079387664794922,-13.368492126464844,0.8620417714118958
1769714368.6103773,23.475690841674805,-14.1474609375,23.08867073059082,-13.377198219299316,0.8620259165763855
1769714368.630297,23.436147689819336,-14.208341598510742,23.061599731445312,-13.4304838180542,0.8633354306221008
1769714368.6503367,23.405134201049805,-14.255523681640625,23.03675651550293,-13.489791870117188,0.8497333526611328
1769714368.6704495,23.382843017578125,-14.289134979248047,23.02357292175293,-13.509357452392578,0.8585614562034607
1769714368.691022,23.34243392944336,-14.349441528320312,22.983943939208984,-13.568778991699219,0.8590396642684937
1769714368.7107778,23.333402633666992,-14.362809181213379,22.98072624206543,-13.56350326538086,0.8736535310745239
1769714368.7303398,23.269681930541992,-14.456035614013672,22.9200382232666,-13.656221389770508,0.87289959192276
1769714368.7504718,23.237489700317383,-14.502418518066406,22.898212432861328,-13.693075180053711,0.8775792121887207
1769714368.770728,23.191116333007812,-14.568411827087402,22.85824203491211,-13.773927688598633,0.8614014387130737
1769714368.7903945,23.167762756347656,-14.601289749145508,22.843585968017578,-13.795513153076172,0.8685427308082581
1769714368.8106096,23.134876251220703,-14.647183418273926,22.81863021850586,-13.840375900268555,0.8665736317634583
1769714368.8303561,23.092275619506836,-14.705957412719727,22.792821884155273,-13.887219429016113,0.8717818260192871
1769714368.850417,23.044517517089844,-14.770952224731445,22.775447845458984,-13.933515548706055,0.8796013593673706
1769714368.870426,23.01082420349121,-14.816253662109375,22.745922088623047,-13.955503463745117,0.9005904793739319
1769714368.8904188,22.981773376464844,-14.85495376586914,22.728036880493164,-13.985427856445312,0.9057912230491638
1769714368.9103913,22.957441329956055,-14.887113571166992,22.71976089477539,-14.011626243591309,0.9071773290634155
1769714368.9304473,22.933000564575195,-14.919189453125,22.70623207092285,-14.034224510192871,0.9135574698448181
1769714368.9505377,22.908451080322266,-14.951181411743164,22.69261360168457,-14.056730270385742,0.9201236963272095
1769714368.9704294,22.859025955200195,-15.014911651611328,22.670120239257812,-14.111777305603027,0.9226793050765991
1769714368.990528,22.82916259765625,-15.052987098693848,22.666696548461914,-14.143404960632324,0.923977792263031
1769714369.0103815,22.79412269592285,-15.097251892089844,22.641918182373047,-14.189301490783691,0.9206199645996094
1769714369.0303552,22.748764038085938,-15.15391731262207,22.616601943969727,-14.23253345489502,0.9308141469955444
1769714369.050435,22.72341537475586,-15.18527603149414,22.60442543029785,-14.25615406036377,0.9367106556892395
1769714369.0703354,22.687746047973633,-15.229032516479492,22.5837345123291,-14.294642448425293,0.9401612281799316
1769714369.090355,22.641578674316406,-15.285038948059082,22.56393051147461,-14.349682807922363,0.9385737776756287
1769714369.1106446,22.605432510375977,-15.328401565551758,22.562589645385742,-14.37198257446289,0.9573778510093689
1769714369.1307847,22.558656692504883,-15.383896827697754,22.531795501708984,-14.42469310760498,0.9595797061920166
1769714369.1503778,22.506282806396484,-15.445219039916992,22.494775772094727,-14.49230670928955,0.9529822468757629
1769714369.1703584,22.469371795654297,-15.487930297851562,22.488361358642578,-14.510847091674805,0.9772669076919556
1769714369.1904898,22.426939010620117,-15.536524772644043,22.464780807495117,-14.556329727172852,0.9809245467185974
1769714369.210356,22.378883361816406,-15.590913772583008,22.435209274291992,-14.625188827514648,0.9673662781715393
1769714369.2303662,22.346660614013672,-15.627008438110352,22.420583724975586,-14.658016204833984,0.9718084335327148
1769714369.2503579,22.319692611694336,-15.656986236572266,22.410486221313477,-14.683921813964844,0.9772905707359314
1769714369.2703567,22.303464889526367,-15.674927711486816,22.403623580932617,-14.68957805633545,0.9904270172119141
1769714369.290382,22.249101638793945,-15.734491348266602,22.378381729125977,-14.76308822631836,0.9799686074256897
1769714369.3108363,22.2053165435791,-15.78187370300293,22.35494613647461,-14.810357093811035,0.9829712510108948
1769714369.3303583,22.144689559936523,-15.84662914276123,22.307226181030273,-14.882255554199219,0.977975070476532
1769714369.3506923,22.105854034423828,-15.887598037719727,22.287700653076172,-14.922893524169922,0.981694221496582
1769714369.3705413,22.044431686401367,-15.951600074768066,22.238872528076172,-15.004738807678223,0.9666191935539246
1769714369.3906572,22.021976470947266,-15.97475814819336,22.228065490722656,-15.033381462097168,0.9636717438697815
1769714369.4102962,21.971220016479492,-16.026636123657227,22.206310272216797,-15.08647632598877,0.9691072106361389
1769714369.4304695,21.942882537841797,-16.055322647094727,22.191186904907227,-15.122127532958984,0.9656642079353333
1769714369.4504817,21.897340774536133,-16.101016998291016,22.166719436645508,-15.17056655883789,0.9686613082885742
1769714369.470335,21.851545333862305,-16.146461486816406,22.123952865600586,-15.21221923828125,0.9731457233428955
1769714369.4904027,21.805503845214844,-16.191652297973633,22.08161163330078,-15.26326847076416,0.9685714840888977
1769714369.5104144,21.765012741088867,-16.230985641479492,22.05923843383789,-15.305235862731934,0.9713807702064514
1769714369.5305912,21.718505859375,-16.275699615478516,22.017391204833984,-15.368379592895508,0.955280065536499
1769714369.5503886,21.654157638549805,-16.336761474609375,21.975196838378906,-15.435113906860352,0.9570962190628052
1769714369.570896,21.630643844604492,-16.358844757080078,21.961576461791992,-15.452193260192871,0.96515953540802
1769714369.5906575,21.583436965942383,-16.402816772460938,21.932891845703125,-15.500081062316895,0.9680138826370239
1769714369.6102986,21.54193115234375,-16.441078186035156,21.90247917175293,-15.551369667053223,0.9599883556365967
1769714369.630586,21.512170791625977,-16.468286514282227,21.882957458496094,-15.588071823120117,0.955122709274292
1769714369.6505654,21.44637107849121,-16.527780532836914,21.83085823059082,-15.652976036071777,0.9555697441101074
1769714369.6705418,21.41631317138672,-16.554658889770508,21.8103084564209,-15.689571380615234,0.9505834579467773
1769714369.6912584,21.349863052368164,-16.613426208496094,21.74716567993164,-15.761661529541016,0.939868152141571
1769714369.7103693,21.295164108276367,-16.6611328125,21.715173721313477,-15.809524536132812,0.9495490789413452
1769714369.7303214,21.252416610717773,-16.698001861572266,21.678997039794922,-15.850996017456055,0.948361873626709
1769714369.7503755,21.209491729736328,-16.734664916992188,21.660877227783203,-15.89306640625,0.9550069570541382
1769714369.7703269,21.154043197631836,-16.781497955322266,21.623966217041016,-15.94655704498291,0.9581003189086914
1769714369.790313,21.104511260986328,-16.822839736938477,21.588823318481445,-16.00055503845215,0.9543102979660034
1769714369.810404,21.04851722717285,-16.869020462036133,21.551362991333008,-16.054227828979492,0.9574649930000305
1769714369.8303893,21.011030197143555,-16.899612426757812,21.528358459472656,-16.091224670410156,0.9597504734992981
1769714369.8503697,20.979692459106445,-16.924989700317383,21.511648178100586,-16.133756637573242,0.953427255153656
1769714369.8709264,20.941974639892578,-16.955297470092773,21.475894927978516,-16.176082611083984,0.9445874094963074
1769714369.8904934,20.916757583618164,-16.97541618347168,21.461450576782227,-16.20235252380371,0.9456844925880432
1769714369.9105694,20.859821319580078,-17.020427703857422,21.398401260375977,-16.273653030395508,0.9207298755645752
1769714369.9303722,20.808975219726562,-17.060142517089844,21.363218307495117,-16.32211685180664,0.9229660630226135
1769714369.9504893,20.7451114654541,-17.10938835144043,21.317941665649414,-16.380756378173828,0.926843523979187
1769714369.9703567,20.693775177001953,-17.148466110229492,21.287275314331055,-16.42330551147461,0.9370692372322083
1769714369.9903278,20.648681640625,-17.18242645263672,21.237764358520508,-16.484922409057617,0.9129781723022461
1769714370.0102112,20.60989761352539,-17.211360931396484,21.20585823059082,-16.5279541015625,0.906761109828949
1769714370.030292,20.570995330810547,-17.240135192871094,21.18720054626465,-16.561460494995117,0.9166839718818665
1769714370.0504532,20.52545738220215,-17.273502349853516,21.15524673461914,-16.604318618774414,0.9189333915710449
1769714370.070774,20.466672897338867,-17.316076278686523,21.096208572387695,-16.680498123168945,0.8945801258087158
1769714370.0906847,20.381298065185547,-17.376924514770508,21.038860321044922,-16.750097274780273,0.9084613919258118
1769714370.110611,20.34170913696289,-17.404748916625977,20.992511749267578,-16.79804039001465,0.8897410035133362
1769714370.130353,20.302005767822266,-17.432409286499023,20.96847152709961,-16.830551147460938,0.8980023860931396
1769714370.1503384,20.26883316040039,-17.455333709716797,20.94765853881836,-16.86314582824707,0.9008274078369141
1769714370.1704257,20.248889923095703,-17.469032287597656,20.928264617919922,-16.890193939208984,0.8925259709358215
1769714370.1906993,20.175527572631836,-17.518909454345703,20.871578216552734,-16.946081161499023,0.901454746723175
1769714370.2104838,20.108505249023438,-17.563766479492188,20.821760177612305,-17.003856658935547,0.9067699313163757
1769714370.2304182,20.047922134399414,-17.603740692138672,20.771663665771484,-17.06142807006836,0.9043804407119751
1769714370.2503943,19.987091064453125,-17.64333724975586,20.72648048400879,-17.12099266052246,0.9052854776382446
1769714370.2703109,19.919214248657227,-17.6868896484375,20.68798065185547,-17.16550064086914,0.9288961291313171
1769714370.29054,19.87152099609375,-17.71709632873535,20.64403533935547,-17.225059509277344,0.915903627872467
1769714370.3105173,19.81683921813965,-17.75133514404297,20.608285903930664,-17.26692008972168,0.9279255270957947
1769714370.3302743,19.7619686126709,-17.785268783569336,20.558950424194336,-17.32647132873535,0.9196058511734009
1769714370.350371,19.71380615234375,-17.814712524414062,20.522640228271484,-17.368371963500977,0.92381352186203
1769714370.3703804,19.679317474365234,-17.835599899291992,20.487733840942383,-17.40298080444336,0.91689532995224
1769714370.3903873,19.644758224487305,-17.856369018554688,20.460460662841797,-17.434133529663086,0.9185064435005188
1769714370.4104624,19.596254348754883,-17.885244369506836,20.41798210144043,-17.471553802490234,0.9199870228767395
1769714370.4304407,19.5476131439209,-17.91388511657715,20.379981994628906,-17.512353897094727,0.9241558313369751
1769714370.4504635,19.52672576904297,-17.92608642578125,20.34921646118164,-17.55402183532715,0.9027300477027893
1769714370.470463,19.449922561645508,-17.970455169677734,20.29072380065918,-17.616487503051758,0.9122705459594727
1769714370.4904666,19.435922622680664,-17.97846031188965,20.286542892456055,-17.623878479003906,0.9215656518936157
1769714370.510394,19.33057403564453,-18.037872314453125,20.208036422729492,-17.70672607421875,0.9378670454025269
1769714370.5312557,19.316482543945312,-18.04570960998535,20.190502166748047,-17.728418350219727,0.9298301935195923
1769714370.5503445,19.224620819091797,-18.0961856842041,20.12162971496582,-17.800735473632812,0.9444127678871155
1769714370.570634,19.210447311401367,-18.103878021240234,20.106433868408203,-17.795188903808594,0.9476701617240906
1769714370.5909417,19.132312774658203,-18.145832061767578,20.046554565429688,-17.8554630279541,0.9592469930648804
1769714370.6108243,19.10382080078125,-18.160940170288086,20.01949691772461,-17.894289016723633,0.9537121057510376
1769714370.630474,19.053861618041992,-18.18718910217285,19.97944450378418,-17.933595657348633,0.9596938490867615
1769714370.6505728,18.996612548828125,-18.216888427734375,19.939767837524414,-17.976726531982422,0.9732527136802673
1769714370.6705403,18.939199447631836,-18.24626922607422,19.889427185058594,-18.026363372802734,0.9753414392471313
1769714370.6906075,18.881628036499023,-18.27532958984375,19.830453872680664,-18.089494705200195,0.9668534398078918
1769714370.7104454,18.83112144470215,-18.30049705505371,19.784257888793945,-18.134233474731445,0.9675297141075134
1769714370.7304149,18.758760452270508,-18.33601951599121,19.746736526489258,-18.157371520996094,1.003997802734375
1769714370.7503521,18.715227127075195,-18.357093811035156,19.709022521972656,-18.188949584960938,1.0079201459884644
1769714370.7704356,18.657047271728516,-18.38490867614746,19.662485122680664,-18.23176383972168,1.0170341730117798
1769714370.79049,18.598716735839844,-18.412399291992188,19.602027893066406,-18.27305030822754,1.0129408836364746
1769714370.8104393,18.532915115356445,-18.44293785095215,19.549388885498047,-18.320499420166016,1.0238208770751953
1769714370.830395,18.474266052246094,-18.469738006591797,19.496803283691406,-18.362470626831055,1.0281486511230469
1769714370.851008,18.437536239624023,-18.48632049560547,19.463531494140625,-18.386865615844727,1.0308036804199219
1769714370.8705475,18.41547203063965,-18.4962100982666,19.436866760253906,-18.39067268371582,1.026834487915039
1769714370.8905392,18.363906860351562,-18.519105911254883,19.392913818359375,-18.42509651184082,1.0332926511764526
1769714370.910373,18.312232971191406,-18.541751861572266,19.348724365234375,-18.459245681762695,1.0397700071334839
1769714370.930602,18.253042221069336,-18.56732177734375,19.295068740844727,-18.5350341796875,1.0425256490707397
1769714370.9504752,18.215978622436523,-18.58313751220703,19.25600242614746,-18.564821243286133,1.040184736251831
1769714370.9705105,18.149126052856445,-18.61128044128418,19.207408905029297,-18.60602378845215,1.0582950115203857
1769714370.990534,18.09701156616211,-18.63287925720215,19.168325424194336,-18.634916305541992,1.0713156461715698
1769714371.0105598,18.067184448242188,-18.64510726928711,19.123729705810547,-18.679344177246094,1.0571010112762451
1769714371.0305305,17.992469787597656,-18.675315856933594,19.068614959716797,-18.72612953186035,1.0773437023162842
1769714371.0503266,17.947542190551758,-18.69318962097168,19.024076461791992,-18.73351287841797,1.0772898197174072
1769714371.0704126,17.872499465942383,-18.722566604614258,18.9580078125,-18.79448890686035,1.0878883600234985
1769714371.090449,17.81985092163086,-18.74281883239746,18.911909103393555,-18.827714920043945,1.0953526496887207
1769714371.1103354,17.752017974853516,-18.76848030090332,18.85158920288086,-18.872188568115234,1.1044514179229736
1769714371.130395,17.721817016601562,-18.779748916625977,18.82048797607422,-18.886703491210938,1.1038639545440674
1769714371.1504147,17.67646026611328,-18.79649543762207,18.784133911132812,-18.915449142456055,1.1140427589416504
1769714371.1707096,17.60829734802246,-18.821260452270508,18.727134704589844,-18.959463119506836,1.1273407936096191
1769714371.190773,17.539979934692383,-18.845598220825195,18.66189956665039,-18.988525390625,1.1309866905212402
1769714371.2102535,17.456279754638672,-18.87476348876953,18.59355354309082,-19.04344367980957,1.1497149467468262
1769714371.2303727,17.40290069580078,-18.892988204956055,18.550174713134766,-19.069326400756836,1.1607455015182495
1769714371.2506344,17.357078552246094,-18.908405303955078,18.507347106933594,-19.09253692626953,1.164912223815918
1769714371.2706828,17.280567169189453,-18.933671951293945,18.43453598022461,-19.12381362915039,1.169528603553772
1769714371.2903316,17.196205139160156,-18.960853576660156,18.36492347717285,-19.1765193939209,1.1884493827819824
1769714371.3105643,17.150104522705078,-18.975406646728516,18.326242446899414,-19.192907333374023,1.1960805654525757
1769714371.3303406,17.10394287109375,-18.98976707458496,18.282567977905273,-19.213462829589844,1.1996650695800781
1769714371.3511117,17.0654296875,-19.001588821411133,18.241153717041016,-19.20800018310547,1.1937057971954346
1769714371.3703585,17.026874542236328,-19.013277053833008,18.201705932617188,-19.220279693603516,1.1929281949996948
1769714371.3903346,16.97283172607422,-19.029415130615234,18.146194458007812,-19.25094985961914,1.1940929889678955
1769714371.410625,16.903234481811523,-19.04977798461914,18.102462768554688,-19.311115264892578,1.2273722887039185
1769714371.4304469,16.833513259887695,-19.069705963134766,18.00887107849121,-19.370805740356445,1.213313102722168
1769714371.4504824,16.771432876586914,-19.087055206298828,17.926532745361328,-19.413883209228516,1.2004469633102417
1769714371.4703803,16.717037200927734,-19.101951599121094,17.879838943481445,-19.43297004699707,1.2090007066726685
1769714371.4905202,16.662569046020508,-19.11658477783203,17.807586669921875,-19.453510284423828,1.1935595273971558
1769714371.5103562,16.60023307800293,-19.132984161376953,17.74882698059082,-19.484241485595703,1.2011034488677979
1769714371.530377,16.545616149902344,-19.147050857543945,17.6750431060791,-19.499496459960938,1.1831411123275757
1769714371.551252,16.529998779296875,-19.151020050048828,17.64657974243164,-19.489459991455078,1.1667460203170776
1769714371.5704138,16.490930557250977,-19.160850524902344,17.611316680908203,-19.505956649780273,1.172332763671875
1769714371.5905347,16.42052459716797,-19.178203582763672,17.545804977416992,-19.54071617126465,1.1822314262390137
1769714371.6104782,16.365690231323242,-19.191396713256836,17.484094619750977,-19.583738327026367,1.1852260828018188
1769714371.6305647,16.30294418334961,-19.206146240234375,17.423410415649414,-19.61263084411621,1.1919199228286743
1769714371.6505399,16.247976303100586,-19.218769073486328,17.363393783569336,-19.638700485229492,1.1918467283248901
1769714371.6706567,16.21653938293457,-19.225860595703125,17.318191528320312,-19.647315979003906,1.179517388343811
1769714371.690448,16.145732879638672,-19.241498947143555,17.263338088989258,-19.66407012939453,1.1948264837265015
1769714371.7103221,16.090595245361328,-19.253355026245117,17.2072811126709,-19.68467903137207,1.197090983390808
1769714371.730502,16.003835678100586,-19.271446228027344,17.140729904174805,-19.723478317260742,1.2234632968902588
1769714371.7505744,15.988045692443848,-19.27466583251953,17.11151695251465,-19.709917068481445,1.204837441444397
1769714371.770609,15.885309219360352,-19.295047760009766,17.0229549407959,-19.767961502075195,1.232024908065796
1769714371.7905076,15.85366153717041,-19.30113410949707,16.952497482299805,-19.770492553710938,1.1948796510696411
1769714371.8103719,15.742764472961426,-19.321739196777344,16.860172271728516,-19.836641311645508,1.230336308479309
1769714371.8303854,15.711043357849121,-19.327428817749023,16.79456329345703,-19.830615997314453,1.1946611404418945
1769714371.850342,15.631671905517578,-19.341264724731445,16.719209671020508,-19.86699676513672,1.2079448699951172
1769714371.8705966,15.607842445373535,-19.345308303833008,16.66073226928711,-19.847864151000977,1.1666786670684814
1769714371.8903763,15.568107604980469,-19.351938247680664,16.616943359375,-19.842618942260742,1.1579408645629883
1769714371.9105659,15.496527671813965,-19.363523483276367,16.53209686279297,-19.875774383544922,1.1553375720977783
1769714371.931093,15.440805435180664,-19.372224807739258,16.470590591430664,-19.88882064819336,1.1520980596542358
1769714371.950332,15.361129760742188,-19.384183883666992,16.383594512939453,-19.91844940185547,1.1536340713500977
1769714371.9706109,15.32923698425293,-19.388813018798828,16.337875366210938,-19.910144805908203,1.1354016065597534
1769714371.9912307,15.273393630981445,-19.39670181274414,16.27294921875,-19.933319091796875,1.134491205215454
1769714372.0116944,15.265413284301758,-19.39780616760254,16.242952346801758,-19.904775619506836,1.1011818647384644
1769714372.0305638,15.241466522216797,-19.401086807250977,16.203420639038086,-19.891334533691406,1.0796749591827393
1769714372.0511677,15.19355297088623,-19.40749740600586,16.176109313964844,-19.911808013916016,1.1044217348098755
1769714372.070506,15.129627227783203,-19.415735244750977,16.108999252319336,-19.930118560791016,1.1062372922897339
1769714372.0904944,15.057657241821289,-19.424577713012695,16.060325622558594,-19.985828399658203,1.1490623950958252
1769714372.110476,14.977627754211426,-19.433876037597656,15.983928680419922,-20.00081443786621,1.1550157070159912
1769714372.1303396,14.92156982421875,-19.440053939819336,15.923473358154297,-20.013044357299805,1.1541787385940552
1769714372.150658,14.841434478759766,-19.448408126831055,15.840292930603027,-20.050613403320312,1.1663484573364258
1769714372.1704922,14.785305976867676,-19.453929901123047,15.764283180236816,-20.054786682128906,1.1486620903015137
1769714372.1904097,14.71310043334961,-19.46062660217285,15.686038970947266,-20.05704689025879,1.141195297241211
1769714372.2105823,14.648883819580078,-19.466201782226562,15.61806583404541,-20.072093963623047,1.1429861783981323
1769714372.2304153,14.5766019821167,-19.472049713134766,15.50657844543457,-20.0810604095459,1.1116427183151245
1769714372.2506459,14.552499771118164,-19.47389793395996,15.464245796203613,-20.060728073120117,1.0842738151550293
1769714372.2708266,14.512321472167969,-19.476869583129883,15.402857780456543,-20.036649703979492,1.0518600940704346
1769714372.2902951,14.423891067504883,-19.48291778564453,15.315832138061523,-20.067626953125,1.066509485244751
1769714372.3103392,14.359549522399902,-19.486896514892578,15.204720497131348,-20.069686889648438,1.0266236066818237
1769714372.3304389,14.279092788696289,-19.491371154785156,15.120850563049316,-20.09093475341797,1.0334569215774536
1769714372.350392,14.214704513549805,-19.494550704956055,15.010077476501465,-20.082050323486328,0.9888245463371277
1769714372.3704712,14.166401863098145,-19.496702194213867,14.946906089782715,-20.07441520690918,0.9710509777069092
1769714372.3904052,14.101984977722168,-19.499258041381836,14.84570026397705,-20.075876235961914,0.9410629868507385
1769714372.410556,14.069770812988281,-19.500404357910156,14.792628288269043,-20.053503036499023,0.9101883172988892
1769714372.4305563,14.029499053955078,-19.501710891723633,14.706574440002441,-20.038333892822266,0.8639429807662964
1769714372.4506166,13.96505355834961,-19.503511428833008,14.62957763671875,-20.040008544921875,0.85406094789505
1769714372.4708114,13.91671371459961,-19.50463104248047,14.54615592956543,-20.044445037841797,0.8292142152786255
1769714372.4903886,13.844194412231445,-19.505931854248047,14.463086128234863,-20.052818298339844,0.8258997201919556
1769714372.5103562,13.755550384521484,-19.506914138793945,14.351862907409668,-20.08493423461914,0.8304800987243652
1769714372.5304515,13.707195281982422,-19.507165908813477,14.285179138183594,-20.073089599609375,0.8089098930358887
1769714372.5505228,13.642720222473145,-19.507190704345703,14.183197021484375,-20.066242218017578,0.7775944471359253
1769714372.5703397,13.578245162963867,-19.506860733032227,14.069751739501953,-20.043745040893555,0.7278897166252136
1769714372.5903697,13.489596366882324,-19.505826950073242,13.977197647094727,-20.05125617980957,0.7316070795059204
1769714372.6103895,13.425128936767578,-19.50465202331543,13.896520614624023,-20.045961380004883,0.7177917957305908
1769714372.630743,13.400955200195312,-19.504121780395508,13.80837345123291,-20.006620407104492,0.6469129920005798
1769714372.650399,13.35261058807373,-19.50290870666504,13.71419906616211,-19.983474731445312,0.6014068722724915
1769714372.670448,13.30427074432373,-19.501495361328125,13.64334487915039,-19.9626407623291,0.5723872780799866
1769714372.6905148,13.239827156066895,-19.499300003051758,13.540496826171875,-19.968093872070312,0.5569285750389099
1769714372.7102559,13.175395965576172,-19.49675178527832,13.451231002807617,-19.9652099609375,0.5436338186264038
1769714372.7303581,13.110978126525879,-19.49384880065918,13.363191604614258,-19.95054817199707,0.5217152833938599
1769714372.750686,13.05462646484375,-19.491018295288086,13.278813362121582,-19.938640594482422,0.5006255507469177
1769714372.77033,12.982192993164062,-19.48697853088379,13.162108421325684,-19.949012756347656,0.495827317237854
1769714372.7903078,12.925873756408691,-19.48352813720703,13.083181381225586,-19.93197250366211,0.47523626685142517
1769714372.8103743,12.8695707321167,-19.47980499267578,12.984119415283203,-19.935094833374023,0.4694780707359314
1769714372.8305116,12.821325302124023,-19.476398468017578,12.91104507446289,-19.91294288635254,0.445668488740921
1769714372.850506,12.765056610107422,-19.4721736907959,12.793294906616211,-19.89750099182129,0.42626339197158813
1769714372.8704615,12.692740440368652,-19.46634292602539,12.700304985046387,-19.89113998413086,0.4248642325401306
1769714372.890371,12.620460510253906,-19.460063934326172,12.638944625854492,-19.880374908447266,0.4207167625427246
1769714372.9104738,12.588348388671875,-19.457130432128906,12.57898998260498,-19.84418487548828,0.38716715574264526
1769714372.9305143,12.532172203063965,-19.451784133911133,12.500085830688477,-19.823915481567383,0.37351101636886597
1769714372.9504542,12.492061614990234,-19.447799682617188,12.443098068237305,-19.810226440429688,0.3657197654247284
1769714372.9704666,12.427912712097168,-19.441139221191406,12.360404014587402,-19.81550407409668,0.380403995513916
1769714372.9907444,12.363801002502441,-19.434123992919922,12.275408744812012,-19.801044464111328,0.377416729927063
1769714373.0104756,12.307734489440918,-19.427698135375977,12.15023422241211,-19.79269790649414,0.3975315988063812
1769714373.0313597,12.235694885253906,-19.419038772583008,12.057222366333008,-19.762365341186523,0.3869433104991913
1769714373.050457,12.171703338623047,-19.410968780517578,11.972801208496094,-19.748876571655273,0.39210253953933716
1769714373.0705538,12.139724731445312,-19.406801223754883,11.913497924804688,-19.710657119750977,0.3788233697414398
1769714373.090715,12.091777801513672,-19.400386810302734,11.791290283203125,-19.720172882080078,0.43881314992904663
1769714373.1104488,12.05184268951416,-19.39488983154297,11.724303245544434,-19.68989372253418,0.44080641865730286
1769714373.130376,11.980005264282227,-19.3846492767334,11.639006614685059,-19.71240234375,0.47297191619873047
1769714373.1504886,11.908231735229492,-19.373964309692383,11.560554504394531,-19.684030532836914,0.4658550024032593
1769714373.1710374,11.860419273376465,-19.366594314575195,11.480854988098145,-19.662782669067383,0.4814518094062805
1769714373.1903188,11.772842407226562,-19.35257339477539,11.43049430847168,-19.651853561401367,0.454721063375473
1769714373.210828,11.709217071533203,-19.341960906982422,11.345939636230469,-19.63379669189453,0.46598193049430847
1769714373.2304401,11.637707710266113,-19.32960319519043,11.236490249633789,-19.603073120117188,0.48555245995521545
1769714373.2508373,11.598012924194336,-19.322546005249023,11.173468589782715,-19.568275451660156,0.49053019285202026
1769714373.2703931,11.510770797729492,-19.306543350219727,11.007758140563965,-19.561922073364258,0.5641273856163025
1769714373.2903235,11.479076385498047,-19.300561904907227,10.951212882995605,-19.522541046142578,0.5726380944252014
1769714373.3104272,11.431564331054688,-19.291423797607422,10.879972457885742,-19.491804122924805,0.5868608951568604
1769714373.3302786,11.384090423583984,-19.28209114074707,10.809197425842285,-19.460800170898438,0.6020286679267883
1769714373.350576,11.360367774963379,-19.27735137939453,10.89555835723877,-19.481473922729492,0.5076550841331482
1769714373.3703578,11.336654663085938,-19.272563934326172,10.857253074645996,-19.44075584411621,0.508049488067627
1769714373.390957,11.257682800292969,-19.256250381469727,10.722776412963867,-19.432445526123047,0.5631784796714783
1769714373.4104812,11.202468872070312,-19.2445068359375,10.649256706237793,-19.41077995300293,0.5776594281196594
1769714373.4304636,11.123689651489258,-19.227272033691406,10.552218437194824,-19.400516510009766,0.5971542000770569
1769714373.4504185,11.09221076965332,-19.220226287841797,10.368536949157715,-19.343332290649414,0.7340700030326843
1769714373.470361,11.060751914978027,-19.21309471130371,10.314228057861328,-19.305156707763672,0.7521787285804749
1769714373.490336,10.96649169921875,-19.19118309020996,10.179107666015625,-19.33282470703125,0.8000221848487854
1769714373.510751,10.935111999511719,-19.183706283569336,10.124798774719238,-19.296588897705078,0.8181384205818176
1769714373.5304332,10.841096878051758,-19.1607608795166,10.066650390625,-19.302003860473633,0.7872216701507568
1769714373.5508523,10.825446128845215,-19.156862258911133,10.099780082702637,-19.254743576049805,0.7322381138801575
1769714373.5704992,10.755084991455078,-19.139049530029297,10.01061725616455,-19.2392635345459,0.751182496547699
1769714373.5912862,10.73165512084961,-19.133014678955078,9.963048934936523,-19.194225311279297,0.7710404396057129
1769714373.6103566,10.677035331726074,-19.118749618530273,9.89070987701416,-19.170724868774414,0.7880417108535767
1769714373.6304953,10.62248420715332,-19.10422134399414,9.782903671264648,-19.16242790222168,0.8415960073471069
1769714373.6503575,10.560226440429688,-19.087297439575195,9.709686279296875,-19.137893676757812,0.8520435094833374
1769714373.6706023,10.529131889343262,-19.07870864868164,9.662497520446777,-19.101655960083008,0.8669379353523254
1769714373.6905074,10.459257125854492,-19.059070587158203,9.656672477722168,-19.151023864746094,0.807835042476654
1769714373.7103784,10.428240776062012,-19.05020523071289,9.61328125,-19.119770050048828,0.8179231882095337
1769714373.7303383,10.389503479003906,-19.039003372192383,9.561698913574219,-19.092103958129883,0.8295066952705383
1769714373.750378,10.327606201171875,-19.02080535888672,9.51563549041748,-19.09772491455078,0.8156059384346008
1769714373.7705333,10.281248092651367,-19.006933212280273,9.423855781555176,-19.081989288330078,0.86067134141922
1769714373.7905881,10.2272367477417,-18.990509033203125,9.372941970825195,-19.050006866455078,0.8563641309738159
1769714373.8103623,10.165606498718262,-18.97142219543457,9.295595169067383,-19.03363037109375,0.872231662273407
1769714373.8305,10.11176586151123,-18.954444885253906,9.228006362915039,-19.013853073120117,0.8857537508010864
1769714373.8503487,10.034993171691895,-18.929744720458984,9.14883041381836,-18.9598445892334,0.8866733312606812
1769714373.8705697,9.973697662353516,-18.909605026245117,9.117518424987793,-18.952821731567383,0.8572684526443481
1769714373.8903534,9.90487289428711,-18.88654899597168,9.03454875946045,-18.937063217163086,0.8717884421348572
1769714373.9103518,9.843814849853516,-18.865699768066406,8.976726531982422,-18.904762268066406,0.8679679036140442
1769714373.9303963,9.782872200012207,-18.844514846801758,8.903850555419922,-18.883899688720703,0.8799036145210266
1769714373.9504414,9.729642868041992,-18.82570457458496,8.841320991516113,-18.860502243041992,0.8890030384063721
1769714373.9710991,9.69167709350586,-18.812114715576172,8.874610900878906,-18.828588485717773,0.8172330260276794
1769714373.9904733,9.661338806152344,-18.8011474609375,8.838628768920898,-18.77655792236328,0.8230771422386169
1769714374.0106401,9.623456954956055,-18.787322998046875,8.799067497253418,-18.744813919067383,0.825484573841095
1769714374.0309107,9.555390357971191,-18.762113571166992,8.710212707519531,-18.72575569152832,0.8459592461585999
1769714374.0504045,9.502556800842285,-18.742216110229492,8.678574562072754,-18.717411041259766,0.8243557810783386
1769714374.0706394,9.47994327545166,-18.733612060546875,8.655936241149902,-18.670244216918945,0.8264398574829102
1769714374.0904577,9.419726371765137,-18.710439682006836,8.588042259216309,-18.646812438964844,0.8341146111488342
1769714374.1104853,9.389665603637695,-18.69873046875,8.560667037963867,-18.612913131713867,0.8334289193153381
1769714374.1306982,9.337136268615723,-18.678043365478516,8.473799705505371,-18.550472259521484,0.8727113008499146
1769714374.1504765,9.284706115722656,-18.657102584838867,8.412344932556152,-18.506120681762695,0.8853302001953125
1769714374.1705537,9.224909782409668,-18.63286590576172,8.34406566619873,-18.47693634033203,0.8945386409759521
1769714374.1903086,9.150351524353027,-18.60211181640625,8.255568504333496,-18.452756881713867,0.9071622490882874
1769714374.210536,9.076004028320312,-18.57084846496582,8.178336143493652,-18.43670654296875,0.9076347947120667
1769714374.2305496,9.031497955322266,-18.551847457885742,8.132362365722656,-18.403966903686523,0.9112153053283691
1769714374.2503834,8.987070083618164,-18.532665252685547,8.07816219329834,-18.338516235351562,0.9294129014015198
1769714374.270389,8.9058256149292,-18.497024536132812,8.01561450958252,-18.28895378112793,0.9142029881477356
1769714374.2905226,8.883713722229004,-18.487197875976562,8.015905380249023,-18.243762969970703,0.9013058543205261
1769714374.3108225,8.824849128723145,-18.460773468017578,7.982123851776123,-18.197072982788086,0.8830198049545288
1769714374.3308294,8.751472473144531,-18.42729377746582,7.898684978485107,-18.16466522216797,0.8923113942146301
1769714374.3509233,8.714869499206543,-18.410364151000977,7.905165195465088,-18.10590171813965,0.8650542497634888
1769714374.3705904,8.692935943603516,-18.400148391723633,7.888254642486572,-18.062042236328125,0.8728269934654236
1769714374.390483,8.649130821228027,-18.379579544067383,7.855207443237305,-18.021669387817383,0.8708695769309998
1769714374.410872,8.569042205810547,-18.341405868530273,7.764221668243408,-17.98505210876465,0.8801846504211426
1769714374.4302862,8.51822566986084,-18.316801071166992,7.737411975860596,-17.97433090209961,0.8526181578636169
1769714374.4504151,8.445837020874023,-18.281232833862305,7.657766819000244,-17.937768936157227,0.8596636056900024
1769714374.4702685,8.395308494567871,-18.256038665771484,7.612424373626709,-17.87314224243164,0.8715036511421204
1769714374.4903846,8.359292030334473,-18.237897872924805,7.58936882019043,-17.828487396240234,0.8720070719718933
1769714374.510294,8.323336601257324,-18.21963119506836,7.566612720489502,-17.78371238708496,0.8733025789260864
1769714374.5302823,8.258773803710938,-18.186447143554688,7.612057209014893,-17.81646728515625,0.7450679540634155
1769714374.5503762,8.194416046142578,-18.152864456176758,7.549288749694824,-17.77748680114746,0.7463898658752441
1769714374.5704541,8.137383460998535,-18.122682571411133,7.50013542175293,-17.738677978515625,0.7440062165260315
1769714374.5903192,8.066325187683105,-18.084518432617188,7.426874160766602,-17.699787139892578,0.7462677359580994
1769714374.6105134,8.002595901489258,-18.04975700378418,7.365335941314697,-17.6595458984375,0.7472373843193054
1769714374.6303484,7.939080715179443,-18.014602661132812,7.266310691833496,-17.559843063354492,0.8120502829551697
1769714374.6503298,7.910921096801758,-17.998855590820312,7.261103630065918,-17.513324737548828,0.8111737966537476
1769714374.670281,7.868762969970703,-17.975088119506836,7.222053527832031,-17.45876693725586,0.8275383710861206
1769714374.690307,7.826702117919922,-17.951148986816406,7.194840908050537,-17.411922454833984,0.8306707739830017
1769714374.7103665,7.805708408355713,-17.93911361694336,7.227685928344727,-17.386289596557617,0.7998285889625549
1769714374.7303245,7.756818771362305,-17.91086769104004,7.246511459350586,-17.368629455566406,0.7446052432060242
1769714374.750517,7.687211990356445,-17.87010955810547,7.178055763244629,-17.323230743408203,0.7472059726715088
1769714374.7704687,7.659447193145752,-17.853673934936523,7.178030014038086,-17.276981353759766,0.7512238025665283
1769714374.7904835,7.604052543640137,-17.820575714111328,7.064153671264648,-17.215105056762695,0.8112242817878723
1769714374.8104606,7.548839092254639,-17.787174224853516,7.031337261199951,-17.181331634521484,0.7967771887779236
1769714374.8304768,7.514423847198486,-17.766145706176758,7.018758773803711,-17.135149002075195,0.8023967742919922
1769714374.8504705,7.445808410644531,-17.723735809326172,6.949992656707764,-17.087251663208008,0.8068122863769531
1769714374.870427,7.391125679016113,-17.689472198486328,6.9182515144348145,-17.07789421081543,0.7730702757835388
1769714374.8903682,7.37748384475708,-17.68086051940918,6.940666198730469,-17.03443717956543,0.7801744341850281
1769714374.910401,7.329831600189209,-17.650569915771484,6.906820774078369,-16.98813819885254,0.7859733700752258
1769714374.9304426,7.289102554321289,-17.624425888061523,6.834759712219238,-16.946441650390625,0.8161438703536987
1769714374.950369,7.228210926055908,-17.58489990234375,6.7760910987854,-16.899972915649414,0.8206940293312073
1769714374.9706712,7.207967758178711,-17.57164192199707,6.807188034057617,-16.874919891357422,0.8037707805633545
1769714374.990349,7.133976459503174,-17.522676467895508,6.726917266845703,-16.82712745666504,0.8059056997299194
1769714375.0108106,7.113861083984375,-17.509225845336914,6.731650352478027,-16.784912109375,0.8189724683761597
1769714375.0303495,7.02701473236084,-17.45046615600586,6.628942966461182,-16.73463249206543,0.8190709948539734
1769714375.050331,6.9871087074279785,-17.423086166381836,6.598374843597412,-16.668771743774414,0.8485899567604065
1769714375.0706127,6.920849323272705,-17.377092361450195,6.531546115875244,-16.61789321899414,0.8531947135925293
1769714375.0903625,6.874655723571777,-17.344629287719727,6.498957633972168,-16.546945571899414,0.8817303776741028
1769714375.1106775,6.8351850509643555,-17.316627502441406,6.477876663208008,-16.49897003173828,0.8923202753067017
1769714375.1303618,6.776195526123047,-17.274324417114258,6.412103652954102,-16.43142318725586,0.9181752800941467
1769714375.1503565,6.7370147705078125,-17.245922088623047,6.402631759643555,-16.38419532775879,0.924329400062561
1769714375.170415,6.67197322845459,-17.198226928710938,6.330326557159424,-16.34187889099121,0.9219842553138733
1769714375.1904097,6.646048069000244,-17.179025650024414,6.331880569458008,-16.296918869018555,0.9363831877708435
1769714375.2105818,6.613716125488281,-17.154924392700195,6.328408718109131,-16.276477813720703,0.9236159920692444
1769714375.2308424,6.536457538604736,-17.09663200378418,6.254100322723389,-16.22020721435547,0.9207850694656372
1769714375.2502646,6.491611957550049,-17.062335968017578,6.212100505828857,-16.175270080566406,0.930059552192688
1769714375.2703736,6.4341959953308105,-17.017927169799805,6.159516334533691,-16.122333526611328,0.9367697834968567
1769714375.2906976,6.389729022979736,-16.983144760131836,6.118805408477783,-16.070266723632812,0.9522317051887512
1769714375.3104975,6.339114665985107,-16.943132400512695,6.1346049308776855,-16.076427459716797,0.8905074000358582
1769714375.3303683,6.295007705688477,-16.907896041870117,6.0901994705200195,-16.019868850708008,0.9113397002220154
1769714375.350622,6.2385478019714355,-16.862281799316406,6.088166236877441,-15.976110458374023,0.8988410234451294
1769714375.3705137,6.1885986328125,-16.821447372436523,6.050233364105225,-15.926079750061035,0.9059949517250061
1769714375.3904407,6.12647819519043,-16.77001953125,5.991593837738037,-15.870993614196777,0.9090879559516907
1769714375.4103951,6.101728916168213,-16.749330520629883,6.008417129516602,-15.855660438537598,0.8985276222229004
1769714375.4303246,6.064712047576904,-16.718168258666992,6.003280162811279,-15.828436851501465,0.8918499946594238
1769714375.451561,6.015556335449219,-16.67638397216797,5.967377662658691,-15.77938461303711,0.8982929587364197
1769714375.4728594,6.003303050994873,-16.665897369384766,5.996491432189941,-15.744587898254395,0.9213337302207947
1769714375.4908907,5.9971818923950195,-16.660646438598633,6.034104824066162,-15.71345043182373,0.9479149580001831
1769714375.5107243,5.972733497619629,-16.639604568481445,5.970407485961914,-15.724467277526855,0.9151393175125122
1769714375.5310488,5.917936325073242,-16.592012405395508,5.896382808685303,-15.697955131530762,0.8943182826042175
1769714375.5505052,5.881568908691406,-16.56009864807129,5.866603374481201,-15.655595779418945,0.9046263694763184
1769714375.57052,5.821248531341553,-16.506576538085938,5.801746368408203,-15.645553588867188,0.861243486404419
1769714375.590727,5.761297225952148,-16.452640533447266,5.750422477722168,-15.599878311157227,0.8528311848640442
1769714375.6104145,5.701717376708984,-16.39829444885254,5.72583532333374,-15.585229873657227,0.8134215474128723
1769714375.630582,5.677990436553955,-16.376441955566406,5.726969242095947,-15.55605411529541,0.8218480944633484
1769714375.6503477,5.618935585021973,-16.32152557373047,5.650442123413086,-15.502890586853027,0.819240927696228
1769714375.6704721,5.566109657287598,-16.27175521850586,5.610759258270264,-15.461201667785645,0.8117821216583252
1769714375.6904466,5.536894798278809,-16.24396324157715,5.6009674072265625,-15.429370880126953,0.8171087503433228
1769714375.710404,5.501964092254639,-16.210481643676758,5.624319553375244,-15.40893268585205,0.8108341693878174
1769714375.7303977,5.4671711921691895,-16.176856994628906,5.609862327575684,-15.385967254638672,0.803658664226532
1769714375.7502844,5.409491539001465,-16.12049674987793,5.551563739776611,-15.338484764099121,0.7948135733604431
1769714375.7703428,5.36934757232666,-16.080810546875,5.540402412414551,-15.307798385620117,0.7917112708091736
1769714375.790446,5.329394340515137,-16.040929794311523,5.512734889984131,-15.270821571350098,0.791631817817688
1769714375.8103986,5.283969402313232,-15.995118141174316,5.465569972991943,-15.233698844909668,0.7827762365341187
1769714375.83046,5.255706787109375,-15.96635913848877,5.456498622894287,-15.204811096191406,0.7875744700431824
1769714375.8505168,5.216305732727051,-15.925933837890625,5.434616565704346,-15.148491859436035,0.8075119256973267
1769714375.8705697,5.188281536102295,-15.896942138671875,5.426025390625,-15.118491172790527,0.8139463067054749
1769714375.8905323,5.1603569984436035,-15.867855072021484,5.396667957305908,-15.098838806152344,0.8045049905776978
1769714375.910417,5.115886211395264,-15.821115493774414,5.357734203338623,-15.05826473236084,0.8002697229385376
1769714375.930465,5.093747615814209,-15.797654151916504,5.371009826660156,-15.051573753356934,0.7959335446357727
1769714375.9504445,5.071673393249512,-15.77413272857666,5.37061882019043,-15.027634620666504,0.8041309714317322
1769714375.9706485,5.0113043785095215,-15.709134101867676,5.29569149017334,-14.978521347045898,0.7840095162391663
1769714375.9907143,4.984026908874512,-15.679438591003418,5.2852983474731445,-14.950879096984863,0.7883933782577515
1769714376.0102978,4.929779529571533,-15.619767189025879,5.220278263092041,-14.922255516052246,0.7555874586105347
1769714376.0305371,4.913585186004639,-15.60179328918457,5.227039337158203,-14.904932022094727,0.7641136646270752
1769714376.0504627,4.854525566101074,-15.535602569580078,5.149650573730469,-14.841547966003418,0.7541958093643188
1769714376.0703127,4.827846527099609,-15.50536823272705,5.146319389343262,-14.820023536682129,0.7557265758514404
1769714376.0905416,4.764242172241211,-15.432433128356934,5.101808071136475,-14.771203994750977,0.7424110174179077
1769714376.110357,4.7484354972839355,-15.414116859436035,5.107880592346191,-14.75506591796875,0.7506995797157288
1769714376.1305003,4.696020126342773,-15.352828979492188,5.069255352020264,-14.700811386108398,0.7512863278388977
1769714376.1505363,4.659581661224365,-15.309713363647461,5.061554908752441,-14.67600154876709,0.7504482865333557
1769714376.1706135,4.607888221740723,-15.247814178466797,5.007191181182861,-14.62798023223877,0.7373174428939819
1769714376.1903253,4.561729907989502,-15.191802024841309,4.98218297958374,-14.589129447937012,0.7348434329032898
1769714376.2105913,4.531151294708252,-15.154301643371582,4.963975429534912,-14.559638023376465,0.7355012893676758
1769714376.2304435,4.5057878494262695,-15.122955322265625,4.982992172241211,-14.554034233093262,0.742560088634491
1769714376.2504067,4.480532646179199,-15.091521263122559,4.97403621673584,-14.53007698059082,0.7475063800811768
1769714376.2703233,4.465431213378906,-15.072619438171387,4.94818639755249,-14.506921768188477,0.7436844110488892
1769714376.2907786,4.430347919464111,-15.028392791748047,4.920962333679199,-14.473236083984375,0.7408791780471802
1769714376.3103802,4.400446891784668,-14.990349769592285,4.897982120513916,-14.454057693481445,0.7315402030944824
1769714376.3308125,4.35589075088501,-14.933053970336914,4.854261875152588,-14.410690307617188,0.7219679951667786
1769714376.3504796,4.316585063934326,-14.881892204284668,4.821127414703369,-14.370245933532715,0.7185719013214111
1769714376.3704967,4.272705078125,-14.824077606201172,4.77677059173584,-14.326858520507812,0.7080317735671997
1769714376.3903842,4.234002590179443,-14.77245807647705,4.745388507843018,-14.304828643798828,0.6929594874382019
1769714376.4105895,4.219563007354736,-14.753045082092285,4.749825477600098,-14.292963981628418,0.7020352482795715
1769714376.4306028,4.195586204528809,-14.720624923706055,4.7352471351623535,-14.27083969116211,0.7025250196456909
1769714376.450825,4.157456874847412,-14.668581008911133,4.691125869750977,-14.22807502746582,0.6919882893562317
1769714376.4705403,4.124330043792725,-14.622869491577148,4.662533760070801,-14.195697784423828,0.6871238350868225
1769714376.4904637,4.077390670776367,-14.557290077209473,4.645755290985107,-14.151494979858398,0.6983609795570374
1769714376.5105953,4.035533905029297,-14.497992515563965,4.6035475730896,-14.114611625671387,0.6852887868881226
1769714376.5306227,4.017049789428711,-14.47155475616455,4.590969562530518,-14.093289375305176,0.6873640418052673
1769714376.5503144,3.9803006649017334,-14.418525695800781,4.566302299499512,-14.042204856872559,0.6964302659034729
1769714376.570379,3.9483864307403564,-14.371959686279297,4.538937568664551,-14.009033203125,0.6931564807891846
1769714376.5904992,3.921211004257202,-14.33192253112793,4.511117458343506,-13.962531089782715,0.696016788482666
1769714376.61062,3.8942017555236816,-14.291772842407227,4.491302490234375,-13.933906555175781,0.6961306929588318
1769714376.6306105,3.862901449203491,-14.244791030883789,4.476085186004639,-13.897384643554688,0.704759418964386
1769714376.6503737,3.8318288326263428,-14.19765853881836,4.4490065574646,-13.862985610961914,0.702078640460968
1769714376.6704476,3.8009846210479736,-14.150376319885254,4.408681392669678,-13.818829536437988,0.6922560334205627
1769714376.6905377,3.774729013442993,-14.109729766845703,4.388495445251465,-13.789898872375488,0.6920989751815796
1769714376.7104359,3.7399845123291016,-14.055365562438965,4.37075138092041,-13.741850852966309,0.7043849229812622
1769714376.730495,3.7227251529693604,-14.028111457824707,4.365774631500244,-13.723567008972168,0.7115194797515869
1769714376.7505653,3.6969776153564453,-13.987142562866211,4.335379123687744,-13.680475234985352,0.7082379460334778
1769714376.7706466,3.6629128456115723,-13.932352066040039,4.318115234375,-13.639449119567871,0.7176924347877502
1769714376.7905116,3.6207594871520996,-13.863603591918945,4.271183490753174,-13.585098266601562,0.7075428366661072
1769714376.8105004,3.595696210861206,-13.822216033935547,4.253398418426514,-13.546048164367676,0.7133309841156006
1769714376.8303325,3.5543062686920166,-13.753008842468262,4.200788497924805,-13.484786987304688,0.6999159455299377
1769714376.8506575,3.541982650756836,-13.732192039489746,4.2087602615356445,-13.478111267089844,0.7135471105575562
1769714376.870494,3.5012168884277344,-13.662618637084961,4.163524627685547,-13.422457695007324,0.7045062780380249
1769714376.8902562,3.4810147285461426,-13.627727508544922,4.166807651519775,-13.382349967956543,0.7283694744110107
1769714376.9105492,3.452934980392456,-13.578764915466309,4.143314838409424,-13.343658447265625,0.7293142080307007
1769714376.9304907,3.4409735202789307,-13.5577392578125,4.144848346710205,-13.329904556274414,0.7398303151130676
1769714376.950411,3.4211347103118896,-13.522643089294434,4.125809669494629,-13.29770278930664,0.7397059202194214
1769714376.970509,3.3935649394989014,-13.473393440246582,4.096827507019043,-13.25881290435791,0.7352705597877502
1769714376.9903953,3.350724220275879,-13.395734786987305,4.040966510772705,-13.188374519348145,0.7207168340682983
1769714377.0104232,3.3391430377960205,-13.374499320983887,4.047532081604004,-13.18084716796875,0.7343818545341492
1769714377.0304732,3.3046653270721436,-13.310650825500488,4.005967617034912,-13.131752967834473,0.7237609624862671
1769714377.0503194,3.2932612895965576,-13.289320945739746,4.0059075355529785,-13.1181001663208,0.7329263091087341
1769714377.0704267,3.263068437576294,-13.23232650756836,3.966582775115967,-13.057385444641113,0.7249390482902527
1769714377.0903628,3.236910104751587,-13.182320594787598,3.9517548084259033,-13.021060943603516,0.7328081130981445
1769714377.1103945,3.196296453475952,-13.10348892211914,3.904144525527954,-12.955282211303711,0.7231971621513367
1769714377.1302896,3.1816773414611816,-13.074746131896973,3.8965466022491455,-12.929266929626465,0.729522168636322
1769714377.150334,3.1418874263763428,-12.995499610900879,3.849179267883301,-12.862859725952148,0.719621479511261
1769714377.1704404,3.113330602645874,-12.937678337097168,3.8270342350006104,-12.823573112487793,0.72276771068573
1769714377.1905448,3.0921239852905273,-12.894208908081055,3.803744077682495,-12.783327102661133,0.7202069163322449
1769714377.2105877,3.060654401779175,-12.828842163085938,3.7702910900115967,-12.731992721557617,0.7162152528762817
1769714377.230651,3.036461114883423,-12.777868270874023,3.74651837348938,-12.691527366638184,0.7152873873710632
1769714377.2502768,3.00911545753479,-12.71946907043457,3.7121119499206543,-12.637510299682617,0.7077580690383911
1769714377.2702885,2.9787402153015137,-12.653592109680176,3.7084121704101562,-12.588738441467285,0.7325483560562134
1769714377.2903676,2.962043285369873,-12.616912841796875,3.695443630218506,-12.554574966430664,0.7360448241233826
1769714377.3104355,2.9454739093780518,-12.58017635345459,3.684269666671753,-12.526703834533691,0.7407281398773193
1769714377.3303351,2.9323105812072754,-12.550745964050293,3.676050901412964,-12.511601448059082,0.7447699904441833
1769714377.35044,2.909471273422241,-12.499156951904297,3.6499321460723877,-12.462916374206543,0.7413471341133118
1769714377.3705168,2.88688325881958,-12.447458267211914,3.6113784313201904,-12.40902042388916,0.7255141139030457
1769714377.3903775,2.867722511291504,-12.403059005737305,3.599363327026367,-12.380952835083008,0.7319746613502502
1769714377.410354,2.8550515174865723,-12.373414993286133,3.592982530593872,-12.353696823120117,0.7381945848464966
1769714377.4305825,2.833075523376465,-12.321455955505371,3.5766072273254395,-12.318512916564941,0.7435374855995178
1769714377.450557,2.8113527297973633,-12.269391059875488,3.5518534183502197,-12.25912094116211,0.7405717968940735
1769714377.4704235,2.7807600498199463,-12.194832801818848,3.5159504413604736,-12.194937705993652,0.7351904511451721
1769714377.4903774,2.7536699771881104,-12.127551078796387,3.4968533515930176,-12.135308265686035,0.7432237863540649
1769714377.5111847,2.7299435138702393,-12.067605018615723,3.4767606258392334,-12.097752571105957,0.747425377368927
1769714377.5304697,2.7065508365631104,-12.007530212402344,3.4522106647491455,-12.047280311584473,0.74671870470047
1769714377.550438,2.694979667663574,-11.977444648742676,3.4463396072387695,-12.025494575500488,0.7528948783874512
1769714377.5705042,2.6777799129486084,-11.932255744934082,3.4129884243011475,-12.012451171875,0.739569365978241
1769714377.5904927,2.660768508911133,-11.88699722290039,3.3966660499572754,-11.977532386779785,0.741445779800415
1769714377.610723,2.6439461708068848,-11.841668128967285,3.372124671936035,-11.937697410583496,0.7344831228256226
1769714377.6306322,2.6218104362487793,-11.781122207641602,3.347163438796997,-11.887917518615723,0.733172595500946
1769714377.6505268,2.6163291931152344,-11.765966415405273,3.347799301147461,-11.881668090820312,0.740564227104187
1769714377.6708276,2.6054296493530273,-11.73563289642334,3.339496612548828,-11.862405776977539,0.7449331879615784
1769714377.6911485,2.5865585803985596,-11.682477951049805,3.294919490814209,-11.815132141113281,0.7206748723983765
1769714377.7103646,2.567946434020996,-11.629231452941895,3.278751850128174,-11.77271842956543,0.7251433730125427
1769714377.7307484,2.5366427898406982,-11.537745475769043,3.2368407249450684,-11.693291664123535,0.7172667384147644
1769714377.7506397,2.5136661529541016,-11.468962669372559,3.202253818511963,-11.622103691101074,0.7054110169410706
1769714377.770381,2.4911203384399414,-11.400038719177246,3.173121452331543,-11.563604354858398,0.7013410925865173
1769714377.7903278,2.4763290882110596,-11.354012489318848,3.168353796005249,-11.546107292175293,0.7181913256645203
1769714377.8104293,2.452104091644287,-11.277166366577148,3.1363563537597656,-11.480806350708008,0.7139119505882263
1769714377.8305333,2.4378252029418945,-11.230979919433594,3.114701509475708,-11.442319869995117,0.7091024518013
1769714377.850353,2.4167673587799072,-11.161588668823242,3.0863258838653564,-11.38405704498291,0.7055498957633972
1769714377.870421,2.4052557945251465,-11.122982025146484,3.0679335594177246,-11.358734130859375,0.7033637166023254
1769714377.8903954,2.3938779830932617,-11.084336280822754,3.0549116134643555,-11.330659866333008,0.705436646938324
1769714377.910374,2.3848721981048584,-11.053391456604004,3.027921199798584,-11.329207420349121,0.6997047662734985
1769714377.9304166,2.3627336025238037,-10.975920677185059,2.99513840675354,-11.264213562011719,0.6950171589851379
1769714377.9503233,2.358370542526245,-10.960408210754395,2.9881155490875244,-11.272882461547852,0.7030072808265686
1769714377.970398,2.3368773460388184,-10.882756233215332,2.955537796020508,-11.20824146270752,0.6990576982498169
1769714377.9906223,2.3326432704925537,-10.867207527160645,2.9489705562591553,-11.196518898010254,0.6987884044647217
1769714378.0102794,2.307692766189575,-10.773797988891602,2.9100492000579834,-11.116005897521973,0.6927769780158997
1769714378.0303526,2.301576614379883,-10.750412940979004,2.9021236896514893,-11.10435962677002,0.697090744972229
1769714378.0504103,2.289490222930908,-10.703605651855469,2.894078016281128,-11.06108283996582,0.7023646235466003
1769714378.0705593,2.2775988578796387,-10.65674877166748,2.866302251815796,-11.02463436126709,0.6941983699798584
1769714378.0904167,2.258213758468628,-10.578545570373535,2.835012197494507,-10.958763122558594,0.6908417344093323
1769714378.1104305,2.246843099594116,-10.531559944152832,2.8025684356689453,-10.924283027648926,0.6804867386817932
1769714378.1304073,2.2265055179595947,-10.445298194885254,2.767613649368286,-10.850634574890137,0.6760883331298828
1769714378.1506565,2.2156898975372314,-10.398181915283203,2.7274134159088135,-10.792928695678711,0.6462862491607666
1769714378.1703472,2.196371078491211,-10.311686515808105,2.695127248764038,-10.726357460021973,0.6486214399337769
1769714378.1904252,2.1827361583709717,-10.248689651489258,2.66641902923584,-10.674992561340332,0.6447346806526184
1769714378.210389,2.1678149700164795,-10.177729606628418,2.6373212337493896,-10.616166114807129,0.6423880457878113
1769714378.230485,2.1678149700164795,-10.177729606628418,2.6388132572174072,-10.600700378417969,0.6330429315567017
1769714378.2504284,2.1454861164093018,-10.06716537475586,2.595731735229492,-10.501876831054688,0.625855028629303
1769714378.2704415,2.1423840522766113,-10.051353454589844,2.609043836593628,-10.481666564941406,0.6347764730453491
1769714378.290449,2.124232769012451,-9.956390380859375,2.573831558227539,-10.397194862365723,0.6296406388282776
1769714378.3104367,2.1183581352233887,-9.924702644348145,2.5596272945404053,-10.355597496032715,0.6167564392089844
1769714378.3304648,2.1012625694274902,-9.829545021057129,2.5249619483947754,-10.270270347595215,0.611359179019928
1769714378.350397,2.0998737812042236,-9.821608543395996,2.5219967365264893,-10.270210266113281,0.6159800291061401
1769714378.370458,2.0836379528045654,-9.726300239562988,2.490565538406372,-10.177273750305176,0.6074273586273193
1769714378.390369,2.075817823410034,-9.678595542907715,2.4726905822753906,-10.12692642211914,0.5987557172775269
1769714378.410429,2.059556722640991,-9.575127601623535,2.4369986057281494,-10.032660484313965,0.5931262373924255
1769714378.430378,2.053551197052002,-9.535293579101562,2.4236838817596436,-10.000385284423828,0.5943974256515503
1769714378.4503977,2.0397026538848877,-9.43960952758789,2.3915727138519287,-9.913516998291016,0.5902550220489502
1769714378.4705446,2.0385847091674805,-9.431631088256836,2.39190673828125,-9.910884857177734,0.5954166054725647
1769714378.49039,2.0277090072631836,-9.351799964904785,2.3658909797668457,-9.839289665222168,0.593306839466095
1769714378.5103889,2.0235140323638916,-9.319847106933594,2.3539721965789795,-9.827483177185059,0.6057197451591492
1769714378.5304067,2.0134153366088867,-9.239914894104004,2.3282289505004883,-9.756329536437988,0.6048067808151245
1769714378.5504653,2.0114622116088867,-9.223920822143555,2.318329095840454,-9.75026798248291,0.6092696189880371
1769714378.5703747,2.001117467880249,-9.13590145111084,2.2900819778442383,-9.671221733093262,0.6083320379257202
1769714378.5904734,2.0002102851867676,-9.127896308898926,2.292649984359741,-9.663923263549805,0.6106110215187073
1769714378.6103961,1.9889229536056519,-9.023767471313477,2.2603583335876465,-9.569031715393066,0.6090894341468811
1769714378.6304395,1.988093376159668,-9.015752792358398,2.2587409019470215,-9.566842079162598,0.6139620542526245
1769714378.650464,1.9793320894241333,-8.927559852600098,2.2256531715393066,-9.467562675476074,0.5935294032096863
1769714378.6706138,1.9770591259002686,-8.903494834899902,2.2218000888824463,-9.456840515136719,0.6050532460212708
1769714378.6905477,1.9719501733779907,-8.847326278686523,2.199361562728882,-9.41323471069336,0.6098924875259399
1769714378.7113836,1.9664452075958252,-8.783102035522461,2.1829681396484375,-9.36457633972168,0.6204792261123657
1769714378.7302337,1.9612960815429688,-8.71884822845459,2.1488046646118164,-9.282672882080078,0.5941871404647827
1769714378.7508113,1.9565021991729736,-8.65456485748291,2.132214069366455,-9.233063697814941,0.6045952439308167
1769714378.7707033,1.9520620107650757,-8.590255737304688,2.11858868598938,-9.18685245513916,0.6194021105766296
1769714378.790793,1.9489637613296509,-8.542006492614746,2.1050865650177,-9.14493179321289,0.6228107810020447
1769714378.8105316,1.9484667778015137,-8.533964157104492,2.098635196685791,-9.142119407653809,0.626420795917511
1769714378.8304377,1.9425119161605835,-8.429378509521484,2.0682859420776367,-9.046554565429688,0.6298620104789734
1769714378.8503644,1.9412710666656494,-8.405235290527344,2.0623204708099365,-9.027597427368164,0.6340249180793762
1769714378.870569,1.9385701417922974,-8.348891258239746,2.054572105407715,-8.997830390930176,0.6592249274253845
1769714378.890309,1.9361413717269897,-8.292534828186035,2.0295305252075195,-8.926039695739746,0.6403513550758362
1769714378.9102948,1.9334185123443604,-8.220059394836426,2.0097527503967285,-8.860822677612305,0.6452944874763489
1769714378.930366,1.931145429611206,-8.147566795349121,1.9915326833724976,-8.792020797729492,0.6472771763801575
1769714378.9504492,1.9300769567489624,-8.107287406921387,1.981753945350647,-8.75695514678955,0.651719868183136
1769714378.970376,1.9283565282821655,-8.026716232299805,1.9631989002227783,-8.671932220458984,0.6461561322212219
1769714378.9904084,1.9274827241897583,-7.970310211181641,1.957306146621704,-8.627253532409668,0.6576203107833862
1769714379.0104108,1.9267590045928955,-7.8977813720703125,1.9395725727081299,-8.561023712158203,0.6633661985397339
1769714379.0306876,1.9264931678771973,-7.833308219909668,1.9187586307525635,-8.501153945922852,0.6678907871246338
1769714379.0504613,1.92658269405365,-7.768833160400391,1.9033974409103394,-8.4423189163208,0.6738850474357605
1769714379.0703726,1.9268829822540283,-7.720477104187012,1.8948273658752441,-8.4100923538208,0.6903600096702576
1769714379.090439,1.9273830652236938,-7.672122001647949,1.8847105503082275,-8.366793632507324,0.6959808468818665
1769714379.110347,1.9283604621887207,-7.607651710510254,1.8715741634368896,-8.304255485534668,0.6989145874977112
1769714379.130448,1.9293266534805298,-7.559302806854248,1.862133502960205,-8.26055908203125,0.7044686079025269
1769714379.150347,1.9318578243255615,-7.462616443634033,1.839083194732666,-8.158052444458008,0.7015970945358276
1769714379.1705298,1.9321048259735107,-7.454560279846191,1.841974139213562,-8.151251792907715,0.7024969458580017
1769714379.1903398,1.9361445903778076,-7.341790676116943,1.813012957572937,-8.027905464172363,0.6970762014389038
1769714379.2105007,1.937151551246643,-7.317630767822266,1.8118259906768799,-8.005062103271484,0.6987615823745728
1769714379.23044,1.9425100088119507,-7.2049126625061035,1.7852586507797241,-7.899469375610352,0.7121357321739197
1769714379.250299,1.943364143371582,-7.188814163208008,1.784896969795227,-7.890949249267578,0.7197954654693604
1769714379.2703109,1.9489537477493286,-7.09224796295166,1.75174880027771,-7.795032978057861,0.7299292087554932
1769714379.2904582,1.9504756927490234,-7.068113327026367,1.750712275505066,-7.771781921386719,0.7314742207527161
1769714379.3103333,1.9570611715316772,-6.971607208251953,1.7366691827774048,-7.688328742980957,0.7498411536216736
1769714379.330314,1.9588319063186646,-6.947489261627197,1.736780047416687,-7.665226936340332,0.7513017058372498
1769714379.3504195,1.9670801162719727,-6.843019962310791,1.7143657207489014,-7.559366703033447,0.7596166133880615
1769714379.3704784,1.9698057174682617,-6.810890197753906,1.7127423286437988,-7.528247356414795,0.7620256543159485
1769714379.3902426,1.9792742729187012,-6.706521034240723,1.6928396224975586,-7.443557262420654,0.7907384634017944
1769714379.4104633,1.9815917015075684,-6.68244743347168,1.6944093704223633,-7.420109272003174,0.7915924787521362
1769714379.4304771,1.9888417720794678,-6.610256195068359,1.6800994873046875,-7.352741241455078,0.8041182160377502
1769714379.4505546,1.9896749258041382,-6.602237701416016,1.6867313385009766,-7.344104290008545,0.8013368248939514
1769714379.4703634,1.9965382814407349,-6.53810977935791,1.6868319511413574,-7.286054611206055,0.8095303773880005
1769714379.4905102,2.001006841659546,-6.498048782348633,1.6876436471939087,-7.255194187164307,0.8194299936294556
1769714379.510437,2.0142509937286377,-6.385960578918457,1.6654918193817139,-7.141254425048828,0.8319264054298401
1769714379.530506,2.0152382850646973,-6.377959251403809,1.6743113994598389,-7.132205486297607,0.82771897315979
1769714379.5503247,2.0275139808654785,-6.281994342803955,1.6574703454971313,-7.056439399719238,0.8583108186721802
1769714379.5707915,2.029636859893799,-6.266010284423828,1.6646537780761719,-7.040257453918457,0.855962336063385
1769714379.5903916,2.0439705848693848,-6.1621832847595215,1.6375696659088135,-6.934685707092285,0.8728815913200378
1769714379.61052,2.046257972717285,-6.146221160888672,1.6472886800765991,-6.92581844329834,0.8757562041282654
1769714379.6304727,2.0568227767944336,-6.074430465698242,1.6379083395004272,-6.857872486114502,0.8884090781211853
1769714379.6505427,2.0703377723693848,-5.986774921417236,1.6283782720565796,-6.785711288452148,0.9130317568778992
1769714379.6704423,2.08188796043396,-5.915133476257324,1.6213382482528687,-6.713057041168213,0.9212968349456787
1769714379.6903694,2.089833974838257,-5.8674116134643555,1.620568871498108,-6.667207717895508,0.9272987842559814
1769714379.7104435,2.104912042617798,-5.780007362365723,1.6186212301254272,-6.588108062744141,0.9431359767913818
1769714379.7303479,2.11055850982666,-5.748251914978027,1.6239781379699707,-6.557036399841309,0.9438709616661072
1769714379.7503307,2.120649814605713,-5.692717552185059,1.6327240467071533,-6.489070415496826,0.933942973613739
1769714379.770697,2.123582124710083,-5.676859378814697,1.6447216272354126,-6.471877574920654,0.9280955791473389
1769714379.7906322,2.135528802871704,-5.613466739654541,1.6527470350265503,-6.40458869934082,0.9267968535423279
1769714379.8105097,2.144717216491699,-5.565965175628662,1.6587601900100708,-6.365320205688477,0.9354801774024963
1769714379.8302586,2.1652965545654297,-5.463175296783447,1.6306082010269165,-6.2582855224609375,0.9581714272499084
1769714379.8504374,2.1734557151794434,-5.423689365386963,1.6366610527038574,-6.218652248382568,0.959226131439209
1769714379.8702989,2.1935904026031494,-5.329038143157959,1.6275240182876587,-6.131194591522217,0.9817768931388855
1769714379.890445,2.1970221996307373,-5.313279151916504,1.6420005559921265,-6.113698482513428,0.9740228652954102
1769714379.910361,2.2198543548583984,-5.210959434509277,1.6343939304351807,-6.00025749206543,0.9827287197113037
1769714379.9304838,2.2270631790161133,-5.1795172691345215,1.6448949575424194,-5.96747350692749,0.9796913266181946
1769714379.9503856,2.2492074966430664,-5.085311412811279,1.6465113162994385,-5.876387596130371,0.9945070743560791
1769714379.9704196,2.254864454269409,-5.061788558959961,1.6610397100448608,-5.850919723510742,0.9876012802124023
1769714379.9904466,2.2740702629089355,-4.983463287353516,1.6577503681182861,-5.75834846496582,0.9900996088981628
1769714380.0107057,2.2779757976531982,-4.967813968658447,1.6757831573486328,-5.739627361297607,0.9789440035820007
1769714380.030349,2.2978250980377197,-4.889649391174316,1.6738064289093018,-5.662146091461182,0.993051290512085
1769714380.0511703,2.299839496612549,-4.881840229034424,1.6821833848953247,-5.629021167755127,0.9694216251373291
1769714380.0703013,2.326512575149536,-4.780450344085693,1.671994686126709,-5.528783321380615,0.994181215763092
1769714380.0905979,2.3349013328552246,-4.749301433563232,1.6856331825256348,-5.494529724121094,0.988389790058136
1769714380.1103897,2.362753391265869,-4.648228168487549,1.6477333307266235,-5.3750739097595215,1.019587516784668
1769714380.1305394,2.3671181201934814,-4.632700443267822,1.6652207374572754,-5.354835510253906,1.0070446729660034
1769714380.1502848,2.3937528133392334,-4.539661407470703,1.6318084001541138,-5.251605033874512,1.0427957773208618
1769714380.1705282,2.3960068225860596,-4.531918048858643,1.6505354642868042,-5.238405227661133,1.0270596742630005
1769714380.1903124,2.4257917404174805,-4.431396484375,1.6421324014663696,-5.125406742095947,1.0467911958694458
1769714380.210433,2.4445650577545166,-4.3696699142456055,1.6438390016555786,-5.060405731201172,1.0574867725372314
1769714380.2304194,2.454078435897827,-4.338845252990723,1.6662933826446533,-5.010440349578857,1.0352028608322144
1769714380.2503724,2.488039255142212,-4.231166839599609,1.6540534496307373,-4.900625705718994,1.0694425106048584
1769714380.2702665,2.495450496673584,-4.20813512802124,1.7082499265670776,-4.853107452392578,1.0176806449890137
1769714380.290332,2.5306618213653564,-4.100858211517334,1.6993333101272583,-4.7425127029418945,1.0501561164855957
1769714380.3104432,2.5383408069610596,-4.077914237976074,1.7477097511291504,-4.705918788909912,1.00969660282135
1769714380.3303986,2.556441307067871,-4.024440288543701,1.759255290031433,-4.647019386291504,1.0114891529083252
1769714380.3508077,2.5590479373931885,-4.016808032989502,1.7982133626937866,-4.628232479095459,0.9760680794715881
1769714380.370627,2.5774409770965576,-3.9634339809417725,1.8114509582519531,-4.569258213043213,0.9766082763671875
1769714380.391039,2.5880658626556396,-3.932973861694336,1.833673119544983,-4.526261329650879,0.9597388505935669
1769714380.4104798,2.6231722831726074,-3.834181547164917,1.8321311473846436,-4.422943592071533,0.9860966801643372
1769714380.430225,2.6396710872650146,-3.7886908054351807,1.8466928005218506,-4.363921165466309,0.9796451330184937
1769714380.450317,2.673227310180664,-3.697913885116577,1.8519564867019653,-4.275302410125732,1.003924012184143
1769714380.470523,2.673227310180664,-3.697913885116577,1.8685691356658936,-4.273696422576904,0.9894445538520813
1769714380.490333,2.713315010070801,-3.592358350753784,1.872182011604309,-4.163392066955566,1.0166535377502441
1769714380.5104675,2.730803966522217,-3.547238349914551,1.890477180480957,-4.11223840713501,1.0126076936721802
1769714380.5304136,2.7693302631378174,-3.44972562789917,1.909438967704773,-3.987504482269287,1.0142085552215576
1769714380.550708,2.778343677520752,-3.427271604537964,1.9374686479568481,-3.958226203918457,0.9944766163825989
1769714380.57039,2.8210134506225586,-3.3227312564849854,1.9557985067367554,-3.8445088863372803,1.0103706121444702
1769714380.5905223,2.8396060466766357,-3.2780537605285645,1.9784525632858276,-3.793020009994507,1.0033820867538452
1769714380.6103885,2.880516529083252,-3.181515693664551,2.0125949382781982,-3.6652169227600098,0.9936071038246155
1769714380.6305947,2.8900790214538574,-3.1592893600463867,2.0451712608337402,-3.636089324951172,0.9701583981513977
1769714380.6503997,2.919039011001587,-3.09272837638855,2.0762441158294678,-3.56186580657959,0.964569091796875
1769714380.6703484,2.925530195236206,-3.0779612064361572,2.113193988800049,-3.5407814979553223,0.9349292516708374
1769714380.6902575,2.951695680618286,-3.0189812183380127,2.119023084640503,-3.4757959842681885,0.9497490525245667
1769714380.710378,2.958287477493286,-3.004258632659912,2.155810594558716,-3.4550299644470215,0.9204149842262268
1769714380.7304208,2.9982590675354004,-2.9161128997802734,2.1664371490478516,-3.3525421619415283,0.9393603801727295
1769714380.750938,3.001622438430786,-2.9087822437286377,2.2070224285125732,-3.3394269943237305,0.9037944078445435
1769714380.7703893,3.0458028316497803,-2.8136932849884033,2.2117509841918945,-3.1980950832366943,0.9183720946311951
1769714380.7908926,3.07340931892395,-2.7553727626800537,2.236109733581543,-3.130690574645996,0.9175695776939392
1769714380.8102577,3.11541485786438,-2.6681761741638184,2.269120693206787,-3.022907018661499,0.9176317453384399
1769714380.8306522,3.129575252532959,-2.6391870975494385,2.304407835006714,-2.9863998889923096,0.8952417373657227
1769714380.850366,3.1761422157287598,-2.545241594314575,2.319761276245117,-2.881011486053467,0.9198530316352844
1769714380.8705611,3.183380126953125,-2.530825138092041,2.3735177516937256,-2.8388497829437256,0.8664618134498596
1769714380.8902745,3.2235405445098877,-2.451711893081665,2.4043850898742676,-2.746955633163452,0.8707379698753357
1769714380.9103997,3.2309060096740723,-2.4373600482940674,2.4468178749084473,-2.7265336513519287,0.8357126712799072
1769714380.9307325,3.2568397521972656,-2.3872079849243164,2.49214768409729,-2.635309934616089,0.8039331436157227
1769714380.950406,3.2717666625976562,-2.35860538482666,2.531090021133423,-2.5989010334014893,0.7786809206008911
1769714380.9704041,3.283012866973877,-2.3371801376342773,2.5566840171813965,-2.551694631576538,0.7573441863059998
1769714380.9904175,3.3132171630859375,-2.2801592350006104,2.5877397060394287,-2.483572244644165,0.7534549832344055
1769714381.0107536,3.3360745906829834,-2.237501859664917,2.6074986457824707,-2.42253041267395,0.7517036199569702
1769714381.0303674,3.3861968517303467,-2.145400047302246,2.6275837421417236,-2.3151698112487793,0.7773773670196533
1769714381.0506635,3.3861968517303467,-2.145400047302246,2.6749045848846436,-2.30995774269104,0.7300793528556824
1769714381.0704494,3.437134265899658,-2.053745746612549,2.6853184700012207,-2.1813862323760986,0.7625740170478821
1769714381.0904899,3.4768693447113037,-1.9835516214370728,2.712479591369629,-2.0970981121063232,0.7727771997451782
1769714381.1103013,3.521130323410034,-1.9066524505615234,2.7577662467956543,-1.9766154289245605,0.7665634751319885
1769714381.1302834,3.537368059158325,-1.8787717819213867,2.8004486560821533,-1.9476826190948486,0.7401345372200012
1769714381.1502948,3.5906660556793213,-1.7884666919708252,2.8619627952575684,-1.8218700885772705,0.7294684052467346
1769714381.1703947,3.603079319000244,-1.767694354057312,2.9076988697052,-1.7934181690216064,0.6958558559417725
1769714381.190458,3.6322085857391357,-1.7193245887756348,2.9621834754943848,-1.7208993434906006,0.6700271368026733
1769714381.2104065,3.6363890171051025,-1.712425947189331,3.0131494998931885,-1.7090810537338257,0.623248279094696
1769714381.230365,3.661569118499756,-1.671094298362732,3.045569896697998,-1.6373950242996216,0.6169202923774719
1769714381.250327,3.6826817989349365,-1.6367300748825073,3.089413642883301,-1.5931785106658936,0.5948644876480103
1769714381.2704875,3.6996562480926514,-1.6092907190322876,3.135615587234497,-1.557408094406128,0.5664218664169312
1769714381.2905164,3.7252585887908936,-1.5682185888290405,3.1575047969818115,-1.4792697429656982,0.5746792554855347
1769714381.3105884,3.776965856552124,-1.4863903522491455,3.2084081172943115,-1.3216893672943115,0.5919328927993774
1769714381.3304992,3.803069829940796,-1.4456359148025513,3.25060772895813,-1.2672910690307617,0.5805351138114929
1769714381.350346,3.8425369262695312,-1.384705662727356,3.299194097518921,-1.227807641029358,0.5655423998832703
1769714381.3709366,3.877931594848633,-1.3307501077651978,3.3419830799102783,-1.159412145614624,0.5626700520515442
1769714381.3905485,3.9136197566986084,-1.2769888639450073,3.3935251235961914,-1.0645997524261475,0.5617895126342773
1769714381.410242,3.9586410522460938,-1.2100629806518555,3.4320619106292725,-0.9709753394126892,0.5783153772354126
1769714381.4305851,3.994985818862915,-1.1567448377609253,3.4950716495513916,-0.9366587996482849,0.5462161302566528
1769714381.4513738,4.022434711456299,-1.116887092590332,3.5434725284576416,-0.8867350220680237,0.531389594078064
1769714381.4703686,4.040824890136719,-1.0903780460357666,3.5928921699523926,-0.8072013258934021,0.5299363732337952
1769714381.490795,4.068544864654541,-1.0507088899612427,3.6415655612945557,-0.7561489939689636,0.5187259912490845
1769714381.510306,4.124470233917236,-0.971713662147522,3.6899962425231934,-0.6028420925140381,0.5699419379234314
1769714381.530406,4.152675151824951,-0.9323889017105103,3.738619089126587,-0.5503087043762207,0.5634071230888367
1769714381.5504546,4.185783386230469,-0.8866568207740784,3.791278123855591,-0.5046035647392273,0.5491804480552673
1769714381.5706263,4.219109535217285,-0.841083824634552,3.840364694595337,-0.445112019777298,0.5479429960250854
1769714381.5904453,4.238250732421875,-0.8151140213012695,3.8763444423675537,-0.4204716980457306,0.53546142578125
1769714381.61045,4.296098709106445,-0.7375203371047974,3.920733690261841,-0.31903231143951416,0.5621664524078369
1769714381.6306107,4.339900016784668,-0.6796384453773499,3.988002300262451,-0.2757476270198822,0.5356863141059875
1769714381.6504135,4.3791327476501465,-0.6284154057502747,4.038356304168701,-0.21149884164333344,0.538468062877655
1769714381.6703148,4.403794765472412,-0.5965104699134827,4.090992450714111,-0.17370595037937164,0.5259363055229187
1769714381.6906075,4.453444957733154,-0.5329549312591553,4.130494117736816,-0.1399821937084198,0.5086498260498047
1769714381.7104352,4.493476390838623,-0.4823564291000366,4.182582378387451,-0.08801215142011642,0.5021578669548035
1769714381.7304595,4.543903827667236,-0.41941821575164795,4.22902250289917,-0.04509784281253815,0.48914822936058044
1769714381.7503257,4.574366092681885,-0.38182172179222107,4.283177852630615,-0.0045092287473380566,0.4766082167625427
1769714381.7702596,4.589654922485352,-0.3630705773830414,4.344675540924072,-0.018717214465141296,0.422603964805603
1769714381.7902753,4.640894889831543,-0.3007945716381073,4.398987293243408,0.05485151708126068,0.4301202893257141
1769714381.8104277,4.6563496589660645,-0.28218045830726624,4.447510719299316,0.0580105297267437,0.39917877316474915
1769714381.8304036,4.72376012802124,-0.2018882930278778,4.502254486083984,0.15742748975753784,0.42210474610328674
1769714381.8505266,4.744644641876221,-0.17730432748794556,4.557338714599609,0.15478815138339996,0.3812727630138397
1769714381.8705878,4.812983512878418,-0.09780395030975342,4.6146111488342285,0.25250551104545593,0.40257707238197327
1769714381.8904407,4.839455604553223,-0.06738971918821335,4.6740264892578125,0.298758327960968,0.4017850458621979
1769714381.9103382,4.8873677253723145,-0.012873612344264984,4.7323431968688965,0.3694595396518707,0.41256657242774963
1769714381.9305475,4.940997123718262,0.04735163226723671,4.763948440551758,0.44900572299957275,0.4389444887638092
1769714381.9503477,4.995038986206055,0.1072075143456459,4.820977687835693,0.5298304557800293,0.4570639133453369
1769714381.970339,5.027660846710205,0.14294253289699554,4.907790660858154,0.6048879027366638,0.4772445559501648
1769714381.9909818,5.049490451812744,0.1666911095380783,4.965093612670898,0.6208893656730652,0.46197277307510376
1769714382.0102704,5.087848663330078,0.20810654759407043,5.029601573944092,0.6483500003814697,0.4440799653530121
1769714382.030815,5.109857082366943,0.23168960213661194,5.088459014892578,0.6620833277702332,0.43092527985572815
1769714382.0502539,5.15961217880249,0.2845298945903778,5.1495795249938965,0.7324116230010986,0.4479941129684448
1769714382.0704758,5.204112529754639,0.33124008774757385,5.241844654083252,0.86032634973526,0.530430018901825
1769714382.0903347,5.243260383605957,0.37191042304039,5.297213554382324,0.9181069135665894,0.5488548278808594
1769714382.1102998,5.293879985809326,0.42392343282699585,5.359081745147705,0.9816974401473999,0.5615720748901367
1769714382.1305642,5.344820022583008,0.4756224751472473,5.459673881530762,1.0706238746643066,0.605985164642334
1769714382.1503716,5.3903679847717285,0.5213119387626648,5.522995948791504,1.1245464086532593,0.6176422238349915
1769714382.1706326,5.441909313201904,0.572412371635437,5.592517375946045,1.2174421548843384,0.6623792052268982
1769714382.1904745,5.487987995147705,0.6175665855407715,5.655482292175293,1.2720129489898682,0.675540030002594
1769714382.2103899,5.511120796203613,0.6400484442710876,5.708325386047363,1.2606958150863647,0.6512240767478943
1769714382.2303748,5.545935153961182,0.6736518144607544,5.770023822784424,1.293214201927185,0.6588423252105713
1769714382.2504594,5.598416328430176,0.7237867712974548,5.8277668952941895,1.3696362972259521,0.6853636503219604
1769714382.2704492,5.633575439453125,0.7570292353630066,5.888829231262207,1.4019999504089355,0.6936438679695129
1769714382.290557,5.674767971038818,0.7956282496452332,5.961827754974365,1.4608428478240967,0.7245094180107117
1769714382.3104682,5.728001594543457,0.8449633717536926,6.0532450675964355,1.4972230195999146,0.7288525104522705
1769714382.330334,5.769616603851318,0.8831065893173218,6.120670795440674,1.5467325448989868,0.7507585883140564
1769714382.3508875,5.7994537353515625,0.9102288484573364,6.182111740112305,1.5555886030197144,0.7502774000167847
1769714382.371003,5.865423679351807,0.969535231590271,6.227834224700928,1.6095420122146606,0.7354931831359863
1769714382.390442,5.895557880401611,0.9963272213935852,6.303229331970215,1.6410129070281982,0.7627685070037842
1769714382.4104273,5.931840419769287,1.0283403396606445,6.366894245147705,1.6679433584213257,0.7735396027565002
1769714382.4305847,5.992604732513428,1.0813616514205933,6.439889430999756,1.7337740659713745,0.791015625
1769714382.4508688,6.017012596130371,1.1024527549743652,6.464135646820068,1.6930595636367798,0.7407669425010681
1769714382.4703152,6.0782856941223145,1.1548855304718018,6.56472635269165,1.7806428670883179,0.7925887107849121
1769714382.490717,6.146101474761963,1.212072491645813,6.6430439949035645,1.852692723274231,0.8107689619064331
1769714382.5105975,6.1956939697265625,1.253339171409607,6.72306489944458,1.8787362575531006,0.8180720210075378
1769714382.5304554,6.2392730712890625,1.2892227172851562,6.791282653808594,1.909920334815979,0.8306504487991333
1769714382.5505314,6.28302526473999,1.3248955011367798,6.844696521759033,1.9504778385162354,0.8407305479049683
1769714382.570323,6.333238124847412,1.3654050827026367,6.91169548034668,1.980733871459961,0.8445367813110352
1769714382.5903125,6.364734649658203,1.3905826807022095,6.9604692459106445,1.9888150691986084,0.8442641496658325
1769714382.610367,6.415308952331543,1.430640459060669,7.027938365936279,2.0171878337860107,0.8481467962265015
1769714382.631217,6.466103553771973,1.4704184532165527,7.086811542510986,2.0484142303466797,0.8481495380401611
1769714382.6503286,6.523509502410889,1.514832615852356,7.1551713943481445,2.0869429111480713,0.8522365093231201
1769714382.6705372,6.587615966796875,1.5637621879577637,7.216269016265869,2.1237196922302246,0.8418769240379333
1769714382.690428,6.619795799255371,1.588060736656189,7.27597713470459,2.1288259029388428,0.8502944707870483
1769714382.7103171,6.645599842071533,1.607419490814209,7.317168235778809,2.1018290519714355,0.8339334726333618
1769714382.7305844,6.6779303550720215,1.6315174102783203,7.376445293426514,2.1040782928466797,0.8433488011360168
1769714382.750444,6.729831218719482,1.6698415279388428,7.408989906311035,2.1282541751861572,0.8193889856338501
1769714382.7704465,6.788472652435303,1.7126123905181885,7.482163906097412,2.1696255207061768,0.8307035565376282
1769714382.7903252,6.853940486907959,1.759706735610962,7.523448467254639,2.209949493408203,0.8068206906318665
1769714382.810543,6.919732570648193,1.8063472509384155,7.5999979972839355,2.259753465652466,0.8175199031829834
1769714382.8306043,6.952748775482178,1.8294966220855713,7.6555304527282715,2.259523630142212,0.8239083290100098
1769714382.8503406,7.012380123138428,1.8708770275115967,7.721453666687012,2.282301187515259,0.819789707660675
1769714382.8703973,7.072268009185791,1.9118856191635132,7.755686283111572,2.336897373199463,0.8047952651977539
1769714382.8907778,7.112334251403809,1.939017415046692,7.813639163970947,2.345304012298584,0.8104919195175171
1769714382.9103322,7.179360866546631,1.9838675260543823,7.881988525390625,2.390606164932251,0.8118633031845093
1769714382.9304225,7.2062578201293945,2.0016775131225586,7.93632698059082,2.3718912601470947,0.8185712099075317
1769714382.9504411,7.233204364776611,2.0194132328033447,7.984451770782471,2.3591394424438477,0.8244916796684265
1769714382.970326,7.266955852508545,2.041478157043457,7.977599620819092,2.333101511001587,0.7681530117988586
1769714382.990446,7.327900409698486,2.080900192260742,8.047677040100098,2.368332862854004,0.7750459313392639
1769714383.0104108,7.3822784423828125,2.1156229972839355,8.134272575378418,2.3906822204589844,0.8007205724716187
1769714383.0304134,7.4300150871276855,2.1457583904266357,8.195686340332031,2.404961109161377,0.8083556890487671
1769714383.0504122,7.4642014503479,2.1671416759490967,8.212104797363281,2.3940677642822266,0.7815717458724976
1769714383.0706723,7.539668560028076,2.2137677669525146,8.292695045471191,2.446969985961914,0.7883090972900391
1769714383.090452,7.574087619781494,2.234771251678467,8.356056213378906,2.458857297897339,0.8134426474571228
1769714383.110934,7.629307270050049,2.2681286334991455,8.416544914245605,2.471073627471924,0.8129761219024658
1769714383.13054,7.677773475646973,2.297065496444702,8.48231029510498,2.4938573837280273,0.8282553553581238
1769714383.150504,7.761179447174072,2.3461244106292725,8.542937278747559,2.5800905227661133,0.8160178661346436
1769714383.1703923,7.810018539428711,2.3744215965270996,8.624625205993652,2.573031187057495,0.8384691476821899
1769714383.1907182,7.866000175476074,2.406471014022827,8.690481185913086,2.594799041748047,0.8457167148590088
1769714383.2104225,7.915127277374268,2.4342594146728516,8.75052547454834,2.6072607040405273,0.8531228303909302
1769714383.2309725,7.97848653793335,2.469637155532837,8.80979061126709,2.620382070541382,0.8448609709739685
1769714383.2505417,8.02084732055664,2.4930026531219482,8.859733581542969,2.621764898300171,0.8487112522125244
1769714383.2705405,8.084567070007324,2.5277202129364014,8.931266784667969,2.650967597961426,0.8556234240531921
1769714383.2908404,8.141386032104492,2.558245897293091,8.978227615356445,2.6479711532592773,0.8416378498077393
1769714383.310879,8.191239356994629,2.5846965312957764,9.037322044372559,2.656754493713379,0.8491454124450684
1769714383.3304367,8.241219520568848,2.6109042167663574,9.068282127380371,2.6460859775543213,0.8278105854988098
1769714383.3503797,8.262678146362305,2.6220617294311523,9.101656913757324,2.6160757541656494,0.8390007019042969
1769714383.370403,8.327190399169922,2.6552653312683105,9.098217964172363,2.630488872528076,0.771425724029541
1769714383.39088,8.384705543518066,2.6844403743743896,9.160384178161621,2.644770383834839,0.7766919732093811
1769714383.4102745,8.45682430267334,2.720458745956421,9.224166870117188,2.6926157474517822,0.7678476572036743
1769714383.430616,8.507453918457031,2.745373010635376,9.278762817382812,2.6995956897735596,0.7726654410362244
1769714383.450385,8.572725296020508,2.777043104171753,9.323156356811523,2.7093710899353027,0.7534765005111694
1769714383.470482,8.63090705871582,2.8048512935638428,9.383347511291504,2.7243869304656982,0.7567307949066162
1769714383.4905734,8.681941032409668,2.8289177417755127,9.466647148132324,2.70146107673645,0.7949898838996887
1769714383.5105705,8.725775718688965,2.849348545074463,9.51041030883789,2.6723082065582275,0.8043592572212219
1769714383.5302923,8.791686058044434,2.8796515464782715,9.579561233520508,2.6917622089385986,0.8099691867828369
1769714383.5503273,8.835729598999023,2.8996241092681885,9.580461502075195,2.679105043411255,0.7766945362091064
1769714383.5703926,8.87985610961914,2.9194130897521973,9.627303123474121,2.6713078022003174,0.7875492572784424
1769714383.5903907,8.909317970275879,2.9325034618377686,9.660006523132324,2.646209478378296,0.8034284710884094
1769714383.6103473,8.968350410461426,2.9584381580352783,9.709290504455566,2.6797878742218018,0.7916048765182495
1769714383.6304405,9.027524948120117,2.984044313430786,9.766356468200684,2.6949145793914795,0.793390154838562
1769714383.650349,9.094263076782227,3.0124576091766357,9.833405494689941,2.7135448455810547,0.7972958087921143
1769714383.6704738,9.1388521194458,3.03116774559021,9.869471549987793,2.7358243465423584,0.7880558371543884
1769714383.690541,9.22826099395752,3.0680296421051025,9.950024604797363,2.7718465328216553,0.7801705002784729
1769714383.7107875,9.280555725097656,3.0891876220703125,10.022571563720703,2.761732816696167,0.8110567331314087
1769714383.730421,9.340445518493652,3.1130564212799072,10.082815170288086,2.7720203399658203,0.816956639289856
1769714383.7503533,9.407977104187012,3.1395106315612793,10.138794898986816,2.798821210861206,0.8063268661499023
1769714383.7705057,9.453088760375977,3.156911849975586,10.183871269226074,2.7926230430603027,0.8165467977523804
1769714383.7905633,9.513348579406738,3.1798205375671387,10.207125663757324,2.8015296459198,0.7902088165283203
1769714383.8106306,9.573734283447266,3.2023942470550537,10.265347480773926,2.811584711074829,0.7943936586380005
1769714383.8303802,9.603973388671875,3.213555097579956,10.294665336608887,2.7797904014587402,0.8156025409698486
1769714383.8503857,9.664543151855469,3.235624313354492,10.353372573852539,2.788280725479126,0.8213416337966919
1769714383.8702416,9.748023986816406,3.2654192447662354,10.438897132873535,2.832127332687378,0.8155040144920349
1769714383.8905253,9.816493034362793,3.2893216609954834,10.48904037475586,2.8189494609832764,0.820713460445404
1769714383.9103694,9.877477645874023,3.310208797454834,10.555376052856445,2.8332111835479736,0.8288990259170532
1769714383.9303095,9.953868865966797,3.3358402252197266,10.608619689941406,2.8331222534179688,0.825484573841095
1769714383.950332,9.999787330627441,3.350964069366455,10.651236534118652,2.824683427810669,0.8374703526496887
1769714383.9704337,10.022770881652832,3.3584542274475098,10.670271873474121,2.794973611831665,0.8583520650863647
1769714383.9904945,10.107172012329102,3.3855080604553223,10.637744903564453,2.828484535217285,0.7692736983299255
1769714384.0103765,10.130226135253906,3.3927741050720215,10.645610809326172,2.800926685333252,0.7847959995269775
1769714384.0303178,10.2225923538208,3.421359062194824,10.730698585510254,2.8349449634552,0.7759207487106323
1769714384.0505042,10.238009452819824,3.4260482788085938,10.738323211669922,2.8204243183135986,0.7855536937713623
1769714384.0703118,10.346109390258789,3.458275079727173,10.839432716369629,2.868267774581909,0.7690749168395996
1769714384.0913012,10.408019065856934,3.4762187004089355,10.8801908493042,2.8701977729797363,0.7682493925094604
1769714384.1106222,10.477785110473633,3.4959943294525146,10.949713706970215,2.891019582748413,0.7672754526138306
1769714384.1304643,10.547673225402832,3.5153346061706543,10.96898078918457,2.8807711601257324,0.7616895437240601
1769714384.1505582,10.58655071258545,3.525890350341797,11.004945755004883,2.8736698627471924,0.7748842835426331
1769714384.1704273,10.63325309753418,3.538379430770874,11.038965225219727,2.891515016555786,0.7635681629180908
1769714384.1903627,10.68000602722168,3.5506739616394043,11.074992179870605,2.886580467224121,0.7726802229881287
1769714384.2104378,10.711202621459961,3.558762311935425,11.087169647216797,2.891063928604126,0.7662716507911682
1769714384.2304845,10.765850067138672,3.5727083683013916,11.122310638427734,2.887477397918701,0.7724022269248962
1769714384.2504327,10.812745094299316,3.5844507217407227,11.134751319885254,2.902458906173706,0.7541887760162354
1769714384.2702708,10.859687805175781,3.5959980487823486,11.169022560119629,2.9002411365509033,0.7614233493804932
1769714384.2904243,10.930191040039062,3.61295223236084,11.232338905334473,2.9481067657470703,0.730282723903656
1769714384.3111525,10.961559295654297,3.6203460693359375,11.251070022583008,2.927210807800293,0.7511675357818604
1769714384.3306262,11.032212257385254,3.6366636753082275,11.310309410095215,2.9454915523529053,0.7450214624404907
1769714384.350471,11.055785179138184,3.6420047283172607,11.320110321044922,2.928758382797241,0.7606495022773743
1769714384.3705497,11.102965354919434,3.6525397300720215,11.338397026062012,2.944429397583008,0.7462225556373596
1769714384.3905594,11.158062934875488,3.6645820140838623,11.380086898803711,2.9513447284698486,0.7469953298568726
1769714384.4103534,11.213218688964844,3.676356792449951,11.42154312133789,2.972712278366089,0.7338356375694275
1769714384.4304712,11.276322364807129,3.6894850730895996,11.479187965393066,2.9858620166778564,0.7322841882705688
1769714384.450693,11.331597328186035,3.7006850242614746,11.520564079284668,2.9935333728790283,0.7319642901420593
1769714384.4702513,11.410654067993164,3.7162184715270996,11.578804016113281,3.012324333190918,0.7236997485160828
1769714384.4904463,11.473976135253906,3.728250026702881,11.636260986328125,3.023974895477295,0.7227306962013245
1769714384.5104036,11.545291900634766,3.7413649559020996,11.686726570129395,3.0433263778686523,0.7122229337692261
1769714384.53036,11.569082260131836,3.7456376552581787,11.695322036743164,3.0327937602996826,0.7239354848861694
1769714384.5503874,11.648445129394531,3.759521484375,11.764298439025879,3.045044422149658,0.723809003829956
1769714384.5709255,11.672271728515625,3.7635791301727295,11.764204978942871,3.029843330383301,0.7394726872444153
1769714384.5902917,11.775620460510254,3.7805886268615723,11.846380233764648,3.0703587532043457,0.7137461304664612
1769714384.6105392,11.815409660339355,3.786882162094116,11.879050254821777,3.0743284225463867,0.7153902649879456
1769714384.6304293,11.918961524963379,3.802598714828491,11.961159706115723,3.1095104217529297,0.6943717002868652
1769714384.6504688,11.950851440429688,3.807246446609497,11.985624313354492,3.110647201538086,0.6974664330482483
1769714384.6703825,12.022651672363281,3.8173797130584717,12.043034553527832,3.1118381023406982,0.7058358788490295
1769714384.6910677,12.070551872253418,3.823885679244995,12.075665473937988,3.1101746559143066,0.7137293815612793
1769714384.7105072,12.110489845275879,3.8291549682617188,12.101325988769531,3.1116907596588135,0.7175226211547852
1769714384.7306812,12.158438682556152,3.8352949619293213,12.134716033935547,3.1168720722198486,0.7188143730163574
1769714384.7504318,12.198415756225586,3.840258836746216,12.159889221191406,3.1181271076202393,0.7231587171554565
1769714384.7703638,12.278420448303223,3.8497700691223145,12.199713706970215,3.1167449951171875,0.7372382283210754
1769714384.7903855,12.350479125976562,3.8578548431396484,12.257112503051758,3.1326394081115723,0.7312010526657104
1769714384.8106098,12.422588348388672,3.8654909133911133,12.315048217773438,3.1492421627044678,0.7242769598960876
1769714384.8305852,12.478706359863281,3.871121406555176,12.35606861114502,3.158104419708252,0.7234866619110107
1769714384.8510303,12.53485107421875,3.8764803409576416,12.40478801727295,3.1695556640625,0.7187899351119995
1769714384.8704805,12.607075691223145,3.882970094680786,12.463303565979004,3.1533076763153076,0.7436917424201965
1769714384.8903558,12.695405006408691,3.8902900218963623,12.53294849395752,3.1763129234313965,0.7322261929512024
1769714384.9104745,12.743607521057129,3.8939990997314453,12.55763053894043,3.1776163578033447,0.7401296496391296
1769714384.9305143,12.799864768981934,3.8980743885040283,12.598837852478027,3.184994697570801,0.7408744096755981
1769714384.9503894,12.848100662231445,3.9013524055480957,12.636320114135742,3.1829328536987305,0.7489844560623169
1769714384.9703126,12.896350860595703,3.9044313430786133,12.679489135742188,3.1950812339782715,0.7417593002319336
1769714384.9907053,12.952658653259277,3.907771110534668,12.721181869506836,3.20261549949646,0.742176353931427
1769714385.010412,13.041173934936523,3.912468671798706,12.80898380279541,3.201404333114624,0.7480140924453735
1769714385.0304823,13.105570793151855,3.9154632091522217,12.859872817993164,3.2101571559906006,0.7468763589859009
1769714385.0508122,13.145828247070312,3.91715407371521,12.886372566223145,3.201409101486206,0.7613199353218079
1769714385.0702934,13.234413146972656,3.9203858375549316,12.953898429870605,3.214535713195801,0.7595479488372803
1769714385.0907352,13.298853874206543,3.922313928604126,13.007182121276855,3.2049880027770996,0.7743571400642395
1769714385.110536,13.379419326782227,3.924224376678467,13.074691772460938,3.2164831161499023,0.7705560922622681
1769714385.1309972,13.403592109680176,3.924689292907715,13.074800491333008,3.2064123153686523,0.7899531722068787
1769714385.150368,13.451939582824707,3.925468921661377,13.109590530395508,3.208383560180664,0.7946160435676575
1769714385.1702974,13.524467468261719,3.9262635707855225,13.182191848754883,3.225752830505371,0.7796592712402344
1769714385.1903172,13.605059623718262,3.926619291305542,13.250053405761719,3.236618995666504,0.7759699821472168
1769714385.2107272,13.66147518157959,3.9265379905700684,13.283565521240234,3.23395037651062,0.7889821529388428
1769714385.2303874,13.709831237792969,3.9262516498565674,13.318743705749512,3.236039400100708,0.7933111190795898
1769714385.250517,13.758186340332031,3.9257657527923584,13.368246078491211,3.2452611923217773,0.7843086123466492
1769714385.2704504,13.798480987548828,3.92520809173584,13.395771026611328,3.245945692062378,0.789665937423706
1769714385.2903974,13.87100601196289,3.9238548278808594,13.453441619873047,3.2468478679656982,0.7954236268997192
1769714385.3106835,13.943522453308105,3.9220523834228516,13.514654159545898,3.2508833408355713,0.7964895367622375
1769714385.3305254,13.999917030334473,3.920339822769165,13.558791160583496,3.254525899887085,0.7986867427825928
1769714385.3506656,14.06435775756836,3.9180500507354736,13.610745429992676,3.2590718269348145,0.8000101447105408
1769714385.3703947,14.144889831542969,3.914689064025879,13.685833930969238,3.278501033782959,0.7845177054405212
1769714385.390414,14.2253999710083,3.9107742309570312,13.74982738494873,3.2777600288391113,0.7917550206184387
1769714385.410532,14.321974754333496,3.9053454399108887,13.83423900604248,3.286900281906128,0.7876293659210205
1769714385.430533,14.354156494140625,3.9033586978912354,13.854732513427734,3.287066698074341,0.7932460308074951
1769714385.4503138,14.394375801086426,3.9007508754730225,13.878303527832031,3.294538974761963,0.7961301207542419
1769714385.470539,14.426545143127441,3.8985650539398193,13.908475875854492,3.3027970790863037,0.7895157933235168
1769714385.4904015,14.490865707397461,3.893928050994873,13.961301803588867,3.3076975345611572,0.7900030016899109
1769714385.510423,14.539090156555176,3.8902180194854736,13.998025894165039,3.31044864654541,0.7930212616920471
1769714385.5304933,14.595332145690918,3.8856382369995117,14.046454429626465,3.3379101753234863,0.7754181027412415
1769714385.5505033,14.643522262573242,3.881497383117676,14.103557586669922,3.3400983810424805,0.7646406888961792
1769714385.570578,14.731826782226562,3.873389959335327,14.17277717590332,3.3467977046966553,0.7680073976516724
1769714385.5905755,14.80402946472168,3.866260051727295,14.243276596069336,3.3563120365142822,0.7579516172409058
1769714385.6105795,14.876188278198242,3.8586835861206055,14.296836853027344,3.3617429733276367,0.7632811069488525
1769714385.630345,14.940290451049805,3.851574420928955,14.363489151000977,3.3706154823303223,0.7510133385658264
1769714385.650452,15.036369323730469,3.840250015258789,14.442131996154785,3.3751988410949707,0.7545793652534485
1769714385.6703491,15.092371940612793,3.8332786560058594,14.488245964050293,3.380201816558838,0.7551465630531311
1769714385.6905549,15.140347480773926,3.8270885944366455,14.52633285522461,3.3847696781158447,0.7567434310913086
1769714385.7104433,15.172317504882812,3.82285213470459,14.562047004699707,3.392148494720459,0.7469514608383179
1769714385.7305632,15.212264060974121,3.8174331188201904,14.59290885925293,3.396420478820801,0.7489005923271179
1769714385.7505732,15.236223220825195,3.8141157627105713,14.60671329498291,3.406095266342163,0.7501755356788635
1769714385.7704487,15.276139259338379,3.8084771633148193,14.64902114868164,3.406625509262085,0.744823694229126
1769714385.7904747,15.324013710021973,3.801530122756958,14.688240051269531,3.4110946655273438,0.746088445186615
1769714385.8106277,15.339964866638184,3.79917049407959,14.696097373962402,3.414562940597534,0.7499927282333374
1769714385.8304317,15.355914115905762,3.7967889308929443,14.70877456665039,3.4173855781555176,0.7501577734947205
1769714385.8505378,15.395771026611328,3.7907395362854004,14.75241756439209,3.4101204872131348,0.7475123405456543
1769714385.8703444,15.451537132263184,3.7820403575897217,14.808194160461426,3.41314959526062,0.7416000962257385
1769714385.890325,15.523174285888672,3.7704617977142334,14.86382007598877,3.41618275642395,0.7485063076019287
1769714385.9103072,15.61063289642334,3.755709171295166,14.945708274841309,3.4209365844726562,0.7444444894790649
1769714385.9304404,15.65829086303711,3.7473840713500977,14.98587703704834,3.4235477447509766,0.7463314533233643
1769714385.9506133,15.737645149230957,3.733072519302368,15.074677467346191,3.4276130199432373,0.7299531698226929
1769714385.9704018,15.785209655761719,3.724224328994751,15.113547325134277,3.433736801147461,0.731788158416748
1769714385.9905052,15.848573684692383,3.7121217250823975,15.170077323913574,3.436260223388672,0.7324326038360596
1769714386.0105824,15.903962135314941,3.701246738433838,15.226497650146484,3.438465118408203,0.7266449928283691
1769714386.0303645,16.00668716430664,3.680344581604004,15.329645156860352,3.438145637512207,0.7190597057342529
1769714386.0506468,16.038257598876953,3.6737287044525146,15.359146118164062,3.444385290145874,0.7167932987213135
1769714386.0702782,16.093463897705078,3.661942481994629,15.400601387023926,3.4469075202941895,0.725463330745697
1769714386.0907075,16.11710548400879,3.6568100452423096,15.427499771118164,3.439401626586914,0.7230639457702637
1769714386.110804,16.17222785949707,3.6446452140808105,15.484764099121094,3.440178632736206,0.7172271013259888
1769714386.1303442,16.24301528930664,3.628615617752075,15.53984546661377,3.4434473514556885,0.7271423935890198
1769714386.1505122,16.298004150390625,3.6158461570739746,15.589235305786133,3.4442009925842285,0.7292568683624268
1769714386.1703732,16.352930068969727,3.6028127670288086,15.650700569152832,3.4476218223571777,0.7191740274429321
1769714386.190516,16.407793045043945,3.5895159244537354,15.7006254196167,3.4482836723327637,0.7211335897445679
1769714386.2103946,16.470417022705078,3.573997735977173,15.777120590209961,3.4510631561279297,0.7041106820106506
1769714386.230713,16.51732635498047,3.5621337890625,15.820116996765137,3.4522345066070557,0.7058180570602417
1769714386.2503905,16.587600708007812,3.5439767837524414,15.910993576049805,3.4418931007385254,0.6842647790908813
1769714386.2704332,16.64997100830078,3.5274736881256104,15.970376014709473,3.4407575130462646,0.6851048469543457
1769714386.2904525,16.712249755859375,3.5106289386749268,16.029699325561523,3.4395594596862793,0.686241090297699
1769714386.3103588,16.782203674316406,3.4912710189819336,16.10773277282715,3.4335570335388184,0.6769348382949829
1769714386.330437,16.852035522460938,3.471482515335083,16.227313995361328,3.4116837978363037,0.6275784969329834
1769714386.350445,16.91400718688965,3.453531503677368,16.28885841369629,3.4080252647399902,0.626802384853363
1769714386.3703756,16.968149185180664,3.4375462532043457,16.381484985351562,3.4014241695404053,0.5877756476402283
1769714386.390563,17.014495849609375,3.423638105392456,16.450796127319336,3.382606029510498,0.5651918053627014
1769714386.4103239,17.037647247314453,3.4166128635406494,16.476289749145508,3.3801445960998535,0.5625414252281189
1769714386.4304457,17.076202392578125,3.4047980308532715,16.539230346679688,3.376366376876831,0.537723958492279
1769714386.450876,17.16856575012207,3.3759050369262695,16.634241104125977,3.3666810989379883,0.5344049334526062
1769714386.4705064,17.222333908081055,3.358700752258301,16.69086265563965,3.360416889190674,0.5314744114875793
1769714386.4906163,17.306659698486328,3.331145763397217,16.797937393188477,3.3500490188598633,0.509073793888092
1769714386.510298,17.352567672729492,3.3158481121063232,16.847564697265625,3.3439958095550537,0.5057870745658875
1769714386.5304806,17.436567306518555,3.287313938140869,16.948299407958984,3.3338348865509033,0.4904797375202179
1769714386.550358,17.459440231323242,3.2794220447540283,16.980552673339844,3.330725908279419,0.4816271662712097
1769714386.5702903,17.543163299560547,3.250084400177002,17.06900405883789,3.319641351699829,0.47923341393470764
1769714386.5904603,17.56595802307129,3.241973876953125,17.09454917907715,3.3193247318267822,0.47771188616752625
1769714386.6103659,17.649396896362305,3.2118356227874756,17.18284797668457,3.307865619659424,0.4763285219669342
1769714386.630492,17.68724822998047,3.1979293823242188,17.22418975830078,3.3065237998962402,0.4756223261356354
1769714386.6505866,17.74015998840332,3.178243398666382,17.281763076782227,3.298149824142456,0.47382083535194397
1769714386.6708665,17.770353317260742,3.1668808460235596,17.310733795166016,3.2998623847961426,0.47847113013267517
1769714386.6904743,17.845699310302734,3.1381142139434814,17.390913009643555,3.288740396499634,0.4790825843811035
1769714386.710377,17.898324966430664,3.117671489715576,17.435888290405273,3.289400815963745,0.49329420924186707
1769714386.7306764,17.950851440429688,3.096977472305298,17.490283966064453,3.2879559993743896,0.4985935091972351
1769714386.750332,18.025718688964844,3.0669798851013184,17.577468872070312,3.2761688232421875,0.49465903639793396
1769714386.770655,18.055606842041016,3.054837942123413,17.60356330871582,3.2709858417510986,0.5010623335838318
1769714386.7903514,18.092920303344727,3.0395455360412598,17.629016876220703,3.2623767852783203,0.5146462321281433
1769714386.8104239,18.159954071044922,3.0116989612579346,17.70018196105957,3.251182794570923,0.5184044241905212
1769714386.8304107,18.219396591186523,2.9866011142730713,17.755775451660156,3.2609918117523193,0.5387341380119324
1769714386.8504062,18.286102294921875,2.9579784870147705,17.82484245300293,3.2500317096710205,0.5459445118904114
1769714386.8704326,18.330474853515625,2.938669443130493,17.872615814208984,3.242122173309326,0.5492895245552063
1769714386.890399,18.389516830444336,2.912641763687134,17.952064514160156,3.2339365482330322,0.542765200138092
1769714386.9103215,18.455766677856445,2.8829755783081055,18.0234432220459,3.223060131072998,0.5500549077987671
1769714386.9303832,18.521833419799805,2.852903127670288,18.077301025390625,3.2246053218841553,0.5794579982757568
1769714386.9505594,18.58040428161621,2.825831890106201,18.14809799194336,3.2140445709228516,0.5810315012931824
1769714386.9703202,18.638826370239258,2.7984414100646973,18.203359603881836,3.202549934387207,0.5940834879875183
1769714386.9903328,18.675262451171875,2.781160593032837,18.242826461791992,3.1947576999664307,0.5983846187591553
1769714387.0103102,18.697097778320312,2.7707324028015137,18.27021598815918,3.178039312362671,0.5900231003761292
1769714387.030335,18.755218505859375,2.7427055835723877,18.333110809326172,3.166457414627075,0.5981135964393616
1769714387.050421,18.798707962036133,2.721477508544922,18.380277633666992,3.1563844680786133,0.6035118103027344
1769714387.0703511,18.849334716796875,2.696486711502075,18.43508529663086,3.145219087600708,0.6107068657875061
1769714387.0902436,18.88542366027832,2.678488254547119,18.490964889526367,3.1481425762176514,0.6133300065994263
1769714387.110416,18.971786499023438,2.6347901821136475,18.577259063720703,3.133867025375366,0.6361832618713379
1769714387.130526,19.043479919433594,2.5978360176086426,18.66016387939453,3.1170268058776855,0.6453606486320496
1769714387.1503997,19.10065269470215,2.567920684814453,18.731019973754883,3.104024887084961,0.6511808633804321
1769714387.1704638,19.186105728149414,2.522463798522949,18.803552627563477,3.083256483078003,0.6788479685783386
1769714387.1905437,19.235780715942383,2.4956247806549072,18.85788345336914,3.070861577987671,0.6882606744766235
1769714387.2104483,19.28532600402832,2.468548536300659,18.91876220703125,3.0490097999572754,0.6865156888961792
1769714387.2302876,19.32769012451172,2.4451520442962646,18.95681381225586,3.0371158123016357,0.6985493302345276
1769714387.2502496,19.3629207611084,2.425522804260254,19.00364112854004,3.0290493965148926,0.7023721933364868
1769714387.2704275,19.405109405517578,2.401808977127075,19.042816162109375,3.012554407119751,0.710116982460022
1769714387.2903001,19.4401912689209,2.38191556930542,19.08074378967285,2.9997849464416504,0.7148183584213257
1769714387.3103204,19.46820831298828,2.365914821624756,19.119535446166992,2.992677688598633,0.7172200083732605
1769714387.330314,19.51015281677246,2.3417701721191406,19.157346725463867,2.979858636856079,0.7291289567947388
1769714387.3503172,19.5659236907959,2.3093104362487793,19.225017547607422,2.976074457168579,0.7488595247268677
1769714387.3702748,19.621517181396484,2.2765467166900635,19.286725997924805,2.96122670173645,0.7621496319770813
1769714387.3903499,19.670013427734375,2.2476296424865723,19.32657241821289,2.9530582427978516,0.7845895886421204
1769714387.4103668,19.73905372619629,2.205918073654175,19.403928756713867,2.9365720748901367,0.8038431406021118
1769714387.4303908,19.79408073425293,2.1722099781036377,19.465059280395508,2.921295166015625,0.8181588649749756
1769714387.4504933,19.855764389038086,2.13392972946167,19.528076171875,2.8928120136260986,0.8266090154647827
1769714387.4702637,19.910398483276367,2.0995852947235107,19.586271286010742,2.8636629581451416,0.8299835920333862
1769714387.4903715,19.944448471069336,2.0779690742492676,19.622074127197266,2.8480818271636963,0.8348643183708191
1769714387.510525,20.012325286865234,2.0343899726867676,19.698637008666992,2.828702449798584,0.8540094494819641
1769714387.5303156,20.032629013061523,2.021226167678833,19.720476150512695,2.808513641357422,0.8469125032424927
1769714387.5502477,20.100116729736328,1.9770480394363403,19.786041259765625,2.7698261737823486,0.8527255058288574
1769714387.5703092,20.133747100830078,1.9547868967056274,19.812368392944336,2.7518839836120605,0.8594463467597961
1769714387.590302,20.214147567749023,1.9008939266204834,19.902284622192383,2.7133688926696777,0.8702722191810608
1769714387.6108694,20.247516632080078,1.8782447576522827,19.94430923461914,2.6922035217285156,0.8685984015464783
1769714387.6303618,20.327285766601562,1.8234241008758545,20.026391983032227,2.6749978065490723,0.9031690359115601
1769714387.6504016,20.373607635498047,1.7911447286605835,20.07653045654297,2.653052568435669,0.9116689562797546
1769714387.6703804,20.432937622070312,1.7493185997009277,20.1506404876709,2.644885778427124,0.9390063881874084
1769714387.6905878,20.446086883544922,1.7399744987487793,20.159587860107422,2.6264047622680664,0.9315793514251709
1769714387.7106934,20.485458374023438,1.7118349075317383,20.208023071289062,2.599825620651245,0.9303215742111206
1769714387.7303262,20.55082130432129,1.6645781993865967,20.283161163330078,2.575791358947754,0.9497107863426208
1769714387.7506225,20.563854217529297,1.6550734043121338,20.27979278564453,2.556213617324829,0.9448511600494385
1769714387.771045,20.602876663208008,1.6264526844024658,20.329238891601562,2.5328378677368164,0.9467902779579163
1769714387.790436,20.66765022277832,1.578397274017334,20.395801544189453,2.496943235397339,0.9579294323921204
1769714387.8103719,20.725664138793945,1.5347704887390137,20.453039169311523,2.4718313217163086,0.9759134650230408
1769714387.8303654,20.79620361328125,1.4809664487838745,20.53506851196289,2.4447224140167236,0.9985077381134033
1769714387.8503807,20.834508895874023,1.4513959884643555,20.570703506469727,2.386150360107422,0.9712666273117065
1769714387.8703969,20.89807891845703,1.401764154434204,20.643465042114258,2.3565754890441895,0.9881766438484192
1769714387.890426,20.948688507080078,1.3617470264434814,20.69936752319336,2.327486753463745,0.9974038600921631
1769714387.9103744,20.9927921295166,1.3265056610107422,20.755558013916016,2.2914555072784424,0.9936840534210205
1769714387.9304192,21.02419090270996,1.3012044429779053,20.789398193359375,2.255916118621826,0.9831591844558716
1769714387.9503188,21.074247360229492,1.2604998350143433,20.845014572143555,2.224943161010742,0.9913113713264465
1769714387.9703863,21.111642837524414,1.2297922372817993,20.88372802734375,2.194706678390503,0.9914661645889282
1769714387.990276,21.136503219604492,1.209235429763794,20.918312072753906,2.1724021434783936,0.9875712394714355
1769714388.0103042,21.15511131286621,1.1937732696533203,20.932632446289062,2.132746458053589,0.9649701118469238
1769714388.0302787,21.186052322387695,1.1679184436798096,20.96290397644043,2.101489543914795,0.9598699808120728
1769714388.0502973,21.229223251342773,1.1315443515777588,21.009815216064453,2.0688464641571045,0.9626397490501404
1769714388.070432,21.290590286254883,1.0792241096496582,21.080549240112305,2.0693647861480713,1.0121737718582153
1769714388.090403,21.327238082885742,1.047631025314331,21.114553451538086,2.0286426544189453,1.0038018226623535
1769714388.1104403,21.363754272460938,1.0158874988555908,21.15243911743164,1.9968525171279907,1.003467082977295
1769714388.1303637,21.4001407623291,0.9839941263198853,21.187397003173828,1.9655967950820923,1.004392147064209
1769714388.1503966,21.44845199584961,0.9412369132041931,21.24164390563965,1.932076334953308,1.012191653251648
1769714388.1703327,21.484529495239258,0.9089952707290649,21.280101776123047,1.9020010232925415,1.0138299465179443
1769714388.1903565,21.520475387573242,0.8766052722930908,21.317285537719727,1.8690075874328613,1.0129897594451904
1769714388.210342,21.556285858154297,0.8440674543380737,21.354290008544922,1.8356608152389526,1.0119584798812866
1769714388.230361,21.591962814331055,0.8113824129104614,21.39501190185547,1.816640019416809,1.0243695974349976
1769714388.2505507,21.645225524902344,0.7620798945426941,21.477474212646484,1.7704758644104004,1.0222541093826294
1769714388.270377,21.709909439086914,0.7013756632804871,21.55725860595703,1.734355092048645,1.044197678565979
1769714388.290509,21.739158630371094,0.673621654510498,21.597126007080078,1.6860051155090332,1.0222980976104736
1769714388.3111084,21.774133682250977,0.6401844024658203,21.642675399780273,1.6491873264312744,1.0175304412841797
1769714388.330438,21.832115173339844,0.5841362476348877,21.706064224243164,1.5906904935836792,1.0144160985946655
1769714388.3503585,21.895448684692383,0.5220246315002441,21.784900665283203,1.5506409406661987,1.0345396995544434
1769714388.370384,21.946916580200195,0.4708510637283325,21.8507022857666,1.4732623100280762,1.0070182085037231
1769714388.390475,21.98105239868164,0.4365588426589966,21.88190460205078,1.4089537858963013,0.9774365425109863
1769714388.410363,22.015047073364258,0.40212610363960266,21.916994094848633,1.366674542427063,0.9695194959640503
1769714388.430657,22.04326629638672,0.3733251988887787,21.9433536529541,1.3243781328201294,0.956286609172821
1769714388.4504795,22.071388244628906,0.3444274365901947,21.970335006713867,1.3039004802703857,0.9647799134254456
1769714388.470442,22.10500144958496,0.30962270498275757,22.017772674560547,1.2542030811309814,0.9485995173454285
1769714388.4904356,22.138469696044922,0.274679571390152,22.052547454833984,1.2110618352890015,0.9403161406517029
1769714388.5106137,22.193931579589844,0.21613489091396332,22.139387130737305,1.1496644020080566,0.9351216554641724
1769714388.5302753,22.243501663208008,0.16311949491500854,22.199281692504883,1.1035822629928589,0.941501796245575
1769714388.5505118,22.281827926635742,0.1216735988855362,22.24076271057129,1.0425751209259033,0.9218167662620544
1769714388.5703917,22.341651916503906,0.05617251992225647,22.31621742248535,0.9933716058731079,0.9375441670417786
1769714388.5904834,22.363283157348633,0.03224187344312668,22.333370208740234,0.9479863047599792,0.9162328243255615
1769714388.6105278,22.374073028564453,0.020254231989383698,22.340930938720703,0.8725764155387878,0.85296630859375
1769714388.6304998,22.417070388793945,-0.027844635769724846,22.397233963012695,0.8232185244560242,0.8512942790985107
1769714388.6508152,22.422426223754883,-0.03387363255023956,22.38884735107422,0.7775478363037109,0.8121159672737122
1769714388.670468,22.491674423217773,-0.11258517950773239,22.510923385620117,0.7286196351051331,0.8414250016212463
1769714388.690543,22.50226593017578,-0.1247495785355568,22.511823654174805,0.6822548508644104,0.8070610165596008
1769714388.7104478,22.58116340637207,-0.2164459377527237,22.63582420349121,0.6317688822746277,0.8499742150306702
1769714388.7304401,22.591611862182617,-0.2287335991859436,22.63715171813965,0.5855547785758972,0.8155608773231506
1769714388.7505374,22.659109115600586,-0.3089532256126404,22.730377197265625,0.5024261474609375,0.8145033717155457
1769714388.7704003,22.67458152770996,-0.3275511562824249,22.739200592041016,0.45368990302085876,0.7839089035987854
1769714388.790463,22.720773696899414,-0.38353651762008667,22.815603256225586,0.3638460636138916,0.7533747553825378
1769714388.8106446,22.761539459228516,-0.4335412383079529,22.864517211914062,0.3075176477432251,0.7481796145439148
1769714388.8311996,22.80202865600586,-0.4837701916694641,22.910480499267578,0.20200206339359283,0.694294810295105
1769714388.8506474,22.842241287231445,-0.5342220067977905,22.95781898498535,0.14303719997406006,0.6870504021644592
1769714388.870476,22.882173538208008,-0.5848950743675232,23.01485252380371,0.08782637864351273,0.685680627822876
1769714388.8909159,22.892112731933594,-0.5975977778434753,23.020750045776367,0.03247533366084099,0.6430702805519104
1769714388.9103723,22.93169593811035,-0.6485453844070435,23.062549591064453,-0.0157852154225111,0.6461487412452698
1769714388.9306264,22.951379776000977,-0.6741010546684265,23.07632064819336,-0.07168444991111755,0.6152364015579224
1769714388.9502656,23.014869689941406,-0.757530927658081,23.193880081176758,-0.14488857984542847,0.638260006904602
1769714388.970678,23.039087295532227,-0.7897707223892212,23.22414207458496,-0.20464317500591278,0.6136932373046875
1769714388.9903228,23.091976165771484,-0.8609915971755981,23.305618286132812,-0.29445916414260864,0.6054763793945312
1769714389.0107508,23.101533889770508,-0.8739839792251587,23.31149673461914,-0.3522164523601532,0.5624280571937561
1769714389.0303211,23.1490535736084,-0.9391433596611023,23.374553680419922,-0.4203963875770569,0.5656399726867676
1769714389.0504928,23.182048797607422,-0.9849498271942139,23.41236686706543,-0.4829448461532593,0.5523179769515991
1769714389.0704758,23.233449935913086,-1.0572527647018433,23.481782913208008,-0.5669437646865845,0.5496108531951904
1769714389.0904691,23.279699325561523,-1.123320460319519,23.548744201660156,-0.6689011454582214,0.528092622756958
1769714389.110358,23.320932388305664,-1.183053970336914,23.600358963012695,-0.7377446293830872,0.5257183909416199
1769714389.130413,23.343679428100586,-1.2163498401641846,23.60858726501465,-0.8051100373268127,0.48917797207832336
1769714389.1503358,23.37082290649414,-1.2564083337783813,23.634275436401367,-0.8706688284873962,0.4671216309070587
1769714389.1704533,23.397798538208008,-1.296579122543335,23.688213348388672,-0.965939462184906,0.44007110595703125
1769714389.1904564,23.429061889648438,-1.3435859680175781,23.721681594848633,-1.03501296043396,0.42525696754455566
1769714389.2104828,23.45125389099121,-1.3772547245025635,23.759666442871094,-1.1350339651107788,0.39215967059135437
1769714389.2303584,23.490903854370117,-1.4380509853363037,23.808685302734375,-1.2091991901397705,0.39161059260368347
1769714389.2502925,23.521480560302734,-1.4855068922042847,23.8536376953125,-1.2730096578598022,0.39431390166282654
1769714389.2703536,23.564762115478516,-1.5535563230514526,23.909873962402344,-1.3497108221054077,0.40081819891929626
1769714389.2903225,23.607572555541992,-1.6219018697738647,23.9553165435791,-1.4523236751556396,0.386888712644577
1769714389.3105056,23.637258529663086,-1.6699178218841553,23.985292434692383,-1.5255752801895142,0.37677860260009766
1769714389.3305857,23.666709899902344,-1.7180757522583008,24.05899429321289,-1.6332364082336426,0.4013534188270569
1769714389.3503356,23.704235076904297,-1.780199646949768,24.105777740478516,-1.7116771936416626,0.40734735131263733
1769714389.3703752,23.729034423828125,-1.8217434883117676,24.128101348876953,-1.7843430042266846,0.4008149802684784
1769714389.3906076,23.7618350982666,-1.8772932291030884,24.13010025024414,-1.8268866539001465,0.371700644493103
1769714389.4103763,23.786231994628906,-1.9190731048583984,24.163339614868164,-1.8766052722930908,0.3794926106929779
1769714389.4303024,23.818490982055664,-1.9749350547790527,24.19920539855957,-1.9522016048431396,0.3813931941986084
1769714389.450232,23.854412078857422,-2.0379903316497803,24.270347595214844,-2.066084146499634,0.416884183883667
1769714389.4706154,23.882078170776367,-2.087185859680176,24.289409637451172,-2.1392123699188232,0.4106409549713135
1769714389.4903002,23.905603408813477,-2.1294589042663574,24.306360244750977,-2.1795575618743896,0.4038759768009186
1769714389.5104315,23.94055938720703,-2.193049192428589,24.356388092041016,-2.261730194091797,0.42146238684654236
1769714389.5307884,23.959808349609375,-2.2284700870513916,24.384918212890625,-2.2904677391052246,0.42960745096206665
1769714389.5506868,23.97511863708496,-2.256854295730591,24.389068603515625,-2.3540282249450684,0.4252016842365265
1769714389.5704021,23.9941463470459,-2.292393445968628,24.39727210998535,-2.3824961185455322,0.41307196021080017
1769714389.59068,24.031829833984375,-2.363666534423828,24.470813751220703,-2.486931324005127,0.45596203207969666
1769714389.6103568,24.061620712280273,-2.420870065689087,24.50678825378418,-2.5599420070648193,0.4663853347301483
1769714389.6303701,24.09840965270996,-2.492602825164795,24.519662857055664,-2.5982072353363037,0.434288889169693
1769714389.6504042,24.12748146057129,-2.5501701831817627,24.552675247192383,-2.6713526248931885,0.44212546944618225
1769714389.670409,24.156232833862305,-2.607896566390991,24.60957908630371,-2.7760818004608154,0.48353853821754456
1769714389.6907115,24.18112564086914,-2.658536195755005,24.634294509887695,-2.8478636741638184,0.49112823605537415
1769714389.7106283,24.19875717163086,-2.6947803497314453,24.64293098449707,-2.912264108657837,0.494559645652771
1769714389.7305253,24.233638763427734,-2.7674496173858643,24.750099182128906,-3.0172383785247803,0.5736943483352661
1769714389.7504642,24.25432586669922,-2.8111658096313477,24.76934814453125,-3.084204912185669,0.5829212665557861
1769714389.770397,24.274829864501953,-2.8549671173095703,24.78140640258789,-3.1116836071014404,0.5679112672805786
1769714389.7903314,24.29515266418457,-2.8988523483276367,24.71176528930664,-3.1017401218414307,0.4633902609348297
1769714389.810416,24.321962356567383,-2.957496166229248,24.741567611694336,-3.1725642681121826,0.4715111553668976
1769714389.8302915,24.33855438232422,-2.99422287940979,24.69908905029297,-3.2040717601776123,0.4171598255634308
1769714389.850455,24.36483383178711,-3.0531039237976074,24.725378036499023,-3.274794101715088,0.4232475459575653
1769714389.8708634,24.384328842163086,-3.0973591804504395,24.734651565551758,-3.338329553604126,0.4251977503299713
1769714389.8906567,24.419588088989258,-3.178701400756836,24.819089889526367,-3.428898334503174,0.4713799059391022
1769714389.9109447,24.4322566986084,-3.208346128463745,24.81368637084961,-3.4833314418792725,0.4702191948890686
1769714389.9305274,24.447975158691406,-3.245450973510742,24.82819938659668,-3.5191898345947266,0.4685114026069641
1769714389.9502537,24.47902488708496,-3.319822072982788,24.827360153198242,-3.545879364013672,0.41525837779045105
1769714389.9706686,24.512582778930664,-3.4018747806549072,24.883750915527344,-3.632774591445923,0.4371277987957001
1769714389.990749,24.527629852294922,-3.4392547607421875,24.876079559326172,-3.6821746826171875,0.42476749420166016
1769714390.0103319,24.566139221191406,-3.5366837978363037,24.947866439819336,-3.791855573654175,0.45915985107421875
1769714390.0305088,24.580717086791992,-3.5742475986480713,24.907283782958984,-3.8391759395599365,0.4205152094364166
1769714390.050341,24.600906372070312,-3.626920700073242,24.9200439453125,-3.9035518169403076,0.42234253883361816
1769714390.0707288,24.609479904174805,-3.649524688720703,24.907325744628906,-3.9412453174591064,0.41690850257873535
1769714390.0903275,24.637718200683594,-3.7249982357025146,24.944520950317383,-4.01963996887207,0.4253726005554199
1769714390.1105547,24.648866653442383,-3.755241632461548,24.93271255493164,-4.0673933029174805,0.421908438205719
1769714390.130614,24.66268539428711,-3.7930891513824463,24.962200164794922,-4.179581165313721,0.4889634847640991
1769714390.1505713,24.689926147460938,-3.8689258098602295,24.99808692932129,-4.262153625488281,0.49959060549736023
1769714390.1704,24.70867919921875,-3.9221224784851074,25.065706253051758,-4.346989154815674,0.5549594759941101
1769714390.1912622,24.72454833984375,-3.9677910804748535,25.093839645385742,-4.453541278839111,0.6101880073547363
1769714390.2107952,24.737627029418945,-4.0058979988098145,25.094907760620117,-4.507907867431641,0.6161679625511169
1769714390.2304745,24.765933990478516,-4.089890956878662,25.167556762695312,-4.730031967163086,0.755698561668396
1769714390.2505057,24.781103134155273,-4.1357951164245605,25.174283981323242,-4.796061038970947,0.7684663534164429
1769714390.2707129,24.803499221801758,-4.204768180847168,25.214431762695312,-4.923431396484375,0.8278542757034302
1769714390.2903762,24.818187713623047,-4.250826835632324,25.21233558654785,-4.984750270843506,0.8330643773078918
1769714390.3103037,24.83747673034668,-4.3123321533203125,25.23164939880371,-5.094510078430176,0.875884473323822
1769714390.3304627,24.85171890258789,-4.358530521392822,25.235239028930664,-5.162765026092529,0.8909997940063477
1769714390.3503668,24.87040901184082,-4.420219898223877,25.242755889892578,-5.206671237945557,0.8701430559158325
1769714390.3706477,24.89328956604004,-4.4974751472473145,25.276227951049805,-5.298659801483154,0.887997031211853
1769714390.390349,24.904529571533203,-4.536161422729492,25.23855972290039,-5.400260925292969,0.9264143109321594
1769714390.4104748,24.924421310424805,-4.605894565582275,25.244108200073242,-5.436898708343506,0.890374481678009
1769714390.430452,24.94173812866211,-4.66798210144043,25.25693702697754,-5.516463756561279,0.9051358103752136
1769714390.4503772,24.954500198364258,-4.7146100997924805,25.253761291503906,-5.5822978019714355,0.917844831943512
1769714390.4703808,24.96498680114746,-4.753507137298584,25.226078033447266,-5.614666938781738,0.8998695611953735
1769714390.4904823,24.983522415161133,-4.823611736297607,25.220096588134766,-5.677911281585693,0.8864508867263794
1769714390.510422,25.001619338989258,-4.8938307762146,25.243192672729492,-5.770214080810547,0.9090680480003357
1769714390.530569,25.017337799072266,-4.95634126663208,25.242450714111328,-5.841181755065918,0.9130270481109619
1769714390.5503192,25.025066375732422,-4.987628936767578,25.206905364990234,-5.87053108215332,0.9014331102371216
1769714390.570331,25.042139053344727,-5.058103561401367,25.23834228515625,-5.845081329345703,0.8110673427581787
1769714390.5905418,25.049585342407227,-5.089459419250488,25.215085983276367,-5.888826847076416,0.8163204193115234
1769714390.6104326,25.067821502685547,-5.167938232421875,25.2449951171875,-5.863048553466797,0.7173347473144531
1769714390.6304042,25.074962615966797,-5.19936466217041,25.214876174926758,-5.8935112953186035,0.7081069946289062
1769714390.65057,25.094152450561523,-5.285888671875,25.224695205688477,-5.956793308258057,0.6834869980812073
1769714390.6704879,25.1026554107666,-5.325265407562256,25.207853317260742,-6.00107479095459,0.6839476823806763
1769714390.6903493,25.122507095336914,-5.419888019561768,25.230873107910156,-6.045173168182373,0.6346060633659363
1769714390.7106667,25.13054656982422,-5.459362506866455,25.212392807006836,-6.086619853973389,0.6325748562812805
1769714390.73023,25.140012741088867,-5.506767749786377,25.234399795532227,-6.140450477600098,0.6406735777854919
1769714390.7503238,25.153841018676758,-5.577948570251465,25.245929718017578,-6.214075565338135,0.642757773399353
1769714390.7703974,25.168684005737305,-5.657138347625732,25.257287979125977,-6.287604808807373,0.6366621255874634
1769714390.7903888,25.18297576904297,-5.736428737640381,25.279722213745117,-6.320671081542969,0.5921987295150757
1769714390.8103375,25.196718215942383,-5.815816402435303,25.286880493164062,-6.424820899963379,0.6156425476074219
1769714390.8305178,25.20469856262207,-5.863493919372559,25.27605628967285,-6.471693992614746,0.6123719811439514
1769714390.850405,25.208614349365234,-5.887344837188721,25.22468376159668,-6.461447238922119,0.574327290058136
1769714390.871272,25.213756561279297,-5.919158935546875,25.174209594726562,-6.490360260009766,0.5725685954093933
1769714390.890517,25.225008010864258,-5.990792274475098,25.182443618774414,-6.561553478240967,0.5723460912704468
1769714390.9104562,25.233448028564453,-6.0465545654296875,25.174602508544922,-6.615467071533203,0.5719480514526367
1769714390.9304583,25.24503517150879,-6.126284599304199,25.177736282348633,-6.730932235717773,0.608381450176239
1769714390.950363,25.252817153930664,-6.182142734527588,25.186542510986328,-6.793567180633545,0.615005612373352
1769714390.9703045,25.261377334594727,-6.246026039123535,25.184667587280273,-6.8575592041015625,0.6163254976272583
1769714390.9903893,25.271577835083008,-6.3259453773498535,25.204317092895508,-6.923393249511719,0.6012221574783325
1769714391.01043,25.27743148803711,-6.373929977416992,25.18920135498047,-6.96868371963501,0.6012622714042664
1769714391.0303755,25.28492546081543,-6.4379472732543945,25.15538215637207,-7.073093414306641,0.6482223868370056
1769714391.0506938,25.292932510375977,-6.51001501083374,25.155742645263672,-7.147013187408447,0.6516039371490479
1769714391.0705478,25.29884910583496,-6.566102027893066,25.12796401977539,-7.213306427001953,0.6693841814994812
1769714391.0903206,25.304494857788086,-6.622218132019043,25.114482879638672,-7.269339084625244,0.6744406819343567
1769714391.1103783,25.309120178222656,-6.670339584350586,25.09371566772461,-7.316172122955322,0.6808078289031982
1769714391.1303833,25.312820434570312,-6.710455417633057,25.08597755432129,-7.400022029876709,0.725919783115387
1769714391.1504426,25.320472717285156,-6.798755645751953,25.103548049926758,-7.470314979553223,0.7057254910469055
1769714391.1703703,25.32436180114746,-6.8469438552856445,25.08361053466797,-7.517629146575928,0.7125870585441589
1769714391.1904376,25.330974578857422,-6.935330867767334,25.06977081298828,-7.637571811676025,0.7492460608482361
1769714391.2103558,25.334835052490234,-6.991604328155518,25.053537368774414,-7.694893836975098,0.7574589252471924
1769714391.2303345,25.33891487121582,-7.055938720703125,25.054235458374023,-7.749295234680176,0.7495229840278625
1769714391.2507205,25.341283798217773,-7.0961594581604,25.019512176513672,-7.776702404022217,0.7527778744697571
1769714391.270325,25.345605850219727,-7.1766252517700195,25.012704849243164,-7.829348087310791,0.7327137589454651
1769714391.290688,25.34902000427246,-7.249070167541504,25.00594711303711,-7.903021812438965,0.7384792566299438
1769714391.3104289,25.35198402404785,-7.321535587310791,24.995418548583984,-7.9482293128967285,0.7210302948951721
1769714391.330521,25.35371208190918,-7.369856357574463,24.9499454498291,-7.992959499359131,0.7424853444099426
1769714391.3503668,25.35523796081543,-7.418184280395508,24.92430305480957,-8.036745071411133,0.7538716793060303
1769714391.3703148,25.35635757446289,-7.458462715148926,24.91084861755371,-8.048394203186035,0.7392553091049194
1769714391.390385,25.35769271850586,-7.514858722686768,24.890029907226562,-8.100752830505371,0.7496525645256042
1769714391.410424,25.3590087890625,-7.587377548217773,24.882122039794922,-8.155355453491211,0.7416326999664307
1769714391.4311385,25.35972023010254,-7.643786430358887,24.860673904418945,-8.20695972442627,0.7524702548980713
1769714391.4505847,25.360307693481445,-7.740495204925537,24.884017944335938,-8.3075532913208,0.740544855594635
1769714391.4705606,25.36025619506836,-7.8049702644348145,24.868450164794922,-8.36881160736084,0.7481915354728699
1769714391.4905388,25.359413146972656,-7.909740447998047,24.86905288696289,-8.422258377075195,0.7093160152435303
1769714391.5102837,25.358428955078125,-7.974210739135742,24.852449417114258,-8.481390953063965,0.7164124250411987
1769714391.5303683,25.357633590698242,-8.014501571655273,24.817035675048828,-8.52884292602539,0.7461860775947571
1769714391.5507798,25.356698989868164,-8.054790496826172,24.77342987060547,-8.573931694030762,0.7808403372764587
1769714391.5704148,25.355396270751953,-8.103132247924805,24.74591636657715,-8.614258766174316,0.7954338192939758
1769714391.590298,25.35466957092285,-8.127302169799805,24.70376205444336,-8.624587059020996,0.819129228591919
1769714391.610355,25.353622436523438,-8.159524917602539,24.716093063354492,-8.619142532348633,0.7859325408935547
1769714391.6304111,25.35248565673828,-8.19174575805664,24.681198120117188,-8.638309478759766,0.8062547445297241
1769714391.6503494,25.350942611694336,-8.232017517089844,24.715665817260742,-8.627599716186523,0.7483724355697632
1769714391.670459,25.349607467651367,-8.264230728149414,24.684852600097656,-8.645201683044434,0.7661831974983215
1769714391.6904707,25.347057342529297,-8.320595741271973,24.66666603088379,-8.692541122436523,0.7754198312759399
1769714391.710597,25.345069885253906,-8.360849380493164,24.721527099609375,-8.6423978805542,0.6841599941253662
1769714391.7304401,25.340681076049805,-8.44133472442627,24.750513076782227,-8.746335983276367,0.6643219590187073
1769714391.7504692,25.337278366088867,-8.497657775878906,24.73603630065918,-8.798551559448242,0.6723304986953735
1769714391.7703993,25.331384658813477,-8.586130142211914,24.739973068237305,-8.884233474731445,0.6622936725616455
1769714391.7902997,25.326677322387695,-8.650446891784668,24.738920211791992,-8.927802085876465,0.6499105095863342
1769714391.8103786,25.321617126464844,-8.714736938476562,24.73206901550293,-8.983156204223633,0.6477769613265991
1769714391.8310254,25.318954467773438,-8.746871948242188,24.686025619506836,-8.998449325561523,0.6810941696166992
1769714391.8504167,25.311174392700195,-8.835204124450684,24.68874740600586,-9.084153175354004,0.6703669428825378
1769714391.8704536,25.308181762695312,-8.867310523986816,24.65907096862793,-9.089798927307129,0.6861815452575684
1769714391.8903775,25.29949188232422,-8.955561637878418,24.660179138183594,-9.174752235412598,0.6758437156677246
1769714391.9104652,25.294471740722656,-9.003670692443848,24.62761688232422,-9.211846351623535,0.6985937356948853
1769714391.930364,25.286569595336914,-9.07579517364502,24.620399475097656,-9.27682113647461,0.6958398818969727
1769714391.9504812,25.281986236572266,-9.115843772888184,24.620271682739258,-9.275744438171387,0.6807595491409302
1769714391.9705095,25.27338981628418,-9.187891006469727,24.61715316772461,-9.34970474243164,0.6758933067321777
1769714391.9906197,25.2612361907959,-9.283870697021484,24.612346649169922,-9.424161911010742,0.6638813018798828
1769714392.0103688,25.253780364990234,-9.339812278747559,24.600372314453125,-9.468395233154297,0.6659401655197144
1769714392.0304298,25.243799209594727,-9.4116849899292,24.593454360961914,-9.531991004943848,0.6613792777061462
1769714392.050413,25.23573112487793,-9.467543601989746,24.55490493774414,-9.598664283752441,0.6933368444442749
1769714392.070695,25.230998992919922,-9.499444961547852,24.533138275146484,-9.613797187805176,0.7071674466133118
1769714392.0902967,25.224960327148438,-9.539304733276367,24.516977310180664,-9.612092018127441,0.7117152214050293
1769714392.1102846,25.212474822998047,-9.6189603805542,24.530786514282227,-9.655238151550293,0.682651937007904
1769714392.1303768,25.200769424438477,-9.690577507019043,24.52321434020996,-9.717738151550293,0.6780977845191956
1769714392.1503646,25.187244415283203,-9.770066261291504,24.511381149291992,-9.782430648803711,0.6759756207466125
1769714392.1704252,25.177452087402344,-9.825654029846191,24.4990234375,-9.825177192687988,0.6784284710884094
1769714392.190353,25.163000106811523,-9.904982566833496,24.49140739440918,-9.87669563293457,0.672187328338623
1769714392.2104046,25.151046752929688,-9.968374252319336,24.458227157592773,-9.905455589294434,0.6956701874732971
1769714392.2303877,25.14185333251953,-10.015874862670898,24.44270896911621,-9.93704605102539,0.7035735845565796
1769714392.2504034,25.138744354248047,-10.031700134277344,24.42019271850586,-9.930299758911133,0.7256715893745422
1769714392.270298,25.129289627075195,-10.079150199890137,24.427202224731445,-9.969775199890137,0.7105565071105957
1769714392.2905014,25.121261596679688,-10.11866283416748,24.410831451416016,-9.992072105407715,0.7216206789016724
1769714392.3103964,25.101442337036133,-10.21337890625,24.43782615661621,-10.065821647644043,0.6798226833343506
1769714392.3303578,25.09123992919922,-10.260676383972168,24.417909622192383,-10.077545166015625,0.6977904438972473
1769714392.3503058,25.075571060180664,-10.33154296875,24.409610748291016,-10.13718318939209,0.6937435865402222
1769714392.3704023,25.068466186523438,-10.363008499145508,24.39459800720215,-10.149490356445312,0.7068880796432495
1769714392.3904023,25.053998947143555,-10.425881385803223,24.410442352294922,-10.209402084350586,0.6789902448654175
1769714392.4106145,25.037311553955078,-10.496517181396484,24.403078079223633,-10.253754615783691,0.679105818271637
1769714392.4304802,25.024030685424805,-10.551384925842285,24.39405632019043,-10.29494571685791,0.6801674962043762
1769714392.4503667,25.004600524902344,-10.629654884338379,24.387590408325195,-10.363800048828125,0.6718488335609436
1769714392.4703686,25.002628326416016,-10.637474060058594,24.36607551574707,-10.344420433044434,0.7007713913917542
1769714392.4904253,24.97650146484375,-10.739006042480469,24.37260627746582,-10.445703506469727,0.671353816986084
1769714392.5103605,24.972400665283203,-10.754605293273926,24.3604793548584,-10.440796852111816,0.687694787979126
1769714392.5305045,24.951580047607422,-10.832517623901367,24.356531143188477,-10.498221397399902,0.6825231313705444
1769714392.5508456,24.94523048400879,-10.855863571166992,24.34648323059082,-10.51153564453125,0.690695583820343
1769714392.5704012,24.917160034179688,-10.956876754760742,24.338184356689453,-10.587305068969727,0.686874508857727
1769714392.590462,24.91496467590332,-10.96463680267334,24.327836990356445,-10.573649406433105,0.7053990364074707
1769714392.610494,24.88819122314453,-11.057636260986328,24.3211669921875,-10.659451484680176,0.6928703784942627
1769714392.6306825,24.879098892211914,-11.088586807250977,24.301681518554688,-10.68487548828125,0.7045517563819885
1769714392.6503665,24.855993270874023,-11.165853500366211,24.285429000854492,-10.752392768859863,0.7046225070953369
1769714392.6703796,24.834747314453125,-11.235258102416992,24.27611541748047,-10.811363220214844,0.7012531161308289
1769714392.6903155,24.81792640686035,-11.28914737701416,24.2779598236084,-10.853360176086426,0.6938831806182861
1769714392.710318,24.80084800720215,-11.342955589294434,24.26935577392578,-10.894770622253418,0.6952371597290039
1769714392.7303157,24.781015396118164,-11.404350280761719,24.237651824951172,-10.953476905822754,0.7060662508010864
1769714392.7504387,24.768447875976562,-11.442667007446289,24.228195190429688,-10.977829933166504,0.7127042412757874
1769714392.7704115,24.742921829223633,-11.519169807434082,24.188629150390625,-11.035740852355957,0.7354899644851685
1769714392.790407,24.724742889404297,-11.572617530822754,24.17721176147461,-11.077424049377441,0.7382455468177795
1769714392.8104632,24.698328018188477,-11.648818016052246,24.165794372558594,-11.140869140625,0.7359378933906555
1769714392.8303952,24.6876163482666,-11.679247856140137,24.156269073486328,-11.156988143920898,0.7450405955314636
1769714392.8503962,24.67139434814453,-11.724837303161621,24.14470672607422,-11.178997993469238,0.7585113048553467
1769714392.8703418,24.654983520507812,-11.770359992980957,24.133819580078125,-11.211851119995117,0.7639005780220032
1769714392.890468,24.63001823425293,-11.838517189025879,24.083345413208008,-11.325615882873535,0.7496123313903809
1769714392.910375,24.60463523864746,-11.906519889831543,24.06749725341797,-11.385766983032227,0.7481305003166199
1769714392.930361,24.590351104736328,-11.944231033325195,24.032203674316406,-11.441106796264648,0.751440703868866
1769714392.950356,24.55554962158203,-12.034538269042969,24.011829376220703,-11.527220726013184,0.7436410188674927
1769714392.9709883,24.540830612182617,-12.07208251953125,23.982864379882812,-11.56900405883789,0.7512747645378113
1769714392.9903789,24.51100730895996,-12.147018432617188,23.962953567504883,-11.638529777526855,0.7476122975349426
1769714393.0102692,24.48373031616211,-12.214284896850586,23.940141677856445,-11.716294288635254,0.737212598323822
1769714393.0302882,24.456039428710938,-12.281383514404297,23.918973922729492,-11.786090850830078,0.7305858135223389
1769714393.0505517,24.43735122680664,-12.326020240783691,23.89939308166504,-11.826824188232422,0.7338902354240417
1769714393.070398,24.42163848876953,-12.363160133361816,23.884462356567383,-11.85653305053711,0.7383959889411926
1769714393.0903625,24.40897560119629,-12.39283275604248,23.90132713317871,-11.876532554626465,0.7240669131278992
1769714393.1103501,24.38983154296875,-12.437276840209961,23.88677406311035,-11.914377212524414,0.725596010684967
1769714393.130412,24.36077308654785,-12.50379467010498,23.89678192138672,-11.955863952636719,0.7179945707321167
1769714393.1502948,24.337890625,-12.555407524108887,23.88208770751953,-12.001370429992676,0.7174353003501892
1769714393.170415,24.31808090209961,-12.599559783935547,23.87995719909668,-12.047581672668457,0.7047209739685059
1769714393.1903899,24.301433563232422,-12.63629150390625,23.886507034301758,-12.064269065856934,0.7066635489463806
1769714393.210377,24.2846622467041,-12.672966003417969,23.87665557861328,-12.093829154968262,0.7084272503852844
1769714393.2304456,24.257568359375,-12.731525421142578,23.861797332763672,-12.14743423461914,0.7055473923683167
1769714393.2505686,24.22670555114746,-12.79722785949707,23.83018684387207,-12.20716381072998,0.7109164595603943
1769714393.2703564,24.1954402923584,-12.862739562988281,23.813915252685547,-12.260260581970215,0.713121235370636
1769714393.2903018,24.17789649963379,-12.899051666259766,23.837299346923828,-12.272231101989746,0.7133793830871582
1769714393.3103468,24.138864517211914,-12.978727340698242,23.816923141479492,-12.348089218139648,0.7080612778663635
1769714393.330388,24.11732292175293,-13.022062301635742,23.803512573242188,-12.376622200012207,0.7176839113235474
1769714393.3502934,24.07737159729004,-13.101280212402344,23.8004207611084,-12.452351570129395,0.7055559754371643
1769714393.3705359,24.06637191772461,-13.122833251953125,23.79770851135254,-12.466317176818848,0.7093612551689148
1769714393.3904407,24.01445960998535,-13.223114013671875,23.770776748657227,-12.564547538757324,0.7022046446800232
1769714393.4102688,24.00696563720703,-13.237399101257324,23.768657684326172,-12.569295883178711,0.7093320488929749
1769714393.4305282,23.972999572753906,-13.301555633544922,23.77493667602539,-12.622254371643066,0.707587480545044
1769714393.4504087,23.969202041625977,-13.308670997619629,23.778770446777344,-12.621565818786621,0.7130061984062195
1769714393.470294,23.91164779663086,-13.415093421936035,23.740474700927734,-12.727519035339355,0.7085607051849365
1769714393.4905314,23.907772064208984,-13.42216682434082,23.744279861450195,-12.726971626281738,0.71416175365448
1769714393.5105524,23.85300636291504,-13.52092170715332,23.71070671081543,-12.827864646911621,0.7075145244598389
1769714393.5305498,23.837186813354492,-13.549040794372559,23.707111358642578,-12.850314140319824,0.7107316255569458
1769714393.550582,23.797300338745117,-13.619150161743164,23.670949935913086,-12.924184799194336,0.7063572406768799
1769714393.5705783,23.76099395751953,-13.682013511657715,23.653564453125,-12.98413372039795,0.7061004042625427
1769714393.590375,23.72020149230957,-13.75160026550293,23.63104248046875,-13.075911521911621,0.6815463900566101
1769714393.6103969,23.703752517700195,-13.779356956481934,23.626962661743164,-13.099339485168457,0.6843389868736267
1769714393.6302674,23.670625686645508,-13.834734916687012,23.591787338256836,-13.158588409423828,0.6807271838188171
1769714393.6503701,23.632997512817383,-13.896818161010742,23.527624130249023,-13.249720573425293,0.6556212902069092
1769714393.6704254,23.611927032470703,-13.931208610534668,23.516891479492188,-13.28186321258545,0.6562639474868774
1769714393.690476,23.573707580566406,-13.99293041229248,23.45878791809082,-13.371228218078613,0.6322340369224548
1769714393.7106209,23.556598663330078,-14.020286560058594,23.448286056518555,-13.396560668945312,0.6330602765083313
1769714393.73035,23.517831802368164,-14.081666946411133,23.399648666381836,-13.491604804992676,0.6017817854881287
1769714393.7505686,23.47869110107422,-14.142807960510254,23.356101989746094,-13.55846118927002,0.5970671772956848
1769714393.7703118,23.434762954711914,-14.210458755493164,23.324979782104492,-13.628196716308594,0.592521071434021
1769714393.7905054,23.403738021850586,-14.257634162902832,23.302473068237305,-13.675941467285156,0.5904414653778076
1769714393.810507,23.376968383789062,-14.297952651977539,23.267641067504883,-13.738585472106934,0.5699508786201477
1769714393.8304276,23.331985473632812,-14.364904403686523,23.234420776367188,-13.808370590209961,0.5650206208229065
1769714393.8507204,23.304777145385742,-14.404927253723145,23.232234954833984,-13.863334655761719,0.5464298725128174
1769714393.8703322,23.254470825195312,-14.478012084960938,23.202951431274414,-13.936631202697754,0.5438257455825806
1769714393.8909585,23.24526596069336,-14.49125862121582,23.195934295654297,-13.949610710144043,0.5438901782035828
1769714393.9103456,23.18032455444336,-14.583635330200195,23.158023834228516,-14.059316635131836,0.5247928500175476
1769714393.930681,23.170974731445312,-14.596781730651855,23.15128517150879,-14.072726249694824,0.5244247913360596
1769714393.9504108,23.133398056030273,-14.649235725402832,23.12522315979004,-14.131123542785645,0.518176794052124
1769714393.970532,23.086027145385742,-14.714513778686523,23.092185974121094,-14.201169967651367,0.5133809447288513
1769714393.9904006,23.033405303955078,-14.785943031311035,23.05201530456543,-14.285276412963867,0.5010122060775757
1769714394.0103383,23.009309768676758,-14.818279266357422,23.03423500061035,-14.301920890808105,0.5169601440429688
1769714394.0304792,22.96078872680664,-14.88270378112793,23.022842407226562,-14.37000560760498,0.5164397358894348
1769714394.0506022,22.92656135559082,-14.927602767944336,22.999589920043945,-14.418079376220703,0.5147301554679871
1769714394.07031,22.88224220275879,-14.985087394714355,22.987882614135742,-14.476493835449219,0.5194486379623413
1769714394.0903323,22.8475284576416,-15.029608726501465,22.965499877929688,-14.524510383605957,0.518692135810852
1769714394.1104145,22.797569274902344,-15.09291934967041,22.949100494384766,-14.587529182434082,0.527618408203125
1769714394.1304345,22.767385482788086,-15.130741119384766,22.930789947509766,-14.628179550170898,0.5284597873687744
1769714394.1504226,22.73704719543457,-15.168438911437988,22.91368865966797,-14.656903266906738,0.5411753058433533
1769714394.170484,22.70655632019043,-15.206010818481445,22.894899368286133,-14.697023391723633,0.5427171587944031
1769714394.1903613,22.67591094970703,-15.243457794189453,22.89368438720703,-14.736479759216309,0.5517715215682983
1769714394.2103622,22.629653930664062,-15.29939079284668,22.86511993408203,-14.79761791229248,0.5542739033699036
1769714394.230625,22.58305549621582,-15.355036735534668,22.836349487304688,-14.855398178100586,0.5601747035980225
1769714394.2503324,22.551799774169922,-15.391973495483398,22.81113624572754,-14.911736488342285,0.5457868576049805
1769714394.2702668,22.499372482299805,-15.453248023986816,22.77823829650879,-14.98007583618164,0.5492342114448547
1769714394.290657,22.467714309692383,-15.489839553833008,22.759479522705078,-15.020215034484863,0.5528783202171326
1769714394.3105228,22.41461753845215,-15.550535202026367,22.707120895385742,-15.10277271270752,0.5348352789878845
1769714394.3303795,22.39326286315918,-15.574710845947266,22.694194793701172,-15.128872871398926,0.5378963351249695
1769714394.3505359,22.33419418334961,-15.640891075134277,22.64852523803711,-15.219905853271484,0.5253880023956299
1769714394.3705244,22.3179988861084,-15.658863067626953,22.638654708862305,-15.239344596862793,0.5280305743217468
1769714394.390301,22.269189834594727,-15.712577819824219,22.589120864868164,-15.318007469177246,0.5079782605171204
1769714394.4103596,22.24193000793457,-15.742288589477539,22.59392547607422,-15.372008323669434,0.5108901262283325
1769714394.4303138,22.18160057067871,-15.80732250213623,22.55513572692871,-15.449116706848145,0.5175316333770752
1769714394.4503472,22.1595401763916,-15.830857276916504,22.558515548706055,-15.487602233886719,0.5263122916221619
1769714394.4703162,22.09854507446289,-15.89526653289795,22.520444869995117,-15.565142631530762,0.5357062220573425
1769714394.4904344,22.0650691986084,-15.930203437805176,22.49864959716797,-15.630559921264648,0.5270454287528992
1769714394.5103772,22.003326416015625,-15.993895530700684,22.46051597595215,-15.708866119384766,0.5387613773345947
1769714394.5304506,21.975101470947266,-16.02269172668457,22.43093490600586,-15.74856948852539,0.5319088101387024
1769714394.5503666,21.924049377441406,-16.07427978515625,22.399011611938477,-15.812700271606445,0.5422303676605225
1769714394.5706878,21.912660598754883,-16.08570098876953,22.375978469848633,-15.817854881286621,0.5351672768592834
1769714394.5904737,21.849746704101562,-16.148237228393555,22.335166931152344,-15.895207405090332,0.5474104285240173
1769714394.6104524,21.809463500976562,-16.18778419494629,22.31251335144043,-15.947717666625977,0.5573976635932922
1769714394.630742,21.7515869140625,-16.243942260742188,22.27912712097168,-16.010805130004883,0.5767585039138794
1769714394.6502604,21.710845947265625,-16.283016204833984,22.238431930541992,-16.064943313598633,0.5708799958229065
1769714394.670257,21.6699161529541,-16.3218936920166,22.211444854736328,-16.113563537597656,0.5802207589149475
1769714394.6902966,21.622909545898438,-16.3660831451416,22.18056869506836,-16.16465187072754,0.5929237008094788
1769714394.7102447,21.563812255859375,-16.42095375061035,22.1389217376709,-16.241321563720703,0.6025105714797974
1769714394.730324,21.51030158996582,-16.469989776611328,22.103647232055664,-16.30376434326172,0.6161905527114868
1769714394.7504976,21.45648765563965,-16.518692016601562,22.068164825439453,-16.366193771362305,0.6304007768630981
1769714394.7703047,21.43247413635254,-16.540231704711914,22.047361373901367,-16.383975982666016,0.6344308853149414
1769714394.7903543,21.396343231201172,-16.57241439819336,22.0223445892334,-16.424144744873047,0.6433212757110596
1769714394.8103034,21.34189796447754,-16.620410919189453,22.003572463989258,-16.4641056060791,0.6798854470252991
1769714394.8303924,21.299345016479492,-16.65750503540039,21.975181579589844,-16.51044464111328,0.691650390625
1769714394.850412,21.25049591064453,-16.699649810791016,21.960189819335938,-16.53770637512207,0.7279350161552429
1769714394.8704736,21.213706970214844,-16.7310791015625,21.935850143432617,-16.57563018798828,0.738683819770813
1769714394.8905065,21.170623779296875,-16.767555236816406,21.924406051635742,-16.59264373779297,0.7738096117973328
1769714394.9104278,21.114971160888672,-16.81414794921875,21.889118194580078,-16.650981903076172,0.7911548614501953
1769714394.9303246,21.077709197998047,-16.845016479492188,21.870512008666992,-16.67652130126953,0.8105088472366333
1769714394.9503565,21.01532554626465,-16.896121978759766,21.831140518188477,-16.74144744873047,0.8303497433662415
1769714394.9703522,20.977724075317383,-16.926578521728516,21.808073043823242,-16.749271392822266,0.8490669131278992
1769714394.990291,20.927396774291992,-16.966943740844727,21.771839141845703,-16.805517196655273,0.8597338199615479
1769714395.0107124,20.87684440612793,-17.007030487060547,21.732070922851562,-16.853055953979492,0.868975818157196
1769714395.0304809,20.819711685180664,-17.051794052124023,21.694944381713867,-16.90921401977539,0.886771023273468
1769714395.0507865,20.762300491333008,-17.096202850341797,21.644922256469727,-16.95915412902832,0.8931975364685059
1769714395.0705073,20.71103858947754,-17.1353759765625,21.610177993774414,-17.007343292236328,0.9082089066505432
1769714395.0905836,20.666006088256836,-17.16942024230957,21.564538955688477,-17.06252670288086,0.9048691391944885
1769714395.1106536,20.627277374267578,-17.198427200317383,21.5360164642334,-17.095853805541992,0.9145092368125916
1769714395.130413,20.601390838623047,-17.217676162719727,21.51218605041504,-17.098125457763672,0.9186078906059265
1769714395.1504433,20.542953491210938,-17.260723114013672,21.471759796142578,-17.152297973632812,0.9351152181625366
1769714395.1705446,20.529930114746094,-17.270240783691406,21.461875915527344,-17.170726776123047,0.9372434616088867
1769714395.190326,20.471166610717773,-17.312841415405273,21.411584854125977,-17.229331970214844,0.9441193342208862
1769714395.2104723,20.398984909057617,-17.36441421508789,21.362924575805664,-17.298519134521484,0.9661892056465149
1769714395.230468,20.339637756347656,-17.406200408935547,21.309232711791992,-17.35091209411621,0.9711709022521973
1769714395.2504203,20.280031204223633,-17.447614669799805,21.266672134399414,-17.404706954956055,0.9875752925872803
1769714395.270469,20.266748428344727,-17.456768035888672,21.224634170532227,-17.419931411743164,0.9585920572280884
1769714395.2905586,20.240148544311523,-17.475017547607422,21.19854164123535,-17.436248779296875,0.959176242351532
1769714395.310639,20.186798095703125,-17.51129913330078,21.165592193603516,-17.472797393798828,0.9795508980751038
1769714395.330247,20.119829177856445,-17.55623435974121,21.11237907409668,-17.544858932495117,0.9926154613494873
1769714395.3503976,20.059293746948242,-17.59627914428711,21.071104049682617,-17.59015464782715,1.011828899383545
1769714395.3703926,19.99173927307129,-17.640331268310547,21.026569366455078,-17.635345458984375,1.0348421335220337
1769714395.3905606,19.937477111816406,-17.675235748291016,20.98470115661621,-17.67941665649414,1.0472321510314941
1769714395.410289,19.876203536987305,-17.71414566040039,20.928665161132812,-17.733333587646484,1.0526357889175415
1769714395.4306493,19.807842254638672,-17.756927490234375,20.87833595275879,-17.79170799255371,1.0710593461990356
1769714395.450306,19.752941131591797,-17.790813446044922,20.824350357055664,-17.834367752075195,1.07229483127594
1769714395.4707196,19.725421905517578,-17.807641983032227,20.794212341308594,-17.847288131713867,1.0695258378982544
1769714395.490501,19.69095802307129,-17.828569412231445,20.74493980407715,-17.87789535522461,1.0551365613937378
1769714395.5103912,19.649505615234375,-17.853525161743164,20.706661224365234,-17.90549659729004,1.05843186378479
1769714395.5303693,19.614885330200195,-17.874191284179688,20.667762756347656,-17.932666778564453,1.0544999837875366
1769714395.5509238,19.573246002197266,-17.898832321166992,20.640155792236328,-17.947725296020508,1.0680288076400757
1769714395.5706549,19.559345245361328,-17.907007217407227,20.619117736816406,-17.953935623168945,1.0608127117156982
1769714395.5905354,19.5175724029541,-17.931415557861328,20.58393669128418,-17.973161697387695,1.0671824216842651
1769714395.610269,19.45472526550293,-17.96770477294922,20.550334930419922,-18.02813720703125,1.0972756147384644
1769714395.6303291,19.384634017944336,-18.007564544677734,20.497438430786133,-18.084518432617188,1.1154613494873047
1769714395.6503162,19.328365325927734,-18.03910255432129,20.43952751159668,-18.12944793701172,1.1148293018341064
1769714395.6707535,19.293109893798828,-18.05865478515625,20.40312957763672,-18.14811134338379,1.1136175394058228
1769714395.6904635,19.229482650756836,-18.093542098999023,20.346086502075195,-18.187589645385742,1.1205573081970215
1769714395.7104962,19.179845809936523,-18.12040138244629,20.293062210083008,-18.21922492980957,1.1175951957702637
1769714395.7304492,19.13007926940918,-18.14702033996582,20.247812271118164,-18.25115394592285,1.1225723028182983
1769714395.7505357,19.08018684387207,-18.173397064208984,20.227109909057617,-18.269668579101562,1.1509555578231812
1769714395.770423,19.00869369506836,-18.210655212402344,20.17214584350586,-18.32329559326172,1.1688916683197021
1769714395.7907221,18.95849609375,-18.236438751220703,20.103723526000977,-18.35443687438965,1.151289701461792
1769714395.810363,18.893775939941406,-18.26923179626465,20.050512313842773,-18.399858474731445,1.1640876531600952
1769714395.8303561,18.836078643798828,-18.29804039001465,19.998807907104492,-18.426515579223633,1.1698062419891357
1769714395.8504574,18.785463333129883,-18.322982788085938,19.95136833190918,-18.455331802368164,1.1733918190002441
1769714395.870391,18.749237060546875,-18.34065055847168,19.900304794311523,-18.46910285949707,1.1582138538360596
1769714395.8903785,18.712949752807617,-18.358190536499023,19.858835220336914,-18.48250961303711,1.1526110172271729
1769714395.9104135,18.647480010986328,-18.38944435119629,19.802913665771484,-18.524925231933594,1.1633484363555908
1769714395.9308357,18.58912467956543,-18.416881561279297,19.74016761779785,-18.570011138916016,1.1611851453781128
1769714395.9504619,18.52329444885254,-18.44736099243164,19.65317726135254,-18.606754302978516,1.1410707235336304
1769714395.9703994,18.457277297973633,-18.477426528930664,19.59457015991211,-18.647764205932617,1.1499782800674438
1769714395.9907458,18.368967056274414,-18.51687240600586,19.51075553894043,-18.69674301147461,1.1558682918548584
1769714396.0104985,18.309913635253906,-18.542760848999023,19.454240798950195,-18.728614807128906,1.1593214273452759
1769714396.0304914,18.228485107421875,-18.577817916870117,19.36102867126465,-18.798803329467773,1.1539016962051392
1769714396.050657,18.183958053588867,-18.596677780151367,19.30922508239746,-18.81517791748047,1.1462827920913696
1769714396.0704324,18.139354705810547,-18.615352630615234,19.253786087036133,-18.83179473876953,1.1352548599243164
1769714396.0904138,18.10212516784668,-18.63077163696289,19.204986572265625,-18.840505599975586,1.1226259469985962
1769714396.1103368,18.064844131469727,-18.64606285095215,19.156280517578125,-18.8604679107666,1.1122965812683105
1769714396.1302798,18.027509689331055,-18.661222457885742,19.107032775878906,-18.868881225585938,1.0993142127990723
1769714396.150502,17.975154876708984,-18.68222999572754,19.04707908630371,-18.907852172851562,1.0954118967056274
1769714396.1704068,17.930198669433594,-18.70003318786621,18.99379539489746,-18.923574447631836,1.0868345499038696
1769714396.1904068,17.89267921447754,-18.714725494384766,18.932144165039062,-18.946592330932617,1.0650116205215454
1769714396.2103312,17.84006690979004,-18.735076904296875,18.874370574951172,-18.969318389892578,1.0604954957962036
1769714396.2304485,17.7571964263916,-18.766538619995117,18.818849563598633,-19.032445907592773,1.0944477319717407
1769714396.2505434,17.704336166381836,-18.786230087280273,18.733592987060547,-19.070457458496094,1.0677809715270996
1769714396.2704182,17.628658294677734,-18.813913345336914,18.66434669494629,-19.114809036254883,1.0785112380981445
1769714396.2905533,17.575572967529297,-18.832977294921875,18.605247497558594,-19.137351989746094,1.0737193822860718
1769714396.3104823,17.507183074951172,-18.85711097717285,18.539180755615234,-19.173933029174805,1.0795350074768066
1769714396.3303049,17.461509704589844,-18.872961044311523,18.445817947387695,-19.179689407348633,1.0309935808181763
1769714396.3502865,17.415767669677734,-18.888622283935547,18.387968063354492,-19.192968368530273,1.0187246799468994
1769714396.3702908,17.362323760986328,-18.90665054321289,18.284954071044922,-19.21565055847168,0.972999632358551
1769714396.3903408,17.27816390991211,-18.93445587158203,18.206815719604492,-19.262474060058594,0.9848798513412476
1769714396.41042,17.216827392578125,-18.954275131225586,18.101354598999023,-19.274168014526367,0.9405955672264099
1769714396.4307005,17.13231086730957,-18.980966567993164,18.020587921142578,-19.31818389892578,0.9501322507858276
1769714396.4505467,17.093828201293945,-18.992887496948242,17.947525024414062,-19.30230140686035,0.9080407023429871
1769714396.4706192,17.0553035736084,-19.00467300415039,17.883373260498047,-19.30852508544922,0.8820578455924988
1769714396.4905136,17.00130271911621,-19.02094841003418,17.77433204650879,-19.334726333618164,0.834284782409668
1769714396.5104887,16.939491271972656,-19.039228439331055,17.701196670532227,-19.35455894470215,0.8243953585624695
1769714396.5303714,16.877578735351562,-19.057165145874023,17.631013870239258,-19.37757110595703,0.8187325596809387
1769714396.5508518,16.807811737060547,-19.076934814453125,17.55647850036621,-19.394840240478516,0.8133677840232849
1769714396.5703366,16.7379207611084,-19.09626579284668,17.436485290527344,-19.456518173217773,0.7859848141670227
1769714396.590406,16.675697326660156,-19.11308479309082,17.36479949951172,-19.46784019470215,0.7750573754310608
1769714396.610638,16.589988708496094,-19.135644912719727,17.287487030029297,-19.511823654174805,0.7924744486808777
1769714396.6306758,16.558778762817383,-19.143686294555664,17.227550506591797,-19.502086639404297,0.7587525844573975
1769714396.6503522,16.519737243652344,-19.153615951538086,17.15645408630371,-19.49835205078125,0.7240514159202576
1769714396.6703026,16.433725357055664,-19.174985885620117,17.068620681762695,-19.534564971923828,0.7296504974365234
1769714396.6903193,16.41023826599121,-19.180700302124023,17.012041091918945,-19.516014099121094,0.6889132261276245
1769714396.7103071,16.347553253173828,-19.195697784423828,16.924928665161133,-19.551868438720703,0.6783953905105591
1769714396.7302716,16.276931762695312,-19.212154388427734,16.780597686767578,-19.613759994506836,0.6441792249679565
1769714396.7503796,16.221935272216797,-19.22464942932129,16.705467224121094,-19.623624801635742,0.6268852353096008
1769714396.7703273,16.159008026123047,-19.238601684570312,16.625959396362305,-19.644134521484375,0.6184662580490112
1769714396.790435,16.12751579284668,-19.245447158813477,16.55901527404785,-19.624568939208984,0.5743915438652039
1769714396.810425,16.040815353393555,-19.26382064819336,16.466968536376953,-19.658740997314453,0.5810076594352722
1769714396.8305407,16.001359939575195,-19.271953582763672,16.377538681030273,-19.633705139160156,0.5218960046768188
1769714396.850645,15.946075439453125,-19.28310775756836,16.300521850585938,-19.638225555419922,0.5017372965812683
1769714396.8702972,15.874917984008789,-19.297056198120117,16.113540649414062,-19.695646286010742,0.46455979347229004
1769714396.8904495,15.84326457977295,-19.303112030029297,16.04579734802246,-19.68074607849121,0.42851582169532776
1769714396.9103606,15.771984100341797,-19.316417694091797,16.005640029907227,-19.686445236206055,0.437624990940094
1769714396.930639,15.732348442077637,-19.323617935180664,15.93466567993164,-19.675888061523438,0.40623530745506287
1769714396.9504464,15.668880462646484,-19.334850311279297,15.844497680664062,-19.724367141723633,0.4272770881652832
1769714396.9705048,15.597405433654785,-19.347064971923828,15.75613784790039,-19.741628646850586,0.4252969026565552
1769714396.9908648,15.549713134765625,-19.35495948791504,15.692344665527344,-19.74254035949707,0.41299164295196533
1769714397.010335,15.52585506439209,-19.35883331298828,15.63327693939209,-19.72164535522461,0.37838122248649597
1769714397.0303352,15.438307762145996,-19.372608184814453,15.465539932250977,-19.785675048828125,0.41396430134773254
1769714397.0509841,15.40644645690918,-19.377450942993164,15.393144607543945,-19.776763916015625,0.3995347321033478
1769714397.0704482,15.294829368591309,-19.393705368041992,15.284152030944824,-19.81964874267578,0.426076203584671
1769714397.0904734,15.278871536254883,-19.395938873291016,15.346867561340332,-19.757766723632812,0.3681616485118866
1769714397.1104198,15.19903564453125,-19.406774520874023,15.238039016723633,-19.81834602355957,0.41341590881347656
1769714397.1305697,15.151098251342773,-19.413009643554688,15.16605281829834,-19.81580924987793,0.40307843685150146
1769714397.150277,15.063148498535156,-19.423919677734375,15.058895111083984,-19.86762046813965,0.4437216520309448
1769714397.1705837,14.983122825622559,-19.433256149291992,14.966266632080078,-19.890575408935547,0.45763009786605835
1769714397.1903474,14.919057846069336,-19.440324783325195,14.914965629577637,-19.898590087890625,0.458283931016922
1769714397.210627,14.862967491149902,-19.446218490600586,14.835176467895508,-19.88467025756836,0.43933162093162537
1769714397.230306,14.82288646697998,-19.45026397705078,14.770800590515137,-19.874963760375977,0.42788106203079224
1769714397.2503757,14.798830032348633,-19.452625274658203,14.71690845489502,-19.851789474487305,0.4074845314025879
1769714397.2704148,14.750703811645508,-19.457195281982422,14.673556327819824,-19.87318992614746,0.42308613657951355
1769714397.290525,14.702558517456055,-19.461566925048828,14.604660987854004,-19.869993209838867,0.4199938178062439
1769714397.3104038,14.64636516571045,-19.466413497924805,14.530134201049805,-19.904109954833984,0.4528656601905823
1769714397.3306496,14.598180770874023,-19.470352172851562,14.4620361328125,-19.902544021606445,0.4531298875808716
1769714397.3503764,14.525873184204102,-19.475881576538086,14.384737968444824,-19.938844680786133,0.4839974343776703
1769714397.3704293,14.453531265258789,-19.48096466064453,14.299979209899902,-19.956676483154297,0.4998786151409149
1769714397.3903282,14.405285835266113,-19.484106063842773,14.254837036132812,-19.948265075683594,0.48793330788612366
1769714397.410362,14.373114585876465,-19.486087799072266,14.2006196975708,-19.934736251831055,0.4806663990020752
1769714397.4305258,14.284615516662598,-19.49108123779297,14.105070114135742,-19.95099639892578,0.49371910095214844
1769714397.4504337,14.244377136230469,-19.49312973022461,14.04630184173584,-19.942703247070312,0.4912740886211395
1769714397.4704883,14.1558256149292,-19.497146606445312,13.89124870300293,-19.955900192260742,0.5295822620391846
1769714397.490396,14.115565299987793,-19.498748779296875,13.791841506958008,-19.92992401123047,0.5391741991043091
1769714397.5104892,14.05919075012207,-19.500761032104492,13.716779708862305,-19.929292678833008,0.5485300421714783
1769714397.5306618,13.978639602661133,-19.503162384033203,13.689446449279785,-19.93416404724121,0.5190334916114807
1769714397.5504086,13.8900146484375,-19.505163192749023,13.584198951721191,-19.96218490600586,0.5499020218849182
1769714397.5705693,13.82555103302002,-19.506195068359375,13.457539558410645,-19.929927825927734,0.5612328052520752
1769714397.5903676,13.76108169555664,-19.506872177124023,13.377005577087402,-19.930728912353516,0.5719861388206482
1769714397.6105385,13.728845596313477,-19.507078170776367,13.258416175842285,-19.931425094604492,0.6335409283638
1769714397.630463,13.688549041748047,-19.50720977783203,13.204752922058105,-19.909503936767578,0.6292057633399963
1769714397.6506586,13.648252487182617,-19.5072021484375,13.005619049072266,-19.90732192993164,0.7570156455039978
1769714397.6710591,13.57571792602539,-19.506839752197266,12.918191909790039,-19.905935287475586,0.7691658139228821
1769714397.6904058,13.55154037475586,-19.506620407104492,12.904318809509277,-19.90808868408203,0.7616252899169922
1769714397.7106957,13.519304275512695,-19.506248474121094,12.847968101501465,-19.88579559326172,0.7711994051933289
1769714397.7302806,13.43871784210205,-19.50493049621582,12.857927322387695,-19.937103271484375,0.7239413857460022
1769714397.7503192,13.374255180358887,-19.503475189208984,12.77712631225586,-19.940881729125977,0.7401936054229736
1769714397.7704396,13.333970069885254,-19.50238609313965,12.788477897644043,-19.945436477661133,0.7027478814125061
1769714397.7905962,13.293688774108887,-19.50115966796875,12.73399829864502,-19.93369483947754,0.7073478698730469
1769714397.8104444,13.229247093200684,-19.4989070892334,12.56490421295166,-19.9195613861084,0.786321759223938
1769714397.830649,13.172870635986328,-19.496644973754883,12.491307258605957,-19.916528701782227,0.8005190491676331
1769714397.8505394,13.140660285949707,-19.49523162841797,12.441956520080566,-19.896957397460938,0.8059589862823486
1769714397.8710122,13.060151100158691,-19.49130630493164,12.393383979797363,-19.893112182617188,0.7784760594367981
1769714397.890489,13.00381088256836,-19.488231658935547,12.32319164276123,-19.88962745666504,0.7901653051376343
1769714397.9104455,12.947484970092773,-19.48488426208496,12.293176651000977,-19.855939865112305,0.7521982192993164
1769714397.9304214,12.867048263549805,-19.479631423950195,12.199257850646973,-19.86480140686035,0.7709079384803772
1769714397.9504058,12.81076431274414,-19.47562599182129,12.131113052368164,-19.857725143432617,0.7796959280967712
1769714397.9703188,12.730391502380371,-19.46943473815918,12.080129623413086,-19.831300735473633,0.7441692352294922
1769714397.9903297,12.66612434387207,-19.464082717895508,12.051182746887207,-19.82124900817871,0.7111400365829468
1769714398.0103467,12.601885795593262,-19.458377838134766,11.978317260742188,-19.81574249267578,0.7187122106552124
1769714398.030451,12.553728103637695,-19.453868865966797,11.922942161560059,-19.799501419067383,0.7192729711532593
1769714398.0503805,12.50558853149414,-19.449159622192383,11.872304916381836,-19.750202178955078,0.7011954188346863
1769714398.0703235,12.457468032836914,-19.444252014160156,11.831892013549805,-19.726343154907227,0.6862359046936035
1769714398.090449,12.401352882385254,-19.438276290893555,11.769185066223145,-19.71142578125,0.6886559128761292
1769714398.1108973,12.33725643157959,-19.431116104125977,11.694169998168945,-19.674013137817383,0.6874295473098755
1769714398.1306558,12.297216415405273,-19.426462173461914,11.649835586547852,-19.64708137512207,0.6839404106140137
1769714398.1504335,12.233184814453125,-19.418729782104492,11.578341484069824,-19.633930206298828,0.6892971992492676
1769714398.1705096,12.19318675994873,-19.41371726989746,11.529659271240234,-19.62290382385254,0.6957206726074219
1769714398.1904821,12.153205871582031,-19.4085693359375,11.486591339111328,-19.595415115356445,0.6923045516014099
1769714398.2104402,12.121232986450195,-19.40435218811035,11.468642234802246,-19.573612213134766,0.6741845011711121
1769714398.2304637,12.065309524536133,-19.396759033203125,11.40748405456543,-19.555051803588867,0.6766029596328735
1769714398.25045,12.033369064331055,-19.39229965209961,11.37543773651123,-19.522432327270508,0.6706779599189758
1769714398.270744,12.00144100189209,-19.387752532958984,11.33021068572998,-19.477638244628906,0.6772223114967346
1769714398.2903893,11.921675682067871,-19.375999450683594,11.240182876586914,-19.471473693847656,0.6881482005119324
1769714398.3104718,11.905732154846191,-19.373584747314453,11.228175163269043,-19.427621841430664,0.6797083616256714
1769714398.3304725,11.873854637145996,-19.36868667602539,11.165609359741211,-19.39278793334961,0.7086553573608398
1769714398.3503957,11.794220924377441,-19.35605812072754,11.048859596252441,-19.372337341308594,0.7455387115478516
1769714398.3704414,11.770347595214844,-19.352163314819336,11.026717185974121,-19.33157730102539,0.743915319442749
1769714398.3905156,11.73852825164795,-19.346895217895508,10.994562149047852,-19.29438018798828,0.7458167672157288
1769714398.4103708,11.682879447937012,-19.337461471557617,10.90571403503418,-19.309160232543945,0.7776813507080078
1769714398.4307551,11.643158912658691,-19.3305606842041,10.82750129699707,-19.25894546508789,0.8187956213951111
1769714398.4504373,11.5875883102417,-19.32067108154297,10.763779640197754,-19.23583221435547,0.8281655311584473
1769714398.4703531,11.508284568786621,-19.30607795715332,10.67637825012207,-19.21379852294922,0.8370093107223511
1769714398.490331,11.421167373657227,-19.289398193359375,10.57247543334961,-19.204744338989258,0.852903425693512
1769714398.5106752,11.389519691467285,-19.28316879272461,10.541048049926758,-19.16659164428711,0.8564431667327881
1769714398.5303636,11.334177017211914,-19.27206039428711,10.470680236816406,-19.142473220825195,0.8731655478477478
1769714398.5504327,11.263099670410156,-19.257387161254883,10.422663688659668,-19.125425338745117,0.8507329225540161
1769714398.570338,11.199995994567871,-19.243974685668945,10.351493835449219,-19.10256004333496,0.8602063059806824
1769714398.590563,11.152716636657715,-19.233688354492188,10.301645278930664,-19.071548461914062,0.8663787245750427
1769714398.6105213,11.121220588684082,-19.226722717285156,10.32327651977539,-19.032194137573242,0.8213142156600952
1769714398.6304095,11.097611427307129,-19.22144317626953,10.307234764099121,-18.988670349121094,0.8239405155181885
1769714398.6504803,11.026847839355469,-19.20530891418457,10.322982788085938,-18.974077224731445,0.7408738732337952
1769714398.670421,10.971878051757812,-19.19245719909668,10.258930206298828,-18.959659576416016,0.749992847442627
1769714398.690373,10.924811363220215,-19.181232452392578,10.215211868286133,-18.927696228027344,0.7535324692726135
1769714398.710505,10.86995792388916,-19.167892456054688,10.129681587219238,-18.8845272064209,0.7926569581031799
1769714398.7306697,10.830817222595215,-19.158203125,10.096519470214844,-18.84662628173828,0.7976670265197754
1769714398.7506633,10.791708946228027,-19.148378372192383,10.041579246520996,-18.811418533325195,0.8223362565040588
1769714398.7703485,10.737014770507812,-19.1343994140625,9.997361183166504,-18.777833938598633,0.8211129307746887
1769714398.790891,10.697988510131836,-19.124256134033203,9.995809555053711,-18.78138542175293,0.7814189195632935
1769714398.8104439,10.643410682678223,-19.109827041625977,9.941685676574707,-18.75315284729004,0.7871701121330261
1769714398.8304207,10.581122398376465,-19.093019485473633,9.810054779052734,-18.704025268554688,0.8636326789855957
1769714398.8503287,10.526695251464844,-19.078031539916992,9.754043579101562,-18.67300796508789,0.872373104095459
1769714398.8706465,10.449068069458008,-19.056169509887695,9.665849685668945,-18.650131225585938,0.8822116851806641
1769714398.8908176,10.425809860229492,-19.04950714111328,9.64317512512207,-18.626487731933594,0.8896410465240479
1769714398.9102573,10.340645790100098,-19.024669647216797,9.517599105834961,-18.581443786621094,0.9348012208938599
1769714398.930411,10.309723854064941,-19.015478134155273,9.494928359985352,-18.54119110107422,0.9427831172943115
1769714398.950387,10.278826713562012,-19.006202697753906,9.477941513061523,-18.473852157592773,0.9616726040840149
1769714398.9705396,10.232528686523438,-18.99213218688965,9.434065818786621,-18.436044692993164,0.9730237126350403
1769714398.9903598,10.18628978729248,-18.977869033813477,9.397400856018066,-18.411605834960938,0.9710816144943237
1769714399.0105612,10.155496597290039,-18.9682559967041,9.376276969909668,-18.369112014770508,0.9829322695732117
1769714399.030449,10.109354972839355,-18.953678131103516,9.332982063293457,-18.331424713134766,0.9949653744697571
1769714399.0504007,10.047927856445312,-18.93394660949707,9.262097358703613,-18.325925827026367,0.9935884475708008
1769714399.0706549,10.017254829406738,-18.923954010009766,9.225398063659668,-18.282752990722656,1.0189104080200195
1769714399.0908961,9.948341369628906,-18.901166915893555,9.148051261901855,-18.2530517578125,1.0298140048980713
1769714399.1103559,9.879568099975586,-18.877954483032227,9.07270336151123,-18.251483917236328,1.0215164422988892
1769714399.1310263,9.818558692932129,-18.856966018676758,8.996216773986816,-18.221120834350586,1.039491891860962
1769714399.1511626,9.780485153198242,-18.843677520751953,9.02929973602295,-18.209373474121094,0.9831693768501282
1769714399.171025,9.704477310180664,-18.816713333129883,8.943355560302734,-18.18305206298828,0.9903700947761536
1769714399.1908648,9.636228561401367,-18.79199981689453,8.927596092224121,-18.158357620239258,0.9506115913391113
1769714399.2103393,9.590813636779785,-18.775291442871094,8.888124465942383,-18.1251277923584,0.9573328495025635
1769714399.2303655,9.537917137145996,-18.755565643310547,8.877214431762695,-18.08604621887207,0.9406289458274841
1769714399.250892,9.462514877319336,-18.726943969726562,8.795825958251953,-18.05607795715332,0.9457994103431702
1769714399.2706673,9.417367935180664,-18.709524154663086,8.797697067260742,-18.030241012573242,0.9194663763046265
1769714399.290792,9.409850120544434,-18.70660400390625,8.818953514099121,-17.987485885620117,0.9307470917701721
1769714399.3114061,9.387310028076172,-18.69780921936035,8.814862251281738,-17.91590690612793,0.9690554141998291
1769714399.3305252,9.364787101745605,-18.688968658447266,8.801362037658691,-17.877206802368164,0.9881324172019958
1769714399.3506496,9.312304496765137,-18.668161392211914,8.753705978393555,-17.900774002075195,0.9491665363311768
1769714399.370466,9.237504005432129,-18.638002395629883,8.673051834106445,-17.871662139892578,0.951778769493103
1769714399.3903182,9.17035961151123,-18.610424041748047,8.621496200561523,-17.835994720458984,0.9492056369781494
1769714399.410537,9.110818862915039,-18.58556365966797,8.553535461425781,-17.80426597595215,0.9596828818321228
1769714399.430494,9.036585807800293,-18.554031372070312,8.495010375976562,-17.766338348388672,0.955910325050354
1769714399.4507213,8.984750747680664,-18.531658172607422,8.450172424316406,-17.731714248657227,0.962123453617096
1769714399.4704351,8.91826343536377,-18.502527236938477,8.42054557800293,-17.724687576293945,0.9234499335289001
1769714399.4906013,8.844599723815918,-18.469682693481445,8.35528564453125,-17.69263458251953,0.9182776212692261
1769714399.510497,8.815196990966797,-18.456403732299805,8.374804496765137,-17.629377365112305,0.9369742274284363
1769714399.5307517,8.778494834899902,-18.439693450927734,8.356307983398438,-17.591896057128906,0.9471030831336975
1769714399.5503683,8.712575912475586,-18.409299850463867,8.317044258117676,-17.575668334960938,0.9227059483528137
1769714399.5703955,8.65413761138916,-18.381942749023438,8.265591621398926,-17.54084587097168,0.9265045523643494
1769714399.5907226,8.574030876159668,-18.343807220458984,8.180817604064941,-17.503467559814453,0.9277863502502441
1769714399.6105819,8.54497241973877,-18.329790115356445,8.17365837097168,-17.46755027770996,0.9387931823730469
1769714399.6304834,8.515952110290527,-18.31569480895996,8.186457633972168,-17.423877716064453,0.950737476348877
1769714399.650329,8.472494125366211,-18.294401168823242,8.158373832702637,-17.387470245361328,0.9597897529602051
1769714399.6703272,8.40025806427002,-18.258520126342773,8.116406440734863,-17.382787704467773,0.9205874800682068
1769714399.6904397,8.342646598815918,-18.229461669921875,8.0678129196167,-17.34703254699707,0.924237072467804
1769714399.7105172,8.28519344329834,-18.20008659362793,8.017965316772461,-17.307952880859375,0.9312965869903564
1769714399.7304244,8.206459999084473,-18.15918731689453,7.936498641967773,-17.271041870117188,0.9282681941986084
1769714399.7503788,8.163643836975098,-18.136629104614258,7.943631172180176,-17.236743927001953,0.9263899922370911
1769714399.7703578,8.10669994354248,-18.106279373168945,7.896805763244629,-17.199853897094727,0.9304096102714539
1769714399.7904418,8.04283618927002,-18.071765899658203,7.850181579589844,-17.15788459777832,0.9339674115180969
1769714399.8104577,7.986247539520264,-18.040756225585938,7.804378032684326,-17.119789123535156,0.9387543201446533
1769714399.8302896,7.958016395568848,-18.025136947631836,7.830790042877197,-17.077192306518555,0.956444501876831
1769714399.8504956,7.936871528625488,-18.01337242126465,7.840534687042236,-17.040958404541016,0.977173924446106
1769714399.8702798,7.8806023597717285,-17.98178482055664,7.787718296051025,-17.042829513549805,0.9435396194458008
1769714399.8903227,7.817506313323975,-17.945884704589844,7.775736331939697,-17.017452239990234,0.9293715953826904
1769714399.9103646,7.775565147399902,-17.921735763549805,7.754275321960449,-16.981964111328125,0.9400119185447693
1769714399.9303122,7.712839603424072,-17.885190963745117,7.692330360412598,-16.95625114440918,0.9291648268699646
1769714399.9503639,7.678089141845703,-17.864721298217773,7.6810150146484375,-16.92247200012207,0.9422541856765747
1769714399.9704385,7.6157145500183105,-17.827577590942383,7.663934707641602,-16.88152503967285,0.9472803473472595
1769714399.9904366,7.560462951660156,-17.794240951538086,7.622926712036133,-16.84335708618164,0.9529330730438232
1769714400.0104666,7.512267589569092,-17.76482391357422,7.592369556427002,-16.806528091430664,0.9616360664367676
1769714400.0304117,7.505393981933594,-17.760601043701172,7.629337787628174,-16.8116397857666,0.957021176815033
1769714400.0506065,7.457359313964844,-17.730920791625977,7.610503196716309,-16.8110294342041,0.9325518608093262
1769714400.0704124,7.423135757446289,-17.70958137512207,7.600554943084717,-16.780447006225586,0.9459219574928284
1769714400.0905423,7.3753461837768555,-17.679508209228516,7.570367336273193,-16.746578216552734,0.953096330165863
1769714400.1103911,7.320905685424805,-17.644861221313477,7.526850700378418,-16.74444007873535,0.9236724376678467
1769714400.1309154,7.2869768142700195,-17.623056411743164,7.523610591888428,-16.72540283203125,0.9283186793327332
1769714400.150438,7.219343662261963,-17.579099655151367,7.461593151092529,-16.68903923034668,0.9224398732185364
1769714400.1704102,7.178908348083496,-17.552507400512695,7.430486679077148,-16.654664993286133,0.9324215054512024
1769714400.190347,7.131872177124023,-17.521272659301758,7.399564266204834,-16.622600555419922,0.93769371509552
1769714400.2106316,7.084986209869385,-17.48981285095215,7.368713855743408,-16.590757369995117,0.9427641034126282
1769714400.2305887,7.044918060302734,-17.462671279907227,7.3473801612854,-16.561111450195312,0.9509423971176147
1769714400.2502942,7.004961967468262,-17.435365676879883,7.325397968292236,-16.552202224731445,0.9394970536231995
1769714400.2708297,6.958488464355469,-17.403303146362305,7.294867038726807,-16.52086067199707,0.9443809986114502
1769714400.2905433,6.94523811340332,-17.394100189208984,7.302520751953125,-16.498695373535156,0.9640538692474365
1769714400.3102314,6.885769844055176,-17.35247039794922,7.243704319000244,-16.50177574157715,0.9229291677474976
1769714400.3304186,6.852842807769775,-17.329185485839844,7.2309699058532715,-16.477413177490234,0.9319314360618591
1769714400.3504179,6.774144649505615,-17.272844314575195,7.145223617553711,-16.4708251953125,0.8837053179740906
1769714400.3703845,6.734969615936279,-17.24443244934082,7.128640174865723,-16.476545333862305,0.8629178404808044
1769714400.390346,6.656971454620361,-17.187129974365234,7.047775745391846,-16.439191818237305,0.8438824415206909
1769714400.4104686,6.631077289581299,-17.16788673400879,7.065675735473633,-16.421350479125977,0.863824188709259
1769714400.4305449,6.547285556793213,-17.104862213134766,6.976803779602051,-16.38089370727539,0.8417925238609314
1769714400.4509685,6.540863513946533,-17.09998321533203,7.003452301025391,-16.356401443481445,0.8757287263870239
1769714400.4702554,6.451304912567139,-17.031219482421875,6.904541015625,-16.311845779418945,0.8502480983734131
1769714400.4904575,6.438564777374268,-17.021326065063477,6.929476737976074,-16.295486450195312,0.876264750957489
1769714400.510369,6.3940815925598145,-16.98656463623047,6.896662712097168,-16.269968032836914,0.8752698302268982
1769714400.5303555,6.368737697601318,-16.966604232788086,6.89132833480835,-16.253332138061523,0.8842276930809021
1769714400.5503318,6.318214416503906,-16.92647933959961,6.862871170043945,-16.226924896240234,0.8865813612937927
1769714400.5706122,6.311914443969727,-16.921443939208984,6.873266696929932,-16.211017608642578,0.905440092086792
1769714400.5902843,6.224079132080078,-16.850502014160156,6.777433395385742,-16.16362190246582,0.8820448517799377
1769714400.6103537,6.217831611633301,-16.845401763916016,6.798424243927002,-16.156476974487305,0.9009467959403992
1769714400.63039,6.130730628967285,-16.773563385009766,6.703919410705566,-16.107934951782227,0.8784114122390747
1769714400.6504524,6.112156391143799,-16.758060455322266,6.705747127532959,-16.095462799072266,0.8895994424819946
1769714400.6702764,6.068940162658691,-16.72174072265625,6.65218448638916,-16.086122512817383,0.8626618981361389
1769714400.6903524,5.989146709442139,-16.653743743896484,6.574695587158203,-16.045188903808594,0.8445158004760742
1769714400.7104757,5.946433067321777,-16.616836547851562,6.551846504211426,-16.035417556762695,0.8393893241882324
1769714400.730333,5.8978352546691895,-16.574405670166016,6.50926399230957,-16.00849151611328,0.8331289887428284
1769714400.7506342,5.849471092224121,-16.531709671020508,6.4872355461120605,-15.996421813964844,0.8326328992843628
1769714400.7706337,5.795342445373535,-16.483360290527344,6.436538219451904,-15.966733932495117,0.8234291672706604
1769714400.7903771,5.741513729095459,-16.434677124023438,6.373186111450195,-15.933937072753906,0.8060716390609741
1769714400.8105078,5.699854850769043,-16.396583557128906,6.347078323364258,-15.915719032287598,0.8063055276870728
1769714400.8304026,5.670211315155029,-16.369251251220703,6.329934120178223,-15.898303985595703,0.8105711340904236
1769714400.850611,5.634762763977051,-16.33631706237793,6.312311172485352,-15.884162902832031,0.8145647048950195
1769714400.8702931,5.605326175689697,-16.308761596679688,6.3152055740356445,-15.851883888244629,0.8441959619522095
1769714400.8904996,5.581845283508301,-16.286645889282227,6.30609130859375,-15.840516090393066,0.8506253361701965
1769714400.910287,5.523408889770508,-16.231069564819336,6.237022399902344,-15.805432319641113,0.8309102058410645
1769714400.9306457,5.494334697723389,-16.20313262939453,6.227495193481445,-15.79476547241211,0.8392187356948853
1769714400.9503195,5.465356349945068,-16.17509651184082,6.192599296569824,-15.786486625671387,0.824560284614563
1769714400.9703722,5.407689094543457,-16.118722915649414,6.142433166503906,-15.756412506103516,0.8192179799079895
1769714400.9902573,5.379001140594482,-16.090389251708984,6.144873142242432,-15.729911804199219,0.8464652895927429
1769714401.0103066,5.3162312507629395,-16.027708053588867,6.080630302429199,-15.69031047821045,0.8355491161346436
1769714401.03073,5.310548305511475,-16.02198600769043,6.0932111740112305,-15.693093299865723,0.8489588499069214
1769714401.050409,5.24266242980957,-15.953019142150879,6.0416364669799805,-15.628948211669922,0.8621959686279297
1769714401.0707862,5.225780010223389,-15.935689926147461,6.0506134033203125,-15.609274864196777,0.8870723247528076
1769714401.090468,5.141905784606934,-15.848525047302246,5.95864725112915,-15.548943519592285,0.8699514865875244
1769714401.1103764,5.12523889541626,-15.830988883972168,5.970972537994385,-15.521703720092773,0.9005123376846313
1769714401.1303477,5.058935165405273,-15.760499954223633,5.902740955352783,-15.473073959350586,0.8914152979850769
1769714401.1503468,5.042450428009033,-15.742792129516602,5.897501468658447,-15.459492683410645,0.9007613658905029
1769714401.1704957,4.971439838409424,-15.665666580200195,5.822725772857666,-15.405522346496582,0.8901476860046387
1769714401.190551,4.966005802154541,-15.659708023071289,5.834112644195557,-15.4071683883667,0.9040935039520264
1769714401.2103367,4.8957414627075195,-15.581901550292969,5.738953113555908,-15.35090160369873,0.8742808103561401
1769714401.2304456,4.858196258544922,-15.539746284484863,5.706424713134766,-15.324554443359375,0.8750993609428406
1769714401.25045,4.794306755065918,-15.467060089111328,5.638737201690674,-15.263280868530273,0.8686710000038147
1769714401.2702658,4.762587547302246,-15.430520057678223,5.634541988372803,-15.223671913146973,0.8961530923843384
1769714401.2903688,4.7152934074401855,-15.37546443939209,5.589956760406494,-15.185247421264648,0.8951084613800049
1769714401.310409,4.704829692840576,-15.363189697265625,5.589443683624268,-15.172165870666504,0.9050039052963257
1769714401.3304217,4.65795373916626,-15.307777404785156,5.545338153839111,-15.132786750793457,0.9044733047485352
1769714401.3504195,4.647583961486816,-15.29542350769043,5.547476291656494,-15.128704071044922,0.9152057766914368
1769714401.3703125,4.601129531860352,-15.239657402038574,5.4820733070373535,-15.085344314575195,0.8943569660186768
1769714401.3906927,4.590853214263916,-15.227225303649902,5.481523036956787,-15.07275676727295,0.903965413570404
1769714401.4103653,4.524477005004883,-15.146075248718262,5.410429954528809,-15.011775970458984,0.8960738778114319
1769714401.4306524,4.499142169952393,-15.114705085754395,5.3914337158203125,-14.992215156555176,0.90065997838974
1769714401.4503586,4.458831310272217,-15.064332962036133,5.353395938873291,-14.956567764282227,0.9010323882102966
1769714401.4704623,4.44378662109375,-15.045385360717773,5.345682144165039,-14.924739837646484,0.9099289178848267
1769714401.4902816,4.37904691696167,-14.962923049926758,5.27818489074707,-14.84817123413086,0.9064307808876038
1769714401.5104938,4.359276294708252,-14.937433242797852,5.262035846710205,-14.82011890411377,0.9103501439094543
1769714401.5304291,4.300387382507324,-14.860638618469238,5.206619739532471,-14.76548957824707,0.9112136363983154
1769714401.5503864,4.251801013946533,-14.796271324157715,5.152421951293945,-14.715838432312012,0.9042053818702698
1769714401.5705335,4.203660488128662,-14.731569290161133,5.103939056396484,-14.665926933288574,0.9026685953140259
1769714401.590491,4.179758071899414,-14.69909381866455,5.083800792694092,-14.63992977142334,0.9059770703315735
1769714401.6103477,4.155967712402344,-14.666536331176758,5.064754962921143,-14.617688179016113,0.9100989699363708
1769714401.6305392,4.127568244934082,-14.627358436584473,5.048666954040527,-14.57234001159668,0.9227402210235596
1769714401.650836,4.1040263175964355,-14.594620704650879,5.030736923217773,-14.548717498779297,0.9278467297554016
1769714401.6705215,4.089955806732178,-14.574939727783203,5.002047538757324,-14.530016899108887,0.9131972789764404
1769714401.6908243,4.071258544921875,-14.548651695251465,4.995348930358887,-14.517473220825195,0.9246165752410889
1769714401.7103472,4.024833679199219,-14.482707023620605,4.941030979156494,-14.457140922546387,0.9165541529655457
1769714401.730929,3.9971981048583984,-14.442986488342285,4.916596412658691,-14.427169799804688,0.9195342659950256
1769714401.7506495,3.956054449081421,-14.38319206237793,4.866497039794922,-14.37497615814209,0.9104795455932617
1769714401.770369,3.9378879070281982,-14.356534004211426,4.853031635284424,-14.356182098388672,0.9151440262794495
1769714401.790345,3.90627384185791,-14.309762954711914,4.815017223358154,-14.316009521484375,0.9087648987770081
1769714401.810323,3.861504316329956,-14.242683410644531,4.768543243408203,-14.261693000793457,0.9072381854057312
1769714401.83056,3.830441951751709,-14.19554328918457,4.738536834716797,-14.225028038024902,0.9085736274719238
1769714401.8504505,3.7908403873443604,-14.13471508026123,4.658722877502441,-14.187527656555176,0.869488000869751
1769714401.870549,3.7646498680114746,-14.094027519226074,4.631899833679199,-14.157695770263672,0.8695840835571289
1769714401.890545,3.7343080043792725,-14.046420097351074,4.5822858810424805,-14.127205848693848,0.85181725025177
1769714401.9103055,3.695636510848999,-13.984997749328613,4.539000988006592,-14.079499244689941,0.8486427664756775
1769714401.9304926,3.6700682640075684,-13.943917274475098,4.504636287689209,-14.072559356689453,0.8444246053695679
1769714401.9503286,3.6278347969055176,-13.87521743774414,4.455994129180908,-14.019620895385742,0.8406549692153931
1769714401.9704592,3.6027231216430664,-13.833858489990234,4.42740535736084,-13.991227149963379,0.8395629525184631
1769714401.9903445,3.5695083141326904,-13.77855396270752,4.370330810546875,-13.959868431091309,0.8210915327072144
1769714402.0105717,3.5489046573638916,-13.743896484375,4.352908611297607,-13.947399139404297,0.8293583393096924
1769714402.030472,3.52842116355896,-13.709169387817383,4.328571796417236,-13.926027297973633,0.8290167450904846
1769714402.0506685,3.499946117401123,-13.660432815551758,4.290881633758545,-13.894693374633789,0.8248984217643738
1769714402.070507,3.4878149032592773,-13.639503479003906,4.2761640548706055,-13.885980606079102,0.8259813189506531
1769714402.0904467,3.4676928520202637,-13.604567527770996,4.251786231994629,-13.864644050598145,0.826100766658783
1769714402.1105072,3.4357495307922363,-13.5485258102417,4.22434139251709,-13.813919067382812,0.8320521712303162
1769714402.131232,3.427812099456787,-13.5344877243042,4.215306758880615,-13.80824089050293,0.833719789981842
1769714402.1504762,3.4041171073913574,-13.4923095703125,4.187039852142334,-13.779668807983398,0.8339923024177551
1769714402.1703503,3.368903398513794,-13.42885971069336,4.121407985687256,-13.71998119354248,0.8068549036979675
1769714402.1904905,3.3340859413146973,-13.365194320678711,4.077815532684326,-13.672120094299316,0.8045729994773865
1769714402.2103457,3.3072805404663086,-13.31552791595459,4.043776988983154,-13.636690139770508,0.8034749031066895
1769714402.2303686,3.2769417762756348,-13.258609771728516,3.99359130859375,-13.574908256530762,0.7833458185195923
1769714402.2504845,3.25065541267395,-13.208670616149902,3.957899332046509,-13.523115158081055,0.7739958167076111
1769714402.2705193,3.2172160148620605,-13.144278526306152,3.91475772857666,-13.47301197052002,0.7711226344108582
1769714402.290317,3.1841800212860107,-13.079681396484375,3.8609657287597656,-13.401408195495605,0.7493641972541809
1769714402.3104289,3.1515488624572754,-13.014881134033203,3.8225719928741455,-13.356914520263672,0.7531657814979553
1769714402.3303626,3.1407618522644043,-12.993236541748047,3.7855172157287598,-13.33753776550293,0.7309258580207825
1769714402.350546,3.1086721420288086,-12.928169250488281,3.741842746734619,-13.286296844482422,0.7274342775344849
1769714402.3703957,3.091020345687866,-12.891934394836426,3.7050821781158447,-13.237926483154297,0.7048275470733643
1769714402.3908339,3.0665199756622314,-12.841105461120605,3.67506742477417,-13.205288887023926,0.7091966867446899
1769714402.4106772,3.0388224124908447,-12.78287124633789,3.624950408935547,-13.14954662322998,0.6913730502128601
1769714402.4304087,3.001267671585083,-12.702552795410156,3.572758913040161,-13.08342170715332,0.686777651309967
1769714402.4507399,2.9810423851013184,-12.658622741699219,3.5420215129852295,-13.034026145935059,0.6749998331069946
1769714402.4704812,2.9477410316467285,-12.585223197937012,3.490525960922241,-12.966792106628418,0.663483738899231
1769714402.4908478,2.924733877182007,-12.533707618713379,3.4652180671691895,-12.944724082946777,0.6790124177932739
1769714402.5114057,2.9149506092071533,-12.511595726013184,3.4487106800079346,-12.930425643920898,0.6784680485725403
1769714402.5306087,2.889086961746216,-12.452532768249512,3.4038760662078857,-12.888176918029785,0.674384355545044
1769714402.5508213,2.8540613651275635,-12.371089935302734,3.3571298122406006,-12.828256607055664,0.6797641515731812
1769714402.5703664,2.835219144821167,-12.326555252075195,3.3401284217834473,-12.78526496887207,0.682164192199707
1769714402.5904346,2.813471555709839,-12.274500846862793,3.307572841644287,-12.744361877441406,0.6818400025367737
1769714402.6105456,2.7919774055480957,-12.222342491149902,3.2572739124298096,-12.700296401977539,0.6670392155647278
1769714402.6306102,2.7647149562835693,-12.155129432678223,3.215287685394287,-12.65442180633545,0.6725387573242188
1769714402.6503017,2.734917163848877,-12.080252647399902,3.1693027019500732,-12.593497276306152,0.6723918318748474
1769714402.6703813,2.7143688201904297,-12.027717590332031,3.1361501216888428,-12.552362442016602,0.6731654405593872
1769714402.6903858,2.6969592571258545,-11.982608795166016,3.111386299133301,-12.517657279968262,0.6767764091491699
1769714402.7103765,2.6711978912353516,-11.914812088012695,3.070370674133301,-12.463046073913574,0.6781583428382874
1769714402.7303154,2.654259443283081,-11.869526863098145,3.035552501678467,-12.408823013305664,0.6604737043380737
1769714402.7506247,2.6292059421539307,-11.801466941833496,2.9827303886413574,-12.34953498840332,0.6521947979927063
1769714402.7706144,2.6209495067596436,-11.778746604919434,2.9665868282318115,-12.333494186401367,0.6536135673522949
1769714402.7906835,2.6100144386291504,-11.748425483703613,2.950856924057007,-12.298579216003418,0.6471803784370422
1769714402.8103545,2.585719108581543,-11.680093765258789,2.9064536094665527,-12.235018730163574,0.6409462094306946
1769714402.8306572,2.572406530380249,-11.642067909240723,2.872788429260254,-12.201427459716797,0.6349117755889893
1769714402.850471,2.546177864074707,-11.565877914428711,2.8324315547943115,-12.144244194030762,0.6453286409378052
1769714402.8707433,2.538412570953369,-11.542985916137695,2.817206382751465,-12.126871109008789,0.6470305323600769
1769714402.8905418,2.525576591491699,-11.504796981811523,2.8000848293304443,-12.081206321716309,0.6384373903274536
1769714402.9106214,2.497804641723633,-11.420626640319824,2.7522120475769043,-12.002097129821777,0.6346893310546875
1769714402.931039,2.4755611419677734,-11.351605415344238,2.7132408618927,-11.94321060180664,0.6375645995140076
1769714402.950855,2.463390350341797,-11.313200950622559,2.6828372478485107,-11.897948265075684,0.6245691776275635
1769714402.9703531,2.4441945552825928,-11.251667022705078,2.652711868286133,-11.851823806762695,0.6353484392166138
1769714402.990357,2.4300217628479004,-11.20544719696045,2.6227993965148926,-11.805554389953613,0.6303111910820007
1769714403.0118573,2.425340175628662,-11.190027236938477,2.613950729370117,-11.792386054992676,0.6311970353126526
1769714403.030786,2.418358087539673,-11.166886329650879,2.597330331802368,-11.78156566619873,0.6402051448822021
1769714403.0510833,2.404538154602051,-11.120559692382812,2.529460906982422,-11.726479530334473,0.6186630129814148
1769714403.070332,2.3931686878204346,-11.081911087036133,2.50601863861084,-11.693129539489746,0.621549129486084
1769714403.090812,2.3752565383911133,-11.019991874694824,2.441483736038208,-11.63109302520752,0.614678680896759
1769714403.1103504,2.3620481491088867,-10.973488807678223,2.3984153270721436,-11.588942527770996,0.6165276765823364
1769714403.1302497,2.3404641151428223,-10.895861625671387,2.3521182537078857,-11.52232837677002,0.6265750527381897
1769714403.1502943,2.327772378921509,-10.849214553833008,2.3216962814331055,-11.473235130310059,0.6240500807762146
1769714403.1702366,2.3009397983551025,-10.747967720031738,2.2631335258483887,-11.385956764221191,0.6391078233718872
1769714403.190566,2.294877529144287,-10.724569320678711,2.2436273097991943,-11.364157676696777,0.6416390538215637
1769714403.2105181,2.27894926071167,-10.66211223602295,2.206092596054077,-11.309955596923828,0.6519281268119812
1769714403.2304106,2.2691702842712402,-10.623031616210938,2.181473970413208,-11.275577545166016,0.6584122776985168
1769714403.250503,2.2538061141967773,-10.560433387756348,2.137099266052246,-11.212597846984863,0.6625244617462158
1769714403.2702873,2.240647315979004,-10.505590438842773,2.114778757095337,-11.167298316955566,0.6735720634460449
1769714403.290486,2.2295806407928467,-10.458532333374023,2.086656093597412,-11.125711441040039,0.682315468788147
1769714403.3106227,2.2223117351531982,-10.427135467529297,2.091843843460083,-11.081969261169434,0.6677049994468689
1769714403.3310783,2.213348150253296,-10.387860298156738,2.0702171325683594,-11.04565715789795,0.6731889843940735
1769714403.3505802,2.2010281085968018,-10.332823753356934,2.040388584136963,-10.996108055114746,0.6824595332145691
1769714403.370556,2.1889755725860596,-10.277728080749512,2.0210115909576416,-10.94322395324707,0.6863642930984497
1769714403.3906825,2.1755292415618896,-10.214691162109375,1.9880363941192627,-10.886404037475586,0.6973893642425537
1769714403.4104776,2.164050817489624,-10.159473419189453,1.955137014389038,-10.829548835754395,0.7018879652023315
1769714403.4303164,2.1528408527374268,-10.10420036315918,1.9454114437103271,-10.794574737548828,0.7208630442619324
1769714403.4508147,2.1372926235198975,-10.025146484375,1.9052588939666748,-10.724298477172852,0.7366499900817871
1769714403.470277,2.1312272548675537,-9.993494987487793,1.8920812606811523,-10.687267303466797,0.7338330149650574
1769714403.4908946,2.11790132522583,-9.922218322753906,1.8568222522735596,-10.622913360595703,0.7477543354034424
1769714403.510313,2.1106903553009033,-9.882584571838379,1.8668193817138672,-10.594977378845215,0.7529783248901367
1769714403.5305083,2.0939459800720215,-9.78736400604248,1.8205556869506836,-10.510562896728516,0.773148775100708
1769714403.5504131,2.085871458053589,-9.739702224731445,1.8008289337158203,-10.465757369995117,0.7800033092498779
1769714403.570394,2.0754146575927734,-9.676101684570312,1.7733378410339355,-10.391311645507812,0.7763868570327759
1769714403.5903075,2.062840461730957,-9.59652042388916,1.7420474290847778,-10.337553977966309,0.8074892163276672
1769714403.6103675,2.0616133213043213,-9.588558197021484,1.7460860013961792,-10.325370788574219,0.8015298843383789
1769714403.6303618,2.049647331237793,-9.508883476257324,1.6971269845962524,-10.237190246582031,0.809135913848877
1769714403.650519,2.043872117996216,-9.469016075134277,1.683500051498413,-10.197898864746094,0.8131040930747986
1769714403.6704156,2.030576229095459,-9.37325382232666,1.6657516956329346,-10.130993843078613,0.8409917950630188
1769714403.6910412,2.0295042991638184,-9.36526870727539,1.6681910753250122,-10.111652374267578,0.8292383551597595
1769714403.7104049,2.0180788040161133,-9.277383804321289,1.6456018686294556,-10.047589302062988,0.8555443286895752
1769714403.730688,2.01213002204895,-9.229410171508789,1.6266238689422607,-9.99510669708252,0.8572666049003601
1769714403.7504401,1.9990272521972656,-9.117379188537598,1.5807520151138306,-9.90622615814209,0.8928794264793396
1769714403.7704573,1.9928840398788452,-9.061317443847656,1.5624117851257324,-9.853592872619629,0.9016695022583008
1769714403.7903333,1.9861950874328613,-8.997209548950195,1.5399993658065796,-9.794188499450684,0.913381814956665
1769714403.810332,1.9806318283081055,-8.941084861755371,1.535295844078064,-9.760401725769043,0.9325255155563354
1769714403.8303337,1.9724390506744385,-8.852834701538086,1.4858304262161255,-9.67078971862793,0.9517553448677063
1769714403.8503373,1.969626784324646,-8.820728302001953,1.483235478401184,-9.637789726257324,0.950875997543335
1769714403.8704135,1.9662365913391113,-8.780584335327148,1.4728469848632812,-9.607383728027344,0.9628247022628784
1769714403.890471,1.961723804473877,-8.72436237335205,1.4565322399139404,-9.554600715637207,0.9718608856201172
1769714403.9104834,1.9592673778533936,-8.692225456237793,1.446272850036621,-9.52175521850586,0.9753368496894836
1769714403.930535,1.954064130783081,-8.619893074035645,1.4294956922531128,-9.445406913757324,0.9780830144882202
1769714403.9505694,1.9483119249343872,-8.531441688537598,1.3954672813415527,-9.365403175354004,1.000564455986023
1769714403.9705827,1.9450010061264038,-8.475132942199707,1.3903485536575317,-9.290348052978516,0.9860097765922546
1769714403.9903955,1.9407434463500977,-8.394662857055664,1.3623533248901367,-9.215763092041016,1.0043607950210571
1769714404.0103195,1.9380935430526733,-8.338316917419434,1.369469404220581,-9.156262397766113,0.9961768388748169
1769714404.0303106,1.9344793558120728,-8.249747276306152,1.3389391899108887,-9.074307441711426,1.0171371698379517
1769714404.0503383,1.933894395828247,-8.233640670776367,1.3654990196228027,-9.06680679321289,1.008582592010498
1769714404.0705478,1.9313029050827026,-8.153096199035645,1.341303825378418,-8.991684913635254,1.025343894958496
1769714404.0903325,1.9308512210845947,-8.136984825134277,1.3548063039779663,-8.97909164428711,1.0202805995941162
1769714404.1104684,1.928607702255249,-8.040305137634277,1.3168314695358276,-8.884078025817871,1.0422202348709106
1769714404.130386,1.9279088973999023,-8.000016212463379,1.3230739831924438,-8.848865509033203,1.0422910451889038
1769714404.150301,1.9270009994506836,-7.927489757537842,1.2936060428619385,-8.775876998901367,1.0587495565414429
1769714404.1703684,1.926690936088562,-7.887195110321045,1.2955409288406372,-8.733612060546875,1.0558276176452637
1769714404.1903682,1.926483392715454,-7.822721004486084,1.2718843221664429,-8.671411514282227,1.0718090534210205
1769714404.2105062,1.9267237186431885,-7.742127418518066,1.2491275072097778,-8.595748901367188,1.0898650884628296
1769714404.2309256,1.9275190830230713,-7.661535739898682,1.2158561944961548,-8.521798133850098,1.116474986076355
1769714404.250559,1.9287092685699463,-7.58900785446167,1.2070491313934326,-8.445222854614258,1.1197758913040161
1769714404.2707453,1.9301445484161377,-7.524545192718506,1.1953871250152588,-8.382262229919434,1.1294015645980835
1769714404.2903616,1.9316914081573486,-7.468146324157715,1.2025015354156494,-8.30805778503418,1.112281322479248
1769714404.3105412,1.9329627752304077,-7.427865982055664,1.207754373550415,-8.264082908630371,1.106881022453308
1769714404.3305516,1.9343726634979248,-7.387589931488037,1.2230116128921509,-8.200576782226562,1.080269455909729
1769714404.3509133,1.9359210729599,-7.347318649291992,1.230310082435608,-8.155452728271484,1.0728315114974976
1769714404.3703372,1.9383217096328735,-7.290947914123535,1.2094762325286865,-8.09610652923584,1.0860459804534912
1769714404.3904183,1.9418070316314697,-7.218487739562988,1.1962733268737793,-8.024330139160156,1.0978174209594727
1769714404.4103785,1.94350004196167,-7.1862897872924805,1.1954035758972168,-7.986715793609619,1.0955957174301147
1769714404.4305103,1.9481199979782104,-7.105815887451172,1.179619550704956,-7.902416229248047,1.106871485710144
1769714404.450317,1.9511576890945435,-7.057547092437744,1.181785225868225,-7.850288391113281,1.1047050952911377
1769714404.4707372,1.9549533128738403,-7.001248359680176,1.201531171798706,-7.771324157714844,1.0773398876190186
1769714404.4904804,1.9614652395248413,-6.912817001342773,1.1808878183364868,-7.684952259063721,1.0979498624801636
1769714404.5104463,1.9672905206680298,-6.840500831604004,1.1784873008728027,-7.6164164543151855,1.1064609289169312
1769714404.5318487,1.9735630750656128,-6.7682204246521,1.1724876165390015,-7.542182445526123,1.113884687423706
1769714404.5505152,1.9795141220092773,-6.704004287719727,1.1668248176574707,-7.476349830627441,1.1211518049240112
1769714404.5703156,1.9842090606689453,-6.655863285064697,1.1835947036743164,-7.425139904022217,1.1103017330169678
1769714404.5906994,1.986630916595459,-6.631800174713135,1.2120606899261475,-7.3953351974487305,1.0876328945159912
1769714404.610305,1.990777611732483,-6.591705322265625,1.2258002758026123,-7.34873104095459,1.0762333869934082
1769714404.630584,1.9950621128082275,-6.551624774932861,1.2263215780258179,-7.285777568817139,1.0629874467849731
1769714404.650572,2.000385284423828,-6.503547668457031,1.235774278640747,-7.231640815734863,1.0558170080184937
1769714404.6705446,2.009697437286377,-6.423467636108398,1.2231993675231934,-7.156733512878418,1.0752946138381958
1769714404.6903958,2.0135765075683594,-6.391453266143799,1.2432973384857178,-7.116204738616943,1.0576362609863281
1769714404.7108295,2.0215981006622314,-6.327456474304199,1.2316328287124634,-7.06630277633667,1.0816372632980347
1769714404.7303927,2.03104305267334,-6.2555131912231445,1.2259128093719482,-6.993288040161133,1.092037558555603
1769714404.7503119,2.034290075302124,-6.2315449714660645,1.248825192451477,-6.944478988647461,1.060768485069275
1769714404.770314,2.048931360244751,-6.12775993347168,1.2249435186386108,-6.843747138977051,1.0916014909744263
1769714404.7905262,2.0536227226257324,-6.095852375030518,1.2636703252792358,-6.7708563804626465,1.039064645767212
1769714404.8108852,2.0632686614990234,-6.03207540512085,1.267501711845398,-6.701900482177734,1.0401489734649658
1769714404.8303385,2.0732645988464355,-5.9683518409729,1.281981348991394,-6.618664741516113,1.0242247581481934
1769714404.8506792,2.087580680847168,-5.880821704864502,1.2682651281356812,-6.522435188293457,1.040647029876709
1769714404.8703911,2.095667839050293,-5.833123207092285,1.2798664569854736,-6.446183681488037,1.0204777717590332
1769714404.8912237,2.099785327911377,-5.809286594390869,1.3110285997390747,-6.408798694610596,0.9907331466674805
1769714404.91037,2.105351448059082,-5.777517318725586,1.3533352613449097,-6.318581581115723,0.9264334440231323
1769714404.9307048,2.1167454719543457,-5.714024543762207,1.3620569705963135,-6.246458530426025,0.9236021637916565
1769714404.950536,2.128488063812256,-5.650594234466553,1.3711031675338745,-6.174386024475098,0.9208637475967407
1769714404.970383,2.1436562538146973,-5.571397304534912,1.3247414827346802,-6.096214294433594,0.9726532101631165
1769714404.990308,2.153017997741699,-5.523929119110107,1.351434588432312,-5.998932361602783,0.9317530989646912
1769714405.0105314,2.164186954498291,-5.468597888946533,1.3643654584884644,-5.932308197021484,0.924522340297699
1769714405.0304112,2.1739718914031982,-5.421213626861572,1.4018638134002686,-5.840734958648682,0.8787201046943665
1769714405.0505052,2.1873221397399902,-5.358097553253174,1.4122474193572998,-5.7664384841918945,0.8760611414909363
1769714405.0703912,2.2010185718536377,-5.2950544357299805,1.4395208358764648,-5.643105506896973,0.8372684121131897
1769714405.0904155,2.2115182876586914,-5.247821807861328,1.4617480039596558,-5.58069372177124,0.8203409314155579
1769714405.1104238,2.2276320457458496,-5.177053451538086,1.4821316003799438,-5.4759907722473145,0.8032026886940002
1769714405.1303854,2.244182825088501,-5.106385231018066,1.4925484657287598,-5.392567157745361,0.804272472858429
1769714405.1506276,2.2630832195281982,-5.0279860496521,1.540967583656311,-5.291538238525391,0.7687070965766907
1769714405.170354,2.2766330242156982,-4.973184585571289,1.5967869758605957,-5.2027363777160645,0.7175548076629639
1769714405.1902943,2.296445369720459,-4.895009994506836,1.6108343601226807,-5.112295150756836,0.7192185521125793
1769714405.2103028,2.30452036857605,-4.863778591156006,1.663922667503357,-5.022761821746826,0.6600310802459717
1769714405.230333,2.318857192993164,-4.809176921844482,1.6936031579971313,-4.951740264892578,0.6413008570671082
1769714405.250373,2.3250815868377686,-4.785797595977783,1.7198230028152466,-4.8396806716918945,0.6076524257659912
1769714405.2702868,2.339792251586914,-4.731295585632324,1.7492046356201172,-4.766443729400635,0.5916325449943542
1769714405.2908251,2.348315477371216,-4.700182914733887,1.7701787948608398,-4.702783107757568,0.5781425833702087
1769714405.3104105,2.3699963092803955,-4.622505187988281,1.785267949104309,-4.609007358551025,0.5848842263221741
1769714405.3305101,2.374396324157715,-4.606987476348877,1.8360865116119385,-4.570435047149658,0.5395494699478149
1769714405.3504539,2.3922085762023926,-4.54497766494751,1.8624728918075562,-4.490342140197754,0.5325457453727722
1769714405.3709652,2.401242256164551,-4.51400899887085,1.8833458423614502,-4.402865409851074,0.5296881794929504
1769714405.3906128,2.4358723163604736,-4.398100852966309,1.8464218378067017,-4.249382972717285,0.6079216003417969
1769714405.4102757,2.445307731628418,-4.367252349853516,1.9059098958969116,-4.221494674682617,0.558744490146637
1769714405.431019,2.4716906547546387,-4.282553672790527,1.9206037521362305,-4.1188435554504395,0.5748893618583679
1769714405.4503243,2.4863500595092773,-4.236438274383545,1.965471625328064,-4.031394958496094,0.5597832202911377
1769714405.470437,2.5086936950683594,-4.167379379272461,1.9857264757156372,-3.935847043991089,0.5719282627105713
1769714405.490703,2.528911590576172,-4.106110095977783,2.008606195449829,-3.859405755996704,0.575830340385437
1769714405.5103626,2.5365796089172363,-4.083162307739258,2.0549776554107666,-3.814948320388794,0.5512526631355286
1769714405.530428,2.5624799728393555,-4.0067853927612305,2.087446928024292,-3.6972298622131348,0.566992998123169
1769714405.5503294,2.583576202392578,-3.945812225341797,2.1171011924743652,-3.616051435470581,0.5712628364562988
1769714405.5703068,2.607707977294922,-3.8773562908172607,2.138657808303833,-3.5002710819244385,0.6018317341804504
1769714405.590422,2.6267683506011963,-3.824216365814209,2.173058032989502,-3.4255921840667725,0.6039488315582275
1769714405.6104674,2.648862600326538,-3.763597011566162,2.2190661430358887,-3.3315365314483643,0.6094268560409546
1769714405.6303334,2.674114227294922,-3.695545196533203,2.2701432704925537,-3.3024446964263916,0.5636670589447021
1769714405.6506395,2.6997835636138916,-3.6276495456695557,2.302609443664551,-3.216259002685547,0.5718299150466919
1769714405.6702652,2.7229506969451904,-3.5674312114715576,2.3513572216033936,-3.0998830795288086,0.5972294211387634
1769714405.690258,2.740541934967041,-3.522350788116455,2.3958773612976074,-3.0355894565582275,0.5964311361312866
1769714405.7104568,2.7553420066833496,-3.4848389625549316,2.444112539291382,-2.979546070098877,0.5934514999389648
1769714405.730384,2.7672743797302246,-3.4548659324645996,2.520163059234619,-2.817349672317505,0.6837328672409058
1769714405.7505484,2.8035616874694824,-3.3651435375213623,2.5577802658081055,-2.7096364498138428,0.7000699043273926
1769714405.7704651,2.809680938720703,-3.3502187728881836,2.618366003036499,-2.6746346950531006,0.7021504044532776
1769714405.7903388,2.849952459335327,-3.2534127235412598,2.6559531688690186,-2.601976156234741,0.6797096729278564
1769714405.810334,2.8656699657440186,-3.216275215148926,2.7096633911132812,-2.547274112701416,0.6869499683380127
1769714405.8305075,2.9039082527160645,-3.1273651123046875,2.742823362350464,-2.437333583831787,0.7085845470428467
1769714405.8505118,2.916815996170044,-3.0977983474731445,2.787571430206299,-2.511549711227417,0.6003262400627136
1769714405.870298,2.9560229778289795,-3.009310483932495,2.8554441928863525,-2.339853048324585,0.6769708395004272
1769714405.8903565,2.975897789001465,-2.9651875495910645,2.9108216762542725,-2.2818777561187744,0.6864015460014343
1769714405.910458,3.0060484409332275,-2.899156093597412,2.958550214767456,-2.2002060413360596,0.7005621194839478
1769714405.9303353,3.012803554534912,-2.884507656097412,2.9644291400909424,-2.238771915435791,0.6475452184677124
1769714405.9508412,3.0434489250183105,-2.818704128265381,2.986949920654297,-2.2179527282714844,0.6034023761749268
1769714405.9704723,3.050313949584961,-2.8041067123413086,3.0497970581054688,-2.2001495361328125,0.6039573550224304
1769714405.9903448,3.077972650527954,-2.7458109855651855,3.040678024291992,-2.1438450813293457,0.603119969367981
1769714406.0111196,3.091921329498291,-2.71671986579895,3.099303960800171,-2.1099841594696045,0.6067805886268616
1769714406.0305872,3.1306889057159424,-2.636916160583496,3.148061752319336,-1.9638129472732544,0.6733273267745972
1769714406.050332,3.1449344158172607,-2.607969045639038,3.203963279724121,-1.929284691810608,0.6812465190887451
1769714406.0703993,3.191777467727661,-2.514160394668579,3.2344255447387695,-1.762060284614563,0.7533084154129028
1769714406.0905707,3.1954152584075928,-2.5069618225097656,3.296905279159546,-1.7530158758163452,0.7607460021972656
1769714406.1104853,3.243152379989624,-2.4136040210723877,3.332918405532837,-1.6391053199768066,0.7796834111213684
1769714406.130261,3.254286289215088,-2.392120361328125,3.2877721786499023,-1.7349896430969238,0.6579833030700684
1769714406.150302,3.306824207305908,-2.292165517807007,3.3187124729156494,-1.6158474683761597,0.6764224767684937
1769714406.1703885,3.329632520675659,-2.2494819164276123,3.3661210536956787,-1.5688810348510742,0.6815783381462097
1769714406.1902995,3.3641719818115234,-2.1856322288513184,3.4030723571777344,-1.4453961849212646,0.74125736951828
1769714406.2104628,3.37577223777771,-2.164396047592163,3.455735445022583,-1.424646019935608,0.7440593242645264
1769714406.2307332,3.406918525695801,-2.1078829765319824,3.574512243270874,-1.2660446166992188,0.85835862159729
1769714406.2505968,3.4147534370422363,-2.0937812328338623,3.6315643787384033,-1.2528223991394043,0.8684577941894531
1769714406.2703557,3.470134973526001,-1.9953701496124268,3.605699300765991,-1.2092812061309814,0.7976926565170288
1769714406.2905493,3.486130714416504,-1.9673501253128052,3.6566545963287354,-1.1815831661224365,0.8040573000907898
1769714406.3104625,3.534576177597046,-1.8835529088974,3.6482768058776855,-1.0650845766067505,0.8263280987739563
1769714406.3303938,3.56315279006958,-1.834855079650879,3.6924335956573486,-1.0186190605163574,0.8264107704162598
1769714406.3505611,3.6002352237701416,-1.7724448442459106,3.7339279651641846,-0.9434302449226379,0.8397254943847656
1769714406.3704572,3.6251697540283203,-1.7309647798538208,3.7522966861724854,-0.9615283608436584,0.7798678278923035
1769714406.390285,3.6544747352600098,-1.6827008724212646,3.7942731380462646,-0.8987925052642822,0.7962762117385864
1769714406.4104962,3.7095086574554443,-1.5934408903121948,3.911071300506592,-0.8054869174957275,0.8133258819580078
1769714406.4306939,3.730886220932007,-1.559240460395813,3.961562156677246,-0.7751321792602539,0.8173354864120483
1769714406.4504483,3.7653324604034424,-1.5046721696853638,4.067196369171143,-0.7204595804214478,0.8403042554855347
1769714406.4706595,3.7957160472869873,-1.4570797681808472,4.119421482086182,-0.6630658507347107,0.8574633002281189
1769714406.49031,3.8263258934020996,-1.4096332788467407,4.172452926635742,-0.6406862735748291,0.8432577252388
1769714406.510297,3.8615851402282715,-1.3555887937545776,4.224902629852295,-0.5743778347969055,0.8615626692771912
1769714406.5302951,3.9060723781585693,-1.2883055210113525,4.277194499969482,-0.4982462227344513,0.8728832602500916
1769714406.550726,3.937485456466675,-1.2413887977600098,4.3553032875061035,-0.4617047905921936,0.8845783472061157
1769714406.5704901,3.9827489852905273,-1.1746269464492798,4.361459732055664,-0.3503991365432739,0.9070684909820557
1769714406.590278,4.005550861358643,-1.1413624286651611,4.413689136505127,-0.32515186071395874,0.9125658869743347
1769714406.6103446,4.023874282836914,-1.1148070096969604,4.437575817108154,-0.2915143370628357,0.9213902354240417
1769714406.6302283,4.046879768371582,-1.0816833972930908,4.488415718078613,-0.2659047544002533,0.9276039600372314
1769714406.6503637,4.069997787475586,-1.0486387014389038,4.519191741943359,-0.19370800256729126,0.9657544493675232
1769714406.6703339,4.093228816986084,-1.015673279762268,4.568334102630615,-0.17739659547805786,0.9635520577430725
1769714406.6903524,4.140027046203613,-0.9499816298484802,4.580657958984375,-0.08784482628107071,0.9682126641273499
1769714406.710389,4.168320178985596,-0.9107208847999573,4.626847267150879,-0.05039070546627045,0.9748923778533936
1769714406.7303286,4.211061000823975,-0.8520484566688538,4.687956809997559,0.01072294358164072,0.9858011603355408
1769714406.7505417,4.234961032867432,-0.8195667266845703,4.735406398773193,0.03641467168927193,0.9915390610694885
1769714406.7707279,4.283093452453613,-0.7548496723175049,4.783984661102295,0.0913122296333313,0.9833018183708191
1769714406.7903585,4.317047595977783,-0.7097445726394653,4.831531524658203,0.1369899958372116,0.9907839894294739
1769714406.8103964,4.346323013305664,-0.671212911605835,4.886362075805664,0.15358540415763855,0.985867440700531
1769714406.830511,4.38067626953125,-0.6264118552207947,4.93588399887085,0.19731083512306213,0.9933653473854065
1769714406.850522,4.4301228523254395,-0.5626972913742065,4.993886947631836,0.26465246081352234,1.0011680126190186
1769714406.870286,4.450023174285889,-0.537306547164917,5.077756404876709,0.2671862542629242,1.0204204320907593
1769714406.8902617,4.510138511657715,-0.46146297454833984,5.136584758758545,0.37426069378852844,1.0444467067718506
1769714406.9105337,4.540428638458252,-0.42372724413871765,5.187012195587158,0.39267128705978394,1.0414299964904785
1769714406.9305348,4.616828918457031,-0.32993584871292114,5.250086784362793,0.5208205580711365,1.0605666637420654
1769714406.950675,4.632224082946777,-0.31127214431762695,5.360789775848389,0.4679825007915497,1.066792368888855
1769714406.9703352,4.694185733795166,-0.2369353324174881,5.424918174743652,0.5596472024917603,1.0809779167175293
1769714406.9904664,4.7253947257995605,-0.19995884597301483,5.481645584106445,0.583644449710846,1.0890130996704102
1769714407.0103614,4.756755352020264,-0.16311115026474,5.5089802742004395,0.578901469707489,1.056610107421875
1769714407.0303552,4.772491931915283,-0.14473581314086914,5.5210113525390625,0.5311402678489685,1.0085086822509766
1769714407.0504096,4.804078578948975,-0.10808251798152924,5.575324535369873,0.5515332221984863,1.0148464441299438
1769714407.0704103,4.819928169250488,-0.08980473130941391,5.5616607666015625,0.49626684188842773,0.9453291893005371
1769714407.0904653,4.841119289398193,-0.06548517197370529,5.61054801940918,0.49263709783554077,0.9505370855331421
1769714407.110446,4.883701801300049,-0.017020944505929947,5.666471481323242,0.5327823162078857,0.9565627574920654
1769714407.1304042,4.910450458526611,0.013150258921086788,5.704396724700928,0.589590847492218,0.9811391830444336
1769714407.150414,4.942685604095459,0.049234334379434586,5.755913734436035,0.6314326524734497,1.0001472234725952
1769714407.1707304,4.975069046020508,0.08518540859222412,5.807428359985352,0.6517220139503479,1.0068690776824951
1769714407.1903644,5.0076003074646,0.12100283801555634,5.808319568634033,0.6639889478683472,0.9674633741378784
1769714407.2104983,5.073104381561279,0.19223427772521973,5.870508193969727,0.7507492303848267,0.9735462069511414
1769714407.2303371,5.106075763702393,0.22764703631401062,5.905433654785156,0.7958097457885742,0.9807047247886658
1769714407.2503955,5.128137588500977,0.251179963350296,5.948520183563232,0.795198380947113,0.9843693971633911
1769714407.2703915,5.189140796661377,0.3155820369720459,5.9805192947387695,0.8800806999206543,0.9720796942710876
1769714407.2903645,5.200284004211426,0.3272419273853302,6.016040802001953,0.8579960465431213,0.9732208847999573
1769714407.3103504,5.256242275238037,0.3853110671043396,6.07159423828125,0.9242703318595886,0.9773821830749512
1769714407.3306801,5.301294803619385,0.4314887821674347,6.15506649017334,0.9834959506988525,1.0166798830032349
1769714407.3503997,5.357966899871826,0.4888615608215332,6.2151570320129395,1.028759479522705,1.013047218322754
1769714407.3703985,5.403587341308594,0.5344785451889038,6.267627716064453,1.0716233253479004,1.0173935890197754
1769714407.3904586,5.455209732055664,0.5854969620704651,6.366125583648682,1.0901273488998413,1.041354775428772
1769714407.410572,5.489799499511719,0.619331419467926,6.416016101837158,1.1077666282653809,1.047113299369812
1769714407.4303777,5.530330181121826,0.6586241722106934,6.491097927093506,1.1155104637145996,1.0638700723648071
1769714407.4504447,5.582718849182129,0.7088560461997986,6.5520172119140625,1.163710355758667,1.0707155466079712
1769714407.4705555,5.59440279006958,0.7199745774269104,6.558272361755371,1.088908314704895,1.0320645570755005
1769714407.49054,5.647169589996338,0.7698086500167847,6.6423659324646,1.1273841857910156,1.0574859380722046
1769714407.510547,5.718003749847412,0.8357440829277039,6.714872360229492,1.204020380973816,1.062720537185669
1769714407.530342,5.783411502838135,0.8956693410873413,6.757838726043701,1.2459043264389038,1.0354578495025635
1769714407.5503287,5.837263107299805,0.9443296194076538,6.819624423980713,1.2886048555374146,1.040941596031189
1769714407.5703697,5.873331546783447,0.9765840172767639,6.894850254058838,1.296390414237976,1.0704097747802734
1769714407.5903587,5.945866584777832,1.0406445264816284,6.970139503479004,1.3692680597305298,1.0756993293762207
1769714407.6103904,5.9701619148254395,1.0618646144866943,7.0161895751953125,1.3518608808517456,1.0854822397232056
1769714407.630367,6.018928527832031,1.104103446006775,7.0769548416137695,1.3810961246490479,1.093684196472168
1769714407.6503122,6.025040626525879,1.10936439037323,7.10516357421875,1.354561448097229,1.107603907585144
1769714407.6704493,6.074068069458008,1.151300072669983,7.1659440994262695,1.3837473392486572,1.1163443326950073
1769714407.690408,6.0802130699157715,1.1565229892730713,7.198877811431885,1.3388553857803345,1.1334269046783447
1769714407.7104433,6.117156505584717,1.1877715587615967,7.252684593200684,1.3455065488815308,1.1464309692382812
1769714407.7304034,6.129499435424805,1.1981538534164429,7.178464889526367,1.3697082996368408,1.0629013776779175
1769714407.7503924,6.1976423263549805,1.2549512386322021,7.246312618255615,1.433779001235962,1.0638083219528198
1769714407.770414,6.228758335113525,1.2805970907211304,7.297100067138672,1.44532310962677,1.0809662342071533
1769714407.7903824,6.303796291351318,1.3417081832885742,7.370166778564453,1.5193119049072266,1.081059455871582
1769714407.8103855,6.316351890563965,1.3518328666687012,7.400096893310547,1.490247368812561,1.0925486087799072
1769714407.8306963,6.404629230499268,1.4222195148468018,7.483999729156494,1.615285873413086,1.096501111984253
1769714407.8504238,6.417295932769775,1.432205080986023,7.512584686279297,1.5886569023132324,1.106406331062317
1769714407.8703449,6.506345272064209,1.5016127824783325,7.588954448699951,1.7006510496139526,1.1007534265518188
1769714407.8904076,6.5319108963012695,1.5212851762771606,7.632697105407715,1.6512892246246338,1.108436107635498
1769714407.910339,6.621817111968994,1.58958101272583,7.717105388641357,1.7437012195587158,1.1060783863067627
1769714407.9304614,6.641168117523193,1.6041024923324585,7.742595195770264,1.6886283159255981,1.104665756225586
1769714407.9503016,6.692918300628662,1.6426302194595337,7.799079418182373,1.718559980392456,1.1087641716003418
1769714407.9703825,6.725369930267334,1.6665645837783813,7.820544719696045,1.708380937576294,1.0959728956222534
1769714407.9908416,6.757904529571533,1.6903866529464722,7.861903667449951,1.7077776193618774,1.1041362285614014
1769714408.0105186,6.790520668029785,1.7140960693359375,7.855152130126953,1.6976183652877808,1.0647588968276978
1769714408.0306334,6.823218822479248,1.7376927137374878,7.894153118133545,1.6978250741958618,1.0716757774353027
1769714408.0504596,6.869133472442627,1.7705378532409668,7.873441696166992,1.7157938480377197,1.0057991743087769
1769714408.0704837,6.954822540283203,1.8309446573257446,7.950240135192871,1.7933340072631836,0.996127724647522
1769714408.0903506,7.014462471008301,1.8723121881484985,8.011719703674316,1.8423373699188232,0.9977073669433594
1769714408.1104198,7.07435941696167,1.913307785987854,8.039987564086914,1.8639556169509888,0.9668885469436646
1769714408.1302876,7.141208648681641,1.9584206342697144,8.10620403289795,1.914939045906067,0.9659741520881653
1769714408.150291,7.194911956787109,1.9941778182983398,8.15849781036377,1.9043612480163574,0.9677621722221375
1769714408.1704078,7.255563735961914,2.0340490341186523,8.214799880981445,1.9408007860183716,0.9637579917907715
1769714408.1903708,7.296135425567627,2.060420036315918,8.254453659057617,1.9496015310287476,0.9647048115730286
1769714408.210334,7.330028533935547,2.0822668075561523,8.269232749938965,1.9372284412384033,0.9503377079963684
1769714408.2302513,7.370799541473389,2.108328342437744,8.31834602355957,1.94677734375,0.9612194299697876
1769714408.2502947,7.411677837371826,2.134220600128174,8.357932090759277,1.9546458721160889,0.9631431102752686
1769714408.2703145,7.445825099945068,2.155667543411255,8.3883638381958,1.9540516138076782,0.9638610482215881
1769714408.2903607,7.493753910064697,2.1854944229125977,8.433387756347656,1.9712262153625488,0.9637542366981506
1769714408.310361,7.548704147338867,2.219297409057617,8.46574878692627,1.9827343225479126,0.9470654726028442
1769714408.3303733,7.583142280578613,2.240269422531128,8.504261016845703,1.9903360605239868,0.954425036907196
1769714408.3505175,7.638391494750977,2.2735767364501953,8.53237533569336,2.0171494483947754,0.9300332069396973
1769714408.3703008,7.693822860717773,2.3065779209136963,8.581969261169434,2.043415069580078,0.9263151288032532
1769714408.3903568,7.735514163970947,2.331127166748047,8.598773002624512,2.0537476539611816,0.9067274928092957
1769714408.410267,7.7982401847839355,2.3676259517669678,8.653103828430176,2.088968515396118,0.8991339206695557
1769714408.430461,7.847181797027588,2.3957433700561523,8.721879959106445,2.107745885848999,0.9208903312683105
1769714408.4503183,7.910304069519043,2.4315452575683594,8.771294593811035,2.133687734603882,0.9110559821128845
1769714408.47077,7.945467472076416,2.4512648582458496,8.80233383178711,2.133474111557007,0.9138982892036438
1769714408.4915013,8.008931159973145,2.486453056335449,8.871139526367188,2.1464786529541016,0.9268149137496948
1769714408.510338,8.079699516296387,2.5250864028930664,8.924421310424805,2.1906144618988037,0.9085299968719482
1769714408.5302625,8.143616676330566,2.559436082839966,8.98098373413086,2.223006010055542,0.9024240970611572
1769714408.5504353,8.207744598388672,2.5933854579925537,9.02944278717041,2.2583658695220947,0.8873698711395264
1769714408.5702858,8.27208137512207,2.6269330978393555,9.079010009765625,2.2827517986297607,0.8772658109664917
1769714408.5903177,8.315086364746094,2.6490743160247803,9.11039924621582,2.2573208808898926,0.8865627646446228
1769714408.6103792,8.350994110107422,2.6673882007598877,9.127094268798828,2.2446017265319824,0.883787214756012
1769714408.6303642,8.3941650390625,2.6892001628875732,9.163654327392578,2.249976873397827,0.8860191106796265
1769714408.6504,8.408576011657715,2.6964306831359863,9.173677444458008,2.2245960235595703,0.8988932967185974
1769714408.6709943,8.451866149902344,2.7180023193359375,9.18977165222168,2.2554171085357666,0.870913028717041
1769714408.6906142,8.495245933532715,2.7393932342529297,9.225327491760254,2.263411521911621,0.8715376853942871
1769714408.7106469,8.531462669372559,2.757080554962158,9.246245384216309,2.2781822681427,0.8603825569152832
1769714408.7307935,8.582267761230469,2.7816314697265625,9.28773021697998,2.293327569961548,0.8579728007316589
1769714408.7504134,8.655050277709961,2.816274642944336,9.32569408416748,2.3616247177124023,0.8102280497550964
1769714408.7705407,8.742701530456543,2.857177734375,9.392712593078613,2.4089195728302,0.7895885109901428
1769714408.790286,8.808659553527832,2.8873746395111084,9.464194297790527,2.426879644393921,0.8011124134063721
1769714408.8103285,8.87480354309082,2.917158365249634,9.518568992614746,2.444427967071533,0.7986917495727539
1769714408.8310413,8.926375389099121,2.940037488937378,9.559157371520996,2.4602973461151123,0.7940800189971924
1769714408.8504548,9.000239372253418,2.972285747528076,9.621026039123535,2.4983932971954346,0.780992865562439
1769714408.8709764,9.015039443969727,2.9786739349365234,9.630285263061523,2.4411306381225586,0.8169947266578674
1769714408.890314,9.059489250183105,2.9977145195007324,9.653565406799316,2.4551002979278564,0.8045845031738281
1769714408.910643,9.09659194946289,3.0134401321411133,9.680416107177734,2.4558563232421875,0.8073108792304993
1769714408.9303277,9.133747100830078,3.0290367603302,9.714129447937012,2.4613542556762695,0.8118534088134766
1769714408.9505138,9.1709566116333,3.044504165649414,9.733707427978516,2.455212354660034,0.8148332834243774
1769714408.9705796,9.208219528198242,3.059842109680176,9.751093864440918,2.478294610977173,0.7955566644668579
1769714408.990567,9.24553394317627,3.0750508308410645,9.777368545532227,2.480158567428589,0.7979623675346375
1769714409.0104415,9.335302352905273,3.1110215187072754,9.850547790527344,2.5449657440185547,0.7654395699501038
1769714409.0303898,9.38029670715332,3.128726005554199,9.883505821228027,2.555147886276245,0.7630277276039124
1769714409.0504375,9.447924613952637,3.154930591583252,9.919901847839355,2.5729317665100098,0.7493228912353516
1769714409.07059,9.508173942565918,3.177868127822876,9.966586112976074,2.5959179401397705,0.7408155798912048
1769714409.0904024,9.55344295501709,3.1948513984680176,9.992145538330078,2.604443073272705,0.7355550527572632
1769714409.1106205,9.629046440124512,3.2227368354797363,10.053317070007324,2.6397061347961426,0.7210617065429688
1769714409.1303692,9.682083129882812,3.241943836212158,10.085018157958984,2.6485824584960938,0.7172408699989319
1769714409.150406,9.758008003234863,3.268934488296509,10.146214485168457,2.6831414699554443,0.702750027179718
1769714409.1703577,9.803651809692383,3.2848753929138184,10.17148494720459,2.676523447036743,0.7109100818634033
1769714409.1904292,9.856986045837402,3.3032326698303223,10.197996139526367,2.681727170944214,0.7089124917984009
1769714409.210495,9.90277099609375,3.318760633468628,10.228761672973633,2.691025733947754,0.7073339223861694
1769714409.2303174,9.940973281860352,3.331554889678955,10.25233268737793,2.6950783729553223,0.7085524201393127
1769714409.250291,9.979220390319824,3.3442161083221436,10.299980163574219,2.7077479362487793,0.7127262353897095
1769714409.2702699,10.032838821411133,3.3617188930511475,10.35189151763916,2.720768690109253,0.7159690260887146
1769714409.2903316,10.117265701293945,3.388695478439331,10.42242431640625,2.7578530311584473,0.7007739543914795
1769714409.3104405,10.16340160369873,3.4031379222869873,10.466185569763184,2.755445957183838,0.7149704694747925
1769714409.330428,10.24042797088623,3.42678165435791,10.529892921447754,2.786034107208252,0.7030986547470093
1769714409.350326,10.271283149719238,3.436089515686035,10.556217193603516,2.785890817642212,0.7098912000656128
1769714409.3703785,10.34853458404541,3.458984613418579,10.620522499084473,2.815566062927246,0.6985450983047485
1769714409.3904245,10.371740341186523,3.4657487869262695,10.64372730255127,2.7991979122161865,0.7199076414108276
1769714409.410271,10.47245979309082,3.4945013523101807,10.732043266296387,2.8433709144592285,0.7009669542312622
1769714409.4303122,10.480218887329102,3.496675491333008,10.737166404724121,2.830986738204956,0.7135573625564575
1769714409.4503942,10.550110816955566,3.516000509262085,10.794967651367188,2.8543734550476074,0.7054821848869324
1769714409.4704056,10.612336158752441,3.5328116416931152,10.827493667602539,2.856823682785034,0.7094027400016785
1769714409.4903443,10.66685962677002,3.5472378730773926,10.869396209716797,2.8695945739746094,0.7072634100914001
1769714409.510588,10.70584774017334,3.557380437850952,10.888903617858887,2.8765454292297363,0.7050145864486694
1769714409.5303273,10.776113510131836,3.5752956867218018,10.946501731872559,2.898446798324585,0.6979662179946899
1769714409.550325,10.846488952636719,3.5927720069885254,11.003946304321289,2.9262454509735107,0.6848726272583008
1769714409.570533,10.901300430297852,3.606060743331909,11.045595169067383,2.9393627643585205,0.6821343302726746
1769714409.590446,10.971864700317383,3.6227550506591797,11.100531578063965,2.946312665939331,0.6885705590248108
1769714409.6105669,11.042532920837402,3.6390082836151123,11.158145904541016,2.966658353805542,0.6822175979614258
1769714409.6302876,11.121169090270996,3.6565494537353516,11.226556777954102,2.9621691703796387,0.7023321390151978
1769714409.6504133,11.176286697387695,3.6685032844543457,11.252140998840332,2.9688761234283447,0.7037272453308105
1769714409.6703844,11.223575592041016,3.6785364151000977,11.285937309265137,2.974907636642456,0.7063868045806885
1769714409.690227,11.270905494689941,3.6883723735809326,11.334914207458496,2.9849164485931396,0.7063621282577515
1769714409.7102857,11.318276405334473,3.6980111598968506,11.369315147399902,2.9904494285583496,0.7094001173973083
1769714409.730491,11.357781410217285,3.70589280128479,11.408236503601074,2.992135524749756,0.7155383229255676
1769714409.7504005,11.39731502532959,3.713637351989746,11.435308456420898,2.9932823181152344,0.7213563323020935
1769714409.770346,11.452705383300781,3.7242488861083984,11.484999656677246,3.007911205291748,0.7170653343200684
1769714409.79044,11.523996353149414,3.737496852874756,11.544723510742188,3.024088144302368,0.7137096524238586
1769714409.8106265,11.579501152038574,3.747492551803589,11.595487594604492,3.038179636001587,0.709493100643158
1769714409.830667,11.650935173034668,3.7599477767944336,11.655529022216797,3.0544564723968506,0.7055062055587769
1769714409.8504896,11.730395317077637,3.7732632160186768,11.744824409484863,3.084784507751465,0.6886298060417175
1769714409.870531,11.762205123901367,3.7784347534179688,11.756553649902344,3.080618143081665,0.6978394389152527
1769714409.890359,11.841790199279785,3.7909770011901855,11.821608543395996,3.101875066757202,0.6893973350524902
1769714409.910337,11.90552043914795,3.800612688064575,11.87387752532959,3.1140551567077637,0.6872862577438354
1769714409.9302688,11.98525619506836,3.8121590614318848,11.936546325683594,3.1103265285491943,0.7035207748413086
1769714409.950363,12.049101829528809,3.8209972381591797,11.988975524902344,3.121128559112549,0.702446699142456
1769714409.9703515,12.089030265808105,3.826341152191162,12.022289276123047,3.129019021987915,0.700508713722229
1769714409.990418,12.152952194213867,3.8346025943756104,12.075239181518555,3.1394011974334717,0.6995314955711365
1769714410.0102944,12.224919319152832,3.8434720039367676,12.144331932067871,3.135664224624634,0.7123806476593018
1769714410.0303438,12.288934707641602,3.850977897644043,12.198089599609375,3.1561286449432373,0.7007626295089722
1769714410.050371,12.361001014709473,3.858997106552124,12.259607315063477,3.168382406234741,0.6980181932449341
1769714410.0705242,12.417086601257324,3.864924192428589,12.31370735168457,3.174567937850952,0.698053777217865
1769714410.0903401,12.449149131774902,3.868189811706543,12.326095581054688,3.170583963394165,0.7083757519721985
1769714410.1104112,12.481220245361328,3.8713672161102295,12.365019798278809,3.1723809242248535,0.7085791230201721
1769714410.1303358,12.561437606811523,3.8789219856262207,12.42735481262207,3.1826765537261963,0.7090388536453247
1769714410.1502526,12.63367748260498,3.8852458000183105,12.495033264160156,3.1898114681243896,0.709119975566864
1769714410.1703653,12.69792366027832,3.890488624572754,12.549375534057617,3.1970736980438232,0.7091479301452637
1769714410.1903312,12.75416374206543,3.894784450531006,12.602819442749023,3.213325262069702,0.6980627775192261
1769714410.2105157,12.842581748962402,3.900987386703491,12.682476997375488,3.22757887840271,0.6921796202659607
1769714410.2303135,12.923003196716309,3.906046152114868,12.770047187805176,3.236215829849243,0.687072217464447
1769714410.2504551,12.99541187286377,3.9101240634918213,12.833353996276855,3.2447049617767334,0.6848686933517456
1769714410.270352,13.059795379638672,3.9133710861206055,12.86048698425293,3.255260467529297,0.6876291036605835
1769714410.2904031,13.1080961227417,3.9155731201171875,12.898305892944336,3.2582173347473145,0.6900207996368408
1769714410.3103998,13.14835262298584,3.917255401611328,12.920222282409668,3.250878095626831,0.7043454647064209
1769714410.3305106,13.172510147094727,3.918198347091675,12.932621955871582,3.2476847171783447,0.7121340036392212
1769714410.350428,13.204723358154297,3.919377565383911,12.954272270202637,3.2585246562957764,0.7067194581031799
1769714410.370409,13.253047943115234,3.9209797382354736,12.991896629333496,3.2608866691589355,0.7098755836486816
1769714410.390393,13.29332447052002,3.9221622943878174,13.02116584777832,3.2615716457366943,0.7144579291343689
1769714410.4103613,13.325549125671387,3.923008441925049,13.044161796569824,3.25349497795105,0.7262412905693054
1769714410.4303417,13.381946563720703,3.9242751598358154,13.0900239944458,3.272672653198242,0.7140058875083923
1769714410.450464,13.430292129516602,3.9251444339752197,13.127876281738281,3.2748069763183594,0.7172128558158875
1769714410.4706123,13.47058391571045,3.925715923309326,13.163658142089844,3.301396608352661,0.6956853270530701
1769714410.4906807,13.526994705200195,3.926283121109009,13.209912300109863,3.306584358215332,0.6961093544960022
1769714410.5103884,13.59146785736084,3.926598072052002,13.275196075439453,3.3359780311584473,0.6699703335762024
1769714410.5303934,13.664002418518066,3.926527738571167,13.33861255645752,3.3447775840759277,0.6665672659873962
1769714410.5506666,13.744595527648926,3.925922393798828,13.41794204711914,3.349672794342041,0.6623939275741577
1769714410.5704088,13.825183868408203,3.924762010574341,13.490306854248047,3.358853578567505,0.6575672626495361
1769714410.590468,13.921878814697266,3.9226372241973877,13.564525604248047,3.3817245960235596,0.6482957601547241
1769714410.6103795,13.962162971496582,3.921516180038452,13.596467971801758,3.400827646255493,0.6362776160240173
1769714410.6304157,14.026609420776367,3.9194343090057373,13.651540756225586,3.4092729091644287,0.6331992745399475
1769714410.650366,14.07493782043457,3.917639970779419,13.694378852844238,3.423410415649414,0.6237692832946777
1769714410.6703017,14.099099159240723,3.916668176651001,13.707822799682617,3.4276325702667236,0.626301109790802
1769714410.6904354,14.15546703338623,3.9142062664031982,13.768378257751465,3.436244010925293,0.6150496602058411
1769714410.7104034,14.171570777893066,3.9134531021118164,13.773935317993164,3.439303159713745,0.6188148260116577
1769714410.7305126,14.211824417114258,3.911473035812378,13.802838325500488,3.4451253414154053,0.6202822327613831
1769714410.7504792,14.252071380615234,3.9093546867370605,13.833526611328125,3.45056414604187,0.6210219264030457
1769714410.7703683,14.340588569641113,3.9042069911956787,13.914361953735352,3.4604849815368652,0.6152713298797607
1769714410.7903447,14.372767448425293,3.9021689891815186,13.955281257629395,3.4483580589294434,0.6166355013847351
1769714410.810257,14.461230278015137,3.896108627319336,14.043022155761719,3.468726396560669,0.59795743227005
1769714410.830793,14.501424789428711,3.8931326866149902,14.07459831237793,3.474058151245117,0.5981676578521729
1769714410.8502977,14.613916397094727,3.8840649127960205,14.196526527404785,3.482440710067749,0.5792374610900879
1769714410.8705533,14.654070854187012,3.8805642127990723,14.228934288024902,3.4872450828552246,0.5791725516319275
1769714410.8902886,14.758415222167969,3.870816707611084,14.335110664367676,3.5078561305999756,0.557608425617218
1769714410.9105058,14.774460792541504,3.869234323501587,14.35130500793457,3.512753486633301,0.5532980561256409
1769714410.930444,14.854654312133789,3.8609914779663086,14.429691314697266,3.5178234577178955,0.5462216138839722
1769714410.9509165,14.870686531066895,3.8592770099639893,14.44640064239502,3.5223846435546875,0.5417704582214355
1769714410.9705372,14.910757064819336,3.854893922805786,14.48294448852539,3.525352716445923,0.540019154548645
1769714410.9906404,14.982845306396484,3.8466575145721436,14.541516304016113,3.531431198120117,0.5423459410667419
1769714411.01053,15.030876159667969,3.840919017791748,14.583624839782715,3.530034065246582,0.5446859002113342
1769714411.0307865,15.086881637573242,3.8339738845825195,14.633849143981934,3.534898042678833,0.5428494811058044
1769714411.0504127,15.16683292388916,3.823585271835327,14.701292991638184,3.5513055324554443,0.5393173098564148
1769714411.0705326,15.238726615905762,3.8137660026550293,14.767979621887207,3.557115316390991,0.5361649394035339
1769714411.0904112,15.302581787109375,3.8046648502349854,14.814725875854492,3.5667803287506104,0.5427640676498413
1769714411.11058,15.374359130859375,3.794006586074829,14.880965232849121,3.5726282596588135,0.5407832264900208
1769714411.1305091,15.430140495300293,3.7854104042053223,14.919833183288574,3.590268850326538,0.5463459491729736
1769714411.1506226,15.469959259033203,3.7791059017181396,14.952869415283203,3.5961263179779053,0.5485097169876099
1769714411.1706593,15.51771354675293,3.771360158920288,15.017293930053711,3.5913877487182617,0.5317985415458679
1769714411.194015,15.573386192321777,3.7620749473571777,15.058183670043945,3.5980896949768066,0.5406704545021057
1769714411.2105584,15.636957168579102,3.7511355876922607,15.116531372070312,3.603036403656006,0.5410885810852051
1769714411.2310336,15.676658630371094,3.7441210746765137,15.150415420532227,3.6077332496643066,0.5436301827430725
1769714411.2508686,15.716337203979492,3.7369704246520996,15.207290649414062,3.6006698608398438,0.5269777178764343
1769714411.2704592,15.771844863891602,3.7267308235168457,15.258455276489258,3.6042494773864746,0.5277976989746094
1769714411.290363,15.8431396484375,3.7131736278533936,15.33491325378418,3.611860990524292,0.5182259678840637
1769714411.3105159,15.914350509643555,3.699176073074341,15.402634620666504,3.615433692932129,0.5185233354568481
1769714411.3304226,15.977577209472656,3.6863646507263184,15.461877822875977,3.603086233139038,0.5223803520202637
1769714411.3504417,16.040733337402344,3.673206329345703,15.521485328674316,3.604858160018921,0.5237263441085815
1769714411.370448,16.103816986083984,3.659701108932495,15.57806396484375,3.608924388885498,0.5281992554664612
1769714411.390363,16.151081085205078,3.6493449211120605,15.63796615600586,3.6089725494384766,0.5147006511688232
1769714411.4103868,16.22189712524414,3.633445978164673,15.706221580505371,3.6100656986236572,0.5162056684494019
1769714411.4304426,16.308317184448242,3.613420248031616,15.7905912399292,3.6108357906341553,0.5177319049835205
1769714411.4504428,16.363231658935547,3.600337266921997,15.854362487792969,3.608511209487915,0.5089340209960938
1769714411.470519,16.394582748413086,3.592743158340454,15.8910493850708,3.60904598236084,0.5037971138954163
1769714411.4905248,16.45722198486328,3.5772974491119385,15.949378967285156,3.607067823410034,0.5087150931358337
1769714411.5103042,16.49633026123047,3.567469358444214,15.994359970092773,3.606945753097534,0.5035193562507629
1769714411.5308874,16.543212890625,3.5554990768432617,16.033870697021484,3.606250286102295,0.5118653774261475
1769714411.550422,16.629037857055664,3.533053398132324,16.11884117126465,3.604910135269165,0.515231728553772
1769714411.5707328,16.683563232421875,3.518433094024658,16.172256469726562,3.604914426803589,0.5185684561729431
1769714411.5904074,16.745792388916016,3.5014045238494873,16.23061180114746,3.606051206588745,0.5257028341293335
1769714411.6111593,16.784639358520508,3.490588665008545,16.27572250366211,3.604814291000366,0.5215771794319153
1769714411.6302688,16.862218856811523,3.4685580730438232,16.34119987487793,3.606348752975464,0.5389307737350464
1769714411.65043,16.931909561157227,3.4482767581939697,16.410017013549805,3.60438871383667,0.5447421073913574
1769714411.670295,17.001474380493164,3.4275662899017334,16.492338180541992,3.5933942794799805,0.5354611277580261
1769714411.6903238,17.063203811645508,3.4087975025177,16.5537166595459,3.5905704498291016,0.5409409999847412
1769714411.7103221,17.132522583007812,3.3872787952423096,16.629850387573242,3.5987231731414795,0.5453333258628845
1769714411.730304,17.170976638793945,3.3751397132873535,16.66880226135254,3.5931499004364014,0.5474556684494019
1769714411.7503564,17.224740982055664,3.357923984527588,16.7227725982666,3.5902183055877686,0.553112804889679
1769714411.7703657,17.263093948364258,3.3454692363739014,16.760997772216797,3.587327003479004,0.5573118329048157
1769714411.7903984,17.30140495300293,3.332883358001709,16.797595977783203,3.5877256393432617,0.5645951628684998
1769714411.8105044,17.37025260925293,3.309899091720581,16.871463775634766,3.586613178253174,0.5704044103622437
1769714411.83038,17.431331634521484,3.2891128063201904,16.933298110961914,3.582972288131714,0.5782654285430908
1769714411.850638,17.461830139160156,3.2785942554473877,16.964012145996094,3.579646110534668,0.5817685723304749
1769714411.8718264,17.469449996948242,3.275951623916626,16.968599319458008,3.586885929107666,0.5895180702209473
1769714411.8908145,17.50752067565918,3.262660026550293,17.007003784179688,3.5837037563323975,0.5946313738822937
1769714411.910469,17.522735595703125,3.2573070526123047,17.018945693969727,3.589989423751831,0.6037231087684631
1769714411.931507,17.56074333190918,3.243833541870117,17.057199478149414,3.5868144035339355,0.6092565059661865
1769714411.9504225,17.629039764404297,3.2192535400390625,17.128843307495117,3.5907013416290283,0.6230331063270569
1769714411.971001,17.689620971679688,3.1970527172088623,17.186914443969727,3.582681179046631,0.6335790157318115
1769714411.9903448,17.750080108642578,3.174520969390869,17.248737335205078,3.578895330429077,0.6440974473953247
1769714412.0103755,17.817947387695312,3.1487784385681152,17.310707092285156,3.5650413036346436,0.6561762690544128
1769714412.0303535,17.885656356811523,3.122619152069092,17.379863739013672,3.559854745864868,0.6685819625854492
1769714412.0504026,17.953203201293945,3.0960445404052734,17.446704864501953,3.553725481033325,0.6826517581939697
1769714412.070382,18.020586013793945,3.0690550804138184,17.51584815979004,3.5481672286987305,0.6959226727485657
1769714412.0904427,18.080341339111328,3.04471755027771,17.570953369140625,3.5362789630889893,0.7078911066055298
1769714412.110447,18.132518768310547,3.0231544971466064,17.624248504638672,3.529956817626953,0.7177653312683105
1769714412.1303434,18.16972541809082,3.0076000690460205,17.66095542907715,3.5132203102111816,0.7172854542732239
1769714412.1503108,18.206876754760742,2.9919185638427734,17.698604583740234,3.5059173107147217,0.7228670120239258
1769714412.1703188,18.236560821533203,2.9792821407318115,17.72577476501465,3.500608205795288,0.7298514246940613
1769714412.1902976,18.29582405090332,2.9537665843963623,17.78649139404297,3.49257230758667,0.7414391040802002
1769714412.210422,18.332792282104492,2.937654972076416,17.81990623474121,3.4942197799682617,0.7568471431732178
1769714412.2303507,18.391828536987305,2.9116146564483643,17.880634307861328,3.4862661361694336,0.7691178917884827
1769714412.2503076,18.44336700439453,2.8885650634765625,17.933391571044922,3.477884531021118,0.7793405652046204
1769714412.2704573,18.502132415771484,2.861921787261963,18.00177574157715,3.469517707824707,0.7871021032333374
1769714412.2904816,18.568069458007812,2.8315649032592773,18.055191040039062,3.4436187744140625,0.7985324263572693
1769714412.310444,18.64111328125,2.797361135482788,18.130905151367188,3.433579921722412,0.8155279755592346
1769714412.330352,18.699378967285156,2.769639492034912,18.191102981567383,3.4231441020965576,0.8278959393501282
1769714412.3504515,18.771997451782227,2.7345409393310547,18.263879776000977,3.403646230697632,0.8401703834533691
1769714412.3703477,18.82268714904785,2.7096774578094482,18.315290451049805,3.3936450481414795,0.8516238927841187
1769714412.3904548,18.86604118347168,2.688173532485962,18.35973358154297,3.3820669651031494,0.8589736223220825
1769714412.410436,18.923709869384766,2.6592257022857666,18.42179298400879,3.368443012237549,0.8688551187515259
1769714412.4303706,18.952484130859375,2.6446337699890137,18.45330238342285,3.348566770553589,0.8629621863365173
1769714412.4504595,18.99557113647461,2.622598886489868,18.497739791870117,3.3354313373565674,0.8694635033607483
1769714412.4703758,19.0385684967041,2.6003878116607666,18.541927337646484,3.321826457977295,0.8758564591407776
1769714412.4903934,19.074329376220703,2.5817441940307617,18.583898544311523,3.3072385787963867,0.8757078647613525
1769714412.5104084,19.124286651611328,2.555438280105591,18.635940551757812,3.293153762817383,0.8847064971923828
1769714412.5304966,19.18833351135254,2.521266460418701,18.712827682495117,3.263455629348755,0.8814483284950256
1769714412.5505729,19.266326904296875,2.4789674282073975,18.80316162109375,3.2329108715057373,0.8848460912704468
1769714412.570393,19.308734893798828,2.45564866065979,18.84770965576172,3.2157251834869385,0.8889658451080322
1769714412.5907137,19.351045608520508,2.432156562805176,18.904958724975586,3.1896426677703857,0.8790785074234009
1769714412.6104312,19.421350479125977,2.3926186561584473,18.980815887451172,3.171889543533325,0.8951730728149414
1769714412.6303113,19.456401824951172,2.3726696968078613,19.025672912597656,3.148137092590332,0.8870611190795898
1769714412.6505647,19.519323348999023,2.336461067199707,19.093664169311523,3.128850221633911,0.8994805216789246
1769714412.6709318,19.588972091674805,2.2957763671875,19.15456771850586,3.1240012645721436,0.9352346658706665
1769714412.6904519,19.63755989074707,2.267014741897583,19.21428108215332,3.105048179626465,0.9388641715049744
1769714412.7105885,19.665264129638672,2.2504751682281494,19.230688095092773,3.0937108993530273,0.9486323595046997
1769714412.7305322,19.70673370361328,2.2255241870880127,19.274581909179688,3.074082374572754,0.9522643089294434
1769714412.7503016,19.78249740600586,2.179340362548828,19.3550968170166,3.0511937141418457,0.9709776639938354
1769714412.7703857,19.84422492980957,2.1411311626434326,19.42189598083496,3.0309152603149414,0.9849254488945007
1769714412.7903636,19.905717849731445,2.102543354034424,19.481420516967773,2.992365837097168,0.9858056902885437
1769714412.810471,19.96017837524414,2.067927360534668,19.53985023498535,2.9700372219085693,0.9952274560928345
1769714412.8303514,20.007675170898438,2.037395715713501,19.584354400634766,2.9389700889587402,0.9960106015205383
1769714412.850438,20.03474998474121,2.0198473930358887,19.611074447631836,2.914428472518921,0.9898368716239929
1769714412.8704453,20.075273513793945,1.9933871030807495,19.650043487548828,2.890698194503784,0.9929694533348083
1769714412.8905637,20.082015991210938,1.9889609813690186,19.65283203125,2.8650944232940674,0.9756067395210266
1769714412.9103038,20.15599250793457,1.9399707317352295,19.732622146606445,2.8471782207489014,1.001133680343628
1769714412.9303627,20.2028751373291,1.9085071086883545,19.778736114501953,2.8168039321899414,1.0024452209472656
1769714412.9510436,20.296186447143555,1.844910740852356,19.88246726989746,2.7914018630981445,1.0329614877700806
1769714412.9703388,20.316102981567383,1.8311673402786255,19.900177001953125,2.7652816772460938,1.0225275754928589
1769714412.9904425,20.388885498046875,1.7804272174835205,20.001855850219727,2.7277073860168457,1.023294448852539
1769714413.010405,20.41525650024414,1.761841058731079,20.027727127075195,2.699777603149414,1.0148415565490723
1769714413.0306575,20.46128273010254,1.729142665863037,20.090898513793945,2.666559934616089,1.0079365968704224
1769714413.050406,20.507152557373047,1.6962250471115112,20.140308380126953,2.6380679607391357,1.0107636451721191
1769714413.0705428,20.578914642333984,1.644055962562561,20.23294448852539,2.612715244293213,1.0285893678665161
1769714413.0903249,20.617891311645508,1.6153736114501953,20.274795532226562,2.5838074684143066,1.027413249015808
1769714413.1104379,20.689041137695312,1.5623760223388672,20.367616653442383,2.532304048538208,1.021799087524414
1769714413.1305714,20.74053382873535,1.5234978199005127,20.438648223876953,2.4705309867858887,0.9939855933189392
1769714413.1504288,20.798208236694336,1.4794244766235352,20.495580673217773,2.437269687652588,1.004515290260315
1769714413.170507,20.83013153076172,1.4547865390777588,20.537235260009766,2.382246971130371,0.9726108312606812
1769714413.1905184,20.861970901489258,1.4300397634506226,20.570104598999023,2.3461382389068604,0.9614689350128174
1769714413.2104332,20.9190673828125,1.385222315788269,20.647607803344727,2.3194875717163086,0.9729039669036865
1769714413.2306263,20.950668334960938,1.3601723909378052,20.680538177490234,2.2832565307617188,0.9617975354194641
1769714413.2504463,21.013608932495117,1.309749722480774,20.762619018554688,2.2556538581848145,0.9786373972892761
1769714413.2705805,21.06371307373047,1.2691028118133545,20.819353103637695,2.2195334434509277,0.9813413619995117
1769714413.290408,21.11359405517578,1.2281827926635742,20.877416610717773,2.174351692199707,0.9751998782157898
1769714413.3103766,21.187990188598633,1.1662931442260742,20.973201751708984,2.1371612548828125,0.9943435192108154
1769714413.330317,21.243452072143555,1.1194766759872437,21.031002044677734,2.082202434539795,0.9858884215354919
1769714413.350366,21.274139404296875,1.093320369720459,21.062685012817383,2.0423319339752197,0.9722839593887329
1769714413.3703122,21.32914924621582,1.0459753274917603,21.143705368041992,1.9797769784927368,0.9520373344421387
1769714413.3906674,21.347421646118164,1.030118465423584,21.159412384033203,1.9379173517227173,0.9270632266998291
1769714413.4103463,21.383865356445312,0.9982921481132507,21.211088180541992,1.8933840990066528,0.9116149544715881
1769714413.4305086,21.42017936706543,0.9663160443305969,21.250261306762695,1.8503096103668213,0.900175929069519
1769714413.4504094,21.44431495666504,0.9449156522750854,21.283403396606445,1.8159339427947998,0.8857569694519043
1769714413.4704602,21.49241065979004,0.9019164443016052,21.338510513305664,1.7727363109588623,0.8843146562576294
1769714413.4904716,21.546234130859375,0.8532273769378662,21.41117286682129,1.7380821704864502,0.8951030969619751
1769714413.5103998,21.587888717651367,0.815128743648529,21.458478927612305,1.6949750185012817,0.8893123865127563
1769714413.5304527,21.65886878967285,0.7493525147438049,21.56575584411621,1.6580005884170532,0.9134065508842468
1769714413.550362,21.694154739379883,0.7162455320358276,21.605518341064453,1.6151567697525024,0.9032706022262573
1769714413.5704393,21.740991592407227,0.6718772649765015,21.659666061401367,1.5507906675338745,0.8826677799224854
1769714413.5903358,21.770139694213867,0.6440166234970093,21.702299118041992,1.4629120826721191,0.8217006921768188
1769714413.6103218,21.833927154541016,0.5823718309402466,21.780120849609375,1.4138412475585938,0.833208441734314
1769714413.630594,21.8685245513916,0.5485446453094482,21.820600509643555,1.3350911140441895,0.788004994392395
1769714413.650571,21.925874710083008,0.49184995889663696,21.889266967773438,1.2833523750305176,0.7923485040664673
1769714413.6704297,21.943002700805664,0.47476479411125183,21.901792526245117,1.233094334602356,0.7594484686851501
1769714413.690392,21.971471786499023,0.44621115922927856,21.95893669128418,1.218197226524353,0.772087812423706
1769714413.7103918,21.99984359741211,0.41755983233451843,22.014179229736328,1.143892765045166,0.726474404335022
1769714413.7310102,22.022470474243164,0.39456862211227417,22.036121368408203,1.0929471254348755,0.6985119581222534
1769714413.7507863,22.056291580200195,0.35996535420417786,22.084760665893555,1.0546048879623413,0.6952227354049683
