timestamp,true_x,true_y,pred_x,pred_y,dist_error
1769716221.8993928,2.000028133392334,-6.502496242523193,1.053044319152832,-6.654753684997559,0.9591458439826965
1769716221.9193454,2.0000641345977783,-6.500959873199463,1.053154468536377,-6.65471076965332,0.9593110084533691
1769716221.9398668,2.0001220703125,-6.497028827667236,1.1321618556976318,-6.635460376739502,0.8789300322532654
1769716221.9592025,2.0001466274261475,-6.495976448059082,1.132185459136963,-6.6354498863220215,0.8790957927703857
1769716221.9795601,2.000305652618408,-6.490885257720947,1.4107065200805664,-6.661428928375244,0.6137689352035522
1769716221.9997709,2.000668525695801,-6.48255729675293,1.4108046293258667,-6.661379814147949,0.6163739562034607
1769716222.0192885,2.000873565673828,-6.478621959686279,1.5606266260147095,-6.642434597015381,0.4697362184524536
1769716222.0394201,2.0016398429870605,-6.4660420417785645,1.5607141256332397,-6.642383098602295,0.474880576133728
1769716222.0594478,2.002617835998535,-6.452389240264893,2.0312163829803467,-6.627529621124268,0.17745999991893768
1769716222.0794685,2.0036096572875977,-6.4399566650390625,2.031268358230591,-6.6274943351745605,0.18956604599952698
1769716222.0994043,2.0036096572875977,-6.4399566650390625,2.100043535232544,-6.6057610511779785,0.19180841743946075
1769716222.1194823,2.005824089050293,-6.414977550506592,2.100137710571289,-6.605701446533203,0.21276913583278656
1769716222.1394858,2.006192445755005,-6.411073684692383,2.1001527309417725,-6.6056928634643555,0.21611391007900238
1769716222.1594632,2.0086863040924072,-6.385887622833252,2.3504247665405273,-6.586536884307861,0.3962894678115845
1769716222.1797166,2.009150505065918,-6.38139533996582,2.2576792240142822,-6.5632829666137695,0.307976633310318
1769716222.1995192,2.0125200748443604,-6.350133895874023,2.257855176925659,-6.563232421875,0.3249620795249939
1769716222.2197354,2.013094186782837,-6.345006465911865,2.257889747619629,-6.563224792480469,0.32793930172920227
1769716222.239469,2.016861915588379,-6.312450408935547,2.258150815963745,-6.5631794929504395,0.34797316789627075
1769716222.259472,2.0172016620635986,-6.309598445892334,2.2581772804260254,-6.563175678253174,0.34981533885002136
1769716222.2795546,2.022789478302002,-6.264238357543945,2.375369071960449,-6.53681755065918,0.445658802986145
1769716222.2993913,2.022789478302002,-6.264238357543945,2.396399736404419,-6.538651943206787,0.4635595381259918
1769716222.3194358,2.0284183025360107,-6.220990180969238,2.397066354751587,-6.538605213165283,0.4866012632846832
1769716222.3393848,2.0298261642456055,-6.210487365722656,2.54470157623291,-6.494169235229492,0.587853729724884
1769716222.3592231,2.036965847015381,-6.158872127532959,2.545799493789673,-6.494119644165039,0.6093460917472839
1769716222.3797755,2.0391838550567627,-6.143334865570068,2.548278331756592,-6.449877738952637,0.594260573387146
1769716222.3994613,2.047605037689209,-6.086174011230469,2.5499329566955566,-6.4498291015625,0.6201439499855042
1769716222.4192958,2.0495474338531494,-6.073360919952393,2.375567674636841,-6.407118320465088,0.4665656089782715
1769716222.4395633,2.057826280593872,-6.020108699798584,2.377532720565796,-6.407077312469482,0.501953125
1769716222.4597988,2.0615243911743164,-5.996973514556885,2.4820609092712402,-6.362023830413818,0.556877613067627
1769716222.479338,2.0677573680877686,-5.958795547485352,2.4837920665740967,-6.361997127532959,0.5793583393096924
1769716222.4994855,2.0718564987182617,-5.934206962585449,2.497255563735962,-6.317148208618164,0.572370707988739
1769716222.519771,2.076988458633423,-5.903960704803467,2.4988527297973633,-6.3171281814575195,0.5904884934425354
1769716222.5394013,2.0805418491363525,-5.883347511291504,2.7660770416259766,-6.213552951812744,0.7609164118766785
1769716222.559976,2.0879735946655273,-5.8410420417785645,2.768622875213623,-6.213527202606201,0.7759050130844116
1769716222.5800543,2.094841241836548,-5.802842140197754,2.7711236476898193,-6.213504791259766,0.7912027835845947
1769716222.5995553,2.1085352897644043,-5.7289652824401855,3.3259944915771484,-6.200719356536865,1.3056639432907104
1769716222.6195264,2.1085352897644043,-5.7289652824401855,3.3259944915771484,-6.200719356536865,1.3056639432907104
1769716222.6393404,2.1234512329101562,-5.651276111602783,2.5149784088134766,-6.180886268615723,0.6586200594902039
1769716222.6592798,2.1246495246887207,-5.645143032073975,2.155291795730591,-6.136086940765381,0.4918995201587677
1769716222.6795683,2.1409144401550293,-5.5633697509765625,2.1630330085754395,-6.136053562164307,0.573110818862915
1769716222.7002566,2.1435329914093018,-5.550454616546631,2.1643388271331787,-6.136048793792725,0.585964024066925
1769716222.7194138,2.161334753036499,-5.464336395263672,2.3105642795562744,-6.058890342712402,0.6129959225654602
1769716222.7402592,2.1641929149627686,-5.450754642486572,1.9695560932159424,-5.960353851318359,0.5455041527748108
1769716222.7592592,2.183526039123535,-5.360331058502197,1.9805636405944824,-5.960333824157715,0.6334012150764465
1769716222.7794836,2.192897081375122,-5.317354202270508,1.986185908317566,-5.9603271484375,0.6753841638565063
1769716222.799374,2.2125236988067627,-5.2290754318237305,2.2200987339019775,-5.8716206550598145,0.6425899267196655
1769716222.8196857,2.215911388397217,-5.214062690734863,2.118056058883667,-5.8047685623168945,0.5987560749053955
1769716222.839501,2.2369489669799805,-5.122265815734863,2.132195472717285,-5.8047709465026855,0.690497100353241
1769716222.8593748,2.242403984069824,-5.098947525024414,2.1297342777252197,-5.7309088706970215,0.6419264078140259
1769716222.8794327,2.2611255645751953,-5.0208258628845215,2.143124580383301,-5.730920791625977,0.719832718372345
1769716222.8995426,2.263038158416748,-5.012999057769775,2.1445295810699463,-5.730922222137451,0.727638840675354
1769716222.9193494,2.2864797115325928,-4.919058322906494,2.193046808242798,-5.601468086242676,0.6887762546539307
1769716222.9394732,2.302598237991333,-4.856501579284668,2.205939769744873,-5.601491928100586,0.7512344717979431
1769716222.9599133,2.3232979774475098,-4.7784342765808105,2.0902576446533203,-5.530367374420166,0.787217378616333
1769716222.9792392,2.3467462062835693,-4.692720413208008,2.1108484268188477,-5.530419826507568,0.8702803254127502
1769716222.9993036,2.362027168273926,-4.638261318206787,2.086909294128418,-5.393371105194092,0.8036666512489319
1769716223.0196598,2.3798294067382812,-4.576106071472168,2.1037402153015137,-5.393421649932861,0.8626875281333923
1769716223.040262,2.3798294067382812,-4.576106071472168,2.1037402153015137,-5.393421649932861,0.8626875281333923
1769716223.0597239,2.4025862216949463,-4.498540878295898,2.1260874271392822,-5.393492698669434,0.9366912841796875
1769716223.0794435,2.4072046279907227,-4.48304557800293,2.1307339668273926,-5.393508434295654,0.9515134692192078
1769716223.0997922,2.437767744064331,-4.382476806640625,2.6250193119049072,-5.318795204162598,0.9548587799072266
1769716223.119332,2.447359800338745,-4.351585388183594,2.9056358337402344,-5.279233932495117,1.0346732139587402
1769716223.139569,2.48410964012146,-4.235970973968506,2.946322202682495,-5.27937650680542,1.141198992729187
1769716223.1600747,2.4891018867492676,-4.220583438873291,2.7461202144622803,-5.190227508544922,1.003129005432129
1769716223.1793044,2.527228593826294,-4.1053900718688965,2.7908201217651367,-5.190380096435547,1.116550087928772
1769716223.1995802,2.527228593826294,-4.1053900718688965,2.9386329650878906,-5.052546977996826,1.032646894454956
1769716223.2199433,2.561239242553711,-4.005867958068848,2.980283737182617,-5.052680492401123,1.1275700330734253
1769716223.2395456,2.5692138671875,-3.9829437732696533,3.4147353172302246,-4.863916873931885,1.2210735082626343
1769716223.2594311,2.6043128967285156,-3.8837921619415283,3.4597504138946533,-4.864042282104492,1.3010239601135254
1769716223.2793732,2.609790563583374,-3.868565559387207,3.3083600997924805,-4.762906551361084,1.134832739830017
1769716223.2992277,2.631906509399414,-3.8077330589294434,3.3376901149749756,-4.762974739074707,1.1876941919326782
1769716223.3195894,2.637486696243286,-3.792543649673462,3.2571232318878174,-4.667807102203369,1.0723973512649536
1769716223.339565,2.6742546558380127,-3.693998336791992,3.3074400424957275,-4.66789436340332,1.1616358757019043
1769716223.3598025,2.682861089706421,-3.6713032722473145,3.22340989112854,-4.559749126434326,1.0399658679962158
1769716223.3792517,2.72067928314209,-3.573162794113159,3.2771239280700684,-4.559791564941406,1.1327253580093384
1769716223.3993535,2.7265725135803223,-3.5580942630767822,3.520336389541626,-4.420259952545166,1.1719176769256592
1769716223.4193997,2.7683825492858887,-3.452840566635132,3.581709384918213,-4.420238494873047,1.263866662979126
1769716223.4395223,2.7714061737060547,-3.4453377723693848,3.586214303970337,-4.420234203338623,1.2705647945404053
1769716223.4597309,2.811161756515503,-3.347992181777954,3.6462435722351074,-4.420136451721191,1.3589906692504883
1769716223.4794524,2.8297903537750244,-3.3031837940216064,3.6748619079589844,-4.420063018798828,1.4005590677261353
1769716223.4994018,2.8612289428710938,-3.22867488861084,4.186207294464111,-4.099875450134277,1.5857356786727905
1769716223.5193472,2.8963735103607178,-3.146967649459839,4.241892337799072,-4.099614143371582,1.6486225128173828
1769716223.5395994,2.922301769256592,-3.0877130031585693,4.758731842041016,-3.8461241722106934,1.9868724346160889
1769716223.5594716,2.941950798034668,-3.0433669090270996,4.790643215179443,-3.8459043502807617,2.015373468399048
1769716223.5794864,2.96177339553833,-2.9991025924682617,4.688898086547852,-3.772709846496582,1.8924661874771118
1769716223.5996027,2.9918322563171387,-2.9328620433807373,4.738615989685059,-3.7722666263580322,1.9380027055740356
1769716223.6192646,3.0154800415039062,-2.88147234916687,4.778125762939453,-3.7718632221221924,1.974769949913025
1769716223.6395812,3.0359368324279785,-2.8375160694122314,5.025312423706055,-3.5028436183929443,2.0976834297180176
1769716223.6593063,3.0496702194213867,-2.8082594871520996,5.3033952713012695,-3.395937442779541,2.3290860652923584
1769716223.6793423,3.0634803771972656,-2.7790415287017822,5.32688570022583,-3.3956336975097656,2.3458876609802246
1769716223.6994452,3.087831735610962,-2.7280032634735107,5.067245960235596,-3.353339910507202,2.075843334197998
1769716223.7199514,3.123025417327881,-2.655299425125122,5.127984046936035,-3.352388381958008,2.122685194015503
1769716223.7397015,3.147944688796997,-2.6045539379119873,5.1713409423828125,-3.3516323566436768,2.156909704208374
1769716223.7596493,3.1767094135284424,-2.5467097759246826,5.424069404602051,-3.095344305038452,2.3133583068847656
1769716223.7797384,3.2094335556030273,-2.4818291664123535,5.358283519744873,-2.969818115234375,2.2035627365112305
1769716223.799638,3.238845109939575,-2.4243321418762207,5.410518646240234,-2.968613624572754,2.2388410568237305
1769716223.819446,3.2797820568084717,-2.345545530319214,5.490182399749756,-2.8173329830169678,2.260188579559326
1769716223.8394535,3.298579454421997,-2.3098387718200684,5.523980140686035,-2.816403388977051,2.2823266983032227
1769716223.8593826,3.34417724609375,-2.2244138717651367,5.61334753036499,-2.813725709915161,2.34444522857666
1769716223.8794377,3.363377571105957,-2.188934564590454,5.64127254486084,-2.8128223419189453,2.361787796020508
1769716223.8995163,3.367231845855713,-2.1818466186523438,4.849660396575928,-2.6480278968811035,1.5540008544921875
1769716223.919287,3.4021334648132324,-2.1181797981262207,4.90629768371582,-2.6460626125335693,1.5941050052642822
1769716223.93945,3.4177682399749756,-2.0899546146392822,4.960574626922607,-2.529301166534424,1.6041438579559326
1769716223.9596345,3.461153984069824,-2.012563943862915,5.040234565734863,-2.526207208633423,1.6605194807052612
1769716223.9800556,3.4930663108825684,-1.956492304801941,4.8945465087890625,-2.502805233001709,1.5041956901550293
1769716223.999825,3.53743839263916,-1.8796892166137695,4.976622104644775,-2.4991087913513184,1.5668216943740845
1769716224.0194895,3.570066213607788,-1.8240498304367065,5.067191123962402,-2.2968690395355225,1.5700130462646484
1769716224.0396318,3.602994680404663,-1.7685952186584473,5.136134147644043,-2.2933309078216553,1.620451807975769
1769716224.059456,3.61542010307312,-1.7478476762771606,4.867827892303467,-2.2296714782714844,1.3418937921524048
1769716224.0793903,3.6320528984069824,-1.7202253341674805,4.9237895011901855,-2.246814250946045,1.3949477672576904
1769716224.0992785,3.6739628314971924,-1.6513750553131104,5.0020341873168945,-2.2423489093780518,1.4536243677139282
1769716224.1197827,3.6950931549072266,-1.6170610189437866,5.041543006896973,-2.2399795055389404,1.483561635017395
1769716224.1393275,3.703577995300293,-1.603356122970581,4.923835754394531,-2.0458481311798096,1.2980093955993652
1769716224.1594048,3.7248716354370117,-1.5691463947296143,5.117967128753662,-1.8849924802780151,1.4284515380859375
1769716224.179401,3.772127866744995,-1.4941493272781372,5.206533908843994,-1.8791435956954956,1.4851739406585693
1769716224.2002046,3.8112101554870605,-1.433060646057129,5.279867172241211,-1.8739904165267944,1.5334182977676392
1769716224.2198129,3.841867446899414,-1.3857182264328003,5.13771390914917,-1.7634527683258057,1.349778175354004
1769716224.239754,3.859487771987915,-1.358733057975769,5.170811176300049,-1.7609295845031738,1.3716163635253906
1769716224.2599056,3.9127917289733887,-1.2780742645263672,5.288137912750244,-1.6481356620788574,1.424262285232544
1769716224.2797356,3.9262213706970215,-1.2579795122146606,5.313377857208252,-1.6460294723510742,1.4404118061065674
1769716224.2994552,3.9577181339263916,-1.2112014293670654,5.284581184387207,-1.567572832107544,1.373887300491333
1769716224.319458,3.9939894676208496,-1.1579294204711914,5.344256401062012,-1.562214970588684,1.409492015838623
1769716224.3401468,4.039740085601807,-1.09162437915802,5.284383773803711,-1.4136091470718384,1.2856171131134033
1769716224.35943,4.072037220001221,-1.0454005002975464,5.360641002655029,-1.2688937187194824,1.3078415393829346
1769716224.3793147,4.104556083679199,-0.9993337988853455,5.421680450439453,-1.2626590728759766,1.3431888818740845
1769716224.3993893,4.141992568969727,-0.9468797445297241,5.598677158355713,-1.0216114521026611,1.458600401878357
1769716224.4193082,4.165537357330322,-0.9142013788223267,5.642812252044678,-1.0167665481567383,1.4808313846588135
1769716224.4395568,4.193939208984375,-0.8750948905944824,5.611187934875488,-0.9250494837760925,1.4181290864944458
1769716224.4595134,4.241634845733643,-0.8101794123649597,5.70044469833374,-0.9145666360855103,1.4625399112701416
1769716224.4793644,4.246428966522217,-0.8037059903144836,5.709736347198486,-0.8450026512145996,1.4638901948928833
1769716224.4992368,4.318875789642334,-0.7070015072822571,5.836062431335449,-0.8291199803352356,1.5220932960510254
1769716224.519633,4.362823009490967,-0.6493386030197144,5.819320201873779,-0.6744805574417114,1.456714153289795
1769716224.539735,4.412072658538818,-0.5855877995491028,5.9109320640563965,-0.6617687940597534,1.5007942914962769
1769716224.5593593,4.4567718505859375,-0.5285012125968933,5.854831218719482,-0.553655743598938,1.3982852697372437
1769716224.5800984,4.4867682456970215,-0.49059659242630005,5.910422325134277,-0.5453235507011414,1.4247056245803833
1769716224.5993116,4.506852626800537,-0.4653951823711395,5.825771331787109,-0.4303900897502899,1.3193830251693726
1769716224.6201568,4.542167663574219,-0.42142483592033386,5.891053676605225,-0.42013975977897644,1.3488863706588745
1769716224.6395435,4.5675225257873535,-0.39012080430984497,5.937851905822754,-0.4125969409942627,1.3705135583877563
1769716224.6597166,4.598090648651123,-0.3526701033115387,5.874514579772949,-0.5342583656311035,1.289276123046875
1769716224.679389,4.644232273101807,-0.2967287302017212,5.9499711990356445,-0.5213708281517029,1.3249220848083496
1769716224.6992571,4.685537815093994,-0.24724076688289642,5.948690891265869,-0.3663072884082794,1.2687524557113647
1769716224.7196662,4.737552642822266,-0.18569745123386383,6.04386043548584,-0.3488563895225525,1.3164581060409546
1769716224.7393856,4.774214267730713,-0.14282774925231934,6.110758304595947,-0.33615657687187195,1.3504537343978882
1769716224.7593565,4.816366195678711,-0.09404749423265457,6.051506996154785,-0.1988886147737503,1.2395823001861572
1769716224.7793179,4.853468894958496,-0.05155274644494057,6.106438636779785,-0.11069086939096451,1.2543646097183228
1769716224.7993448,4.906826972961426,0.008847827091813087,6.203012466430664,-0.09056137502193451,1.2999916076660156
1769716224.8194876,4.944424629211426,0.050912607461214066,6.255335807800293,0.18931442499160767,1.3181968927383423
1769716224.8395045,4.97681188583374,0.08682599663734436,6.313622951507568,0.2021864503622055,1.3417792320251465
1769716224.8593447,5.009347438812256,0.12260756641626358,6.257439136505127,0.21171598136425018,1.2512686252593994
1769716224.8793068,5.0365729331970215,0.15232440829277039,6.306211471557617,0.22296462953090668,1.2716023921966553
1769716224.899626,5.069377899169922,0.18786275386810303,6.380256175994873,0.4587153494358063,1.3385676145553589
1769716224.9195573,5.118859767913818,0.24091975390911102,6.468417167663574,0.48005279898643494,1.3705796003341675
1769716224.9392822,5.174224376678467,0.2995172142982483,6.457677364349365,0.5783240795135498,1.3133866786956787
1769716224.9594114,5.218806266784668,0.3461246192455292,6.536452293395996,0.5987127423286438,1.3416380882263184
1769716224.9793997,5.252410888671875,0.38092145323753357,6.59563684463501,0.6144171953201294,1.3633694648742676
1769716224.9994512,5.291798114776611,0.4213448762893677,6.546905994415283,0.8218960762023926,1.3174734115600586
1769716225.0193388,5.314393043518066,0.44436004757881165,6.58646821975708,0.8328453898429871,1.330073595046997
1769716225.039277,5.37685489654541,0.5073351860046387,6.695423603057861,0.8637939691543579,1.3659014701843262
1769716225.059624,5.388262748718262,0.5187350511550903,6.596412658691406,1.070778489112854,1.3282986879348755
1769716225.0795965,5.451287269592285,0.5811574459075928,6.705610275268555,1.1032007932662964,1.3586223125457764
1769716225.09953,5.491640090942383,0.6206352114677429,6.716190338134766,1.1606247425079346,1.3383241891860962
1769716225.119307,5.54961633682251,0.6766985058784485,6.815688610076904,1.1919423341751099,1.366899847984314
1769716225.139468,5.561258316040039,0.687863826751709,6.8059892654418945,1.3393889665603638,1.4049341678619385
1769716225.1596785,5.619697093963623,0.7434526681900024,6.905599117279053,1.3719940185546875,1.4312959909439087
1769716225.1796787,5.660831928253174,0.7821277976036072,6.920969486236572,1.487016201019287,1.443888545036316
1769716225.199783,5.713993549346924,0.83156418800354,7.010703086853027,1.5179773569107056,1.467180609703064
1769716225.2194679,5.779384613037109,0.8915424346923828,7.054255485534668,1.6640098094940186,1.4906381368637085
1769716225.239475,5.8272271156311035,0.9348540902137756,7.134038925170898,1.6932576894760132,1.510938048362732
1769716225.2593694,5.8813347816467285,0.9832665324211121,7.118010997772217,1.9257467985153198,1.5548754930496216
1769716225.2797136,5.899437427520752,0.9993299245834351,7.147917747497559,1.937203049659729,1.5615086555480957
1769716225.299506,5.935742378234863,1.031345248222351,7.134584903717041,2.06081485748291,1.5801995992660522
1769716225.320389,5.990447998046875,1.0790882110595703,7.18349027633667,2.1163861751556396,1.5809292793273926
1769716225.3393638,6.020967960357666,1.1054661273956299,7.233271598815918,2.1365580558776855,1.5914868116378784
1769716225.3594675,6.069989204406738,1.1474529504776,7.247548580169678,2.222428560256958,1.5944339036941528
1769716225.3803174,6.137770175933838,1.2047443389892578,7.356881618499756,2.2688229084014893,1.6181765794754028
1769716225.399866,6.174924850463867,1.2357779741287231,7.416451930999756,2.294715642929077,1.631790041923523
1769716225.4194388,6.224664211273193,1.2769173383712769,7.495798110961914,2.329885482788086,1.6506129503250122
1769716225.4395123,6.255866050720215,1.302490234375,7.2699971199035645,2.445728302001953,1.5282195806503296
1769716225.4592774,6.312252044677734,1.3482502698898315,7.325232028961182,2.484428882598877,1.522179365158081
1769716225.479406,6.356304168701172,1.3835992813110352,7.328775882720947,2.582625150680542,1.5438151359558105
1769716225.4995315,6.413192272186279,1.4287348985671997,7.417567253112793,2.6252646446228027,1.5621947050094604
1769716225.5195677,6.463994979858398,1.4685583114624023,7.427023410797119,2.670034885406494,1.5397955179214478
1769716225.539849,6.527806282043457,1.5179418325424194,7.525299549102783,2.7194416522979736,1.5615999698638916
1769716225.5592964,6.579100131988525,1.5571303367614746,7.476163387298584,2.8236947059631348,1.5520657300949097
1769716225.5794063,6.63060998916626,1.596034288406372,7.554450035095215,2.8647987842559814,1.5694721937179565
1769716225.599744,6.695298671722412,1.6442621946334839,7.497089862823486,2.9411745071411133,1.5247461795806885
1769716225.6193738,6.747288703918457,1.6825212240219116,7.574980735778809,2.9839494228363037,1.542332410812378
1769716225.639332,6.78641939163208,1.7110258340835571,7.5866780281066895,3.042685031890869,1.5536181926727295
1769716225.65942,6.819118499755859,1.7346551418304443,7.635172367095947,3.0701420307159424,1.5650780200958252
1769716225.6794078,6.871606349945068,1.7722257375717163,7.554844856262207,2.9981937408447266,1.4035001993179321
1769716225.699285,6.917703151702881,1.8048603534698486,7.622422695159912,3.0377614498138428,1.420096755027771
1769716225.7192962,6.970577716827393,1.8418822288513184,7.630414962768555,3.1554272174835205,1.469961166381836
1769716225.739362,6.990458011627197,1.8556896448135376,7.659243106842041,3.1728310585021973,1.4772050380706787
1769716225.7593796,7.056931972503662,1.9014153480529785,7.68454647064209,3.2746188640594482,1.509830355644226
1769716225.7794514,7.117026329040527,1.9421733617782593,7.770501613616943,3.328463554382324,1.5325894355773926
1769716225.799387,7.150521278381348,1.9646542072296143,7.626434326171875,3.223207473754883,1.3455294370651245
1769716225.8194227,7.211006164550781,2.004826307296753,7.634195327758789,3.2947936058044434,1.3576101064682007
1769716225.8394663,7.285266876220703,2.053410291671753,7.738194465637207,3.363553762435913,1.3862249851226807
1769716225.8592758,7.353091239929199,2.097083568572998,7.740113258361816,3.5108938217163086,1.4658257961273193
1769716225.8794544,7.407564640045166,2.1316819190979004,7.81506872177124,3.562608480453491,1.4878208637237549
1769716225.899469,7.434871673583984,2.148867130279541,7.699888706207275,3.506336212158203,1.383096694946289
1769716225.9196963,7.462225437164307,2.1659762859344482,7.737182140350342,3.5326240062713623,1.3940328359603882
1769716225.9394372,7.510206699371338,2.1957342624664307,7.657217979431152,3.3607797622680664,1.1742842197418213
1769716225.9592533,7.544565200805664,2.2168467044830322,7.703560829162598,3.394249677658081,1.1880897283554077
1769716225.979453,7.578995704650879,2.237839937210083,7.71364164352417,3.5447983741760254,1.3138759136199951
1769716225.9992747,7.661918640136719,2.287734031677246,7.824059963226318,3.6268129348754883,1.3488597869873047
1769716226.0194335,7.696589946746826,2.308318614959717,7.79864501953125,3.666867256164551,1.3623764514923096
1769716226.0394714,7.738287925720215,2.3328609466552734,7.853421211242676,3.7087316513061523,1.3806796073913574
1769716226.059403,7.780086040496826,2.357229232788086,7.763951778411865,3.6128904819488525,1.2557649612426758
1769716226.0792634,7.835970878601074,2.389448404312134,7.836429595947266,3.669746160507202,1.2802979946136475
1769716226.0994635,7.899051189422607,2.4253227710723877,7.917546272277832,3.734457015991211,1.309264898300171
1769716226.119544,7.920126438140869,2.437192916870117,7.790282726287842,3.7156665325164795,1.2850501537322998
1769716226.139666,7.976446151733398,2.4686319828033447,7.789847373962402,3.688178062438965,1.2337390184402466
1769716226.1596646,8.025866508483887,2.4958837032318115,7.8521833419799805,3.739776134490967,1.2559595108032227
1769716226.1797755,8.11088752746582,2.5420403480529785,7.958377838134766,3.829284906387329,1.2962476015090942
1769716226.19943,8.167778015136719,2.5724167823791504,7.905328273773193,3.828888416290283,1.2835891246795654
1769716226.219321,8.246271133422852,2.613666296005249,7.921116828918457,3.8575100898742676,1.285641074180603
1769716226.2392852,8.303550720214844,2.643287181854248,7.990510940551758,3.9192440509796143,1.313795804977417
1769716226.2593963,8.360991477966309,2.672588348388672,7.942471027374268,3.873244047164917,1.2715080976486206
1769716226.279771,8.39697265625,2.6907389163970947,7.887915134429932,3.9026575088500977,1.3144906759262085
1769716226.2995892,8.433015823364258,2.708763837814331,7.930675983428955,3.9420602321624756,1.3316776752471924
1769716226.3193874,8.469120979309082,2.726663112640381,7.985403060913086,3.9674360752105713,1.331728458404541
1769716226.3392415,8.498048782348633,2.740891933441162,8.019369125366211,3.9992663860321045,1.3463432788848877
1769716226.3595092,8.512527465820312,2.747976064682007,8.036314010620117,4.01522970199585,1.353776216506958
1769716226.3793747,8.563278198242188,2.7726118564605713,8.018866539001465,4.089921474456787,1.4253733158111572
1769716226.3998828,8.628703117370605,2.803922414779663,7.919592380523682,3.8920035362243652,1.2987524271011353
1769716226.4193392,8.657842636108398,2.81770658493042,7.952989101409912,3.9245193004608154,1.3121936321258545
1769716226.4397867,8.71623420715332,2.845031261444092,8.02991771697998,3.9311769008636475,1.2848119735717773
1769716226.459892,8.767449378967285,2.86867356300354,8.087742805480957,3.988780975341797,1.3102068901062012
1769716226.480266,8.789433479309082,2.8787295818328857,8.048416137695312,3.901578903198242,1.2630624771118164
1769716226.4995255,8.862862586975098,2.9119179248809814,8.130263328552246,3.984694242477417,1.2990574836730957
1769716226.519279,8.899662017822266,2.9283204078674316,8.033210754394531,3.924013137817383,1.3199021816253662
1769716226.539474,8.973429679870605,2.9607410430908203,8.114063262939453,4.0081634521484375,1.3548446893692017
1769716226.5592346,9.025198936462402,2.9831299781799316,8.170265197753906,4.067465782165527,1.3808315992355347
1769716226.5793967,9.069658279418945,3.002120018005371,8.132606506347656,4.007741928100586,1.374532699584961
1769716226.5994618,9.121624946594238,3.024040460586548,8.126616477966309,3.958238363265991,1.3648326396942139
1769716226.619503,9.173697471618652,3.045707941055298,8.181886672973633,4.018435001373291,1.389203667640686
1769716226.6393545,9.240800857543945,3.0731937885284424,8.168399810791016,3.930356025695801,1.372869849205017
1769716226.6597543,9.278153419494629,3.0882821083068848,8.215156555175781,3.9825150966644287,1.3891056776046753
1769716226.6793332,9.368010520935059,3.123964548110962,8.29057502746582,4.0083231925964355,1.393899917602539
1769716226.699431,9.383015632629395,3.1298389434814453,8.305962562561035,4.025882244110107,1.401048183441162
1769716226.7192373,9.473213195800781,3.1646461486816406,8.282422065734863,3.9979963302612305,1.453428864479065
1769716226.7393126,9.510880470275879,3.178927421569824,8.320383071899414,4.042319297790527,1.4706218242645264
1769716226.7593565,9.586360931396484,3.207096815109253,8.345551490783691,4.06569766998291,1.5089079141616821
1769716226.7794993,9.639312744140625,3.226503610610962,8.397972106933594,4.128330707550049,1.534346580505371
1769716226.7996302,9.692358016967773,3.245652914047241,8.436120986938477,4.054748058319092,1.4942445755004883
1769716226.819656,9.745494842529297,3.2645442485809326,8.487914085388184,4.117862224578857,1.5197572708129883
1769716226.8394773,9.7835054397583,3.2778799533843994,8.433789253234863,3.982994794845581,1.5228010416030884
1769716226.8600109,9.821562767028809,3.291083574295044,8.470436096191406,4.028332710266113,1.5391814708709717
1769716226.8795614,9.905447006225586,3.319666624069214,8.506848335266113,4.014398574829102,1.5616439580917358
1769716226.8993754,9.96658992767334,3.3400516510009766,8.56460952758789,4.087550640106201,1.5888060331344604
1769716226.9194539,10.03550910949707,3.362578868865967,8.591704368591309,4.08933687210083,1.6164005994796753
1769716226.9399903,10.050844192504883,3.3675265312194824,8.613096237182617,4.116943359375,1.6213405132293701
1769716226.9596584,10.127617835998535,3.3919451236724854,8.67694091796875,4.199966907501221,1.6605314016342163
1769716226.979593,10.1814603805542,3.408721446990967,9.017523765563965,3.8884453773498535,1.2589218616485596
1769716226.9993253,10.26623249053955,3.434556722640991,9.094415664672852,3.9905686378479004,1.29703688621521
1769716227.019903,10.297107696533203,3.443791151046753,9.122194290161133,4.027799606323242,1.3120548725128174
1769716227.03924,10.389884948730469,3.4709811210632324,9.212969779968262,4.093046188354492,1.3312007188796997
1769716227.059381,10.42086124420166,3.479872941970825,9.24035930633545,4.130457401275635,1.3479042053222656
1769716227.0792582,10.498408317565918,3.5017268657684326,9.2980375289917,4.137135982513428,1.3581733703613281
1769716227.099969,10.568328857421875,3.5209360122680664,9.358758926391602,4.221653461456299,1.3978787660598755
1769716227.1193888,10.60722541809082,3.531419277191162,9.362360954284668,4.148238182067871,1.3893001079559326
1769716227.1396196,10.653949737548828,3.543821096420288,9.409031867980957,4.214139938354492,1.4139115810394287
1769716227.15968,10.72413158416748,3.5620594024658203,9.48056697845459,4.180352687835693,1.3887903690338135
1769716227.1795344,10.794425964355469,3.579859972000122,9.539687156677246,4.265268802642822,1.4297391176223755
1769716227.1995628,10.825703620910645,3.5876305103302,9.583331108093262,4.187086582183838,1.379433274269104
1769716227.2193575,10.880491256713867,3.601020097732544,9.628793716430664,4.2531962394714355,1.4114106893539429
1769716227.239352,10.958870887756348,3.6196866035461426,9.726898193359375,4.305293560028076,1.409898042678833
1769716227.2593148,11.037378311157227,3.6378092765808105,9.790687561035156,4.3997578620910645,1.4610967636108398
1769716227.2797928,11.108141899108887,3.653654098510742,9.722758293151855,4.247016429901123,1.5071054697036743
1769716227.2996557,11.179003715515137,3.6690566539764404,9.869124412536621,4.3421149253845215,1.4726810455322266
1769716227.3199224,11.226297378540039,3.679079294204712,9.906411170959473,4.398662090301514,1.5032963752746582
1769716227.3395832,11.281526565551758,3.690523624420166,9.949621200561523,4.464561939239502,1.540488839149475
1769716227.3596818,11.336810111999512,3.7016994953155518,10.053441047668457,4.449303150177002,1.4852429628372192
1769716227.3793743,11.376331329345703,3.70951771736145,10.10212516784668,4.464380264282227,1.4810198545455933
1769716227.3993113,11.400057792663574,3.7141427993774414,10.120317459106445,4.4925150871276855,1.4978643655776978
1769716227.4192824,11.45545482635498,3.7247426509857178,10.162542343139648,4.558071136474609,1.538199782371521
1769716227.4394126,11.487133979797363,3.7306790351867676,10.11543083190918,4.411588191986084,1.5314065217971802
1769716227.459699,11.526755332946777,3.737975597381592,10.128711700439453,4.435293674468994,1.5622988939285278
1769716227.4796543,11.598136901855469,3.750762701034546,10.18202018737793,4.519101619720459,1.611127257347107
1769716227.4993002,11.669597625732422,3.763103723526001,10.091503143310547,4.327332973480225,1.6759289503097534
1769716227.5196412,11.72523021697998,3.7723934650421143,10.132204055786133,4.392055511474609,1.709302306175232
1769716227.53945,11.772951126098633,3.7801406383514404,10.420624732971191,4.555331230163574,1.5587520599365234
1769716227.5597134,11.88442325592041,3.7974443435668945,10.494808197021484,4.674503326416016,1.6432477235794067
1769716227.5793388,11.96414566040039,3.8091399669647217,10.590200424194336,4.598339080810547,1.5844749212265015
1769716227.5993154,12.04394817352295,3.820281744003296,10.64591121673584,4.68883752822876,1.6458725929260254
1769716227.6192582,12.115835189819336,3.8298351764678955,10.708868980407715,4.601214408874512,1.604549527168274
1769716227.6395364,12.16379165649414,3.835954427719116,10.741661071777344,4.654876708984375,1.6410636901855469
1769716227.6593757,12.187780380249023,3.8389391899108887,10.67653751373291,4.476110458374023,1.6400738954544067
1769716227.6797261,12.227773666381836,3.8438024520874023,10.70360279083252,4.520542144775391,1.667655110359192
1769716227.6992888,12.275787353515625,3.849454879760742,10.843979835510254,4.519913673400879,1.581009030342102
1769716227.7198257,12.331833839416504,3.8557965755462646,10.881361961364746,4.581518650054932,1.6218944787979126
1769716227.739223,12.371885299682617,3.8601598739624023,10.683524131774902,4.34628438949585,1.756952166557312
1769716227.7593424,12.435998916625977,3.866853713989258,10.7256498336792,4.415933609008789,1.796324372291565
1769716227.7793095,12.508171081542969,3.873961925506592,11.07165813446045,4.593472480773926,1.6066313982009888
1769716227.7995198,12.580387115478516,3.880620002746582,11.118135452270508,4.6705546379089355,1.6619791984558105
1769716227.8195462,12.652644157409668,3.8868274688720703,11.271749496459961,4.601186752319336,1.5547280311584473
1769716227.8398514,12.708870887756348,3.891343832015991,11.312129020690918,4.486456394195557,1.5182379484176636
1769716227.8594162,12.765119552612305,3.895587921142578,11.347342491149902,4.5449371337890625,1.5594055652618408
1769716227.8795362,12.853551864624023,3.90170955657959,11.314724922180176,4.430214881896973,1.62705397605896
1769716227.8993428,12.925938606262207,3.9062209129333496,11.359091758728027,4.503791809082031,1.676931619644165
1769716227.9193025,12.974212646484375,3.908978223800659,11.720516204833984,4.535669803619385,1.401605486869812
1769716227.939473,13.006401062011719,3.910705327987671,11.739980697631836,4.567877769470215,1.4267786741256714
1769716227.9593825,13.054693222045898,3.9131293296813965,11.849761962890625,4.512214183807373,1.345645546913147
1769716227.979668,13.11104679107666,3.9157044887542725,11.883431434631348,4.567758083343506,1.390040636062622
1769716227.999504,13.1593599319458,3.9176950454711914,11.857976913452148,4.529272556304932,1.4379239082336426
1769716228.0197036,13.231843948364258,3.9203059673309326,11.900677680969238,4.599365711212158,1.494364619255066
1769716228.0393078,13.28823184967041,3.922025680541992,11.967979431152344,4.499565601348877,1.4410477876663208
1769716228.0597322,13.38491439819336,3.9243404865264893,12.02399730682373,4.590752124786377,1.515322208404541
1769716228.079361,13.433262825012207,3.9251978397369385,12.2324857711792,4.485917568206787,1.3252443075180054
1769716228.0994751,13.497732162475586,3.926030158996582,12.269314765930176,4.545286655426025,1.3756775856018066
1769716228.1201122,13.538028717041016,3.9263696670532227,12.330854415893555,4.391951560974121,1.293845295906067
1769716228.1398664,13.594444274902344,3.92661190032959,12.35818862915039,4.4355950355529785,1.3369340896606445
1769716228.159667,13.666980743408203,3.9265236854553223,12.619186401367188,4.462647438049316,1.1769887208938599
1769716228.1798272,13.723397254943848,3.9261438846588135,12.650715827941895,4.512319564819336,1.22239351272583
1769716228.1996613,13.787870407104492,3.925377130508423,12.802273750305176,4.429509162902832,1.1070458889007568
1769716228.2199738,13.828164100646973,3.924717426300049,12.824592590332031,4.46417760848999,1.1393742561340332
1769716228.2398374,13.892629623413086,3.9233734607696533,13.019889831542969,4.4059038162231445,0.9972513914108276
1769716228.2598128,13.957086563110352,3.9216744899749756,13.055314064025879,4.460020065307617,1.05024254322052
1769716228.2799976,14.037644386291504,3.9190518856048584,13.249756813049316,4.383151531219482,0.9144156575202942
1769716228.300001,14.085970878601074,3.9172120094299316,13.276126861572266,4.422548770904541,0.9545742869377136
1769716228.3195474,14.11013126373291,3.91621732711792,13.440272331237793,4.275475025177002,0.7601159811019897
1769716228.339894,14.174548149108887,3.913321018218994,13.475314140319824,4.32707405090332,0.8124772310256958
1769716228.3596952,14.263094902038574,3.908759832382202,13.518139839172363,4.323633193969727,0.852689266204834
1769716228.3796759,14.327470779418945,3.905021905899048,13.553037643432617,4.373482704162598,0.9050978422164917
1769716228.3997731,14.391825675964355,3.9009296894073486,13.742674827575684,4.280023574829102,0.7517374157905579
1769716228.419337,14.44811725616455,3.8970587253570557,13.773180961608887,4.322414875030518,0.7977892756462097
1769716228.4394636,14.528502464294434,3.8910586833953857,13.879992485046387,4.226139068603516,0.7299615740776062
1769716228.4592917,14.576712608337402,3.887193441390991,13.906179428100586,4.26138162612915,0.7678751349449158
1769716228.4805632,14.640969276428223,3.881730556488037,14.204302787780762,4.137658596038818,0.5061385035514832
1769716228.49926,14.689141273498535,3.877401351928711,14.226203918457031,4.166248798370361,0.5456594228744507
1769716228.520072,14.761366844177246,3.870535373687744,14.265724182128906,4.217050552368164,0.6047593951225281
1769716228.539304,14.777411460876465,3.8689489364624023,14.441361427307129,4.056716442108154,0.3849491775035858
1769716228.5594897,14.865615844726562,3.8598294258117676,15.064248085021973,3.966658353805542,0.22553806006908417
1769716228.5795825,14.913698196411133,3.854574203491211,15.08643913269043,3.993814468383789,0.2218719720840454
1769716228.5995207,14.969767570495605,3.8481924533843994,15.143084526062012,3.8603708744049072,0.17374467849731445
1769716228.6201024,15.041810989379883,3.8395912647247314,15.178950309753418,3.902696371078491,0.15096208453178406
1769716228.6394281,15.081811904907227,3.834620475769043,15.201484680175781,3.9288432598114014,0.1523139625787735
1769716228.6593194,15.169754981994629,3.8232009410858154,15.176573753356934,3.8028340339660645,0.021478233858942986
1769716228.6794553,15.233658790588379,3.814478635787964,15.47476863861084,3.79360294342041,0.24201227724552155
1769716228.6996298,15.329423904418945,3.800737142562866,15.530350685119629,3.8534181118011475,0.207717627286911
1769716228.719358,15.34537410736084,3.798370122909546,15.88819408416748,3.786318063735962,0.5429533123970032
1769716228.739506,15.409141540527344,3.7886831760406494,15.925782203674316,3.8253982067108154,0.5179436802864075
1769716228.7598555,15.448969841003418,3.7824509143829346,16.04389190673828,3.8258094787597656,0.5965000987052917
1769716228.7796683,15.536516189575195,3.768258810043335,16.096582412719727,3.8782918453216553,0.570773720741272
1769716228.7999563,15.552421569824219,3.7656073570251465,16.148672103881836,3.837268114089966,0.6005403399467468
1769716228.8194146,15.655721664428711,3.7478408813476562,16.625308990478516,3.7767388820648193,0.9700168371200562
1769716228.8394663,15.66366195678711,3.7464358806610107,16.630250930786133,3.7813568115234375,0.9672200679779053
1769716228.8594232,15.750934600830078,3.7306230068206787,16.685155868530273,3.8317067623138428,0.9396746754646301
1769716228.8803868,15.774715423583984,3.726196050643921,15.794309616088867,3.8074915409088135,0.08362345397472382
1769716228.899301,15.877660751342773,3.706446647644043,15.860881805419922,3.865734338760376,0.16016896069049835
1769716228.919714,15.88557243347168,3.7048895359039307,15.866067886352539,3.8701717853546143,0.16642910242080688
1769716228.9393303,15.972530364990234,3.68740177154541,16.04642105102539,3.9631927013397217,0.28551778197288513
1769716228.9598403,16.027799606323242,3.675931453704834,16.083757400512695,3.9936530590057373,0.32261207699775696
1769716228.9794228,16.114538192749023,3.6573703289031982,16.43180274963379,3.9900825023651123,0.4597332775592804
1769716228.9995692,16.185400009155273,3.6416971683502197,16.481666564941406,4.02836275100708,0.48711732029914856
1769716229.019702,16.256168365478516,3.62558650970459,16.301158905029297,4.034719944000244,0.41159945726394653
1769716229.0394094,16.318986892700195,3.6108994483947754,16.3414363861084,4.063910007476807,0.4535667598247528
1769716229.059396,16.37388801574707,3.5977656841278076,16.57730484008789,4.006282806396484,0.45636069774627686
1769716229.0792801,16.405231475830078,3.5901424884796143,16.600954055786133,4.0227508544921875,0.4748239815235138
1769716229.099256,16.444381713867188,3.5804927349090576,16.936904907226562,3.939011335372925,0.6091921925544739
1769716229.119295,16.522581100463867,3.560791254043579,16.99762535095215,3.979703426361084,0.6333684325218201
1769716229.1394517,16.58504295349121,3.544644594192505,17.314685821533203,3.9307098388671875,0.8254862427711487
1769716229.1595213,16.65520477294922,3.5260705947875977,17.371536254882812,3.9667463302612305,0.8410272598266602
1769716229.1795464,16.71747589111328,3.509197473526001,17.448591232299805,3.9271280765533447,0.8421372175216675
1769716229.1993566,16.764116287231445,3.496319055557251,17.487855911254883,3.9508280754089355,0.8546205163002014
1769716229.2194128,16.818464279174805,3.4810519218444824,16.66886329650879,4.0283637046813965,0.5673894286155701
1769716229.239583,16.8339786529541,3.47664213180542,16.689022064208984,4.040099143981934,0.5818045735359192
1769716229.259389,16.926939010620117,3.449737071990967,16.90706443786621,4.097618579864502,0.6481860876083374
1769716229.2793272,16.965606689453125,3.4383015632629395,16.94183349609375,4.116937160491943,0.6790518164634705
1769716229.29932,17.004234313964844,3.4267334938049316,16.97700309753418,4.1361775398254395,0.7099666595458984
1769716229.3193874,17.050537109375,3.412677526473999,17.15367317199707,3.829630136489868,0.4295194447040558
1769716229.3393996,17.12757682800293,3.3888285160064697,17.2261962890625,3.867697238922119,0.48891833424568176
1769716229.359451,17.1967716217041,3.3669140338897705,17.507787704467773,3.8247618675231934,0.553493857383728
1769716229.3792782,17.265830993652344,3.344573497772217,17.575801849365234,3.858518600463867,0.60018390417099
1769716229.3993526,17.30413818359375,3.3319785594940186,17.78851318359375,3.791400194168091,0.6675979495048523
1769716229.4199708,17.388259887695312,3.3038084506988525,17.88229751586914,3.8358428478240967,0.7260388731956482
1769716229.439554,17.464550018310547,3.2776505947113037,17.73786735534668,3.720470428466797,0.5203762650489807
1769716229.4597752,17.502626419067383,3.264375925064087,17.778404235839844,3.7387139797210693,0.5486800074577332
1769716229.4794865,17.548259735107422,3.248274564743042,17.673179626464844,3.7421715259552,0.5094497203826904
1769716229.4994955,17.5710506439209,3.2401537895202637,17.698001861572266,3.7530202865600586,0.528344988822937
1769716229.5192797,17.60141372680664,3.229253053665161,17.748613357543945,3.7304303646087646,0.5223472714424133
1769716229.5397844,17.646902084350586,3.2127466201782227,17.790729522705078,3.748361349105835,0.5545892119407654
1769716229.559398,17.69232177734375,3.196053981781006,17.930837631225586,3.6357996463775635,0.5002662539482117
1769716229.5793018,17.760324478149414,3.170666217803955,18.008560180664062,3.6676690578460693,0.5555480122566223
1769716229.5993059,17.828168869018555,3.1448607444763184,18.210163116455078,3.531494140625,0.5435112714767456
1769716229.619311,17.903364181518555,3.1156997680664062,18.299489974975586,3.5662224292755127,0.5999054312705994
1769716229.6393425,17.963376998901367,3.0920016765594482,18.293270111083984,3.538297414779663,0.5549853444099426
1769716229.6593947,18.02326011657715,3.0679759979248047,18.366849899291992,3.565540313720703,0.6046682000160217
1769716229.6793635,18.083011627197266,3.043623924255371,18.441396713256836,3.5925159454345703,0.655532956123352
1769716229.6993098,18.150070190429688,3.0158379077911377,18.70317840576172,3.388502597808838,0.666938304901123
1769716229.7192712,18.209535598754883,2.9907939434051514,18.779722213745117,3.41487979888916,0.710605800151825
1769716229.7392957,18.261455535888672,2.968614339828491,18.915077209472656,3.2878215312957764,0.7274034023284912
1769716229.7592914,18.305871963500977,2.949406147003174,18.973663330078125,3.3072118759155273,0.7576081156730652
1769716229.7792428,18.335439682006836,2.93649959564209,19.15772247314453,3.211615562438965,0.8670854568481445
1769716229.7995365,18.364973068237305,2.9235122203826904,19.197267532348633,3.224367141723633,0.8850007057189941
1769716229.8195512,18.401838302612305,2.907165050506592,19.1455135345459,3.1608903408050537,0.7857654094696045
1769716229.839477,18.44600486755371,2.8873822689056396,19.195627212524414,3.1765644550323486,0.803468644618988
1769716229.8600402,18.460708618164062,2.8807480335235596,19.279508590698242,3.1015818119049072,0.8480570316314697
1769716229.8793895,18.504764556884766,2.860724449157715,19.340213775634766,3.1201560497283936,0.8748025298118591
1769716229.8995469,18.570695877075195,2.8303513526916504,19.304874420166016,3.080049991607666,0.7754790186882019
1769716229.9192202,18.6291446685791,2.803013563156128,19.387353897094727,3.1041228771209717,0.815812349319458
1769716229.9393008,18.694719314575195,2.7718775272369385,19.586097717285156,2.921152114868164,0.9037907719612122
1769716229.9596908,18.73832893371582,2.750896692276001,19.649030685424805,2.938662528991699,0.9298577308654785
1769716229.9793854,18.810819625854492,2.7155325412750244,19.609573364257812,2.892270803451538,0.8180717825889587
1769716229.9997869,18.861419677734375,2.690483808517456,19.68419075012207,2.912014961242676,0.8520717620849609
1769716230.0195286,18.94788360595703,2.6469814777374268,19.982345581054688,2.729367971420288,1.0377366542816162
1769716230.0396128,18.990982055664062,2.624965190887451,20.047348022460938,2.745605230331421,1.0632330179214478
1769716230.0593197,19.048303604125977,2.5953359603881836,20.13450813293457,2.7668983936309814,1.0996689796447754
1769716230.0793543,19.076904296875,2.580404043197632,20.03453826904297,2.6595914363861084,0.9609013795852661
1769716230.100197,19.112598419189453,2.5616295337677,19.752275466918945,2.7556803226470947,0.6684635281562805
1769716230.119345,19.169572830200195,2.531337261199951,19.840538024902344,2.7760870456695557,0.7142106890678406
1769716230.1396956,19.19089698791504,2.519897699356079,19.811683654785156,2.743669033050537,0.6598857641220093
1769716230.1592715,19.26888084411621,2.47757887840271,19.934057235717773,2.7708065509796143,0.7269392609596252
1769716230.1795745,19.29715919494629,2.462045431137085,20.144670486450195,2.5776679515838623,0.8553613424301147
1769716230.1998382,19.38174057006836,2.4149820804595947,20.26821517944336,2.603597402572632,0.9063175916671753
1769716230.2193573,19.451929092407227,2.375234603881836,20.215972900390625,2.5292325019836426,0.7794090509414673
1769716230.239279,19.535795211791992,2.326906442642212,20.35223388671875,2.5556979179382324,0.8478885889053345
1769716230.2592862,19.58453369140625,2.29839825630188,20.33563804626465,2.4213483333587646,0.7611010074615479
1769716230.2796547,19.626201629638672,2.273777484893799,20.404239654541016,2.4338865280151367,0.7943416237831116
1769716230.2996635,19.660846710205078,2.2531299591064453,20.58270835876465,2.202415704727173,0.9232553839683533
1769716230.3193007,19.69542121887207,2.2323644161224365,20.649381637573242,2.2055084705352783,0.9543374180793762
1769716230.339262,19.736818313598633,2.207289695739746,20.718387603759766,2.217338800430298,0.9816200137138367
1769716230.3592505,19.764358520507812,2.190479278564453,20.573341369628906,2.1552577018737793,0.8097493052482605
1769716230.379537,19.79871940612793,2.169360399246216,20.63102149963379,2.164761543273926,0.8323146104812622
1769716230.3996353,19.867223739624023,2.1267714500427246,20.746631622314453,2.183203935623169,0.8812159895896912
1769716230.4196162,19.92862892150879,2.088042736053467,20.778226852416992,2.078721046447754,0.8496495485305786
1769716230.4397433,19.96263885498047,2.0663645267486572,20.836271286010742,2.087315320968628,0.8738839030265808
1769716230.4592927,20.003353118896484,2.04019832611084,20.969654083251953,1.877895474433899,0.9798358678817749
1769716230.4795537,20.057472229003906,2.005051612854004,21.087984085083008,1.7431931495666504,1.0632604360580444
1769716230.499461,20.10466766357422,1.9740568399429321,21.1695613861084,1.754145860671997,1.087363362312317
1769716230.5194104,20.158422470092773,1.938359260559082,21.262901306152344,1.76619553565979,1.1178157329559326
1769716230.5398564,20.21198272705078,1.9023692607879639,21.095273971557617,1.7432353496551514,0.8975129723548889
1769716230.5595174,20.25202178955078,1.875185489654541,20.865751266479492,1.7940829992294312,0.6190659403800964
1769716230.5795124,20.27865219116211,1.8569722175598145,20.912532806396484,1.79947829246521,0.6364821195602417
1769716230.6006825,20.291950225830078,1.847838282585144,20.935930252075195,1.8021283149719238,0.6456001996994019
1769716230.6195683,20.358245849609375,1.8018975257873535,21.020952224731445,1.6591157913208008,0.677912712097168
1769716230.6393318,20.397871017456055,1.7741166353225708,21.219148635864258,1.413420557975769,0.8969931602478027
1769716230.6592784,20.450529098510742,1.7368237972259521,21.312856674194336,1.4226778745651245,0.917768120765686
1769716230.679557,20.483335494995117,1.7133700847625732,21.418245315551758,1.3185864686965942,1.0148446559906006
1769716230.6996877,20.5487060546875,1.6661280393600464,21.53542137145996,1.3290271759033203,1.0427089929580688
1769716230.719294,20.594274520874023,1.6327937841415405,21.32073402404785,1.3898768424987793,0.7659987211227417
1769716230.7393239,20.639680862426758,1.5992424488067627,21.402751922607422,1.39630126953125,0.7895972728729248
1769716230.759412,20.69782257080078,1.5557870864868164,21.482389450073242,1.1902427673339844,0.8655441403388977
1769716230.7802343,20.704267501831055,1.5509366989135742,21.505813598632812,1.1918565034866333,0.878302276134491
1769716230.7998085,20.77492904663086,1.4972929954528809,21.620101928710938,1.0921108722686768,0.9372789859771729
1769716230.8194363,20.83881378173828,1.4480669498443604,21.73711585998535,1.0988545417785645,0.9637925624847412
1769716230.8394744,20.889677047729492,1.4083728790283203,21.84235191345215,1.1042108535766602,1.0000507831573486
1769716230.8593705,20.927682876586914,1.378420352935791,21.788637161254883,0.9040595889091492,0.9829846620559692
1769716230.879718,20.971866607666016,1.3432793617248535,21.878137588500977,0.8497198820114136,1.0319546461105347
1769716230.8997822,21.022153854370117,1.3028602600097656,21.983158111572266,0.8534865379333496,1.0608795881271362
1769716230.9196117,21.09716796875,1.2417179346084595,22.017305374145508,0.8960349559783936,0.9829293489456177
1769716230.939575,21.14069366455078,1.205768346786499,22.098796844482422,0.8978345394134521,1.0063724517822266
1769716230.9592266,21.196399688720703,1.1592422723770142,22.12234115600586,0.7681604623794556,1.0051440000534058
1769716230.9793482,21.221065521240234,1.1384543180465698,22.168811798095703,0.7686926126480103,1.0173238515853882
1769716230.9993184,21.282480239868164,1.086189866065979,22.17972755432129,0.6676562428474426,0.990062952041626
1769716231.019347,21.337444305419922,1.038793921470642,22.284013748168945,0.6675751805305481,1.016757607460022
1769716231.039327,21.37999153137207,1.0016967058181763,22.209949493408203,0.5566376447677612,0.9417570233345032
1769716231.059459,21.404224395751953,0.9804067015647888,22.25619125366211,0.5561337471008301,0.9517635107040405
1769716231.0794218,21.44046401977539,0.9483470916748047,22.343669891357422,0.35812756419181824,1.0789532661437988
1769716231.0995023,21.49457550048828,0.8999784588813782,22.44747543334961,0.35601162910461426,1.0972322225570679
1769716231.1193388,21.542423248291016,0.8567041754722595,22.382381439208984,0.2897025942802429,1.0134202241897583
1769716231.1392863,21.57815170288086,0.8240763545036316,22.451374053955078,0.2874733805656433,1.0249197483062744
1769716231.1593094,21.625579833984375,0.7803441286087036,22.451576232910156,0.1835717111825943,1.0190223455429077
1769716231.1794238,21.655101776123047,0.7528794407844543,22.508909225463867,0.18111535906791687,1.0275709629058838
1769716231.1994152,21.702138900756836,0.7087255120277405,22.49596405029297,0.08622921258211136,1.0087920427322388
1769716231.2194846,21.754764556884766,0.6587442755699158,22.610239028930664,0.07993195950984955,1.0328902006149292
1769716231.2393706,21.82444953918457,0.5915982127189636,22.600313186645508,-0.03854120895266533,0.999519944190979
1769716231.2595098,21.84178352355957,0.5747221112251282,22.634456634521484,-0.04090295359492302,1.0036547183990479
1769716231.2802398,21.91077423095703,0.5068613290786743,22.72577667236328,-0.15422821044921875,1.0494135618209839
1769716231.299637,21.9164981842041,0.5011805891990662,22.737117767333984,-0.15514250099658966,1.050798773765564
1769716231.3200328,21.945058822631836,0.47271808981895447,22.72336196899414,-0.27734827995300293,1.0809054374694824
1769716231.339502,21.990550994873047,0.426974356174469,22.802547454833984,-0.2843877971172333,1.0795257091522217
1769716231.359721,22.035791397094727,0.38098108768463135,22.849775314331055,-0.4102519452571869,1.1351739168167114
1769716231.3796573,22.080780029296875,0.3347395658493042,22.939895629882812,-0.41943907737731934,1.1431832313537598
1769716231.3994217,22.14221954345703,0.27075472474098206,22.939029693603516,-0.5983802080154419,1.1791105270385742
1769716231.4195025,22.17552947998047,0.2356584370136261,22.936452865600586,-0.7069356441497803,1.2113993167877197
1769716231.4393902,22.23072052001953,0.17685997486114502,23.048254013061523,-0.720845639705658,1.2141820192337036
1769716231.459939,22.252683639526367,0.15323446691036224,22.98736572265625,-0.8804304003715515,1.268156886100769
1769716231.4793699,22.312746047973633,0.08795349299907684,23.109798431396484,-0.8972359895706177,1.2672373056411743
1769716231.4993863,22.350709915161133,0.04617494344711304,23.101930618286133,-0.9177278280258179,1.222064733505249
1769716231.5192742,22.40459442138672,-0.01382508222013712,23.212604522705078,-0.9346689581871033,1.2250854969024658
1769716231.539392,22.4260311126709,-0.03792877495288849,23.110013961791992,-1.1233593225479126,1.2829617261886597
1769716231.5592706,22.45806312561035,-0.07419484853744507,23.176149368286133,-1.134212613105774,1.2803456783294678
1769716231.5800393,22.468708038330078,-0.0863129273056984,23.108413696289062,-1.147307276725769,1.2389239072799683
1769716231.5995634,22.500537872314453,-0.1227550134062767,23.174365997314453,-1.1586213111877441,1.2357434034347534
1769716231.619428,22.52167510986328,-0.14712272584438324,23.22922134399414,-1.1683140993118286,1.2423570156097412
1769716231.639607,22.5742244720459,-0.20829614996910095,23.274356842041016,-1.3402613401412964,1.3309884071350098
1769716231.660015,22.60555076599121,-0.24517357349395752,23.353744506835938,-1.5675606727600098,1.5193753242492676
1769716231.6793087,22.64708137512207,-0.2945444881916046,23.440826416015625,-1.5847314596176147,1.5147982835769653
1769716231.6994658,22.678050994873047,-0.331722617149353,23.326007843017578,-1.7690372467041016,1.576616644859314
1769716231.719428,22.708866119384766,-0.36902859807014465,23.3909969329834,-1.7826731204986572,1.5696156024932861
1769716231.739401,22.7446231842041,-0.41271305084228516,23.486970901489258,-1.8308244943618774,1.6006629467010498
1769716231.7598207,22.76495933532715,-0.43775293231010437,23.530094146728516,-1.840382695198059,1.59774911403656
1769716231.779297,22.800382614135742,-0.48170751333236694,23.511110305786133,-1.9240432977676392,1.607938289642334
1769716231.7995472,22.850618362426758,-0.544795572757721,23.618309020996094,-1.9493067264556885,1.6006256341934204
1769716231.8194723,22.910324096679688,-0.6209567785263062,23.594947814941406,-2.1961445808410645,1.717535138130188
1769716231.8396246,22.925151824951172,-0.6400741934776306,23.637487411499023,-2.2069945335388184,1.7212378978729248
1769716231.859654,22.974292755126953,-0.7040201425552368,23.586217880249023,-2.26271653175354,1.674511194229126
1769716231.8793528,23.01328468322754,-0.7554203271865845,23.67073631286621,-2.2855935096740723,1.6654342412948608
1769716231.8993382,23.037511825561523,-0.78765469789505,23.660045623779297,-2.340097188949585,1.672611117362976
1769716231.9194229,23.085628509521484,-0.8523736000061035,23.705102920532227,-2.307671070098877,1.581656575202942
1769716231.9403646,23.11904525756836,-0.8978739976882935,23.788732528686523,-2.3323535919189453,1.5831022262573242
1769716231.959557,23.161684036254883,-0.9566113948822021,23.72626304626465,-2.513352155685425,1.6559560298919678
1769716231.9797187,23.18521499633789,-0.989357590675354,23.778167724609375,-2.529489755630493,1.6503338813781738
1769716231.9996681,23.213300704956055,-1.0287601947784424,23.840288162231445,-2.5491786003112793,1.644622802734375
1769716232.019474,23.25049591064453,-1.0814778804779053,23.903541564941406,-2.700054407119751,1.7453536987304688
1769716232.0393083,23.29657745361328,-1.1476631164550781,23.79526138305664,-2.6200218200683594,1.5545178651809692
1769716232.0594103,23.333112716674805,-1.2008401155471802,23.877038955688477,-2.648228406906128,1.546217679977417
1769716232.0798295,23.387361526489258,-1.280982494354248,23.758806228637695,-2.695645570755005,1.4626152515411377
1769716232.1030886,23.41423797607422,-1.3212218284606934,23.819520950317383,-2.717909574508667,1.454300880432129
1769716232.119608,23.43206024169922,-1.3481098413467407,23.85988426208496,-2.7329461574554443,1.4494152069091797
1769716232.1410675,23.44538116455078,-1.3683080673217773,23.794248580932617,-2.7683684825897217,1.4428715705871582
1769716232.159575,23.476295471191406,-1.4155446290969849,23.864553451538086,-2.7952582836151123,1.4333016872406006
1769716232.17969,23.48508644104004,-1.4290682077407837,23.872835159301758,-2.782494306564331,1.4078747034072876
1769716232.1995382,23.5113468170166,-1.4697116613388062,23.932804107666016,-2.806035280227661,1.4012092351913452
1769716232.2192574,23.5504207611084,-1.5308802127838135,23.950542449951172,-2.923522472381592,1.4489825963974
1769716232.2395198,23.5848331451416,-1.5854548215866089,24.029760360717773,-2.956141233444214,1.4410901069641113
1769716232.2592754,23.635883331298828,-1.6676690578460693,23.96796226501465,-3.0086965560913086,1.3815321922302246
1769716232.2794602,23.661151885986328,-1.7089331150054932,24.026695251464844,-3.0342488288879395,1.3748034238815308
1769716232.2993593,23.70703125,-1.7848522663116455,24.072694778442383,-3.055398941040039,1.322118878364563
1769716232.3196707,23.735925674438477,-1.833343505859375,24.14046859741211,-3.0863702297210693,1.3167121410369873
1769716232.3393273,23.776796340942383,-1.9028557538986206,24.109270095825195,-3.1180062294006348,1.2598129510879517
1769716232.3594084,23.805118560791016,-1.951680302619934,24.176301956176758,-3.150094509124756,1.2545808553695679
1769716232.3793426,23.829206466674805,-1.9936376810073853,24.03836441040039,-3.2402162551879883,1.2640032768249512
1769716232.3996255,23.8411865234375,-2.014653444290161,24.066883087158203,-3.2542757987976074,1.2600010633468628
1769716232.4199975,23.861053466796875,-2.049734592437744,24.123746871948242,-3.2826459407806396,1.2605867385864258
1769716232.4395041,23.896507263183594,-2.113051176071167,24.313915252685547,-3.2039623260498047,1.168039321899414
1769716232.4593885,23.93156623840332,-2.1765856742858887,24.407651901245117,-3.2527220249176025,1.1767443418502808
1769716232.4793153,23.966228485107422,-2.240335702896118,24.48217010498047,-3.292389392852783,1.1717561483383179
1769716232.4992309,23.99291229248047,-2.2900662422180176,24.350675582885742,-3.334655523300171,1.1041561365127563
1769716232.5193405,24.026865005493164,-2.3541929721832275,24.33869171142578,-3.34694504737854,1.0405731201171875
1769716232.5393019,24.052993774414062,-2.4042134284973145,24.402795791625977,-3.383145332336426,1.0395524501800537
1769716232.5594125,24.08989906311035,-2.4758875370025635,24.371307373046875,-3.5228803157806396,1.0841511487960815
1769716232.5795665,24.11180305480957,-2.5190131664276123,24.425580978393555,-3.5547943115234375,1.082265853881836
1769716232.5993924,24.137130737304688,-2.5694398880004883,24.361303329467773,-3.5675086975097656,1.0229344367980957
1769716232.6197464,24.155071258544922,-2.6055333614349365,24.406103134155273,-3.5946567058563232,1.0204813480377197
1769716232.6395037,24.16933250427246,-2.6344525814056396,24.428176879882812,-3.683537006378174,1.0805456638336182
1769716232.659382,24.18704605102539,-2.670656442642212,24.472665786743164,-3.7110800743103027,1.0789159536361694
1769716232.680101,24.21512794494629,-2.728708505630493,24.46098518371582,-3.7244787216186523,1.0256726741790771
1769716232.699882,24.23943328857422,-2.779630422592163,24.522584915161133,-3.763892650604248,1.0241812467575073
1769716232.7192888,24.26690673828125,-2.8379693031311035,24.446237564086914,-3.8972363471984863,1.0743398666381836
1769716232.7401311,24.300792694091797,-2.9111039638519287,24.533071517944336,-3.954963445663452,1.0693904161453247
1769716232.7596955,24.32421112060547,-2.9624359607696533,24.518505096435547,-3.9640538692474365,1.020288348197937
1769716232.7793226,24.35066795349121,-3.0212385654449463,24.587059020996094,-4.011324882507324,1.0179156064987183
1769716232.7996488,24.360504150390625,-3.0433268547058105,24.49775505065918,-3.98376202583313,0.9503976702690125
1769716232.8192377,24.386510848999023,-3.102328062057495,24.541759490966797,-3.8196933269500732,0.7339723110198975
1769716232.839487,24.418556213378906,-3.176279306411743,24.626012802124023,-3.8804614543914795,0.73410564661026
1769716232.8593304,24.446958541870117,-3.2430224418640137,24.61163330078125,-3.9379420280456543,0.7141643762588501
1769716232.8795145,24.471853256225586,-3.3024964332580566,24.677989959716797,-3.987748146057129,0.7155853509902954
1769716232.899468,24.49946403503418,-3.369567394256592,24.615577697753906,-4.015282154083252,0.6560715436935425
1769716232.919631,24.520648956298828,-3.421851396560669,24.67279815673828,-4.0598063468933105,0.6558470129966736
1769716232.9396758,24.5445499420166,-3.4817285537719727,24.643741607666016,-4.0714874267578125,0.5980423092842102
1769716232.9594853,24.5710391998291,-3.5492465496063232,24.708166122436523,-4.123436450958252,0.5903369784355164
1769716232.9793217,24.597105026245117,-3.6169273853302,24.715072631835938,-4.25499963760376,0.6488853693008423
1769716232.9994438,24.614248275756836,-3.662137269973755,24.762683868408203,-4.29472541809082,0.6497700810432434
1769716233.0195348,24.628389358520508,-3.6998658180236816,24.724212646484375,-4.388635158538818,0.6954030990600586
1769716233.0395248,24.650741577148438,-3.7603325843811035,24.7869873046875,-4.442359447479248,0.6955021619796753
1769716233.0593636,24.672758102416992,-3.8209214210510254,24.76093101501465,-4.352579593658447,0.5389201045036316
1769716233.0795817,24.697124481201172,-3.889227867126465,24.83045196533203,-4.414175987243652,0.5416152477264404
1769716233.099835,24.71047592163086,-3.9272408485412598,24.80927848815918,-4.541891574859619,0.6225413084030151
1769716233.1201575,24.731563568115234,-3.98815655708313,24.86262321472168,-4.590554714202881,0.6164905428886414
1769716233.13979,24.744571685791016,-4.02628755569458,24.806941986083984,-4.518199443817139,0.49585017561912537
1769716233.1597075,24.76255989074707,-4.079746246337891,24.859664916992188,-4.567503929138184,0.4973301589488983
1769716233.179412,24.782798767089844,-4.140946865081787,24.919471740722656,-4.624307155609131,0.5023114085197449
1769716233.1992683,24.802698135375977,-4.202258586883545,24.829404830932617,-4.645335674285889,0.44388139247894287
1769716233.2192957,24.82709312438965,-4.279050827026367,24.90290069580078,-4.717616558074951,0.4450693726539612
1769716233.2393801,24.841472625732422,-4.325206279754639,24.842893600463867,-4.796085834503174,0.4708813726902008
1769716233.259593,24.853309631347656,-4.363714694976807,24.879138946533203,-4.832727909088135,0.469723641872406
1769716233.2792692,24.87887954711914,-4.448575496673584,24.908891677856445,-4.946248531341553,0.4985769987106323
1769716233.299739,24.892555236816406,-4.4949445724487305,24.951648712158203,-4.9909467697143555,0.4995100200176239
1769716233.3192594,24.9149169921875,-4.572351455688477,24.918926239013672,-5.004327297210693,0.43199464678764343
1769716233.3400426,24.9237117767334,-4.603356838226318,24.946983337402344,-5.034563064575195,0.43183380365371704
1769716233.3592541,24.9495792388916,-4.6965179443359375,25.00385284423828,-5.170046806335449,0.47662925720214844
1769716233.3797216,24.962221145629883,-4.743178367614746,25.052040100097656,-5.223842620849609,0.4889841675758362
1769716233.3992853,24.982860565185547,-4.821060657501221,25.016530990600586,-5.235453128814697,0.41575807332992554
1769716233.4199517,24.992979049682617,-4.860054969787598,25.050392150878906,-5.274413108825684,0.4183167815208435
1769716233.4401755,25.006914138793945,-4.914705276489258,25.00776481628418,-5.3744916915893555,0.4597870111465454
1769716233.4593904,25.026363372802734,-4.992892742156982,25.074403762817383,-5.45343542098999,0.4630414843559265
1769716233.4794643,25.03399085998535,-5.024205207824707,25.037214279174805,-5.4293694496154785,0.40517696738243103
1769716233.5007792,25.045269012451172,-5.071213245391846,25.076662063598633,-5.477240085601807,0.4072387218475342
1769716233.5198743,25.063631057739258,-5.149662494659424,25.11641502380371,-5.60601282119751,0.4593925476074219
1769716233.5397394,25.07792854309082,-5.212512493133545,25.167999267578125,-5.670783996582031,0.46703919768333435
1769716233.5598443,25.086687088012695,-5.251833438873291,25.199996948242188,-5.711490154266357,0.473416805267334
1769716233.5797288,25.102108001708984,-5.322687149047852,25.110288619995117,-5.724961280822754,0.4023573696613312
1769716233.599346,25.11708641052246,-5.393635272979736,25.16673469543457,-5.850657939910889,0.4597117602825165
1769716233.619266,25.131622314453125,-5.464675426483154,25.18058204650879,-5.872380256652832,0.41063424944877625
1769716233.6394098,25.142620086669922,-5.51999044418335,25.223663330078125,-5.930941581726074,0.4188656806945801
1769716233.6594496,25.157865524291992,-5.5991034507751465,25.284576416015625,-6.015171051025391,0.43493393063545227
1769716233.679413,25.169666290283203,-5.662468910217285,25.225967407226562,-6.019680023193359,0.36162084341049194
1769716233.6996024,25.176862716674805,-5.7021050453186035,25.255847930908203,-6.06231164932251,0.3687649667263031
1769716233.7195008,25.183921813964844,-5.741765975952148,25.246517181396484,-6.042460918426514,0.30714139342308044
1769716233.7392685,25.189470291137695,-5.77351188659668,25.22922134399414,-6.102084636688232,0.33096861839294434
1769716233.7592177,25.201629638671875,-5.844996452331543,25.281940460205078,-6.179772853851318,0.3442743420600891
1769716233.7793558,25.21334457397461,-5.916555404663086,25.281259536743164,-6.176354885101318,0.2685300409793854
1769716233.7996016,25.222145080566406,-5.972261905670166,25.321378707885742,-6.237556457519531,0.2832464873790741
1769716233.8194978,25.227052688598633,-6.00411319732666,25.280181884765625,-6.289000034332275,0.2897984981536865
1769716233.8394773,25.240093231201172,-6.09177303314209,25.342164993286133,-6.386098384857178,0.3115221858024597
1769716233.8594165,25.24466896057129,-6.123673915863037,25.36448097229004,-6.421599388122559,0.321115106344223
1769716233.8794336,25.255720138549805,-6.203479766845703,25.36358642578125,-6.522494316101074,0.3367574214935303
1769716233.900004,25.259984970092773,-6.235423564910889,25.34358787536621,-6.590683460235596,0.3649645447731018
1769716233.9201875,25.267234802246094,-6.291353225708008,25.381622314453125,-6.653678894042969,0.3799532949924469
1769716233.9395995,25.27903175354004,-6.387311935424805,25.327117919921875,-6.711721420288086,0.32795390486717224
1769716233.9598768,25.28645133972168,-6.4513373374938965,25.36941909790039,-6.784691333770752,0.34352344274520874
1769716233.9796443,25.29522705078125,-6.531426429748535,25.34339714050293,-6.8322930335998535,0.30469831824302673
1769716233.999898,25.30265235900879,-6.60355806350708,25.38973617553711,-6.915407657623291,0.3237804174423218
1769716234.0194757,25.31037712097168,-6.683758735656738,25.406064987182617,-6.944573402404785,0.27781441807746887
1769716234.0392706,25.3161563873291,-6.747957229614258,25.446138381958008,-7.01934814453125,0.30091261863708496
1769716234.0592299,25.32025718688965,-6.796127796173096,25.348617553710938,-7.112098693847656,0.31724151968955994
1769716234.0795808,25.322879791259766,-6.828250885009766,25.375253677368164,-7.077644348144531,0.2548334300518036
1769716234.0993092,25.326032638549805,-6.868414878845215,25.39967155456543,-7.124868392944336,0.2668163478374481
1769716234.1195166,25.329633712768555,-6.916626930236816,25.42872428894043,-7.1817307472229,0.2830171585083008
1769716234.1394012,25.334125518798828,-6.980932712554932,25.3803768157959,-7.289501667022705,0.31201598048210144
1769716234.159324,25.338756561279297,-7.053307056427002,25.4304256439209,-7.300118446350098,0.2632853090763092
1769716234.1796196,25.341594696044922,-7.101572036743164,25.458417892456055,-7.357776641845703,0.281581848859787
1769716234.1993377,25.3442325592041,-7.149848937988281,25.37200164794922,-7.450250148773193,0.30168211460113525
1769716234.2197282,25.34781265258789,-7.222285270690918,25.413049697875977,-7.537420272827148,0.32181641459465027
1769716234.239328,25.348546981811523,-7.238385200500488,25.427568435668945,-7.496187686920166,0.26964136958122253
1769716234.2594995,25.35188865661621,-7.3189005851745605,25.472280502319336,-7.593677520751953,0.2999945282936096
1769716234.2795036,25.35416030883789,-7.383329391479492,25.398393630981445,-7.718277931213379,0.33785662055015564
1769716234.2992737,25.356903076171875,-7.479995250701904,25.45025634765625,-7.836493015289307,0.3685177266597748
1769716234.319486,25.35780906677246,-7.520279407501221,25.471527099609375,-7.88597297668457,0.3829667866230011
1769716234.3396697,25.35813331604004,-7.536394119262695,25.4117488861084,-7.854231834411621,0.32232794165611267
1769716234.359405,25.359516143798828,-7.625032424926758,25.162403106689453,-8.063056945800781,0.48033228516578674
1769716234.3792198,25.36004638671875,-7.68144416809082,25.191120147705078,-8.133009910583496,0.48212841153144836
1769716234.399289,25.360191345214844,-7.705621242523193,25.20330810546875,-8.163064956665039,0.4835980236530304
1769716234.4192557,25.36023712158203,-7.8103928565979,25.119712829589844,-8.251420021057129,0.502351701259613
1769716234.4398649,25.360063552856445,-7.842630386352539,25.135427474975586,-8.291816711425781,0.5022248029708862
1769716234.459253,25.359127044677734,-7.931280612945557,25.163494110107422,-8.346665382385254,0.45914748311042786
1769716234.4796002,25.358755111694336,-7.9554572105407715,25.174924850463867,-8.377169609069824,0.4600376784801483
1769716234.4994407,25.356964111328125,-8.044096946716309,25.109567642211914,-8.441278457641602,0.4679293930530548
1769716234.5194445,25.355239868164062,-8.108552932739258,25.138965606689453,-8.523231506347656,0.4676879644393921
1769716234.5394502,25.352584838867188,-8.18911075592041,25.16340446472168,-8.556466102600098,0.4132062792778015
1769716234.5596185,25.349376678466797,-8.269649505615234,25.069664001464844,-8.691121101379395,0.5058429837226868
1769716234.5793545,25.346799850463867,-8.32601261138916,25.09378433227539,-8.763676643371582,0.5055354237556458
1769716234.5995617,25.344375610351562,-8.37431526184082,25.106550216674805,-8.737961769104004,0.43451130390167236
1769716234.6193042,25.342205047607422,-8.414559364318848,25.123275756835938,-8.790040016174316,0.4346441328525543
1769716234.6393738,25.339414596557617,-8.46284294128418,25.064266204833984,-8.873759269714355,0.4945293962955475
1769716234.659643,25.335386276245117,-8.527202606201172,25.090181350708008,-8.957493782043457,0.49525314569473267
1769716234.6793103,25.331571578979492,-8.583499908447266,25.073467254638672,-8.938611030578613,0.43899989128112793
1769716234.699518,25.32687759399414,-8.64781665802002,25.098360061645508,-9.022818565368652,0.4391431510448456
1769716234.7196565,25.322481155395508,-8.704072952270508,25.119691848754883,-9.096700668334961,0.44190582633018494
1769716234.739847,25.318498611450195,-8.752276420593262,24.993762969970703,-9.128117561340332,0.49669936299324036
1769716234.7594264,25.312150955200195,-8.824549674987793,24.824928283691406,-9.404054641723633,0.7571064233779907
1769716234.779595,25.306903839111328,-8.880736351013184,24.75465965270996,-9.39323616027832,0.7534133195877075
1769716234.7995205,25.298940658569336,-8.960957527160645,24.782489776611328,-9.499882698059082,0.7464327216148376
1769716234.8193235,25.29389762878418,-9.009064674377441,24.79876708984375,-9.564031600952148,0.743736207485199
1769716234.839515,25.285961151123047,-9.081185340881348,24.715280532836914,-9.688814163208008,0.8336003422737122
1769716234.8592882,25.278533935546875,-9.145252227783203,24.695829391479492,-9.713081359863281,0.8136173486709595
1769716234.8795702,25.270751953125,-9.209277153015137,24.715837478637695,-9.799224853515625,0.8099191784858704
1769716234.8992848,25.26673126220703,-9.2412748336792,24.72562599182129,-9.842369079589844,0.8087689876556396
1769716234.9193876,25.259479522705078,-9.297243118286133,24.719318389892578,-9.861472129821777,0.7811076045036316
1769716234.9393046,25.2497615814209,-9.36915111541748,24.619171142578125,-9.896061897277832,0.8217548727989197
1769716234.9595292,25.2430362701416,-9.4170560836792,24.632726669311523,-9.961136817932129,0.8176207542419434
1769716234.9796085,25.234941482543945,-9.47291088104248,24.648130416870117,-10.037181854248047,0.8140935897827148
1769716234.9994442,25.228994369506836,-9.51278305053711,24.607852935791016,-10.10373306274414,0.857343852519989
1769716235.0194438,25.219194412231445,-9.576537132263184,24.624553680419922,-10.190900802612305,0.8550097346305847
1769716235.0392127,25.21161460876465,-9.624317169189453,24.52267837524414,-10.169753074645996,0.8787113428115845
1769716235.059252,25.19987678527832,-9.695928573608398,24.551061630249023,-10.188838958740234,0.8148133158683777
1769716235.0794652,25.190441131591797,-9.75157642364502,24.564241409301758,-10.265494346618652,0.8100844025611877
1769716235.099397,25.17932891845703,-9.815118789672852,24.578754425048828,-10.353236198425293,0.8063876628875732
1769716235.1195655,25.169321060180664,-9.870667457580566,24.504796981811523,-10.319334983825684,0.8018069863319397
1769716235.1392512,25.153053283691406,-9.95786190032959,24.44765281677246,-10.432440757751465,0.8501855134963989
1769716235.1598783,25.142358779907227,-10.013285636901855,24.458709716796875,-10.509591102600098,0.8448050022125244
1769716235.1792707,25.128217697143555,-10.084468841552734,24.472259521484375,-10.608922004699707,0.8398408889770508
1769716235.1992795,25.11691665649414,-10.13977336883545,24.393651962280273,-10.564566612243652,0.8387846946716309
1769716235.219549,25.11033821105957,-10.171351432800293,24.399171829223633,-10.608811378479004,0.8349413275718689
1769716235.2398903,25.098617553710938,-10.226570129394531,24.337644577026367,-10.642868041992188,0.8674002289772034
1769716235.2596662,25.090084075927734,-10.26597785949707,24.344009399414062,-10.698266983032227,0.8622658848762512
1769716235.2795024,25.07261085510254,-10.344704627990723,24.331676483154297,-10.755521774291992,0.8472049832344055
1769716235.2993705,25.06186866760254,-10.391883850097656,24.33843994140625,-10.822137832641602,0.8417050838470459
1769716235.319669,25.05093002319336,-10.439018249511719,24.273483276367188,-10.87363338470459,0.8906826972961426
1769716235.3394043,25.037925720214844,-10.493950843811035,24.280548095703125,-10.951462745666504,0.8848373889923096
1769716235.359469,25.026567459106445,-10.540987014770508,24.248868942260742,-10.90462875366211,0.8585180044174194
1769716235.3793795,25.016956329345703,-10.580146789550781,24.193683624267578,-10.974424362182617,0.9128166437149048
1769716235.3993447,25.00327491760254,-10.634916305541992,24.19955062866211,-11.052385330200195,0.9056774377822876
1769716235.4192984,24.981245040893555,-10.720847129821777,24.156715393066406,-11.087943077087402,0.9025566577911377
1769716235.4393208,24.964815139770508,-10.78323745727539,24.162006378173828,-11.177151679992676,0.8942431807518005
1769716235.4594748,24.945924758911133,-10.853318214416504,24.141294479370117,-11.173299789428711,0.865921139717102
1769716235.4796693,24.93093490600586,-10.907744407653809,24.144813537597656,-11.251409530639648,0.8579573631286621
1769716235.5000594,24.909067153930664,-10.985369682312012,24.14902114868164,-11.36301326751709,0.8486946225166321
1769716235.5192327,24.893442153930664,-11.039617538452148,24.054771423339844,-11.361141204833984,0.8981905579566956
1769716235.5393558,24.872974395751953,-11.109253883361816,24.057119369506836,-11.461584091186523,0.8886823654174805
1769716235.559551,24.859088897705078,-11.155608177185059,23.980649948120117,-11.477625846862793,0.9356019496917725
1769716235.5793486,24.854419708251953,-11.171046257019043,23.980947494506836,-11.499940872192383,0.9333402514457703
1769716235.6000345,24.840280532836914,-11.217323303222656,24.007980346679688,-11.469659805297852,0.8697108626365662
1769716235.619515,24.825952529907227,-11.263542175292969,24.008285522460938,-11.536574363708496,0.8620480895042419
1769716235.6394608,24.81871795654297,-11.286629676818848,23.932701110839844,-11.496106147766113,0.9104430675506592
1769716235.6593785,24.796728134155273,-11.355802536010742,23.93222999572754,-11.596414566040039,0.8973572254180908
1769716235.6793823,24.789302825927734,-11.378829002380371,23.924720764160156,-11.589866638183594,0.8899658918380737
1769716235.6993117,24.761676788330078,-11.463130950927734,23.92274284362793,-11.712335586547852,0.8751645088195801
1769716235.7196176,24.746339797973633,-11.509025573730469,23.818038940429688,-11.699142456054688,0.9475690126419067
1769716235.7396696,24.725597381591797,-11.570119857788086,23.815380096435547,-11.788061141967773,0.9359463453292847
1769716235.7593756,24.70452117919922,-11.63110065460205,23.843509674072266,-11.713485717773438,0.8649444580078125
1769716235.779493,24.688495635986328,-11.676759719848633,23.84062957763672,-11.780037879943848,0.8541327714920044
1769716235.7995098,24.655881881713867,-11.767878532409668,23.706724166870117,-11.873252868652344,0.9549895524978638
1769716235.819527,24.64484405517578,-11.798192024230957,23.70413589477539,-11.91749382019043,0.9482444524765015
1769716235.8392746,24.611236572265625,-11.888949394226074,23.648300170898438,-12.006631851196289,0.9701017737388611
1769716235.8597355,24.599868774414062,-11.919140815734863,23.645082473754883,-12.05073070526123,0.9638122320175171
1769716235.8795593,24.576887130737305,-11.979430198669434,23.63817596435547,-12.138809204101562,0.9521445035934448
1769716235.8994505,24.55063819885254,-12.047103881835938,23.60536003112793,-12.118670463562012,0.9479821920394897
1769716235.9193578,24.52397346496582,-12.114616394042969,23.59604835510254,-12.217328071594238,0.9335931539535522
1769716235.9393034,24.508981704711914,-12.15205192565918,23.49720001220703,-12.263741493225098,1.0179264545440674
1769716235.9592376,24.48472785949707,-12.211841583251953,23.487869262695312,-12.351105690002441,1.0065395832061768
1769716235.9793258,24.463237762451172,-12.26404857635498,23.50002098083496,-12.266327857971191,0.9632191061973572
1769716235.9992821,24.435243606567383,-12.33102035522461,23.48339080810547,-12.2430419921875,0.9559085369110107
1769716236.0198734,24.416351318359375,-12.375572204589844,23.475055694580078,-12.308087348937988,0.9437109231948853
1769716236.0395548,24.387670516967773,-12.442254066467285,23.39185905456543,-12.388060569763184,0.9972854852676392
1769716236.0596943,24.365081787109375,-12.493995666503906,23.381092071533203,-12.46352767944336,0.9844614863395691
1769716236.079288,24.33238410949707,-12.567724227905273,23.393535614013672,-12.416467666625977,0.9509544968605042
1769716236.0995135,24.315845489501953,-12.604504585266113,23.385082244873047,-12.470039367675781,0.9404272437095642
1769716236.1192617,24.289125442504883,-12.663235664367676,23.31794548034668,-12.521164894104004,0.981515645980835
1769716236.1393769,24.26548194885254,-12.714505195617676,23.30518341064453,-12.595726013183594,0.9676157832145691
1769716236.1592581,24.231279373168945,-12.78754997253418,23.228158950805664,-12.568931579589844,1.0266666412353516
1769716236.1794977,24.210519790649414,-12.83126449584961,23.216293334960938,-12.632369995117188,1.013926386833191
1769716236.1992843,24.18607521057129,-12.882157325744629,23.15658187866211,-12.648433685302734,1.055691123008728
1769716236.2204127,24.1719970703125,-12.911186218261719,23.148225784301758,-12.690484046936035,1.0472910404205322
1769716236.2395031,24.140033721923828,-12.976360321044922,23.1461124420166,-12.709010124206543,1.0292494297027588
1769716236.2596304,24.11489486694336,-13.026914596557617,23.130558013916016,-12.782060623168945,1.0143345594406128
1769716236.279425,24.074905395507812,-13.106114387512207,23.105215072631836,-12.896306037902832,0.9921285510063171
1769716236.3000138,24.049148559570312,-13.156357765197754,23.04913902282715,-12.87637710571289,1.0384644269943237
1769716236.3198586,24.015682220458984,-13.22077465057373,23.065397262573242,-12.875147819519043,1.0111873149871826
1769716236.3397973,23.99315071105957,-13.263604164123535,23.05025863647461,-12.936605453491211,0.9979841113090515
1769716236.3594859,23.96283531188965,-13.32056713104248,23.00115203857422,-12.996092796325684,1.0149476528167725
1769716236.37927,23.92064666748047,-13.398619651794434,22.9718074798584,-13.107638359069824,0.9924545884132385
1769716236.3995006,23.89349365234375,-13.448123931884766,22.950942993164062,-13.027192115783691,1.0322715044021606
1769716236.4194481,23.870033264160156,-13.490452766418457,22.934133529663086,-13.087430953979492,1.0189865827560425
1769716236.4393108,23.85034942626953,-13.525652885437012,22.948057174682617,-13.061628341674805,1.0146178007125854
1769716236.4595516,23.83054542541504,-13.560786247253418,22.894861221313477,-13.085284233093262,1.049574851989746
1769716236.4793546,23.806623458862305,-13.602856636047363,22.877235412597656,-13.144872665405273,1.0361043214797974
1769716236.4994364,23.77849578857422,-13.651815414428711,22.970287322998047,-13.03192138671875,1.018562912940979
1769716236.5197942,23.75013542175293,-13.700638771057129,22.948932647705078,-13.100777626037598,1.0008795261383057
1769716236.5393372,23.713329315185547,-13.763212203979492,22.830787658691406,-13.192719459533691,1.050877571105957
1769716236.5592687,23.684436798095703,-13.811723709106445,22.80851173400879,-13.260763168334961,1.0347962379455566
1769716236.5793185,23.646949768066406,-13.873892784118652,22.830455780029297,-13.23267936706543,1.0381797552108765
1769716236.5996842,23.621746063232422,-13.915209770202637,22.81061363220215,-13.290305137634277,1.0239341259002686
1769716236.6195667,23.600614547729492,-13.949562072753906,22.758390426635742,-13.329671859741211,1.0457556247711182
1769716236.6392987,23.549419403076172,-14.03171157836914,22.71738624572754,-13.443622589111328,1.018885612487793
1769716236.6594906,23.527889251708984,-14.065816879272461,22.69646644592285,-13.500170707702637,1.0055941343307495
1769716236.6794212,23.480117797851562,-14.14058780670166,22.66679573059082,-13.487320899963379,1.0431928634643555
1769716236.6996791,23.445024490356445,-14.194740295410156,22.60759735107422,-13.496458053588867,1.0903582572937012
1769716236.7193582,23.40519142150879,-14.255431175231934,22.57815170288086,-13.570152282714844,1.0740585327148438
1769716236.7395508,23.378429412841797,-14.295755386352539,22.587915420532227,-13.565963745117188,1.075875997543335
1769716236.7594175,23.33797836303711,-14.356035232543945,22.557607650756836,-13.638640403747559,1.06001615524292
1769716236.7794838,23.30626106262207,-14.402746200561523,22.483768463134766,-13.650239944458008,1.1147913932800293
1769716236.7993176,23.265155792236328,-14.462579727172852,22.44870376586914,-13.730790138244629,1.0964088439941406
1769716236.81932,23.232933044433594,-14.508941650390625,22.52627182006836,-13.677591323852539,1.0911060571670532
1769716236.839664,23.20048713684082,-14.555148124694824,22.43113899230957,-13.761846542358398,1.1050901412963867
1769716236.8595903,23.17717742919922,-14.588057518005371,22.41095542907715,-13.805660247802734,1.095098614692688
1769716236.879774,23.134937286376953,-14.647092819213867,22.37421989440918,-13.883951187133789,1.0775328874588013
1769716236.8993113,23.092336654663086,-14.705866813659668,22.375732421875,-13.877484321594238,1.095326542854309
1769716236.919321,23.044580459594727,-14.770862579345703,22.333749771118164,-13.962767601013184,1.076241374015808
1769716236.9392707,23.00605583190918,-14.822622299194336,22.31378173828125,-13.903685569763184,1.1505165100097656
1769716236.959359,22.952625274658203,-14.893446922302246,22.330190658569336,-13.953688621520996,1.1271952390670776
1769716236.979305,22.928163528442383,-14.925505638122559,22.30841064453125,-13.995080947875977,1.117937684059143
1769716236.9994607,22.898664474487305,-14.963866233825684,22.239004135131836,-14.02413272857666,1.148151159286499
1769716237.019847,22.87396240234375,-14.995739936828613,22.21691131591797,-14.064997673034668,1.1392974853515625
1769716237.039439,22.849151611328125,-15.027528762817383,22.194679260253906,-14.105621337890625,1.1305967569351196
1769716237.0593016,22.824234008789062,-15.059232711791992,22.22049331665039,-14.101544380187988,1.1321083307266235
1769716237.0795174,22.794187545776367,-15.09716510772705,22.260025024414062,-14.090664863586426,1.1394615173339844
1769716237.0993907,22.769031524658203,-15.128680229187012,22.23736000061035,-14.130514144897461,1.1309326887130737
1769716237.119318,22.733633041381836,-15.172656059265137,22.298646926879883,-14.09078598022461,1.1660425662994385
1769716237.1393518,22.68781089782715,-15.228946685791016,22.257204055786133,-14.161287307739258,1.1512250900268555
1769716237.159235,22.65707015991211,-15.266315460205078,22.163631439208984,-14.195907592773438,1.1786675453186035
1769716237.1793034,22.610675811767578,-15.322131156921387,22.121524810791016,-14.265087127685547,1.1647363901138306
1769716237.1993647,22.58475112915039,-15.353015899658203,22.05328369140625,-14.337808609008789,1.1459081172943115
1769716237.2201145,22.537824630737305,-15.4083833694458,22.015317916870117,-14.398163795471191,1.1373465061187744
1769716237.2392223,22.501089096069336,-15.45124626159668,22.006135940551758,-14.411330223083496,1.1516964435577393
1769716237.2599046,22.469440460205078,-15.487845420837402,21.977296829223633,-14.455772399902344,1.143406629562378
1769716237.2798107,22.411026000976562,-15.55460262298584,21.924036026000977,-14.536335945129395,1.1287277936935425
1769716237.299365,22.395008087158203,-15.572732925415039,21.910106658935547,-14.480056762695312,1.1954375505447388
1769716237.319482,22.34134292602539,-15.632927894592285,21.926528930664062,-14.573562622070312,1.1376839876174927
1769716237.339416,22.31435775756836,-15.662886619567871,21.901918411254883,-14.609159469604492,1.1315680742263794
1769716237.3593228,22.249170303344727,-15.73440933227539,21.836400985717773,-14.648209571838379,1.1619839668273926
1769716237.379367,22.194400787353516,-15.793599128723145,21.786508560180664,-14.717529296875,1.1507833003997803
1769716237.3992898,22.150291442871094,-15.840679168701172,21.775468826293945,-14.706039428710938,1.1949479579925537
1769716237.4194949,22.117040634155273,-15.87583065032959,21.745237350463867,-14.746721267700195,1.1887494325637817
1769716237.439581,22.083646774291992,-15.910843849182129,21.77024269104004,-14.798851013183594,1.1553138494491577
1769716237.4594412,22.055706024169922,-15.939916610717773,21.74488639831543,-14.8322172164917,1.1504812240600586
1769716237.4793253,22.027667999267578,-15.968893051147461,21.70252799987793,-14.865729331970215,1.1500813961029053
1769716237.499411,21.99388885498047,-16.003538131713867,21.67193603515625,-14.905189514160156,1.144561767578125
1769716237.519246,21.95996856689453,-16.038042068481445,21.73029136657715,-14.868966102600098,1.191423773765564
1769716237.5394578,21.914520263671875,-16.083831787109375,21.689254760742188,-14.920641899108887,1.1848012208938599
1769716237.559443,21.851619720458984,-16.146381378173828,21.624540328979492,-15.003443717956543,1.1652766466140747
1769716237.5797791,21.828628540039062,-16.169008255004883,21.651498794555664,-15.007940292358398,1.1745020151138306
1769716237.5996678,21.7998046875,-16.197202682495117,21.625625610351562,-15.03929328918457,1.1709368228912354
1769716237.61935,21.741863250732422,-16.2532958984375,21.586963653564453,-15.116129875183105,1.1476664543151855
1769716237.6396356,21.677684783935547,-16.31453514099121,21.52968978881836,-15.183432579040527,1.1407428979873657
1769716237.6594377,21.630720138549805,-16.358766555786133,21.510461807250977,-15.253205299377441,1.1120827198028564
1769716237.679261,21.577592849731445,-16.408218383789062,21.46858787536621,-15.300943374633789,1.112626552581787
1769716237.6992917,21.536062240600586,-16.44645118713379,21.460533142089844,-15.305715560913086,1.143233299255371
1769716237.7194054,21.506284713745117,-16.4736385345459,21.434276580810547,-15.335020065307617,1.1408928632736206
1769716237.7394783,21.470426559448242,-16.506128311157227,21.45273780822754,-15.385641098022461,1.1206263303756714
1769716237.7592423,21.434436798095703,-16.538469314575195,21.42115592956543,-15.420278549194336,1.118268609046936
1769716237.7796447,21.410367965698242,-16.559946060180664,21.411876678466797,-15.402488708496094,1.1574586629867554
1769716237.7995036,21.368106842041016,-16.59737205505371,21.369686126708984,-15.448018074035645,1.1493563652038574
1769716237.8193774,21.31958770751953,-16.639896392822266,21.332725524902344,-15.487473487854004,1.1524970531463623
1769716237.8394835,21.301334381103516,-16.655773162841797,21.288515090942383,-15.652803421020508,1.0030511617660522
1769716237.8595674,21.22798728942871,-16.718902587890625,21.225051879882812,-15.719383239746094,0.999524712562561
1769716237.8793213,21.221851348876953,-16.724136352539062,21.219758987426758,-15.724885940551758,0.9992526769638062
1769716237.8995638,21.135574340820312,-16.796958923339844,21.16275978088379,-15.82201099395752,0.9753273129463196
1769716237.9198065,21.123191833496094,-16.807294845581055,21.15216064453125,-15.83281135559082,0.9749143123626709
1769716237.9396021,21.036115646362305,-16.879161834716797,21.10602378845215,-15.88154411315918,1.0000648498535156
1769716237.9595652,21.017366409301758,-16.894453048706055,21.075923919677734,-15.909782409667969,0.9864102005958557
1769716237.9795957,20.935754776000977,-16.960262298583984,21.0069522857666,-15.977988243103027,0.9848511219024658
1769716237.999278,20.90420913696289,-16.98537826538086,20.980419158935547,-16.00395393371582,0.9843778014183044
1769716238.0192664,20.866241455078125,-17.01537322998047,20.942729949951172,-16.038869857788086,0.9794952869415283
1769716238.0394185,20.8154239654541,-17.05512237548828,20.90268898010254,-16.116615295410156,0.9425550103187561
1769716238.0594673,20.75159454345703,-17.104412078857422,20.849611282348633,-16.1673583984375,0.942167341709137
1769716238.0798838,20.713132858276367,-17.13377571105957,20.859312057495117,-16.17455291748047,0.9702965617179871
1769716238.099502,20.68742561340332,-17.153261184692383,20.83808135986328,-16.194581985473633,0.9704444408416748
1769716238.1195207,20.661663055419922,-17.17267608642578,20.78553009033203,-16.28604507446289,0.8952412009239197
1769716238.1396973,20.59702491760254,-17.220901489257812,20.732458114624023,-16.335588455200195,0.8956127762794495
1769716238.1593466,20.51902198791504,-17.278181076049805,20.694042205810547,-16.355880737304688,0.9387615919113159
1769716238.1795936,20.460208892822266,-17.320716857910156,20.64628791809082,-16.399612426757812,0.9397115707397461
1769716238.1995068,20.39455223083496,-17.36754608154297,20.593231201171875,-16.44782257080078,0.9409391283988953
1769716238.219293,20.341793060302734,-17.404682159423828,20.550790786743164,-16.486116409301758,0.9420413374900818
1769716238.2393305,20.295461654663086,-17.43693733215332,20.560043334960938,-16.6181583404541,0.8604656457901001
1769716238.2593985,20.268917083740234,-17.45526695251465,20.5388240814209,-16.63712501525879,0.8615143895149231
1769716238.2793353,20.222341537475586,-17.487167358398438,20.488941192626953,-16.70177459716797,0.8294075727462769
1769716238.2994132,20.18897819519043,-17.509817123413086,20.46241569519043,-16.725299835205078,0.8308027386665344
1769716238.3194313,20.12872886657715,-17.55029296875,20.356599807739258,-16.83931541442871,0.7466020584106445
1769716238.3398466,20.07496452331543,-17.585956573486328,20.314157485961914,-16.876605987548828,0.7485923767089844
1769716238.359747,20.0210018157959,-17.621322631835938,20.350425720214844,-16.875099182128906,0.8157018423080444
1769716238.3799105,19.97362518310547,-17.652021408081055,20.31328010559082,-16.907466888427734,0.8183683156967163
1769716238.3993475,19.91249656677246,-17.6911563873291,20.22871971130371,-17.01057243347168,0.750460684299469
1769716238.4194064,19.857955932617188,-17.725622177124023,20.186250686645508,-17.04730224609375,0.7535870671272278
1769716238.439431,19.810077667236328,-17.755531311035156,20.160419464111328,-17.099414825439453,0.743793785572052
1769716238.4597387,19.755184173583984,-17.7894287109375,20.1179256439209,-17.135955810546875,0.7474008798599243
1769716238.479869,19.720781326293945,-17.81045913696289,20.050209045410156,-17.194665908813477,0.698371410369873
1769716238.4999354,19.686307907104492,-17.831371307373047,20.023635864257812,-17.21743392944336,0.7005056738853455
1769716238.5196395,19.617145538330078,-17.87283706665039,19.931190490722656,-17.327417373657227,0.6293705701828003
1769716238.5394058,19.58245849609375,-17.893390655517578,19.899272918701172,-17.354658126831055,0.6249828934669495
1769716238.559348,19.526813507080078,-17.926027297973633,19.900522232055664,-17.35197639465332,0.6849743127822876
1769716238.5794537,19.45001220703125,-17.970396041870117,19.841938018798828,-17.401844024658203,0.6905496120452881
1769716238.6001062,19.386924743652344,-18.006261825561523,19.78135108947754,-17.499399185180664,0.6422476172447205
1769716238.6197298,19.316572189331055,-18.045652389526367,19.727994918823242,-17.54473114013672,0.6482217907905579
1769716238.6396964,19.27423095703125,-18.06905174255371,19.739622116088867,-17.544239044189453,0.701440691947937
1769716238.6592894,19.210538864135742,-18.10382080078125,19.632925033569336,-17.672534942626953,0.6036713123321533
1769716238.679578,19.19635581970215,-18.111494064331055,19.62222671508789,-17.681621551513672,0.6051090359687805
1769716238.6993866,19.13951873779297,-18.141986846923828,19.57941246032715,-17.71800994873047,0.6109525561332703
1769716238.7196987,19.082515716552734,-18.172163009643555,19.57794952392578,-17.724641799926758,0.6676307916641235
1769716238.739387,19.068239212036133,-18.179658889770508,19.56722640991211,-17.7337646484375,0.6691847443580627
1769716238.7593648,18.97519302368164,-18.227888107299805,19.481327056884766,-17.806955337524414,0.6582980155944824
1769716238.7793832,18.953659057617188,-18.23889923095703,19.46520233154297,-17.820707321166992,0.6607280373573303
1769716238.7993898,18.860088348388672,-18.286090850830078,19.421791076660156,-17.880117416381836,0.6930547952651978
1769716238.8193002,18.831212997436523,-18.30044174194336,19.387720108032227,-17.93943977355957,0.6633424758911133
1769716238.8394072,18.773344039916992,-18.328903198242188,19.344558715820312,-17.976442337036133,0.6712039113044739
1769716238.8593905,18.722579956054688,-18.353540420532227,19.19770622253418,-18.0811767578125,0.5476553440093994
1769716238.8795166,18.686248779296875,-18.370988845825195,19.17066192626953,-18.10445213317871,0.5528994202613831
1769716238.8994784,18.627994537353516,-18.39864158630371,19.087583541870117,-18.1792049407959,0.5092884302139282
1769716238.9195087,18.56227684020996,-18.429363250732422,19.038761138916016,-18.221435546875,0.5198763012886047
1769716238.939359,18.496370315551758,-18.459674835205078,19.067665100097656,-18.203636169433594,0.6260455250740051
1769716238.9598582,18.459674835205078,-18.476335525512695,19.040451049804688,-18.227319717407227,0.6319112181663513
1769716238.9795725,18.408205032348633,-18.499446868896484,19.00230598449707,-18.26059913635254,0.6403160095214844
1769716238.9994783,18.356624603271484,-18.522306442260742,18.88139533996582,-18.399202346801758,0.5390174388885498
1769716239.019469,18.312326431274414,-18.541702270507812,18.817405700683594,-18.43796157836914,0.515624463558197
1769716239.0395596,18.238317489624023,-18.57361602783203,18.762653350830078,-18.486188888549805,0.5315746068954468
1769716239.059679,18.19380760192871,-18.59251594543457,18.796316146850586,-18.472280502319336,0.6143879294395447
1769716239.079315,18.097105026245117,-18.632831573486328,18.7248477935791,-18.53577423095703,0.6352013349533081
1769716239.0992675,18.037418365478516,-18.65720558166504,18.632549285888672,-18.593236923217773,0.5985587239265442
1769716239.1193285,17.970109939575195,-18.684228897094727,18.582841873168945,-18.63783836364746,0.6144856810569763
1769716239.1392207,17.887619018554688,-18.716686248779297,18.57436180114746,-18.661165237426758,0.6889817118644714
1769716239.1596577,17.865079879760742,-18.72542953491211,18.557722091674805,-18.676237106323242,0.6943860650062561
1769716239.179288,17.834999084472656,-18.73701286315918,18.49651527404785,-18.700244903564453,0.6625380516052246
1769716239.199337,17.789817810058594,-18.754230499267578,18.463165283203125,-18.730602264404297,0.6737619042396545
1769716239.2193172,17.737016677856445,-18.774080276489258,18.404842376708984,-18.743986129760742,0.6685024499893188
1769716239.2398293,17.691682815551758,-18.790889739990234,18.311782836914062,-18.820173263549805,0.6207903027534485
1769716239.259395,17.61597442626953,-18.818485260009766,18.255895614624023,-18.871681213378906,0.64212965965271
1769716239.2793815,17.55527114868164,-18.84018325805664,18.234682083129883,-18.904272079467773,0.6824274659156799
1769716239.2994227,17.48683738708496,-18.86418914794922,18.18415641784668,-18.95134162902832,0.7027441263198853
1769716239.319496,17.425884246826172,-18.885168075561523,18.13914680480957,-18.993494033813477,0.7214417457580566
1769716239.3394418,17.364816665649414,-18.905807495117188,18.074424743652344,-19.025724411010742,0.7196692228317261
1769716239.3597038,17.318941116333008,-18.921064376831055,18.040536880493164,-19.057762145996094,0.7344297766685486
1769716239.380619,17.25767707824707,-18.94110870361328,17.962621688842773,-19.098129272460938,0.7222201824188232
1769716239.3993464,17.2039794921875,-18.9583683013916,17.88883399963379,-19.116777420043945,0.702934741973877
1769716239.4192977,17.16557502746582,-18.970537185668945,17.86044692993164,-19.143964767456055,0.7161872386932373
1769716239.439328,17.09634017944336,-18.992103576660156,17.794034957885742,-19.165681838989258,0.7189623117446899
1769716239.4593003,17.05010986328125,-19.006240844726562,17.75984764099121,-19.1987247467041,0.7353752255439758
1769716239.4794772,16.9652042388916,-19.031660079956055,17.697038650512695,-19.259756088256836,0.7665569186210632
1769716239.4994032,16.91880989074707,-19.045251846313477,17.65294075012207,-19.264638900756836,0.7662099003791809
1769716239.5193746,16.8491153717041,-19.065279006958008,17.590286254882812,-19.281391143798828,0.7720361351966858
1769716239.5395632,16.818099975585938,-19.074039459228516,17.567323684692383,-19.304018020629883,0.7837252020835876
1769716239.5596032,16.763765335083008,-19.089162826538086,17.506868362426758,-19.34528350830078,0.7860026359558105
1769716239.5796897,16.701580047607422,-19.106124877929688,17.46080207824707,-19.39103126525879,0.8109199404716492
1769716239.599383,16.670452117919922,-19.11447525024414,17.4494686126709,-19.396757125854492,0.8285834193229675
1769716239.619847,16.592533111572266,-19.13497543334961,17.385934829711914,-19.46036148071289,0.8575333952903748
1769716239.6395507,16.537906646728516,-19.149003982543945,17.335947036743164,-19.420345306396484,0.8429093956947327
1769716239.6595356,16.451929092407227,-19.17051124572754,17.272178649902344,-19.48481559753418,0.8784063458442688
1769716239.6794887,16.38146209716797,-19.187620162963867,17.23353385925293,-19.51265525817871,0.9119606614112854
1769716239.6997466,16.318737030029297,-19.20245933532715,17.186981201171875,-19.560203552246094,0.9390561580657959
1769716239.7194812,16.248075485229492,-19.21873664855957,17.084728240966797,-19.56500816345215,0.9054790735244751
1769716239.7394164,16.216638565063477,-19.225828170776367,17.061384201049805,-19.589040756225586,0.919521689414978
1769716239.7592487,16.145832061767578,-19.24146842956543,17.008798599243164,-19.64335823059082,0.9519593715667725
1769716239.7793257,16.082813262939453,-19.25499725341797,16.897253036499023,-19.62677001953125,0.8952809572219849
1769716239.799701,16.027610778808594,-19.26654815673828,16.856237411499023,-19.66946792602539,0.9213944673538208
1769716239.8194902,15.980249404907227,-19.276235580444336,16.792621612548828,-19.702096939086914,0.9172269105911255
1769716239.8393164,15.909133911132812,-19.29039764404297,16.739768981933594,-19.757469177246094,0.9529489278793335
1769716239.859562,15.845847129821777,-19.3026123046875,16.692731857299805,-19.80693244934082,0.9856733083724976
1769716239.8793702,15.774569511413574,-19.315933227539062,16.631988525390625,-19.8031005859375,0.9861541390419006
1769716239.8995712,15.758718490600586,-19.31883430480957,16.63027000427246,-19.746381759643555,0.9707728624343872
1769716239.9193935,15.695276260375977,-19.330211639404297,16.58310890197754,-19.796356201171875,1.002764344215393
1769716239.9393663,15.639713287353516,-19.339879989624023,16.541805267333984,-19.84024429321289,1.0315688848495483
1769716239.9595425,15.576156616210938,-19.350597381591797,16.48383140563965,-19.797611236572266,1.0117781162261963
1769716239.9796333,15.528450012207031,-19.3584041595459,16.448368072509766,-19.835481643676758,1.036269187927246
1769716239.999619,15.464792251586914,-19.36850357055664,16.341205596923828,-19.856550216674805,1.0031399726867676
1769716240.0195413,15.417012214660645,-19.375844955444336,16.305692672729492,-19.894638061523438,1.0290279388427734
1769716240.0400681,15.337311744689941,-19.38763999938965,16.233938217163086,-19.86223602294922,1.0144845247268677
1769716240.059593,15.281474113464355,-19.395566940307617,16.19244384765625,-19.906936645507812,1.044683575630188
1769716240.0795476,15.21761417388916,-19.404293060302734,16.07724380493164,-19.92861557006836,1.0069140195846558
1769716240.0998738,15.1776762008667,-19.40956687927246,16.034332275390625,-19.858753204345703,0.9672772884368896
1769716240.1195455,15.081754684448242,-19.421659469604492,15.963083267211914,-19.93587303161621,1.0203702449798584
1769716240.139534,15.041757583618164,-19.42646026611328,15.933381080627441,-19.968067169189453,1.0432302951812744
1769716240.1594038,14.945699691772461,-19.43741798400879,15.818136215209961,-19.982234954833984,1.0285766124725342
1769716240.1795855,14.889623641967773,-19.44344139099121,15.733531951904297,-19.950464248657227,0.9845062494277954
1769716240.199593,14.865582466125488,-19.445940017700195,15.715690612792969,-19.9698543548584,0.9985840916633606
1769716240.2197149,14.849552154541016,-19.44757843017578,15.703795433044434,-19.982786178588867,1.008056640625
1769716240.2400613,14.777386665344238,-19.45467758178711,15.706425666809082,-19.999666213989258,1.077091932296753
1769716240.2599826,14.761343002319336,-19.456193923950195,15.694525718688965,-20.012609481811523,1.0864747762680054
1769716240.280747,14.70517635345459,-19.46132469177246,15.542009353637695,-20.017099380493164,1.004576563835144
1769716240.2994308,14.68912410736084,-19.46274185180664,15.530107498168945,-20.030046463012695,1.0144394636154175
1769716240.3195558,14.584736824035645,-19.471405029296875,15.40396499633789,-20.09797477722168,1.031370997428894
1769716240.339853,14.552600860595703,-19.473880767822266,15.39016056060791,-20.025447845458984,1.0028613805770874
1769716240.3594687,14.456154823303223,-19.48077964782715,15.318714141845703,-20.10308837890625,1.0636157989501953
1769716240.3798363,14.43203353881836,-19.482379913330078,15.294897079467773,-20.128950119018555,1.0782337188720703
1769716240.3994637,14.327472686767578,-19.488739013671875,15.140071868896484,-20.12890625,1.034472107887268
1769716240.419663,14.319426536560059,-19.48918914794922,15.080729484558105,-20.03184700012207,0.9349125623703003
1769716240.4393265,14.21480655670166,-19.494535446166992,15.003316879272461,-20.115629196166992,1.003745198249817
1769716240.4593937,14.158452987670898,-19.497026443481445,14.900239944458008,-20.094160079956055,0.9522690176963806
1769716240.4792979,14.094033241271973,-19.499540328979492,14.85260009765625,-20.145511627197266,0.9963446855545044
1769716240.499402,14.077926635742188,-19.500112533569336,14.762603759765625,-20.057260513305664,0.8827221393585205
1769716240.5194628,13.973212242126465,-19.503293991088867,14.685189247131348,-20.140403747558594,0.9554159045219421
1769716240.53941,13.916815757751465,-19.50461769104004,14.643502235412598,-20.185022354125977,0.9955019354820251
1769716240.5592792,13.852355003356934,-19.50579833984375,14.616150856018066,-20.158058166503906,1.0044033527374268
1769716240.5794792,13.828180313110352,-19.506149291992188,14.525622367858887,-20.066417694091797,0.8946086764335632
1769716240.5999472,13.755651473999023,-19.50690269470215,14.472015380859375,-20.12335777282715,0.9450886249542236
1769716240.6195555,13.699237823486328,-19.507177352905273,14.397302627563477,-20.093036651611328,0.911331057548523
1769716240.6396127,13.63476276397705,-19.507158279418945,14.349637031555176,-20.14328956604004,0.9569259285926819
1769716240.6595833,13.578347206115723,-19.506851196289062,14.202471733093262,-20.088027954101562,0.8528174757957458
1769716240.6795962,13.521933555603027,-19.506271362304688,14.160744667053223,-20.131669998168945,0.8939821124076843
1769716240.6996207,13.43328857421875,-19.504810333251953,14.163309097290039,-20.118026733398438,0.9533964991569519
1769716240.719602,13.376883506774902,-19.50353240966797,14.046781539916992,-20.04690170288086,0.8625630140304565
1769716240.7392354,13.304372787475586,-19.501487731933594,13.99305534362793,-20.10215187072754,0.9138274788856506
1769716240.759386,13.272149085998535,-19.500436782836914,13.969165802001953,-20.126602172851562,0.9369717836380005
1769716240.7796495,13.207711219787598,-19.498064041137695,13.861332893371582,-20.041030883789062,0.8497246503829956
1769716240.7993903,13.14328670501709,-19.495338439941406,13.813493728637695,-20.08945655822754,0.895629346370697
1769716240.8197246,13.127182960510254,-19.49460220336914,13.68725872039795,-19.9853572845459,0.7446649670600891
1769716240.8395498,13.04667854309082,-19.490585327148438,13.603572845458984,-19.97547721862793,0.7384111881256104
1769716240.859323,12.982295036315918,-19.486974716186523,13.555624961853027,-20.023170471191406,0.7849933505058289
1769716240.879567,12.934020042419434,-19.484033584594727,13.378999710083008,-19.93760108947754,0.6353980302810669
1769716240.8995893,12.845547676086426,-19.478124618530273,13.312926292419434,-20.00234031677246,0.7023146152496338
1769716240.9195151,12.765157699584961,-19.472171783447266,13.252758026123047,-20.060651779174805,0.7642405033111572
1769716240.9393218,12.700875282287598,-19.467010498046875,13.204545021057129,-20.106916427612305,0.8143481612205505
1769716240.9592643,12.63662052154541,-19.461496353149414,12.967667579650879,-19.85930824279785,0.5175374150276184
1769716240.9795349,12.580423355102539,-19.456382751464844,12.925347328186035,-19.899187088012695,0.5612921118736267
1769716240.9994898,12.524250030517578,-19.450998306274414,12.784111976623535,-19.847734451293945,0.4742661416530609
1769716241.01965,12.47612190246582,-19.4461669921875,12.753783226013184,-19.875816345214844,0.5115596652030945
1769716241.0396118,12.444047927856445,-19.44283676147461,12.74538803100586,-19.780010223388672,0.4522070586681366
1769716241.0592558,12.40396785736084,-19.43855094909668,12.714987754821777,-19.807823181152344,0.4827995300292969
1769716241.0793586,12.36390209197998,-19.434125900268555,12.540623664855957,-19.76629066467285,0.3762497305870056
1769716241.0996344,12.323851585388184,-19.429563522338867,12.510135650634766,-19.793798446655273,0.40910735726356506
1769716241.1200855,12.275811195373535,-19.423906326293945,12.408479690551758,-19.788700103759766,0.38816970586776733
1769716241.1400535,12.195796012878418,-19.414039611816406,12.34723949432373,-19.842870712280273,0.45478829741477966
1769716241.1592515,12.12384033203125,-19.404687881469727,12.299092292785645,-19.73951530456543,0.37791842222213745
1769716241.179908,12.051942825317383,-19.394893646240234,12.243602752685547,-19.787193298339844,0.4366146922111511
1769716241.1993022,11.972127914428711,-19.383487701416016,12.058744430541992,-19.68340301513672,0.3121727705001831
1769716241.2197163,11.940223693847656,-19.378772735595703,12.033910751342773,-19.704153060913086,0.33860015869140625
1769716241.239302,11.868487358093262,-19.367841720581055,11.973814964294434,-19.590961456298828,0.246730774641037
1769716241.2596767,11.788858413696289,-19.355178833007812,11.911255836486816,-19.641742706298828,0.3116089701652527
1769716241.2793634,11.725218772888184,-19.34465217590332,11.784270286560059,-19.56055450439453,0.2238326370716095
1769716241.2997851,11.68547248840332,-19.3378963470459,11.75273323059082,-19.585405349731445,0.2564837634563446
1769716241.3194537,11.637807846069336,-19.32961082458496,11.71476936340332,-19.614990234375,0.295575350522995
1769716241.3395255,11.598113059997559,-19.322553634643555,11.516016006469727,-19.461088180541992,0.16103357076644897
1769716241.3596818,11.566374778747559,-19.31681251525879,11.386387825012207,-19.44226837158203,0.21939650177955627
1769716241.3794205,11.518796920776367,-19.308034896850586,11.288708686828613,-19.402297973632812,0.24864889681339264
1769716241.3992994,11.455415725708008,-19.2960262298584,11.237399101257324,-19.44047737121582,0.2615293264389038
1769716241.4196484,11.4158353805542,-19.288345336914062,11.205191612243652,-19.46410369873047,0.27433910965919495
1769716241.4395351,11.352561950683594,-19.275772094726562,11.183116912841797,-19.371736526489258,0.19473300874233246
1769716241.4594228,11.281462669372559,-19.261211395263672,11.124526977539062,-19.413259506225586,0.21851132810115814
1769716241.4793704,11.210453033447266,-19.246212005615234,10.997919082641602,-19.329349517822266,0.228215754032135
1769716241.499551,11.171042442321777,-19.237689971923828,10.964970588684082,-19.35181427001953,0.23556312918663025
1769716241.519483,11.100178718566895,-19.222007751464844,10.794934272766113,-19.279348373413086,0.3105834126472473
1769716241.539515,11.029411315917969,-19.205890655517578,10.752205848693848,-19.22858428955078,0.27813246846199036
1769716241.5601254,10.958744049072266,-19.189334869384766,10.691646575927734,-19.267282485961914,0.27823904156684875
1769716241.5797348,10.896015167236328,-19.174253463745117,10.513766288757324,-19.209863662719727,0.38390445709228516
1769716241.5998409,10.841196060180664,-19.16077423095703,10.465974807739258,-19.23908042907715,0.38330477476119995
1769716241.6193278,10.825545310974121,-19.156875610351562,10.452261924743652,-19.247356414794922,0.3840922713279724
1769716241.639274,10.786441802978516,-19.14703369140625,10.341570854187012,-19.218156814575195,0.4505210518836975
1769716241.6592867,10.7473726272583,-19.13705825805664,10.294079780578613,-19.12442398071289,0.453468382358551
1769716241.6793294,10.684932708740234,-19.120819091796875,10.238419532775879,-19.15656280517578,0.4479416310787201
1769716241.6992779,10.661540985107422,-19.114641189575195,10.217430114746094,-19.168479919433594,0.44736188650131226
1769716241.7192292,10.57588005065918,-19.091577529907227,9.94472599029541,-19.07638931274414,0.6313366889953613
1769716241.7393162,10.560324668884277,-19.08731460571289,10.020246505737305,-19.167531967163086,0.5460023880004883
1769716241.7594757,10.498159408569336,-19.070051193237305,9.963179588317871,-19.19809341430664,0.5500897169113159
1769716241.779457,10.443843841552734,-19.05466651916504,10.187259674072266,-19.220104217529297,0.3052957355976105
1769716241.7992744,10.397346496582031,-19.041271209716797,10.143796920776367,-19.242324829101562,0.32358789443969727
1769716241.8193269,10.343169212341309,-19.02540397644043,10.092718124389648,-19.26786231994629,0.3485845923423767
1769716241.839553,10.30451774597168,-19.0139102935791,10.027040481567383,-19.166446685791016,0.31663957238197327
1769716241.8593779,10.258188247680664,-18.99994468688965,9.982677459716797,-19.1877498626709,0.33343178033828735
1769716241.879445,10.20421028137207,-18.983409881591797,9.830678939819336,-19.131481170654297,0.40180885791778564
1769716241.8997345,10.173401832580566,-18.973846435546875,9.800683975219727,-19.14527130126953,0.41024914383888245
1769716241.9201136,10.111863136291504,-18.954465866088867,9.56062126159668,-19.07044219970703,0.5633096098899841
1769716241.9393678,10.058103561401367,-18.937231063842773,9.507274627685547,-19.0937557220459,0.5726364850997925
1769716241.9594529,10.019755363464355,-18.924762725830078,9.198412895202637,-18.98027801513672,0.8232166171073914
1769716241.9796164,9.958487510681152,-18.904541015625,9.209309577941895,-18.936800003051758,0.7498719692230225
1769716241.9999127,9.889694213867188,-18.881389617919922,9.138941764831543,-18.965110778808594,0.7554055452346802
1769716242.019401,9.805808067321777,-18.852519989013672,9.382946014404297,-19.020889282226562,0.4551483690738678
1769716242.0393155,9.76775074005127,-18.839189529418945,9.342975616455078,-19.035812377929688,0.4680752158164978
1769716242.0594401,9.699362754821777,-18.81486701965332,9.189144134521484,-19.016761779785156,0.5487115383148193
1769716242.0794659,9.646276473999023,-18.795658111572266,9.132136344909668,-19.036705017089844,0.5678418278694153
1769716242.0996215,9.563040733337402,-18.76495933532715,9.041548728942871,-19.067148208618164,0.6027207374572754
1769716242.1193748,9.51773738861084,-18.74795150756836,8.991617202758789,-19.083288192749023,0.6239017844200134
1769716242.1398795,9.510193824768066,-18.745100021362305,9.093056678771973,-18.892194747924805,0.44231247901916504
1769716242.1595013,9.44991397857666,-18.722091674804688,9.039917945861816,-18.99519157409668,0.49262508749961853
1769716242.179663,9.404787063598633,-18.704622268676758,8.936327934265137,-18.832805633544922,0.48567995429039
1769716242.1994562,9.359731674194336,-18.686965942382812,8.885099411010742,-18.847789764404297,0.5011383295059204
1769716242.2200496,9.322240829467773,-18.67211151123047,8.871346473693848,-18.806894302368164,0.47060850262641907
1769716242.2398763,9.284801483154297,-18.65713119506836,8.82811450958252,-18.81889533996582,0.48449018597602844
1769716242.2600448,9.262361526489258,-18.648080825805664,8.802051544189453,-18.82598304748535,0.4934932291507721
1769716242.2794483,9.225004196166992,-18.63289451599121,8.520967483520508,-18.696767807006836,0.706928014755249
1769716242.2999856,9.180243492126465,-18.614501953125,8.468255996704102,-18.710412979125977,0.7184188365936279
1769716242.319319,9.150444984436035,-18.602140426635742,8.371228218078613,-18.59203338623047,0.7792826890945435
1769716242.339248,9.120680809020996,-18.589696884155273,8.214598655700684,-18.53621482849121,0.9076588749885559
1769716242.3592892,9.061253547668457,-18.564563751220703,8.14309310913086,-18.55327606201172,0.9182303547859192
1769716242.3795924,9.009367942810059,-18.542308807373047,8.25576400756836,-18.52606201171875,0.7537791728973389
1769716242.3994188,8.942814826965332,-18.513330459594727,8.173919677734375,-18.54392433166504,0.7695040702819824
1769716242.4196713,8.90591812133789,-18.497055053710938,8.25027084350586,-18.5201358795166,0.6560538411140442
1769716242.4397855,8.87644100189209,-18.483943939208984,8.213440895080566,-18.527629852294922,0.6644375920295715
1769716242.459614,8.817594528198242,-18.45747947692871,8.189140319824219,-18.503870010375977,0.6301639080047607
1769716242.4803793,8.758892059326172,-18.430694580078125,8.105010986328125,-18.51946258544922,0.6598790287971497
1769716242.5000384,8.678417205810547,-18.39334487915039,8.01063346862793,-18.535858154296875,0.6828213930130005
1769716242.5196073,8.627352714538574,-18.369260787963867,8.036396026611328,-18.338468551635742,0.5917581915855408
1769716242.539628,8.554603576660156,-18.334434509277344,7.976262092590332,-18.31095314025879,0.5788177251815796
1769716242.5595055,8.511068344116211,-18.31330108642578,7.918263912200928,-18.31930923461914,0.5928343534469604
1769716242.579462,8.467619895935059,-18.291988372802734,7.89287805557251,-18.254716873168945,0.57594895362854
1769716242.6003816,8.41703987121582,-18.26690101623535,7.824451446533203,-18.263595581054688,0.5925981998443604
1769716242.6198032,8.35218620300293,-18.234289169311523,7.784670829772949,-18.205827713012695,0.5682291984558105
1769716242.6397169,8.301883697509766,-18.208648681640625,7.705369472503662,-18.21465492248535,0.5965447425842285
1769716242.6597652,8.223084449768066,-18.167875289916992,7.646438121795654,-18.101654052734375,0.580436646938324
1769716242.6800342,8.187368392944336,-18.149145126342773,7.596226215362549,-18.106340408325195,0.592690110206604
1769716242.699402,8.130355834960938,-18.118925094604492,7.5669636726379395,-18.01673126220703,0.5725857615470886
1769716242.72012,8.073509216308594,-18.088394165039062,7.475588798522949,-18.02379608154297,0.6013993620872498
1769716242.739894,8.009756088256836,-18.05367660522461,7.418434143066406,-17.949308395385742,0.6004612445831299
1769716242.7598467,7.967372417449951,-18.03031349182129,7.346597671508789,-17.953659057617188,0.6254897117614746
1769716242.7794456,7.911010265350342,-17.99889373779297,7.3795928955078125,-17.897676467895508,0.540971040725708
1769716242.7992465,7.8408002853393555,-17.959186553955078,7.275993347167969,-17.902297973632812,0.5676647424697876
1769716242.8194253,7.784827709197998,-17.92707633972168,7.192691326141357,-17.905250549316406,0.5925387740135193
1769716242.8394344,7.722068786621094,-17.890588760375977,7.052495956420898,-17.67296600341797,0.7040507197380066
1769716242.8593724,7.673411846160889,-17.861942291259766,7.115209579467773,-17.675275802612305,0.5885869860649109
1769716242.8792863,7.631814956665039,-17.837203979492188,7.052004337310791,-17.67605972290039,0.6017872095108032
1769716242.8992574,7.569610595703125,-17.799776077270508,6.95688009262085,-17.676532745361328,0.6250021457672119
1769716242.9193826,7.521388053894043,-17.770402908325195,6.853940010070801,-17.506736755371094,0.7176401615142822
1769716242.9394975,7.473306655883789,-17.740798950195312,6.8899359703063965,-17.500112533569336,0.6310719847679138
1769716242.9594579,7.445895195007324,-17.723779678344727,6.84731388092041,-17.499465942382812,0.6392306685447693
1769716242.9796228,7.404865264892578,-17.698108673095703,6.794070243835449,-17.386289596557617,0.6857858896255493
1769716242.9994407,7.35713005065918,-17.667949676513672,6.719191551208496,-17.38431739807129,0.6981497406959534
1769716243.019279,7.30275297164917,-17.633203506469727,6.697793006896973,-17.305017471313477,0.6882455945014954
1769716243.0395546,7.255329608917236,-17.602558135986328,6.622583866119385,-17.30194854736328,0.7005234360694885
1769716243.0595107,7.208053112030029,-17.571687698364258,6.6199951171875,-17.179502487182617,0.7068385481834412
1769716243.07962,7.140772819519043,-17.52719497680664,6.512148380279541,-17.173498153686523,0.721297562122345
1769716243.099846,7.127353191375732,-17.51824188232422,6.543607711791992,-17.09326934814453,0.7220526933670044
1769716243.119252,7.08048152923584,-17.48676300048828,6.467954158782959,-17.088300704956055,0.7307262420654297
1769716243.139572,7.007132053375244,-17.43684196472168,6.48846435546875,-17.06503677368164,0.6381661295890808
1769716243.159669,6.980552673339844,-17.418554306030273,6.4451189041137695,-17.061511993408203,0.6435593962669373
1769716243.179327,6.9143242835998535,-17.372516632080078,6.344758033752441,-16.991609573364258,0.6851977705955505
1769716243.1995058,6.861569404602051,-17.33536148071289,6.257910251617432,-16.98323631286621,0.6988534331321716
1769716243.2194157,6.802464008331299,-17.2932186126709,6.236920356750488,-16.851272583007812,0.7177439332008362
1769716243.2393184,6.750144958496094,-17.255455017089844,6.149973392486572,-16.841503143310547,0.7290828824043274
1769716243.259307,6.698033332824707,-17.2174072265625,6.158764362335205,-16.75316047668457,0.7115728855133057
1769716243.2792733,6.646130561828613,-17.179075241088867,6.0717854499816895,-16.74208641052246,0.721686601638794
1769716243.299464,6.633187770843506,-17.16944694519043,6.0649333000183105,-16.62129020690918,0.7895505428314209
1769716243.3198025,6.555809020996094,-17.111312866210938,6.096724033355713,-16.66267204284668,0.6419020891189575
1769716243.3394256,6.53012228012085,-17.091794967651367,6.053255558013916,-16.656326293945312,0.645783007144928
1769716243.3594258,6.447012424468994,-17.027877807617188,5.916745185852051,-16.408096313476562,0.8156670331954956
1769716243.3793974,6.4215545654296875,-17.0080623626709,5.87332820892334,-16.40106964111328,0.8179203867912292
1769716243.3993607,6.364474773406982,-16.963224411010742,5.775703430175781,-16.384674072265625,0.8254523277282715
1769716243.4196446,6.320271015167236,-16.92810821533203,5.923291206359863,-16.39124870300293,0.6676916480064392
1769716243.4394274,6.263686180114746,-16.88265037536621,5.885507106781006,-16.364070892333984,0.6418284773826599
1769716243.4594393,6.219870090484619,-16.84705352783203,5.809821128845215,-16.349655151367188,0.6446277499198914
1769716243.4795172,6.176225185394287,-16.811248779296875,5.734224796295166,-16.334758758544922,0.6499289274215698
1769716243.4996917,6.120364189147949,-16.764907836914062,5.700479507446289,-16.205839157104492,0.6991850733757019
1769716243.519371,6.0956292152404785,-16.744199752807617,5.729374408721924,-16.187833786010742,0.6660976409912109
1769716243.5393598,6.027901649475098,-16.68691062927246,5.6111063957214355,-16.162050247192383,0.670220673084259
1769716243.5595052,5.978918075561523,-16.644926071166992,5.62894344329834,-16.03224754333496,0.705589234828949
1769716243.5794816,5.936246871948242,-16.607969284057617,5.553992748260498,-16.01468276977539,0.7057672739028931
1769716243.5994732,5.881645679473877,-16.56015396118164,5.479761123657227,-15.860888481140137,0.8065256476402283
1769716243.619837,5.833360195159912,-16.517370223999023,5.394500255584717,-15.839540481567383,0.8074965476989746
1769716243.6392457,5.779320240020752,-16.468921661376953,5.451478958129883,-15.861486434936523,0.690258264541626
1769716243.6592436,5.719627857208252,-16.414697647094727,5.345517158508301,-15.833078384399414,0.6915494799613953
1769716243.6793664,5.689921855926514,-16.387434005737305,5.292674541473389,-15.818517684936523,0.6938806772232056
1769716243.6993139,5.648490905761719,-16.349092483520508,5.384188175201416,-15.745563507080078,0.6588641405105591
1769716243.7193086,5.6190104484558105,-16.321582794189453,5.396687030792236,-15.702810287475586,0.6575013399124146
1769716243.7394059,5.595494270324707,-16.299503326416016,5.354674816131592,-15.69053840637207,0.654853105545044
1769716243.7596505,5.548643589019775,-16.255149841308594,5.370134353637695,-15.749809265136719,0.5359438061714172
1769716243.779674,5.50203800201416,-16.210540771484375,5.286592483520508,-15.724217414855957,0.531909167766571
1769716243.7992983,5.461459159851074,-16.17129898071289,5.227344036102295,-15.558497428894043,0.6559988260269165
1769716243.8196852,5.409564971923828,-16.12055778503418,5.134003639221191,-15.528414726257324,0.6531206965446472
1769716243.839423,5.363700866699219,-16.075183868408203,5.153172016143799,-15.432971000671387,0.6758409738540649
1769716243.8594973,5.33516263961792,-16.04669952392578,5.101687908172607,-15.415570259094238,0.672929584980011
1769716243.8793678,5.295374393463135,-16.006654739379883,5.060024738311768,-15.244668960571289,0.7975038290023804
1769716243.8993146,5.250137805938721,-15.960657119750977,4.978220462799072,-15.215848922729492,0.7928918600082397
1769716243.9194074,5.205155372619629,-15.914410591125488,5.043490886688232,-15.229382514953613,0.7038453221321106
1769716243.9393487,5.154855251312256,-15.862088203430176,4.95229434967041,-15.195631980895996,0.6965585350990295
1769716243.95945,5.121501922607422,-15.827033996582031,5.0124192237854,-15.14079475402832,0.6948550343513489
1769716243.9795036,5.093818187713623,-15.797717094421387,4.96213960647583,-15.12147045135498,0.6889472007751465
1769716243.9995909,5.038753986358643,-15.738798141479492,4.915390491485596,-14.995447158813477,0.7535186409950256
1769716244.0194373,5.016841888427734,-15.71512508392334,4.875525951385498,-14.979482650756836,0.7490925192832947
1769716244.03927,4.967779159545898,-15.661640167236328,4.850676536560059,-14.934924125671387,0.736090362071991
1769716244.0596786,4.919048309326172,-15.6078519821167,4.7618889808654785,-14.897809982299805,0.7272272109985352
1769716244.0793984,4.876012325286865,-15.55978775024414,4.813934326171875,-14.778735160827637,0.7835155725479126
1769716244.099952,4.833241939544678,-15.511487007141113,4.809802532196045,-14.746434211730957,0.7654117345809937
1769716244.1193,4.817271709442139,-15.493313789367676,4.78065824508667,-14.733509063720703,0.7606866359710693
1769716244.1393244,4.748502731323242,-15.414182662963867,4.748163223266602,-14.66253662109375,0.7516456842422485
1769716244.1597793,4.737985610961914,-15.40195369720459,4.72895622253418,-14.653665542602539,0.7483430504798889
1769716244.1795921,4.675239562988281,-15.328278541564941,4.686156272888184,-14.59808349609375,0.730276882648468
1769716244.1996477,4.6596479415893555,-15.309779167175293,4.6576690673828125,-14.584425926208496,0.7253561615943909
1769716244.2192726,4.592529296875,-15.229242324829102,4.654270648956299,-14.479496955871582,0.7522833347320557
1769716244.2393513,4.572022914886475,-15.204340934753418,4.616794586181641,-14.460765838623047,0.7449222207069397
1769716244.259282,4.521058082580566,-15.141840934753418,4.601596832275391,-14.421149253845215,0.725178599357605
1769716244.280124,4.495737552642822,-15.110459327697754,4.555326461791992,-14.397174835205078,0.7157695293426514
1769716244.2994199,4.4454216957092285,-15.047435760498047,4.560597896575928,-14.311785697937012,0.7446118593215942
1769716244.3196323,4.400510311126709,-14.990418434143066,4.47855806350708,-14.26747989654541,0.7271388173103333
1769716244.339368,4.351025581359863,-14.926739692687988,4.503917217254639,-14.232078552246094,0.7112874388694763
1769716244.3594155,4.316648006439209,-14.881961822509766,4.441165924072266,-14.196696281433105,0.6964867115020752
1769716244.3794284,4.282487392425537,-14.837018013000488,4.485334873199463,-14.092531204223633,0.7716270685195923
1769716244.3998306,4.253380298614502,-14.79836368560791,4.432243347167969,-14.061626434326172,0.7581390142440796
1769716244.4192476,4.229246616363525,-14.766059875488281,4.473268032073975,-14.135817527770996,0.6758346557617188
1769716244.439417,4.214820384979248,-14.746638298034668,4.438222408294678,-14.114934921264648,0.6700426340103149
1769716244.459396,4.171782493591309,-14.688192367553711,4.36855411529541,-14.072840690612793,0.6460468769073486
1769716244.4793975,4.162268161773682,-14.67516803741455,4.4446611404418945,-13.956579208374023,0.7720856666564941
1769716244.499615,4.124390602111816,-14.622940063476562,4.429108142852783,-13.934738159179688,0.7526453137397766
1769716244.5194707,4.077450752258301,-14.557361602783203,4.343722343444824,-13.880844116210938,0.7270322442054749
1769716244.5394726,4.058802127838135,-14.531039237976074,4.377938270568848,-13.868610382080078,0.7352956533432007
1769716244.559829,4.035593509674072,-14.498064041137695,4.335768699645996,-13.841288566589355,0.7221214771270752
1769716244.579389,3.9941062927246094,-14.438507080078125,4.334965229034424,-13.879328727722168,0.6548780798912048
1769716244.5994658,3.962095022201538,-14.392006874084473,4.276896953582764,-13.840411186218262,0.6351050138473511
1769716244.6193113,3.921269178390503,-14.331995010375977,4.265617847442627,-13.6727876663208,0.7437268495559692
1769716244.639514,3.907743453979492,-14.311934471130371,4.241124629974365,-13.655850410461426,0.7359275221824646
1769716244.6597228,3.8674163818359375,-14.251585006713867,4.294638156890869,-13.668062210083008,0.7231991291046143
1769716244.679471,3.831885814666748,-14.197731971740723,4.230420112609863,-13.62220287322998,0.7000454664230347
1769716244.6992898,3.7878921031951904,-14.130139350891113,4.216667652130127,-13.536376953125,0.732395350933075
1769716244.7194133,3.770425796508789,-14.103017807006836,4.185172080993652,-13.513077735900879,0.7211408615112305
1769716244.7394297,3.7400403022766113,-14.055438995361328,4.187425136566162,-13.5481538772583,0.6763811707496643
1769716244.7595606,3.718477487564087,-14.02136516571045,4.148611545562744,-13.518709182739258,0.6615725755691528
1769716244.7796075,3.679962158203125,-13.959845542907715,4.116860866546631,-13.474974632263184,0.6526709794998169
1769716244.7993302,3.675706386566162,-13.952995300292969,4.109214782714844,-13.46902084350586,0.6497389078140259
1769716244.8196242,3.616624355316162,-13.85678768157959,4.066775321960449,-13.372811317443848,0.6609604954719543
1769716244.8395045,3.6124401092529297,-13.849893569946289,4.059276580810547,-13.366778373718262,0.6580759286880493
1769716244.8598282,3.5874335765838623,-13.808472633361816,4.00706148147583,-13.324400901794434,0.6406344771385193
1769716244.8794427,3.5667262077331543,-13.773876190185547,4.069590091705322,-13.27771282196045,0.7064346671104431
1769716244.8992813,3.521592378616333,-13.697515487670898,4.022191524505615,-13.287382125854492,0.6471545696258545
1769716244.9193175,3.5012693405151367,-13.662694931030273,3.985935926437378,-13.25658893585205,0.6323161721229553
1769716244.9394705,3.47301983833313,-13.613828659057617,4.006808757781982,-13.154074668884277,0.7044885158538818
1769716244.9595687,3.4489946365356445,-13.5718355178833,4.05555534362793,-13.182988166809082,0.7204987406730652
1769716244.9796283,3.4251439571380615,-13.529744148254395,4.0061259269714355,-13.13924503326416,0.7000208497047424
1769716244.9995759,3.385782480239868,-13.45937442779541,3.974828004837036,-13.088377952575684,0.6961418986320496
1769716245.0196624,3.3469090461730957,-13.388736724853516,3.9059720039367676,-13.025094032287598,0.6669236421585083
1769716245.0398521,3.3123421669006348,-13.324934959411621,3.9511139392852783,-13.019701957702637,0.7079529166221619
1769716245.0598881,3.2819509506225586,-13.268045425415039,3.897481679916382,-12.968450546264648,0.6845692992210388
1769716245.0793748,3.266874074935913,-13.239537239074707,3.8883798122406006,-12.93765926361084,0.6909411549568176
1769716245.099537,3.2369585037231445,-13.182398796081543,3.8357183933258057,-12.886007308959961,0.6681027412414551
1769716245.119273,3.211043119430542,-13.132268905639648,3.8218512535095215,-12.856961250305176,0.6699854135513306
1769716245.13936,3.1780824661254883,-13.067633628845215,3.7640204429626465,-12.798293113708496,0.6448778510093689
1769716245.1593862,3.1491239070892334,-13.010009765625,3.798919200897217,-12.720787048339844,0.7112550735473633
1769716245.1796474,3.127615451812744,-12.96668815612793,3.7613091468811035,-12.681316375732422,0.6949852108955383
1769716245.199309,3.092169761657715,-12.894288063049316,3.762227773666382,-12.670951843261719,0.7062979936599731
1769716245.219622,3.0711443424224854,-12.850732803344727,3.7195217609405518,-12.624478340148926,0.6867198348045349
1769716245.2393053,3.043393135070801,-12.792523384094238,3.72835111618042,-12.596116065979004,0.7125609517097473
1769716245.2595375,3.022792339324951,-12.748767852783203,3.7531092166900635,-12.585948944091797,0.7482461929321289
1769716245.2794783,2.9956088066101074,-12.69029426574707,3.705963611602783,-12.53226375579834,0.7277207970619202
1769716245.2993143,2.9787840843200684,-12.653672218322754,3.6992721557617188,-12.507637023925781,0.735139012336731
1769716245.3192725,2.9620869159698486,-12.61699390411377,3.670387029647827,-12.473892211914062,0.7226111888885498
1769716245.3399217,2.942218542098999,-12.57290267944336,3.6696693897247314,-12.490930557250977,0.732054591178894
1769716245.3596003,2.9127612113952637,-12.506614685058594,3.6188530921936035,-12.42981243133545,0.7102564573287964
1769716245.3793283,2.89013671875,-12.454931259155273,3.644674777984619,-12.366747856140137,0.7596735954284668
1769716245.3992932,2.877321481704712,-12.425349235534668,3.6226308345794678,-12.33941650390625,0.7502467632293701
1769716245.4195845,2.8614182472229004,-12.388322830200195,3.639225482940674,-12.287418365478516,0.7843251824378967
1769716245.439859,2.8299977779388428,-12.314105987548828,3.5853111743927,-12.218734741210938,0.7613106966018677
1769716245.4594407,2.8052332401275635,-12.25457763671875,3.5852034091949463,-12.152867317199707,0.7865739464759827
1769716245.4798849,2.777769088745117,-12.187446594238281,3.5382392406463623,-12.090607643127441,0.7666110992431641
1769716245.4996936,2.750725269317627,-12.120146751403809,3.492070436477661,-12.028129577636719,0.7470341324806213
1769716245.5201135,2.724102735519409,-12.052680969238281,3.434037208557129,-12.032058715820312,0.7102338671684265
1769716245.5396566,2.7094950675964355,-12.015129089355469,3.472219228744507,-11.962423324584961,0.7645430564880371
1769716245.5592918,2.680671215057373,-11.939875602722168,3.4232017993927,-11.892407417297363,0.7440463304519653
1769716245.5792582,2.6664555072784424,-11.90217399597168,3.4619383811950684,-11.898804664611816,0.7954900860786438
1769716245.6003213,2.657989025115967,-11.87952995300293,3.4475631713867188,-11.877717018127441,0.7895764112472534
1769716245.6194746,2.63010835647583,-11.803924560546875,3.4002621173858643,-11.807276725769043,0.770160973072052
1769716245.6394413,2.6218466758728027,-11.781205177307129,3.3667943477630615,-11.852726936340332,0.7483730316162109
1769716245.6592808,2.608182668685913,-11.743303298950195,3.3653130531311035,-11.777963638305664,0.7579233646392822
1769716245.6795146,2.5892741680145264,-11.690160751342773,3.3332834243774414,-11.728399276733398,0.7449911832809448
1769716245.69982,2.567981481552124,-11.629315376281738,3.3126213550567627,-11.735726356506348,0.7522046566009521
1769716245.7193506,2.547027111053467,-11.568353652954102,3.2771544456481934,-11.67881965637207,0.7384365200996399
1769716245.7393024,2.5238590240478516,-11.499634742736816,3.259333848953247,-11.608564376831055,0.7434977889060974
1769716245.7596495,2.5111734867095947,-11.461396217346191,3.237863779067993,-11.572843551635742,0.7351865172386169
1769716245.779252,2.4886748790740967,-11.392457008361816,3.2276251316070557,-11.507676124572754,0.747879147529602
1769716245.7994223,2.469038248062134,-11.331061363220215,3.1943626403808594,-11.450287818908691,0.7350583672523499
1769716245.8194065,2.4521360397338867,-11.277251243591309,3.1665053367614746,-11.45844841003418,0.7369909286499023
1769716245.8394551,2.4331398010253906,-11.215656280517578,3.134272336959839,-11.400846481323242,0.7251776456832886
1769716245.859244,2.412177562713623,-11.146236419677734,3.147069215774536,-11.315439224243164,0.7541190385818481
1769716245.87955,2.400719165802002,-11.107613563537598,3.1275713443756104,-11.279308319091797,0.7468555569648743
1769716245.8992264,2.387145757675171,-11.0612154006958,3.100426197052002,-11.291794776916504,0.7496237754821777
1769716245.9194908,2.36495304107666,-10.983759880065918,3.0786941051483154,-11.20613956451416,0.7475823163986206
1769716245.9393895,2.354058027267456,-10.944974899291992,3.060044527053833,-11.169843673706055,0.740933895111084
1769716245.9592476,2.3284592628479004,-10.851739883422852,3.0497398376464844,-11.11346435546875,0.7672971487045288
1769716245.9798977,2.320098876953125,-10.8206148147583,3.035334587097168,-11.084331512451172,0.7623047828674316
1769716245.999376,2.307720422744751,-10.773883819580078,3.013955593109131,-11.0405912399292,0.7549177408218384
1769716246.0192978,2.287522077560425,-10.69588565826416,2.985698699951172,-10.966229438781738,0.748689591884613
1769716246.0402713,2.2795941829681396,-10.664648056030273,2.971893787384033,-10.936988830566406,0.7439412474632263
1769716246.0597796,2.2601540088653564,-10.586458206176758,2.9312543869018555,-10.902189254760742,0.7416614294052124
1769716246.079442,2.246868848800659,-10.531645774841309,2.910123586654663,-10.832914352416992,0.7284704446792603
1769716246.0998895,2.2356936931610107,-10.484613418579102,2.890361785888672,-10.788893699645996,0.7219257950782776
1769716246.1194804,2.2247142791748047,-10.437535285949707,2.8954739570617676,-10.76657485961914,0.7471184134483337
1769716246.1395106,2.2033438682556152,-10.343243598937988,2.860410690307617,-10.685684204101562,0.7409470677375793
1769716246.1605504,2.1895334720611572,-10.280284881591797,2.8471553325653076,-10.60970687866211,0.7355172634124756
1769716246.1797428,2.177736282348633,-10.225133895874023,2.825624704360962,-10.558111190795898,0.7284458875656128
1769716246.1993065,2.1629621982574463,-10.154143333435059,2.7697670459747314,-10.537521362304688,0.7177682518959045
1769716246.2194805,2.1533594131469727,-10.106764793395996,2.751897096633911,-10.49321174621582,0.7124523520469666
1769716246.2394016,2.1408627033233643,-10.043533325195312,2.7341341972351074,-10.417121887207031,0.7010989785194397
1769716246.2593987,2.1272239685058594,-9.972315788269043,2.7081682682037354,-10.350540161132812,0.6932172775268555
1769716246.2793195,2.115474224090576,-9.908941268920898,2.7178618907928467,-10.324498176574707,0.7318188548088074
1769716246.2992969,2.1068930625915527,-9.861367225646973,2.701084852218628,-10.28003978729248,0.726876974105835
1769716246.319401,2.095759868621826,-9.797882080078125,2.669603109359741,-10.202776908874512,0.7023078799247742
1769716246.3394425,2.0903255939483643,-9.76611614227295,2.658703565597534,-10.173101425170898,0.6990641951560974
1769716246.3595374,2.078421115875244,-9.694588661193848,2.6273791790008545,-10.144903182983398,0.7100268602371216
1769716246.3792646,2.072000741958618,-9.65481948852539,2.6141083240509033,-10.107765197753906,0.7064279913902283
1769716246.3994536,2.0620152950286865,-9.591143608093262,2.593137741088867,-10.04831314086914,0.700782060623169
1769716246.4192526,2.0547585487365723,-9.543350219726562,2.607858657836914,-9.984877586364746,0.7077191472053528
1769716246.4393833,2.0442469120025635,-9.47160530090332,2.5678083896636963,-9.953924179077148,0.7118622064590454
1769716246.4593291,2.0352797508239746,-9.407777786254883,2.501624822616577,-9.884081840515137,0.6665903329849243
1769716246.4800816,2.026667594909668,-9.343901634216309,2.4793684482574463,-9.817047119140625,0.654832124710083
1769716246.4995172,2.016401529312134,-9.26399040222168,2.4570305347442627,-9.789682388305664,0.6859344244003296
1769716246.519561,2.011476755142212,-9.224008560180664,2.445007801055908,-9.752406120300293,0.6834855079650879
1769716246.5398502,2.0038859844207764,-9.160003662109375,2.4365620613098145,-9.672399520874023,0.6706399321556091
1769716246.5594673,1.9948978424072266,-9.079937934875488,2.4131340980529785,-9.597783088684082,0.6656460165977478
1769716246.579347,1.9906115531921387,-9.03988265991211,2.401561975479126,-9.560461044311523,0.6632360816001892
1769716246.5993452,1.9872820377349854,-9.007826805114746,2.4089667797088623,-9.562634468078613,0.6968713402748108
1769716246.619331,1.9832439422607422,-8.967744827270508,2.400252103805542,-9.500221252441406,0.6763336062431335
1769716246.6398897,1.979344129562378,-8.927648544311523,2.3889310359954834,-9.462875366210938,0.6739656925201416
1769716246.659516,1.9733935594558716,-8.863465309143066,2.344064474105835,-9.37619686126709,0.6326852440834045
1769716246.6792989,1.9671247005462646,-8.791220664978027,2.326362133026123,-9.316407203674316,0.6362956166267395
1769716246.6993778,1.960687518119812,-8.71090316772461,2.2785677909851074,-9.220131874084473,0.6003009080886841
1769716246.719277,1.9582682847976685,-8.678763389587402,2.269911766052246,-9.19021987915039,0.5989230275154114
1769716246.739405,1.9526070356369019,-8.598384857177734,2.2612178325653076,-9.142146110534668,0.6252337694168091
1769716246.7597332,1.947983980178833,-8.526010513305664,2.2421512603759766,-9.074809074401855,0.6226677894592285
1769716246.7795665,1.9442522525787354,-8.461653709411621,2.225376844406128,-9.014939308166504,0.6206099390983582
1769716246.7994616,1.9412786960601807,-8.40532398223877,2.2156448364257812,-8.928565979003906,0.5908119082450867
1769716246.8193293,1.9378554821014404,-8.332880020141602,2.2032318115234375,-8.889976501464844,0.617074191570282
1769716246.8396516,1.9355039596557617,-8.276519775390625,2.1889290809631348,-8.837554931640625,0.6156169176101685
1769716246.8592958,1.9337049722671509,-8.228201866149902,2.175022602081299,-8.764091491699219,0.5877172350883484
1769716246.8793297,1.9328804016113281,-8.20404052734375,2.1689586639404297,-8.741618156433105,0.5871308445930481
1769716246.899358,1.931617259979248,-8.163766860961914,2.165132522583008,-8.731131553649902,0.6135405898094177
1769716246.91995,1.930925965309143,-8.13960075378418,2.1591126918792725,-8.70865249633789,0.6130982041358948
1769716246.9392717,1.9295073747634888,-8.083206176757812,2.1398181915283203,-8.620308876037598,0.5768099427223206
1769716246.9593825,1.9282194375991821,-8.01874828338623,2.123932361602783,-8.560340881347656,0.5758705139160156
1769716246.979562,1.9272867441177368,-7.954282283782959,2.1133053302764893,-8.52550983428955,0.6007521152496338
1769716246.999608,1.9266207218170166,-7.873693466186523,2.0936927795410156,-8.450506210327148,0.6005212664604187
1769716247.0200593,1.9264960289001465,-7.801159858703613,2.0719239711761475,-8.358867645263672,0.5763566493988037
1769716247.039426,1.9266626834869385,-7.752803325653076,2.0602777004241943,-8.313836097717285,0.5767237544059753
1769716247.0595782,1.92719566822052,-7.688329219818115,2.0498452186584473,-8.284916877746582,0.6090643405914307
1769716247.0796468,1.9277091026306152,-7.648034572601318,2.0402050018310547,-8.247368812561035,0.6098007559776306
1769716247.0994632,1.9289829730987549,-7.575507640838623,2.0174477100372314,-8.151391983032227,0.5826391577720642
1769716247.1192489,1.9302842617034912,-7.51910400390625,2.0040314197540283,-8.098787307739258,0.584355890750885
1769716247.1395724,1.9334220886230469,-7.414370536804199,1.9842180013656616,-8.0385103225708,0.626203179359436
1769716247.1594107,1.9339879751205444,-7.398260116577148,1.9804037809371948,-8.023467063903809,0.6269269585609436
1769716247.179511,1.9368088245391846,-7.325773239135742,1.9632588624954224,-7.95574951171875,0.6305314302444458
1769716247.1993048,1.9382065534591675,-7.293561935424805,1.9483115673065186,-7.896667957305908,0.6031906008720398
1769716247.2197738,1.9429316520690918,-7.1969523429870605,1.9210134744644165,-7.788300514221191,0.5917543768882751
1769716247.2399895,1.945593237876892,-7.148662090301514,1.9041845798492432,-7.7241902351379395,0.5770158767700195
1769716247.2593179,1.9515141248703003,-7.052114486694336,1.881381869316101,-7.633719444274902,0.5858177542686462
1769716247.2795355,1.9525783061981201,-7.0360283851623535,1.8775802850723267,-7.61863374710083,0.58741295337677
1769716247.2998118,1.9582314491271973,-6.955617427825928,1.888207197189331,-7.567844390869141,0.6162184476852417
1769716247.3193305,1.9631519317626953,-6.891316890716553,1.8391392230987549,-7.48165225982666,0.6032207012176514
1769716247.3401484,1.9691102504730225,-6.8190107345581055,1.8219778537750244,-7.413650989532471,0.6125723719596863
1769716247.35929,1.9755157232284546,-6.746742248535156,1.8336151838302612,-7.359139919281006,0.6286229491233826
1769716247.3796997,1.9808067083358765,-6.690560340881348,1.8202123641967773,-7.306178092956543,0.6362197399139404
1769716247.399204,1.984751582145691,-6.650445938110352,1.8036450147628784,-7.239015102386475,0.6158028841018677
1769716247.4194496,1.9888341426849365,-6.610344886779785,1.7940388917922974,-7.2011494636535645,0.6220892667770386
1769716247.439577,1.994781255722046,-6.554226875305176,1.8091320991516113,-7.156861305236816,0.630581796169281
1769716247.4601417,1.9991945028305054,-6.51416015625,1.7994842529296875,-7.118954181671143,0.6369144320487976
1769716247.4793775,2.004672050476074,-6.466099739074707,1.8088781833648682,-7.035660743713379,0.602275013923645
1769716247.499873,2.015228748321533,-6.378047943115234,1.7875299453735352,-6.95215368270874,0.6176115274429321
1769716247.5193553,2.016221284866333,-6.370047092437744,1.786504864692688,-6.9578447341918945,0.6310909986495972
1769716247.539471,2.0243606567382812,-6.306065082550049,1.7709046602249146,-6.897047996520996,0.6430402398109436
1769716247.559602,2.032851457595825,-6.242127418518066,1.7552441358566284,-6.83620023727417,0.6557347774505615
1769716247.5798154,2.03722882270813,-6.21017599105835,1.7484405040740967,-6.820682048797607,0.6753637194633484
1769716247.5992901,2.047398328781128,-6.13832950592041,1.735032320022583,-6.780679702758789,0.7142734527587891
1769716247.6193452,2.055614948272705,-6.082491874694824,1.7211823463439941,-6.7273173332214355,0.7263918519020081
1769716247.6393406,2.0678186416625977,-6.002792835235596,1.722434163093567,-6.608425617218018,0.6971951127052307
1769716247.6593852,2.0779755115509033,-5.939094066619873,1.7064496278762817,-6.547314167022705,0.712715208530426
1769716247.6797018,2.08981990814209,-5.867499828338623,1.7463465929031372,-6.487807273864746,0.709052324295044
1769716247.6996465,2.100719928741455,-5.803921699523926,1.7302017211914062,-6.426567554473877,0.7245492339134216
1769716247.7193518,2.1133995056152344,-5.732468128204346,1.7368090152740479,-6.328642845153809,0.7051560282707214
1769716247.7392578,2.1206345558166504,-5.692805290222168,1.726623773574829,-6.290292263031006,0.7157062888145447
1769716247.7594929,2.1265203952789307,-5.661092758178711,1.723915457725525,-6.284502029418945,0.7421119809150696
1769716247.7795398,2.1416163444519043,-5.581881999969482,1.734610676765442,-6.212396621704102,0.7504679560661316
1769716247.799317,2.150934934616089,-5.534405708312988,1.7222415208816528,-6.166257858276367,0.7635544538497925
1769716247.8194263,2.1588497161865234,-5.494870662689209,1.711898922920227,-6.127780437469482,0.7748158574104309
1769716247.8394918,2.17508602142334,-5.415882587432861,1.7500033378601074,-6.056739330291748,0.7690206170082092
1769716247.85938,2.1834075450897217,-5.376430511474609,1.7395654916763306,-6.018184185028076,0.7802843451499939
1769716247.879345,2.2039313316345215,-5.281861782073975,1.7423001527786255,-5.885156631469727,0.7596498131752014
1769716247.9000673,2.2144851684570312,-5.234640598297119,1.7649767398834229,-5.8577094078063965,0.7682917714118958
1769716247.919295,2.2343385219573975,-5.148181915283203,1.7416547536849976,-5.772587299346924,0.795373797416687
1769716247.9396005,2.236175775527954,-5.140329360961914,1.7395272254943848,-5.764842987060547,0.7979201674461365
1769716247.959219,2.256740093231201,-5.054036617279053,1.7160440683364868,-5.679582595825195,0.8268374800682068
1769716247.979336,2.2586419582366943,-5.046199321746826,1.7849757671356201,-5.678451061248779,0.7900010943412781
1769716247.9992354,2.2740490436553955,-4.98354959487915,1.7705119848251343,-5.644870758056641,0.8312010765075684
1769716248.019465,2.289799213409424,-4.920985221862793,1.7879409790039062,-5.550061225891113,0.8047348260879517
1769716248.0400252,2.2998170852661133,-4.881926536560059,1.77712082862854,-5.511177062988281,0.8180267214775085
1769716248.0594935,2.320254325866699,-4.80391263961792,1.7657711505889893,-5.46858549118042,0.8655871748924255
1769716248.0801065,2.332772970199585,-4.757172107696533,1.752685785293579,-5.421830654144287,0.8821969628334045
1769716248.0995648,2.356222152709961,-4.671616554260254,1.7381675243377686,-5.3112287521362305,0.889435350894928
1769716248.119603,2.369284152984619,-4.625024318695068,1.7249794006347656,-5.264373779296875,0.9076870083808899
1769716248.1392765,2.3937277793884277,-4.5397467613220215,1.771955132484436,-5.188555717468262,0.8986400961875916
1769716248.1596093,2.416506052017212,-4.462383270263672,1.7498050928115845,-5.110286712646484,0.9296608567237854
1769716248.1792586,2.4327659606933594,-4.408322334289551,1.7812553644180298,-5.01604700088501,0.8909520506858826
1769716248.1993349,2.446908950805664,-4.362046241760254,1.7678954601287842,-4.969006061553955,0.9107466340065002
1769716248.2193034,2.4588398933410645,-4.323527812957764,1.8301031589508057,-4.947300910949707,0.885665237903595
1769716248.2392647,2.470902442932129,-4.285050392150879,1.818934440612793,-4.908056259155273,0.9017753601074219
1769716248.259334,2.490476608276367,-4.223572254180908,1.8679869174957275,-4.8068976402282715,0.8530895113945007
1769716248.2793837,2.512899398803711,-4.154539108276367,1.847806692123413,-4.736148834228516,0.883526086807251
1769716248.2994254,2.5306332111358643,-4.100942611694336,1.883007526397705,-4.704295635223389,0.8851293921470642
1769716248.3194413,2.5486233234405518,-4.047431468963623,1.867266297340393,-4.649190425872803,0.9090441465377808
1769716248.3394334,2.574767827987671,-3.971137285232544,1.8447519540786743,-4.570407390594482,0.9444830417633057
1769716248.3594575,2.5960590839385986,-3.910231828689575,1.8914247751235962,-4.482471466064453,0.9077268242835999
1769716248.3794124,2.6204094886779785,-3.841853141784668,1.9435490369796753,-4.41920280456543,0.8896475434303284
1769716248.3992856,2.628619909286499,-3.819093942642212,1.9367835521697998,-4.39552116394043,0.9005033373832703
1769716248.4195957,2.6563243865966797,-3.7433512210845947,1.9322618246078491,-4.288170337677002,0.9061424732208252
1769716248.4395237,2.670370578765869,-3.7055511474609375,1.994871973991394,-4.271575927734375,0.8812958598136902
1769716248.4592407,2.6873960494995117,-3.66025447845459,1.9813498258590698,-4.224142074584961,0.9035875201225281
1769716248.4795353,2.71618390083313,-3.584916114807129,2.0278890132904053,-4.1127495765686035,0.8673858046531677
1769716248.4993827,2.745485544204712,-3.5097756385803223,2.0054054260253906,-4.03359317779541,0.9066992998123169
1769716248.5198233,2.7663016319274902,-3.457296848297119,2.0513205528259277,-4.005953311920166,0.9012337327003479
1769716248.5394611,2.790398359298706,-3.3974435329437256,2.033398151397705,-3.9425625801086426,0.9328473806381226
1769716248.5592284,2.817897319793701,-3.3302667140960693,2.0935449600219727,-3.8476855754852295,0.8901731967926025
1769716248.5793498,2.8520667552948,-3.2483928203582764,2.06904935836792,-3.760425329208374,0.9355712532997131
1769716248.5993776,2.8709633350372314,-3.203842878341675,2.159679889678955,-3.7322940826416016,0.8861067295074463
1769716248.6194763,2.886849880218506,-3.1667771339416504,2.1486105918884277,-3.692598581314087,0.9063582420349121
1769716248.6392472,2.9093031883239746,-3.114976644515991,2.1892714500427246,-3.6180808544158936,0.8783848285675049
1769716248.6598024,2.928745746612549,-3.070661783218384,2.176072120666504,-3.57041335105896,0.9034761786460876
1769716248.679417,2.9483697414398193,-3.0264267921447754,2.197502374649048,-3.5634257793426514,0.9231303930282593
1769716248.69933,2.968174457550049,-2.9822723865509033,2.1843957901000977,-3.5157275199890137,0.9480946063995361
1769716248.7192993,2.9948618412017822,-2.9235262870788574,2.1670002937316895,-3.452106475830078,0.9822176098823547
1769716248.739289,3.021869421005249,-2.86492657661438,2.243985652923584,-3.3231093883514404,0.902792751789093
1769716248.7593668,3.049196481704712,-2.8064749240875244,2.2977805137634277,-3.292543649673462,0.894923985004425
1769716248.779416,3.083803415298462,-2.733621120452881,2.27432918548584,-3.204951524734497,0.9366968870162964
1769716248.7999,3.1189067363739014,-2.6610045433044434,2.3894598484039307,-3.053300380706787,0.8282443284988403
1769716248.8193512,3.1509227752685547,-2.595855474472046,2.3706154823303223,-2.9815688133239746,0.8704333901405334
1769716248.8397496,3.1797168254852295,-2.5381109714508057,2.4619529247283936,-2.951097011566162,0.8280956149101257
1769716248.8592937,3.1978728771209717,-2.5021004676818848,2.5093536376953125,-2.876983880996704,0.7839619517326355
1769716248.8793812,3.2124862670898438,-2.473336935043335,2.5011582374572754,-2.845074415206909,0.8026061058044434
1769716248.8992894,3.234553337097168,-2.4302663803100586,2.552870035171509,-2.814382553100586,0.7824561595916748
1769716248.9200633,3.2567965984344482,-2.3872861862182617,2.540745258331299,-2.7664942741394043,0.8102644085884094
1769716248.9396129,3.2792158126831055,-2.3443973064422607,2.528717517852783,-2.718592643737793,0.8386118412017822
1769716248.959755,3.313173294067383,-2.2802367210388184,2.5719919204711914,-2.6183223724365234,0.8146480917930603
1769716248.9792154,3.3475241661071777,-2.2162857055664062,2.6621222496032715,-2.514991044998169,0.7476633191108704
1769716248.9999604,3.378387451171875,-2.1596179008483887,2.6466739177703857,-2.451042652130127,0.7876123785972595
1769716249.0193226,3.401737928390503,-2.117227792739868,2.753586769104004,-2.3949708938598633,0.7051531672477722
1769716249.0394554,3.441040277481079,-2.046790838241577,2.7347679138183594,-2.314969301223755,0.7554736137390137
1769716249.0593657,3.4808225631713867,-1.976623296737671,2.831050157546997,-2.2037458419799805,0.6883232593536377
1769716249.0793154,3.5089547634124756,-1.9276680946350098,2.8183372020721436,-2.1476805210113525,0.7248160243034363
1769716249.099302,3.5413918495178223,-1.8718842267990112,2.804034471511841,-2.08357310295105,0.7671427726745605
1769716249.1193357,3.5618197917938232,-1.8371094465255737,2.9532649517059326,-2.0333077907562256,0.6394002437591553
1769716249.1393454,3.5947506427764893,-1.781615138053894,2.804293632507324,-1.9922714233398438,0.8180454969406128
1769716249.1595786,3.6238136291503906,-1.7332054376602173,2.792353868484497,-1.936087965965271,0.8558544516563416
1769716249.1792426,3.661519765853882,-1.6711690425872803,2.9055190086364746,-1.8578068017959595,0.778698205947876
1769716249.1995707,3.6996066570281982,-1.6093651056289673,2.8908302783966064,-1.7854576110839844,0.8277243971824646
1769716249.2197738,3.7337799072265625,-1.554625391960144,2.9942104816436768,-1.7334401607513428,0.7608795762062073
1769716249.2399666,3.7682511806488037,-1.5000728368759155,3.090392827987671,-1.6493672132492065,0.6941040754318237
1769716249.2593997,3.8117568492889404,-1.4321483373641968,3.0752711296081543,-1.5687514543533325,0.7490471005439758
1769716249.2794287,3.8380815982818604,-1.3915369510650635,3.162130355834961,-1.5163460969924927,0.6873772740364075
1769716249.2993028,3.8601455688476562,-1.3577767610549927,3.154909610748291,-1.4759681224822998,0.7150712609291077
1769716249.319275,3.8867740631103516,-1.3173644542694092,3.253199577331543,-1.3398517370224,0.6339733004570007
1769716249.339786,3.9046177864074707,-1.2904835939407349,3.2476441860198975,-1.3075016736984253,0.657194197177887
1769716249.3593044,3.931520938873291,-1.2502541542053223,3.296164035797119,-1.3138669729232788,0.6385334134101868
1769716249.3795178,3.958588123321533,-1.2101352214813232,3.2881906032562256,-1.265261173248291,0.672660231590271
1769716249.399469,3.990373373031616,-1.16347074508667,3.4274163246154785,-1.1770379543304443,0.5631207227706909
1769716249.4197412,4.031566619873047,-1.1036978960037231,3.41498064994812,-1.0958284139633179,0.616636335849762
1769716249.4395783,4.068490505218506,-1.0507802963256836,3.5388875007629395,-1.0049268007278442,0.5315842032432556
1769716249.4597442,4.105701923370361,-0.9980654120445251,3.529703140258789,-0.9397714734077454,0.5789409875869751
1769716249.479839,4.147907733917236,-0.9390056729316711,3.5198445320129395,-0.8663507699966431,0.6322516202926636
1769716249.4994657,4.190474987030029,-0.8802069425582886,3.6519370079040527,-0.7955666184425354,0.5451487898826599
1769716249.519362,4.233402729034424,-0.8216715455055237,3.649052858352661,-0.7567824125289917,0.5879414081573486
1769716249.5395575,4.26222038269043,-0.7827953100204468,3.643472909927368,-0.7075681090354919,0.6233035922050476
1769716249.559389,4.291196823120117,-0.7440378069877625,3.7605912685394287,-0.6815133690834045,0.5342766642570496
1769716249.5795937,4.315464973449707,-0.7118310332298279,3.756333112716675,-0.6403900980949402,0.563677191734314
1769716249.5996623,4.3692402839660645,-0.6412698030471802,3.8030853271484375,-0.5746484994888306,0.570061445236206
1769716249.6194508,4.3987956047058105,-0.6029532551765442,3.798676013946533,-0.525094211101532,0.60514897108078
1769716249.6393857,4.433474063873291,-0.5584046244621277,3.905223846435547,-0.4662960171699524,0.5362205505371094
1769716249.6594026,4.488398551940918,-0.4887370467185974,3.8983957767486572,-0.3750631809234619,0.6008535623550415
1769716249.679774,4.5286712646484375,-0.43833082914352417,4.04267692565918,-0.278658926486969,0.5115522146224976
1769716249.6994197,4.574306011199951,-0.38188883662223816,4.12935209274292,-0.2594577968120575,0.4614904820919037
1769716249.7194717,4.635691165924072,-0.3070729374885559,4.12455415725708,-0.15909376740455627,0.5321269035339355
1769716249.7396173,4.6562886238098145,-0.282246857881546,4.2828826904296875,-0.11190470308065414,0.4104246497154236
1769716249.7592335,4.6666131019592285,-0.2698550522327423,4.282261371612549,-0.09512016177177429,0.4222068190574646
1769716249.7794626,4.697687149047852,-0.23276478052139282,4.320010185241699,-0.03111872635781765,0.4281369745731354
1769716249.799384,4.7080793380737305,-0.22042980790138245,4.319520473480225,-0.014291467145085335,0.4398530423641205
1769716249.81937,4.739355564117432,-0.1835106462240219,4.348801136016846,-0.04047747701406479,0.41592225432395935
1769716249.8401535,4.770783424377441,-0.14672055840492249,4.347838878631592,0.010167853906750679,0.4511052072048187
1769716249.859328,4.802361488342285,-0.11006021499633789,4.347185134887695,0.060912925750017166,0.4862278699874878
1769716249.8795586,4.855326175689697,-0.0492495559155941,4.59465217590332,0.3298709988594055,0.4600904583930969
1769716249.8994024,4.892648696899414,-0.00689895823597908,4.673221588134766,0.34860318899154663,0.4177679121494293
1769716249.919777,4.951708793640137,0.059288542717695236,4.674503803253174,0.44243645668029785,0.47291114926338196
1769716249.9394155,4.967902660369873,0.07726215571165085,4.807137489318848,0.48404309153556824,0.43739718198776245
1769716249.9598053,5.0167059898376465,0.1309824287891388,4.809259414672852,0.5611588954925537,0.47758349776268005
1769716249.9796245,5.022149085998535,0.13693271577358246,4.957486152648926,0.6385291218757629,0.5057472586631775
1769716249.9993095,5.104283809661865,0.22573688626289368,4.962854385375977,0.7676358819007874,0.5600507259368896
1769716250.0200632,5.115303993225098,0.23751339316368103,4.9637322425842285,0.7849012017250061,0.567985475063324
1769716250.0392704,5.187328815460205,0.3136904835700989,4.988353729248047,0.8072720766067505,0.5321783423423767
1769716250.059456,5.215211391448975,0.3428176939487457,5.126501560211182,0.7261772155761719,0.3934895098209381
1769716250.0794215,5.276904106140137,0.40655937790870667,5.133975505828857,0.8219659924507141,0.4393078088760376
1769716250.0994833,5.310757637023926,0.44113054871559143,5.359560012817383,0.9752728939056396,0.5363671183586121
1769716250.119636,5.350432395935059,0.48128679394721985,5.365378379821777,1.0365636348724365,0.5554779171943665
1769716250.1395078,5.390300750732422,0.5212517380714417,5.508852005004883,1.1475576162338257,0.6374272108078003
1769716250.1595178,5.424625873565674,0.5553544163703918,5.514677047729492,1.200357437133789,0.6512588858604431
1769716250.1792843,5.459091663360596,0.5893152952194214,5.589588642120361,1.3246146440505981,0.7467895150184631
1769716250.1994073,5.487919807434082,0.6175072193145752,5.595049858093262,1.368807077407837,0.758899450302124
1769716250.2196147,5.528441905975342,0.6568090319633484,5.596971035003662,1.3152185678482056,0.6619662642478943
1769716250.2394106,5.586657524108887,0.7126151919364929,5.609453201293945,1.4041013717651367,0.6918617486953735
1769716250.2595568,5.639379024505615,0.7624974250793457,5.621623516082764,1.484395980834961,0.7221168279647827
1769716250.2793941,5.6865010261535645,0.8065623641014099,5.903371334075928,1.5755901336669922,0.7990221381187439
1769716250.2994933,5.751688480377197,0.8667268753051758,5.807817459106445,1.4794563055038452,0.6152949333190918
1769716250.3192937,5.805361747741699,0.9155842661857605,5.822818756103516,1.560666561126709,0.6453185081481934
1769716250.3394804,5.8593363761901855,0.9641081690788269,5.958697319030762,1.6063141822814941,0.6498470306396484
1769716250.359441,5.895486354827881,0.9962713122367859,5.969842910766602,1.6608260869979858,0.6687017679214478
1769716250.3794968,5.931768417358398,1.0282847881317139,6.042299270629883,1.5713436603546143,0.5541931390762329
1769716250.3994112,5.962104797363281,1.0548479557037354,6.084338188171387,1.694091796875,0.6508254408836365
1769716250.4194467,5.998628616333008,1.0865856409072876,6.096686363220215,1.7489932775497437,0.6696261167526245
1769716250.439734,6.016940116882324,1.1023977994918823,6.103021144866943,1.7764958143234253,0.6795719265937805
1769716250.4593456,6.0536603927612305,1.1339085102081299,6.133395195007324,1.7508326768875122,0.6220555305480957
1769716250.4796066,6.090510368347168,1.1652671098709106,6.146821975708008,1.806079387664795,0.6432816982269287
1769716250.499348,6.108983993530273,1.1808892488479614,6.447544097900391,1.9643301963806152,0.8534650802612305
1769716250.5195277,6.15840482711792,1.2223610877990723,6.4664177894592285,2.038297653198242,0.8721380829811096
1769716250.5394843,6.201834678649902,1.2584248781204224,6.431966304779053,1.99593186378479,0.7725781202316284
1769716250.5595474,6.220500946044922,1.2738165855407715,6.4876251220703125,1.9673572778701782,0.7432052493095398
1769716250.5794394,6.2766900062561035,1.3197596073150635,6.508370876312256,2.041893243789673,0.7583884000778198
1769716250.6005476,6.320589542388916,1.3552513122558594,6.665648460388184,2.1288626194000244,0.847077488899231
1769716250.6192355,6.358353137969971,1.385503888130188,6.682253837585449,2.1850669384002686,0.8626775741577148
1769716250.6393034,6.415233612060547,1.430588960647583,6.708007335662842,2.269608497619629,0.8886339664459229
1769716250.6593723,6.466027736663818,1.4703673124313354,6.911806583404541,2.2362709045410156,0.8861868381500244
1769716250.6796544,6.497885704040527,1.4950861930847168,6.767661094665527,2.193960666656494,0.7491357922554016
1769716250.6993425,6.555444240570068,1.5393023490905762,6.7959113121032715,2.2791528701782227,0.7779480814933777
1769716250.7194014,6.568272113800049,1.5490796566009521,6.852668285369873,2.175400733947754,0.6878657341003418
1769716250.7393138,6.651982307434082,1.6121984720230103,6.895614147186279,2.298966407775879,0.7287020087242126
1769716250.7593102,6.658445358276367,1.6170226335525513,6.968509674072266,2.2244417667388916,0.6819809675216675
1769716250.779295,6.742762565612793,1.6793289184570312,7.0137619972229,2.3485162258148193,0.7219780087471008
1769716250.7993462,6.781866073608398,1.7078297138214111,7.176807403564453,2.360701560974121,0.763033390045166
1769716250.8192968,6.860426902770996,1.764343500137329,7.221390724182129,2.4757823944091797,0.7977720499038696
1769716250.8393977,6.866994857788086,1.7690235376358032,7.2826128005981445,2.391077756881714,0.7481243014335632
1769716250.8593252,6.946060657501221,1.824828863143921,7.32916784286499,2.506490468978882,0.7819424271583557
1769716250.87945,6.959283351898193,1.8340657949447632,7.411900520324707,2.425661325454712,0.7448810935020447
1769716250.8995495,7.018942832946777,1.8754055500030518,7.448234558105469,2.5124247074127197,0.7681699395179749
1769716250.9194963,7.0588579177856445,1.9027587175369263,7.528982639312744,2.5634567737579346,0.8108878135681152
1769716250.9393034,7.139028072357178,1.9569677114486694,7.579906940460205,2.6794204711914062,0.8463523387908936
1769716250.9596014,7.145729064941406,1.96145498752594,7.672226905822754,2.6662020683288574,0.8796980977058411
1769716250.9793336,7.219644546508789,2.010510206222534,7.720616817474365,2.7726385593414307,0.9120376706123352
1769716250.9992955,7.246615409851074,2.0282087326049805,7.8466081619262695,2.685373306274414,0.8898633122444153
1769716251.0192354,7.334606170654297,2.0852131843566895,7.906357288360596,2.811276435852051,0.9241575598716736
1769716251.0393074,7.341395854949951,2.0895655155181885,7.911038875579834,2.820962905883789,0.9270575046539307
1769716251.0593038,7.409457683563232,2.1328284740448,7.958523750305176,2.9178268909454346,0.9579645395278931
1769716251.080323,7.443599700927734,2.154283046722412,8.010969161987305,2.6488990783691406,0.7526969909667969
1769716251.099442,7.518970012664795,2.201066493988037,8.065255165100098,2.755394458770752,0.7782713770866394
1769716251.1203558,7.553345680236816,2.222141742706299,8.107555389404297,2.6685826778411865,0.7116585969924927
1769716251.1405647,7.608496189117432,2.2556140422821045,8.153573036193848,2.7556087970733643,0.7396642565727234
1769716251.1594248,7.65690279006958,2.284651756286621,8.199664115905762,2.707838535308838,0.6882420182228088
1769716251.179377,7.726294994354248,2.3257269859313965,8.252602577209473,2.804338216781616,0.7113847732543945
1769716251.1992028,7.788987636566162,2.362283229827881,8.398902893066406,2.8084030151367188,0.7556584477424622
1769716251.2194214,7.8589091300964355,2.402442455291748,8.454012870788574,2.90455961227417,0.778633177280426
1769716251.239444,7.900993824005127,2.4263052940368652,8.604130744934082,2.883273124694824,0.83858323097229
1769716251.2592964,7.94317626953125,2.449993133544922,8.638134956359863,2.9407713413238525,0.8507829308509827
1769716251.2794335,7.992511749267578,2.477407217025757,8.618208885192871,2.871367931365967,0.7393932342529297
1769716251.2993052,8.034903526306152,2.5007143020629883,8.653067588806152,2.9286487102508545,0.7518342733383179
1769716251.3194122,8.091575622558594,2.5315158367156982,8.657055854797363,2.8808913230895996,0.6647038459777832
1769716251.3395689,8.13418960571289,2.554410457611084,8.698812484741211,2.9473888874053955,0.6879178881645203
1769716251.359367,8.184024810791016,2.5808961391448975,8.799178123474121,2.890221357345581,0.688546359539032
1769716251.3796556,8.262592315673828,2.622025966644287,8.971587181091309,2.8685991764068604,0.7506478428840637
1769716251.3993392,8.298406600952148,2.6405224800109863,9.002608299255371,2.915651321411133,0.7560388445854187
1769716251.419675,8.37022590637207,2.6771416664123535,9.06540584564209,3.0094244480133057,0.7705110907554626
1769716251.4402196,8.435076713562012,2.7096714973449707,9.24075984954834,2.94044828414917,0.8380829691886902
1769716251.4594514,8.44229507446289,2.7132608890533447,9.229687690734863,2.9628548622131348,0.8260053992271423
1769716251.4797204,8.492890357971191,2.738245725631714,9.274919509887695,3.027869462966919,0.8339380621910095
1769716251.4997442,8.53635311126709,2.759465456008911,9.352568626403809,3.043653726577759,0.8642755150794983
1769716251.5195339,8.616260528564453,2.7978968620300293,9.431870460510254,3.154097080230713,0.8899993300437927
1769716251.5397778,8.667261123657227,2.8220345973968506,9.369880676269531,3.069770574569702,0.7450154423713684
1769716251.5596473,8.725688934326172,2.8493165969848633,9.423917770385742,3.142638683319092,0.757338285446167
1769716251.5799255,8.791598320007324,2.87962007522583,9.722318649291992,3.102257490158081,0.956977903842926
1769716251.5992653,8.865050315856934,2.912806510925293,9.791440963745117,3.1921730041503906,0.9675975441932678
1769716251.6193485,8.923974990844727,2.9389877319335938,9.789109230041504,3.11804461479187,0.883470356464386
1769716251.6393201,8.975650787353516,2.961627244949341,9.838462829589844,3.1801767349243164,0.8900604248046875
1769716251.6593778,9.020031929016113,2.98083233833313,9.895816802978516,3.1060123443603516,0.8846856951713562
1769716251.6793365,9.064491271972656,2.999852180480957,9.938722610473633,3.1587131023406982,0.8885482549667358
1769716251.699363,9.0941743850708,3.0124289989471436,9.925118446350098,3.085437059402466,0.8341456651687622
1769716251.7193208,9.131326675415039,3.028033971786499,9.837325096130371,3.042201280593872,0.7061408162117004
1769716251.7395556,9.213249206542969,3.0619101524353027,9.917471885681152,3.137322187423706,0.7082481384277344
1769716251.759882,9.250571250915527,3.077101230621338,9.954198837280273,3.18023681640625,0.7111461162567139
1769716251.7796981,9.272990226745605,3.086153507232666,10.058215141296387,3.075221061706543,0.7853016257286072
1769716251.7997215,9.355348587036133,3.1189451217651367,10.139888763427734,3.168630599975586,0.7861119508743286
1769716251.819333,9.415401458740234,3.142397880554199,10.227858543395996,3.116081476211548,0.8128830790519714
1769716251.8392131,9.452999114990234,3.156886100769043,10.227424621582031,3.101736307144165,0.7763869166374207
1769716251.859586,9.528343200683594,3.1854705810546875,10.303279876708984,3.184622049331665,0.7749370336532593
1769716251.8794768,9.558536529541016,3.1967575550079346,10.3338041305542,3.2175252437591553,0.7755462527275085
1769716251.8996813,9.649298667907715,3.230114459991455,10.428536415100098,3.1629765033721924,0.782124400138855
1769716251.9192328,9.694783210754395,3.246509075164795,10.436843872070312,3.1537065505981445,0.747840940952301
1769716251.9393353,9.76313591003418,3.270744800567627,10.506872177124023,3.2256877422332764,0.7451004385948181
1769716251.9599135,9.7859525680542,3.278728485107422,10.637652397155762,3.120492935180664,0.8662738800048828
1769716251.9793477,9.885017395019531,3.3127737045288086,10.739835739135742,3.2227025032043457,0.8595505952835083
1769716251.9995735,9.900284767150879,3.31793212890625,10.653459548950195,3.0922515392303467,0.7862597107887268
1769716252.0193624,10.007354736328125,3.353445291519165,10.764656066894531,3.2001612186431885,0.7726585865020752
1769716252.0396807,10.061017990112305,3.3708109855651855,10.820623397827148,3.2533674240112305,0.7686315178871155
1769716252.0598106,10.130134582519531,3.392754316329956,10.905195236206055,3.179283380508423,0.8039208054542542
1769716252.0794299,10.160896301269531,3.4023683071136475,10.761490821838379,3.1326029300689697,0.65839684009552
1769716252.0999544,10.214794158935547,3.418987274169922,10.826213836669922,3.191696882247925,0.6523003578186035
1769716252.11953,10.2919282913208,3.442274332046509,10.839739799499512,3.167031764984131,0.6130709052085876
1769716252.1393826,10.353750228881836,3.4605188369750977,10.905035018920898,3.2246673107147217,0.5996176600456238
1769716252.1592193,10.423418998718262,3.480633497238159,11.095769882202148,3.159665107727051,0.7450338006019592
1769716252.1796577,10.493212699890137,3.5003132820129395,11.169827461242676,3.222778081893921,0.7313230037689209
1769716252.1994498,10.53980827331543,3.513190746307373,11.219358444213867,3.264353036880493,0.7236765623092651
1769716252.2199106,10.570902824401855,3.5216681957244873,11.043975830078125,3.0872418880462646,0.6422808170318604
1769716252.2399485,10.633159637451172,3.5383639335632324,11.21006965637207,3.1487162113189697,0.6961681246757507
1769716252.2596574,10.679912567138672,3.550658941268921,11.16321849822998,3.09492826461792,0.6642853617668152
1769716252.2794373,10.773569107055664,3.57466459274292,11.263290405273438,3.1744096279144287,0.6324796080589294
1769716252.299378,10.828293800354004,3.5883076190948486,11.321846008300781,3.220008611679077,0.6158228516578674
1769716252.3193767,10.890915870666504,3.60357403755188,11.35116958618164,3.1611971855163574,0.6383817791938782
1769716252.3392596,10.914420127868652,3.6092095375061035,11.311612129211426,3.1313602924346924,0.6213705539703369
1769716252.3592231,10.977156639099121,3.623997688293457,11.378886222839355,3.1817526817321777,0.5974670648574829
1769716252.3793886,11.00855541229248,3.631261110305786,11.41257381439209,3.20666766166687,0.5860974192619324
1769716252.3995998,11.087139129638672,3.649038076400757,11.508122444152832,3.1867194175720215,0.6252723336219788
1769716252.4193306,11.142220497131348,3.6611573696136475,11.537277221679688,3.1500539779663086,0.6459852457046509
1769716252.4393926,11.197360038757324,3.673009157180786,11.596511840820312,3.1917922496795654,0.625213623046875
1769716252.4593816,11.268336296081543,3.6878530979156494,11.601181983947754,3.173145055770874,0.6129522919654846
1769716252.4797342,11.331502914428711,3.7006752490997314,11.677542686462402,3.2249813079833984,0.5882415175437927
1769716252.4993052,11.426383972167969,3.7192506790161133,11.790064811706543,3.2098605632781982,0.6258929371833801
1769716252.5194137,11.48180103302002,3.7297210693359375,11.849576950073242,3.248579263687134,0.6056039929389954
1769716252.5394335,11.561056137084961,3.744211196899414,11.934643745422363,3.302866220474243,0.578233003616333
1769716252.5593467,11.592785835266113,3.7498531341552734,11.914214134216309,3.1943178176879883,0.6418220400810242
1769716252.5792956,11.632469177246094,3.756781816482544,11.948258399963379,3.2154524326324463,0.6267055869102478
1769716252.5995383,11.6721773147583,3.7635724544525146,11.967066764831543,3.1656343936920166,0.6667007803916931
1769716252.6194856,11.719857215881348,3.7715394496917725,11.970930099487305,3.2094175815582275,0.6156448721885681
1769716252.6392663,11.759614944458008,3.778026580810547,12.013490676879883,3.2348968982696533,0.599535346031189
1769716252.6595185,11.847161293029785,3.7918124198913574,12.069994926452637,3.1927132606506348,0.6391985416412354
1769716252.6792645,11.894956588745117,3.7990500926971436,12.12104320526123,3.2220890522003174,0.6196765899658203
1769716252.6995885,11.974682807922363,3.8106698989868164,12.128368377685547,3.1968166828155518,0.6327995657920837
1769716252.7194653,12.054486274719238,3.8217358589172363,12.213350296020508,3.243598461151123,0.5995669364929199
1769716252.7395182,12.110394477844238,3.8291521072387695,12.261102676391602,3.1777589321136475,0.6685999035835266
1769716252.7595215,12.182327270507812,3.838287591934204,12.248310089111328,3.215360641479492,0.6264116764068604
1769716252.7792413,12.238313674926758,3.8450820446014404,12.30764389038086,3.246040105819702,0.6030403971672058
1769716252.7993968,12.294333457946777,3.8516042232513428,12.404383659362793,3.210642099380493,0.6503410339355469
1769716252.819281,12.342373847961426,3.856977701187134,12.455146789550781,3.235966682434082,0.6311673521995544
1769716252.8394494,12.390438079833984,3.862151861190796,12.440457344055176,3.2303061485290527,0.6338223814964294
1769716252.8592875,12.438523292541504,3.8671271800994873,12.482675552368164,3.2506635189056396,0.6180426478385925
1769716252.8795183,12.486628532409668,3.871903896331787,12.522588729858398,3.2371158599853516,0.6358057260513306
1769716252.8992286,12.558825492858887,3.878694534301758,12.598406791687012,3.2723684310913086,0.6076167821884155
1769716252.919274,12.623034477233887,3.884352445602417,12.61530876159668,3.2491350173950195,0.6352644562721252
1769716252.9394288,12.687275886535645,3.8896541595458984,12.682482719421387,3.278909921646118,0.6107630729675293
1769716252.9596086,12.751546859741211,3.8946003913879395,12.749542236328125,3.3079326152801514,0.5866713523864746
1769716252.979831,12.823884963989258,3.8997414112091064,12.717453002929688,3.2341272830963135,0.6740695834159851
1769716252.999461,12.896254539489746,3.904435157775879,12.831189155578613,3.2537431716918945,0.6539369225502014
1769716253.0194042,12.976698875427246,3.909123420715332,12.914490699768066,3.2868759632110596,0.6253491044044495
1769716253.0393424,13.024981498718262,3.9116694927215576,12.909847259521484,3.2592995166778564,0.6624515652656555
1769716253.0592978,13.073273658752441,3.914015531539917,12.959654808044434,3.2782113552093506,0.6458764672279358
1769716253.0794036,13.121576309204102,3.9161617755889893,12.962065696716309,3.299480676651001,0.6369767189025879
1769716253.0994723,13.169888496398926,3.9181082248687744,13.026402473449707,3.2819466590881348,0.6521424651145935
1769716253.1192865,13.218208312988281,3.9198546409606934,13.07597541809082,3.2996256351470947,0.6363286375999451
1769716253.1393573,13.2584810256958,3.9211573600769043,13.077878952026367,3.2876858711242676,0.6587133407592773
1769716253.1602724,13.347095489501953,3.923534393310547,13.168434143066406,3.318418264389038,0.6309401988983154
1769716253.179528,13.403495788574219,3.924697160720825,13.22350025177002,3.259398937225342,0.6892170310020447
1769716253.199358,13.484077453613281,3.925886392593384,13.305426597595215,3.2853784561157227,0.6649559736251831
1769716253.2192266,13.516312599182129,3.926206588745117,13.295882225036621,3.274696111679077,0.6877900958061218
1769716253.2394924,13.604962348937988,3.926629066467285,13.385631561279297,3.3015084266662598,0.662481427192688
1769716253.2593207,13.653319358825684,3.9265763759613037,13.399827003479004,3.3040506839752197,0.6721580624580383
1769716253.2795646,13.725852966308594,3.9261226654052734,13.472923278808594,3.324413776397705,0.6527073383331299
1769716253.2995477,13.766148567199707,3.9256763458251953,13.478368759155273,3.32088303565979,0.669770359992981
1769716253.319704,13.82256031036377,3.924818515777588,13.534993171691895,3.335664749145508,0.6555887460708618
1769716253.3398983,13.911197662353516,3.9229211807250977,13.615689277648926,3.3558764457702637,0.6394255757331848
1769716253.3597229,13.991765022277832,3.920614242553711,13.712779998779297,3.3034238815307617,0.6773154139518738
1769716253.379586,14.072315216064453,3.917752742767334,13.761555671691895,3.3604824542999268,0.6380605697631836
1769716253.3994596,14.12868881225586,3.915419816970825,13.817586898803711,3.372551202774048,0.6256924271583557
1769716253.419429,14.177000999450684,3.9132041931152344,13.837956428527832,3.3477909564971924,0.6592749357223511
1769716253.4392986,14.209203720092773,3.911616325378418,13.86987018585205,3.3542206287384033,0.6525616645812988
1769716253.4596784,14.24945068359375,3.9095070362091064,13.87438678741455,3.3232455253601074,0.6959707140922546
1769716253.47934,14.313831329345703,3.90584397315979,13.954568862915039,3.3601207733154297,0.6533632874488831
1769716253.4995067,14.386236190795898,3.9012999534606934,14.025994300842285,3.3728508949279785,0.6395564079284668
1769716253.519517,14.474691390991211,3.8951375484466553,14.074579238891602,3.366460084915161,0.6630155444145203
1769716253.5392182,14.530957221984863,3.8908677101135254,14.129855155944824,3.375087261199951,0.653385579586029
1769716253.5594034,14.595235824584961,3.8856563568115234,14.16987419128418,3.377203941345215,0.6629154086112976
1769716253.5793004,14.66751480102539,3.879371404647827,14.240655899047852,3.386960744857788,0.65167236328125
1769716253.5993707,14.715679168701172,3.8749327659606934,14.28775691986084,3.3930575847625732,0.6444541811943054
1769716253.6194525,14.763826370239258,3.870295763015747,14.295286178588867,3.384580373764038,0.6748694181442261
1769716253.6392593,14.844027519226074,3.862126111984253,14.371280670166016,3.392486810684204,0.6663715243339539
1769716253.6593847,14.88410758972168,3.857834815979004,14.410335540771484,3.3966238498687744,0.6611922383308411
1769716253.6792452,14.972230911254883,3.8479089736938477,14.487733840942383,3.4025731086730957,0.6580739617347717
1769716253.699693,15.004257202148438,3.844134569168091,14.518872261047363,3.4053616523742676,0.6543089151382446
1769716253.7194624,15.100274085998535,3.8322830200195312,14.61213207244873,3.4129436016082764,0.6435278058052063
1769716253.7396953,15.140252113342285,3.8271114826202393,14.599687576293945,3.3818466663360596,0.7003361582756042
1769716253.7594275,15.228141784667969,3.8152506351470947,14.81363296508789,3.3093466758728027,0.6540306210517883
1769716253.7798953,15.292004585266113,3.8062074184417725,14.875492095947266,3.312772750854492,0.6457247734069824
1769716253.799239,15.339869499206543,3.7991950511932373,14.917952537536621,3.289457082748413,0.6617001295089722
1769716253.8196723,15.355818748474121,3.796813488006592,14.93338680267334,3.290149688720703,0.6596642136573792
1769716253.8394156,15.43551254272461,3.784578323364258,15.010479927062988,3.293177604675293,0.6497135162353516
1769716253.8594847,15.47532844543457,3.7782554626464844,15.115782737731934,3.323707342147827,0.5795574188232422
1769716253.879331,15.55489444732666,3.765199899673462,15.124388694763184,3.3461391925811768,0.6007890105247498
1769716253.8995643,15.578747749328613,3.761176586151123,15.147438049316406,3.3465960025787354,0.5982515811920166
1769716253.919392,15.642313957214355,3.7502079010009766,15.253009796142578,3.3619844913482666,0.549795389175415
1769716253.939482,15.713753700256348,3.7374508380889893,15.32202434539795,3.362516403198242,0.5422437787055969
1769716253.959328,15.793039321899414,3.7227587699890137,15.350255966186523,3.33837890625,0.5863490104675293
1769716253.979431,15.85639476776123,3.710613250732422,15.411468505859375,3.3379104137420654,0.5804023146629333
1769716253.9994361,15.927590370178223,3.6965339183807373,15.522290229797363,3.326648473739624,0.5487104058265686
1769716254.019418,16.006593704223633,3.6803746223449707,15.598682403564453,3.3249778747558594,0.5410159230232239
1769716254.039337,16.069717407226562,3.6670567989349365,15.631159782409668,3.3281474113464355,0.5542486310005188
1769716254.0593982,16.109130859375,3.658557176589966,15.669318199157715,3.3268680572509766,0.5508661866188049
1769716254.0799568,16.148517608642578,3.6499223709106445,15.742716789245605,3.349827289581299,0.5047085285186768
1769716254.099319,16.18787384033203,3.6411523818969727,15.780858993530273,3.3482725620269775,0.5014374256134033
1769716254.119279,16.235061645507812,3.6304502487182617,15.826622009277344,3.3462297916412354,0.49759870767593384
1769716254.1392787,16.258638381958008,3.6250264644622803,15.805206298828125,3.3076865673065186,0.553449273109436
1769716254.159382,16.329303741455078,3.6084635257720947,15.873838424682617,3.304129123687744,0.5477852821350098
1769716254.1798,16.33715057373047,3.6065962314605713,15.881464004516602,3.303708553314209,0.5471659898757935
1769716254.1992812,16.431194305419922,3.583770513534546,15.938652038574219,3.3200762271881104,0.5586874485015869
1769716254.2196686,16.47032356262207,3.5740315914154053,15.964614868164062,3.3261947631835938,0.5631729960441589
1769716254.2392745,16.55628776550293,3.5521347522735596,16.048534393310547,3.3203423023223877,0.5581584572792053
1769716254.2598364,16.587507247924805,3.5440118312835693,16.090192794799805,3.32525634765625,0.5433013439178467
1769716254.2792525,16.681028366088867,3.519129753112793,16.181812286376953,3.3180360794067383,0.5381969213485718
1769716254.2993422,16.743263244628906,3.50211501121521,16.256338119506836,3.3181397914886475,0.5205209851264954
1769716254.3195581,16.813161849975586,3.4825661182403564,16.332796096801758,3.3113272190093994,0.509975254535675
1769716254.339283,16.906173706054688,3.455831527709961,16.414382934570312,3.309725522994995,0.5130339860916138
1769716254.3593004,16.96805763244629,3.437584400177002,16.47566795349121,3.303658962249756,0.5102764368057251
1769716254.3794255,17.022123336791992,3.421340227127075,16.521854400634766,3.314220905303955,0.5116081833839417
1769716254.3993065,17.052982330322266,3.4119415283203125,16.552541732788086,3.3110010623931885,0.510518491268158
1769716254.4192712,17.091520309448242,3.4000744819641113,16.589706420898438,3.2976293563842773,0.512164294719696
1769716254.4397502,17.13001823425293,3.388075590133667,16.644062042236328,3.2806777954101562,0.49768194556236267
1769716254.4592786,17.17616081237793,3.3735029697418213,16.690181732177734,3.275545120239258,0.4957529902458191
1769716254.479323,17.214567184448242,3.3612146377563477,16.7286434173584,3.27117919921875,0.4941940903663635
1769716254.4993894,17.237590789794922,3.353778600692749,16.76530647277832,3.2810308933258057,0.4778532385826111
1769716254.5193164,17.29125213623047,3.3362438678741455,16.81922149658203,3.274723529815674,0.4760231673717499
1769716254.539361,17.337181091308594,3.321009635925293,16.883617401123047,3.2573342323303223,0.4580111503601074
1769716254.559689,17.421220779418945,3.292590856552124,16.968528747558594,3.2469403743743896,0.4549880027770996
1769716254.5793781,17.444103240966797,3.2847306728363037,17.009321212768555,3.230052947998047,0.43820515275001526
1769716254.599428,17.489818572998047,3.268869400024414,17.05571937561035,3.2241947650909424,0.4363923668861389
1769716254.6193411,17.5810546875,3.236584186553955,17.108448028564453,3.244351625442505,0.4726700484752655
1769716254.639497,17.664451599121094,3.2063326835632324,17.20862579345703,3.2205898761749268,0.45605048537254333
1769716254.659289,17.717405319213867,3.186755657196045,17.263019561767578,3.213252067565918,0.45515722036361694
1769716254.6793032,17.792888641357422,3.1583499908447266,17.368289947509766,3.186673402786255,0.42554178833961487
1769716254.6992955,17.830556869506836,3.143954038619995,17.40725326538086,3.1812615394592285,0.42494499683380127
1769716254.719269,17.898235321044922,3.1177175045013428,17.497230529785156,3.1903042793273926,0.40752172470092773
1769716254.739651,17.950761795043945,3.0970239639282227,17.551925659179688,3.182525873184204,0.4078982174396515
1769716254.7594457,18.010671615600586,3.0730671882629395,17.61452293395996,3.173529863357544,0.4086892902851105
1769716254.7795434,18.04804801940918,3.0579283237457275,17.611238479614258,3.1722397804260254,0.45151934027671814
1769716254.7994678,18.085372924804688,3.0426619052886963,17.65941047668457,3.1613786220550537,0.4421975910663605
1769716254.8194683,18.130094528198242,3.0241739749908447,17.71436309814453,3.153308391571045,0.4353258013725281
1769716254.8396144,18.20446014404297,2.9929544925689697,17.789382934570312,3.138232946395874,0.4397665560245514
1769716254.8595855,18.293415069580078,2.954822301864624,17.883926391601562,3.1240880489349365,0.44309428334236145
1769716254.8795877,18.3525447845459,2.9289965629577637,17.951168060302734,3.109781265258789,0.4402105510234833
1769716254.8993878,18.418895721435547,2.89955735206604,18.030250549316406,3.0977699756622314,0.4362714886665344
1769716254.9193568,18.499744415283203,2.863023519515991,18.111656188964844,3.083796739578247,0.44648951292037964
1769716254.9394443,18.5730037689209,2.829285144805908,18.191055297851562,3.071594476699829,0.45232537388801575
1769716254.9595108,18.609546661376953,2.8122284412384033,18.2381591796875,3.061058759689331,0.447040319442749
1769716254.9797099,18.6533203125,2.7915964126586914,18.28999137878418,3.0519700050354004,0.44699278473854065
1769716254.999324,18.697010040283203,2.770785093307495,18.337812423706055,3.0445635318756104,0.4516386091709137
1769716255.0193524,18.726089477539062,2.7568116188049316,18.369726181030273,3.0396134853363037,0.45494145154953003
1769716255.039404,18.776885986328125,2.7321672439575195,18.42470932006836,3.001478910446167,0.4433479309082031
1769716255.0597115,18.81309700012207,2.7144157886505127,18.470983505249023,2.9936323165893555,0.4415932893753052
1769716255.0794084,18.8492488861084,2.696540594100952,18.51100730895996,2.9874019622802734,0.4461025297641754
1769716255.1000237,18.92136573791504,2.660421133041382,18.537132263183594,2.9880053997039795,0.5049219131469727
1769716255.1193442,18.957332611083984,2.642177104949951,18.57727813720703,2.9817471504211426,0.5096556544303894
1769716255.13968,19.000408172607422,2.6201224327087402,18.625503540039062,2.9742281436920166,0.5156977772712708
1769716255.1596231,19.05055046081543,2.5941691398620605,18.680789947509766,2.9658281803131104,0.5242643356323242
1769716255.1797652,19.08629035949707,2.5754847526550293,18.71771240234375,2.9605164527893066,0.53300940990448
1769716255.1995285,19.143341064453125,2.5453362464904785,18.782257080078125,2.950463056564331,0.5426875948905945
1769716255.2192864,19.21442222595215,2.5072133541107178,18.863079071044922,2.937889814376831,0.555809736251831
1769716255.2397816,19.24986457824707,2.4879701137542725,18.905147552490234,2.9025402069091797,0.5391636490821838
1769716255.2593656,19.30643653869629,2.456929922103882,18.969980239868164,2.892481803894043,0.5503712296485901
1769716255.2795854,19.376911163330078,2.4176957607269287,19.048786163330078,2.880608320236206,0.5674098134040833
1769716255.2997975,19.440107345581055,2.381974458694458,19.122533798217773,2.840073347091675,0.5574120879173279
1769716255.319708,19.51704978942871,2.3377890586853027,19.212142944335938,2.826289653778076,0.5758488178253174
1769716255.3394668,19.565839767456055,2.309370517730713,19.26304054260254,2.7894792556762695,0.5676202178001404
1769716255.3594809,19.586708068847656,2.2971198558807373,19.287538528442383,2.785731792449951,0.5729264616966248
1769716255.3793266,19.62837028503418,2.2724905014038086,19.276439666748047,2.793236494064331,0.6285152435302734
1769716255.4016187,19.66301155090332,2.251835584640503,19.317338943481445,2.7870075702667236,0.6371014714241028
1769716255.4196815,19.697582244873047,2.231062650680542,19.3582706451416,2.7807881832122803,0.6460104584693909
1769716255.4396663,19.711389541625977,2.2227206230163574,19.3748722076416,2.7770397663116455,0.6484702825546265
1769716255.4597013,19.745861053466797,2.201782464981079,19.415851593017578,2.7708351612091064,0.6578198671340942
1769716255.4793127,19.79399871826172,2.172271966934204,19.449888229370117,2.7382073402404785,0.6623405814170837
1769716255.499358,19.855684280395508,2.1339919567108154,19.5238094329834,2.727097272872925,0.6796430349349976
1769716255.5192602,19.90349769592285,2.103957414627075,19.577392578125,2.6880109310150146,0.6689268350601196
1769716255.5394256,19.937562942504883,2.082364559173584,19.61854362487793,2.6818747520446777,0.6791067123413086
1769716255.5594149,20.01901626586914,2.0300703048706055,19.70743751525879,2.6381678581237793,0.6832742094993591
1769716255.579711,20.046070098876953,2.012491226196289,19.740428924560547,2.6332967281341553,0.6919651031494141
1769716255.599635,20.086563110351562,1.9859848022460938,19.776700973510742,2.59843373298645,0.686373770236969
1769716255.619311,20.1336669921875,1.9548516273498535,19.827804565429688,2.5872445106506348,0.7024760246276855
1769716255.6394944,20.17392349243164,1.9279876947402954,19.877399444580078,2.5800042152404785,0.7162762880325317
1769716255.659303,20.24077033996582,1.8828493356704712,19.960128784179688,2.567988872528076,0.7403886318206787
1769716255.6797538,20.26076316833496,1.869219183921814,19.98350715637207,2.529728651046753,0.7163401246070862
1769716255.6997764,20.340457916259766,1.8142905235290527,20.06280517578125,2.489454746246338,0.7300258278846741
1769716255.7194757,20.3735294342041,1.791211485862732,20.112546920776367,2.4823367595672607,0.738759458065033
1769716255.7394924,20.452579498291016,1.735363245010376,20.14063262939453,2.4550063610076904,0.7843453288078308
1769716255.7596407,20.49847984313965,1.7024869918823242,20.198740005493164,2.446784734725952,0.8023858070373535
1769716255.779278,20.56377601623535,1.655141830444336,20.296478271484375,2.390986442565918,0.7828890681266785
1769716255.799527,20.58980369567871,1.63607919216156,20.3297119140625,2.3863301277160645,0.7940554022789001
1769716255.8194163,20.64170265197754,1.5977414846420288,20.400880813598633,2.365452289581299,0.8045960068702698
1769716255.8393917,20.68048858642578,1.5688025951385498,20.450759887695312,2.3585188388824463,0.822452187538147
1769716255.8593187,20.712718963623047,1.5445656776428223,20.470115661621094,2.320927381515503,0.8133842945098877
1769716255.879512,20.77692985534668,1.495762825012207,20.553274154663086,2.309454917907715,0.8438698053359985
1769716255.9002213,20.815296173095703,1.4662712812423706,20.59549331665039,2.2632668018341064,0.8267496824264526
1769716255.9194667,20.891660690307617,1.40681791305542,20.606143951416016,2.213371992111206,0.8555986285209656
1769716255.9397285,20.942298889160156,1.3668357133865356,20.672687530517578,2.2043228149414062,0.8798151612281799
1769716255.9593823,21.011566162109375,1.311409831047058,20.771528244018555,2.140983819961548,0.8636036515235901
1769716255.9793098,21.036651611328125,1.2911262512207031,20.804792404174805,2.136495590209961,0.8765884637832642
1769716255.9993374,21.111568450927734,1.2298651933670044,20.904565811157227,2.123077392578125,0.9168850183486938
1769716256.0194612,21.130218505859375,1.2144540548324585,20.882320404052734,2.085693597793579,0.9058210849761963
1769716256.0393012,21.161231994628906,1.1886842250823975,20.92387580871582,2.0801286697387695,0.9225026369094849
1769716256.0596542,21.179798126220703,1.1731714010238647,20.93784523010254,2.010591745376587,0.8716732859611511
1769716256.0796587,21.24759864807129,1.1159664392471313,21.013647079467773,1.999241590499878,0.9137332439422607
1769716256.0997505,21.290517807006836,1.079298496246338,21.071765899658203,1.9915035963058472,0.9380672574043274
1769716256.1194391,21.345439910888672,1.0318529605865479,21.120519638061523,1.940739631652832,0.9363038539886475
1769716256.1395676,21.387954711914062,0.9947171807289124,21.17857551574707,1.9330323934555054,0.961392343044281
1769716256.1596675,21.43029022216797,0.9573776125907898,21.188386917114258,1.8560800552368164,0.9306899905204773
1769716256.1803577,21.47244644165039,0.9198349714279175,21.246374130249023,1.8483902215957642,0.9556795358657837
1769716256.199409,21.526382446289062,0.8712689876556396,21.332067489624023,1.780913233757019,0.9301669597625732
1769716256.2194417,21.574071884155273,0.8278201818466187,21.398231506347656,1.7721341848373413,0.96054607629776
1769716256.2395413,21.633346557617188,0.7731418013572693,21.418962478637695,1.699742078781128,0.9510775208473206
1769716256.2596712,21.68049430847168,0.7291068434715271,21.469907760620117,1.6404179334640503,0.9353259801864624
1769716256.2794983,21.709840774536133,0.701453685760498,21.511137008666992,1.6349207162857056,0.9543811082839966
1769716256.2996085,21.733247756958008,0.6792586445808411,21.51122283935547,1.6247494220733643,0.9712095260620117
1769716256.3197472,21.779878616333008,0.6346760988235474,21.57709312438965,1.6159347295761108,1.001993179321289
1769716256.3396454,21.832046508789062,0.5842152237892151,21.651105880737305,1.6059942245483398,1.037676215171814
1769716256.359853,21.849365234375,0.5673233866691589,21.677413940429688,1.5062743425369263,0.9545661807060242
1769716256.3799536,21.90111541748047,0.5164340138435364,21.713830947875977,1.4604824781417847,0.9624462127685547
1769716256.3996603,21.941146850585938,0.47663265466690063,21.771209716796875,1.4526890516281128,0.9907392859458923
1769716256.4192815,21.980985641479492,0.43663913011550903,21.82851791381836,1.4448676109313965,1.0196915864944458
1769716256.439995,22.031923294067383,0.38493791222572327,21.84279441833496,1.342133641242981,0.9757017493247986
1769716256.4595077,22.065704345703125,0.3502957224845886,21.928255081176758,1.2685983180999756,0.9285323619842529
1769716256.4792528,22.12726402282715,0.2864241302013397,22.017902374267578,1.2561155557632446,0.975838840007782
1769716256.4993715,22.177270889282227,0.23382028937339783,22.049768447875977,1.1652144193649292,0.9400807023048401
1769716256.5198495,22.22694969177246,0.18090775609016418,22.122827529907227,1.1548384428024292,0.9794807434082031
1769716256.5395968,22.287221908569336,0.11582056432962418,22.209367752075195,1.016791820526123,0.9043288826942444
1769716256.5592418,22.31989097595215,0.08012664318084717,22.257871627807617,1.0097450017929077,0.9316847920417786
1769716256.5796745,22.3524112701416,0.044298071414232254,22.26898956298828,0.9704807996749878,0.9299320578575134
1769716256.599302,22.379398345947266,0.014338493347167969,22.309303283691406,0.9645309448242188,0.9527744054794312
1769716256.6192462,22.406282424926758,-0.01571383699774742,22.31454849243164,0.9120767712593079,0.9323145151138306
1769716256.6392555,22.427715301513672,-0.03982225060462952,22.34672737121582,0.9072605967521667,0.9505392909049988
1769716256.6593351,22.45973777770996,-0.07609537988901138,22.404483795166016,0.7914482355117798,0.8693013787269592
1769716256.679566,22.496910095214844,-0.1185809001326561,22.46063804626465,0.7828892469406128,0.9021995663642883
1769716256.6994178,22.539140701293945,-0.16735468804836273,22.502187728881836,0.7488136291503906,0.9169132113456726
1769716256.7194958,22.586328506469727,-0.22250255942344666,22.574100494384766,0.7375483512878418,0.9601287841796875
1769716256.7395976,22.63317108154297,-0.27794215083122253,22.593109130859375,0.6464682817459106,0.9252781271934509
1769716256.7594008,22.664209365844727,-0.31506291031837463,22.640850067138672,0.6387558579444885,0.9541047215461731
1769716256.779547,22.705354690551758,-0.3647564649581909,22.701541900634766,0.5015742778778076,0.8663391470909119
1769716256.7993417,22.756399154663086,-0.42719149589538574,22.78078842163086,0.48835355043411255,0.9158698320388794
1769716256.819328,22.79692268371582,-0.47739216685295105,22.776954650878906,0.39925870299339294,0.8768782615661621
1769716256.8392425,22.842182159423828,-0.5341343879699707,22.854280471801758,0.26246947050094604,0.7966957688331604
1769716256.8592796,22.867172241210938,-0.5657790303230286,22.89365577697754,0.255540668964386,0.8217465877532959
1769716256.8793025,22.897018432617188,-0.6038662195205688,22.944913864135742,0.15659117698669434,0.7619642019271851
1769716256.8992593,22.911880493164062,-0.6229560971260071,22.96847915649414,0.15234769880771637,0.7773669362068176
1769716256.9194841,22.931636810302734,-0.6484570503234863,22.98668670654297,0.10425029695034027,0.7547177076339722
1769716256.939319,22.95623207092285,-0.6804099082946777,23.0258846282959,0.09705698490142822,0.7805806398391724
1769716256.959465,22.995357513427734,-0.7317106127738953,23.093505859375,-0.011138792149722576,0.7272254824638367
1769716256.9805183,23.039031982421875,-0.7896814346313477,23.163799285888672,-0.024520382285118103,0.775266706943512
1769716256.9992902,23.08234405517578,-0.8479228019714355,23.138778686523438,-0.11150427907705307,0.7385777235031128
1769716257.01939,23.115781784057617,-0.8934073448181152,23.193227767944336,-0.12232659012079239,0.7749602198600769
1769716257.039613,23.16788101196289,-0.9652085900306702,23.23208236694336,-0.19561102986335754,0.772270917892456
1769716257.0595338,23.205427169799805,-1.0176756381988525,23.294044494628906,-0.20854221284389496,0.813971757888794
1769716257.0793502,23.25657844543457,-1.0901554822921753,23.3966064453125,-0.4118535816669464,0.6926048994064331
1769716257.099691,23.284244537353516,-1.1298534870147705,23.442895889282227,-0.4219991862773895,0.7254153490066528
1769716257.1195292,23.316316604614258,-1.1763125658035278,23.4672908782959,-0.5568973422050476,0.6375491619110107
1769716257.139285,23.33908462524414,-1.209592580795288,23.50576400756836,-0.5656289458274841,0.6651850938796997
1769716257.159429,23.375276565551758,-1.2630035877227783,23.497873306274414,-0.6122595071792603,0.6621914505958557
1769716257.1794417,23.4022274017334,-1.3031928539276123,23.543916702270508,-0.623116672039032,0.6946795582771301
1769716257.199317,23.415639877319336,-1.323329210281372,23.53541374206543,-0.7596328258514404,0.5762808918952942
1769716257.219448,23.455625534057617,-1.3839049339294434,23.60434341430664,-0.7763829827308655,0.6254597902297974
1769716257.2393634,23.482072830200195,-1.4244264364242554,23.63189125061035,-0.924045741558075,0.5223274827003479
1769716257.2595158,23.503984451293945,-1.458277940750122,23.670095443725586,-0.9336855411529541,0.5502634048461914
1769716257.2793899,23.53446388244629,-1.5057969093322754,23.73781394958496,-1.0122277736663818,0.5338179469108582
1769716257.299578,23.560405731201172,-1.5466443300247192,23.791181564331055,-1.0262153148651123,0.5693017244338989
1769716257.3198206,23.611778259277344,-1.628658413887024,23.83933448791504,-1.1225603818893433,0.5549027919769287
1769716257.339654,23.654067993164062,-1.6973248720169067,23.82364273071289,-1.2359052896499634,0.49159279465675354
1769716257.3592405,23.691720962524414,-1.7593711614608765,23.89196014404297,-1.2554126977920532,0.542282223701477
1769716257.379505,23.741323471069336,-1.8424583673477173,23.904701232910156,-1.3756964206695557,0.494529128074646
1769716257.399586,23.76178741455078,-1.8771978616714478,23.942564010620117,-1.3871372938156128,0.5223405957221985
1769716257.419438,23.798316955566406,-1.9399049282073975,23.992671966552734,-1.5227805376052856,0.4601809084415436
1769716257.4392447,23.810407638549805,-1.9608571529388428,24.015357971191406,-1.5299066305160522,0.4772028625011444
1769716257.4592867,23.834457397460938,-2.002836227416992,24.044689178466797,-1.6259139776229858,0.43158748745918274
1769716257.4794161,23.838449478149414,-2.0098423957824707,24.059799194335938,-1.6307828426361084,0.43895575404167175
1769716257.499496,23.862295150756836,-2.051936388015747,24.09209632873535,-1.6988565921783447,0.421276330947876
1769716257.5199776,23.87020492553711,-2.0659894943237305,24.107194900512695,-1.7038249969482422,0.4328138530254364
1769716257.5399947,23.897735595703125,-2.115260601043701,24.233959197998047,-1.9270585775375366,0.3853135406970978
1769716257.5593834,23.90555763244629,-2.1293623447418213,24.249048233032227,-1.9321582317352295,0.3960740566253662
1769716257.5795274,23.928905487060547,-2.17173171043396,24.294296264648438,-1.9476358890533447,0.42863547801971436
1769716257.5994616,23.96742820739746,-2.2425599098205566,24.396345138549805,-2.17179012298584,0.43471604585647583
1769716257.61989,24.00545883178711,-2.3136508464813232,24.399625778198242,-2.1315360069274902,0.43420353531837463
1769716257.640305,24.03178596496582,-2.3635687828063965,24.452312469482422,-2.1510355472564697,0.4711817800998688
1769716257.6595097,24.05415916442871,-2.4064559936523438,24.35572624206543,-2.1536407470703125,0.3935204744338989
1769716257.6798942,24.076353073120117,-2.449434757232666,24.393329620361328,-2.1681034564971924,0.423818439245224
1769716257.6992488,24.10566520690918,-2.5068814754486084,24.479331970214844,-2.291924476623535,0.43108415603637695
1769716257.7202804,24.141855239868164,-2.5789151191711426,24.554481506347656,-2.3221778869628906,0.48597830533981323
1769716257.7393813,24.17754364013672,-2.651195764541626,24.57035255432129,-2.5845301151275635,0.3984261751174927
1769716257.7594144,24.202226638793945,-2.701937437057495,24.6229248046875,-2.606870412826538,0.43130460381507874
1769716257.7793987,24.223186492919922,-2.7455244064331055,24.56998634338379,-2.5336458683013916,0.40640127658843994
1769716257.7992728,24.24396514892578,-2.7891976833343506,24.63173484802246,-2.7153170108795166,0.39474546909332275
1769716257.8194978,24.271387100219727,-2.8475613594055176,24.691789627075195,-2.7423222064971924,0.4333760142326355
1769716257.8393228,24.29511260986328,-2.898752450942993,24.693012237548828,-2.9103105068206787,0.3980676233768463
1769716257.8593717,24.311908721923828,-2.935387372970581,24.730541229248047,-2.9278528690338135,0.41870012879371643
1769716257.879346,24.328575134277344,-2.9720797538757324,24.821392059326172,-3.112741470336914,0.5124971866607666
1769716257.8993974,24.351696014404297,-3.023545026779175,24.873926162719727,-3.1380820274353027,0.5346426367759705
1769716257.9193208,24.368057250976562,-3.0603737831115723,24.76150894165039,-3.1128578186035156,0.39693698287010193
1769716257.9392877,24.39396858215332,-3.1194162368774414,24.821544647216797,-3.1428613662719727,0.4282184839248657
1769716257.959695,24.422727584838867,-3.1860084533691406,24.889083862304688,-3.1774322986602783,0.4664364159107208
1769716257.9794114,24.43852424621582,-3.223080635070801,24.926605224609375,-3.1970183849334717,0.4887779653072357
1769716257.9993255,24.46042251586914,-3.2750725746154785,24.82868194580078,-3.3145599365234375,0.3703710436820984
1769716258.0194097,24.485137939453125,-3.334620237350464,24.888715744018555,-3.347097396850586,0.4037703573703766
1769716258.0394368,24.500417709350586,-3.371906280517578,24.977781295776367,-3.585408926010132,0.5229325890541077
1769716258.0592782,24.530588150024414,-3.4466352462768555,25.05282211303711,-3.6276803016662598,0.5527251362800598
1769716258.0797093,24.55139923095703,-3.499068260192871,24.934864044189453,-3.4771692752838135,0.3840905427932739
1769716258.0995092,24.58358383178711,-3.5816638469696045,25.00989532470703,-3.5215587615966797,0.4305276572704315
1769716258.1193976,24.598005294799805,-3.6192874908447266,25.027372360229492,-3.698831558227539,0.4366729259490967
1769716258.1396897,24.623632431030273,-3.6871345043182373,25.09488296508789,-3.7403602600097656,0.474246621131897
1769716258.1592817,24.63768768310547,-3.7248952388763428,25.093191146850586,-3.8498036861419678,0.4723198115825653
1769716258.179563,24.651609420776367,-3.762704610824585,25.130685806274414,-3.8736155033111572,0.49174612760543823
1769716258.1993735,24.681777954101562,-3.8460521697998047,25.125244140625,-3.924747943878174,0.45039400458335876
1769716258.219665,24.69796371459961,-3.8916101455688477,25.17020606994629,-3.9545674324035645,0.47642019391059875
1769716258.2395022,24.719249725341797,-3.9524574279785156,25.18244743347168,-4.104351997375488,0.4874664843082428
1769716258.2594135,24.740198135375977,-4.013421535491943,25.24234390258789,-4.1456475257873535,0.519263505935669
1769716258.2795498,24.760807037353516,-4.07450008392334,25.282508850097656,-4.421584129333496,0.6266101598739624
1769716258.299664,24.78107452392578,-4.135691165924072,25.34232521057129,-4.464540481567383,0.6504948139190674
1769716258.3199604,24.79357147216797,-4.173992156982422,25.22718048095703,-4.354349136352539,0.46962353587150574
1769716258.33964,24.810840606689453,-4.227685451507568,25.2719783782959,-4.387589454650879,0.4880762994289398
1769716258.3598967,24.827848434448242,-4.281461715698242,25.324199676513672,-4.426969051361084,0.5172404646873474
1769716258.3792531,24.83983612060547,-4.319923400878906,25.31484031677246,-4.809543609619141,0.6821695566177368
1769716258.3994412,24.865741729736328,-4.4046831130981445,25.396728515625,-4.873464584350586,0.7083089351654053
1769716258.4194157,24.88189125061035,-4.4587225914001465,25.326711654663086,-4.947666168212891,0.6610077023506165
1769716258.4394863,24.897775650024414,-4.512840270996094,25.37866973876953,-4.989830017089844,0.6773313879966736
1769716258.4594362,24.90896224975586,-4.551541805267334,25.404354095458984,-5.115274906158447,0.7504721283912659
1769716258.4792402,24.9330997467041,-4.6368207931518555,25.485755920410156,-5.183576583862305,0.7774123549461365
1769716258.49927,24.950244903564453,-4.69895601272583,25.372344970703125,-5.359575271606445,0.7839550375938416
1769716258.5196643,24.97119140625,-4.776756763458252,25.445999145507812,-5.424112319946289,0.8028147220611572
1769716258.5396004,24.989580154418945,-4.84689998626709,25.481176376342773,-5.397855758666992,0.7383889555931091
1769716258.559606,25.00555992126465,-4.90934419631958,25.539791107177734,-5.451371669769287,0.7610492706298828
1769716258.5794265,25.01342010498047,-4.94059944152832,25.492277145385742,-5.530540943145752,0.7598266005516052
1769716258.600245,25.02887725830078,-5.003174304962158,25.43992042541504,-5.7411017417907715,0.8446851968765259
1769716258.6193867,25.043989181518555,-5.065834045410156,25.498144149780273,-5.796685218811035,0.8604657053947449
1769716258.6395183,25.05509376525879,-5.112883567810059,25.433469772338867,-5.77584981918335,0.7633428573608398
1769716258.6593208,25.073165893554688,-5.191400051116943,25.505844116210938,-5.847238063812256,0.7857064008712769
1769716258.6795504,25.090694427490234,-5.2700395584106445,25.577930450439453,-5.9198832511901855,0.8122173547744751
1769716258.699298,25.102638244628906,-5.325158596038818,25.525360107421875,-6.0065083503723145,0.8018298745155334
1769716258.7195373,25.11760139465332,-5.3961100578308105,25.58977699279785,-6.073726654052734,0.825901985168457
1769716258.7394302,25.127330780029297,-5.443462371826172,25.428325653076172,-6.114048957824707,0.7350403666496277
1769716258.759318,25.13686180114746,-5.490854740142822,25.470998764038086,-6.159844398498535,0.7477928996086121
1769716258.7794728,25.149263381958008,-5.554105281829834,25.492015838623047,-6.071663856506348,0.6207624077796936
1769716258.7994645,25.161314010620117,-5.6174235343933105,25.548480987548828,-6.134150505065918,0.6456811428070068
1769716258.8194573,25.17445182800293,-5.688735008239746,25.611709594726562,-6.205340385437012,0.6768131256103516
1769716258.8393145,25.182960510253906,-5.736320972442627,25.46881866455078,-6.328718185424805,0.6577606201171875
1769716258.8594897,25.18990135192871,-5.776002883911133,25.458194732666016,-6.262201309204102,0.5553106665611267
1769716258.8793347,25.199386596679688,-5.831597328186035,25.506826400756836,-6.319087982177734,0.5763384699821472
1769716258.8995473,25.207300186157227,-5.87928581237793,25.450733184814453,-6.328113079071045,0.510592520236969
1769716258.9198864,25.211183547973633,-5.90314245223999,25.47142791748047,-6.352859020233154,0.5195883512496948
1769716258.9394255,25.2225341796875,-5.974760055541992,25.47282600402832,-6.374178886413574,0.4713612496852875
1769716258.9594617,25.23105239868164,-6.030510425567627,25.520648956298828,-6.432977676391602,0.49582892656326294
1769716258.9795434,25.23929786682129,-6.086301803588867,25.42449951171875,-6.56932258605957,0.5173089504241943
1769716258.9997487,25.245023727416992,-6.126176834106445,25.458328247070312,-6.612002372741699,0.5305896401405334
1769716259.019211,25.257129669189453,-6.213970184326172,25.513107299804688,-6.639104843139648,0.4962497353553772
1769716259.0393682,25.263450622558594,-6.261896133422852,25.40353012084961,-6.80278205871582,0.5587308406829834
1769716259.0594773,25.273542404174805,-6.341829299926758,25.46980857849121,-6.890580177307129,0.5827934741973877
1769716259.0794718,25.281213760375977,-6.405825138092041,25.52239227294922,-6.96150016784668,0.6057568192481995
1769716259.0997279,25.28942108154297,-6.477870464324951,25.455020904541016,-6.969473361968994,0.5187455415725708
1769716259.11944,25.298011779785156,-6.557979583740234,25.51957130432129,-7.059752941131592,0.5485115051269531
1769716259.1393774,25.302902221679688,-6.60607385635376,25.356489181518555,-7.218225479125977,0.6144927144050598
1769716259.1593904,25.307594299316406,-6.654188632965088,25.405670166015625,-7.358883857727051,0.7114874720573425
1769716259.1794767,25.311349868774414,-6.694299221038818,25.437253952026367,-7.404847145080566,0.7216165661811829
1769716259.199251,25.315673828125,-6.742448806762695,25.33226776123047,-7.509511947631836,0.7672423124313354
1769716259.2193592,25.319799423217773,-6.790616989135742,25.369647979736328,-7.56521463394165,0.776199996471405
1769716259.2395167,25.322437286376953,-6.822739124298096,25.324420928955078,-7.550050258636475,0.7273141741752625
1769716259.2594402,25.328641891479492,-6.903075695037842,25.385770797729492,-7.643791198730469,0.7429153919219971
1769716259.2793891,25.333208084106445,-6.967375755310059,25.34535026550293,-7.798532962799072,0.831245481967926
1769716259.2995336,25.337421417236328,-7.031702041625977,25.393306732177734,-7.874483585357666,0.8446325659751892
1769716259.3194346,25.339874267578125,-7.071917533874512,25.27812385559082,-7.815735340118408,0.746376633644104
1769716259.339934,25.34218978881836,-7.1121416091918945,25.307601928710938,-7.863583087921143,0.7522372603416443
1769716259.3593662,25.34560203552246,-7.176516532897949,25.253360748291016,-7.95881462097168,0.7877174615859985
1769716259.3793128,25.34717559814453,-7.20871114730835,25.213539123535156,-8.06929874420166,0.8709020018577576
1769716259.3996422,25.350391387939453,-7.281165599822998,25.26506805419922,-8.156468391418457,0.87945157289505
1769716259.4199185,25.35198402404785,-7.321426868438721,25.293373107910156,-8.205096244812012,0.885610818862915
1769716259.4393103,25.353437423706055,-7.361693382263184,25.19779396057129,-8.161458969116211,0.8147697448730469
1769716259.4600668,25.3542423248291,-7.3858561515808105,25.21452522277832,-8.190783500671387,0.8169633746147156
1769716259.4799666,25.35614585876465,-7.450297832489014,25.19734764099121,-8.282830238342285,0.8475419878959656
1769716259.4998538,25.35733985900879,-7.498635768890381,25.23009490966797,-8.341866493225098,0.8527774214744568
1769716259.5197678,25.35818099975586,-7.538921356201172,25.25712013244629,-8.391199111938477,0.8582484722137451
1769716259.540045,25.359127044677734,-7.5953264236450195,25.137975692749023,-8.426017761230469,0.8596255779266357
1769716259.5594747,25.360063552856445,-7.683971881866455,25.19580841064453,-8.535313606262207,0.8670424818992615
1769716259.5795417,25.360239028930664,-7.716208457946777,25.216541290283203,-8.575188636779785,0.8709163665771484
1769716259.599595,25.360328674316406,-7.772623538970947,25.10233497619629,-8.558404922485352,0.8270512223243713
1769716259.6195493,25.36004638671875,-7.845158100128174,25.052465438842773,-8.6661376953125,0.876706063747406
1769716259.6396275,25.35909080505371,-7.933808326721191,25.106863021850586,-8.776808738708496,0.8799253702163696
1769716259.6595879,25.358970642089844,-7.941867351531982,24.988821029663086,-8.814216613769531,0.9476308226585388
1769716259.6794846,25.35763931274414,-8.014392852783203,25.037090301513672,-8.915228843688965,0.9561682343482971
1769716259.6996877,25.356704711914062,-8.054681777954102,25.056106567382812,-8.95572566986084,0.9498633146286011
1769716259.719467,25.352785110473633,-8.183582305908203,25.090351104736328,-8.952693939208984,0.8126533627510071
1769716259.7395828,25.352493286132812,-8.19163703918457,24.935684204101562,-9.000049591064453,0.9095384478569031
1769716259.7593791,25.347820281982422,-8.304383277893066,24.998409271240234,-9.142830848693848,0.9083401560783386
1769716259.779657,25.34628677368164,-8.336588859558105,24.921283721923828,-9.17879867553711,0.9433688521385193
1769716259.800066,25.3433895111084,-8.392937660217285,24.951560974121094,-9.250433921813965,0.9427766799926758
1769716259.8200097,25.342063903808594,-8.417083740234375,24.964374542236328,-9.281167030334473,0.9430213570594788
1769716259.8403835,25.339263916015625,-8.46536636352539,24.90669822692871,-9.115567207336426,0.7809452414512634
1769716259.8597744,25.338287353515625,-8.481457710266113,24.889375686645508,-9.115035057067871,0.7764925360679626
1769716259.879273,25.33195686340332,-8.577980995178223,24.938617706298828,-9.238332748413086,0.7686219811439514
1769716259.8996136,25.32668685913086,-8.650338172912598,24.974517822265625,-9.330964088439941,0.7663384079933167
1769716259.9194374,25.32227897644043,-8.70659351348877,24.85523223876953,-9.363649368286133,0.8061360716819763
1769716259.9394794,25.316213607788086,-8.778890609741211,24.87485122680664,-9.410594940185547,0.7706176042556763
1769716259.9596746,25.30819320678711,-8.867202758789062,24.915576934814453,-9.524173736572266,0.7653491497039795
1769716259.9795034,25.303537368774414,-8.9153470993042,24.849498748779297,-9.381939888000488,0.6510447263717651
1769716259.9998105,25.297853469848633,-8.971491813659668,24.87424659729004,-9.454302787780762,0.6423000693321228
1769716260.0192442,25.290149688720703,-9.0436372756958,24.780460357666016,-9.717011451721191,0.8445216417312622
1769716260.0392592,25.281999588012695,-9.115735054016113,24.810564041137695,-9.810114860534668,0.83929443359375
1769716260.0592356,25.277280807495117,-9.155767440795898,24.729230880737305,-9.74552059173584,0.805087685585022
1769716260.079278,25.272422790527344,-9.195784568786621,24.74527931213379,-9.797248840332031,0.7997745275497437
1769716260.0993118,25.26333236694336,-9.267772674560547,24.71646499633789,-9.862563133239746,0.8079849481582642
1769716260.1193225,25.260202407836914,-9.291756629943848,24.72565269470215,-9.893590927124023,0.80495285987854
1769716260.1395042,25.253795623779297,-9.339704513549805,24.700763702392578,-9.876487731933594,0.7707014083862305
1769716260.159936,25.243816375732422,-9.411577224731445,24.727102279663086,-9.969510078430176,0.7604488730430603
1769716260.179427,25.234573364257812,-9.475412368774414,24.683286666870117,-9.92432689666748,0.7109427452087402
1769716260.2000515,25.2237548828125,-9.547165870666504,24.626644134521484,-9.984957695007324,0.7404070496559143
1769716260.2197464,25.209930419921875,-9.634773254394531,24.655454635620117,-10.098342895507812,0.7227299809455872
1769716260.2392428,25.203426361083984,-9.674560546875,24.58527946472168,-10.080677032470703,0.7396194934844971
1769716260.259381,25.18726348876953,-9.769959449768066,24.61445426940918,-10.204056739807129,0.7187157273292542
1769716260.2792773,25.184494018554688,-9.785845756530762,24.619155883789062,-10.224594116210938,0.7156156301498413
1769716260.2992811,25.17031478881836,-9.865222930908203,24.52953338623047,-10.268065452575684,0.7568894624710083
1769716260.3196611,25.163021087646484,-9.904874801635742,24.540523529052734,-10.319265365600586,0.7478106617927551
1769716260.3392377,25.141874313354492,-10.015767097473145,24.502246856689453,-10.389056205749512,0.7405866980552673
1769716260.359265,25.13876724243164,-10.03159236907959,24.49226951599121,-10.361872673034668,0.7259780764579773
1769716260.379284,25.11966323852539,-10.12645435333252,24.515323638916016,-10.483991622924805,0.7021813988685608
1769716260.3992538,25.1180362701416,-10.134352684020996,24.44281005859375,-10.407943725585938,0.7285470366477966
1769716260.4192367,25.09977912902832,-10.221158027648926,24.46240234375,-10.51947021484375,0.7037326693534851
1769716260.439641,25.098087310791016,-10.229043006896973,24.378999710083008,-10.507245063781738,0.771027147769928
1769716260.4592597,25.07735824584961,-10.323567390441895,24.398698806762695,-10.628416061401367,0.7439829111099243
1769716260.4794307,25.072053909301758,-10.347171783447266,24.407543182373047,-10.571675300598145,0.7014099359512329
1769716260.4995604,25.05035400390625,-10.44148063659668,24.425251007080078,-10.69219970703125,0.6735084056854248
1769716260.5193508,25.039213180541992,-10.488567352294922,24.433509826660156,-10.752254486083984,0.6606101393699646
1769716260.5400317,25.01634979248047,-10.582602500915527,24.36116600036621,-10.7643461227417,0.6799235343933105
1769716260.5597122,25.002655029296875,-10.637368202209473,24.329103469848633,-10.764423370361328,0.685431718826294
1769716260.5796392,24.988698959350586,-10.692068099975586,24.3367977142334,-10.833740234375,0.6671182513237
1769716260.5993285,24.972429275512695,-10.754499435424805,24.309892654418945,-10.86432933807373,0.6715779900550842
1769716260.6196506,24.962085723876953,-10.793474197387695,24.314638137817383,-10.91352367401123,0.6584839224815369
1769716260.6398444,24.9473819732666,-10.847977638244629,24.310226440429688,-10.866443634033203,0.6374232769012451
1769716260.6598046,24.9345703125,-10.894639015197754,24.315122604370117,-10.92512035369873,0.6201962828636169
1769716260.6795292,24.921566009521484,-10.94124698638916,24.31964111328125,-10.983619689941406,0.603415846824646
1769716260.6995673,24.89946937561035,-11.018807411193848,24.258089065551758,-11.027960777282715,0.6414468288421631
1769716260.719278,24.892736434936523,-11.042046546936035,24.242172241210938,-10.964978218078613,0.6551130414009094
1769716260.7394748,24.87225341796875,-11.111678123474121,24.247020721435547,-11.051786422729492,0.6280936002731323
1769716260.759418,24.85368537902832,-11.173466682434082,24.222579956054688,-11.005443572998047,0.6530895829200745
1769716260.77935,24.83477783203125,-11.235153198242188,24.225528717041016,-11.081899642944336,0.6282292604446411
1769716260.7993233,24.808231353759766,-11.31980037689209,24.20449447631836,-11.178749084472656,0.6199952960014343
1769716260.8195953,24.781047821044922,-11.40424633026123,24.187217712402344,-11.265961647033691,0.6097193360328674
1769716260.8394287,24.75578498840332,-11.480835914611816,24.187774658203125,-11.359773635864258,0.5807672739028931
1769716260.8594708,24.737789154052734,-11.534345626831055,24.187578201293945,-11.425089836120605,0.5609538555145264
1769716260.8794634,24.724777221679688,-11.572513580322266,24.145252227783203,-11.317898750305176,0.6329919099807739
1769716260.899284,24.716907501220703,-11.595393180847168,24.129196166992188,-11.326065063476562,0.6464846730232239
1769716260.919368,24.6983642578125,-11.648715019226074,24.127973556518555,-11.390746116638184,0.626013994216919
1769716260.9395673,24.687652587890625,-11.679144859313965,24.112348556518555,-11.348896026611328,0.6633545160293579
1769716260.9594634,24.660511016845703,-11.75508975982666,24.109399795532227,-11.440523147583008,0.6345670819282532
1769716260.9796326,24.646743774414062,-11.79299259185791,24.077335357666016,-11.454818725585938,0.6622596979141235
1769716260.999916,24.618825912475586,-11.868657112121582,24.072969436645508,-11.545499801635742,0.6343424320220947
1769716261.01954,24.5932559967041,-11.936590194702148,24.005558013916016,-11.593243598937988,0.6806451082229614
1769716261.0392659,24.573081970214844,-11.989317893981934,24.00136375427246,-11.655930519104004,0.6618213653564453
1769716261.0598683,24.546772003173828,-12.056968688964844,23.995317459106445,-11.736059188842773,0.6380324959754944
1769716261.0796669,24.52004623413086,-12.124456405639648,23.993967056274414,-11.730822563171387,0.6570451855659485
1769716261.0995827,24.4868221282959,-12.206717491149902,24.018800735473633,-11.826765060424805,0.6028326153755188
1769716261.1196582,24.46843719482422,-12.251481056213379,24.0132999420166,-11.879087448120117,0.5880717635154724
1769716261.1395028,24.449871063232422,-12.29616928100586,23.976720809936523,-11.857733726501465,0.645056426525116
1769716261.1594036,24.431121826171875,-12.340781211853027,23.97059440612793,-11.90957260131836,0.6308941841125488
1769716261.1793172,24.418521881103516,-12.37048053741455,23.93415069580078,-11.913225173950195,0.6661062836647034
1769716261.1995206,24.40265655517578,-12.407554626464844,23.898193359375,-11.97411823272705,0.6650936007499695
1769716261.2196398,24.38666534423828,-12.444575309753418,23.892471313476562,-12.016828536987305,0.653601884841919
1769716261.2396126,24.360815048217773,-12.503694534301758,23.926454544067383,-11.989975929260254,0.6727383136749268
1769716261.2594311,24.34449577331543,-12.540572166442871,23.920188903808594,-12.032245635986328,0.6621424555778503
1769716261.2795053,24.31812286376953,-12.599459648132324,23.90973663330078,-12.099525451660156,0.6455342173576355
1769716261.2996883,24.29142951965332,-12.658203125,23.834150314331055,-12.113482475280762,0.711212694644928
1769716261.3192637,24.277963638305664,-12.687520027160645,23.828472137451172,-12.146744728088379,0.7031924724578857
1769716261.339558,24.24736976623535,-12.753347396850586,23.83173370361328,-12.21762752532959,0.6780480742454529
1769716261.3594778,24.209430694580078,-12.833547592163086,23.83956527709961,-12.257431983947754,0.6846238970756531
1769716261.379587,24.1884822845459,-12.877172470092773,23.828222274780273,-12.314445495605469,0.6681683659553528
1769716261.3993428,24.153173446655273,-12.949688911437988,23.782747268676758,-12.392050743103027,0.6694591045379639
1769716261.4193974,24.1137638092041,-13.02917766571045,23.765140533447266,-12.472277641296387,0.6570204496383667
1769716261.4393313,24.099285125732422,-13.058009147644043,23.757890701293945,-12.50418472290039,0.6505935788154602
1769716261.459263,24.08107566833496,-13.093993186950684,23.716480255126953,-12.520646095275879,0.6794529557228088
1769716261.479271,24.055376052856445,-13.144265174865723,23.749719619750977,-12.5321683883667,0.684169590473175
1769716261.4994419,24.021982192993164,-13.208720207214355,23.732200622558594,-12.602884292602539,0.6715734601020813
1769716261.5193722,24.003259658813477,-13.244440078735352,23.708972930908203,-12.66159439086914,0.6529273390769958
1769716261.5394847,23.957828521728516,-13.32990550994873,23.684310913085938,-12.754705429077148,0.6369197368621826
1769716261.5595539,23.927152633666992,-13.386674880981445,23.654090881347656,-12.769984245300293,0.6744397878646851
1769716261.5798695,23.900056838989258,-13.436209678649902,23.638874053955078,-12.823541641235352,0.6660169363021851
1769716261.5994682,23.86880111694336,-13.492663383483887,23.645238876342773,-12.891212463378906,0.6416562795639038
1769716261.619324,23.837238311767578,-13.548944473266602,23.627037048339844,-12.951675415039062,0.6331790685653687
1769716261.6393976,23.817354202270508,-13.584033012390137,23.61277961730957,-12.968389511108398,0.6487433910369873
1769716261.6598275,23.78126335144043,-13.647021293640137,23.59153175354004,-13.035699844360352,0.6400875449180603
1769716261.679351,23.76104736328125,-13.681918144226074,23.548568725585938,-13.038959503173828,0.6771580576896667
1769716261.699721,23.72025489807129,-13.751504898071289,23.524066925048828,-13.112926483154297,0.6680362820625305
1769716261.7195737,23.699682235717773,-13.78619384765625,23.533967971801758,-13.1473388671875,0.6599978804588318
1769716261.7394679,23.670679092407227,-13.834640502929688,23.516254425048828,-13.198596000671387,0.6545219421386719
1769716261.7595844,23.628847122192383,-13.903607368469238,23.4980525970459,-13.263413429260254,0.6534186601638794
1769716261.7795382,23.58228874206543,-13.979141235351562,23.46901512145996,-13.34286117553711,0.6462834477424622
1769716261.799362,23.543773651123047,-14.040679931640625,23.44032859802246,-13.37745189666748,0.6712465286254883
1769716261.8194327,23.500537872314453,-14.108777046203613,23.412858963012695,-13.448705673217773,0.6658691167831421
1769716261.8392203,23.474374771118164,-14.149493217468262,23.412221908569336,-13.462900161743164,0.689400851726532
1769716261.8594296,23.44804573059082,-14.190101623535156,23.415788650512695,-13.508212089538574,0.6826521754264832
1769716261.8795044,23.4171199798584,-14.23734188079834,23.39293670654297,-13.564431190490723,0.6733445525169373
1769716261.899533,23.39934539794922,-14.264269828796387,23.38428497314453,-13.585440635681152,0.6789961457252502
1769716261.919422,23.36357879638672,-14.317977905273438,23.347383499145508,-13.60672378540039,0.7114385962486267
1769716261.939517,23.3455867767334,-14.344758987426758,23.31513023376465,-13.677422523498535,0.668030858039856
1769716261.9595525,23.31846046447754,-14.384838104248047,23.297340393066406,-13.719017028808594,0.6661559343338013
1769716261.9796712,23.295730590820312,-14.41815185546875,23.28127098083496,-13.817628860473633,0.6006969213485718
1769716262.0001278,23.25452995300293,-14.477920532226562,23.254058837890625,-13.879565238952637,0.5983554720878601
1769716262.0196068,23.203678131103516,-14.55062484741211,23.24193000793457,-13.913886070251465,0.6378867030143738
1769716262.0397432,23.175710678100586,-14.590119361877441,23.220169067382812,-13.961553573608398,0.6301361918449402
1769716262.0595813,23.124021530151367,-14.662227630615234,23.173357009887695,-14.072022438049316,0.5922632217407227
1769716262.0794954,23.076560974121094,-14.72744083404541,23.1414852142334,-14.139474868774414,0.5915396213531494
1769716262.099237,23.057453155517578,-14.753435134887695,23.137617111206055,-14.097943305969238,0.66037517786026
1769716262.1199489,23.019023895263672,-14.805265426635742,23.111698150634766,-14.151570320129395,0.6602323055267334
1769716262.1394258,22.98031234741211,-14.856884956359863,23.06308937072754,-14.262754440307617,0.599868893623352
1769716262.1592686,22.941320419311523,-14.908291816711426,23.036678314208984,-14.316001892089844,0.5999174118041992
1769716262.179244,22.906970977783203,-14.953096389770508,23.052499771118164,-14.334364891052246,0.635615885257721
1769716262.1993103,22.86249542236328,-15.010459899902344,23.022275924682617,-14.393892288208008,0.6369350552558899
1769716262.219408,22.827659606933594,-15.054885864257812,22.974119186401367,-14.487775802612305,0.5857170224189758
1769716262.2393124,22.777528762817383,-15.118061065673828,22.939966201782227,-14.553520202636719,0.5874453783035278
1769716262.259432,22.737112045288086,-15.168352127075195,22.80313491821289,-14.595358848571777,0.5767839550971985
1769716262.2794096,22.70152473449707,-15.212174415588379,22.77884864807129,-14.641135215759277,0.5762503743171692
1769716262.2998307,22.675975799560547,-15.24337100982666,22.76811981201172,-14.693465232849121,0.5575722455978394
1769716262.3193002,22.645177841186523,-15.280692100524902,22.747089385986328,-14.732573509216309,0.5575116872787476
1769716262.3394358,22.619394302368164,-15.311695098876953,22.695396423339844,-14.80123519897461,0.5160868763923645
1769716262.3594978,22.588315963745117,-15.34878158569336,22.678380966186523,-14.819035530090332,0.5373478531837463
1769716262.3793945,22.536182403564453,-15.410307884216309,22.64276885986328,-14.88391399383545,0.5370771288871765
1769716262.3993516,22.494173049926758,-15.459270477294922,22.622812271118164,-14.959402084350586,0.5161558985710144
1769716262.4202166,22.46778106689453,-15.489754676818848,22.604793548583984,-14.991742134094238,0.5165160894393921
1769716262.439721,22.41468620300293,-15.550450325012207,22.584211349487305,-15.074992179870605,0.504777193069458
1769716262.45929,22.387981414794922,-15.58066177368164,22.565994262695312,-15.107257843017578,0.5057664513587952
1769716262.4795887,22.350421905517578,-15.622802734375,22.535917282104492,-15.14910888671875,0.5087189674377441
1769716262.499446,22.307249069213867,-15.67074203491211,22.50650405883789,-15.200657844543457,0.5105701088905334
1769716262.5192502,22.27469825744629,-15.706541061401367,22.48434066772461,-15.239297866821289,0.5121201276779175
1769716262.5395355,22.231067657470703,-15.754064559936523,22.431682586669922,-15.316080093383789,0.48174288868904114
1769716262.5594256,22.181671142578125,-15.807239532470703,22.390609741210938,-15.380441665649414,0.4751967787742615
1769716262.5797806,22.15408706665039,-15.836649894714355,22.371885299682617,-15.412615776062012,0.4766978621482849
1769716262.599413,22.109743118286133,-15.88350772857666,22.341814041137695,-15.464097023010254,0.4793356955051422
1769716262.6194394,22.070730209350586,-15.924308776855469,22.321828842163086,-15.542020797729492,0.45737770199775696
1769716262.6394372,22.03713607788086,-15.959131240844727,22.338035583496094,-15.571538925170898,0.4906816780567169
1769716262.6597712,21.98082733154297,-16.01685905456543,22.296178817749023,-15.642403602600098,0.48955583572387695
1769716262.679333,21.924121856689453,-16.074199676513672,22.26691436767578,-15.68998908996582,0.51490318775177
1769716262.6994636,21.86129379272461,-16.136823654174805,22.224639892578125,-15.761006355285645,0.5227417349815369
1769716262.7196116,21.826824188232422,-16.170780181884766,22.228252410888672,-15.759126663208008,0.5749816298484802
1769716262.7397413,21.774858474731445,-16.22144889831543,22.193408966064453,-15.817375183105469,0.5817724466323853
1769716262.7594838,21.75166130065918,-16.243864059448242,22.155330657958984,-15.874475479125977,0.5471712350845337
1769716262.7792883,21.728403091430664,-16.266216278076172,22.139772415161133,-15.90041446685791,0.5504865050315857
1769716262.79928,21.66999053955078,-16.321815490722656,22.109609603881836,-15.952364921569824,0.5742470622062683
1769716262.8194425,21.646516799926758,-16.343942642211914,22.093963623046875,-15.978382110595703,0.5777907371520996
1769716262.8394313,21.593482971191406,-16.393491744995117,22.037092208862305,-16.06760597229004,0.5504451394081116
1769716262.8595066,21.55795669555664,-16.426342010498047,22.01349639892578,-16.10676383972168,0.5564581155776978
1769716262.8794615,21.55202293395996,-16.43180274963379,22.012317657470703,-16.10976219177246,0.561767578125
1769716262.8993065,21.48649787902832,-16.491600036621094,21.96891212463379,-16.181732177734375,0.5733604431152344
1769716262.9195294,21.444564819335938,-16.529394149780273,21.90745735168457,-16.276763916015625,0.5273429155349731
1769716262.939664,21.408477783203125,-16.561628341674805,21.883657455444336,-16.316192626953125,0.5348215699195862
1769716262.9594362,21.348039627075195,-16.615018844604492,21.891883850097656,-16.314592361450195,0.6213076114654541
1769716262.9794233,21.323760986328125,-16.636259078979492,21.875944137573242,-16.34099769592285,0.6261686086654663
1769716262.9994512,21.262807846069336,-16.689064025878906,21.83601951599121,-16.407155990600586,0.6387826800346375
1769716263.0195248,21.21378517150879,-16.73100471496582,21.743833541870117,-16.500154495239258,0.5781375765800476
1769716263.0395195,21.15835952758789,-16.77786636352539,21.7740421295166,-16.576047897338867,0.6479156613349915
1769716263.0596743,21.12744140625,-16.80375099182129,21.75395393371582,-16.60939598083496,0.6559643149375916
1769716263.0795977,21.084009170532227,-16.83980941772461,21.700763702392578,-16.719436645507812,0.6283916234970093
1769716263.0997317,21.05287742614746,-16.865436553955078,21.680620193481445,-16.7529239654541,0.6377454400062561
1769716263.1197,21.027910232543945,-16.885862350463867,21.687238693237305,-16.723217010498047,0.6790934801101685
1769716263.139574,20.996620178222656,-16.911296844482422,21.667057037353516,-16.75680923461914,0.6880048513412476
1769716263.1597257,20.965242385864258,-16.936622619628906,21.604019165039062,-16.8294620513916,0.6477023959159851
1769716263.1794643,20.933778762817383,-16.961841583251953,21.583797454833984,-16.863174438476562,0.6574639678001404
1769716263.1997147,20.883256912231445,-17.001962661743164,21.551403045654297,-16.917240142822266,0.6734974384307861
1769716263.2194965,20.826154708862305,-17.04676628112793,21.507909774780273,-16.96510887145996,0.6866281628608704
1769716263.2396462,20.775163650512695,-17.086294174194336,21.46800422668457,-17.006628036499023,0.6974063515663147
1769716263.259631,20.71112060546875,-17.135305404663086,21.427337646484375,-17.07485008239746,0.718765139579773
1769716263.279243,20.65964126586914,-17.174196243286133,21.390134811401367,-17.112836837768555,0.7330650687217712
1769716263.299259,20.601472854614258,-17.217607498168945,21.353443145751953,-17.174633026123047,0.753197431564331
1769716263.3192484,20.562543869018555,-17.24634552001953,21.30426597595215,-17.178707122802734,0.7448001503944397
1769716263.3394458,20.53652572631836,-17.26541519165039,21.283849716186523,-17.21320152282715,0.7491452693939209
1769716263.3598502,20.471248626708984,-17.312774658203125,21.250165939331055,-17.247676849365234,0.7816330790519714
1769716263.3795094,20.431926727294922,-17.340972900390625,21.225624084472656,-17.289289474487305,0.7953792214393616
1769716263.3998225,20.392486572265625,-17.369007110595703,21.19697380065918,-17.337955474853516,0.8050850629806519
1769716263.4195595,20.359533309936523,-17.392244338989258,21.155223846435547,-17.317607879638672,0.79918372631073
1769716263.4394872,20.29338264465332,-17.438377380371094,21.114242553710938,-17.38744354248047,0.8224387168884277
1769716263.459478,20.220251083374023,-17.48859214782715,21.062667846679688,-17.424943923950195,0.8448187112808228
1769716263.479941,20.180200576782227,-17.5157470703125,21.038042068481445,-17.46712875366211,0.8592171669006348
1769716263.4998815,20.146739959716797,-17.538249969482422,20.96805191040039,-17.47353744506836,0.823858380317688
1769716263.5200787,20.086315155029297,-17.57846450805664,20.93107795715332,-17.537086486816406,0.8457770943641663
1769716263.5395756,20.03914451599121,-17.609479904174805,20.894739151000977,-17.54688262939453,0.8578823804855347
1769716263.559648,19.9782772064209,-17.649023056030273,20.85773277282715,-17.61077117919922,0.8802856802940369
1769716263.5796678,19.964717864990234,-17.657758712768555,20.831567764282227,-17.644834518432617,0.8669448494911194
1769716263.5993066,19.89674186706543,-17.701154708862305,20.79042625427246,-17.716083526611328,0.8938088417053223
1769716263.6197705,19.828468322753906,-17.74407958984375,20.749271392822266,-17.787551879882812,0.9218282103538513
1769716263.6395648,19.794221878051758,-17.765365600585938,20.71834945678711,-17.782793045043945,0.9242929816246033
1769716263.659331,19.75990104675293,-17.786531448364258,20.697765350341797,-17.81865882873535,0.9384145736694336
1769716263.6798406,19.71173095703125,-17.81596565246582,20.624849319458008,-17.8277587890625,0.9131937623023987
1769716263.699361,19.68414306640625,-17.832679748535156,20.599241256713867,-17.81746482849121,0.915224015712738
1769716263.7193305,19.614973068237305,-17.874130249023438,20.558063507080078,-17.889558792114258,0.9432178735733032
1769716263.7392557,19.559432983398438,-17.906946182250977,20.507518768310547,-17.961523056030273,0.9496557712554932
1769716263.7594428,19.503713607788086,-17.939453125,20.474578857421875,-18.019439697265625,0.9741544127464294
1769716263.7796,19.44081687927246,-17.975656509399414,20.437524795532227,-18.0847225189209,1.00265634059906
1769716263.7998264,19.37769889831543,-18.011465072631836,20.369462966918945,-18.12061309814453,0.9977512955665588
1769716263.819326,19.314361572265625,-18.0468807220459,20.307275772094727,-18.128952026367188,0.9963001608848572
1769716263.8396976,19.243730545043945,-18.085765838623047,20.22772789001465,-18.144363403320312,0.9857405424118042
1769716263.8594105,19.201223373413086,-18.108863830566406,20.2071590423584,-18.180875778198242,1.0085093975067139
1769716263.8793006,19.15862274169922,-18.13178253173828,20.182479858398438,-18.224729537963867,1.0280681848526
1769716263.8997173,19.123050689697266,-18.150747299194336,20.078889846801758,-18.287067413330078,0.9655109643936157
1769716263.91965,19.080278396606445,-18.17333984375,20.101455688476562,-18.2718563079834,1.025920033454895
1769716263.9395628,19.030258178710938,-18.199474334716797,20.072683334350586,-18.323137283325195,1.0497335195541382
1769716263.9595907,18.98011589050293,-18.22536277770996,19.978952407836914,-18.37353515625,1.0097663402557373
1769716263.9795415,18.922657012939453,-18.25465202331543,19.946086883544922,-18.432226181030273,1.0387201309204102
1769716263.9996285,18.89386749267578,-18.269176483154297,19.904098510742188,-18.39078140258789,1.0175224542617798
1769716264.019325,18.807262420654297,-18.31226921081543,19.854827880859375,-18.478910446166992,1.0607370138168335
1769716264.0394146,18.734821319580078,-18.347627639770508,19.718786239624023,-18.534025192260742,1.00146484375
1769716264.059275,18.662137985229492,-18.382482528686523,19.67776107788086,-18.607534408569336,1.0402593612670898
1769716264.0795784,18.6184139251709,-18.403152465820312,19.617708206176758,-18.577852249145508,1.0144504308700562
1769716264.0996444,18.53803253173828,-18.44057273864746,19.57670783996582,-18.651369094848633,1.0598496198654175
1769716264.119352,18.494070053100586,-18.460723876953125,19.503952026367188,-18.672096252441406,1.0317668914794922
1769716264.1392567,18.450023651123047,-18.48069190979004,19.47936248779297,-18.71619415283203,1.0559346675872803
1769716264.1592464,18.42061424255371,-18.4939022064209,19.462968826293945,-18.745586395263672,1.072310209274292
1769716264.1793563,18.38380241394043,-18.510299682617188,19.4140567779541,-18.72104263305664,1.0515894889831543
1769716264.199397,18.33955192565918,-18.529808044433594,19.361459732055664,-18.75410270690918,1.0462334156036377
1769716264.2194402,18.295223236083984,-18.549131393432617,19.336875915527344,-18.798152923583984,1.071005940437317
1769716264.2396946,18.228580474853516,-18.577770233154297,19.287038803100586,-18.812026977539062,1.0840717554092407
1769716264.2599607,18.20632553100586,-18.587223052978516,19.27474594116211,-18.834026336669922,1.0965553522109985
1769716264.2795033,18.139448165893555,-18.615304946899414,19.15065574645996,-18.86067008972168,1.0405505895614624
1769716264.2997355,18.094768524169922,-18.633792877197266,19.126066207885742,-18.904605865478516,1.066262125968933
1769716264.3195097,18.064937591552734,-18.646015167236328,19.04829216003418,-18.873157501220703,1.0092458724975586
1769716264.3398936,17.997699737548828,-18.6732120513916,19.011388778686523,-18.938966751098633,1.0479466915130615
1769716264.3592381,17.945287704467773,-18.694072723388672,18.947166442871094,-18.97018051147461,1.039230227470398
1769716264.37931,17.8702392578125,-18.723432540893555,18.906126022338867,-19.043115615844727,1.0840938091278076
1769716264.3995566,17.855205535888672,-18.7292423248291,18.86966323852539,-18.963254928588867,1.0410993099212646
1769716264.4195719,17.79499053955078,-18.75227165222168,18.836801528930664,-19.021488189697266,1.0760340690612793
1769716264.4394252,17.734649658203125,-18.77496337890625,18.742813110351562,-19.023815155029297,1.0384235382080078
1769716264.459287,17.666616439819336,-18.800092697143555,18.705780029296875,-19.089113235473633,1.0786057710647583
1769716264.4794312,17.590845108032227,-18.8275146484375,18.671964645385742,-19.118806838989258,1.1196740865707397
1769716264.499764,17.530092239379883,-18.849071502685547,18.638957977294922,-19.176603317260742,1.1562268733978271
1769716264.5193014,17.461605072021484,-18.8729190826416,18.459964752197266,-19.18567657470703,1.0462032556533813
1769716264.5396028,17.400604248046875,-18.89375877380371,18.426860809326172,-19.24321746826172,1.0841234922409058
1769716264.5593078,17.3624210357666,-18.9066104888916,18.40614128112793,-19.279115676879883,1.1082035303115845
1769716264.5794673,17.32419204711914,-18.919328689575195,18.2806339263916,-19.191146850585938,0.9943157434463501
1769716264.5992885,17.285921096801758,-18.931915283203125,18.259868621826172,-19.226938247680664,1.017651081085205
1769716264.6192846,17.2169246673584,-18.954235076904297,18.193220138549805,-19.26923370361328,1.0258543491363525
1769716264.6392713,17.163164138793945,-18.971296310424805,18.164039611816406,-19.31910514831543,1.0595864057540894
1769716264.6593337,17.101625442504883,-18.990474700927734,17.989850997924805,-19.33296775817871,0.951970636844635
1769716264.6795976,17.024553298950195,-19.013967514038086,17.947969436645508,-19.40380859375,1.0023332834243774
1769716264.6997263,16.978233337402344,-19.02780532836914,17.922773361206055,-19.446189880371094,1.033055305480957
1769716264.719543,16.92411994934082,-19.0437068939209,17.848426818847656,-19.37964630126953,0.9834612607955933
1769716264.739558,16.838932037353516,-19.068164825439453,17.749732971191406,-19.456087112426758,0.9899698495864868
1769716264.759517,16.784626007080078,-19.083389282226562,17.720075607299805,-19.50506019592285,1.0260944366455078
1769716264.779429,16.722471237182617,-19.100467681884766,17.596298217773438,-19.484676361083984,0.9545623064041138
1769716264.7993348,16.67579460144043,-19.113048553466797,17.570720672607422,-19.526397705078125,0.9857732653617859
1769716264.8195357,16.6446475982666,-19.121328353881836,17.455167770385742,-19.46419906616211,0.8800583481788635
1769716264.8396878,16.590087890625,-19.135610580444336,17.425182342529297,-19.512649536132812,0.9162652492523193
1769716264.859714,16.55107307434082,-19.145648956298828,17.323043823242188,-19.506954193115234,0.8523390889167786
1769716264.8795192,16.496395111083984,-19.159475326538086,17.237680435180664,-19.53661346435547,0.8317067623138428
1769716264.8995428,16.457298278808594,-19.169189453125,17.220380783081055,-19.564064025878906,0.8591983318328857
1769716264.9194403,16.410337448120117,-19.180665969848633,17.194360733032227,-19.60514259338379,0.8915557861328125
1769716264.9392338,16.32412338256836,-19.201200485229492,17.047513961791992,-19.590147018432617,0.8213251233100891
1769716264.959262,16.26917839050293,-19.213924407958984,16.89042091369629,-19.5775146484375,0.7198200821876526
1769716264.9793856,16.21417236328125,-19.226381301879883,16.859609603881836,-19.624860763549805,0.7585344910621643
1769716264.999276,16.159107208251953,-19.238571166992188,16.727067947387695,-19.60620880126953,0.6765622496604919
1769716265.0200264,16.127614974975586,-19.24541664123535,16.709312438964844,-19.633087158203125,0.699042558670044
1769716265.0393147,16.025135040283203,-19.267059326171875,16.606740951538086,-19.681928634643555,0.7144089341163635
1769716265.0594637,15.99356460571289,-19.27353286743164,16.588762283325195,-19.70856475830078,0.7372323870658875
1769716265.0794842,15.906654357910156,-19.290884017944336,16.4232234954834,-19.703086853027344,0.6608753800392151
1769716265.0996678,15.843364715576172,-19.303085327148438,16.382200241088867,-19.76244354248047,0.708064079284668
1769716265.1194558,15.748306274414062,-19.32072639465332,16.2120361328125,-19.693992614746094,0.5952936410903931
1769716265.1392784,15.700722694396973,-19.32925033569336,16.184240341186523,-19.733154296875,0.6300225853919983
1769716265.1593125,15.637223243713379,-19.340307235717773,16.01576042175293,-19.712617874145508,0.5309486389160156
1769716265.179306,15.573663711547852,-19.351011276245117,15.978171348571777,-19.76438331604004,0.5783627033233643
1769716265.1993372,15.502089500427246,-19.36263084411621,15.925230026245117,-19.757972717285156,0.5790887475013733
1769716265.2194457,15.462295532226562,-19.368892669677734,15.901368141174316,-19.7900333404541,0.608396053314209
1769716265.2393355,15.406547546386719,-19.377426147460938,15.783303260803223,-19.739206314086914,0.5223305225372314
1769716265.2592978,15.36670207977295,-19.383358001708984,15.759136199951172,-19.771039962768555,0.5516365170478821
1769716265.2795143,15.326836585998535,-19.389148712158203,15.544979095458984,-19.796613693237305,0.4621839225292206
1769716265.2994273,15.270991325378418,-19.397024154663086,15.510732650756836,-19.84088897705078,0.5044713616371155
1769716265.3194613,15.215108871459961,-19.40462875366211,15.264972686767578,-19.838218688964844,0.4364470839500427
1769716265.3393056,15.151199340820312,-19.412986755371094,15.233166694641113,-19.815637588500977,0.41090989112854004
1769716265.3593247,15.119227409362793,-19.41703224182129,15.21312427520752,-19.840625762939453,0.43387526273727417
1769716265.379527,15.0392484664917,-19.4267578125,15.258316040039062,-19.77867889404297,0.4145354926586151
1769716265.3998976,14.983223915100098,-19.43323516845703,15.217435836791992,-19.828161239624023,0.45915353298187256
1769716265.4197853,14.903136253356934,-19.4420166015625,14.892288208007812,-19.810510635375977,0.3686547577381134
1769716265.439535,14.831005096435547,-19.449445724487305,14.839987754821777,-19.871667861938477,0.4223178029060364
1769716265.4593463,14.750804901123047,-19.457176208496094,14.92548942565918,-19.813997268676758,0.3972856104373932
1769716265.47956,14.694633483886719,-19.462257385253906,14.882622718811035,-19.86236572265625,0.44207093119621277
1769716265.4995446,14.646466255187988,-19.46639633178711,14.590306282043457,-19.810693740844727,0.3488481342792511
1769716265.519391,14.606313705444336,-19.46969223022461,14.557613372802734,-19.846691131591797,0.3801315426826477
1769716265.5394533,14.550081253051758,-19.474071502685547,14.482381820678711,-19.85073471069336,0.3826999366283417
1769716265.559472,14.509902000427246,-19.477033615112305,14.449124336242676,-19.886451721191406,0.4139041602611542
1769716265.579536,14.477750778198242,-19.47930335998535,14.207134246826172,-19.869272232055664,0.4746668338775635
1769716265.5996368,14.437552452087402,-19.482017517089844,14.17343807220459,-19.904775619506836,0.49847856163978577
1769716265.619472,14.381258964538574,-19.485584259033203,14.136591911315918,-19.861066818237305,0.44816145300865173
1769716265.6395426,14.292764663696289,-19.49064064025879,14.073471069335938,-19.925525665283203,0.4870477020740509
1769716265.659543,14.22838020324707,-19.493894577026367,14.101849555969238,-19.868898391723633,0.3957745432853699
1769716265.6792428,14.155927658081055,-19.49713134765625,14.048772811889648,-19.920991897583008,0.4371946156024933
1769716265.6998622,14.091507911682129,-19.499631881713867,13.826766967773438,-19.873456954956055,0.45807546377182007
1769716265.7192748,14.027073860168457,-19.50177574157715,13.778359413146973,-19.919227600097656,0.4859272241592407
1769716265.7393038,13.962629318237305,-19.503562927246094,13.683335304260254,-19.926450729370117,0.5067919492721558
1769716265.7593403,13.930402755737305,-19.504323959350586,13.658587455749512,-19.94910430908203,0.5212612152099609
1769716265.7795196,13.874001502990723,-19.505441665649414,13.642230987548828,-19.903039932250977,0.46021807193756104
1769716265.7993968,13.833710670471191,-19.506074905395508,13.6107177734375,-19.93111801147461,0.479987233877182
1769716265.8195338,13.801477432250977,-19.506479263305664,13.568378448486328,-19.82402229309082,0.3939143419265747
1769716265.8396633,13.737006187438965,-19.50702476501465,13.517087936401367,-19.86859130859375,0.4231955409049988
1769716265.8596382,13.664472579956055,-19.507211685180664,13.248458862304688,-19.892921447753906,0.5673085451126099
1769716265.8795114,13.575819969177246,-19.506832122802734,13.175753593444824,-19.95331573486328,0.5995009541511536
1769716265.8994563,13.503288269042969,-19.506019592285156,13.208206176757812,-19.900096893310547,0.49231046438217163
1769716265.9194396,13.42270278930664,-19.50459098815918,13.21561050415039,-19.817073822021484,0.37487664818763733
1769716265.939455,13.382413864135742,-19.50366973876953,13.181046485900879,-19.843908309936523,0.3953624665737152
1769716265.9593766,13.33407211303711,-19.50238037109375,13.139188766479492,-19.875953674316406,0.4213506281375885
1769716265.9793253,13.277678489685059,-19.50062370300293,12.922418594360352,-19.87495994567871,0.516078770160675
1769716265.9994972,13.23740291595459,-19.49920082092285,12.886805534362793,-19.90135955810547,0.5335260033607483
1769716266.019408,13.140761375427246,-19.49522590637207,12.51607608795166,-19.96840476989746,0.7836655974388123
1769716266.0395505,13.084403038024902,-19.492538452148438,12.729721069335938,-19.85460090637207,0.5068421959877014
1769716266.0602796,13.028056144714355,-19.489578247070312,12.677766799926758,-19.890674591064453,0.5325234532356262
1769716266.079751,12.995864868164062,-19.48776626586914,12.647811889648438,-19.91117286682129,0.5481009483337402
1769716266.0998008,12.995864868164062,-19.48776626586914,12.647811889648438,-19.91117286682129,0.5481009483337402
1769716266.1194506,12.963678359985352,-19.485864639282227,12.623103141784668,-19.772138595581055,0.4449087977409363
1769716266.1397784,12.907363891601562,-19.482324600219727,12.551900863647461,-19.88347625732422,0.5359827280044556
1769716266.1594257,12.86715030670166,-19.479629516601562,12.513509750366211,-19.908679962158203,0.5560089349746704
1769716266.1794286,12.786749839782715,-19.473825454711914,12.374773025512695,-19.819683074951172,0.5379065275192261
1769716266.1995537,12.73049259185791,-19.469432830810547,12.319648742675781,-19.854339599609375,0.5629805326461792
1769716266.2194312,12.642132759094238,-19.461984634399414,12.251317024230957,-19.823959350585938,0.5326938033103943
1769716266.2396069,12.59395980834961,-19.457639694213867,12.016773223876953,-19.6720027923584,0.6157071590423584
1769716266.2591748,12.50568962097168,-19.449159622192383,11.926630020141602,-19.724773406982422,0.6413053274154663
1769716266.279238,12.44955062866211,-19.44341468811035,11.820624351501465,-19.70578384399414,0.6814590692520142
1769716266.299335,12.369400978088379,-19.434741973876953,11.736538887023926,-19.75266456604004,0.7082301378250122
1769716266.3194811,12.32934856414795,-19.43019676208496,11.692736625671387,-19.67616844177246,0.682478129863739
1769716266.339517,12.297317504882812,-19.426464080810547,11.658522605895996,-19.694610595703125,0.6927925944328308
1769716266.3592618,12.257292747497559,-19.421672821044922,11.608907699584961,-19.66822052001953,0.6936779618263245
1769716266.3794892,12.201286315917969,-19.41473388671875,11.548155784606934,-19.70000648498535,0.7127127051353455
1769716266.3995633,12.161301612854004,-19.40961265563965,11.3618745803833,-19.58356475830078,0.8181338310241699
1769716266.41987,12.113343238830566,-19.40328598022461,11.308987617492676,-19.610340118408203,0.8305774927139282
1769716266.4394057,12.057424545288086,-19.39565658569336,11.349967956542969,-19.58914566040039,0.7334383130073547
1769716266.4593005,12.017504692077637,-19.39004135131836,11.305171012878418,-19.61102294921875,0.7458228468894958
1769716266.4793727,11.961648941040039,-19.381948471069336,11.232902526855469,-19.645660400390625,0.7749935388565063
1769716266.4996145,11.905832290649414,-19.37358856201172,11.122888565063477,-19.54433250427246,0.8013458251953125
1769716266.5196552,11.865987777709961,-19.367454528808594,11.082908630371094,-19.463823318481445,0.7889866828918457
1769716266.5397124,11.778404235839844,-19.353473663330078,10.981021881103516,-19.509809494018555,0.8125641942024231
1769716266.5594666,11.770447731018066,-19.352170944213867,10.97169303894043,-19.513944625854492,0.814971923828125
1769716266.579306,11.690927505493164,-19.33883285522461,10.888651847839355,-19.40557861328125,0.8050470948219299
1769716266.5992901,11.6353178024292,-19.329172134399414,10.71125316619873,-19.353300094604492,0.9243788719177246
1769716266.6200538,11.555954933166504,-19.31490707397461,10.615595817565918,-19.392953872680664,0.9435924291610718
1769716266.639803,11.500460624694824,-19.304597854614258,10.548027992248535,-19.42024803161621,0.9594279527664185
1769716266.6596146,11.429182052612305,-19.290950775146484,10.501961708068848,-19.27264976501465,0.9274012446403503
1769716266.6795902,11.381710052490234,-19.28160858154297,10.448671340942383,-19.27585792541504,0.9330562353134155
1769716266.699669,11.357988357543945,-19.27686309814453,10.419121742248535,-19.287080764770508,0.9389217495918274
1769716266.7194188,11.302675247192383,-19.26560401916504,10.454787254333496,-19.236419677734375,0.8483904004096985
1769716266.7399807,11.239526748657227,-19.252408981323242,10.374971389770508,-19.265474319458008,0.8646543622016907
1769716266.7593913,11.176450729370117,-19.238866806030273,10.328866004943848,-19.205257415771484,0.8482511043548584
1769716266.779536,11.113449096679688,-19.224979400634766,10.247964859008789,-19.233327865600586,0.8655251264572144
1769716266.7993374,11.04266357421875,-19.20894432067871,10.171517372131348,-19.1229248046875,0.8753823041915894
1769716266.8193505,10.979826927185059,-19.19432258605957,10.089445114135742,-19.149860382080078,0.8914905190467834
1769716266.8395917,10.932751655578613,-19.183130264282227,10.027543067932129,-19.169706344604492,0.9053077697753906
1769716266.860215,10.885723114013672,-19.171743392944336,9.995773315429688,-19.064695358276367,0.8963643908500671
1769716266.8794925,10.830915451049805,-19.15821647644043,9.922855377197266,-19.08710289001465,0.9108407497406006
1769716266.9005013,10.80744743347168,-19.1523380279541,9.881017684936523,-19.099716186523438,0.9279226660728455
1769716266.9194908,10.721498489379883,-19.130373001098633,9.781786918640137,-18.981969833374023,0.9513577818870544
1769716266.9394982,10.659095764160156,-19.11399269104004,9.697164535522461,-19.00607681274414,0.9679664373397827
1769716266.959702,10.581220626831055,-19.093034744262695,9.779556274414062,-18.8915958404541,0.8265847563743591
1769716266.9794455,10.526793479919434,-19.078048706054688,9.704667091369629,-18.911598205566406,0.8388071656227112
1769716266.9993446,10.449166297912598,-19.05618667602539,9.597131729125977,-18.939401626586914,0.860000729560852
1769716267.0194879,10.425907135009766,-19.049524307250977,9.496756553649902,-18.79172706604004,0.9642519354820251
1769716267.0394197,10.363951683044434,-19.031524658203125,9.52335262298584,-18.75708770751953,0.8842633962631226
1769716267.0594666,10.286645889282227,-19.008548736572266,9.414552688598633,-18.782960891723633,0.900797963142395
1769716267.0794523,10.217206954956055,-18.987417221069336,9.275969505310059,-18.714752197265625,0.9799357652664185
1769716267.0995846,10.186387062072754,-18.977890014648438,9.232100486755371,-18.724502563476562,0.9873536825180054
1769716267.119343,10.140206336975098,-18.963438034057617,9.282404899597168,-18.603689193725586,0.9301849007606506
1769716267.139721,10.055697441101074,-18.936452865600586,9.161028861999512,-18.629085540771484,0.9459946155548096
1769716267.1592355,10.009687423706055,-18.921464920043945,9.245644569396973,-18.58037757873535,0.836720883846283
1769716267.1795795,9.963739395141602,-18.906288146972656,9.16793155670166,-18.59552574157715,0.8543323278427124
1769716267.1995306,9.894935607910156,-18.88317108154297,8.972681045532227,-18.4394474029541,1.0234471559524536
1769716267.2194242,9.841520309448242,-18.864896774291992,8.894543647766113,-18.453571319580078,1.0324503183364868
1769716267.2401035,9.811036109924316,-18.854341506958008,8.838621139526367,-18.463361740112305,1.048072338104248
1769716267.2597017,9.75015640258789,-18.832977294921875,8.985075950622559,-18.450475692749023,0.8553684949874878
1769716267.2793183,9.719759941101074,-18.82217025756836,8.940180778503418,-18.45785140991211,0.8605067133903503
1769716267.29935,9.666638374328613,-18.803058624267578,8.887417793273926,-18.351455688476562,0.9006280303001404
1769716267.3198304,9.643899917602539,-18.794790267944336,9.01019287109375,-18.449953079223633,0.7214555144309998
1769716267.3399045,9.58334732055664,-18.77251434326172,8.920023918151855,-18.46341896057129,0.7318047881126404
1769716267.359682,9.522916793823242,-18.749906539916992,8.971302032470703,-18.431629180908203,0.6368512511253357
1769716267.379805,9.485210418701172,-18.73560905456543,8.914765357971191,-18.43931007385254,0.6428071856498718
1769716267.3996818,9.424983024597168,-18.712467193603516,8.862353324890137,-18.322853088378906,0.6843613386154175
1769716267.4201791,9.379895210266113,-18.694894790649414,8.794344902038574,-18.331241607666016,0.6892845630645752
1769716267.4393003,9.342377662658691,-18.68010902404785,8.725260734558105,-18.23961067199707,0.7582027912139893
1769716267.4595342,9.304910659790039,-18.66519546508789,8.668498992919922,-18.24605941772461,0.7620329856872559
1769716267.4792988,9.260017395019531,-18.647130966186523,8.677051544189453,-18.182743072509766,0.7453225255012512
1769716267.499258,9.192816734313965,-18.61968994140625,8.57473087310791,-18.19313621520996,0.7509846687316895
1769716267.5196497,9.148110389709473,-18.601167678833008,8.649901390075684,-18.166257858276367,0.661331295967102
1769716267.5394163,9.081193923950195,-18.573040008544922,8.547468185424805,-18.175243377685547,0.6656612157821655
1769716267.5592759,9.029267311096191,-18.550878524780273,8.517326354980469,-18.071500778198242,0.7013460993766785
1769716267.579507,9.014451026916504,-18.54450225830078,8.49455451965332,-18.0732364654541,0.701700747013092
1769716267.5993388,8.93311595916748,-18.509065628051758,8.3743257522583,-17.973112106323242,0.7742701172828674
1769716267.6195931,8.888864517211914,-18.48948097229004,8.30601978302002,-17.97736358642578,0.7758679389953613
1769716267.6394103,8.844693183898926,-18.46971321105957,8.315704345703125,-17.912405014038086,0.768389880657196
1769716267.6593726,8.815290451049805,-18.456436157226562,8.27019214630127,-17.914772033691406,0.7684603333473206
1769716267.679332,8.771254539489746,-18.436368942260742,8.248649597167969,-17.830183029174805,0.8003600835800171
1769716267.6995609,8.719983100891113,-18.41272735595703,8.169081687927246,-17.83346939086914,0.7993955016136169
1769716267.719306,8.654230117797852,-18.381975173950195,8.16240119934082,-17.749177932739258,0.8014532923698425
1769716267.7394342,8.617782592773438,-18.364715576171875,8.105676651000977,-17.750722885131836,0.7995238304138184
1769716267.759239,8.552325248718262,-18.33333396911621,8.073356628417969,-17.678791046142578,0.8110722899436951
1769716267.7793367,8.494303703308105,-18.305103302001953,7.982844829559326,-17.679935455322266,0.8077295422554016
1769716267.7994535,8.429214477539062,-18.272966384887695,7.9787702560424805,-17.549175262451172,0.8525102734565735
1769716267.8197627,8.3787260055542,-18.24769401550293,7.899865627288818,-17.54893684387207,0.8470949530601501
1769716267.8394148,8.313990592956543,-18.2148494720459,7.93436336517334,-17.518709182739258,0.7929232716560364
1769716267.8593345,8.263781547546387,-18.189027786254883,7.936050891876221,-17.421396255493164,0.8346633315086365
1769716267.8795211,8.206550598144531,-18.159223556518555,7.846477031707764,-17.419111251831055,0.82305508852005
1769716267.8995774,8.192267417907715,-18.151723861694336,7.8676371574401855,-17.371862411499023,0.8447295427322388
1769716267.9193099,8.135241508483887,-18.121530532836914,7.7783613204956055,-17.368722915649414,0.8331160545349121
1769716267.9393258,8.113898277282715,-18.110126495361328,7.744947910308838,-17.367368698120117,0.8293456435203552
1769716267.959875,8.042925834655762,-18.071802139282227,7.745584011077881,-17.322546005249023,0.8061012625694275
1769716267.980149,8.028762817382812,-18.06407928466797,7.723413944244385,-17.32137680053711,0.8030221462249756
1769716267.999798,8.014610290527344,-18.056337356567383,7.769701957702637,-17.24513816833496,0.8473635911941528
1769716268.0196433,7.9722161293029785,-18.032995223999023,7.7033538818359375,-17.241254806518555,0.8361458778381348
1769716268.0392728,7.936960697174072,-18.013410568237305,7.664264678955078,-17.217994689941406,0.8408621549606323
1769716268.05944,7.9017720222473145,-17.99370574951172,7.609221935272217,-17.214204788208008,0.8325897455215454
1769716268.0796807,7.859634876251221,-17.969900131225586,7.590376853942871,-17.173370361328125,0.8408088684082031
1769716268.099361,7.796611785888672,-17.93387222290039,7.645872592926025,-17.106414794921875,0.8410754203796387
1769716268.1193407,7.747747898101807,-17.905580520629883,7.569567680358887,-17.09957504272461,0.8254660367965698
1769716268.1395957,7.705971717834473,-17.881147384643555,7.581361293792725,-17.075407028198242,0.8153178095817566
1769716268.1597366,7.643496036529541,-17.844173431396484,7.4839582443237305,-17.06531524658203,0.7950305938720703
1769716268.179413,7.608885765075684,-17.823469161987305,7.496897220611572,-16.99867820739746,0.8323591947555542
1769716268.1993148,7.553656578063965,-17.79009437561035,7.41095495223999,-16.988605499267578,0.8140934109687805
1769716268.2198608,7.5467658042907715,-17.785900115966797,7.5234503746032715,-17.01227378845215,0.7739783525466919
1769716268.2391918,7.450595855712891,-17.72670555114746,7.374095916748047,-16.99295425415039,0.7377274036407471
1769716268.2593453,7.4437479972839355,-17.722442626953125,7.497287750244141,-16.940937042236328,0.7833369374275208
1769716268.2795503,7.361804485321045,-17.670917510986328,7.370361328125,-16.922704696655273,0.7482610940933228
1769716268.2995398,7.3345842361450195,-17.653593063354492,7.331587314605713,-16.829544067382812,0.8240554332733154
1769716268.319272,7.259973049163818,-17.605573654174805,7.216400146484375,-16.811159133911133,0.795607328414917
1769716268.3395233,7.219429016113281,-17.579145431518555,7.351627826690674,-16.81389617919922,0.7765834331512451
1769716268.3595808,7.152097225189209,-17.534730911254883,7.248091697692871,-16.79559326171875,0.7453445792198181
1769716268.3797238,7.125249862670898,-17.516836166381836,7.226073741912842,-16.714725494384766,0.8084225654602051
1769716268.400174,7.09175968170166,-17.494367599487305,7.174732208251953,-16.705028533935547,0.7936865091323853
1769716268.419248,7.031671524047852,-17.45363426208496,7.176836013793945,-16.691415786743164,0.7759171724319458
1769716268.4394915,6.985110282897949,-17.42169761657715,7.105762481689453,-16.676860809326172,0.7545459866523743
1769716268.459409,6.932085037231445,-17.38492774963379,7.025006294250488,-16.659671783447266,0.7311842441558838
1769716268.479797,6.8792619705200195,-17.347869873046875,7.155178546905518,-16.634632110595703,0.7647465467453003
1769716268.4995618,6.866087913513184,-17.338560104370117,7.144006252288818,-16.63992691040039,0.7518818974494934
1769716268.5195715,6.820079326629639,-17.305835723876953,7.074330806732178,-16.623779296875,0.7279044389724731
1769716268.540097,6.7611565589904785,-17.263439178466797,7.008363246917725,-16.581403732299805,0.7254542112350464
1769716268.559358,6.70249605178833,-17.22068214416504,6.92004919052124,-16.559289932250977,0.6962544918060303
1769716268.5795496,6.650575160980225,-17.182374954223633,6.9321722984313965,-16.448333740234375,0.7862014770507812
1769716268.5994883,6.585970878601074,-17.134092330932617,6.835536003112793,-16.422252655029297,0.7543190717697144
1769716268.6199691,6.534526348114014,-17.095149993896484,6.88634729385376,-16.44516372680664,0.7390940189361572
1769716268.6393116,6.476906776428223,-17.05100440979004,6.800747394561768,-16.42037010192871,0.7089234590530396
1769716268.6593502,6.451385974884033,-17.03127098083496,6.887998104095459,-16.41583824157715,0.7545769810676575
1769716268.680015,6.432281017303467,-17.01642417907715,6.859729766845703,-16.40732765197754,0.7441182732582092
1769716268.6995902,6.400506973266602,-16.991594314575195,6.8127946853637695,-16.392980575561523,0.7268568873405457
1769716268.7193058,6.362490653991699,-16.96165657043457,6.756768226623535,-16.375497817993164,0.7064254283905029
1769716268.7393339,6.3245978355407715,-16.931562423706055,6.701065540313721,-16.35772705078125,0.6863049864768982
1769716268.7593408,6.274267196655273,-16.89119529724121,6.627302169799805,-16.333589553833008,0.6599672436714172
1769716268.7793977,6.224158763885498,-16.850553512573242,6.554121017456055,-16.3089542388916,0.6341968774795532
1769716268.799481,6.199188232421875,-16.83013153076172,6.517750263214111,-16.296449661254883,0.6215275526046753
1769716268.8195481,6.143210411071777,-16.7839298248291,6.436452865600586,-16.26786994934082,0.5935558676719666
1769716268.8396297,6.093692302703857,-16.74257469177246,6.364816188812256,-16.241952896118164,0.5693237781524658
1769716268.8593714,6.044402122497559,-16.70094871520996,6.293772220611572,-16.215559005737305,0.5457001328468323
1769716268.8793654,6.001461029052734,-16.664304733276367,6.587151050567627,-16.180334091186523,0.7597765922546387
1769716268.899397,5.93433952331543,-16.60630989074707,6.504105091094971,-16.11517333984375,0.7522279620170593
1769716268.919243,5.897912502288818,-16.574462890625,6.550084114074707,-16.131057739257812,0.788628339767456
1769716268.9395037,5.831471920013428,-16.515687942504883,6.455833435058594,-16.09210205078125,0.7544876933097839
1769716268.9592783,5.807421684265137,-16.494190216064453,6.461542129516602,-16.055335998535156,0.7876970767974854
1769716268.979268,5.777442455291748,-16.467226028442383,6.4192609786987305,-16.037208557128906,0.7725589275360107
1769716268.9992976,5.735627174377441,-16.429304122924805,6.38994026184082,-16.066434860229492,0.7481985092163086
1769716269.019266,5.699930667877197,-16.39664077758789,6.339901924133301,-16.04416275024414,0.7306190729141235
1769716269.0398107,5.688061714172363,-16.385719299316406,6.328498840332031,-16.004526138305664,0.7452972531318665
1769716269.059305,5.617164611816406,-16.319854736328125,6.229650497436523,-15.959084510803223,0.7108404636383057
1769716269.0794141,5.593652725219727,-16.29776954650879,6.278420448303223,-15.916162490844727,0.7839199304580688
1769716269.099614,5.517660617828369,-16.225549697875977,6.1733293533325195,-15.86550235748291,0.7480210661888123
1769716269.119737,5.511841773986816,-16.219966888427734,6.165310382843018,-15.861559867858887,0.7453030943870544
1769716269.139551,5.4538655281066895,-16.163911819458008,6.13214111328125,-15.815735816955566,0.7624203562736511
1769716269.1592808,5.448089122772217,-16.15828514099121,6.1242241859436035,-15.811720848083496,0.7597798109054565
1769716269.1795208,5.390537738800049,-16.101795196533203,6.070127964019775,-15.770120620727539,0.7562077045440674
1769716269.1995606,5.3447771072387695,-16.056318283081055,6.0367512702941895,-15.743297576904297,0.7594802975654602
1769716269.219311,5.3049421310424805,-16.016319274902344,5.982762336730957,-15.71422290802002,0.7420936226844788
1769716269.239771,5.293595790863037,-16.00485610961914,5.9597625732421875,-15.701668739318848,0.731916069984436
1769716269.2594786,5.23710298538208,-15.947307586669922,5.891263961791992,-15.663675308227539,0.7130038142204285
1769716269.2793274,5.18100643157959,-15.889371871948242,5.924356937408447,-15.575629234313965,0.806848406791687
1769716269.2999468,5.130861759185791,-15.83690071105957,5.857437610626221,-15.536599159240723,0.7861891984939575
1769716269.319493,5.070015907287598,-15.772348403930664,5.811837196350098,-15.476361274719238,0.7986911535263062
1769716269.3395896,5.037033557891846,-15.736944198608398,5.768245697021484,-15.44968318939209,0.7856143712997437
1769716269.359392,4.998739719390869,-15.69546890258789,5.741552352905273,-15.429973602294922,0.7888336181640625
1769716269.3794832,4.944381237030029,-15.635897636413574,5.6702728271484375,-15.384639739990234,0.7681466937065125
1769716269.3992207,4.922752857208252,-15.61196517944336,5.699608325958252,-15.357671737670898,0.817416250705719
1769716269.4192338,4.86897087097168,-15.551873207092285,5.629603385925293,-15.31153392791748,0.7976995706558228
1769716269.4392533,4.842235565185547,-15.521688461303711,5.613924503326416,-15.294228553771973,0.8045135736465454
1769716269.4592445,4.815604209899902,-15.491412162780762,5.5794878005981445,-15.270804405212402,0.7951014637947083
1769716269.4798293,4.778495788574219,-15.448871612548828,5.548954486846924,-15.242769241333008,0.797548770904541
1769716269.4994934,4.736338138580322,-15.40003490447998,5.49482536315918,-15.204683303833008,0.7832404375076294
1769716269.5196311,4.699671268463135,-15.357112884521484,5.503380298614502,-15.155007362365723,0.8287309408187866
1769716269.5398047,4.658020496368408,-15.307843208312988,5.473568916320801,-15.148749351501465,0.8309214115142822
1769716269.55957,4.596055030822754,-15.23351001739502,5.3950300216674805,-15.08995246887207,0.811769425868988
1769716269.5795121,4.565303325653076,-15.196150779724121,5.387919902801514,-15.069546699523926,0.8323020339012146
1769716269.5993714,4.524542331695557,-15.14614200592041,5.336670875549316,-15.029646873474121,0.8204414248466492
1769716269.6193175,4.484057426452637,-15.095909118652344,5.285968780517578,-14.989398956298828,0.8089536428451538
1769716269.6400232,4.458895683288574,-15.064400672912598,5.336143493652344,-14.982869148254395,0.8810284733772278
1769716269.6593134,4.398952007293701,-14.988426208496094,5.251885890960693,-14.951362609863281,0.8537392020225525
1769716269.679407,4.379110336303711,-14.962991714477539,5.2273054122924805,-14.930746078491211,0.8488074541091919
1769716269.6994338,4.349480628967285,-14.924736976623535,5.176131725311279,-14.863463401794434,0.8289189338684082
1769716269.719877,4.3347249031066895,-14.905563354492188,5.157928943634033,-14.847851753234863,0.8252241611480713
1769716269.7398121,4.29069709777832,-14.847860336303711,5.131028175354004,-14.78985595703125,0.8423303365707397
1769716269.759706,4.256701946258545,-14.8027925491333,5.0953168869018555,-14.75818157196045,0.8398007750511169
1769716269.77965,4.213314533233643,-14.744606018066406,5.030902862548828,-14.721450805664062,0.8179162740707397
1769716269.7996008,4.170289516448975,-14.686150550842285,4.984342098236084,-14.678533554077148,0.8140882253646851
1769716269.819415,4.151284217834473,-14.660085678100586,4.98858118057251,-14.666069030761719,0.8373183608055115
1769716269.8397121,4.099391937255859,-14.588134765625,4.925673961639404,-14.606328010559082,0.8264821767807007
1769716269.8592865,4.07131814956665,-14.548723220825195,4.879093647003174,-14.583425521850586,0.8085203170776367
1769716269.8794096,4.034141540527344,-14.495993614196777,4.828668117523193,-14.533860206604004,0.795428454875946
1769716269.8993099,3.9926671981811523,-14.436427116394043,4.76005744934082,-14.503947257995605,0.7703551650047302
1769716269.9197676,3.974353313446045,-14.409871101379395,4.732565879821777,-14.476065635681152,0.7610966563224792
1769716269.9399254,3.9198532104492188,-14.329898834228516,4.692281246185303,-14.398405075073242,0.7754600644111633
1769716269.9600747,3.892852306365967,-14.28974437713623,4.659951210021973,-14.364506721496582,0.7707335948944092
1769716269.9795945,3.8571102619171143,-14.236030578613281,4.642840385437012,-14.384469032287598,0.7996285557746887
1769716269.9992902,3.826080083847046,-14.188870429992676,4.611082077026367,-14.350184440612793,0.8014053702354431
1769716270.0194163,3.795278310775757,-14.141559600830078,4.574309825897217,-14.309995651245117,0.7970325350761414
1769716270.0392377,3.7647058963775635,-14.094100952148438,4.576268196105957,-14.245542526245117,0.8255714774131775
1769716270.0592647,3.7257368564605713,-14.032865524291992,4.517282009124756,-14.20094108581543,0.8091927766799927
1769716270.0794578,3.691418409347534,-13.978233337402344,4.476354122161865,-14.154254913330078,0.8044301271438599
1769716270.0995786,3.648946523666382,-13.90967845916748,4.405129432678223,-14.112282752990723,0.7828547358512878
1769716270.1196175,3.615311622619629,-13.854625701904297,4.364984035491943,-14.065048217773438,0.7786438465118408
1769716270.1395876,3.5736968517303467,-13.785552978515625,4.328218460083008,-14.006017684936523,0.7860709428787231
1769716270.1595883,3.5489578247070312,-13.743971824645996,4.298628330230713,-13.970222473144531,0.7830677628517151
1769716270.1799157,3.5284738540649414,-13.709244728088379,4.252750396728516,-13.955897331237793,0.7651236057281494
1769716270.1993058,3.504051923751831,-13.667479515075684,4.212095737457275,-13.921172142028809,0.7521212697029114
1769716270.2194755,3.49190616607666,-13.64655876159668,4.19752311706543,-13.903114318847656,0.7508103847503662
1769716270.2395065,3.471759557723999,-13.6116361618042,4.170080661773682,-13.853375434875488,0.7389790415763855
1769716270.2596643,3.4557294845581055,-13.583648681640625,4.1508049964904785,-13.829184532165527,0.737169086933136
1769716270.2794132,3.4358010292053223,-13.548602104187012,4.126810550689697,-13.798873901367188,0.7349354028701782
1769716270.2993371,3.4120471477508545,-13.50645637512207,4.124410629272461,-13.816400527954102,0.7768702507019043
1769716270.3193464,3.396308422088623,-13.478304862976074,4.1053948402404785,-13.79201889038086,0.7753838300704956
1769716270.3393762,3.365065574645996,-13.421873092651367,4.053082466125488,-13.743683815002441,0.7595584988594055
1769716270.3593442,3.337984800338745,-13.372355461120605,4.0201897621154785,-13.700727462768555,0.7571203112602234
1769716270.3795228,3.299715518951416,-13.3013916015625,3.990201711654663,-13.631123542785645,0.7651757001876831
1769716270.3992734,3.2732207775115967,-13.251561164855957,3.9577603340148926,-13.587821960449219,0.7626699209213257
1769716270.4192076,3.250704050064087,-13.208748817443848,3.902383327484131,-13.573999404907227,0.7470570206642151
1769716270.4395404,3.217264175415039,-13.144356727600098,3.8535425662994385,-13.530137062072754,0.74409419298172
1769716270.4593098,3.1915340423583984,-13.094132423400879,3.8216331005096436,-13.486418724060059,0.7422350645065308
1769716270.4795046,3.1733052730560303,-13.058182716369629,3.7852554321289062,-13.46718978881836,0.7360501289367676
1769716270.499381,3.1372230052948,-12.986095428466797,3.740095376968384,-13.404394149780273,0.7337772846221924
1769716270.519472,3.1229305267333984,-12.957191467285156,3.7221152782440186,-13.379207611083984,0.73288494348526
1769716270.5393057,3.0945866107940674,-12.899266242980957,3.6764681339263916,-13.339750289916992,0.7298028469085693
1769716270.560138,3.084040880203247,-12.877503395080566,3.670351982116699,-13.318904876708984,0.7338908314704895
1769716270.5794485,3.038867235183716,-12.782951354980469,3.6126179695129395,-13.236467361450195,0.731345534324646
1769716270.6000707,3.0354278087615967,-12.77566146850586,3.6081948280334473,-13.230110168457031,0.7311539053916931
1769716270.6194994,2.9979281425476074,-12.695317268371582,3.568293571472168,-13.157045364379883,0.7338325381278992
1769716270.6393795,2.9777331352233887,-12.651373863220215,3.526660919189453,-13.129647254943848,0.728057324886322
1769716270.6597521,2.9444820880889893,-12.577951431274414,3.482954502105713,-13.06562614440918,0.7264842987060547
1769716270.6793997,2.9215104579925537,-12.526419639587402,3.434276819229126,-13.032062530517578,0.7201411724090576
1769716270.6997848,2.895564317703247,-12.467392921447754,3.3995726108551025,-12.980609893798828,0.7193167209625244
1769716270.71939,2.8699467182159424,-12.408223152160645,3.368582248687744,-12.925864219665527,0.7187415361404419
1769716270.7395415,2.85094952583313,-12.363754272460938,3.338412284851074,-12.880660057067871,0.7105010151863098
1769716270.7595139,2.816603422164917,-12.282025337219238,3.274162769317627,-12.827714920043945,0.7121362090110779
1769716270.7792857,2.795072555541992,-12.229881286621094,3.244180202484131,-12.782328605651855,0.7119656801223755
1769716270.7998743,2.7707767486572266,-12.170162200927734,3.210536003112793,-12.72713851928711,0.7096551060676575
1769716270.8195524,2.755760431289673,-12.132770538330078,3.1892149448394775,-12.694621086120605,0.7096190452575684
1769716270.8395228,2.7320048809051514,-12.072835922241211,3.1549527645111084,-12.6422700881958,0.7093234062194824
1769716270.8592823,2.708582878112793,-12.012772560119629,3.120974063873291,-12.590095520019531,0.7094844579696655
1769716270.8794844,2.6969971656799316,-11.982691764831543,3.102322578430176,-12.563549041748047,0.7082961797714233
1769716270.899647,2.6712353229522705,-11.914895057678223,3.0642073154449463,-12.504721641540527,0.7087465524673462
1769716270.919638,2.657106637954712,-11.877161979675293,3.041123151779175,-12.472740173339844,0.7086477279663086
1769716270.9401836,2.6375465393066406,-11.824254035949707,3.0115528106689453,-12.426888465881348,0.7092593908309937
1769716270.9593894,2.6155076026916504,-11.763672828674316,2.9768154621124268,-12.375031471252441,0.7101424932479858
1769716270.9795425,2.588433027267456,-11.687777519226074,2.931887626647949,-12.311290740966797,0.7118496894836426
1769716270.9993486,2.572441816329956,-11.64215087890625,2.906627893447876,-12.271854400634766,0.7128862738609314
1769716271.0192852,2.543618679046631,-11.558332443237305,2.855093240737915,-12.203378677368164,0.7163102626800537
1769716271.039778,2.5256106853485107,-11.504880905151367,2.8256640434265137,-12.157275199890137,0.7180883288383484
1769716271.0592422,2.512907028198242,-11.46664810180664,2.799724578857422,-12.128792762756348,0.7215955853462219
1769716271.0796754,2.490375280380249,-11.397719383239746,2.761904716491699,-12.069439888000488,0.7245252132415771
1769716271.1001575,2.4707095623016357,-11.336333274841309,2.723891258239746,-12.021639823913574,0.7305799126625061
1769716271.1195128,2.4466071128845215,-11.259449005126953,2.6818645000457764,-11.955594062805176,0.7348219752311707
1769716271.139477,2.4324018955230713,-11.213239669799805,2.6514499187469482,-11.922383308410645,0.7422043085098267
1769716271.1595562,2.416072368621826,-11.15925407409668,2.6220107078552246,-11.876102447509766,0.7458437085151672
1769716271.1795442,2.4068586826324463,-11.12837028503418,2.6051814556121826,-11.849647521972656,0.7480465173721313
1769716271.199308,2.3954622745513916,-11.089729309082031,2.5794100761413574,-11.822732925415039,0.755731999874115
1769716271.2194443,2.3819634914398193,-11.04330825805664,2.421215772628784,-11.632545471191406,0.5905423760414124
1769716271.2396004,2.3730714321136475,-11.012331008911133,2.400146722793579,-11.599449157714844,0.5877420902252197
1769716271.259672,2.3642656803131104,-10.981328010559082,2.3935089111328125,-11.573162078857422,0.5925556421279907
1769716271.2798026,2.3512179851531982,-10.934779167175293,2.3681983947753906,-11.533432006835938,0.5988931655883789
1769716271.3007138,2.3426270484924316,-10.903717041015625,2.3513128757476807,-11.506939888000488,0.603285551071167
1769716271.319559,2.3383641242980957,-10.888176918029785,2.2986960411071777,-11.463202476501465,0.5763925909996033
1769716271.3396106,2.327800750732422,-10.849300384521484,2.2775673866271973,-11.43008041381836,0.5829482674598694
1769716271.3596652,2.3173720836639404,-10.81038761138916,2.2561542987823486,-11.375678062438965,0.5685952305793762
1769716271.379492,2.294904947280884,-10.724655151367188,2.2194135189056396,-11.303220748901367,0.5834696888923645
1769716271.3995113,2.2770094871520996,-10.65438461303711,2.181215763092041,-11.24356746673584,0.5969193577766418
1769716271.4196587,2.2595531940460205,-10.584004402160645,2.1577651500701904,-11.204429626464844,0.6287202835083008
1769716271.4393487,2.248159885406494,-10.537023544311523,2.132201671600342,-11.164649963378906,0.638248085975647
1769716271.459314,2.2314367294311523,-10.466465950012207,2.1032679080963135,-11.104890823364258,0.6511633992195129
1769716271.4792948,2.2187347412109375,-10.411516189575195,2.0733182430267334,-11.058466911315918,0.6630929708480835
1769716271.4995773,2.2027957439422607,-10.340776443481445,2.034926652908325,-10.987462997436523,0.668119490146637
1769716271.5195484,2.1975810527801514,-10.317174911499023,2.022035598754883,-10.967561721801758,0.6736606359481812
1769716271.5395167,2.183915615081787,-10.25418472290039,2.0013206005096436,-10.927740097045898,0.6978663802146912
1769716271.559426,2.1689600944519043,-10.183232307434082,1.9624617099761963,-10.868010520935059,0.7152367830276489
1769716271.5796306,2.1640732288360596,-10.159560203552246,1.9494802951812744,-10.84809684753418,0.7212024331092834
1769716271.5994806,2.1481406688690186,-10.080582618713379,1.903391718864441,-10.77155590057373,0.7330387234687805
1769716271.6198447,2.141921043395996,-10.04896068572998,1.9182792901992798,-10.78165340423584,0.7660640478134155
1769716271.6394856,2.1297454833984375,-9.985666275024414,1.8896232843399048,-10.715314865112305,0.7681441903114319
1769716271.659526,2.115020751953125,-9.906455039978027,1.8458518981933594,-10.648853302001953,0.7896873354911804
1769716271.6797194,2.1092848777770996,-9.87474250793457,1.8441747426986694,-10.637064933776855,0.8071049451828003
1769716271.6992793,2.093965530395508,-9.78745174407959,1.7957149744033813,-10.563896179199219,0.8317568302154541
1769716271.7194405,2.083242893218994,-9.723895072937012,1.760316014289856,-10.510650634765625,0.8504506349563599
1769716271.739268,2.0703365802764893,-9.644368171691895,1.7303310632705688,-10.46214485168457,0.8856432437896729
1769716271.7592902,2.061630964279175,-9.588645935058594,1.740909218788147,-10.41662311553955,0.8879234790802002
1769716271.7793334,2.0531961917877197,-9.532882690429688,1.7095638513565063,-10.369953155517578,0.9048592448234558
1769716271.7993755,2.0450327396392822,-9.477079391479492,1.6841511726379395,-10.312888145446777,0.9103912115097046
1769716271.819368,2.034935474395752,-9.405274391174316,1.6435436010360718,-10.252816200256348,0.9335492849349976
1769716271.8392706,2.0305919647216797,-9.37334156036377,1.656042218208313,-10.204419136047363,0.9115798473358154
1769716271.8596666,2.025287389755249,-9.33340835571289,1.6333551406860352,-10.17101764678955,0.9247702360153198
1769716271.8799963,2.0180938243865967,-9.277471542358398,1.6245046854019165,-10.088301658630371,0.9013090133666992
1769716271.8993776,2.0111725330352783,-9.221500396728516,1.5879524946212769,-10.03480339050293,0.916829526424408
1769716271.9194243,1.9999406337738037,-9.125473976135254,1.5684984922409058,-9.994865417480469,0.9705579876899719
1769716271.9399416,1.9946248531341553,-9.07742691040039,1.5408302545547485,-9.954686164855957,0.9876814484596252
1769716271.9604065,1.9911917448043823,-9.045382499694824,1.5177087783813477,-9.921191215515137,0.9956036806106567
1769716271.9798133,1.987847089767456,-9.013328552246094,1.503807783126831,-9.901087760925293,1.0111429691314697
1769716271.9994664,1.9791041612625122,-8.925132751464844,1.473711609840393,-9.783370971679688,0.9959893226623535
1769716272.019912,1.9783425331115723,-8.91711139678955,1.476027011871338,-9.760650634765625,0.9817733764648438
1769716272.0392318,1.9703326225280762,-8.828845024108887,1.4815078973770142,-9.704648971557617,1.002987265586853
1769716272.059571,1.9655859470367432,-8.772643089294434,1.4486212730407715,-9.657651901245117,1.0249361991882324
1769716272.0793068,1.9592773914337158,-8.692314147949219,1.411130666732788,-9.576987266540527,1.040725588798523
1769716272.0996144,1.9551913738250732,-8.636058807373047,1.3779809474945068,-9.52994155883789,1.0640480518341064
1769716272.1194148,1.9498231410980225,-8.555658340454102,1.414090871810913,-9.465936660766602,1.0562269687652588
1769716272.139598,1.9463950395584106,-8.499356269836426,1.3806893825531006,-9.418848037719727,1.0795773267745972
1769716272.1592991,1.942387580871582,-8.4269437789917,1.35336434841156,-9.347358703613281,1.0927541255950928
1769716272.1793725,1.939203143119812,-8.362556457519531,1.314927577972412,-9.293500900268555,1.1208827495574951
1769716272.1993666,1.937048077583313,-8.314253807067871,1.3468512296676636,-9.210793495178223,1.073366641998291
1769716272.2196622,1.9357224702835083,-8.282047271728516,1.3275423049926758,-9.18385124206543,1.0877197980880737
1769716272.2393572,1.933616280555725,-8.225676536560059,1.2814695835113525,-9.126306533813477,1.1119484901428223
1769716272.2597747,1.9322785139083862,-8.185405731201172,1.2572311162948608,-9.092615127563477,1.1308045387268066
1769716272.2794535,1.9313082695007324,-8.15318489074707,1.3112813234329224,-9.109950065612793,1.140101671218872
1769716272.2996497,1.930019497871399,-8.104849815368652,1.2820996046066284,-9.069509506225586,1.1620534658432007
1769716272.3196716,1.9283158779144287,-8.02427864074707,1.273072361946106,-8.97369384765625,1.1535743474960327
1769716272.339569,1.9274537563323975,-7.967872142791748,1.2388488054275513,-8.926495552062988,1.1803114414215088
1769716272.3596067,1.9266940355300903,-7.887284278869629,1.1898386478424072,-8.859058380126953,1.2195496559143066
1769716272.3794022,1.926574468612671,-7.863107204437256,1.2553038597106934,-8.784178733825684,1.1397271156311035
1769716272.3993719,1.9265365600585938,-7.782513618469238,1.2422562837600708,-8.696531295776367,1.1417827606201172
1769716272.4193623,1.926905870437622,-7.718038558959961,1.2028316259384155,-8.642570495605469,1.1743265390396118
1769716272.4393303,1.9275203943252563,-7.661624908447266,1.2255513668060303,-8.56617546081543,1.1449769735336304
1769716272.4595413,1.9285556077957153,-7.597155570983887,1.193021297454834,-8.509784698486328,1.1721361875534058
1769716272.4795465,1.9293829202651978,-7.5568647384643555,1.1682783365249634,-8.476059913635254,1.1933987140655518
1769716272.4995408,1.9307740926742554,-7.500462532043457,1.13360595703125,-8.428848266601562,1.2236733436584473
1769716272.5195215,1.9329620599746704,-7.427955627441406,1.164129614830017,-8.33166217803955,1.1865029335021973
1769716272.5393903,1.9359197616577148,-7.347407817840576,1.1752171516418457,-8.215791702270508,1.154451608657837
1769716272.5596213,1.9394315481185913,-7.266881465911865,1.125539779663086,-8.148369789123535,1.1997671127319336
1769716272.5795686,1.9405931234359741,-7.242727756500244,1.1712886095046997,-8.098677635192871,1.1508605480194092
1769716272.5995936,1.9476298093795776,-7.113951206207275,1.0917527675628662,-7.990833282470703,1.2253358364105225
1769716272.6194997,1.9501193761825562,-7.073724269866943,1.1330657005310059,-7.923361301422119,1.17875337600708
1769716272.639331,1.9566584825515747,-6.97721529006958,1.0734261274337769,-7.842506408691406,1.2364579439163208
1769716272.6594384,1.959015130996704,-6.945057392120361,1.1456292867660522,-7.776332378387451,1.1630195379257202
1769716272.6794326,1.962085247039795,-6.904869079589844,1.1207977533340454,-7.742650032043457,1.1872832775115967
1769716272.6995394,1.965293526649475,-6.864691257476807,1.1577508449554443,-7.689730167388916,1.1544758081436157
1769716272.7192028,1.9700171947479248,-6.808460712432861,1.1230236291885376,-7.642582416534424,1.1887630224227905
1769716272.739431,1.972124457359314,-6.784368515014648,1.1081494092941284,-7.622377395629883,1.2036244869232178
1769716272.7597091,1.9750113487243652,-6.752252578735352,1.0883265733718872,-7.5954389572143555,1.2235902547836304
1769716272.7794237,1.9779865741729736,-6.720144271850586,1.1393094062805176,-7.583834171295166,1.2038854360580444
1769716272.7996845,1.9850034713745117,-6.64793062210083,1.1341776847839355,-7.510439872741699,1.2115389108657837
1769716272.8194044,1.9941861629486084,-6.559728622436523,1.1387889385223389,-7.437835216522217,1.2258774042129517
1769716272.8396797,2.0003767013549805,-6.503636360168457,1.1042898893356323,-7.3906965255737305,1.2608915567398071
1769716272.859804,2.0058977603912354,-6.455580711364746,1.1605619192123413,-7.246105194091797,1.1573771238327026
1769716272.8799114,2.0155394077301025,-6.3755388259887695,1.1114622354507446,-7.178755283355713,1.209343671798706
1769716272.9003427,2.02056622505188,-6.33554220199585,1.157065749168396,-7.129556655883789,1.1730694770812988
1769716272.919689,2.0310323238372803,-6.25560188293457,1.11308753490448,-7.0689239501953125,1.2264240980148315
1769716272.9396315,2.040921211242676,-6.183716773986816,1.1439241170883179,-7.003729343414307,1.2153290510177612
1769716272.9596841,2.04660701751709,-6.1438069343566895,1.1196337938308716,-6.970028877258301,1.2417415380477905
1769716272.9793038,2.0559892654418945,-6.079991340637207,1.2009104490280151,-6.813488960266113,1.1265783309936523
1769716272.9992433,2.064486265182495,-6.024195194244385,1.1671026945114136,-6.7662811279296875,1.1644692420959473
1769716273.0192513,2.0745255947113037,-5.96047830581665,1.1966534852981567,-6.646040916442871,1.1138473749160767
1769716273.0392675,2.086238145828247,-5.888862133026123,1.2700448036193848,-6.560216426849365,1.0568292140960693
1769716273.0592463,2.0970206260681152,-5.8252644538879395,1.231868028640747,-6.506187438964844,1.100974440574646
1769716273.079319,2.110990047454834,-5.745851039886475,1.1843839883804321,-6.438605308532715,1.1569387912750244
1769716273.0993228,2.1210927963256836,-5.690318584442139,1.2476574182510376,-6.301914215087891,1.0662732124328613
1769716273.119181,2.126985549926758,-5.658607006072998,1.2288215160369873,-6.274847984313965,1.0892436504364014
1769716273.1392658,2.137507677078247,-5.603151321411133,1.195973515510559,-6.227457046508789,1.1297097206115723
1769716273.1598265,2.145186424255371,-5.563570499420166,1.1726027727127075,-6.193584442138672,1.1588081121444702
1769716273.1795738,2.1561648845672607,-5.508202075958252,1.2908192873001099,-6.039690017700195,1.0155308246612549
1769716273.199355,2.1690375804901123,-5.444988250732422,1.253774881362915,-5.985405445098877,1.0629000663757324
1769716273.2198403,2.1822571754455566,-5.381844997406006,1.3321263790130615,-5.902035236358643,0.9966544508934021
1769716273.23957,2.2009999752044678,-5.295141696929932,1.3682221174240112,-5.740498065948486,0.9443840980529785
1769716273.2593005,2.2168216705322266,-5.224308013916016,1.3274255990982056,-5.679168701171875,0.998961329460144
1769716273.2794263,2.2330806255340576,-5.1535725593566895,1.4274237155914307,-5.526765823364258,0.8878940939903259
1769716273.29948,2.2441623210906982,-5.106472015380859,1.3961553573608398,-5.478907108306885,0.9261879920959473
1769716273.3192425,2.264981746673584,-5.02023983001709,1.4694445133209229,-5.310492515563965,0.8468329906463623
1769716273.33934,2.2707724571228027,-4.996749401092529,1.4562290906906128,-5.28991174697876,0.8656934499740601
1769716273.3593392,2.2785685062408447,-4.965447425842285,1.5066182613372803,-5.256770610809326,0.8250919580459595
1769716273.379362,2.2884342670440674,-4.926349639892578,1.4847636222839355,-5.222399711608887,0.8564649224281311
1769716273.3994365,2.2964234352111816,-4.895096302032471,1.5371618270874023,-5.195542335510254,0.8165450692176819
1769716273.4193132,2.3126580715179443,-4.832655429840088,1.5025649070739746,-5.140389919281006,0.8665745258331299
1769716273.4400494,2.327144145965576,-4.778093338012695,1.5788065195083618,-5.020206451416016,0.7865290641784668
1769716273.460005,2.3482918739318848,-4.700268745422363,1.536293864250183,-4.950924396514893,0.8498051166534424
1769716273.4796855,2.3677799701690674,-4.630352020263672,1.5749635696411133,-4.803078651428223,0.8114138245582581
1769716273.4992352,2.3944339752197266,-4.537318229675293,1.525106430053711,-4.719345569610596,0.8881802558898926
1769716273.5193858,2.4080474376678467,-4.490884304046631,1.5004481077194214,-4.677330017089844,0.926551878452301
1769716273.539737,2.421851396560669,-4.444506645202637,1.4759738445281982,-4.635209560394287,0.9649104475975037
1769716273.5594554,2.4288249015808105,-4.42133903503418,1.7487150430679321,-4.428765296936035,0.6801504492759705
1769716273.5793474,2.447653293609619,-4.359629154205322,1.7164994478225708,-4.3723578453063965,0.7312646508216858
1769716273.599401,2.471663475036621,-4.282638072967529,1.7624714374542236,-4.253796577453613,0.7097782492637634
1769716273.6196198,2.49125075340271,-4.221164703369141,1.7271267175674438,-4.189773082733154,0.7647685408592224
1769716273.63939,2.513688325881958,-4.152136325836182,1.8498414754867554,-4.095337390899658,0.6662722826004028
1769716273.6592734,2.5263373851776123,-4.113846778869629,1.9225354194641113,-4.009604454040527,0.6127341985702515
1769716273.6799057,2.5494353771209717,-4.0450358390808105,1.888309121131897,-3.944817543029785,0.6686789989471436
1769716273.6994355,2.562450408935547,-4.006869316101074,1.9706770181655884,-3.8622279167175293,0.609193742275238
1769716273.71943,2.596900463104248,-3.907846689224243,1.9224636554718018,-3.7677481174468994,0.6888341307640076
1769716273.7395036,2.6049752235412598,-3.8850388526916504,2.063711643218994,-3.789748430252075,0.549587607383728
1769716273.759708,2.6212656497955322,-3.839473247528076,2.0419139862060547,-3.745792865753174,0.5868768692016602
1769716273.7792938,2.634983539581299,-3.801553249359131,2.0807487964630127,-3.461591958999634,0.650192141532898
1769716273.7993855,2.6684346199035645,-3.710737466812134,2.0382015705108643,-3.3728370666503906,0.7151016592979431
1769716273.8195963,2.671255588531494,-3.7031819820404053,2.198939323425293,-3.394148349761963,0.5644329786300659
1769716273.8393297,2.7112929821014404,-3.597607374191284,2.1505584716796875,-3.28954815864563,0.6397840976715088
1769716273.859808,2.717094898223877,-3.58255672454834,2.1916630268096924,-3.3265833854675293,0.5844665169715881
1769716273.8792295,2.755308151245117,-3.4849212169647217,2.148069143295288,-3.2282986640930176,0.6592376828193665
1769716273.8994703,2.767240047454834,-3.4549481868743896,2.13488507270813,-3.197852849960327,0.6826207041740417
1769716273.9193826,2.8065836429595947,-3.357761859893799,2.411881446838379,-3.043780565261841,0.5043551325798035
1769716273.9395483,2.825032949447632,-3.3130252361297607,2.482431411743164,-3.077867031097412,0.41554194688796997
1769716273.9596143,2.8561880588531494,-3.2386326789855957,2.451289415359497,-3.000073194503784,0.46995073556900024
1769716273.9792535,2.8687922954559326,-3.208935499191284,2.5210800170898438,-3.020615577697754,0.3954342305660248
1769716273.9994476,2.887850522994995,-3.164454221725464,2.502918004989624,-2.973442554473877,0.4297190308570862
1769716274.0197873,2.907090663909912,-3.120051383972168,2.485022783279419,-2.926013946533203,0.46453389525413513
1769716274.039492,2.9330265522003174,-3.0609703063964844,2.6109025478363037,-2.758735179901123,0.4417126178741455
1769716274.0594497,2.96921443939209,-2.979966640472412,2.7423043251037598,-2.4953625202178955,0.535097599029541
1769716274.079471,2.9959144592285156,-2.9212265014648438,2.7200398445129395,-2.4305832386016846,0.5628831386566162
1769716274.0995376,3.0297396183013916,-2.8480069637298584,2.760169267654419,-2.3649449348449707,0.553188145160675
1769716274.119264,3.050274133682251,-2.8041865825653076,2.7442920207977295,-2.315570116043091,0.5765165090560913
1769716274.139265,3.0848968029022217,-2.731340169906616,2.8033955097198486,-2.356606960296631,0.468687504529953
1769716274.1593306,3.0953803062438965,-2.7095324993133545,2.7958197593688965,-2.331573724746704,0.48227521777153015
1769716274.1793542,3.11295223236084,-2.673233985900879,2.959494113922119,-2.1815340518951416,0.5150904655456543
1769716274.199314,3.1556289196014404,-2.5863630771636963,2.9304816722869873,-2.080185890197754,0.5539916753768921
1769716274.2193475,3.1917355060577393,-2.5142393112182617,3.0582401752471924,-1.8138656616210938,0.7129825353622437
1769716274.2396975,3.2173023223876953,-2.463899612426758,3.056931495666504,-2.06711483001709,0.4279685318470001
1769716274.2593348,3.2320199012756348,-2.4351890087127686,3.0481553077697754,-2.032505512237549,0.44267377257347107
1769716274.279498,3.2542431354522705,-2.3921985626220703,3.0352683067321777,-1.980340838432312,0.4664512276649475
1769716274.2993228,3.2616899013519287,-2.3778886795043945,3.1395020484924316,-1.8032112121582031,0.5875236392021179
1769716274.3192835,3.2992165088653564,-2.3064918518066406,3.2238147258758545,-1.692870855331421,0.6182363033294678
1769716274.339955,3.325774669647217,-2.256666898727417,3.2100026607513428,-1.6309195756912231,0.6363670229911804
1769716274.3593826,3.3564178943634033,-2.1998801231384277,3.394580841064453,-1.4072033166885376,0.7935948967933655
1769716274.3797321,3.379603624343872,-2.157399892807007,3.3835880756378174,-1.353362798690796,0.8040468692779541
1769716274.399457,3.414707660675049,-2.093858242034912,3.300271511077881,-1.4184244871139526,0.6850593686103821
1769716274.4194367,3.458142042160034,-2.0164902210235596,3.2804441452026367,-1.3089041709899902,0.7295576930046082
1769716274.4392881,3.4820778369903564,-1.9744272232055664,3.5701537132263184,-1.1583627462387085,0.8208036422729492
1769716274.4598522,3.5183043479919434,-1.9115172624588013,3.5567100048065186,-1.075036644935608,0.8373618721961975
1769716274.479961,3.5508294105529785,-1.8557846546173096,3.55989670753479,-1.0185033082962036,0.8373304009437561
1769716274.5001202,3.575423002243042,-1.8141019344329834,3.5519039630889893,-0.9621661305427551,0.852260410785675
1769716274.519331,3.616790771484375,-1.744855284690857,3.5641679763793945,-1.0435336828231812,0.7032931447029114
1769716274.5394123,3.658630609512329,-1.6758922338485718,3.5527560710906982,-0.9481313228607178,0.7354218363761902
1769716274.559508,3.6881983280181885,-1.6277884244918823,3.7370729446411133,-0.9085476994514465,0.7208994626998901
1769716274.5792642,3.705197334289551,-1.600364089012146,3.733109712600708,-0.8699242472648621,0.730972945690155
1769716274.599379,3.7137248516082764,-1.5866693258285522,3.76733136177063,-0.9098888635635376,0.6789001226425171
1769716274.619956,3.73941969871521,-1.5456548929214478,3.761840581893921,-0.8516114354133606,0.6944055557250977
1769716274.6392555,3.76960825920105,-1.4979382753372192,3.9120659828186035,-0.7936161756515503,0.7185845375061035
1769716274.6594322,3.8131284713745117,-1.4300230741500854,3.9045464992523193,-0.6952842473983765,0.7404042482376099
1769716274.6793525,3.8482768535614014,-1.3759061098098755,3.8993184566497803,-0.6160533428192139,0.7615651488304138
1769716274.6996338,3.870393991470337,-1.342180848121643,4.115441799163818,-0.49512287974357605,0.8817912340164185
1769716274.7196946,3.9149723052978516,-1.2749580144882202,4.110447406768799,-0.3950122594833374,0.9013962745666504
1769716274.739394,3.9374327659606934,-1.2414612770080566,4.108365058898926,-0.3446769714355469,0.9129292964935303
1769716274.759252,3.96453595161438,-1.2013667821884155,4.257457256317139,-0.30967018008232117,0.9385764598846436
1769716274.7793756,3.99180269241333,-1.1613837480545044,4.2557244300842285,-0.2487669140100479,0.950012743473053
1769716274.7993395,4.028412342071533,-1.1082476377487183,4.346410274505615,-0.2445923388004303,0.9203387498855591
1769716274.8193073,4.065310955047607,-1.0553127527236938,4.345439434051514,-0.16255249083042145,0.9356776475906372
1769716274.839328,4.097833633422852,-1.0091607570648193,4.551117897033691,-0.033392682671546936,1.0759135484695435
1769716274.8594208,4.144676208496094,-0.943500816822052,4.683000087738037,0.05226534605026245,1.1319643259048462
1769716274.879291,4.196718215942383,-0.8716469407081604,4.684939384460449,0.16695572435855865,1.147630214691162
1769716274.8993013,4.234904766082764,-0.8196367025375366,4.726362228393555,0.1476937085390091,1.0850154161453247
1769716274.9193795,4.273374557495117,-0.767836332321167,4.7293500900268555,0.23193271458148956,1.0988410711288452
1769716274.9392378,4.302412509918213,-0.7291247844696045,4.873672962188721,0.22643718123435974,1.1133002042770386
1769716274.959321,4.331608295440674,-0.6905328631401062,4.876793384552002,0.29004618525505066,1.1219456195831299
1769716274.9795725,4.351159572601318,-0.6648716926574707,4.879098892211914,0.3325575590133667,1.1285320520401
1769716274.9994583,4.380618095397949,-0.6264805793762207,4.934719562530518,0.3239237070083618,1.1001348495483398
1769716275.0200298,4.41518497467041,-0.5818445086479187,4.9957594871521,0.376287579536438,1.1203051805496216
1769716275.0396035,4.459940433502197,-0.5246996879577637,5.002920627593994,0.47280368208885193,1.1357115507125854
1769716275.0595713,4.5050458908081055,-0.4678320288658142,5.010990619659424,0.5696874856948853,1.1543078422546387
1769716275.0795052,4.560648441314697,-0.3987066447734833,5.109600067138672,0.5442115664482117,1.0910741090774536
1769716275.0994139,4.6065263748168945,-0.3424627184867859,5.256897449493408,0.5543442964553833,1.1078109741210938
1769716275.1195688,4.64759635925293,-0.2927066385746002,5.26661491394043,0.6413760781288147,1.1205776929855347
1769716275.13939,4.688938140869141,-0.24317669868469238,5.36906623840332,0.6061997413635254,1.088124394416809
1769716275.1594453,4.735769748687744,-0.1877276748418808,5.471690654754639,0.6615460515022278,1.1237637996673584
1769716275.179368,4.767180442810059,-0.15092279016971588,5.480571746826172,0.7272851467132568,1.1314488649368286
1769716275.1993692,4.793470859527588,-0.12035107612609863,5.489849090576172,0.7931240797042847,1.1486425399780273
1769716275.2192574,4.825157165527344,-0.08378437161445618,5.429462432861328,0.6251780390739441,0.9315646886825562
1769716275.2392569,4.856993675231934,-0.04734841734170914,5.439464569091797,0.6911828517913818,0.9405852556228638
1769716275.2594388,4.888979911804199,-0.011043808422982693,5.590460300445557,0.7693018913269043,1.0492922067642212
1769716275.2793045,4.921115875244141,0.02512885257601738,5.599478721618652,0.8244402408599854,1.048367977142334
1769716275.2992568,4.969597816467285,0.07913906127214432,5.719665050506592,0.8806562423706055,1.0977389812469482
1769716275.319385,5.012972354888916,0.1268959790468216,5.77170991897583,0.8678039312362671,1.0604846477508545
1769716275.3395092,5.062081336975098,0.18033689260482788,5.7902913093566895,0.9673920273780823,1.0722616910934448
1769716275.3596132,5.106010437011719,0.22758442163467407,5.8075432777404785,1.055987000465393,1.085540771484375
1769716275.379378,5.144660949707031,0.26872754096984863,5.8728156089782715,0.9630209803581238,1.0061074495315552
1769716275.399514,5.18350887298584,0.3096844255924225,5.995325088500977,0.9950566291809082,1.0624407529830933
1769716275.419376,5.205795764923096,0.333004355430603,6.004811763763428,1.0394030809402466,1.066501498222351
1769716275.4396257,5.244952201843262,0.37366658449172974,6.021825790405273,1.1170172691345215,1.075222134590149
1769716275.459414,5.2955827713012695,0.4256691038608551,6.004024028778076,1.0164991617202759,0.9224801659584045
1769716275.4795604,5.335183620452881,0.4658985137939453,6.253458499908447,1.1203117370605469,1.1276017427444458
1769716275.4993937,5.386382579803467,0.5173413157463074,6.2776312828063965,1.2200467586517334,1.1349533796310425
1769716275.519245,5.432159423828125,0.562801718711853,6.287464141845703,1.1437700986862183,1.0339586734771729
1769716275.5392778,5.478185653686523,0.6080096364021301,6.310340881347656,1.2323077917099,1.040303111076355
1769716275.5594025,5.507078170776367,0.6361358165740967,6.4506378173828125,1.1871047019958496,1.092644214630127
1769716275.579495,5.565152168273926,0.6920893788337708,6.480695724487305,1.2975884675979614,1.0976561307907104
1769716275.5992997,5.588489532470703,0.7143587470054626,6.571544647216797,1.2920293807983398,1.1402196884155273
1769716275.6192877,5.658867359161377,0.780780553817749,6.60947847366333,1.4242898225784302,1.147939682006836
1769716275.6397312,5.706089973449707,0.8247379660606384,6.665840148925781,1.3734170198440552,1.1055173873901367
1769716275.6595027,5.7595038414001465,0.873878538608551,6.6959967613220215,1.4722365140914917,1.1113284826278687
1769716275.6794655,5.795281410217285,0.9064547419548035,6.766333103179932,1.433840274810791,1.1050232648849487
1769716275.6995497,5.831193447113037,0.9388828873634338,6.7907795906066895,1.5104341506958008,1.116904854774475
1769716275.7193966,5.873260021209717,0.9765279293060303,6.818134784698486,1.4036403894424438,1.036924958229065
1769716275.7394664,5.9155073165893555,1.0139697790145874,6.839899063110352,1.4690428972244263,1.0303356647491455
1769716275.7593682,5.970089912414551,1.0618093013763428,7.007190704345703,1.555111050605774,1.1484445333480835
1769716275.780336,6.018856048583984,1.104048490524292,7.037473201751709,1.6418712139129639,1.1518827676773071
1769716275.799557,6.080140113830566,1.1564686298370361,7.114535808563232,1.5852932929992676,1.1197614669799805
1769716275.8196242,6.1170830726623535,1.1877175569534302,7.134313583374023,1.6391786336898804,1.112912654876709
1769716275.8400028,6.154155254364014,1.218813419342041,7.158364295959473,1.70370352268219,1.115147352218628
1769716275.8593168,6.197568416595459,1.2548978328704834,7.327518463134766,1.6582409143447876,1.199779987335205
1769716275.8795302,6.253640651702881,1.3009834289550781,7.406160831451416,1.7096704244613647,1.222835898399353
1769716275.899285,6.30999755859375,1.3467202186584473,7.444246768951416,1.8055022954940796,1.223520040512085
1769716275.9193163,6.366637706756592,1.392106294631958,7.545595169067383,1.7319095134735107,1.2269504070281982
1769716275.9393299,6.417220592498779,1.4321534633636475,7.5298752784729,1.6902577877044678,1.1421988010406494
1769716275.9593,6.4807586669921875,1.4818189144134521,7.574650764465332,1.7953925132751465,1.1379494667053223
1769716275.9796197,6.5254387855529785,1.5163230895996094,7.576637268066406,1.7564468383789062,1.0782755613327026
1769716275.9994998,6.557454586029053,1.5408365726470947,7.599684238433838,1.8086159229278564,1.0760797262191772
1769716276.019399,6.589555263519287,1.565239429473877,7.686696529388428,1.7629863023757935,1.1148191690444946
1769716276.039336,6.634637832641602,1.5992168188095093,7.71965217590332,1.8355804681777954,1.1104612350463867
1769716276.05939,6.673409938812256,1.6281665563583374,7.748246192932129,1.897573709487915,1.1080855131149292
1769716276.0792987,6.7187957763671875,1.6617376804351807,7.805088520050049,1.842879295349121,1.1012922525405884
1769716276.099516,6.751313209533691,1.6855825185775757,7.800248146057129,1.7855844497680664,1.053691029548645
1769716276.119776,6.816595077514648,1.7329343557357788,7.8496551513671875,1.887673020362854,1.0445849895477295
1769716276.1392546,6.829690456390381,1.742350459098816,7.963268280029297,1.8629997968673706,1.139980435371399
1769716276.1595721,6.895362854003906,1.7891591787338257,8.01370620727539,1.9643127918243408,1.1319764852523804
1769716276.1792452,6.915127754211426,1.8031129837036133,8.022605895996094,1.8681092262268066,1.109384298324585
1769716276.199246,6.987844944000244,1.8539258241653442,8.079344749450684,1.978557825088501,1.0985918045043945
1769716276.219354,7.040972709655762,1.8905322551727295,8.121243476867676,2.058358907699585,1.0932291746139526
1769716276.2398071,7.060947418212891,1.9041837453842163,8.137091636657715,2.0881683826446533,1.0917580127716064
1769716276.2593064,7.121041774749756,1.944889783859253,8.156289100646973,1.9049373865127563,1.0360181331634521
1769716276.279558,7.1679558753967285,1.976291298866272,8.194067001342773,1.973785400390625,1.0261138677597046
1769716276.2995832,7.228496551513672,2.0163304805755615,8.333520889282227,2.046286106109619,1.105430245399475
1769716276.3198884,7.289285182952881,2.055992364883423,8.388883590698242,2.1433310508728027,1.1030619144439697
1769716276.3393834,7.363915920257568,2.1039531230926514,8.455836296081543,2.075795888900757,1.0922834873199463
1769716276.3601465,7.418420314788818,2.1384763717651367,8.501306533813477,2.1522512435913086,1.0829741954803467
1769716276.379325,7.48681640625,2.1812052726745605,8.578492164611816,2.115915060043335,1.093626618385315
1769716276.399368,7.548622131347656,2.2192554473876953,8.630902290344238,2.200587511062622,1.0824410915374756
1769716276.419316,7.569276332855225,2.2318532466888428,8.702313423156738,2.079066038131714,1.1432925462722778
1769716276.4393864,7.61066198348999,2.2569198608398438,8.73771858215332,2.1349947452545166,1.133632779121399
1769716276.459356,7.652149677276611,2.2818148136138916,8.751602172851562,2.1297109127044678,1.1099237203598022
1769716276.4794855,7.693739891052246,2.30653715133667,8.787528991699219,2.18503475189209,1.100516676902771
1769716276.49944,7.763281345367432,2.3473570346832275,8.852386474609375,2.154306650161743,1.1060826778411865
1769716276.5196128,7.79815673828125,2.367586135864258,8.88287353515625,2.1997461318969727,1.097625494003296
1769716276.5393386,7.847098350524902,2.3957040309906006,8.880537033081055,2.19547438621521,1.052657127380371
1769716276.5593607,7.896174430847168,2.423584222793579,8.882027626037598,2.1533238887786865,1.0222266912460327
1769716276.5792909,7.966513633728027,2.4629998207092285,8.944475173950195,2.2423160076141357,1.0025511980056763
1769716276.5994973,8.0088472366333,2.486415147781372,8.982263565063477,2.2952826023101807,0.9920039772987366
1769716276.6194057,8.030049324035645,2.498056650161743,9.00124740600586,2.3216447830200195,0.9870898127555847
1769716276.639878,8.107995986938477,2.540364980697632,9.094555854797363,2.1985137462615967,1.044108271598816
1769716276.6593328,8.150647163391113,2.5631911754608154,9.133125305175781,2.2503929138183594,1.031070351600647
1769716276.6792417,8.243375778198242,2.61203670501709,9.196615219116211,2.272554874420166,1.011885404586792
1769716276.6993034,8.264837265014648,2.623189687728882,9.216228485107422,2.2980093955993652,1.0054295063018799
1769716276.7192507,8.350908279418945,2.6673531532287598,9.313299179077148,2.266240119934082,1.042635440826416
1769716276.7397044,8.394079208374023,2.6891655921936035,9.35312557220459,2.3162195682525635,1.0290087461471558
1769716276.7597182,8.473459243774414,2.7286863327026367,9.378499984741211,2.3796777725219727,0.9700034856796265
1769716276.7796953,8.538626670837402,2.7605695724487305,9.439210891723633,2.4530603885650635,0.9516376256942749
1769716276.7991927,8.574915885925293,2.778106212615967,9.46721363067627,2.3274648189544678,0.9996364712715149
1769716276.8199399,8.611265182495117,2.7955164909362793,9.445660591125488,2.303408145904541,0.9687029719352722
1769716276.8394,8.633103370666504,2.8059020042419434,9.466166496276855,2.3274056911468506,0.960704505443573
1769716276.8598292,8.676844596862793,2.8265366554260254,9.507328033447266,2.3751380443573,0.9452322721481323
1769716276.879275,8.742613792419434,2.8571460247039795,9.571619033813477,2.392709970474243,0.9502366185188293
1769716276.8997962,8.779233932495117,2.8739733695983887,9.606308937072754,2.4317779541015625,0.9378641843795776
1769716276.9192865,8.845295906066895,2.9039413928985596,9.65891170501709,2.4174482822418213,0.947969913482666
1769716276.93972,8.911540985107422,2.9334959983825684,9.690862655639648,2.356881618499756,0.9694459438323975
1769716276.9598792,8.970579147338867,2.959418296813965,9.747371673583984,2.417452096939087,0.9471715092658997
1769716276.9795287,9.007550239562988,2.9754528999328613,9.78285026550293,2.454984188079834,0.9337980151176453
1769716276.999484,9.081655502319336,3.007136583328247,9.861330032348633,2.536672830581665,0.9106196165084839
1769716277.019468,9.141096115112305,3.0321123600006104,9.838683128356934,2.4387454986572266,0.9158123135566711
1769716277.0392299,9.223050117492676,3.065913677215576,9.918091773986816,2.518439769744873,0.8847660422325134
1769716277.059246,9.245445251464844,3.0750234127044678,9.910358428955078,2.4846370220184326,0.8891937732696533
1769716277.0793552,9.290291786193848,3.0931026935577393,9.953983306884766,2.527407646179199,0.8720651268959045
1769716277.0995865,9.335212707519531,3.110994815826416,9.997767448425293,2.569812536239624,0.8554864525794983
1769716277.1194737,9.425273895263672,3.146216869354248,10.049708366394043,2.556971549987793,0.858561635017395
1769716277.13951,9.432792663574219,3.149118185043335,10.101669311523438,2.51659893989563,0.9205851554870605
1769716277.1592767,9.530709266662598,3.1863584518432617,10.197772026062012,2.605492353439331,0.8845212459564209
1769716277.179522,9.576013565063477,3.203247547149658,10.217185974121094,2.5655059814453125,0.9043315649032593
1769716277.1993003,9.651674270629883,3.230976104736328,10.2918119430542,2.632091999053955,0.8766055107116699
1769716277.2194557,9.674409866333008,3.239192008972168,10.275025367736816,2.599620819091797,0.8773764371871948
1769716277.239276,9.765520095825195,3.2715816497802734,10.357723236083984,2.67122745513916,0.8432851433753967
1769716277.2594695,9.811174392700195,3.2874913215637207,10.378360748291016,2.63297700881958,0.8660767674446106
1769716277.2795308,9.895044326782227,3.316164016723633,10.461743354797363,2.70266056060791,0.8351854681968689
1769716277.2994146,9.925596237182617,3.3264315128326416,10.446972846984863,2.646984815597534,0.8564356565475464
1769716277.3198814,9.994440078735352,3.3492226600646973,10.515637397766113,2.702702045440674,0.830443263053894
1769716277.3394132,10.040413856506348,3.3641772270202637,10.541923522949219,2.6577398777008057,0.8663522601127625
1769716277.3596191,10.101807594299316,3.3838183879852295,10.603350639343262,2.70607328414917,0.8431391716003418
1769716277.3796535,10.15561580657959,3.400724411010742,10.606077194213867,2.6966989040374756,0.8358032703399658
1769716277.399643,10.248046875,3.429097890853882,10.69887638092041,2.7671029567718506,0.8009273409843445
1769716277.4193454,10.317522048950195,3.4498727321624756,10.731409072875977,2.748737335205078,0.8141824007034302
1769716277.4392862,10.371647834777832,3.465730905532837,10.738651275634766,2.741304397583008,0.8120869994163513
1769716277.4593687,10.441349029541016,3.485733985900879,10.808979034423828,2.7916624546051025,0.7854213714599609
1769716277.479518,10.518939971923828,3.50744891166687,10.887395858764648,2.8466436862945557,0.7565871477127075
1769716277.499473,10.56556510925293,3.520219326019287,10.871344566345215,2.754831075668335,0.8242091536521912
1769716277.5193388,10.61224365234375,3.5327959060668945,10.943764686584473,2.7779812812805176,0.8244098424911499
1769716277.539408,10.643390655517578,3.541072130203247,10.97534465789795,2.7991974353790283,0.812755286693573
1769716277.559476,10.682357788085938,3.5512959957122803,10.997625350952148,2.752162456512451,0.859074056148529
1769716277.5796905,10.721359252929688,3.561384677886963,11.037227630615234,2.778198719024658,0.8444840312004089
1769716277.5998862,10.744776725769043,3.5673727989196777,11.033181190490723,2.7874507904052734,0.8315379619598389
1769716277.6194997,10.799466133117676,3.581155776977539,11.088788986206055,2.8232603073120117,0.8112417459487915
1769716277.639718,10.85422134399414,3.5946731567382812,11.134204864501953,2.809086322784424,0.8339886665344238
1769716277.659238,10.901206016540527,3.6060476303100586,11.182073593139648,2.8389575481414795,0.8168925642967224
1769716277.6794465,11.003166198730469,3.6300206184387207,11.250539779663086,2.8430776596069336,0.8249080181121826
1769716277.6995897,11.073878288269043,3.64607834815979,11.322787284851074,2.886016607284546,0.7997807860374451
1769716277.7193346,11.13681697845459,3.6599807739257812,11.3666410446167,2.865715980529785,0.8268468976020813
1769716277.7398167,11.199831008911133,3.6735336780548096,11.431160926818848,2.9025516510009766,0.8049390316009521
1769716277.7594056,11.231366157531738,3.6801788806915283,11.4715576171875,2.925246477127075,0.7922214865684509
1769716277.7801127,11.310283660888672,3.696408748626709,11.503497123718262,2.8811397552490234,0.8378514051437378
1769716277.7995727,11.349783897399902,3.704318046569824,11.536328315734863,2.8994901180267334,0.8261638283729553
1769716277.8198617,11.405129432678223,3.715160846710205,11.593177795410156,2.929856300354004,0.8075055480003357
1769716277.8393152,11.468445777893066,3.7272229194641113,11.63784408569336,2.9635798931121826,0.7822061777114868
1769716277.8596756,11.476365089416504,3.728706121444702,11.645989418029785,2.9677975177764893,0.7795858979225159
1769716277.879706,11.547683715820312,3.7418060302734375,11.71677303314209,2.944647789001465,0.8148941397666931
1769716277.8998897,11.627019882202148,3.755838632583618,11.790343284606934,2.981257677078247,0.7916121482849121
1769716277.919275,11.714400291442871,3.7706379890441895,11.845817565917969,2.9797728061676025,0.8017094135284424
1769716277.9393866,11.746203422546387,3.7758538722991943,11.878643989562988,2.9953463077545166,0.7916645407676697
1769716277.959356,11.801891326904297,3.784769296646118,11.910799980163574,2.96636700630188,0.8256168961524963
1769716277.97977,11.88152027130127,3.7970356941223145,11.972436904907227,3.0087509155273438,0.793510377407074
1769716277.9995084,11.945282936096191,3.806450605392456,12.038411140441895,3.0380728244781494,0.7740007638931274
1769716278.0195413,12.02505874633789,3.817720890045166,12.08871841430664,3.0055153369903564,0.8146964311599731
1769716278.039496,12.080946922302246,3.82528018951416,12.146648406982422,3.0299620628356934,0.7980272769927979
1769716278.0594025,12.136872291564941,3.8325676918029785,12.178997039794922,3.045009136199951,0.7886844873428345
1769716278.0792937,12.184835433959961,3.8385977745056152,12.228779792785645,3.0651659965515137,0.7746790647506714
1769716278.099389,12.23282241821289,3.8444278240203857,12.262116432189941,3.0613701343536377,0.78360515832901
1769716278.1192887,12.304848670959473,3.852797508239746,12.336977005004883,3.0904133319854736,0.7630609273910522
1769716278.1393256,12.35289478302002,3.8581275939941406,12.386951446533203,3.109334945678711,0.7495666742324829
1769716278.1592684,12.416991233825684,3.8649239540100098,12.420413970947266,3.105060577392578,0.7598710060119629
1769716278.1794143,12.473106384277344,3.8705813884735107,12.456975936889648,3.05149245262146,0.8192477226257324
1769716278.1997156,12.513204574584961,3.8744564056396484,12.49876880645752,3.0662600994110107,0.8083252906799316
1769716278.219248,12.553317070007324,3.87819242477417,12.526043891906738,3.0610294342041016,0.8176178932189941
1769716278.2397451,12.617524147033691,3.883880853652954,12.593039512634277,3.0837619304656982,0.8004934191703796
1769716278.259488,12.68979549407959,3.889854669570923,12.654635429382324,3.089512586593628,0.8011139631271362
1769716278.279821,12.762103080749512,3.895378589630127,12.73021411895752,3.113558292388916,0.7824702262878418
1769716278.2992578,12.83444595336914,3.90045428276062,12.722939491271973,3.1461846828460693,0.7624671459197998
1769716278.3197067,12.930951118469238,3.9065256118774414,12.824003219604492,3.1759848594665527,0.7383275032043457
1769716278.3393517,13.003361701965332,3.9105541706085205,12.86620807647705,3.1291000843048096,0.7933987975120544
1769716278.359311,13.0677490234375,3.91375732421875,12.915239334106445,3.1638050079345703,0.7653022408485413
1769716278.3793118,13.116050720214844,3.915926456451416,12.96595287322998,3.1772031784057617,0.7538177371025085
1769716278.399373,13.164361000061035,3.917895555496216,12.983243942260742,3.148273229598999,0.7906466126441956
1769716278.4192555,13.212679862976074,3.9196648597717285,13.034034729003906,3.160980463027954,0.7794332504272461
1769716278.4393368,13.252951622009277,3.9209866523742676,13.049838066101074,3.147094964981079,0.8001019954681396
1769716278.4592824,13.301283836364746,3.922389268875122,13.100696563720703,3.159169912338257,0.7891380786895752
1769716278.4792683,13.349621772766113,3.9235920906066895,13.130166053771973,3.159040689468384,0.7954243421554565
1769716278.49932,13.406022071838379,3.9247426986694336,13.189583778381348,3.1722917556762695,0.7829613089561462
1769716278.5197544,13.478546142578125,3.9258224964141846,13.266042709350586,3.18864107131958,0.7671986222267151
1769716278.53945,13.55107593536377,3.926452159881592,13.342568397521973,3.204218626022339,0.7517290115356445
1769716278.5596302,13.5752534866333,3.9265620708465576,13.336692810058594,3.1375510692596436,0.8242872357368469
1769716278.5792594,13.647787094116211,3.9265923500061035,13.413300514221191,3.152101516723633,0.8092096447944641
1769716278.5993679,13.704202651977539,3.926305055618286,13.457429885864258,3.152090549468994,0.8125916123390198
1769716278.6193602,13.792852401733398,3.9253039360046387,13.551178932189941,3.168107271194458,0.7948288917541504
1769716278.6394155,13.817028999328613,3.924914598464966,13.570810317993164,3.1792819499969482,0.785233199596405
1769716278.6595054,13.913724899291992,3.9228572845458984,13.673171997070312,3.195125102996826,0.7664591073989868
1769716278.6795087,13.954010009765625,3.921764373779297,13.655427932739258,3.2040040493011475,0.7773868441581726
1769716278.6995432,14.058732986450195,3.91827392578125,13.766406059265137,3.2190654277801514,0.7578570246696472
1769716278.7194102,14.082895278930664,3.9173355102539062,13.789214134216309,3.1957356929779053,0.7790728807449341
1769716278.7392433,14.147318840026855,3.9145889282226562,13.857535362243652,3.2040233612060547,0.7673839330673218
1769716278.759258,14.179525375366211,3.9130828380584717,13.876163482666016,3.2005207538604736,0.7744502425193787
1769716278.7794795,14.243926048278809,3.909804582595825,13.944499015808105,3.2079527378082275,0.7630549073219299
1769716278.7993457,14.26002311706543,3.9089295864105225,13.939461708068848,3.2042458057403564,0.7741702795028687
1769716278.819379,14.356582641601562,3.903215169906616,14.041970252990723,3.214136838912964,0.7575021982192993
1769716278.8392832,14.404844284057617,3.900059223175049,14.092031478881836,3.2151007652282715,0.7530074119567871
1769716278.8593159,14.493290901184082,3.893756151199341,14.185983657836914,3.2225351333618164,0.7382243871688843
1769716278.8793414,14.501328468322754,3.8931498527526855,14.125188827514648,3.2294600009918213,0.7628665566444397
1769716278.899323,14.61382007598877,3.8840832710266113,14.244726181030273,3.237375497817993,0.7446216940879822
1769716278.919651,14.6298828125,3.882699728012085,14.261797904968262,3.2383785247802734,0.7420488595962524
1769716278.93943,14.718196868896484,3.874695301055908,14.353216171264648,3.2141940593719482,0.7546340823173523
1769716278.9596853,14.758318901062012,3.870836019515991,14.38242244720459,3.204073667526245,0.7654218077659607
1769716278.979863,14.78238582611084,3.8684544563293457,14.408008575439453,3.205151319503784,0.7616623640060425
1769716278.999615,14.870590209960938,3.859297275543213,14.46960735321045,3.2595808506011963,0.7214204668998718
1769716279.0196846,14.934696197509766,3.8522188663482666,14.53777027130127,3.261490821838379,0.7116948366165161
1769716279.039449,15.02277660369873,3.8419110774993896,14.577817916870117,3.2783737182617188,0.7180265784263611
1769716279.0596766,15.07078742980957,3.836007833480835,14.628870964050293,3.2790608406066895,0.7109717726707458
1769716279.0794666,15.158744812011719,3.824671745300293,14.732840538024902,3.283428192138672,0.6887227296829224
1769716279.099473,15.214673042297363,3.8171119689941406,14.792306900024414,3.2834367752075195,0.6805897355079651
1769716279.11926,15.294507026672363,3.8058457374572754,14.86192798614502,3.2720963954925537,0.687032163143158
1769716279.139391,15.358319282531738,3.796437978744507,14.929762840270996,3.271259069442749,0.6778448224067688
1769716279.1596835,15.414112091064453,3.78791880607605,14.976541519165039,3.282776355743408,0.6683088541030884
1769716279.1794202,15.453938484191895,3.7816693782806396,15.018869400024414,3.281869649887085,0.662635087966919
1769716279.1993916,15.509660720825195,3.772690773010254,15.044075012207031,3.3090763092041016,0.6570451855659485
1769716279.2196214,15.557388305664062,3.7647814750671387,15.095963478088379,3.3086984157562256,0.6487873196601868
1769716279.2393954,15.597136497497559,3.758040189743042,15.129742622375488,3.3075807094573975,0.6491307616233826
1769716279.2597263,15.668625831604004,3.7455620765686035,15.151693344116211,3.316521167755127,0.6717847585678101
1769716279.27938,15.73210620880127,3.734099864959717,15.219104766845703,3.313697576522827,0.6632556915283203
1769716279.2994344,15.78760051727295,3.7237844467163086,15.278022766113281,3.3109822273254395,0.6558010578155518
1769716279.3196552,15.827208518981934,3.7162530422210693,15.317806243896484,3.3266398906707764,0.6413180828094482
1769716279.3392725,15.898438453674316,3.7023539543151855,15.351062774658203,3.3102993965148926,0.6732957363128662
1769716279.3600276,15.945878028869629,3.692843437194824,15.40139389038086,3.3074352741241455,0.6670847535133362
1769716279.3796866,16.001174926757812,3.6815009117126465,15.508942604064941,3.3206968307495117,0.6103046536445618
1769716279.3995268,16.06430435180664,3.668212890625,15.575884819030762,3.3164291381835938,0.6019176840782166
1769716279.4195764,16.119482040405273,3.656301736831665,15.606523513793945,3.316051959991455,0.6155449151992798
1769716279.439362,16.174602508544922,3.644125461578369,15.664938926696777,3.311938524246216,0.6083627939224243
1769716279.4597206,16.237525939941406,3.62988543510437,15.720799446105957,3.3383524417877197,0.5932949781417847
1769716279.4792824,16.32391929626465,3.6097419261932373,15.812284469604492,3.3312456607818604,0.5825197696685791
1769716279.4992347,16.394489288330078,3.5927765369415283,15.874539375305176,3.3283751010894775,0.5833140015602112
1769716279.51929,16.472776412963867,3.573416233062744,15.928799629211426,3.3307032585144043,0.5956678986549377
1769716279.539405,16.519683837890625,3.5615427494049072,15.978410720825195,3.3263258934020996,0.5901725888252258
1769716279.559336,16.566543579101562,3.549476385116577,15.995332717895508,3.332028865814209,0.6111995577812195
1769716279.5795052,16.628944396972656,3.5330886840820312,16.061290740966797,3.3259146213531494,0.6042774319648743
1769716279.5994475,16.683469772338867,3.5184688568115234,16.107683181762695,3.3287558555603027,0.6062353849411011
1769716279.6194499,16.714597702026367,3.509997606277466,16.140565872192383,3.325571060180664,0.6029303073883057
1769716279.6394765,16.769012451171875,3.494967460632324,16.187931060791016,3.3308541774749756,0.6038117408752441
1769716279.6595137,16.800073623657227,3.4862618446350098,16.22072982788086,3.3275704383850098,0.6006860136985779
1769716279.67961,16.87762451171875,3.464125633239746,16.31076431274414,3.3183674812316895,0.5852989554405212
1769716279.6993694,16.91634178161621,3.4528584480285645,16.363624572753906,3.3170268535614014,0.5691619515419006
1769716279.719427,17.02454376220703,3.4206063747406006,16.47776222229004,3.30487322807312,0.5588942766189575
1769716279.7397413,17.055400848388672,3.411201000213623,16.509098052978516,3.3114383220672607,0.5553365349769592
1769716279.7595055,17.155508041381836,3.3800508975982666,16.60171890258789,3.314321994781494,0.5576773881912231
1769716279.779517,17.17088508605957,3.3751795291900635,16.617923736572266,3.3125054836273193,0.556502103805542
1769716279.7992723,17.255334854125977,3.3480112552642822,16.70060920715332,3.2871525287628174,0.5580539107322693
1769716279.819609,17.308969497680664,3.3303916454315186,16.757108688354492,3.2806527614593506,0.5540981888771057
1769716279.8398902,17.377803802490234,3.3073606491088867,16.823713302612305,3.2860734462738037,0.5544977784156799
1769716279.8592486,17.431241989135742,3.2891547679901123,16.87194061279297,3.280393362045288,0.559369683265686
1769716279.8794153,17.469358444213867,3.275994062423706,16.889381408691406,3.293443202972412,0.5802391767501831
1769716279.8993182,17.522645950317383,3.257349967956543,16.94548225402832,3.2867422103881836,0.5779104232788086
1769716279.9196372,17.560653686523438,3.2438766956329346,16.96462631225586,3.3000576496124268,0.5986676812171936
1769716279.939507,17.63652801513672,3.2165403366088867,17.04450225830078,3.2903802394866943,0.5966134071350098
1769716279.9595447,17.697093963623047,3.194298505783081,17.124879837036133,3.2675063610076904,0.5768787264823914
1769716279.9797542,17.765085220336914,3.168881416320801,17.196456909179688,3.258702278137207,0.5756774544715881
1769716279.999232,17.825387954711914,3.14593768119812,17.234638214111328,3.271392583847046,0.6039252281188965
1769716280.0200636,17.8780517578125,3.1255922317504883,17.29009246826172,3.2644989490509033,0.6041437983512878
1769716280.039388,17.93811798095703,3.10203218460083,17.38155174255371,3.240769386291504,0.5735968947410583
1769716280.0594473,17.99805450439453,3.0781443119049072,17.4446964263916,3.2328600883483887,0.5745799541473389
1769716280.0793743,18.050390243530273,3.056974411010742,17.507722854614258,3.224942207336426,0.568069338798523
1769716280.0993257,18.11753273010254,3.029388666152954,17.532743453979492,3.2305126190185547,0.618409276008606
1769716280.1192958,18.17707061767578,3.0045220851898193,17.595539093017578,3.222593307495117,0.6210749745368958
1769716280.1392565,18.19936180114746,2.9951136112213135,17.6046199798584,3.213059663772583,0.6334180235862732
1769716280.1594489,18.2883358001709,2.9570229053497314,17.698543548583984,3.201199531555176,0.6383384466171265
1769716280.1795025,18.303133010864258,2.950603723526001,17.751766204833984,3.1842081546783447,0.598813533782959
1769716280.1994052,18.406476974487305,2.905104398727417,17.860992431640625,3.170422315597534,0.6065851449966431
1769716280.219552,18.435922622680664,2.891923427581787,17.893346786499023,3.1852610111236572,0.6167942881584167
1769716280.2392828,18.5533447265625,2.83839750289917,18.009912490844727,3.170602321624756,0.6369293928146362
1769716280.259308,18.567981719970703,2.8316166400909424,18.008113861083984,3.13920259475708,0.6387961506843567
1769716280.2794101,18.648317337036133,2.7939655780792236,18.09334945678711,3.1285367012023926,0.648017168045044
1769716280.2993982,18.68474006652832,2.7766523361206055,18.13187599182129,3.14108943939209,0.6621726155281067
1769716280.3197014,18.735631942749023,2.7522051334381104,18.18597984313965,3.134361505508423,0.6694480180740356
1769716280.3394952,18.779159545898438,2.7310571670532227,18.228097915649414,3.095893621444702,0.660889208316803
1769716280.3596058,18.822601318359375,2.709731340408325,18.26665687561035,3.091132402420044,0.6741958856582642
1769716280.379864,18.880386352539062,2.6810202598571777,18.329809188842773,3.1020312309265137,0.6930987238883972
1769716280.3993309,18.945207595825195,2.648344039916992,18.399051666259766,3.0935637950897217,0.704632580280304
1769716280.4192266,18.995485305786133,2.6226541996002197,18.444129943847656,3.0811965465545654,0.7171143889427185
1769716280.4397333,19.024160385131836,2.6078665256500244,18.474843978881836,3.0774779319763184,0.7226911187171936
1769716280.4593685,19.081388473510742,2.578056812286377,18.553911209106445,3.0568313598632812,0.7123593688011169
1769716280.4793017,19.16692352294922,2.53275728225708,18.631324768066406,3.013073205947876,0.7194231748580933
1769716280.4993584,19.223739624023438,2.502169132232666,18.692546844482422,3.0058257579803467,0.7320080399513245
1769716280.5194223,19.273317337036133,2.4751505851745605,18.78487777709961,2.9833078384399414,0.7048377990722656
1769716280.5394824,19.343915939331055,2.4361419677734375,18.86127281188965,2.974404811859131,0.7229602932929993
1769716280.5592456,19.38614845275879,2.412506103515625,18.903535842895508,2.933093786239624,0.7098782062530518
1769716280.5792568,19.442306518554688,2.3807225227355957,18.96456527709961,2.9260940551757812,0.7250288128852844
1769716280.599364,19.470319747924805,2.364716053009033,18.98387336730957,2.915135622024536,0.7345696687698364
1769716280.6192505,19.526216506958008,2.3324735164642334,19.044843673706055,2.908236503601074,0.7504815459251404
1769716280.6392727,19.56106185913086,2.312167167663574,19.084346771240234,2.8920743465423584,0.7507001757621765
1769716280.6600432,19.602785110473633,2.28764271736145,19.130037307739258,2.8869762420654297,0.7633429765701294
1769716280.6793938,19.630544662475586,2.271198272705078,19.161848068237305,2.8712823390960693,0.7614320516586304
1769716280.6995273,19.658260345458984,2.2546780109405518,19.192291259765625,2.867922306060791,0.770191490650177
1769716280.7198122,19.7204532623291,2.217230796813965,19.253149032592773,2.849513292312622,0.7862269282341003
1769716280.7395961,19.75490379333496,2.1962618827819824,19.291183471679688,2.845386505126953,0.7977473139762878
1769716280.759407,19.78241539001465,2.1794023513793945,19.308889389038086,2.8319666385650635,0.8062667846679688
1769716280.7795212,19.837295532226562,2.1454575061798096,19.369722366333008,2.8254554271698,0.825241208076477
1769716280.7994688,19.898815155029297,2.10691237449646,19.43071746826172,2.778369426727295,0.8185169696807861
1769716280.8196552,19.96689224243164,2.063642978668213,19.50673484802246,2.77042555809021,0.8433780074119568
1769716280.839302,20.02790641784668,2.0243053436279297,19.571584701538086,2.7484326362609863,0.8559145927429199
1769716280.8593478,20.102148056030273,1.9757194519042969,19.65163230895996,2.697748899459839,0.8510527610778809
1769716280.8793976,20.169322967529297,1.931069016456604,19.727663040161133,2.6901230812072754,0.8781947493553162
1769716280.8994093,20.216163635253906,1.8995418548583984,19.763084411621094,2.642458438873291,0.8701750636100769
1769716280.9196246,20.249526977539062,1.8768858909606934,19.801115036010742,2.638718843460083,0.8840038180351257
1769716280.939235,20.27616310119629,1.8586794137954712,19.835880279541016,2.5896365642547607,0.8533154726028442
1769716280.9594612,20.30938720703125,1.8358192443847656,19.873924255371094,2.5859408378601074,0.8673588037490845
1769716280.9794295,20.33591079711914,1.817449688911438,19.90436363220215,2.5830013751983643,0.8788071274757385
1769716280.9993749,20.382205963134766,1.7851293087005615,19.9709415435791,2.5836870670318604,0.898238480091095
1769716281.019333,20.395402908325195,1.7758543491363525,19.992460250854492,2.537122964859009,0.8613324165344238
1769716281.0395517,20.487436294555664,1.710427165031433,20.099102020263672,2.5270626544952393,0.9042661190032959
1769716281.0595486,20.513614654541016,1.6915725469589233,20.11843490600586,2.5016117095947266,0.9012940526008606
1769716281.07929,20.57883644104004,1.6441243886947632,20.194684982299805,2.4945578575134277,0.9331720471382141
1769716281.0999374,20.624298095703125,1.6106466054916382,20.248092651367188,2.4896650314331055,0.9561405181884766
1769716281.119279,20.68896484375,1.5624454021453857,20.31586456298828,2.4007644653320312,0.9175960421562195
1769716281.139544,20.74045753479004,1.5235675573349,20.381282806396484,2.371429920196533,0.9208025932312012
1769716281.1600027,20.804523468017578,1.4745759963989258,20.457746505737305,2.364610195159912,0.9552046656608582
1769716281.1796398,20.861896514892578,1.4301105737686157,20.511878967285156,2.273298978805542,0.9129502177238464
1769716281.199394,20.89999008178711,1.4002716541290283,20.557830810546875,2.2692573070526123,0.9339215755462646
1769716281.2194219,20.937963485717773,1.3702768087387085,20.610340118408203,2.2595431804656982,0.947698175907135
1769716281.2395313,20.969511032104492,1.3451625108718872,20.648677825927734,2.256197214126587,0.9658772945404053
1769716281.2595878,21.00725555419922,1.3148833513259888,20.694713592529297,2.204857110977173,0.9432579874992371
1769716281.279429,21.069887161254883,1.2640753984451294,20.771501541137695,2.1982016563415527,0.980625331401825
1769716281.299416,21.119739532470703,1.2231216430664062,20.78525161743164,2.140293598175049,0.9762614369392395
1769716281.3193312,21.175552368164062,1.176723837852478,20.854496002197266,2.134324550628662,1.0099883079528809
1769716281.3392515,21.224924087524414,1.135193943977356,20.91579818725586,2.063093662261963,0.978037416934967
1769716281.3595312,21.280193328857422,1.0881508588790894,20.97990608215332,2.0000557899475098,0.9600746035575867
1769716281.379439,21.322978973388672,1.0513273477554321,21.033926010131836,1.9954005479812622,0.9873329401016235
1769716281.3993716,21.389856338500977,0.9930484890937805,21.103458404541016,1.9157322645187378,0.966110348701477
1769716281.419476,21.408018112182617,0.9770668148994446,21.12665557861328,1.9137237071990967,0.978003740310669
1769716281.4396677,21.43218421936035,0.9556997418403625,21.16533660888672,1.9103683233261108,0.9912611842155457
1769716281.4592378,21.456289291381836,0.9342664480209351,21.18595314025879,1.8972831964492798,1.0002413988113403
1769716281.4800122,21.492340087890625,0.9019925594329834,21.229528427124023,1.8115302324295044,0.9467461705207825
1769716281.4992971,21.54616355895996,0.8533040285110474,21.291549682617188,1.8060935735702515,0.9862231016159058
1769716281.5199044,21.605613708496094,0.7988166809082031,21.35894775390625,1.74550461769104,0.9782955646514893
1769716281.539283,21.652904510498047,0.7549336552619934,21.421112060546875,1.7399647235870361,1.0119355916976929
1769716281.5593317,21.688213348388672,0.7218512892723083,21.446624755859375,1.6372886896133423,0.9467793107032776
1769716281.5797384,21.699953079223633,0.7107915282249451,21.462186813354492,1.6358842849731445,0.9551592469215393
1769716281.5993059,21.73508071899414,0.6775155663490295,21.508899688720703,1.6316473484039307,0.980573832988739
1769716281.6193588,21.775888442993164,0.638511061668396,21.56890106201172,1.5985403060913086,0.9820894002914429
1769716281.639739,21.828079223632812,0.588074803352356,21.602787017822266,1.620139718055725,1.056368350982666
1769716281.6593604,21.897178649902344,0.5203261375427246,21.696504592895508,1.611316204071045,1.1092925071716309
1769716281.679347,21.925806045532227,0.4919297695159912,21.735591888427734,1.6075812578201294,1.1317507028579712
1769716281.6996534,21.988439559936523,0.42911240458488464,21.821208953857422,1.4962167739868164,1.0801286697387695
1769716281.7195165,22.033693313598633,0.38313043117523193,21.881078720092773,1.399670124053955,1.0279319286346436
1769716281.7392476,22.073081970214844,0.342692494392395,21.935964584350586,1.3941609859466553,1.0603711605072021
1769716281.759258,22.123437881469727,0.29042303562164307,21.968311309814453,1.3300470113754272,1.0511335134506226
1769716281.7794235,22.162378311157227,0.24955405294895172,22.02329444885254,1.3243272304534912,1.0837349891662598
1769716281.7994313,22.195598602294922,0.2143745720386505,22.069446563720703,1.2028578519821167,0.9965007305145264
1769716281.8195543,22.217666625976562,0.19084550440311432,22.10090446472168,1.1994940042495728,1.015384316444397
1769716281.8398855,22.24515724182129,0.16134889423847198,22.10654067993164,1.1631304025650024,1.0113264322280884
1769716281.8595216,22.283475875854492,0.11989504843950272,22.161649703979492,1.1570794582366943,1.0443148612976074
1769716281.8796039,22.305282592773438,0.09612439572811127,22.20684814453125,1.091915488243103,1.0006444454193115
