timestamp,true_x,true_y,pred_x,pred_y,dist_error
1769518300.3732436,1.000017762184143,-6.502659320831299,-3.8428003787994385,-6.8042683601379395,4.852201461791992
1769518300.3929105,1.0000547170639038,-6.501708030700684,0.2869721055030823,-6.58308219909668,0.7177106738090515
1769518300.413034,1.0000890493392944,-6.4988694190979,0.29346373677253723,-6.5827436447143555,0.7115857005119324
1769518300.4332,1.0001229047775269,-6.497028827667236,0.39040321111679077,-6.584706783294678,0.6159915328025818
1769518300.4530647,1.0002143383026123,-6.4936041831970215,0.3970554769039154,-6.584361553192139,0.6099488139152527
1769518300.4728966,1.0003949403762817,-6.488607883453369,0.42663198709487915,-6.585458278656006,0.5818796157836914
1769518300.4929368,1.000580906867981,-6.4843854904174805,0.4333617687225342,-6.585111141204834,0.5760931372642517
1769518300.5129983,1.0009922981262207,-6.476509094238281,0.7689605951309204,-6.589701175689697,0.25816893577575684
1769518300.5328476,1.0014023780822754,-6.469705104827881,0.8454862236976624,-6.601226329803467,0.20397956669330597
1769518300.553027,1.0020002126693726,-6.460803985595703,0.8530454039573669,-6.600930213928223,0.20450669527053833
1769518300.5729413,1.0028514862060547,-6.449368476867676,0.9491974115371704,-6.593885898590088,0.1541559249162674
1769518300.592989,1.0030936002731323,-6.446300029754639,0.9572528600692749,-6.593551158905029,0.15422144532203674
1769518300.612937,1.0040363073349,-6.434900283813477,1.4412074089050293,-6.579021453857422,0.4603145718574524
1769518300.6329098,1.0048032999038696,-6.4261298179626465,1.451107144355774,-6.578639030456543,0.47164201736450195
1769518300.6527805,1.006975531578064,-6.402942657470703,1.2397406101226807,-6.5792717933654785,0.29201313853263855
1769518300.6729293,1.0086939334869385,-6.385803699493408,1.2485004663467407,-6.578904628753662,0.30788809061050415
1769518300.6928582,1.0114266872406006,-6.360032558441162,0.9029834270477295,-6.559146881103516,0.22672989964485168
1769518300.7128742,1.0131046772003174,-6.344894886016846,0.909903883934021,-6.558661460876465,0.23737424612045288
1769518300.7328558,1.016207218170166,-6.317962169647217,0.9900621771812439,-6.541058540344238,0.22462348639965057
1769518300.752931,1.0179064273834229,-6.3036932945251465,0.9975396990776062,-6.540462970733643,0.23764382302761078
1769518300.7731044,1.018614411354065,-6.297835826873779,0.9711690545082092,-6.5237884521484375,0.23088029026985168
1769518300.7928848,1.0204565525054932,-6.282815456390381,0.9784101247787476,-6.5230841636657715,0.24392007291316986
1769518300.8131356,1.0236235857009888,-6.257660388946533,0.9606037139892578,-6.504252910614014,0.254518061876297
1769518300.833981,1.0257444381713867,-6.24123477935791,0.890637218952179,-6.4874491691589355,0.2808476686477661
1769518300.8529997,1.0284379720687866,-6.220807075500488,0.8969060182571411,-6.486525535583496,0.29649093747138977
1769518300.8728542,1.0327917337417603,-6.188693046569824,0.9867782592773438,-6.448437213897705,0.26378828287124634
1769518300.8930228,1.0343292951583862,-6.1775946617126465,0.9940940737724304,-6.447132110595703,0.2725239396095276
1769518300.9130437,1.0403498411178589,-6.135209083557129,0.7314770817756653,-6.464689254760742,0.45161890983581543
1769518300.9329023,1.0451207160949707,-6.102708339691162,0.7368524074554443,-6.46358060836792,0.47461390495300293
1769518300.9529357,1.0522476434707642,-6.05570650100708,0.7963680028915405,-6.41642427444458,0.4422573447227478
1769518300.9730847,1.055008053779602,-6.037949085235596,0.8021353483200073,-6.414840221405029,0.4538631737232208
1769518300.9928784,1.0608090162277222,-6.001364707946777,0.6315512657165527,-6.3625168800354,0.5609750747680664
1769518301.0131116,1.0662007331848145,-5.968181610107422,0.6362740397453308,-6.360403537750244,0.5819581151008606
1769518301.03349,1.0744355916976929,-5.918874740600586,0.5855663418769836,-6.3076887130737305,0.6246352791786194
1769518301.0531704,1.0805870294570923,-5.883026123046875,0.5901166796684265,-6.30509614944458,0.6470736265182495
1769518301.0729961,1.0861220359802246,-5.851422309875488,0.4326815903186798,-6.257424354553223,0.7692997455596924
1769518301.0933788,1.0948925018310547,-5.802496910095215,0.4366605579853058,-6.254196643829346,0.7983120679855347
1769518301.112963,1.0989760160446167,-5.780165672302246,0.6322183609008789,-6.221823215484619,0.6425917148590088
1769518301.1328056,1.1130539178848267,-5.705096244812012,0.6410500407218933,-6.2183122634887695,0.6972652077674866
1769518301.1529567,1.1176302433013916,-5.6812310218811035,0.6461989879608154,-6.214766979217529,0.7119749784469604
1769518301.1728277,1.128353238105774,-5.626219749450684,0.3992140591144562,-6.146771430969238,0.8958895206451416
1769518301.192829,1.1308180093765259,-5.613748073577881,0.6199528574943542,-6.085496425628662,0.6953629851341248
1769518301.2130342,1.1409835815429688,-5.562969207763672,0.6277583837509155,-6.080438137054443,0.7288169264793396
1769518301.232969,1.1502907276153564,-5.517367362976074,0.6976582407951355,-6.080188274383545,0.7222490906715393
1769518301.253011,1.1628366708755493,-5.457137584686279,0.7080949544906616,-6.075154781341553,0.7672907114028931
1769518301.2729397,1.1671605110168457,-5.4366631507873535,0.6686637997627258,-5.99124002456665,0.7456908226013184
1769518301.2931688,1.1836097240447998,-5.359898567199707,0.681286096572876,-5.9850921630859375,0.8019952178001404
1769518301.3129423,1.1914012432098389,-5.32413387298584,0.5561104416847229,-5.949400901794434,0.8913769721984863
1769518301.3331482,1.2042903900146484,-5.265789031982422,0.5653883218765259,-5.942879676818848,0.9309389591217041
1769518301.3529327,1.2143065929412842,-5.221131324768066,0.5179266333580017,-5.839759349822998,0.9314748644828796
1769518301.3730855,1.222883701324463,-5.18333101272583,0.5240513682365417,-5.8318610191345215,0.9533929824829102
1769518301.393357,1.2316726446151733,-5.145011901855469,0.6150446534156799,-5.77727746963501,0.8831701874732971
1769518301.4131124,1.2499028444290161,-5.067287445068359,0.6295148730278015,-5.768864631652832,0.9365320801734924
1769518301.4332163,1.263145923614502,-5.012542724609375,0.7936616539955139,-5.760494232177734,0.8830894827842712
1769518301.4531848,1.27671480178833,-4.957737922668457,0.8094373941421509,-5.751923561096191,0.9214548468589783
1769518301.4730532,1.2986464500427246,-4.871676921844482,0.6306498646736145,-5.710684299468994,1.0724515914916992
1769518301.4929433,1.3171436786651611,-4.801384925842285,0.6469823718070984,-5.701716899871826,1.1223698854446411
1769518301.512875,1.3382617235183716,-4.723416328430176,0.655974805355072,-5.598328113555908,1.109498143196106
1769518301.5328968,1.3512086868286133,-4.676700592041016,0.6684437990188599,-5.5878143310546875,1.1385499238967896
1769518301.552946,1.3732399940490723,-4.59895133972168,0.6898707747459412,-5.577314376831055,1.1933932304382324
1769518301.5729904,1.3889962434768677,-4.544610977172852,1.2066097259521484,-5.41726541519165,0.8915106654167175
1769518301.5929816,1.402719497680664,-4.498089790344238,1.41301429271698,-5.319176197052002,0.821150541305542
1769518301.6129372,1.4166442155838013,-4.451623439788818,1.5003153085708618,-5.220962047576904,0.7738752365112305
1769518301.6328595,1.428401231765747,-4.412943363189697,1.5252408981323242,-5.2053446769714355,0.7982968091964722
1769518301.6527934,1.4426923990249634,-4.366579055786133,1.8315494060516357,-5.143434047698975,0.8687425255775452
1769518301.6729963,1.4571815729141235,-4.3202714920043945,1.8646318912506104,-5.126978397369385,0.9037655591964722
1769518301.6930196,1.464500069618225,-4.2971391677856445,1.8787795305252075,-5.072264194488525,0.878889262676239
1769518301.7131402,1.481766939163208,-4.243220806121826,1.9181691408157349,-5.055197238922119,0.9218204021453857
1769518301.7332153,1.5018250942230225,-4.181697845458984,1.6143442392349243,-5.027535438537598,0.8532888293266296
1769518301.7528796,1.5145360231399536,-4.143300533294678,1.637455940246582,-5.010542869567871,0.8759098649024963
1769518301.772896,1.54296875,-4.058976650238037,1.4580165147781372,-4.9629950523376465,0.9080010056495667
1769518301.7929244,1.5587471723556519,-4.013070583343506,1.4850366115570068,-4.945255279541016,0.9350943565368652
1769518301.813362,1.5747144222259521,-3.9672279357910156,1.683674931526184,-4.9086456298828125,0.947702169418335
1769518301.8329852,1.5962958335876465,-3.906205654144287,1.7217713594436646,-4.8907012939453125,0.9924597144126892
1769518301.8529916,1.6265108585357666,-3.82249116897583,1.8095157146453857,-4.767740249633789,0.9628013968467712
1769518301.872945,1.6516937017440796,-3.7541661262512207,1.8546627759933472,-4.747814178466797,1.0141661167144775
1769518301.8930566,1.6801576614379883,-3.6784307956695557,1.754235863685608,-4.597099304199219,0.9216504693031311
1769518301.912823,1.6916847229003906,-3.648190975189209,1.7787562608718872,-4.575162410736084,0.9310519099235535
1769518301.9328723,1.7062066793441772,-3.6104354858398438,1.8078174591064453,-4.552909851074219,0.9479360580444336
1769518301.9530337,1.7179145812988281,-3.5802669525146484,1.8601347208023071,-4.567715644836426,0.9976381063461304
1769518301.9732924,1.7415698766708374,-3.5200257301330566,1.9036085605621338,-4.545621395111084,1.0383174419403076
1769518301.993068,1.7655434608459473,-3.4599149227142334,2.2911722660064697,-4.521180629730225,1.1843018531799316
1769518302.0128555,1.783731460571289,-3.4149181842803955,2.322957992553711,-4.454476833343506,1.171088457107544
1769518302.0330994,1.7990236282348633,-3.3774781227111816,2.369621753692627,-4.356705188751221,1.1333434581756592
1769518302.0528944,1.8237465620040894,-3.3176841735839844,2.4223861694335938,-4.332906246185303,1.1785776615142822
1769518302.0728984,1.8487827777862549,-3.258026599884033,2.4650583267211914,-4.22900390625,1.1500402688980103
1769518302.0929606,1.877321481704712,-3.1910781860351562,2.5248286724090576,-4.2034101486206055,1.2016994953155518
1769518302.1129742,1.906253695487976,-3.124307870864868,2.6445186138153076,-4.041611671447754,1.1774893999099731
1769518302.1328337,1.9290274381637573,-3.072500705718994,2.7024381160736084,-4.013601779937744,1.218127727508545
1769518302.1532812,1.9487361907958984,-3.0281827449798584,2.6539549827575684,-3.947202205657959,1.1584171056747437
1769518302.173212,1.9752843379974365,-2.9692203998565674,2.711789608001709,-3.918412923812866,1.201418399810791
1769518302.1928272,2.005518674850464,-2.9030654430389404,2.7483038902282715,-3.8796465396881104,1.226963996887207
1769518302.212957,2.0361416339874268,-2.8371007442474365,2.813570261001587,-3.850095272064209,1.2769311666488647
1769518302.2331462,2.046435594558716,-2.815155267715454,2.849186420440674,-3.7512013912200928,1.23312246799469
1769518302.2528727,2.070621967315674,-2.764033555984497,2.9039883613586426,-3.7209131717681885,1.2689043283462524
1769518302.273107,2.088041067123413,-2.727590799331665,2.8831441402435303,-3.691112995147705,1.2492252588272095
1769518302.2929113,2.112628698348999,-2.676673412322998,2.9380996227264404,-3.6603927612304688,1.2841752767562866
1769518302.3129992,2.1232376098632812,-2.65488862991333,2.9690778255462646,-3.630110740661621,1.2909313440322876
1769518302.3331306,2.133889675140381,-2.6331262588500977,2.916080951690674,-3.582909345626831,1.2304109334945679
1769518302.3532383,2.1769258975982666,-2.54630184173584,2.98891544342041,-3.5318965911865234,1.2769980430603027
1769518302.3728814,2.209652900695801,-2.4814229011535645,3.057279109954834,-3.5001542568206787,1.3252484798431396
1769518302.3929474,2.2464675903320312,-2.4095795154571533,3.131638526916504,-3.340074300765991,1.2842694520950317
1769518302.4134305,2.291271924972534,-2.323711395263672,3.222818613052368,-3.3037285804748535,1.352114200592041
1769518302.4328294,2.317723274230957,-2.2737975120544434,3.265279531478882,-3.1712424755096436,1.3050940036773682
1769518302.4528418,2.3520734310150146,-2.20981502532959,3.3378543853759766,-3.134092330932617,1.3513151407241821
1769518302.4729607,2.390690326690674,-2.1389801502227783,3.40697979927063,-2.9646520614624023,1.3094191551208496
1769518302.4929569,2.4258499145507812,-2.075463056564331,3.481414794921875,-2.9245553016662598,1.3546863794326782
1769518302.512942,2.4455485343933105,-2.0402724742889404,3.4580349922180176,-2.877854347229004,1.3140289783477783
1769518302.532844,2.4693429470062256,-1.9981356859207153,3.468670129776001,-2.7916171550750732,1.2760359048843384
1769518302.552947,2.4893012046813965,-1.9630987644195557,3.5135116577148438,-2.7515523433685303,1.2925423383712769
1769518302.572967,2.5053529739379883,-1.9351201057434082,3.5512163639068604,-2.7118070125579834,1.3027174472808838
1769518302.5929072,2.5255236625671387,-1.9002104997634888,3.445133686065674,-2.7385149002075195,1.2443619966506958
1769518302.6127925,2.5498836040496826,-1.8584131002426147,3.3833630084991455,-2.6693403720855713,1.162880539894104
1769518302.632938,2.570312738418579,-1.8236608505249023,3.424360752105713,-2.6295628547668457,1.1742554903030396
1769518302.6528375,2.603243350982666,-1.7682076692581177,3.4939677715301514,-2.490612506866455,1.146847128868103
1769518302.6728737,2.619821310043335,-1.7405509948730469,3.5280277729034424,-2.4493160247802734,1.1520359516143799
1769518302.693023,2.6532018184661865,-1.685378074645996,3.5933620929718018,-2.405670166015625,1.1843657493591309
1769518302.7133653,2.678433895111084,-1.6441222429275513,3.6436564922332764,-2.3623766899108887,1.2031394243240356
1769518302.7329972,2.720860719680786,-1.575600028038025,3.4831550121307373,-2.4328842163085938,1.1471829414367676
1769518302.753203,2.737962245941162,-1.5482748746871948,3.2715415954589844,-2.424410581588745,1.0258268117904663
1769518302.773171,2.7810416221618652,-1.4801729917526245,3.3462021350860596,-2.3815815448760986,1.0639286041259766
1769518302.792949,2.807112216949463,-1.4394574165344238,3.4769723415374756,-2.2910549640655518,1.0834808349609375
1769518302.8138468,2.8465311527252197,-1.3785902261734009,3.4363272190093994,-2.1748721599578857,0.9909207820892334
1769518302.8328273,2.881885051727295,-1.324695348739624,3.496460199356079,-2.1316277980804443,1.0143189430236816
1769518302.852831,2.926492214202881,-1.257605791091919,3.582984209060669,-2.079110860824585,1.0515950918197632
1769518302.8728795,2.9489684104919434,-1.2241780757904053,3.618946075439453,-2.0358688831329346,1.0524789094924927
1769518302.8929029,2.994265079498291,-1.1575584411621094,3.606064796447754,-1.8977149724960327,0.9602763056755066
1769518302.9127953,3.0079431533813477,-1.1376341581344604,3.6238811016082764,-1.8544648885726929,0.9451062679290771
1769518302.9329162,3.05844783782959,-1.0648231506347656,3.7391858100891113,-1.7863845825195312,0.9919955134391785
1769518302.9530299,3.095524311065674,-1.0121127367019653,3.801008462905884,-1.7368762493133545,1.0114296674728394
1769518302.9734669,3.1328907012939453,-0.9596084952354431,3.79758358001709,-1.6075868606567383,0.9282739758491516
1769518302.992917,3.1658236980438232,-0.9138373732566833,3.850510835647583,-1.5580214262008667,0.9400902986526489
1769518303.0132859,3.184741497039795,-0.8877540230751038,3.8846213817596436,-1.5081437826156616,0.935262143611908
1769518303.033484,3.2037312984466553,-0.861723005771637,3.9113709926605225,-1.4599263668060303,0.9266074299812317
1769518303.0531166,3.227569341659546,-0.8292579650878906,3.9870851039886475,-1.400880217552185,0.950587272644043
1769518303.0730767,3.251519203186035,-0.7968752384185791,4.023916721343994,-1.3519372940063477,0.9511529207229614
1769518303.0928216,3.2900710105895996,-0.7452346086502075,4.087745189666748,-1.2991113662719727,0.971114456653595
1769518303.1129246,3.3435440063476562,-0.6745761632919312,3.9751784801483154,-1.2724617719650269,0.8697295188903809
1769518303.1329157,3.372936725616455,-0.6362057328224182,4.018004894256592,-1.2219057083129883,0.8712964653968811
1769518303.153002,3.4024879932403564,-0.5979564189910889,4.147310256958008,-1.1222546100616455,0.910850465297699
1769518303.1728919,3.4321975708007812,-0.5598286986351013,4.2341718673706055,-1.0187550783157349,0.9240002632141113
1769518303.1929474,3.4770569801330566,-0.5028662085533142,4.16400146484375,-0.9827006459236145,0.8379343152046204
1769518303.2128835,3.517228364944458,-0.45246508717536926,4.225787162780762,-0.9260254502296448,0.8522412180900574
1769518303.2328784,3.5729167461395264,-0.383522629737854,4.330264568328857,-0.748317301273346,0.8406251668930054
1769518303.2530553,3.6035122871398926,-0.3460939824581146,4.383683204650879,-0.6896346807479858,0.8524594306945801
1769518303.2730925,3.639402389526367,-0.3025854229927063,4.410507678985596,-0.5887007713317871,0.8224751949310303
1769518303.2930424,3.685854434967041,-0.2468975931406021,4.473363876342773,-0.5271015167236328,0.8358738422393799
1769518303.3129067,3.7326509952545166,-0.19149461388587952,4.579792499542236,-0.35891443490982056,0.8635267019271851
1769518303.3329039,3.7640390396118164,-0.15471848845481873,4.624928951263428,-0.2979689836502075,0.8727268576622009
1769518303.3528714,3.7850489616394043,-0.13027213513851166,4.622647762298584,-0.1644204556941986,0.8382946252822876
1769518303.3729613,3.811405658721924,-0.09979446232318878,4.658013820648193,-0.10364143550395966,0.8466170430183411
1769518303.392996,3.843172073364258,-0.06333938986063004,4.676116943359375,-0.06843312084674835,0.8329604864120483
1769518303.41325,3.880422830581665,-0.020972074940800667,4.729960918426514,-0.002474989276379347,0.8497393727302551
1769518303.4330943,3.93937087059021,0.04524705186486244,4.756450653076172,0.0916508138179779,0.8183962106704712
1769518303.4529846,3.9717352390289307,0.08118101209402084,4.8001532554626465,0.15562158823013306,0.8317556977272034
1769518303.4731598,3.993393659591675,0.10506383329629898,4.834282398223877,0.21788400411605835,0.8484233617782593
1769518303.492982,4.042365074157715,0.15858520567417145,4.897179126739502,0.2880469858646393,0.8645619750022888
1769518303.513242,4.080682277679443,0.2000061273574829,4.941686630249023,0.4190123677253723,0.888421356678009
1769518303.5328536,4.141296863555908,0.26472800970077515,5.03970193862915,0.4256763756275177,0.9127082228660583
1769518303.5530436,4.191254615783691,0.3173454999923706,5.078815460205078,0.47947460412979126,0.902247428894043
1769518303.572913,4.235934734344482,0.36386042833328247,5.141650199890137,0.5515660643577576,0.9249614477157593
1769518303.5928173,4.269613265991211,0.39858752489089966,5.1596150398254395,0.6294360160827637,0.9194536209106445
1769518303.6128554,4.326062202453613,0.45616114139556885,5.241333961486816,0.7093839049339294,0.9496546387672424
1769518303.632841,4.3658127784729,0.49623456597328186,5.195559501647949,0.8158769607543945,0.8891857266426086
1769518303.6527872,4.417203903198242,0.5474796891212463,5.2353739738464355,0.8853114247322083,0.8851733803749084
1769518303.6728766,4.45164155960083,0.5814685225486755,5.27616024017334,0.9550162553787231,0.905190110206604
1769518303.693177,4.468912601470947,0.5984102487564087,5.199741363525391,1.076904535293579,0.8735371232032776
1769518303.713085,4.5093488693237305,0.6378040909767151,5.248683452606201,1.1514149904251099,0.90022873878479
1769518303.7329361,4.555793762207031,0.6825897097587585,5.321911334991455,1.2601786851882935,0.9594504833221436
1769518303.753027,4.596635818481445,0.7215695977210999,5.370851516723633,1.3372241258621216,0.9891616702079773
1769518303.7729337,4.6259236335754395,0.7492931485176086,5.319061756134033,1.3672207593917847,0.9285877346992493
1769518303.7930443,4.678882122039795,0.7989439368247986,5.385727405548096,1.451968789100647,0.9623264670372009
1769518303.8128142,4.726214408874512,0.8428048491477966,5.331341743469238,1.5204542875289917,0.9085083603858948
1769518303.8328257,4.767828941345215,0.8809710741043091,5.376596927642822,1.5984057188034058,0.9409098029136658
1769518303.8529963,4.833593845367432,0.9405440092086792,5.460287094116211,1.6933019161224365,0.9794840216636658
1769518303.8731058,4.839594841003418,0.9459351897239685,5.414871692657471,1.7274490594863892,0.9704158902168274
1769518303.8931615,4.923999309539795,1.0209803581237793,5.526729106903076,1.8359242677688599,1.0136154890060425
1769518303.9131012,4.930056095123291,1.026309847831726,5.425967693328857,1.8383091688156128,0.9514573812484741
1769518303.9328427,4.990824222564697,1.0793756246566772,5.5460991859436035,1.9944758415222168,1.0703920125961304
1769518303.952899,5.033579349517822,1.1162735223770142,5.5896196365356445,2.0756428241729736,1.1088600158691406
1769518303.9737923,5.1011247634887695,1.1738402843475342,5.517644882202148,2.14680552482605,1.0583715438842773
1769518303.992965,5.156713962554932,1.2205601930618286,5.5778303146362305,2.236755609512329,1.0999966859817505
1769518304.0134907,5.212592124938965,1.2669354677200317,5.690354824066162,2.26806902885437,1.109290599822998
1769518304.0329163,5.262503147125244,1.3078670501708984,5.7413330078125,2.3544657230377197,1.1509329080581665
1769518304.0528953,5.293812274932861,1.333309531211853,5.617395401000977,2.3898589611053467,1.1049898862838745
1769518304.0729063,5.331499099731445,1.36369788646698,5.645838737487793,2.4676907062530518,1.147871732711792
1769518304.0929513,5.356693267822266,1.383870244026184,5.62332010269165,2.472435474395752,1.120742678642273
1769518304.1131122,5.394588947296143,1.4139981269836426,5.651019096374512,2.549673318862915,1.1642656326293945
1769518304.1330445,5.42626428604126,1.4389848709106445,5.670965671539307,2.5113580226898193,1.0999376773834229
1769518304.1531594,5.4580254554748535,1.4638620615005493,5.640292644500732,2.4834303855895996,1.0357320308685303
1769518304.1730118,5.528201580047607,1.518204927444458,5.713893413543701,2.584094524383545,1.0819436311721802
1769518304.1930366,5.592354774475098,1.5671433210372925,5.74874210357666,2.646122455596924,1.0902538299560547
1769518304.2128816,5.643919944763184,1.605973720550537,5.79330587387085,2.7317376136779785,1.1356322765350342
1769518304.2327967,5.702186584472656,1.6493157148361206,5.846625804901123,2.8241608142852783,1.1836906671524048
1769518304.252873,5.754204750061035,1.6875362396240234,5.890260696411133,2.9119341373443604,1.2319339513778687
1769518304.2729073,5.799893379211426,1.720742106437683,5.72896146774292,2.8755502700805664,1.156984567642212
1769518304.2928555,5.858870983123779,1.7631086111068726,5.938430309295654,2.7977519035339355,1.037697672843933
1769518304.3129134,5.885167121887207,1.7818198204040527,5.944097995758057,2.8581159114837646,1.0779083967208862
1769518304.3329241,5.931310653686523,1.8143882751464844,5.976639270782471,2.7323570251464844,0.9190871715545654
1769518304.3530967,5.944522857666016,1.8236522674560547,5.9969964027404785,2.795119047164917,0.9728829264640808
1769518304.3728287,6.017420291900635,1.8742763996124268,6.067248344421387,2.8951587677001953,1.0220978260040283
1769518304.3931081,6.0640082359313965,1.9062016010284424,6.040249824523926,2.8845882415771484,0.9786751866340637
1769518304.4129379,6.130828857421875,1.9514156579971313,6.027350902557373,2.935141086578369,0.9891528487205505
1769518304.4329176,6.164355278015137,1.9738484621047974,6.039486885070801,2.997527599334717,1.0312668085098267
1769518304.4528513,6.2451324462890625,2.0272111892700195,6.114158630371094,3.105929374694824,1.0866402387619019
1769518304.4729366,6.285684585571289,2.0536394119262695,6.121235370635986,3.020677089691162,0.9809207320213318
1769518304.4932046,6.360310077667236,2.1016507148742676,6.105562210083008,3.0710535049438477,1.0023164749145508
1769518304.5131845,6.387535572052002,2.1189675331115723,6.106203556060791,3.124568462371826,1.0442131757736206
1769518304.5328913,6.462648391723633,2.1661972999572754,6.168441295623779,3.226262092590332,1.1001341342926025
1769518304.5528805,6.490049362182617,2.1832292079925537,6.175134181976318,3.177333354949951,1.0427918434143066
1769518304.572878,6.5243659019470215,2.204411745071411,6.184100151062012,3.236776828765869,1.0869951248168945
1769518304.5929847,6.5863165855407715,2.2422397136688232,6.199130535125732,3.156567335128784,0.9929291605949402
1769518304.6131232,6.641577243804932,2.275538444519043,6.232791900634766,3.2351691722869873,1.0430707931518555
1769518304.6329346,6.7039618492126465,2.312631368637085,6.210852146148682,3.24068546295166,1.050924301147461
1769518304.652996,6.724807262420654,2.32490873336792,6.199974536895752,3.282346248626709,1.091849684715271
1769518304.6730397,6.766572952270508,2.3493332862854004,6.263019561767578,3.263178586959839,1.0433979034423828
1769518304.693193,6.815425395965576,2.377607822418213,6.2182393074035645,3.3037033081054688,1.1019455194473267
1769518304.7130075,6.8784332275390625,2.4136109352111816,6.2575531005859375,3.388533353805542,1.1558400392532349
1769518304.7329018,6.941661357879639,2.449218988418579,6.317155838012695,3.3906633853912354,1.129745364189148
1769518304.753099,6.98393440246582,2.4727375507354736,6.33856725692749,3.460390329360962,1.1798121929168701
1769518304.7728941,7.0616841316223145,2.5153961181640625,6.323630332946777,3.3846054077148438,1.1402842998504639
1769518304.792934,7.118429183959961,2.546046495437622,6.3515472412109375,3.459934949874878,1.193021535873413
1769518304.812852,7.1895952224731445,2.5839149951934814,6.375819683074951,3.5075976848602295,1.2310242652893066
1769518304.8330913,7.232418537139893,2.606397867202759,6.394034385681152,3.5754969120025635,1.281421422958374
1769518304.853176,7.303994178771973,2.6434707641601562,6.4095892906188965,3.4801926612854004,1.2247707843780518
1769518304.8728402,7.339876651763916,2.6618199348449707,6.4111647605896,3.529210090637207,1.2707757949829102
1769518304.8930523,7.375821590423584,2.680043935775757,6.435974597930908,3.5749545097351074,1.2977584600448608
1769518304.913027,7.426248550415039,2.7053470611572266,6.453151702880859,3.640909433364868,1.3498867750167847
1769518304.9331656,7.462342262268066,2.7232699394226074,6.484951019287109,3.5965967178344727,1.3107223510742188
1769518304.952832,7.505734920501709,2.7446112632751465,6.494731426239014,3.6529057025909424,1.3590904474258423
1769518304.9728796,7.549215316772461,2.76577091217041,6.489828586578369,3.5424652099609375,1.313603401184082
1769518304.9929442,7.629153728485107,2.804091691970825,6.53654146194458,3.6388306617736816,1.3749877214431763
1769518305.0132034,7.672877788543701,2.824735403060913,6.544510841369629,3.693333864212036,1.4239647388458252
1769518305.0335007,7.694771766662598,2.834988832473755,6.511295795440674,3.711355209350586,1.4726277589797974
1769518305.052946,7.767902851104736,2.8688366413116455,6.618086814880371,3.766552686691284,1.4587565660476685
1769518305.0729485,7.826574325561523,2.895547866821289,6.641214847564697,3.838557004928589,1.5147088766098022
1769518305.092914,7.892754077911377,2.9252076148986816,6.660346031188965,3.8072569370269775,1.5155330896377563
1769518305.1129673,7.929599285125732,2.9415059089660645,6.6582746505737305,3.766153335571289,1.5153578519821167
1769518305.1329546,7.996061325073242,2.97052001953125,6.687080383300781,3.844672203063965,1.5740309953689575
1769518305.153042,8.062702178955078,2.999117851257324,6.674812316894531,3.7762105464935303,1.5906320810317993
1769518305.1728313,8.136953353881836,3.0304038524627686,6.7088775634765625,3.862199306488037,1.6526597738265991
1769518305.1928933,8.203962326049805,3.058119535446167,6.818955421447754,3.926361560821533,1.6346523761749268
1769518305.2134297,8.27114200592041,3.0854156017303467,6.844860076904297,4.004115581512451,1.6965522766113281
1769518305.232918,8.301054000854492,3.097412347793579,6.806479454040527,3.810089111328125,1.6557962894439697
1769518305.2528598,8.345983505249023,3.1152517795562744,6.8111491203308105,3.8565642833709717,1.7044823169708252
1769518305.2728584,8.398493766784668,3.1358275413513184,6.8510589599609375,3.78963041305542,1.6798847913742065
1769518305.2928698,8.43606185913086,3.1503679752349854,6.8488359451293945,3.824939250946045,1.7246252298355103
1769518305.3130867,8.496274948120117,3.1733615398406982,6.7953572273254395,3.727053165435791,1.788769006729126
1769518305.3332646,8.564165115356445,3.198828935623169,6.817281246185303,3.797107696533203,1.8464939594268799
1769518305.3531563,8.624643325805664,3.2211103439331055,6.988570213317871,3.9615981578826904,1.795844554901123
1769518305.3733003,8.692828178405762,3.245774984359741,7.00574254989624,4.024921894073486,1.8583132028579712
1769518305.392964,8.761165618896484,3.2700135707855225,7.076141357421875,4.122148513793945,1.8882375955581665
1769518305.4130125,8.822035789489746,3.2912001609802246,7.099667072296143,4.196291446685791,1.9456983804702759
1769518305.433046,8.90592098236084,3.319779396057129,7.14172887802124,4.05790901184082,1.9123834371566772
1769518305.4529605,8.944122314453125,3.3325581550598145,7.1395697593688965,4.089964866638184,1.9570581912994385
1769518305.4729295,8.997678756713867,3.3502256870269775,7.263611793518066,4.21727991104126,1.9387551546096802
1769518305.4931135,9.043651580810547,3.3651621341705322,7.268698215484619,4.260462284088135,1.9879693984985352
1769518305.5130363,9.074335098266602,3.3750133514404297,7.2717084884643555,4.136678218841553,1.956935167312622
1769518305.532955,9.158852577209473,3.401665210723877,7.293504238128662,4.21063756942749,2.0332143306732178
1769518305.5528986,9.220447540283203,3.4206435680389404,7.309545993804932,4.270724296569824,2.091454267501831
1769518305.5729363,9.297587394714355,3.4438867568969727,7.307900428771973,4.070314884185791,2.0859689712524414
1769518305.5930374,9.336217880249023,3.455307722091675,7.304839611053467,4.095850467681885,2.129974365234375
1769518305.612958,9.398107528686523,3.4733030796051025,7.318505764007568,4.150747299194336,2.187161445617676
1769518305.632969,9.44459056854248,3.486574649810791,7.506240367889404,4.384283065795898,2.1361372470855713
1769518305.6528811,9.460097312927246,3.4909555912017822,7.5851593017578125,4.33508825302124,2.056198835372925
1769518305.6731353,9.514418601989746,3.5061192512512207,7.597427845001221,4.3829803466796875,2.1080172061920166
1769518305.6931016,9.553263664245605,3.516789197921753,7.613312721252441,4.252720355987549,2.07485032081604
1769518305.7129056,9.599926948547363,3.5294156074523926,7.620231628417969,4.288222312927246,2.1201372146606445
1769518305.7329822,9.70120906829834,3.5561065673828125,7.618668079376221,4.303620338439941,2.2126352787017822
1769518305.7529533,9.763655662536621,3.572077751159668,7.633970737457275,4.356709957122803,2.2696263790130615
1769518305.7729325,9.857488632202148,3.5953850746154785,7.668904781341553,4.448386192321777,2.348938226699829
1769518305.7928417,9.880977630615234,3.6010899543762207,7.667599678039551,4.281206130981445,2.3155128955841064
1769518305.8131998,9.97504997253418,3.623420476913452,7.952476978302002,4.435549736022949,2.179530620574951
1769518305.8328438,10.006447792053223,3.630689859390259,7.950648307800293,4.447366714477539,2.2120747566223145
1769518305.852906,10.132241249084473,3.6588962078094482,8.055445671081543,4.657891273498535,2.3045759201049805
1769518305.873107,10.155861854553223,3.664029359817505,8.048860549926758,4.661127090454102,2.3310210704803467
1769518305.8927782,10.20313549041748,3.6741483211517334,8.09720230102539,4.404658317565918,2.2290353775024414
1769518305.9129755,10.242561340332031,3.6824302673339844,8.100396156311035,4.421163558959961,2.265965223312378
1769518305.9327672,10.28201675415039,3.69057559967041,8.122956275939941,4.4737653732299805,2.2967214584350586
1769518305.9527845,10.329400062561035,3.700169324874878,8.125972747802734,4.4905314445495605,2.3408892154693604
1769518305.9729726,10.408459663391113,3.7157201766967773,8.23300838470459,4.505983352661133,2.314542293548584
1769518305.9928834,10.448030471801758,3.723289728164673,8.237099647521973,4.521650314331055,2.3506577014923096
1769518306.012831,10.54310417175293,3.740896224975586,8.290433883666992,4.443019866943359,2.359555244445801
1769518306.0328562,10.614503860473633,3.7535810470581055,8.311118125915527,4.4919047355651855,2.418823480606079
1769518306.0528471,10.685981750488281,3.765819549560547,8.51851749420166,4.627422332763672,2.33243727684021
1769518306.0729175,10.757534980773926,3.777611494064331,8.541399002075195,4.676650524139404,2.3915536403656006
1769518306.09299,10.821199417114258,3.787717342376709,8.661937713623047,4.6514058113098145,2.325590133666992
1769518306.1129842,10.892887115478516,3.798663854598999,8.685525894165039,4.698066711425781,2.3835623264312744
1769518306.1327949,10.948690414428711,3.8068675994873047,8.789928436279297,4.664669990539551,2.322946310043335
1769518306.1529741,10.996553421020508,3.8136837482452393,8.802528381347656,4.682309150695801,2.359715461730957
1769518306.1729193,11.036460876464844,3.81921124458313,8.722557067871094,4.573420524597168,2.433717966079712
1769518306.1929193,11.076387405395508,3.8246002197265625,8.729195594787598,4.579535961151123,2.4656102657318115
1769518306.2130039,11.124322891235352,3.830883741378784,8.838207244873047,4.558587074279785,2.3991408348083496
1769518306.232772,11.164288520812988,3.835967540740967,8.940321922302246,4.531005382537842,2.3300442695617676
1769518306.252986,11.220271110534668,3.842851400375366,8.957259178161621,4.551619529724121,2.3714072704315186
1769518306.2728553,11.276285171508789,3.8494629859924316,8.851204872131348,4.456116199493408,2.4998090267181396
1769518306.2928777,11.348350524902344,3.8575632572174072,8.872208595275879,4.490592002868652,2.5557782649993896
1769518306.3128922,11.404435157775879,3.863553285598755,8.955008506774902,4.451571941375732,2.5190188884735107
1769518306.3329654,11.492627143859863,3.872419595718384,8.983057975769043,4.4993391036987305,2.5866904258728027
1769518306.3529937,11.540760040283203,3.8769731521606445,9.312618255615234,4.677850246429443,2.367703914642334
1769518306.3728266,11.629053115844727,3.884800672531128,9.34560775756836,4.726950168609619,2.433790683746338
1769518306.393199,11.637083053588867,3.885478973388672,9.436173439025879,4.633717060089111,2.3246207237243652
1769518306.4129562,11.74954605102539,3.894390344619751,9.479646682739258,4.703248977661133,2.40970778465271
1769518306.4329767,11.765619277954102,3.8955743312835693,9.555875778198242,4.5891337394714355,2.3160288333892822
1769518306.452897,11.878177642822266,3.903244733810425,9.599361419677734,4.653829097747803,2.399245262145996
1769518306.4729664,11.92643928527832,3.9062001705169678,9.501835823059082,4.5535807609558105,2.5095417499542236
1769518306.4929016,11.974712371826172,3.9089555740356445,9.51749324798584,4.554490089416504,2.5405986309051514
1769518306.5129426,12.022997856140137,3.911510705947876,9.782614707946777,4.644102096557617,2.3571181297302246
1769518306.533113,12.111547470092773,3.915675640106201,9.817424774169922,4.681050777435303,2.418429136276245
1769518306.5528996,12.159860610961914,3.917664051055908,9.971355438232422,4.645002365112305,2.3062031269073486
1769518306.5730042,12.200127601623535,3.919168472290039,9.990610122680664,4.637115955352783,2.3232336044311523
1769518306.5929873,12.272621154785156,3.9215261936187744,10.085594177246094,4.585809707641602,2.2856855392456055
1769518306.6131287,12.337071418762207,3.9232442378997803,10.259703636169434,4.537079334259033,2.1661601066589355
1769518306.6330552,12.393473625183105,3.9244558811187744,10.290807723999023,4.545483589172363,2.1924593448638916
1769518306.653132,12.490174293518066,3.9258999824523926,10.330016136169434,4.571749687194824,2.254640579223633
1769518306.6728876,12.546588897705078,3.92637300491333,10.464617729187012,4.496903419494629,2.1587281227111816
1769518306.6927845,12.643302917480469,3.9265506267547607,10.691615104675293,4.528968811035156,2.042545795440674
1769518306.712887,12.667481422424316,3.9264702796936035,10.714004516601562,4.500765800476074,2.036144971847534
1769518306.732841,12.723897933959961,3.9260880947113037,10.91966724395752,4.466515064239502,1.8834302425384521
1769518306.7529573,12.756134986877441,3.9257476329803467,10.94796085357666,4.443266868591309,1.8807761669158936
1769518306.7733054,12.81254768371582,3.924938201904297,11.247489929199219,4.462855339050293,1.6549196243286133
1769518306.7931225,12.8608980178833,3.924028158187866,11.285828590393066,4.45152473449707,1.66105318069458
1769518306.813022,12.957587242126465,3.9216084480285645,11.259521484375,4.486643314361572,1.7896065711975098
1769518306.832923,13.005924224853516,3.9200992584228516,11.29623794555664,4.473878383636475,1.7971359491348267
1769518306.8528464,13.086471557617188,3.917140245437622,11.506248474121094,4.424741744995117,1.659747838973999
1769518306.872948,13.13478946685791,3.9150989055633545,11.545960426330566,4.409692287445068,1.6640311479568481
1769518306.8929968,13.183099746704102,3.912858247756958,11.670573234558105,4.287889003753662,1.5583274364471436
1769518306.9129655,13.263595581054688,3.9086804389953613,11.722010612487793,4.290998935699463,1.588285207748413
1769518306.9327998,13.327970504760742,3.9049394130706787,12.030635833740234,4.1962151527404785,1.3296315670013428
1769518306.9531553,13.408411026000977,3.8997654914855957,12.08753776550293,4.194894790649414,1.3534420728683472
1769518306.972942,13.456657409667969,3.896395444869995,12.481674194335938,4.2214460372924805,1.0277403593063354
1769518306.9929416,13.53703784942627,3.890336751937866,12.435938835144043,4.132968425750732,1.1275140047073364
1769518307.0127974,13.56114387512207,3.888411283493042,12.479174613952637,4.095488548278809,1.1016069650650024
1769518307.0329242,13.665555953979492,3.8794937133789062,12.89066219329834,4.1421217918396,0.8181895017623901
1769518307.0530117,13.681612968444824,3.8780388832092285,12.938173294067383,4.099912166595459,0.7758411765098572
1769518307.0727704,13.769887924194336,3.869643211364746,12.681303977966309,4.021481037139893,1.0991222858428955
1769518307.0929122,13.785930633544922,3.8680450916290283,12.722588539123535,3.9774928092956543,1.0689600706100464
1769518307.1127799,13.874129295349121,3.858860969543457,13.014864921569824,3.98752498626709,0.8688437342643738
1769518307.132965,13.922207832336426,3.8535704612731934,13.074230194091797,3.9654126167297363,0.8553208112716675
1769518307.1530223,14.04230785369873,3.8394775390625,13.44941520690918,3.9712207317352295,0.607353687286377
1769518307.1728969,14.098304748535156,3.832477569580078,13.514748573303223,3.948375940322876,0.5949539542198181
1769518307.1929345,14.162260055541992,3.8241477012634277,13.997663497924805,3.9190852642059326,0.1900138258934021
1769518307.2129529,14.18623161315918,3.8209333419799805,14.060315132141113,3.878477096557617,0.13844254612922668
1769518307.2329943,14.22616958618164,3.8154664039611816,13.92026424407959,3.939744234085083,0.3301866352558136
1769518307.253446,14.266088485717773,3.8098623752593994,14.181123733520508,3.838810920715332,0.08976142853498459
1769518307.2729876,14.305989265441895,3.804121255874634,14.248347282409668,3.807816982269287,0.05775982514023781
1769518307.2929618,14.37775993347168,3.7934420108795166,14.328996658325195,3.7914578914642334,0.048803191632032394
1769518307.312973,14.441500663757324,3.7835772037506104,14.820867538452148,3.9523706436157227,0.4152234196662903
1769518307.3329284,14.505187034606934,3.773362159729004,14.907308578491211,3.934767723083496,0.43330541253089905
1769518307.3529012,14.568818092346191,3.7627973556518555,14.735289573669434,3.9471662044525146,0.2484041005373001
1769518307.3728273,14.632390975952148,3.751883029937744,14.61178970336914,4.0264153480529785,0.27530398964881897
1769518307.3930762,14.695903778076172,3.740619659423828,14.691146850585938,4.010153770446777,0.2695757746696472
1769518307.4128506,14.767281532287598,3.727531671524048,14.140235900878906,4.058034420013428,0.7088152766227722
1769518307.4330359,14.830660820007324,3.7155277729034424,14.208589553833008,4.042494297027588,0.7027660012245178
1769518307.4531207,14.893974304199219,3.7031757831573486,14.311127662658691,4.110219955444336,0.710911750793457
1769518307.4728837,14.933511734008789,3.695279359817505,14.370163917541504,4.085135459899902,0.6850897669792175
1769518307.492898,14.98091983795166,3.685624599456787,14.43341064453125,4.063434600830078,0.6652121543884277
1769518307.5129168,15.020397186279297,3.677429676055908,14.411023139953613,4.1273112297058105,0.7574496865272522
1769518307.533069,15.051958084106445,3.6707763671875,14.489065170288086,4.072299480438232,0.6914255023002625
1769518307.5530972,15.099266052246094,3.6606338024139404,14.552228927612305,4.051570415496826,0.6723697781562805
1769518307.5731692,15.178020477294922,3.643296718597412,14.632798194885254,3.9774489402770996,0.6394723057746887
1769518307.5929365,15.264512062072754,3.6236023902893066,14.717452049255371,3.973761796951294,0.6495275497436523
1769518307.6128583,15.32732105255127,3.6088693141937256,14.978968620300293,4.004489421844482,0.5271285176277161
1769518307.6329157,15.405717849731445,3.5899689197540283,15.06613826751709,3.99727725982666,0.5302960276603699
1769518307.6532815,15.444867134094238,3.580317497253418,15.14295768737793,3.9173784255981445,0.4525032639503479
1769518307.672981,15.515252113342285,3.5626072883605957,15.227676391601562,3.905583620071411,0.44758525490760803
1769518307.6930268,15.56991958618164,3.548532724380493,15.309170722961426,3.88983416557312,0.4295075535774231
1769518307.712999,15.663477897644043,3.5237953662872314,15.683880805969238,3.951838970184326,0.42852962017059326
1769518307.7329693,15.702399253845215,3.513261318206787,15.57519245147705,3.6491119861602783,0.18611036241054535
1769518307.7534003,15.74128532409668,3.502593994140625,15.652190208435059,3.6209657192230225,0.14815488457679749
1769518307.7727969,15.7878999710083,3.4896178245544434,15.051738739013672,3.8414385318756104,0.8159109950065613
1769518307.7929971,15.826704978942871,3.4786577224731445,15.110533714294434,3.8155529499053955,0.7914540767669678
1769518307.8130078,15.888713836669922,3.460845708847046,14.990160942077637,3.843102216720581,0.9764816761016846
1769518307.8329742,15.958355903625488,3.440401554107666,15.068282127380371,3.8322784900665283,0.9725224375724792
1769518307.8529189,16.004714965820312,3.4265339374542236,15.187275886535645,3.8071343898773193,0.9016996622085571
1769518307.8729029,16.07414436340332,3.4053754806518555,15.268884658813477,3.7960045337677,0.8950045108795166
1769518307.8930397,16.143442153930664,3.3837897777557373,15.728649139404297,3.629960060119629,0.48234111070632935
1769518307.9131124,16.22028350830078,3.3593053817749023,15.826518058776855,3.619110584259033,0.47175168991088867
1769518307.9330537,16.25864028930664,3.3468661308288574,16.127445220947266,3.539808511734009,0.23332174122333527
1769518307.952835,16.32757568359375,3.3241448402404785,16.22600746154785,3.5243420600891113,0.22448880970478058
1769518307.9729936,16.38109588623047,3.3061795234680176,16.32754135131836,3.5188705921173096,0.21932972967624664
1769518307.9929755,16.41927146911621,3.2931902408599854,17.219282150268555,3.2417008876800537,0.8016666173934937
1769518308.0129828,16.487873077392578,3.2694807052612305,17.33734130859375,3.221440315246582,0.8508238196372986
1769518308.0329611,16.533527374267578,3.2534399032592773,17.21759796142578,3.2487621307373047,0.6840863823890686
1769518308.0528767,16.571521759033203,3.239929437637329,17.30560874938965,3.2159652709960938,0.7344781756401062
1769518308.072884,16.60947036743164,3.2262890338897705,17.39435577392578,3.1828341484069824,0.7860872149467468
1769518308.0928383,16.65494728088379,3.209749460220337,17.49036979675293,3.1533102989196777,0.8373276591300964
1769518308.1127868,16.71547508239746,3.1874070167541504,16.69625473022461,3.260045051574707,0.07513827830553055
1769518308.1328537,16.753244400024414,3.1732752323150635,16.76378631591797,3.6492760181427,0.4761175215244293
1769518308.1529906,16.80603790283203,3.1532742977142334,17.016799926757812,3.565462350845337,0.46294671297073364
1769518308.1730335,16.873777389526367,3.127188205718994,17.12485122680664,3.5542304515838623,0.4953818619251251
1769518308.1928709,16.926349639892578,3.106611490249634,17.431926727294922,3.3688290119171143,0.569532036781311
1769518308.2129526,17.001283645629883,3.0767807960510254,17.554092407226562,3.3574178218841553,0.6199631690979004
1769518308.2329865,17.06108283996582,3.052548408508301,17.435117721557617,3.3906824588775635,0.5042193531990051
1769518308.2529652,17.12074851989746,3.0279898643493652,17.53921127319336,3.37345814704895,0.5426409244537354
1769518308.2729537,17.20999526977539,2.990541696548462,17.709152221679688,3.2894134521484375,0.5817919969558716
1769518308.2928464,17.24709129333496,2.9747228622436523,17.790889739990234,3.260756492614746,0.6144362688064575
1769518308.3129256,17.298933029174805,2.952363967895508,17.769559860229492,3.251239061355591,0.5575083494186401
1769518308.332913,17.343284606933594,2.933002233505249,17.8670597076416,3.2286605834960938,0.6014600396156311
1769518308.352812,17.387556076049805,2.913459062576294,17.8599853515625,3.1534314155578613,0.5298823118209839
1769518308.3728468,17.431747436523438,2.8937346935272217,18.025142669677734,3.0913519859313965,0.6254352927207947
1769518308.3928854,17.4685115814209,2.877159595489502,18.106477737426758,3.060652494430542,0.6638306379318237
1769518308.412809,17.505220413208008,2.860459327697754,17.777265548706055,3.1612231731414795,0.4055463969707489
1769518308.4329255,17.571149826049805,2.8300833702087402,17.887157440185547,3.144589900970459,0.4458429217338562
1769518308.4528563,17.622299194335938,2.806177854537964,17.979875564575195,3.1217763423919678,0.4769311845302582
1769518308.47309,17.67333221435547,2.7820284366607666,18.116130828857422,3.0262296199798584,0.5056717991828918
1769518308.4929202,17.71698570251465,2.7611351013183594,18.215612411499023,2.9600582122802734,0.5368425250053406
1769518308.5129457,17.767803192138672,2.7365338802337646,18.31104278564453,2.934356451034546,0.5781365036964417
1769518308.532851,17.847423553466797,2.69738507270813,18.380802154541016,2.9273717403411865,0.5808507800102234
1769518308.5528307,17.91954803466797,2.6612777709960938,18.504587173461914,2.9095022678375244,0.6355199813842773
1769518308.5728307,17.984249114990234,2.6283607482910156,18.603397369384766,2.839282989501953,0.654089093208313
1769518308.5928946,18.00577163696289,2.617300271987915,18.661266326904297,2.801060199737549,0.6807655692100525
1769518308.6129298,18.098770141601562,2.5688629150390625,18.745513916015625,2.7814059257507324,0.6807727217674255
1769518308.632972,18.134424209594727,2.550014019012451,18.821956634521484,2.747805118560791,0.7154179215431213
1769518308.6529996,18.162900924682617,2.5348470211029053,18.75855255126953,2.700021743774414,0.6181285381317139
1769518308.672772,18.212636947631836,2.5081183910369873,18.862192153930664,2.673645257949829,0.6703142523765564
1769518308.692838,18.297597885131836,2.4617457389831543,18.636213302612305,2.761827230453491,0.45244860649108887
1769518308.7129798,18.354026794433594,2.4304447174072266,18.734180450439453,2.736361265182495,0.48795777559280396
1769518308.7331624,18.424320220947266,2.390886068344116,19.152677536010742,2.537550449371338,0.7429765462875366
1769518308.7533314,18.480361938476562,2.358894109725952,19.267595291137695,2.509755849838257,0.8015588521957397
1769518308.7729552,18.5501651763916,2.318474531173706,19.15705108642578,2.5262763500213623,0.641476035118103
1769518308.7928536,18.59886360168457,2.2898976802825928,19.247955322265625,2.494419813156128,0.6805505156517029
1769518308.81288,18.66127586364746,2.252814531326294,19.351049423217773,2.427727699279785,0.7116054892539978
1769518308.8329713,18.71656036376953,2.2195303440093994,19.452653884887695,2.396414041519165,0.7570483088493347
1769518308.8530133,18.757904052734375,2.194369316101074,19.51262092590332,2.320924758911133,0.7652541995048523
1769518308.8730092,18.799144744873047,2.169039011001587,19.461109161376953,2.2259373664855957,0.664406418800354
1769518308.8931189,18.833431243896484,2.147801399230957,19.529478073120117,2.1856980323791504,0.6970760822296143
1769518308.913413,18.874481201171875,2.122162103652954,19.516517639160156,2.295806646347046,0.6651041507720947
1769518308.9329352,18.91542625427246,2.0963551998138428,19.582632064819336,2.259662628173828,0.6869022250175476
1769518308.9529123,18.96306037902832,2.0660359859466553,19.335994720458984,2.3060190677642822,0.44347843527793884
1769518308.9729261,18.99021339416504,2.0486090183258057,19.38591194152832,2.267932176589966,0.4524155259132385
1769518308.9928775,19.051136016845703,2.0091285705566406,19.460542678833008,2.223436117172241,0.46210652589797974
1769518309.0129995,19.078134536743164,1.9914621114730835,19.51009178161621,2.1848032474517822,0.47325262427330017
1769518309.0328238,19.118539810180664,1.9648245573043823,19.5278377532959,2.277125835418701,0.5148364901542664
1769518309.0528176,19.178943634033203,1.924559235572815,19.629058837890625,2.2487173080444336,0.554689884185791
1769518309.072956,19.2324275970459,1.8884575366973877,19.99785614013672,2.0023012161254883,0.7738479971885681
1769518309.0928361,19.292360305786133,1.847495436668396,20.104829788208008,1.9687254428863525,0.8214650750160217
1769518309.112856,19.325546264648438,1.8245800733566284,19.944583892822266,2.024949789047241,0.6506578326225281
1769518309.1328573,19.38508415222168,1.7830480337142944,20.047555923461914,1.99229896068573,0.6947342157363892
1769518309.1530607,19.437789916992188,1.7458246946334839,20.190216064453125,1.8797259330749512,0.7642471194267273
1769518309.1729028,19.509925842285156,1.6941744089126587,20.315717697143555,1.8472754955291748,0.8202062845230103
1769518309.1932795,19.562145233154297,1.6562714576721191,20.196048736572266,1.8760915994644165,0.6709370613098145
1769518309.212922,19.614154815673828,1.6180843114852905,20.285789489746094,1.8407363891601562,0.7075788974761963
1769518309.2333078,19.633604049682617,1.6036909818649292,20.33351707458496,1.7144629955291748,0.7086239457130432
1769518309.2528741,19.66595458984375,1.5796139240264893,20.40227699279785,1.6744904518127441,0.7424112558364868
1769518309.273117,19.70466423034668,1.550575852394104,20.405826568603516,1.6592520475387573,0.7095345854759216
1769518309.2933197,19.723976135253906,1.5359975099563599,20.452360153198242,1.6160557270050049,0.7327708005905151
1769518309.313226,19.788127899169922,1.487118124961853,20.45111083984375,1.70682692527771,0.6984400749206543
1769518309.3328958,19.832834243774414,1.4526426792144775,20.527851104736328,1.6695473194122314,0.7280774712562561
1769518309.353103,19.883724212646484,1.4129811525344849,20.589279174804688,1.5667147636413574,0.7221107482910156
1769518309.3729396,19.94702911376953,1.3630144596099854,20.697917938232422,1.5294123888015747,0.7691059708595276
1769518309.3928492,19.997425079345703,1.322730541229248,20.707054138183594,1.4615131616592407,0.7230722308158875
1769518309.4128957,20.060110092163086,1.2719895839691162,20.723966598510742,1.3952960968017578,0.6752126216888428
1769518309.4329355,20.110004425048828,1.2310893535614014,20.808143615722656,1.3537379503250122,0.708830714225769
1769518309.453107,20.165868759155273,1.1847513914108276,20.853206634521484,1.2879143953323364,0.6950379014015198
1769518309.4728062,20.21528434753418,1.1432744264602661,20.93662452697754,1.2455731630325317,0.7285584807395935
1769518309.4927957,20.239906311035156,1.1224348545074463,20.96139907836914,1.1693811416625977,0.7230185270309448
1769518309.5127857,20.276731491088867,1.0910494327545166,21.02296257019043,1.124300241470337,0.7469715476036072
1769518309.5330355,20.313426971435547,1.0595132112503052,20.981792449951172,1.1823911666870117,0.6795658469200134
1769518309.5528686,20.343908309936523,1.0331181287765503,21.019628524780273,1.1382540464401245,0.6838503479957581
1769518309.5729177,20.3803653717041,1.001306414604187,21.065092086791992,1.1010006666183472,0.6919460296630859
1769518309.5928445,20.410646438598633,0.9746821522712708,21.113525390625,1.056839942932129,0.7076647877693176
1769518309.6128702,20.446863174438477,0.9425960779190063,21.17281723022461,1.0126140117645264,0.729324460029602
1769518309.632893,20.48894691467285,0.9049741625785828,21.24300765991211,0.9683369994163513,0.7567175626754761
1769518309.6533432,20.52487564086914,0.8725661635398865,21.178380966186523,1.0157243013381958,0.6690018773078918
1769518309.6730664,20.57851791381836,0.8236773610115051,21.303495407104492,1.0154640674591064,0.7499162554740906
1769518309.6929712,20.590396881103516,0.8127682209014893,21.303468704223633,0.9064842462539673,0.7192049026489258
1769518309.713003,20.667245864868164,0.7414622902870178,21.437206268310547,0.8619047403335571,0.7793247103691101
1769518309.7336903,20.702499389648438,0.7083210945129395,21.450794219970703,0.7826178669929504,0.7519734501838684
1769518309.7529497,20.766775131225586,0.6471859216690063,21.562461853027344,0.7375460863113403,0.8008013963699341
1769518309.7729723,20.7900333404541,0.6248347759246826,21.553678512573242,0.6688686013221741,0.7649136781692505
1769518309.7929704,20.853675842285156,0.5630404353141785,21.67530632019043,0.6201440691947937,0.8236135244369507
1769518309.8131568,20.87670135498047,0.5404507517814636,21.706573486328125,0.5739716291427612,0.830548107624054
1769518309.8329482,20.94540786743164,0.47230300307273865,21.817506790161133,0.5246090888977051,0.8736657500267029
1769518309.8528352,20.99656867980957,0.42082148790359497,21.876148223876953,0.4924035668373108,0.8824886679649353
1769518309.8728032,21.047409057617188,0.3690243363380432,21.951078414916992,0.33445826172828674,0.9043300151824951
1769518309.8929064,21.069900512695312,0.34590259194374084,21.984670639038086,0.2849966883659363,0.9167949557304382
1769518309.9129586,21.1035213470459,0.3111041188240051,22.008148193359375,0.20802463591098785,0.910481333732605
1769518309.9331071,21.1258544921875,0.2878282070159912,22.04108428955078,0.15737491846084595,0.9244817495346069
1769518309.9528506,21.16478157043457,0.2469477355480194,22.057880401611328,0.12938085198402405,0.9008033871650696
1769518309.9731307,21.21454429626465,0.19411246478557587,22.144908905029297,0.07496627420186996,0.9379634857177734
1769518309.992881,21.247535705566406,0.15871815383434296,22.199115753173828,0.022960571572184563,0.9612154960632324
1769518310.0131202,21.296749114990234,0.10537194460630417,22.286157608032227,-0.03307821601629257,0.9990482330322266
1769518310.032935,21.3402156829834,0.05769789591431618,22.278549194335938,-0.1429305523633957,0.9595416188240051
1769518310.0530255,21.36724853515625,0.02778029441833496,22.3201847076416,-0.1964358687400818,0.9789579510688782
1769518310.0727954,21.426359176635742,-0.03836499899625778,22.473722457885742,-0.2622426748275757,1.0710227489471436
1769518310.0929441,21.442394256591797,-0.05648219212889671,22.468955993652344,-0.3896419405937195,1.079270601272583
1769518310.1129162,21.495569229125977,-0.11711146682500839,22.499799728393555,-0.49097365140914917,1.0715656280517578
1769518310.132916,21.516721725463867,-0.14146552979946136,22.529647827148438,-0.546563982963562,1.090928554534912
1769518310.1528394,21.564069747924805,-0.19647479057312012,22.633182525634766,-0.6319961547851562,1.1544173955917358
1769518310.1728852,21.60586929321289,-0.24561770260334015,22.707578659057617,-0.6943904757499695,1.1896049976348877
1769518310.1930292,21.637042999267578,-0.28262579441070557,22.608047485351562,-0.7921587228775024,1.0965733528137207
1769518310.213002,21.68865394592285,-0.34459155797958374,22.701601028442383,-0.8597255945205688,1.136407494544983
1769518310.233276,21.69379234313965,-0.35080766677856445,22.720827102661133,-0.9399189949035645,1.183997631072998
1769518310.2529361,21.755109786987305,-0.4256766736507416,22.82586669921875,-1.0103572607040405,1.2199870347976685
1769518310.2731738,21.77541160583496,-0.45074552297592163,22.82594871520996,-1.1220545768737793,1.2467095851898193
1769518310.292941,21.830883026123047,-0.5199728012084961,22.918989181518555,-1.1938098669052124,1.27985680103302
1769518310.3129334,21.875877380371094,-0.5769252777099609,22.92494773864746,-1.2859885692596436,1.2662227153778076
1769518310.333171,21.920515060424805,-0.6341562867164612,23.005168914794922,-1.3585684299468994,1.3043183088302612
1769518310.3529344,21.959896087646484,-0.6852604150772095,22.994430541992188,-1.5331742763519287,1.3376164436340332
1769518310.3729925,21.984365463256836,-0.7173107266426086,23.029184341430664,-1.5995451211929321,1.367473840713501
1769518310.3929791,22.018434524536133,-0.7623228430747986,23.085813522338867,-1.6710481643676758,1.4018120765686035
1769518310.4130623,22.04746437072754,-0.8010354042053223,23.057954788208008,-1.760962963104248,1.3937536478042603
1769518310.432973,22.07633399963379,-0.8398680686950684,23.137704849243164,-1.8340442180633545,1.4542680978775024
1769518310.4529946,22.12409019470215,-0.9048542380332947,23.215307235717773,-1.9120121002197266,1.4849644899368286
1769518310.4729867,22.161972045898438,-0.9570800065994263,23.195880889892578,-2.0338215827941895,1.4927629232406616
1769518310.493039,22.20891571044922,-1.022655725479126,23.282325744628906,-2.117344379425049,1.5331510305404663
1769518310.512888,22.241506576538086,-1.068751335144043,23.201135635375977,-2.2113120555877686,1.4920895099639893
1769518310.5329533,22.2830810546875,-1.1282480955123901,23.239042282104492,-2.371946334838867,1.5686450004577637
1769518310.5529754,22.292268753051758,-1.1415046453475952,23.23460578918457,-2.436354398727417,1.6014474630355835
1769518310.5729444,22.310590744018555,-1.1680560111999512,23.25186538696289,-2.5068013668060303,1.6365325450897217
1769518310.5929441,22.360595703125,-1.2413325309753418,23.32048988342285,-2.4494168758392334,1.543006181716919
1769518310.6133404,22.405569076538086,-1.3082756996154785,23.401445388793945,-2.5377464294433594,1.5822027921676636
1769518310.6329732,22.45008087158203,-1.375528335571289,23.345184326171875,-2.6436030864715576,1.552168369293213
1769518310.6532085,22.498504638671875,-1.4498597383499146,23.307209014892578,-2.8283581733703613,1.5982064008712769
1769518310.6731577,22.511611938476562,-1.4701957702636719,23.308032989501953,-2.8957197666168213,1.6329134702682495
1769518310.6930444,22.529024124145508,-1.4973526000976562,23.2727108001709,-2.921311855316162,1.6064651012420654
1769518310.7129161,22.580808639526367,-1.579109787940979,23.368125915527344,-3.0209920406341553,1.642830729484558
1769518310.7328835,22.602184295654297,-1.6133009195327759,23.275094985961914,-3.038541078567505,1.576108694076538
1769518310.7528977,22.640361785888672,-1.675028920173645,23.335723876953125,-3.1278750896453857,1.610680103302002
1769518310.7727916,22.661405563354492,-1.7094237804412842,23.353729248046875,-3.202742576599121,1.6459989547729492
1769518310.7928817,22.673974990844727,-1.7300952672958374,23.350465774536133,-3.2702410221099854,1.6821680068969727
1769518310.8129401,22.70728302001953,-1.7853448390960693,23.35580825805664,-3.2284963130950928,1.5821735858917236
1769518310.8328469,22.72382164001465,-1.8130378723144531,23.46084213256836,-3.299407482147217,1.6590642929077148
1769518310.8529212,22.752578735351562,-1.8616093397140503,23.400724411010742,-3.4131627082824707,1.6814900636672974
1769518310.8728442,22.789209365844727,-1.924260139465332,23.45879554748535,-3.5043137073516846,1.7160756587982178
1769518310.8929234,22.817426681518555,-1.9731440544128418,23.398218154907227,-3.492013692855835,1.6261249780654907
1769518310.9128373,22.849388122558594,-2.029176712036133,23.44329833984375,-3.578521728515625,1.659277319908142
1769518310.9328792,22.865251541137695,-2.057258367538452,23.445093154907227,-3.558664083480835,1.609483242034912
1769518310.9528124,22.912372589111328,-2.141763687133789,23.530485153198242,-3.662349224090576,1.6414146423339844
1769518310.9737494,22.92792510986328,-2.170017957687378,23.446348190307617,-3.7085390090942383,1.6235178709030151
1769518310.9928532,22.97410774230957,-2.255035638809204,23.529436111450195,-3.8130838871002197,1.6540565490722656
1769518311.012936,22.993141174316406,-2.290571451187134,23.40859031677246,-3.876636505126953,1.6395728588104248
1769518311.0328853,23.03458023071289,-2.36897873878479,23.477291107177734,-3.9789319038391113,1.6697132587432861
1769518311.0528088,23.053218841552734,-2.4047210216522217,23.44318199157715,-3.9687654972076416,1.611926555633545
1769518311.0731518,23.090120315551758,-2.4763970375061035,23.499290466308594,-4.067038536071777,1.6424249410629272
1769518311.092842,23.122905731201172,-2.5411205291748047,23.48198127746582,-4.017996311187744,1.5199003219604492
1769518311.112924,23.140945434570312,-2.577165365219116,23.48695182800293,-4.089261531829834,1.5511786937713623
1769518311.132782,23.162425994873047,-2.6205005645751953,23.444236755371094,-4.090964317321777,1.4972243309020996
1769518311.152875,23.190786361694336,-2.6784181594848633,23.477035522460938,-4.176886081695557,1.5255640745162964
1769518311.1729121,23.21882438659668,-2.7364909648895264,23.50946044921875,-4.2633490562438965,1.554273009300232
1769518311.193003,23.239639282226562,-2.780146360397339,23.457393646240234,-4.200395107269287,1.4368445873260498
1769518311.213478,23.26711082458496,-2.838486433029175,23.471149444580078,-4.208208084106445,1.3848354816436768
1769518311.2331061,23.29762840270996,-2.9042985439300537,23.511066436767578,-4.29702091217041,1.4089826345443726
1769518311.253351,23.32440948486328,-2.9629557132720947,23.516237258911133,-4.309876441955566,1.3605122566223145
1769518311.272937,23.350862503051758,-3.021759510040283,23.490766525268555,-4.321498870849609,1.3072474002838135
1769518311.2928748,23.367231369018555,-3.0585854053497314,23.489696502685547,-4.387030124664307,1.3340777158737183
1769518311.3128238,23.389930725097656,-3.1102356910705566,23.549495697021484,-4.335718154907227,1.2358267307281494
1769518311.3329577,23.415565490722656,-3.1693978309631348,23.576215744018555,-4.417134761810303,1.2580366134643555
1769518311.3529932,23.437725067138672,-3.2212798595428467,23.51025390625,-4.400657653808594,1.1816060543060303
1769518311.3730028,23.468942642211914,-3.2955808639526367,23.55292320251465,-4.4932355880737305,1.200595498085022
1769518311.3932755,23.484359741210938,-3.3328113555908203,23.495376586914062,-4.468926429748535,1.136168360710144
1769518311.4128416,23.517818450927734,-3.4149041175842285,23.544830322265625,-4.567320823669434,1.152733325958252
1769518311.4328542,23.54472541809082,-3.482257843017578,23.57319450378418,-4.5618462562561035,1.0799638032913208
1769518311.4528418,23.571210861206055,-3.549777030944824,23.60304832458496,-4.647836208343506,1.0985206365585327
1769518311.4729,23.603010177612305,-3.632521390914917,23.59026527404785,-4.650321006774902,1.0178793668746948
1769518311.492928,23.611572265625,-3.6551296710968018,23.574153900146484,-4.703586101531982,1.049124002456665
1769518311.5132859,23.622915267944336,-3.6853013038635254,23.551597595214844,-4.706753730773926,1.0239390134811401
1769518311.532953,23.642562866210938,-3.7381768226623535,23.56172752380371,-4.778735160827637,1.0436935424804688
1769518311.5530205,23.66744613647461,-3.806297540664673,23.58798599243164,-4.864661693572998,1.061342716217041
1769518311.5729492,23.689207077026367,-3.8669779300689697,23.58724021911621,-4.815446376800537,0.9539336562156677
1769518311.5931885,23.70263671875,-3.904963731765747,23.615148544311523,-4.883268356323242,0.9822086691856384
1769518311.6128306,23.72385025024414,-3.965836763381958,23.632572174072266,-4.96141242980957,0.9997510313987732
1769518311.6328907,23.75246238708496,-4.049726486206055,23.69233512878418,-5.007592678070068,0.9597514867782593
1769518311.6529267,23.760154724121094,-4.072642803192139,23.613101959228516,-4.992580413818359,0.9316168427467346
1769518311.6730747,23.790447235107422,-4.16446590423584,23.66018295288086,-5.09839391708374,0.942968487739563
1769518311.6929114,23.802841186523438,-4.202799320220947,23.679035186767578,-5.0812578201293945,0.8871405124664307
1769518311.7127652,23.83683967590332,-4.310357093811035,23.74171257019043,-5.201290607452393,0.8959976434707642
1769518311.7328742,23.8439884185791,-4.333447456359863,23.66278648376465,-5.129304885864258,0.8162249326705933
1769518311.7530594,23.874412536621094,-4.433675765991211,23.71418571472168,-5.2419233322143555,0.8239763379096985
1769518311.7729175,23.881305694580078,-4.456843852996826,23.75551414489746,-5.214424133300781,0.7679523825645447
1769518311.7928736,23.89494514465332,-4.503222942352295,23.75238800048828,-5.2756028175354,0.7854252457618713
1769518311.8128846,23.912832260131836,-4.565149307250977,23.740625381469727,-5.301485538482666,0.7562055587768555
1769518311.8330467,23.932544708251953,-4.634932994842529,23.759357452392578,-5.384774208068848,0.7695813775062561
1769518311.8540313,23.9497013092041,-4.697065353393555,23.772825241088867,-5.447081565856934,0.7705903649330139
1769518311.8728979,23.970661163330078,-4.774862289428711,23.79840087890625,-5.538721084594727,0.7830411791801453
1769518311.8930285,23.989063262939453,-4.845002174377441,23.821962356567383,-5.5620598793029785,0.7362706661224365
1769518311.9130309,24.008995056152344,-4.923068046569824,23.845544815063477,-5.654126167297363,0.7491077780723572
1769518311.9329202,24.022626876831055,-4.977795124053955,23.846817016601562,-5.723351001739502,0.7660039663314819
1769518311.9528193,24.037878036499023,-5.0404205322265625,23.820892333984375,-5.713155746459961,0.7068632245063782
1769518311.9728122,24.049089431762695,-5.08744478225708,23.813274383544922,-5.773627281188965,0.7255728840827942
1769518311.9928143,24.056453704833984,-5.118819713592529,23.902027130126953,-5.808879852294922,0.7071285843849182
1769518312.0130172,24.063732147216797,-5.150215148925781,23.897735595703125,-5.785764217376709,0.6568698883056641
1769518312.0329075,24.0709228515625,-5.1816301345825195,23.862796783447266,-5.813755512237549,0.6655067801475525
1769518312.0531347,24.08504295349121,-5.24452018737793,23.870683670043945,-5.889277458190918,0.6794572472572327
1769518312.0736277,24.09540367126465,-5.291738510131836,23.862546920776367,-5.949405193328857,0.6976731419563293
1769518312.0932975,24.10891342163086,-5.354762077331543,23.980606079101562,-5.980119705200195,0.6383845210075378
1769518312.1128514,24.125307083129883,-5.433645725250244,24.003808975219727,-6.072272777557373,0.6500820517539978
1769518312.1330187,24.141151428222656,-5.512640953063965,23.99439239501953,-6.1338629722595215,0.6383219957351685
1769518312.152991,24.148868560791016,-5.552179336547852,23.990991592407227,-6.161998271942139,0.6299241185188293
1769518312.172845,24.159440994262695,-5.607577323913574,23.991107940673828,-6.2298479080200195,0.6446372270584106
1769518312.192844,24.172639846801758,-5.678877353668213,24.003196716308594,-6.277123928070068,0.6217797994613647
1769518312.2128825,24.18678092956543,-5.758194923400879,24.02212905883789,-6.370509624481201,0.6340663433074951
1769518312.232817,24.19769859313965,-5.821718215942383,24.061494827270508,-6.373964309692383,0.5687947273254395
1769518312.2529604,24.209558486938477,-5.893252849578857,24.073223114013672,-6.458547592163086,0.5815023183822632
1769518312.2733128,24.215953826904297,-5.93302583694458,24.043996810913086,-6.440433025360107,0.535752534866333
1769518312.292727,24.224674224853516,-5.988745212554932,24.03606414794922,-6.498218536376953,0.5432648658752441
1769518312.312851,24.229536056518555,-6.020603656768799,24.014209747314453,-6.538912296295166,0.5612568259239197
1769518312.3328514,24.234310150146484,-6.0524749755859375,24.033235549926758,-6.533245086669922,0.5211244821548462
1769518312.3529174,24.24015235900879,-6.0923333168029785,24.018156051635742,-6.581895351409912,0.5375441312789917
1769518312.3730023,24.25360870361328,-6.18807315826416,24.179349899291992,-6.669219017028809,0.486842542886734
1769518312.3935502,24.26421356201172,-6.267940044403076,24.157014846801758,-6.744294166564941,0.48826706409454346
1769518312.4129856,24.274263381958008,-6.347878456115723,24.174419403076172,-6.837903022766113,0.5000922679901123
1769518312.4329906,24.283756256103516,-6.427885055541992,24.207454681396484,-6.890178203582764,0.4685472846031189
1769518312.4528294,24.291824340820312,-6.499945640563965,24.216856002807617,-6.975245475769043,0.4811756908893585
1769518312.4728825,24.29944610595703,-6.572056293487549,24.184951782226562,-7.018905162811279,0.46128368377685547
1769518312.4928825,24.305845260620117,-6.636194705963135,24.181346893310547,-7.01315450668335,0.39698609709739685
1769518312.5129693,24.31041145324707,-6.684321880340576,24.17066192626953,-7.069534778594971,0.4097784161567688
1769518312.5329826,24.313343048095703,-6.71641731262207,24.174776077270508,-7.133906364440918,0.43988457322120667
1769518312.5530808,24.316186904907227,-6.748520851135254,24.15263557434082,-7.172552108764648,0.4544796943664551
1769518312.5728343,24.32028579711914,-6.796691417694092,24.142162322998047,-7.229953765869141,0.4684491753578186
1769518312.5929744,24.322908401489258,-6.828814506530762,24.207462310791016,-7.175573825836182,0.36547204852104187
1769518312.6128457,24.326059341430664,-6.868978977203369,24.20880699157715,-7.253358364105225,0.4018654227256775
1769518312.6330626,24.328479766845703,-6.901118278503418,24.1881160736084,-7.2912983894348145,0.414659321308136
1769518312.65312,24.333057403564453,-6.965418338775635,24.189342498779297,-7.367175102233887,0.42668840289115906
1769518312.673227,24.335739135742188,-7.005618572235107,24.244205474853516,-7.344921588897705,0.35143277049064636
1769518312.6929173,24.337282180786133,-7.029743194580078,24.21422576904297,-7.36274528503418,0.3550114333629608
1769518312.7130213,24.34021759033203,-7.078002452850342,24.205114364624023,-7.418756484985352,0.36655953526496887
1769518312.7331982,24.343820571899414,-7.142366886138916,24.264955520629883,-7.51255464553833,0.37849506735801697
1769518312.7531502,24.347448348999023,-7.2148003578186035,24.251651763916016,-7.5771050453186035,0.37475547194480896
1769518312.7727826,24.35062599182129,-7.287256717681885,24.215412139892578,-7.638129234313965,0.3760243058204651
1769518312.792875,24.352787017822266,-7.343625068664551,24.209815979003906,-7.7044806480407715,0.38814619183540344
1769518312.812852,24.354421615600586,-7.39194917678833,24.26087760925293,-7.699289798736572,0.32126131653785706
1769518312.8328927,24.355857849121094,-7.440280437469482,24.250774383544922,-7.755159378051758,0.3319512605667114
1769518312.8529222,24.357635498046875,-7.512787818908691,24.27137565612793,-7.858676910400391,0.3564831018447876
1769518312.8728385,24.358572006225586,-7.561132431030273,24.260957717895508,-7.915411949157715,0.36748120188713074
1769518312.8928387,24.35997772216797,-7.673950672149658,24.28476333618164,-7.986752033233643,0.32171738147735596
1769518312.912883,24.360090255737305,-7.69006872177124,24.254344940185547,-8.002873420715332,0.33019545674324036
1769518312.9327958,24.360315322875977,-7.754542350769043,24.288009643554688,-8.13051700592041,0.3828643560409546
1769518312.9528983,24.360145568847656,-7.8270769119262695,24.290754318237305,-8.21825122833252,0.3972814679145813
1769518312.973183,24.359703063964844,-7.8834919929504395,24.284202575683594,-8.163915634155273,0.2904089093208313
1769518312.9929228,24.358861923217773,-7.947963714599609,24.281625747680664,-8.239949226379395,0.30202820897102356
1769518313.013292,24.357494354248047,-8.020488739013672,24.296354293823242,-8.364412307739258,0.34931516647338867
1769518313.0328078,24.356538772583008,-8.060776710510254,24.280012130737305,-8.411155700683594,0.3586387038230896
1769518313.052824,24.355445861816406,-8.101061820983887,24.278261184692383,-8.402450561523438,0.3111149072647095
1769518313.0729227,24.352842330932617,-8.181620597839355,24.282899856567383,-8.49991512298584,0.3258882462978363
1769518313.0929377,24.35036277770996,-8.246054649353027,24.278335571289062,-8.577154159545898,0.33884331583976746
1769518313.1130347,24.34714698791504,-8.318526268005371,24.293060302734375,-8.667193412780762,0.352836549282074
1769518313.1329484,24.344335556030273,-8.374879837036133,24.25754165649414,-8.72169017791748,0.3575062155723572
1769518313.1529198,24.3421630859375,-8.41512393951416,24.23910140991211,-8.768243789672852,0.3678514361381531
1769518313.1728528,24.338396072387695,-8.479499816894531,24.2915096282959,-8.854242324829102,0.37766462564468384
1769518313.1929958,24.33586311340332,-8.519723892211914,24.27338981628418,-8.85360336303711,0.33967453241348267
1769518313.2129536,24.33152198791504,-8.584064483642578,24.2670955657959,-8.93154239654541,0.3533996045589447
1769518313.2328327,24.3292179107666,-8.616226196289062,24.25001335144043,-8.979231834411621,0.3715459704399109
1769518313.2532775,24.324344635009766,-8.680530548095703,24.246171951293945,-9.068379402160645,0.3956492841243744
1769518313.2727678,24.319791793823242,-8.736774444580078,24.23008918762207,-9.097668647766113,0.37187570333480835
1769518313.292899,24.312089920043945,-8.825113296508789,24.232959747314453,-9.208395957946777,0.3913652300834656
1769518313.3128932,24.30607032775879,-8.889324188232422,24.206514358520508,-9.311506271362305,0.4337617754936218
1769518313.332946,24.298873901367188,-8.961520195007324,24.200450897216797,-9.402043342590332,0.4513845443725586
1769518313.35293,24.2938289642334,-9.009627342224121,24.203067779541016,-9.408135414123535,0.4087132513523102
1769518313.372847,24.28221893310547,-9.113785743713379,24.20989227294922,-9.54169750213623,0.43398094177246094
1769518313.3928907,24.27750587463379,-9.15381908416748,24.17735481262207,-9.561735153198242,0.42003047466278076
1769518313.4130435,24.27166748046875,-9.201838493347168,24.15915870666504,-9.61919116973877,0.4322517514228821
1769518313.43302,24.26766586303711,-9.233838081359863,24.15401840209961,-9.605791091918945,0.3889274299144745
1769518313.4529395,24.260452270507812,-9.289811134338379,24.138965606689453,-9.673497200012207,0.4024607837200165
1769518313.4728277,24.2551326751709,-9.3297700881958,24.107467651367188,-9.675797462463379,0.3762182593345642
1769518313.4930787,24.25078010559082,-9.361724853515625,24.0819034576416,-9.709909439086914,0.3869780898094177
1769518313.5132794,24.24408531188965,-9.409634590148926,24.124900817871094,-9.760531425476074,0.3705858886241913
1769518313.53284,24.23249053955078,-9.489422798156738,24.12178611755371,-9.872076034545898,0.3983451724052429
1769518313.553258,24.217851638793945,-9.585062026977539,24.130014419555664,-9.914779663085938,0.34121689200401306
1769518313.5728986,24.210237503051758,-9.63283634185791,24.11142349243164,-9.970357894897461,0.35168832540512085
1769518313.5932589,24.19844627380371,-9.704440116882324,24.027950286865234,-10.106094360351562,0.43634316325187683
1769518313.6130388,24.190340042114258,-9.752135276794434,24.006704330444336,-10.162679672241211,0.4497433006763458
1769518313.633125,24.176393508911133,-9.831552505493164,24.045881271362305,-10.195446014404297,0.3865903317928314
1769518313.6527915,24.16042137145996,-9.918800354003906,24.03754997253418,-10.306827545166016,0.4070165157318115
1769518313.6730359,24.14686393737793,-9.990095138549805,23.979001998901367,-10.372663497924805,0.4177754521369934
1769518313.6931262,24.139142990112305,-10.029667854309082,23.967145919799805,-10.31689739227295,0.334788978099823
1769518313.7128537,24.129695892333984,-10.077119827270508,23.944427490234375,-10.37048625946045,0.3469703793525696
1769518313.7331066,24.121675491333008,-10.116633415222168,23.920578002929688,-10.423840522766113,0.3671746253967285
1769518313.752938,24.1135196685791,-10.156119346618652,23.911876678466797,-10.477235794067383,0.37917813658714294
1769518313.7729268,24.0950984954834,-10.242890357971191,23.896516799926758,-10.576054573059082,0.3878563642501831
1769518313.793034,24.081289291381836,-10.305909156799316,23.8731632232666,-10.615477561950684,0.37302663922309875
1769518313.8128374,24.067136764526367,-10.368852615356445,23.852455139160156,-10.691366195678711,0.387431263923645
1769518313.8329976,24.06354331970215,-10.384576797485352,23.830589294433594,-10.647915840148926,0.35159000754356384
1769518313.8530316,24.047109603881836,-10.45527172088623,23.81100845336914,-10.734113693237305,0.3653717637062073
1769518313.872948,24.028339385986328,-10.53370189666748,23.792373657226562,-10.831650733947754,0.38007014989852905
1769518313.892896,24.018753051757812,-10.572868347167969,23.764354705810547,-10.872733116149902,0.3932396173477173
1769518313.91281,24.010986328125,-10.604178428649902,23.72166633605957,-10.947487831115723,0.44896334409713745
1769518313.93304,23.993200302124023,-10.674546241760254,23.699148178100586,-11.034552574157715,0.4648342430591583
1769518313.9529583,23.970870971679688,-10.760400772094727,23.555919647216797,-11.138690948486328,0.5615057349205017
1769518313.973425,23.95212173461914,-10.83051872253418,23.469276428222656,-11.185933113098145,0.5995497107505798
1769518313.9932914,23.932941436767578,-10.900520324707031,23.441261291503906,-11.272287368774414,0.6164082288742065
1769518314.0132508,23.924278259277344,-10.931593894958496,23.451953887939453,-11.272968292236328,0.5827750563621521
1769518314.0335643,23.915529251098633,-10.96264362335205,23.416915893554688,-11.3019380569458,0.6031053066253662
1769518314.0528858,23.90447425842285,-11.001421928405762,23.397729873657227,-11.280797004699707,0.5786527991294861
1769518314.0729961,23.891033172607422,-11.047905921936035,23.365304946899414,-11.331274032592773,0.59723299741745
1769518314.0931852,23.88196563720703,-11.078865051269531,23.350549697875977,-11.390284538269043,0.6159420609474182
1769518314.1131465,23.870512008666992,-11.117527961730957,23.31692123413086,-11.430027961730957,0.6357037425041199
1769518314.132848,23.849563598632812,-11.18702220916748,23.426555633544922,-11.40150260925293,0.4742763638496399
1769518314.1529253,23.83536148071289,-11.23327922821045,23.39573860168457,-11.450160026550293,0.4902079105377197
1769518314.173546,23.820966720581055,-11.279478073120117,23.338090896606445,-11.48891544342041,0.5263404846191406
1769518314.1928298,23.801481246948242,-11.340983390808105,23.308677673339844,-11.56025218963623,0.5393825173377991
1769518314.2129986,23.771621704101562,-11.433040618896484,23.27155303955078,-11.625710487365723,0.5359017252922058
1769518314.232853,23.753854751586914,-11.486625671386719,23.239276885986328,-11.684274673461914,0.5512298941612244
1769518314.253047,23.730634689331055,-11.55539608001709,23.216876983642578,-11.76799201965332,0.5560065507888794
1769518314.2728088,23.714920043945312,-11.60116195678711,23.183292388916016,-11.815197944641113,0.573095977306366
1769518314.29293,23.696348190307617,-11.654475212097168,23.14942741394043,-11.87325668334961,0.5890561938285828
1769518314.3129885,23.6748104095459,-11.715293884277344,23.115514755249023,-11.94233226776123,0.6036204099655151
1769518314.3329344,23.65294075012207,-11.775994300842285,23.104822158813477,-11.878105163574219,0.5575491786003113
1769518314.3530183,23.627941131591797,-11.844139099121094,23.070222854614258,-11.95525074005127,0.5686788558959961
1769518314.3733263,23.60536766052246,-11.904582023620605,23.079782485961914,-12.046797752380371,0.5444868803024292
1769518314.3929133,23.58246612548828,-11.9649019241333,23.04541778564453,-12.102214813232422,0.5543245673179626
1769518314.4128351,23.565073013305664,-12.010058403015137,23.03179359436035,-12.151849746704102,0.5518074631690979
1769518314.432949,23.553373336791992,-12.040122985839844,22.996570587158203,-12.173733711242676,0.5726089477539062
1769518314.453018,23.541593551635742,-12.07015609741211,22.96183967590332,-12.155110359191895,0.5859450697898865
1769518314.4731817,23.526752471923828,-12.10765266418457,22.926376342773438,-12.1871337890625,0.6056155562400818
1769518314.4932034,23.502742767333984,-12.167539596557617,22.98966407775879,-12.196475982666016,0.5138924717903137
1769518314.5129063,23.469192504882812,-12.249670028686523,22.954126358032227,-12.292549133300781,0.5168483257293701
1769518314.5329037,23.438159942626953,-12.324112892150879,22.97453498840332,-12.208578109741211,0.4778040647506714
1769518314.5536325,23.419296264648438,-12.368677139282227,22.887100219726562,-12.228275299072266,0.5504043698310852
1769518314.5729656,23.406620025634766,-12.398343086242676,22.853294372558594,-12.244830131530762,0.5742257833480835
1769518314.5929549,23.381023406982422,-12.457571983337402,22.87212562561035,-12.34500789642334,0.5211982727050781
1769518314.6129456,23.358362197875977,-12.509282112121582,22.83623504638672,-12.393401145935059,0.5348313450813293
1769518314.6328428,23.328861236572266,-12.575606346130371,22.818281173706055,-12.406068801879883,0.5379927158355713
1769518314.6530802,23.30563735961914,-12.627065658569336,22.780733108520508,-12.463089942932129,0.5499193072319031
1769518314.673319,23.268644332885742,-12.7077054977417,22.754314422607422,-12.561813354492188,0.534620463848114
1769518314.693376,23.244787216186523,-12.75887680053711,22.71698570251465,-12.608186721801758,0.5488926768302917
1769518314.7131796,23.210285186767578,-12.831779479980469,22.67595863342285,-12.696568489074707,0.5511688590049744
1769518314.7330918,23.192848205566406,-12.868143081665039,22.66449546813965,-12.663215637207031,0.5667012333869934
1769518314.753042,23.185836791992188,-12.882671356201172,22.631694793701172,-12.655930519104004,0.5987372398376465
1769518314.7732208,23.15049171447754,-12.955170631408691,22.622087478637695,-12.732524871826172,0.5733950734138489
1769518314.7930257,23.111040115356445,-13.034638404846191,22.579607009887695,-12.818140029907227,0.5738412737846375
1769518314.8128812,23.089269638061523,-13.077859878540039,22.634618759155273,-12.793495178222656,0.5362572073936462
1769518314.8330255,23.04520034790039,-13.164033889770508,22.590797424316406,-12.886653900146484,0.5323734879493713
1769518314.8529818,23.030353546142578,-13.192678451538086,22.56456184387207,-12.837728500366211,0.5856203436851501
1769518314.8729105,22.97777557373047,-13.292612075805664,22.5167236328125,-12.94880485534668,0.5751287937164307
1769518314.8930292,22.966384887695312,-13.313961029052734,22.476348876953125,-12.998112678527832,0.5830053687095642
1769518314.9130762,22.9281005859375,-13.384955406188965,22.432598114013672,-13.068469047546387,0.5879508852958679
1769518314.93304,22.91265106201172,-13.41327953338623,22.445466995239258,-13.007684707641602,0.6186830997467041
1769518314.9531584,22.881521224975586,-13.469801902770996,22.40321922302246,-13.065773963928223,0.6261081099510193
1769518314.9728909,22.87369155883789,-13.483905792236328,22.38099479675293,-13.10256576538086,0.6230324506759644
1769518314.992908,22.838214874267578,-13.5472412109375,22.33837127685547,-13.161290168762207,0.6315078735351562
1769518315.012928,22.830278396606445,-13.561285972595215,22.351192474365234,-13.166080474853516,0.621055543422699
1769518315.032996,22.790307998657227,-13.631346702575684,22.306798934936523,-13.233987808227539,0.625840961933136
1769518315.0530176,22.77822494506836,-13.652312278747559,22.31374168395996,-13.185009956359863,0.6588743925094604
1769518315.0728762,22.729459762573242,-13.73592472076416,22.267574310302734,-13.260757446289062,0.662663459777832
1769518315.093198,22.7171630859375,-13.756765365600586,22.257558822631836,-13.270596504211426,0.669025719165802
1769518315.1130242,22.659208297729492,-13.853687286376953,22.20429229736328,-13.373405456542969,0.6615275740623474
1769518315.1328998,22.63408660888672,-13.895054817199707,22.166780471801758,-13.399934768676758,0.6808230876922607
1769518315.1528258,22.591842651367188,-13.96377182006836,22.171951293945312,-13.455327033996582,0.659412145614624
1769518315.172899,22.579078674316406,-13.984330177307129,22.138872146606445,-13.46204662322998,0.6830533742904663
1769518315.1929228,22.52328109741211,-14.073115348815918,22.12512969970703,-13.555926322937012,0.652692437171936
1769518315.2130532,22.51895523071289,-14.079923629760742,22.096851348876953,-13.543978691101074,0.6822088956832886
1769518315.2328265,22.457923889160156,-14.174938201904297,22.07978057861328,-13.584686279296875,0.7009924054145813
1769518315.2529078,22.44472885131836,-14.195222854614258,22.049646377563477,-13.580649375915527,0.7306095361709595
1769518315.2728484,22.418212890625,-14.235709190368652,22.037267684936523,-13.636702537536621,0.7098796367645264
1769518315.293038,22.40489387512207,-14.255911827087402,22.004961013793945,-13.642010688781738,0.7326812148094177
1769518315.3127983,22.369173049926758,-14.309651374816895,22.041810989379883,-13.663286209106445,0.7245367765426636
1769518315.3329656,22.346698760986328,-14.343138694763184,22.00815200805664,-13.676854133605957,0.7473613023757935
1769518315.353382,22.305957794189453,-14.40322208404541,21.992942810058594,-13.741103172302246,0.7323794960975647
1769518315.3728318,22.264850616455078,-14.463054656982422,21.9495792388916,-13.790361404418945,0.7429078817367554
1769518315.3931925,22.228002548217773,-14.516024589538574,21.922752380371094,-13.862083435058594,0.7216769456863403
1769518315.4130585,22.195524215698242,-14.56220817565918,21.866558074951172,-13.828095436096191,0.8044502139091492
1769518315.43295,22.148744583129883,-14.627912521362305,21.818771362304688,-13.883084297180176,0.8146483302116394
1769518315.4530122,22.13933563232422,-14.64101505279541,21.823488235473633,-13.925354957580566,0.782258927822113
1769518315.4730487,22.106260299682617,-14.686772346496582,21.783897399902344,-13.954798698425293,0.7998144030570984
1769518315.4929001,22.063417434692383,-14.745368957519531,21.77286720275879,-14.005731582641602,0.794659435749054
1769518315.5129676,22.02984619140625,-14.790761947631836,21.733272552490234,-14.034340858459473,0.8124828338623047
1769518315.5328534,21.986364364624023,-14.848885536193848,21.687545776367188,-14.079230308532715,0.8256278038024902
1769518315.5529804,21.95718002319336,-14.88748550415039,21.682645797729492,-14.114686965942383,0.8201141953468323
1769518315.5728858,21.908187866210938,-14.95155143737793,21.633676528930664,-14.16688346862793,0.8313007354736328
1769518315.5929444,21.873632431030273,-14.996197700500488,21.62126350402832,-14.229487419128418,0.8071766495704651
1769518315.6130054,21.82390022277832,-15.059688568115234,21.57180404663086,-14.280871391296387,0.8186020255088806
1769518315.632923,21.78883171081543,-15.103928565979004,21.553138732910156,-14.342874526977539,0.7967143654823303
1769518315.6529968,21.758602142333984,-15.141714096069336,21.519359588623047,-14.353930473327637,0.8233107924461365
1769518315.672833,21.728219985961914,-15.179375648498535,21.507688522338867,-14.466092109680176,0.7465978860855103
1769518315.6928046,21.69257926940918,-15.22315502166748,21.470903396606445,-14.486210823059082,0.7695633769035339
1769518315.7129245,21.651592254638672,-15.272978782653809,21.44441795349121,-14.543087005615234,0.7587248086929321
1769518315.7330198,21.64130210876465,-15.285400390625,21.420835494995117,-14.531970977783203,0.7850225567817688
1769518315.7528298,21.579208374023438,-15.359626770019531,21.39279556274414,-14.638223648071289,0.7450993657112122
1769518315.7729273,21.547935485839844,-15.3965482711792,21.355993270874023,-14.658175468444824,0.7629124522209167
1769518315.7928355,21.506000518798828,-15.445575714111328,21.34275245666504,-14.673559188842773,0.7890869975090027
1769518315.812894,21.46908950805664,-15.488285064697266,21.30264663696289,-14.70004653930664,0.8056198358535767
1769518315.8329492,21.426652908325195,-15.536877632141113,21.282875061035156,-14.762401580810547,0.7877095341682434
1769518315.8528538,21.383953094482422,-15.585237503051758,21.23919105529785,-14.796141624450684,0.8022649884223938
1769518315.8731387,21.340986251831055,-15.63336181640625,21.21097755432129,-14.855352401733398,0.7887975573539734
1769518315.892988,21.276042938232422,-15.70510482788086,21.152511596679688,-14.918010711669922,0.7967289090156555
1769518315.9130816,21.232419967651367,-15.75263500213623,21.140127182006836,-14.937922477722168,0.8199227452278137
1769518315.9330494,21.20502281188965,-15.782218933105469,21.107336044311523,-14.948718070983887,0.8392060399055481
1769518315.9531505,21.188535690307617,-15.799924850463867,21.14906883239746,-14.964940071105957,0.8359172344207764
1769518315.9728606,21.155452728271484,-15.835233688354492,21.113773345947266,-14.983020782470703,0.8532316088676453
1769518315.9929109,21.099992752075195,-15.893777847290039,21.054948806762695,-15.090038299560547,0.8050003051757812
1769518316.0131414,21.060932159423828,-15.934531211853027,21.0109806060791,-15.12220573425293,0.8138605356216431
1769518316.0328977,21.01042366027832,-15.986652374267578,20.997644424438477,-15.20191478729248,0.7848420739173889
1769518316.0529106,20.987873077392578,-16.009716033935547,20.969507217407227,-15.206876754760742,0.8030503392219543
1769518316.0730882,20.96525764465332,-16.032718658447266,20.97621726989746,-15.231736183166504,0.8010581135749817
1769518316.0929613,20.919837951660156,-16.078536987304688,20.932832717895508,-15.264366149902344,0.8142741322517395
1769518316.1129515,20.874168395996094,-16.124103546142578,20.913768768310547,-15.33305549621582,0.7920399308204651
1769518316.1329727,20.810964584350586,-16.18634796142578,20.85817527770996,-15.385849952697754,0.8018889427185059
1769518316.152905,20.787864685058594,-16.208864212036133,20.811691284179688,-15.42246150970459,0.786762535572052
1769518316.172936,20.729843139648438,-16.264873504638672,20.759136199951172,-15.468304634094238,0.7971071600914001
1769518316.1933534,20.7006893157959,-16.292728424072266,20.76054573059082,-15.491387367248535,0.8035725355148315
1769518316.2132304,20.63033103942871,-16.359169006347656,20.69976234436035,-15.549979209899902,0.812163770198822
1769518316.2330394,20.57720184326172,-16.408618927001953,20.676227569580078,-15.63790225982666,0.7770516276359558
1769518316.252917,20.553491592407227,-16.430490493774414,20.648832321166992,-15.644291877746582,0.7919573783874512
1769518316.2730343,20.511852264404297,-16.46860694885254,20.63717269897461,-15.683405876159668,0.795138955116272
1769518316.2929714,20.47003173828125,-16.50652313232422,20.59721565246582,-15.709003448486328,0.8075981140136719
1769518316.3129542,20.415992736816406,-16.554977416992188,20.564485549926758,-15.802193641662598,0.7672893404960632
1769518316.332991,20.373756408691406,-16.592430114746094,20.524457931518555,-15.828472137451172,0.7786802053451538
1769518316.352858,20.31918716430664,-16.64028549194336,20.475563049316406,-15.867369651794434,0.7885763645172119
1769518316.3729637,20.3131046295166,-16.64558219909668,20.48027992248535,-15.892402648925781,0.771509051322937
1769518316.3929355,20.245967864990234,-16.703563690185547,20.422527313232422,-15.944169998168945,0.7796487808227539
1769518316.4128299,20.215307235717773,-16.729751586914062,20.394397735595703,-15.977128028869629,0.7736373543739319
1769518316.4328413,20.13516616821289,-16.797340393066406,20.330305099487305,-16.076019287109375,0.747251033782959
1769518316.453165,20.110383987426758,-16.8179931640625,20.29848861694336,-16.090248107910156,0.7516618967056274
1769518316.4731507,20.054420471191406,-16.86421012878418,20.242984771728516,-16.175859451293945,0.7137098908424377
1769518316.4928555,19.991905212402344,-16.9151554107666,20.18818473815918,-16.22214126586914,0.7202726602554321
1769518316.5128458,19.941638946533203,-16.955598831176758,20.16973304748535,-16.287677764892578,0.7057946920394897
1769518316.5329125,19.884822845458984,-17.000764846801758,20.119340896606445,-16.327713012695312,0.7127403020858765
1769518316.5529332,19.84044075012207,-17.03565216064453,20.114171981811523,-16.36738395690918,0.7221556305885315
1769518316.5727773,19.821369171142578,-17.050537109375,20.087358474731445,-16.37691307067871,0.7242373824119568
1769518316.5928752,19.789512634277344,-17.075258255004883,20.046918869018555,-16.46158790588379,0.6654695272445679
1769518316.6128893,19.744770050048828,-17.109682083129883,20.005638122558594,-16.49061393737793,0.6717859506607056
1769518316.6328504,19.712709426879883,-17.134138107299805,20.006975173950195,-16.520925521850586,0.6801618933677673
1769518316.652883,19.661239624023438,-17.173036575317383,19.96132469177246,-16.556047439575195,0.6860968470573425
1769518316.6730723,19.59659767150879,-17.22126007080078,19.894691467285156,-16.63608741760254,0.6567238569259644
1769518316.6929963,19.5511531829834,-17.254749298095703,19.853160858154297,-16.665550231933594,0.6620911955833435
1769518316.7129903,19.4990177154541,-17.292753219604492,19.8320369720459,-16.70368003845215,0.6766904592514038
1769518316.7329583,19.45322608947754,-17.32577133178711,19.790664672851562,-16.733001708984375,0.6820851564407349
1769518316.7531161,19.400697708129883,-17.363231658935547,19.725505828857422,-16.81146240234375,0.6402731537818909
1769518316.7729847,19.334749221801758,-17.409650802612305,19.66880989074707,-16.85931396484375,0.6437910795211792
1769518316.7929125,19.28175926208496,-17.446455001831055,19.66029167175293,-16.908597946166992,0.6577061414718628
1769518316.8128257,19.22190284729004,-17.48750877380371,19.608705520629883,-16.950490951538086,0.6618196368217468
1769518316.8328443,19.19521713256836,-17.50563621520996,19.589466094970703,-16.978918075561523,0.6579231023788452
1769518316.8529232,19.16848373413086,-17.52368927001953,19.562538146972656,-16.991416931152344,0.6622635126113892
1769518316.8733468,19.141698837280273,-17.541667938232422,19.544097900390625,-17.039358139038086,0.6436147689819336
1769518316.8929737,19.101428985595703,-17.568496704101562,19.512439727783203,-17.058462142944336,0.6550310254096985
1769518316.9131064,19.040817260742188,-17.608428955078125,19.480382919311523,-17.10548973083496,0.6679561138153076
1769518316.932849,19.007036209106445,-17.630449295043945,19.448823928833008,-17.124500274658203,0.6716845631599426
1769518316.9530776,18.986730575561523,-17.643604278564453,19.424089431762695,-17.149627685546875,0.6597682237625122
1769518316.9728577,18.891616821289062,-17.704442977905273,19.346654891967773,-17.221817016601562,0.6633144617080688
1769518316.9928894,18.843841552734375,-17.734514236450195,19.320478439331055,-17.27583122253418,0.6614943742752075
1769518317.0132453,18.782201766967773,-17.772838592529297,19.268125534057617,-17.318822860717773,0.6650202870368958
1769518317.0330994,18.727214813232422,-17.806581497192383,19.22221565246582,-17.36762237548828,0.6615971326828003
1769518317.0529377,18.651308059692383,-17.852479934692383,19.159183502197266,-17.422636032104492,0.6653606295585632
1769518317.0728393,18.616689682006836,-17.873151779174805,19.129104614257812,-17.457754135131836,0.659637987613678
1769518317.0928528,18.547245025634766,-17.914134979248047,19.07084846496582,-17.507144927978516,0.6631759405136108
1769518317.1129692,18.48450469970703,-17.95060920715332,19.02471923828125,-17.5821475982666,0.6539089679718018
1769518317.132976,18.44255256652832,-17.974706649780273,18.9871826171875,-17.608701705932617,0.6561882495880127
1769518317.1529474,18.40751838684082,-17.99465560913086,18.95484161376953,-17.629409790039062,0.6580029726028442
1769518317.1729205,18.386463165283203,-18.006567001342773,18.9071044921875,-17.688844680786133,0.6099296808242798
1769518317.192853,18.344282150268555,-18.030258178710938,18.868860244750977,-17.716367721557617,0.6113162636756897
1769518317.2128034,18.287891387939453,-18.06157112121582,18.8250789642334,-17.75278091430664,0.6196153163909912
1769518317.2330663,18.2454833984375,-18.08485221862793,18.79183006286621,-17.783151626586914,0.6241128444671631
1769518317.2528546,18.224245071411133,-18.096426010131836,18.769603729248047,-17.79320526123047,0.6239863634109497
1769518317.2728713,18.18169593811035,-18.119441986083984,18.737510681152344,-17.838397979736328,0.6228299140930176
1769518317.2929263,18.13905143737793,-18.14228057861328,18.69915771484375,-17.866300582885742,0.6244072914123535
1769518317.312899,18.06777000427246,-18.179948806762695,18.625144958496094,-17.928680419921875,0.6113938689231873
1769518317.332904,18.0391845703125,-18.194875717163086,18.59710121154785,-17.94507598876953,0.6112854480743408
1769518317.3530924,17.98189353942871,-18.22449493408203,18.57663917541504,-17.980472564697266,0.6428597569465637
1769518317.372937,17.94600486755371,-18.242843627929688,18.543659210205078,-18.00273323059082,0.6440837979316711
1769518317.393019,17.8668270111084,-18.282772064208984,18.47179412841797,-18.081459045410156,0.6375837326049805
1769518317.4131496,17.82351303100586,-18.304296493530273,18.43296241760254,-18.10995864868164,0.6396849155426025
1769518317.4328399,17.72936248779297,-18.350311279296875,18.381858825683594,-18.170202255249023,0.6768978834152222
1769518317.4529264,17.68577003479004,-18.371261596679688,18.343345642089844,-18.19865608215332,0.6798504590988159
1769518317.4732003,17.620222091674805,-18.402345657348633,18.278135299682617,-18.25077247619629,0.6751468181610107
1769518317.4932346,17.554481506347656,-18.433019638061523,18.222578048706055,-18.29711151123047,0.6817800402641296
1769518317.5129418,17.481216430664062,-18.466617584228516,18.17535972595215,-18.33800506591797,0.7059571743011475
1769518317.5329318,17.429794311523438,-18.48983383178711,18.130910873413086,-18.372407913208008,0.7108820676803589
1769518317.5535517,17.415081024169922,-18.496421813964844,18.101749420166016,-18.381900787353516,0.6961525678634644
1769518317.5730371,17.38562774658203,-18.50953483581543,18.068201065063477,-18.404661178588867,0.6905819773674011
1769518317.592956,17.326616287231445,-18.53551483154297,18.020490646362305,-18.44144630432129,0.7002221941947937
1769518317.6127973,17.297056198120117,-18.548381805419922,17.992393493652344,-18.458358764648438,0.7011401057243347
1769518317.6328447,17.230417251586914,-18.5770320892334,17.954118728637695,-18.4888916015625,0.7290472984313965
1769518317.6528404,17.171035766601562,-18.602148056030273,17.90361785888672,-18.529279708862305,0.7361971735954285
1769518317.6728709,17.104066848754883,-18.630008697509766,17.84120750427246,-18.57823371887207,0.7389553785324097
1769518317.6928494,17.044395446777344,-18.654420852661133,17.790348052978516,-18.618791580200195,0.746803343296051
1769518317.7129798,16.984590530395508,-18.678503036499023,17.739355087280273,-18.659374237060547,0.7550073266029358
1769518317.733004,16.917152404785156,-18.705196380615234,17.692323684692383,-18.68198585510254,0.7755185961723328
1769518317.75291,16.85706901550293,-18.72856903076172,17.641315460205078,-18.722259521484375,0.784270703792572
1769518317.773069,16.789323806762695,-18.754465103149414,17.578134536743164,-18.77064323425293,0.7889768481254578
1769518317.792849,16.728971481323242,-18.77712631225586,17.526826858520508,-18.811120986938477,0.7985799908638
1769518317.8128445,16.67605972290039,-18.796680450439453,17.4583740234375,-18.837718963623047,0.7833886742591858
1769518317.8328032,16.63821029663086,-18.810489654541016,17.437692642211914,-18.83661460876465,0.7999091744422913
1769518317.8528981,16.585140228271484,-18.829601287841797,17.391706466674805,-18.87051010131836,0.8076034188270569
1769518317.8735123,16.524375915527344,-18.851125717163086,17.33208656311035,-18.911327362060547,0.80995112657547
1769518317.8928568,16.47872543334961,-18.867048263549805,17.291746139526367,-18.939489364624023,0.816241979598999
1769518317.9128947,16.410127639770508,-18.890575408935547,17.262521743774414,-18.97768783569336,0.85683274269104
1769518317.9328244,16.341384887695312,-18.913673400878906,17.205062866210938,-19.023725509643555,0.8706604838371277
1769518317.952854,16.280160903930664,-18.9338436126709,17.15333366394043,-19.06376075744629,0.8827846050262451
1769518317.9729395,16.226499557495117,-18.95121192932129,17.07862091064453,-19.068008422851562,0.8600873351097107
1769518317.9929228,16.126623153686523,-18.982776641845703,16.996986389160156,-19.1378231048584,0.8840653300285339
1769518318.0136626,16.08043098449707,-18.997039794921875,16.95345687866211,-19.173681259155273,0.8907155394554138
1769518318.0328553,16.01103401184082,-19.01807403564453,16.895069122314453,-19.219646453857422,0.9067248702049255
1769518318.0529687,15.987872123718262,-19.02499008178711,16.84107780456543,-19.207786560058594,0.8725677132606506
1769518318.0729008,15.9337739944458,-19.040939331054688,16.793663024902344,-19.241119384765625,0.8828824162483215
1769518318.0929813,15.902825355529785,-19.04993438720703,16.784921646118164,-19.24026107788086,0.9023963212966919
1769518318.1129441,15.879598617553711,-19.056625366210938,16.76136589050293,-19.249038696289062,0.9025171995162964
1769518318.1331806,15.840855598449707,-19.06766700744629,16.75057601928711,-19.243358612060547,0.9265301823616028
1769518318.1527526,15.786551475524902,-19.082902908325195,16.710010528564453,-19.269887924194336,0.9421997666358948
1769518318.1729364,15.716625213623047,-19.102102279663086,16.62114143371582,-19.326499938964844,0.9319348335266113
1769518318.1932235,15.677725791931152,-19.112579345703125,16.579757690429688,-19.35297966003418,0.9335173964500427
1769518318.2134798,15.63879108428955,-19.122922897338867,16.564123153686523,-19.35093116760254,0.9530088305473328
1769518318.233051,15.599820137023926,-19.13313102722168,16.52899742126465,-19.371232986450195,0.9591985940933228
1769518318.2531085,15.529584884643555,-19.15116310119629,16.503122329711914,-19.38823699951172,1.0019874572753906
1769518318.2727609,15.490516662597656,-19.160993576049805,16.468585968017578,-19.40803337097168,1.0087858438491821
1769518318.292994,15.420109748840332,-19.178342819213867,16.423748016357422,-19.43220329284668,1.035245656967163
1769518318.3129168,15.38878345489502,-19.1859130859375,16.395305633544922,-19.445444107055664,1.039442777633667
1769518318.332857,15.29468059539795,-19.208101272583008,16.280406951904297,-19.50765609741211,1.0302364826202393
1769518318.3532457,15.286829948425293,-19.209915161132812,16.268903732299805,-19.502574920654297,1.024751901626587
1769518318.3729308,15.208260536193848,-19.227750778198242,16.183568954467773,-19.505390167236328,1.01405668258667
1769518318.3932009,15.19253158569336,-19.231252670288086,16.15979766845703,-19.51151466369629,1.007049560546875
1769518318.4128492,15.113815307617188,-19.248435974121094,16.084131240844727,-19.54391098022461,1.014305830001831
1769518318.4330068,15.066529273986816,-19.258481979370117,16.036270141601562,-19.574010848999023,1.0197819471359253
1769518318.4530773,14.979731559753418,-19.276390075683594,15.959094047546387,-19.603307723999023,1.032484769821167
1769518318.4730527,14.940234184265137,-19.28430938720703,15.922985076904297,-19.621124267578125,1.0388667583465576
1769518318.4929843,14.853242874145508,-19.301252365112305,15.862154006958008,-19.657949447631836,1.0701093673706055
1769518318.5127692,14.781973838806152,-19.314619064331055,15.802438735961914,-19.699453353881836,1.0906165838241577
1769518318.532896,14.718555450439453,-19.326128005981445,15.716233253479004,-19.722097396850586,1.073384165763855
1769518318.5528839,14.655073165893555,-19.337284088134766,15.661761283874512,-19.757078170776367,1.0907095670700073
1769518318.5731966,14.591530799865723,-19.348087310791016,15.621235847473145,-19.744108200073242,1.1032339334487915
1769518318.5929127,14.535881996154785,-19.357250213623047,15.572962760925293,-19.77202033996582,1.1169466972351074
1769518318.6130965,14.496106147766113,-19.363630294799805,15.53466796875,-19.74579620361328,1.1066440343856812
1769518318.633018,14.48019027709961,-19.36614227294922,15.516120910644531,-19.742931365966797,1.102325201034546
1769518318.6530697,14.45630931854248,-19.369871139526367,15.478591918945312,-19.735321044921875,1.0856404304504395
1769518318.6727836,14.39258861541748,-19.37957000732422,15.418147087097168,-19.774059295654297,1.0988141298294067
1769518318.6929107,14.320839881896973,-19.390056610107422,15.397658348083496,-19.765949249267578,1.140540361404419
1769518318.7129636,14.233060836791992,-19.402265548706055,15.321401596069336,-19.786699295043945,1.1542426347732544
1769518318.7329493,14.169163703918457,-19.410722732543945,15.267425537109375,-19.817718505859375,1.1712487936019897
1769518318.7528718,14.137197494506836,-19.414817810058594,15.237261772155762,-19.824966430664062,1.1740365028381348
1769518318.7728841,14.057234764099121,-19.42466926574707,15.120195388793945,-19.868173599243164,1.1517739295959473
1769518318.7929008,14.001220703125,-19.43123435974121,15.071166038513184,-19.89292335510254,1.1653074026107788
1769518318.8129325,13.977204322814941,-19.433963775634766,14.958182334899902,-19.814729690551758,1.0522832870483398
1769518318.8328817,13.873071670532227,-19.44521713256836,14.871623992919922,-19.872690200805664,1.0862040519714355
1769518318.853036,13.85704231262207,-19.44686508178711,14.88259220123291,-19.852624893188477,1.1029020547866821
1769518318.8730323,13.752795219421387,-19.457040786743164,14.796674728393555,-19.90995979309082,1.1379008293151855
1769518318.8930874,13.736749649047852,-19.458524703979492,14.696436882019043,-19.883743286132812,1.0496716499328613
1769518318.9130456,13.6885986328125,-19.46283721923828,14.650729179382324,-19.899871826171875,1.056738018989563
1769518318.932873,13.640429496765137,-19.466949462890625,14.605328559875488,-19.937732696533203,1.0736231803894043
1769518318.952913,13.56010913848877,-19.473360061645508,14.535706520080566,-19.976932525634766,1.0978955030441284
1769518318.973067,13.511896133422852,-19.476940155029297,14.50826644897461,-19.953170776367188,1.1043328046798706
1769518318.9928455,13.439547538757324,-19.481935501098633,14.444989204406738,-19.98556137084961,1.1245230436325073
1769518319.0129092,13.367168426513672,-19.48648452758789,14.336544036865234,-19.968952178955078,1.0828040838241577
1769518319.0329175,13.302807807922363,-19.490150451660156,14.27834701538086,-19.99429702758789,1.0981078147888184
1769518319.05292,13.23842716217041,-19.49346160888672,14.189764022827148,-19.963071823120117,1.060931921005249
1769518319.0735116,13.18207836151123,-19.496065139770508,14.13672161102295,-19.98095703125,1.0707300901412964
1769518319.0934072,13.125717163085938,-19.498397827148438,14.087848663330078,-19.967355728149414,1.070335865020752
1769518319.1129155,13.045182228088379,-19.501258850097656,14.017205238342285,-20.001493453979492,1.0931891202926636
1769518319.1330018,13.004907608032227,-19.50248146057129,13.911540031433105,-19.977930068969727,1.0237360000610352
1769518319.152979,12.956571578979492,-19.50376319885254,13.863560676574707,-19.988719940185547,1.0284993648529053
1769518319.1728246,12.908230781555176,-19.504846572875977,13.82156753540039,-19.993942260742188,1.0360491275787354
1769518319.1927974,12.851826667785645,-19.505857467651367,13.731307029724121,-19.991291046142578,1.004555106163025
1769518319.2129395,12.779300689697266,-19.506757736206055,13.664440155029297,-20.01734161376953,1.0218453407287598
1769518319.2329102,12.722887992858887,-19.50714683532715,13.574289321899414,-19.99380874633789,0.9806755185127258
1769518319.2528076,12.65035343170166,-19.507247924804688,13.506662368774414,-20.018619537353516,0.9973798394203186
1769518319.2732816,12.593937873840332,-19.507015228271484,13.418200492858887,-19.965835571289062,0.9433589577674866
1769518319.2932117,12.561700820922852,-19.506759643554688,13.38015365600586,-19.96269416809082,0.9368783235549927
1769518319.3135746,12.505287170410156,-19.506099700927734,13.284514427185059,-19.95574188232422,0.8996516466140747
1769518319.3329682,12.440818786621094,-19.50501251220703,13.22153091430664,-19.97308349609375,0.9102765321731567
1769518319.3529165,12.368298530578613,-19.50336456298828,13.14909839630127,-19.974817276000977,0.912094235420227
1769518319.3729694,12.336071014404297,-19.50248908996582,13.110010147094727,-19.970291137695312,0.9043344259262085
1769518319.3928125,12.28773307800293,-19.501007080078125,13.066349983215332,-19.963266372680664,0.9054988622665405
1769518319.412917,12.223292350769043,-19.498722076416016,13.002911567687988,-19.9786376953125,0.9154914021492004
1769518319.4329426,12.174969673156738,-19.496776580810547,12.909791946411133,-19.964828491210938,0.8712266087532043
1769518319.452916,12.086400032043457,-19.49268913269043,12.826987266540527,-19.994413375854492,0.8945369124412537
1769518319.4731402,12.054200172424316,-19.491037368774414,12.767693519592285,-19.94980812072754,0.8482592701911926
1769518319.4929085,11.957629203796387,-19.48554801940918,12.67821216583252,-19.98311996459961,0.8756809830665588
1769518319.5130959,11.949583053588867,-19.485055923461914,12.628073692321777,-19.924909591674805,0.808591902256012
1769518319.532972,11.861103057861328,-19.479263305664062,12.543795585632324,-19.951717376708984,0.8302296996116638
1769518319.552962,11.812860488891602,-19.47582244873047,12.499276161193848,-19.93842124938965,0.827746570110321
1769518319.5728607,11.716416358947754,-19.46834373474121,12.408429145812988,-19.968732833862305,0.8539739847183228
1769518319.5928602,11.676250457763672,-19.46499252319336,12.354825973510742,-19.96995735168457,0.8458461165428162
1769518319.613252,11.620036125183105,-19.460067749023438,12.328160285949707,-19.916271209716797,0.8423539996147156
1769518319.6329567,11.547795295715332,-19.453340530395508,12.256211280822754,-19.930578231811523,0.8541713356971741
1769518319.653075,11.467577934265137,-19.445341110229492,12.144871711730957,-19.911684036254883,0.8223151564598083
1769518319.6732843,11.427489280700684,-19.44113540649414,12.096776962280273,-19.905311584472656,0.8144968152046204
1769518319.6929142,11.379401206970215,-19.43590545654297,12.00506591796875,-19.846309661865234,0.7482558488845825
1769518319.7129805,11.299304008483887,-19.42675018310547,11.924278259277344,-19.861541748046875,0.7613378763198853
1769518319.7329133,11.24327278137207,-19.420013427734375,11.803855895996094,-19.838211059570312,0.6993867754936218
1769518319.7529538,11.163285255432129,-19.409923553466797,11.721354484558105,-19.852115631103516,0.7120213508605957
1769518319.7731013,11.131309509277344,-19.405733108520508,11.658669471740723,-19.814002990722656,0.6669276356697083
1769518319.7929208,11.083367347717285,-19.399282455444336,11.601290702819824,-19.809165954589844,0.6604915857315063
1769518319.8131607,11.027467727661133,-19.391508102416992,11.452261924743652,-19.807464599609375,0.5945335626602173
1769518319.8330328,10.955652236938477,-19.38111686706543,11.373143196105957,-19.8149471282959,0.6020862460136414
1769518319.8532705,10.899839401245117,-19.37272834777832,11.22447681427002,-19.737363815307617,0.48820990324020386
1769518319.8731513,10.867964744567871,-19.367815017700195,11.176590919494629,-19.72193717956543,0.4697367548942566
1769518319.8929527,10.836103439331055,-19.362812042236328,11.223318099975586,-19.701433181762695,0.5143921971321106
1769518319.9129646,10.756509780883789,-19.349925994873047,11.136914253234863,-19.710512161254883,0.5241464972496033
1769518319.9329867,10.708796501159668,-19.34193229675293,11.052169799804688,-19.712419509887695,0.5051395297050476
1769518319.9530816,10.669059753417969,-19.335119247436523,10.998202323913574,-19.700279235839844,0.4916055202484131
1769518319.9730513,10.597593307495117,-19.3225154876709,10.851634979248047,-19.71954917907715,0.47135287523269653
1769518319.9932406,10.549991607666016,-19.313865661621094,10.782286643981934,-19.715112686157227,0.4636380672454834
1769518320.0130234,10.470735549926758,-19.299015045166016,10.692444801330566,-19.722793579101562,0.4782712757587433
1769518320.032943,10.399492263793945,-19.285184860229492,10.67923641204834,-19.639484405517578,0.451424777507782
1769518320.0538065,10.336236953735352,-19.27252197265625,10.645186424255371,-19.536243438720703,0.40619972348213196
1769518320.0730202,10.304635047912598,-19.26605987548828,10.598515510559082,-19.517175674438477,0.386555552482605
1769518320.093298,10.21782112121582,-19.24784278869629,10.38192367553711,-19.53015899658203,0.32654380798339844
1769518320.1133323,10.16264820098877,-19.235910415649414,10.31053638458252,-19.52058219909668,0.3207947313785553
1769518320.1329842,10.115402221679688,-19.2254695892334,10.360686302185059,-19.507598876953125,0.3738466203212738
1769518320.1532826,10.060336112976074,-19.213045120239258,10.290827751159668,-19.49724578857422,0.3659188151359558
1769518320.1729293,10.02889633178711,-19.205825805664062,10.260287284851074,-19.481077194213867,0.35959091782569885
1769518320.1929104,9.942540168762207,-19.185527801513672,10.168824195861816,-19.48137092590332,0.37246084213256836
1769518320.2132185,9.919014930725098,-19.179880142211914,10.094042778015137,-19.422462463378906,0.29913485050201416
1769518320.233409,9.887666702270508,-19.172273635864258,10.044886589050293,-19.399986267089844,0.27671632170677185
1769518320.2529347,9.825032234191895,-19.156801223754883,9.931215286254883,-19.401424407958984,0.26667460799217224
1769518320.2730434,9.785929679870605,-19.14695930480957,9.873770713806152,-19.382509231567383,0.2513958215713501
1769518320.2931333,9.715629577636719,-19.128902435302734,9.538687705993652,-19.31982421875,0.2603071331977844
1769518320.3129735,9.661029815673828,-19.114559173583984,9.461081504821777,-19.306171417236328,0.27693748474121094
1769518320.3331068,9.575370788574219,-19.091493606567383,9.542269706726074,-19.352806091308594,0.2634008228778839
1769518320.3543565,9.52872085571289,-19.078638076782227,9.473516464233398,-19.33350944519043,0.260781466960907
1769518320.3729315,9.482124328613281,-19.065593719482422,9.544301986694336,-19.258642196655273,0.202814519405365
1769518320.3930032,9.412330627441406,-19.045665740966797,9.455848693847656,-19.249380111694336,0.2083098590373993
1769518320.4128933,9.373610496520996,-19.03441047668457,9.398035049438477,-19.22728157043457,0.19441230595111847
1769518320.433051,9.319466590881348,-19.018428802490234,9.341697692871094,-19.18012237548828,0.16321490705013275
1769518320.4530392,9.265399932861328,-19.002187728881836,9.276124954223633,-19.158931732177734,0.15711089968681335
1769518320.4729621,9.249966621398926,-18.997499465942383,9.241866111755371,-19.12663459777832,0.12938879430294037
1769518320.4929078,9.16519832611084,-18.97134017944336,9.11141586303711,-19.14404296875,0.18088358640670776
1769518320.5129783,9.11904525756836,-18.956802368164062,9.04417896270752,-19.123327255249023,0.18257997930049896
1769518320.5329516,9.049927711486816,-18.93463897705078,8.777931213378906,-19.098485946655273,0.31753426790237427
1769518320.5529912,8.988605499267578,-18.914583206176758,8.690183639526367,-19.082380294799805,0.34236156940460205
1769518320.573014,8.965638160705566,-18.90697479248047,8.879003524780273,-19.030908584594727,0.15121197700500488
1769518320.5928721,8.896829605102539,-18.883869171142578,8.786724090576172,-19.01639175415039,0.1722952276468277
1769518320.6128573,8.866293907165527,-18.873464584350586,8.763092041015625,-19.00244903564453,0.1651907116174698
1769518320.63308,8.828165054321289,-18.860340118408203,8.703930854797363,-18.976972579956055,0.17040331661701202
1769518320.6530805,8.75964641571045,-18.836387634277344,8.593506813049316,-18.96285057067871,0.2087939977645874
1769518320.6734328,8.721643447875977,-18.822898864746094,8.533267974853516,-18.936567306518555,0.22001340985298157
1769518320.6929326,8.660937309265137,-18.80104637145996,8.27649211883545,-18.901811599731445,0.3974307179450989
1769518320.7128966,8.600350379943848,-18.77886390686035,8.195282936096191,-18.879520416259766,0.4173857867717743
1769518320.733226,8.5549898147583,-18.762008666992188,8.230223655700684,-18.781661987304688,0.32536086440086365
1769518320.7532735,8.509698867797852,-18.74496841430664,8.296174049377441,-18.767353057861328,0.21469555795192719
1769518320.7729237,8.456948280334473,-18.724853515625,8.218912124633789,-18.74375343322754,0.23878474533557892
1769518320.7929409,8.396780014038086,-18.701555252075195,8.131909370422363,-18.720848083496094,0.26557210087776184
1769518320.8130515,8.344237327575684,-18.6809024810791,7.941379547119141,-18.69080352783203,0.40297931432724
1769518320.8328393,8.276827812194824,-18.65397834777832,7.842334747314453,-18.669187545776367,0.4347597658634186
1769518320.8529565,8.23198127746582,-18.63579750061035,7.698164463043213,-18.606924057006836,0.5345972180366516
1769518320.8729174,8.20212459564209,-18.623577117919922,7.642244815826416,-18.573989868164062,0.562071681022644
1769518320.8929338,8.157402992248535,-18.605091094970703,7.8055925369262695,-18.65787696838379,0.3557480573654175
1769518320.9129658,8.112756729125977,-18.586423873901367,7.735280990600586,-18.629989624023438,0.3799811601638794
1769518320.9328315,8.090462684631348,-18.577022552490234,7.760232448577881,-18.623390197753906,0.3334696292877197
1769518320.9528904,8.031105041503906,-18.551725387573242,7.672113418579102,-18.598966598510742,0.36208710074424744
1769518320.9728317,7.979281425476074,-18.529325485229492,7.569656848907471,-18.49517250061035,0.41104623675346375
1769518320.9929726,7.9201860427856445,-18.5034236907959,7.480013847351074,-18.468076705932617,0.44158920645713806
1769518321.0129025,7.9054341316223145,-18.496896743774414,7.580756664276123,-18.486690521240234,0.3248381018638611
1769518321.0330322,7.853873252868652,-18.47389793395996,7.502575397491455,-18.45851707458496,0.3516347408294678
1769518321.053789,7.8318095207214355,-18.463964462280273,7.437854290008545,-18.385793685913086,0.40163594484329224
1769518321.0731802,7.758410930633545,-18.430530548095703,7.329943656921387,-18.3612060546875,0.43403974175453186
1769518321.092919,7.714481830596924,-18.41023063659668,7.329258441925049,-18.364482879638672,0.38793033361434937
1769518321.1129196,7.6925482749938965,-18.400012969970703,7.38067102432251,-18.359222412109375,0.31453338265419006
1769518321.1330538,7.605024814605713,-18.35869598388672,7.254235744476318,-18.33507537841797,0.3515830338001251
1769518321.1528704,7.590470314025879,-18.35173988342285,7.256662368774414,-18.270776748657227,0.34348586201667786
1769518321.1729672,7.532348155975342,-18.32371711730957,7.169272422790527,-18.240665435791016,0.37245333194732666
1769518321.1929443,7.481616973876953,-18.29893684387207,7.09138298034668,-18.2091007232666,0.4004412889480591
1769518321.2132823,7.431005001068115,-18.273914337158203,7.078487873077393,-18.167484283447266,0.36823344230651855
1769518321.232983,7.358909606933594,-18.237751007080078,6.970818519592285,-18.137264251708984,0.40088915824890137
1769518321.2535884,7.308590412139893,-18.212142944335938,6.895055294036865,-18.060546875,0.4404461085796356
1769518321.272963,7.258394241333008,-18.186296463012695,6.816943645477295,-18.026466369628906,0.4694935381412506
1769518321.2928996,7.229765892028809,-18.171419143676758,6.83607816696167,-17.98386001586914,0.43608295917510986
1769518321.312955,7.179764270782471,-18.14519500732422,6.758604049682617,-17.948238372802734,0.46493884921073914
1769518321.3332198,7.137005805969238,-18.122528076171875,6.778064727783203,-18.016403198242188,0.37430089712142944
1769518321.3530152,7.065948486328125,-18.084362030029297,6.6705403327941895,-17.983219146728516,0.4081387519836426
1769518321.373033,6.995152950286865,-18.04570960998535,6.572904109954834,-17.885990142822266,0.45144718885421753
1769518321.3935306,6.938706874847412,-18.014442443847656,6.510900497436523,-17.795930862426758,0.4803802967071533
1769518321.4128263,6.875410079956055,-17.978897094726562,6.413046360015869,-17.75868034362793,0.5121290683746338
1769518321.4329772,6.826330184936523,-17.95098304748535,6.400101184844971,-17.722877502441406,0.4834287464618683
1769518321.453015,6.777384281158447,-17.922834396362305,6.313233375549316,-17.682878494262695,0.522508442401886
1769518321.4730287,6.714652061462402,-17.886301040649414,6.307530879974365,-17.653823852539062,0.4688214063644409
1769518321.4930174,6.679897785186768,-17.8658390045166,6.253721714019775,-17.61381721496582,0.4951164722442627
1769518321.5129042,6.638285160064697,-17.84112548828125,6.231732368469238,-17.52771759033203,0.5133318305015564
1769518321.533437,6.576056480407715,-17.803739547729492,6.1355299949646,-17.483810424804688,0.544442892074585
1769518321.5529494,6.520935535430908,-17.770185470581055,6.129669666290283,-17.461259841918945,0.4985218048095703
1769518321.5731707,6.459144592285156,-17.732078552246094,6.034444808959961,-17.416479110717773,0.5291244983673096
1769518321.5931048,6.424917221069336,-17.710742950439453,5.982259750366211,-17.374134063720703,0.5561039447784424
1769518321.6132224,6.404416084289551,-17.697887420654297,6.000275611877441,-17.331466674804688,0.5455206036567688
1769518321.6337492,6.349874973297119,-17.66339683532715,5.975191116333008,-17.317901611328125,0.5096614956855774
1769518321.653031,6.288742542266846,-17.624242782592773,5.881176948547363,-17.273115158081055,0.5379598140716553
1769518321.6731682,6.248121738433838,-17.597932815551758,5.880712985992432,-17.22372817993164,0.5244209170341492
1769518321.6929913,6.187393665313721,-17.558155059814453,5.787710666656494,-17.17587661743164,0.5530670881271362
1769518321.7129774,6.160482406616211,-17.54035758972168,5.7967848777771,-17.12141990661621,0.5547837615013123
1769518321.7328997,6.106805801391602,-17.50454330444336,5.726510047912598,-17.07463836669922,0.5739710330963135
1769518321.7528777,6.060000419616699,-17.472965240478516,5.711789608001709,-17.037525177001953,0.5575464367866516
1769518321.773053,6.0200018882751465,-17.445720672607422,5.65348482131958,-16.99068832397461,0.5842843651771545
1769518321.7929146,5.9668450355529785,-17.409141540527344,5.712189674377441,-17.032453536987305,0.45468905568122864
1769518321.8128188,5.913889408111572,-17.372272491455078,5.634478569030762,-16.983970642089844,0.47838082909584045
1769518321.8328412,5.861135959625244,-17.335115432739258,5.5559282302856445,-16.883920669555664,0.5447268486022949
1769518321.8529532,5.834835529327393,-17.316429138183594,5.522078990936279,-16.83932876586914,0.5704739093780518
1769518321.8729122,5.782389163970947,-17.278841018676758,5.472122669219971,-16.775339126586914,0.5914216041564941
1769518321.8929844,5.717121601104736,-17.231454849243164,5.37299108505249,-16.719587326049805,0.6167944669723511
1769518321.9128869,5.691105842590332,-17.212377548217773,5.475961685180664,-16.732301712036133,0.5260794162750244
1769518321.9328403,5.6586594581604,-17.18842887878418,5.434314250946045,-16.685686111450195,0.5505274534225464
1769518321.9527972,5.606916427612305,-17.14988136291504,5.3641204833984375,-16.612285614013672,0.589881956577301
1769518321.972919,5.542535305023193,-17.101303100585938,5.267920970916748,-16.55436134338379,0.6120110750198364
1769518321.9929965,5.510470390319824,-17.07684898376465,5.336643695831299,-16.52284049987793,0.5806377530097961
1769518322.013112,5.4976677894592285,-17.067035675048828,5.330226421356201,-16.480907440185547,0.6095772981643677
1769518322.0330458,5.4848785400390625,-17.057207107543945,5.37393045425415,-16.530517578125,0.5382484197616577
1769518322.0528312,5.446592330932617,-17.027612686157227,5.3246564865112305,-16.481855392456055,0.5592123866081238
1769518322.0729263,5.3893914222717285,-16.982929229736328,5.396244049072266,-16.540891647338867,0.4420909583568573
1769518322.0928793,5.338778495788574,-16.942914962768555,5.3284010887146,-16.48859405517578,0.4544399082660675
1769518322.1130278,5.29467248916626,-16.907676696777344,5.187735080718994,-16.36838150024414,0.5497951507568359
1769518322.1329124,5.275821685791016,-16.89251136779785,5.172882556915283,-16.325960159301758,0.5758271217346191
1769518322.153104,5.213212490081787,-16.841676712036133,5.051579475402832,-16.214628219604492,0.6475462317466736
1769518322.1730905,5.175814628601074,-16.810972213745117,5.003644943237305,-16.163286209106445,0.6701791882514954
1769518322.1931279,5.113766670227051,-16.759458541870117,5.0833306312561035,-16.23011589050293,0.530215322971344
1769518322.2128513,5.058227062225342,-16.712732315063477,5.006649494171143,-16.171968460083008,0.543218195438385
1769518322.2331002,4.984624862670898,-16.649904251098633,4.94140100479126,-16.068256378173828,0.5832502245903015
1769518322.2529073,4.972408294677734,-16.639373779296875,4.954055309295654,-15.92877197265625,0.710838258266449
1769518322.2728848,4.929764270782471,-16.602386474609375,4.90089225769043,-15.871576309204102,0.7313797473907471
1769518322.2931454,4.8933539390563965,-16.570520401000977,4.933028697967529,-15.927347183227539,0.644395649433136
1769518322.3132136,4.838984966278076,-16.522441864013672,4.850073337554932,-15.861681938171387,0.6608521342277527
1769518322.3329067,4.796903610229492,-16.484813690185547,4.891785144805908,-15.845806121826172,0.6460142135620117
1769518322.3535225,4.760978698730469,-16.452402114868164,4.853178977966309,-15.792768478393555,0.6660465002059937
1769518322.372942,4.683599948883057,-16.381669998168945,4.741731643676758,-15.715367317199707,0.6688342690467834
1769518322.3932602,4.654007434844971,-16.35428237915039,4.756479740142822,-15.642081260681152,0.7195348739624023
1769518322.4129786,4.5951056480407715,-16.29920196533203,4.677858352661133,-15.573352813720703,0.7305511236190796
1769518322.4331892,4.554100036621094,-16.260404586791992,4.736147880554199,-15.637467384338379,0.6489936709403992
1769518322.4529922,4.495845317840576,-16.204641342163086,4.660872459411621,-15.569266319274902,0.656455934047699
1769518322.472895,4.466861724853516,-16.17660903930664,4.640776634216309,-15.479787826538086,0.7181960344314575
1769518322.4931915,4.426446914672852,-16.137197494506836,4.59738302230835,-15.420623779296875,0.73667973279953
1769518322.513045,4.374764442443848,-16.086240768432617,4.554845809936523,-15.381363868713379,0.7275158762931824
1769518322.532974,4.323398113250732,-16.034963607788086,4.492179870605469,-15.314360618591309,0.7401058077812195
1769518322.5531397,4.294998645782471,-16.00634002685547,4.6422247886657715,-15.448454856872559,0.6571164727210999
1769518322.572789,4.272349834442139,-15.98337173461914,4.633211135864258,-15.404542922973633,0.682101845741272
1769518322.5928402,4.232867240905762,-15.943025588989258,4.652193069458008,-15.466492652893066,0.6347581744194031
1769518322.6129997,4.199179649353027,-15.908292770385742,4.625288486480713,-15.415885925292969,0.6511789560317993
1769518322.632942,4.160058498382568,-15.867595672607422,4.58882999420166,-15.360833168029785,0.6638172268867493
1769518322.6528957,4.104512691497803,-15.809131622314453,4.456058502197266,-15.189946174621582,0.7120223045349121
1769518322.6730986,4.060366153717041,-15.762085914611816,4.498866558074951,-15.210638046264648,0.7045404314994812
1769518322.6929922,4.005548477172852,-15.702938079833984,4.435819149017334,-15.14058780670166,0.7080754041671753
1769518322.7131484,3.967418909072876,-15.661311149597168,4.50339937210083,-15.213296890258789,0.6985641121864319
1769518322.7329073,3.9403061866760254,-15.631464958190918,4.490444660186768,-15.167490005493164,0.719669759273529
1769518322.7529671,3.9025216102600098,-15.589524269104004,4.433823108673096,-15.151000022888184,0.6889005899429321
1769518322.7729516,3.8756566047668457,-15.559454917907715,4.4211106300354,-15.105413436889648,0.7096999287605286
1769518322.7933648,3.8542392253875732,-15.535332679748535,4.418516635894775,-15.063876152038574,0.735309898853302
1769518322.8131168,3.806293487548828,-15.480843544006348,4.279001712799072,-14.987519264221191,0.6832437515258789
1769518322.832991,3.7798032760620117,-15.450444221496582,4.265785217285156,-14.940871238708496,0.7041614651679993
1769518322.8529727,3.7166547775268555,-15.377113342285156,4.203951358795166,-14.938929557800293,0.6553338766098022
1769518322.8730016,3.7061891555786133,-15.364840507507324,4.218545436859131,-14.907857894897461,0.6865435838699341
1769518322.8931823,3.638575553894043,-15.28471851348877,4.157592296600342,-14.859109878540039,0.6712087392807007
1769518322.912817,3.623074531555176,-15.266143798828125,4.1635308265686035,-14.824012756347656,0.6982638835906982
1769518322.9328887,3.587055206298828,-15.222676277160645,4.114062786102295,-14.72008228302002,0.7282427549362183
1769518322.9529216,3.541053533554077,-15.166535377502441,4.068202972412109,-14.653847694396973,0.7353464961051941
1769518322.9728427,3.5004565715789795,-15.116393089294434,4.089963912963867,-14.682493209838867,0.7319753170013428
1769518322.9929695,3.460136651992798,-15.066027641296387,4.055577754974365,-14.622136116027832,0.7426909804344177
1769518323.0129879,3.4101288318634033,-15.002758979797363,3.994137763977051,-14.6067533493042,0.7056107521057129
1769518323.0330105,3.3654959201812744,-14.945523262023926,3.9525251388549805,-14.541824340820312,0.7124437093734741
1769518323.052963,3.3261215686798096,-14.894414901733398,3.962387800216675,-14.51461124420166,0.7410030961036682
1769518323.0734518,3.3065402507781982,-14.868779182434082,4.010215759277344,-14.484453201293945,0.8017891049385071
1769518323.0929897,3.282163381576538,-14.836658477783203,4.003634929656982,-14.440937042236328,0.8228707313537598
1769518323.1128533,3.2530579566955566,-14.798003196716309,3.955354690551758,-14.513572692871094,0.7577080726623535
1769518323.1330433,3.2049055099487305,-14.73331069946289,3.910290479660034,-14.44520378112793,0.7619538307189941
1769518323.1528363,3.180997133255005,-14.700839042663574,3.973572015762329,-14.469268798828125,0.8257119059562683
1769518323.1730685,3.1524553298950195,-14.661765098571777,3.9624292850494385,-14.422974586486816,0.844439685344696
1769518323.1929727,3.1240761280059814,-14.622573852539062,3.951632499694824,-14.376574516296387,0.8633452653884888
1769518323.2130654,3.1052467823028564,-14.596380233764648,3.918790578842163,-14.373846054077148,0.8434302806854248
1769518323.2329462,3.0818123817443848,-14.563565254211426,3.9156413078308105,-14.33320426940918,0.8650648593902588
1769518323.2531447,3.039916753768921,-14.504295349121094,3.8981258869171143,-14.34623908996582,0.8726423978805542
1769518323.273003,2.9800541400909424,-14.418225288391113,3.8362174034118652,-14.263594627380371,0.8700149655342102
1769518323.2928708,2.9526867866516113,-14.378318786621094,3.833362102508545,-14.250875473022461,0.8898488879203796
1769518323.3129616,2.916454553604126,-14.324935913085938,3.8183481693267822,-14.200883865356445,0.9103848934173584
1769518323.33293,2.889474391937256,-14.28476619720459,3.7625033855438232,-14.149836540222168,0.8833943605422974
1769518323.3530486,2.836014747619629,-14.204094886779785,3.7124462127685547,-14.071837425231934,0.886354386806488
1769518323.3728232,2.822754383087158,-14.183857917785645,3.7624785900115967,-14.171528816223145,0.9398048520088196
1769518323.3928242,2.7875993251800537,-14.129758834838867,3.7423055171966553,-14.117877960205078,0.9547800421714783
1769518323.4128983,2.76142954826355,-14.089056968688965,3.6731245517730713,-14.03107738494873,0.9135367274284363
1769518323.4331098,2.731112003326416,-14.041434288024902,3.659850835800171,-13.981864929199219,0.9306471943855286
1769518323.4528553,2.7010254859924316,-13.993667602539062,3.6550214290618896,-13.967705726623535,0.9543490409851074
1769518323.4732866,2.6669247150421143,-13.938899040222168,3.636610984802246,-13.913283348083496,0.970024585723877
1769518323.4930103,2.6331279277801514,-13.88394546508789,3.554471015930176,-13.856679916381836,0.9217464327812195
1769518323.5130122,2.595470666885376,-13.821901321411133,3.536003351211548,-13.802175521850586,0.9407394528388977
1769518323.5329926,2.5664491653442383,-13.77348518371582,3.5152475833892822,-13.769323348999023,0.9488074779510498
1769518323.5528204,2.525397300720215,-13.704078674316406,3.491959810256958,-13.709308624267578,0.9665766358375549
1769518323.5729625,2.4848268032073975,-13.634392738342285,3.4607114791870117,-13.694381713867188,0.9777268171310425
1769518323.593053,2.4527182579040527,-13.578445434570312,3.4454469680786133,-13.640713691711426,0.9946796298027039
1769518323.6128085,2.409075975418091,-13.50123119354248,3.4129252433776855,-13.569828987121582,1.006190538406372
1769518323.632926,2.3894331455230713,-13.466025352478027,3.4106106758117676,-13.570709228515625,1.0265294313430786
1769518323.6528528,2.366022825241089,-13.423688888549805,3.4087722301483154,-13.528962135314941,1.048049807548523
1769518323.6729457,2.346648931503296,-13.388336181640625,3.3521745204925537,-13.528128623962402,1.0151963233947754
1769518323.6929462,2.3197312355041504,-13.338729858398438,3.344358444213867,-13.481176376342773,1.0344812870025635
1769518323.7129607,2.281696319580078,-13.2676420211792,3.2885074615478516,-13.42056655883789,1.0183590650558472
1769518323.7331164,2.251624345779419,-13.210583686828613,3.2760090827941895,-13.367709159851074,1.0363647937774658
1769518323.752979,2.240429401397705,-13.1891450881958,3.250520706176758,-13.357013702392578,1.0239455699920654
1769518323.7728386,2.199763536453247,-13.110339164733887,3.2272610664367676,-13.292885780334473,1.0435872077941895
1769518323.792879,2.1851255893707275,-13.0816068649292,3.1976966857910156,-13.28774642944336,1.0333410501480103
1769518323.8128095,2.1345226764678955,-12.980728149414062,3.1544859409332275,-13.200618743896484,1.0433967113494873
1769518323.8330271,2.123807191848755,-12.9590482711792,3.0528359413146973,-13.172270774841309,0.9531832337379456
1769518323.8529844,2.081397294998169,-12.872109413146973,3.0198497772216797,-13.096405029296875,0.9648842215538025
1769518323.8729932,2.074399471282959,-12.857584953308105,3.008629083633423,-13.086328506469727,0.9618254899978638
1769518323.8929095,2.029406785964966,-12.762948036193848,2.971663236618042,-13.004579544067383,0.9727453589439392
1769518323.9129524,2.0259811878204346,-12.755651473999023,2.9826767444610596,-12.98926067352295,0.9848043918609619
1769518323.932852,1.981911063194275,-12.660584449768066,2.9470937252044678,-12.907238960266113,0.996200680732727
1769518323.9528053,1.9685239791870117,-12.631255149841309,2.9356305599212646,-12.91938304901123,1.0091147422790527
1769518323.9728358,1.9255799055099487,-12.535679817199707,2.901693105697632,-12.83787727355957,1.0218220949172974
1769518323.9928784,1.9092931747436523,-12.498818397521973,2.8467531204223633,-12.825531005859375,0.9927600622177124
1769518324.0131948,1.8771042823791504,-12.424928665161133,2.827359437942505,-12.761845588684082,1.008215308189392
1769518324.0329216,1.8485738039016724,-12.35823917388916,2.8125171661376953,-12.70407485961914,1.0241038799285889
1769518324.0536342,1.826672077178955,-12.306248664855957,2.762756586074829,-12.603082656860352,0.9820205569267273
1769518324.0731301,1.80195152759552,-12.246703147888184,2.7526321411132812,-12.549997329711914,0.9978886246681213
1769518324.0930488,1.7897154092788696,-12.216878890991211,2.725728750228882,-12.581756591796875,1.0046178102493286
1769518324.1128433,1.7715167999267578,-12.172080039978027,2.728344202041626,-12.547706604003906,1.0279171466827393
1769518324.1329863,1.7594882249832153,-12.142172813415527,2.654618263244629,-12.523110389709473,0.9728159308433533
1769518324.1528807,1.7445695400238037,-12.104742050170898,2.656219482421875,-12.48902702331543,0.9893333911895752
1769518324.1728473,1.7151225805282593,-12.029727935791016,2.577357292175293,-12.401176452636719,0.9388415217399597
1769518324.1929355,1.6948201656341553,-11.977097511291504,2.5703017711639404,-12.354523658752441,0.9533719420433044
1769518324.2128384,1.6861975193023682,-11.954512596130371,2.575827121734619,-12.355384826660156,0.9757765531539917
1769518324.232846,1.6606123447418213,-11.886649131774902,2.561248302459717,-12.297049522399902,0.9897336959838867
1769518324.2531033,1.6437915563583374,-11.841320037841797,2.5149590969085693,-12.279879570007324,0.9753294587135315
1769518324.272922,1.6189149618148804,-11.77319622039795,2.500361442565918,-12.221772193908691,0.9890236854553223
1769518324.2930207,1.5971604585647583,-11.71251392364502,2.4222309589385986,-12.157586097717285,0.9374596476554871
1769518324.3128712,1.5730901956558228,-11.644103050231934,2.407226800918579,-12.098980903625488,0.9501038789749146
1769518324.332876,1.5520539283752441,-11.583169937133789,2.3846118450164795,-12.075733184814453,0.9673529267311096
1769518324.3528512,1.5287933349609375,-11.514481544494629,2.370290756225586,-12.017393112182617,0.9803254008293152
1769518324.3730173,1.5135250091552734,-11.468609809875488,2.2904975414276123,-11.963017463684082,0.9209370613098145
1769518324.3928301,1.5034524202346802,-11.437994003295898,2.2933192253112793,-11.934796333312988,0.9331139326095581
1769518324.41283,1.4786436557769775,-11.361333847045898,2.276378870010376,-11.888310432434082,0.9560785889625549
1769518324.4328423,1.461594581604004,-11.307570457458496,2.2690114974975586,-11.841838836669922,0.9681759476661682
1769518324.4528496,1.4448070526123047,-11.253725051879883,2.192558526992798,-11.770514488220215,0.9089570641517639
1769518324.4730096,1.4259415864944458,-11.192089080810547,2.1809194087982178,-11.717142105102539,0.9196038842201233
1769518324.4929283,1.4212785959243774,-11.176664352416992,2.1394238471984863,-11.735358238220215,0.9098743796348572
1769518324.5131502,1.3937504291534424,-11.083978652954102,2.11362361907959,-11.657567977905273,0.9204466342926025
1769518324.5328507,1.3914912939071655,-11.076245307922363,2.0759117603302,-11.657115936279297,0.8976874351501465
1769518324.5530286,1.3691943883895874,-10.998819351196289,2.0564124584198,-11.591659545898438,0.9075943827629089
1769518324.572885,1.362610101699829,-10.97556209564209,2.058389663696289,-11.555163383483887,0.9055647253990173
1769518324.5929863,1.3410120010375977,-10.89793872833252,2.039337635040283,-11.489110946655273,0.9149550199508667
1769518324.612825,1.3346376419067383,-10.87462329864502,1.975708246231079,-11.450213432312012,0.8615542650222778
1769518324.6333976,1.3137402534484863,-10.796809196472168,1.9560030698776245,-11.38345718383789,0.8698601722717285
1769518324.6530485,1.3034939765930176,-10.757848739624023,1.9232224225997925,-11.375272750854492,0.8748003840446472
1769518324.6728013,1.283407211303711,-10.679821968078613,1.8998351097106934,-11.302409172058105,0.8761265277862549
1769518324.6928804,1.277486801147461,-10.656387329101562,1.8597851991653442,-11.232011795043945,0.8187888860702515
1769518324.7130456,1.252395510673523,-10.554696083068848,1.829758644104004,-11.144902229309082,0.8256458640098572
1769518324.733045,1.2467354536056519,-10.531197547912598,1.8069515228271484,-11.165231704711914,0.8460745811462402
1769518324.7528737,1.228222370147705,-10.452783584594727,1.7862894535064697,-11.097750663757324,0.8528900742530823
1769518324.7729135,1.2155870199203491,-10.397817611694336,1.7149711847305298,-11.000039100646973,0.7823390960693359
1769518324.7928796,1.1911180019378662,-10.287707328796387,1.6811952590942383,-10.905200004577637,0.7883357405662537
1769518324.8130047,1.1877098083496094,-10.271958351135254,1.685423731803894,-10.872408866882324,0.7799105644226074
1769518324.8328278,1.1677199602127075,-10.177364349365234,1.6582216024398804,-10.78970718383789,0.7845733165740967
1769518324.8529372,1.1644648313522339,-10.161582946777344,1.6617894172668457,-10.772098541259766,0.7874400615692139
1769518324.8729467,1.148518443107605,-10.082608222961426,1.5792384147644043,-10.68432903289795,0.7399917244911194
1769518324.8928452,1.1422934532165527,-10.050987243652344,1.5755621194839478,-10.653182029724121,0.7418628334999084
1769518324.9128523,1.1211978197097778,-9.940181732177734,1.5211207866668701,-10.54386043548584,0.7241314053535461
1769518324.9329922,1.1168174743652344,-9.916411399841309,1.5202072858810425,-10.518868446350098,0.72503662109375
1769518324.952896,1.0984084606170654,-9.81330394744873,1.4716945886611938,-10.455147743225098,0.7425000071525574
1769518324.972875,1.094292402267456,-9.789485931396484,1.4641635417938232,-10.42867374420166,0.7384887933731079
1769518324.9928992,1.0770299434661865,-9.686180114746094,1.4328503608703613,-10.33703327178955,0.741766631603241
1769518325.012971,1.073178768157959,-9.662318229675293,1.3936395645141602,-10.293680191040039,0.7080348134040833
1769518325.0328999,1.0570650100708008,-9.55882740020752,1.3617087602615356,-10.201048851013184,0.7108134627342224
1769518325.052944,1.05466890335083,-9.542892456054688,1.3326759338378906,-10.187010765075684,0.70155268907547
1769518325.0731492,1.045305848121643,-9.479122161865234,1.315234899520874,-10.127805709838867,0.7026034593582153
1769518325.092952,1.0441604852676392,-9.471147537231445,1.2737401723861694,-10.080957412719727,0.651594340801239
1769518325.112898,1.03629732131958,-9.415300369262695,1.258366346359253,-10.027710914611816,0.6514298915863037
1769518325.1329198,1.0341006517410278,-9.399337768554688,1.2443788051605225,-9.97191333770752,0.6099666953086853
1769518325.1528,1.0203627347946167,-9.295504570007324,1.2108256816864014,-9.87663745880127,0.6115483641624451
1769518325.1728423,1.0183323621749878,-9.279519081115723,1.2122594118118286,-9.90645694732666,0.6562453508377075
1769518325.1929283,1.0066171884536743,-9.183550834655762,1.1817073822021484,-9.818419456481934,0.6585703492164612
1769518325.2131114,1.00381338596344,-9.159543991088867,1.162055253982544,-9.792167663574219,0.6521146893501282
1769518325.2327957,0.9922414422035217,-9.05544662475586,1.1281131505966187,-9.696598052978516,0.6553906798362732
1769518325.2531466,0.9888691306114197,-9.023395538330078,1.1211508512496948,-9.663341522216797,0.6534741520881653
1769518325.2728825,0.980050265789032,-8.935208320617676,1.0722726583480835,-9.593507766723633,0.6647278666496277
1769518325.293394,0.977761447429657,-8.911145210266113,1.067908525466919,-9.567280769348145,0.6622995138168335
1769518325.313064,0.9704936146736145,-8.830901145935059,1.0205514430999756,-9.474714279174805,0.6457566022872925
1769518325.3329568,0.9650799036026001,-8.766669273376465,1.0004881620407104,-9.412800788879395,0.6471009254455566
1769518325.353306,0.9612531065940857,-8.718475341796875,0.9741852283477783,-9.3792085647583,0.6608597040176392
1769518325.3728266,0.9570411443710327,-8.662229537963867,0.9567552804946899,-9.324394226074219,0.6621652841567993
1769518325.3929963,0.9531000852584839,-8.605962753295898,0.9380720853805542,-9.269607543945312,0.663814902305603
1769518325.4129727,0.949937105178833,-8.557718276977539,0.9236322045326233,-9.221542358398438,0.6643455624580383
1769518325.4330528,0.9479392766952515,-8.525547981262207,0.9044941067695618,-9.203636169433594,0.6794782876968384
1769518325.4529073,0.9451091885566711,-8.477282524108887,0.8897452354431152,-9.155704498291016,0.6806777715682983
1769518325.4729407,0.9408370852470398,-8.39681339263916,0.8334822654724121,-9.040375709533691,0.6524543166160583
1769518325.4931056,0.9392837285995483,-8.364617347717285,0.8242565393447876,-9.00583553314209,0.6514533162117004
1769518325.513288,0.9364436268806458,-8.300212860107422,0.8244014382362366,-8.961651802062988,0.6708607077598572
1769518325.532891,0.9336733222007751,-8.227739334106445,0.7998260855674744,-8.891016006469727,0.6766465902328491
1769518325.5529554,0.9313528537750244,-8.155248641967773,0.7570818066596985,-8.817920684814453,0.6852039098739624
1769518325.573004,0.9294822216033936,-8.082743644714355,0.7319356799125671,-8.746630668640137,0.6926553249359131
1769518325.592933,0.9276877045631409,-7.986052989959717,0.7124047875404358,-8.653565406799316,0.7013697624206543
1769518325.6129682,0.927010178565979,-7.929643154144287,0.6935740113258362,-8.596545219421387,0.7065770030021667
1769518325.6328065,0.9267452359199524,-7.897407531738281,0.6868447065353394,-8.578744888305664,0.7223380208015442
1769518325.6529844,0.9265690445899963,-7.865170955657959,0.6775687336921692,-8.544122695922852,0.7231709957122803
1769518325.673055,0.92653888463974,-7.857111930847168,0.6779038310050964,-8.531798362731934,0.7190417647361755
1769518325.6930242,0.9264817237854004,-7.8329339027404785,0.6715338826179504,-8.516412734985352,0.729479968547821
1769518325.7129729,0.9264832139015198,-7.80069637298584,0.6621749401092529,-8.481935501098633,0.7307153940200806
1769518325.7332287,0.9267526268959045,-7.7362213134765625,0.630323588848114,-8.420519828796387,0.7457443475723267
1769518325.7530136,0.9270205497741699,-7.703984260559082,0.6173630356788635,-8.378543853759766,0.7422389984130859
1769518325.7729876,0.9278227686882019,-7.639512538909912,0.5923798084259033,-8.345035552978516,0.7812074422836304
1769518325.7930102,0.9291496872901917,-7.566986560821533,0.5660766363143921,-8.273120880126953,0.7940075993537903
1769518325.8129716,0.9311509728431702,-7.486412525177002,0.5389158725738525,-8.204263687133789,0.8180214762687683
1769518325.8328729,0.9331512451171875,-7.421963214874268,0.515594482421875,-8.139703750610352,0.8303649425506592
1769518325.852867,0.9358256459236145,-7.349470615386963,0.504442572593689,-8.06987476348877,0.8396864533424377
1769518325.8734484,0.9371583461761475,-7.317256927490234,0.49470147490501404,-8.035404205322266,0.8435064554214478
1769518325.8929813,0.9397039413452148,-7.260891914367676,0.4868776500225067,-8.005852699279785,0.8717898726463318
1769518325.9129124,0.9416882991790771,-7.220638751983643,0.4737742841243744,-7.96427059173584,0.8785965442657471
1769518325.932975,0.9438111782073975,-7.180391788482666,0.4822608530521393,-7.934528350830078,0.8841665983200073
1769518325.95292,0.947981059551239,-7.10796594619751,0.45577704906463623,-7.862311363220215,0.9007229208946228
1769518325.9729624,0.9489685893058777,-7.091874599456787,0.4917834401130676,-7.859333515167236,0.8933146595954895
1769518325.9929543,0.9536862373352051,-7.0194807052612305,0.4657999277114868,-7.787195682525635,0.9096259474754333
1769518326.0128827,0.9559268355369568,-6.9873151779174805,0.43405476212501526,-7.7286906242370605,0.9066357612609863
1769518326.0331929,0.9582558274269104,-6.955155372619629,0.4248170852661133,-7.694441318511963,0.9116472601890564
1769518326.0529995,0.9644652605056763,-6.874783992767334,0.40685713291168213,-7.640791416168213,0.9474671483039856
1769518326.0728939,0.9705260396003723,-6.802486419677734,0.3801268935203552,-7.5681867599487305,0.9668856859207153
1769518326.0928988,0.9762888550758362,-6.738253593444824,0.38775762915611267,-7.4952778816223145,0.9588823318481445
1769518326.1128361,0.9839889407157898,-6.65800666809082,0.3577144742012024,-7.414449691772461,0.9820516109466553
1769518326.1339266,0.9872233867645264,-6.625923156738281,0.3455798327922821,-7.372358798980713,0.9843132495880127
1769518326.1533036,0.9922403693199158,-6.577813625335693,0.3487389087677002,-7.343101501464844,0.999879777431488
1769518326.1730773,0.996572732925415,-6.53773832321167,0.3729879558086395,-7.337271690368652,1.0139585733413696
1769518326.1928456,1.0056504011154175,-6.457632064819336,0.343406081199646,-7.256967544555664,1.0380293130874634
1769518326.212932,1.0142908096313477,-6.385589599609375,0.3523619771003723,-7.1834211349487305,1.0366700887680054
1769518326.2328403,1.02337646484375,-6.313601016998291,0.3267381191253662,-7.110701084136963,1.0586186647415161
1769518326.2531157,1.0318262577056885,-6.249658107757568,0.34866631031036377,-7.077805519104004,1.0735621452331543
1769518326.2729008,1.040627360343933,-6.18576192855835,0.3272705376148224,-7.013411521911621,1.092648983001709
1769518326.2929842,1.0451594591140747,-6.153831958770752,0.3264136016368866,-6.987485885620117,1.1007156372070312
1769518326.3128955,1.0544869899749756,-6.090008735656738,0.30498382449150085,-6.923134803771973,1.1206490993499756
1769518326.333111,1.0617127418518066,-6.042174816131592,0.3433871269226074,-6.881807327270508,1.1049773693084717
1769518326.3530066,1.0678846836090088,-6.002335548400879,0.33392852544784546,-6.841201305389404,1.114624261856079
1769518326.3730454,1.0780442953109741,-5.9386372566223145,0.3386724889278412,-6.74435567855835,1.0935505628585815
1769518326.3928268,1.083255410194397,-5.906808853149414,0.33328691124916077,-6.710995197296143,1.0996220111846924
1769518326.4128888,1.0939396619796753,-5.843194961547852,0.3115023970603943,-6.688762187957764,1.1520382165908813
1769518326.4329138,1.1063770055770874,-5.77169942855835,0.2873334288597107,-6.616659164428711,1.1767706871032715
1769518326.4530704,1.1178032159805298,-5.708212375640869,0.28882044553756714,-6.548457145690918,1.1803489923477173
1769518326.4729295,1.13107430934906,-5.636864185333252,0.2649098038673401,-6.476248741149902,1.2061539888381958
1769518326.492903,1.1463369131088257,-5.557685375213623,0.23716843128204346,-6.3961286544799805,1.2367597818374634
1769518326.513162,1.1573439836502075,-5.502322196960449,0.2616378962993622,-6.293563365936279,1.1951367855072021
1769518326.5329344,1.171886682510376,-5.43121862411499,0.23827603459358215,-6.2205095291137695,1.2225416898727417
1769518326.5529146,1.1851820945739746,-5.368091106414795,0.26808127760887146,-6.193313121795654,1.2337201833724976
1769518326.5728712,1.1970999240875244,-5.3129143714904785,0.253191739320755,-6.136842250823975,1.2529244422912598
1769518326.5929604,1.2075260877609253,-5.265665054321289,0.26621726155281067,-6.089645862579346,1.2510021924972534
1769518326.6129622,1.2145849466323853,-5.234189510345459,0.26314684748649597,-6.056929588317871,1.2578296661376953
1769518326.6329627,1.2217302322387695,-5.202733516693115,0.33480602502822876,-6.091843128204346,1.2558465003967285
1769518326.6529548,1.230783224105835,-5.163440227508545,0.329426646232605,-6.0525617599487305,1.2660887241363525
1769518326.6729083,1.2492932081222534,-5.084948539733887,0.290635347366333,-6.029837131500244,1.346045970916748
1769518326.692899,1.2625701427459717,-5.030080318450928,0.2773880362510681,-5.975953578948975,1.3657453060150146
1769518326.7130089,1.276110053062439,-4.975275993347168,0.3072732985019684,-5.87740421295166,1.3238126039505005
1769518326.7329018,1.287924885749817,-4.928353309631348,0.2986219823360443,-5.83061408996582,1.3389527797698975
1769518326.753201,1.3019523620605469,-4.873671531677246,0.3403260409832001,-5.77000093460083,1.3145841360092163
1769518326.7733488,1.3121325969696045,-4.834654808044434,0.3366163671016693,-5.731028079986572,1.3248082399368286
1769518326.792937,1.3286986351013184,-4.772300720214844,0.34723156690597534,-5.687005519866943,1.341626763343811
1769518326.8129632,1.341347336769104,-4.725594997406006,0.34024733304977417,-5.640642166137695,1.3562861680984497
1769518326.8331473,1.3628545999526978,-4.647869110107422,0.31636011600494385,-5.533196449279785,1.370749831199646
1769518326.8529642,1.3782261610031128,-4.5935492515563965,0.3054322302341461,-5.478590488433838,1.3907496929168701
1769518326.8729012,1.398371934890747,-4.5238189697265625,0.36517420411109924,-5.3901190757751465,1.3483226299285889
1769518326.8929613,1.4120409488677979,-4.477401256561279,0.3597603440284729,-5.343114852905273,1.3626277446746826
1769518326.914041,1.4235774278640747,-4.438762664794922,0.39850032329559326,-5.298716068267822,1.338021993637085
1769518326.9330757,1.4399505853652954,-4.384736061096191,0.3894653916358948,-5.243978023529053,1.3571351766586304
1769518326.9529018,1.4662022590637207,-4.299996376037598,0.4223621189594269,-5.157381534576416,1.3508191108703613
1769518326.97303,1.4906206130981445,-4.223133563995361,0.40438151359558105,-5.079660415649414,1.383312702178955
1769518326.9929676,1.5105336904525757,-4.161764621734619,0.4488045871257782,-5.030831813812256,1.3720593452453613
1769518327.0128028,1.5282330513000488,-4.108156681060791,0.44320201873779297,-4.9769439697265625,1.3899941444396973
1769518327.033029,1.5461890697479248,-4.054634094238281,0.49800392985343933,-4.873605728149414,1.3301904201507568
1769518327.0530632,1.5644011497497559,-4.001197814941406,0.49381035566329956,-4.818798542022705,1.3470841646194458
1769518327.0729704,1.5802150964736938,-3.955465078353882,0.5408098697662354,-4.781797885894775,1.327851414680481
1769518327.092795,1.5935367345809937,-3.9174041748046875,0.5447997450828552,-4.7426581382751465,1.3345012664794922
1769518327.1129055,1.606988549232483,-3.8793890476226807,0.5512856245040894,-4.767654895782471,1.379683017730713
1769518327.1330702,1.6233022212982178,-3.833831787109375,0.5519761443138123,-4.722227573394775,1.391756534576416
1769518327.1529505,1.6315290927886963,-3.8110783100128174,0.5911659598350525,-4.692636013031006,1.3636345863342285
1769518327.1730156,1.6509064435958862,-3.7580525875091553,0.588986337184906,-4.639589786529541,1.3801385164260864
1769518327.1931036,1.662092924118042,-3.7277939319610596,0.6428725719451904,-4.54969596862793,1.3093252182006836
1769518327.2129266,1.6847138404846191,-3.6673686504364014,0.6416659355163574,-4.4958343505859375,1.332029938697815
1769518327.233073,1.6990193128585815,-3.6296658515930176,0.6483611464500427,-4.473288536071777,1.347435474395752
1769518327.2530956,1.7309441566467285,-3.5468924045562744,0.6337742209434509,-4.389753341674805,1.383544921875
1769518327.2729762,1.7456607818603516,-3.509347677230835,0.705302357673645,-4.335147857666016,1.3282663822174072
1769518327.2929037,1.7724733352661133,-3.44189453125,0.6994805932044983,-4.266679763793945,1.3533602952957153
1769518327.3129907,1.7936137914657593,-3.389545440673828,0.7708098292350769,-4.179943084716797,1.2926161289215088
1769518327.3328295,1.8273391723632812,-3.307487964630127,0.7599344253540039,-4.096218585968018,1.3271960020065308
1769518327.3530014,1.8366438150405884,-3.2851526737213135,0.85091632604599,-4.060705661773682,1.2542493343353271
1769518327.3728147,1.867989420890808,-3.2108399868011475,0.8454675674438477,-3.9845173358917236,1.2822353839874268
1769518327.3928905,1.874319314956665,-3.1960031986236572,0.8846510052680969,-3.933396339416504,1.234176754951477
1769518327.4129045,1.9127237796783447,-3.1071646213531494,0.8736439943313599,-3.841966390609741,1.272642970085144
1769518327.432833,1.9387303590774536,-3.048114776611328,0.9668722748756409,-3.7705628871917725,1.2109663486480713
1769518327.4528236,1.9650589227676392,-2.9892075061798096,0.9712556004524231,-3.7089216709136963,1.2270426750183105
1769518327.4729729,1.9883599281311035,-2.937781810760498,1.0169774293899536,-3.600054979324341,1.1756656169891357
1769518327.4929872,2.018678903579712,-2.8718276023864746,1.019554853439331,-3.5302422046661377,1.1965612173080444
1769518327.5130231,2.0220725536346436,-2.8645107746124268,1.1584606170654297,-3.512194871902466,1.0795001983642578
1769518327.5328481,2.0666451454162598,-2.7696046829223633,1.1516199111938477,-3.413088798522949,1.118634581565857
1769518327.5529342,2.094492197036743,-2.7113983631134033,1.2178936004638672,-3.3009493350982666,1.05640709400177
1769518327.572855,2.12619948387146,-2.6460988521575928,1.2248477935791016,-3.2305524349212646,1.074253797531128
1769518327.5929728,2.165496587753296,-2.566554069519043,1.2742178440093994,-3.110607862472534,1.0442090034484863
1769518327.6131496,2.187182664871216,-2.5232906341552734,1.2919446229934692,-3.061544179916382,1.0445897579193115
1769518327.6329777,2.2053894996643066,-2.4873058795928955,1.4135079383850098,-3.041628837585449,0.966618001461029
1769518327.652879,2.2347755432128906,-2.4298596382141113,1.427828311920166,-2.97857666015625,0.9758350849151611
1769518327.6729043,2.2607452869415283,-2.3797261714935303,1.4907193183898926,-2.823366403579712,0.88868248462677
1769518327.6929152,2.286954402923584,-2.3297171592712402,1.5093876123428345,-2.765753746032715,0.8914807438850403
1769518327.7129998,2.3096091747283936,-2.286952257156372,1.5310364961624146,-2.715411424636841,0.8886802792549133
1769518327.7330008,2.3324387073516846,-2.2442800998687744,1.5888901948928833,-2.72358775138855,0.884647011756897
1769518327.753015,2.3515968322753906,-2.208791494369507,1.6143951416015625,-2.681619644165039,0.8758041262626648
1769518327.7731235,2.3786213397979736,-2.159217596054077,1.6585999727249146,-2.569901466369629,0.828910231590271
1769518327.7928307,2.3941702842712402,-2.1309475898742676,1.6866506338119507,-2.5342533588409424,0.8143953084945679
1769518327.8131928,2.4294369220733643,-2.067495584487915,1.7558488845825195,-2.4647412300109863,0.7820006012916565
1769518327.8329957,2.469078540802002,-1.9972487688064575,1.7709567546844482,-2.385741710662842,0.7989374399185181
1769518327.8530416,2.5051653385162354,-1.9342586994171143,1.8113491535186768,-2.3027889728546143,0.7856179475784302
1769518327.8729014,2.5334999561309814,-1.8854200839996338,1.835186243057251,-2.245189666748047,0.7855420708656311
1769518327.8930464,2.5784964561462402,-1.808948278427124,1.9658832550048828,-2.002345561981201,0.6424154043197632
1769518327.9128394,2.607429265975952,-1.7604607343673706,1.9926655292510986,-1.9416977167129517,0.6409223079681396
1769518327.932963,2.628237247467041,-1.7259116172790527,2.0478932857513428,-2.02018666267395,0.6506896615028381
1769518327.9528737,2.6617751121520996,-1.6707810163497925,2.0739166736602783,-1.9545215368270874,0.6527529358863831
1769518327.9728305,2.7126455307006836,-1.5884300470352173,2.0790882110595703,-1.8840237855911255,0.6991211175918579
1769518327.9928856,2.721189260482788,-1.574745535850525,2.1175966262817383,-1.8623464107513428,0.6686093807220459
1769518328.0129573,2.7469329833984375,-1.5337618589401245,2.2628087997436523,-1.6658400297164917,0.5018174648284912
1769518328.033159,2.751239776611328,-1.5269414186477661,2.305586099624634,-1.6486226320266724,0.4619671404361725
1769518328.0528576,2.790210247039795,-1.465691089630127,2.321753978729248,-1.561732292175293,0.4782000780105591
1769518328.07311,2.8339498043060303,-1.3979175090789795,2.3483121395111084,-1.4782865047454834,0.4922429025173187
1769518328.0928102,2.860414505004883,-1.357397437095642,2.52742862701416,-1.2431689500808716,0.3520338535308838
1769518328.1128368,2.8959579467773438,-1.3035401105880737,2.5611932277679443,-1.170628547668457,0.3601844906806946
1769518328.132933,2.9228079319000244,-1.2632750272750854,2.5988359451293945,-1.1126512289047241,0.3572748303413391
1769518328.1528454,2.949822187423706,-1.2231204509735107,2.5007359981536865,-1.3447495698928833,0.46526554226875305
1769518328.1728566,3.0043420791625977,-1.143145203590393,2.6199941635131836,-1.3034106492996216,0.41642317175865173
1769518328.192952,3.031846761703491,-1.1033260822296143,2.6578242778778076,-1.2516299486160278,0.40235164761543274
1769518328.2129223,3.0826940536499023,-1.030618667602539,2.775684118270874,-1.0872775316238403,0.3121943473815918
1769518328.232893,3.101318836212158,-1.004274845123291,2.8184969425201416,-1.0487531423568726,0.2862980365753174
1769518328.2528882,3.134084939956665,-0.9582959413528442,2.791968584060669,-0.9783517718315125,0.34270378947257996
1769518328.2729237,3.176534652709961,-0.8994117975234985,2.8282904624938965,-0.9014658331871033,0.34825029969215393
1769518328.2929554,3.2098004817962646,-0.8537944555282593,2.8531875610351562,-0.9862846732139587,0.38042932748794556
1769518328.3128123,3.2336947917938232,-0.821308434009552,2.894174814224243,-0.9422882795333862,0.3604302406311035
1769518328.3329206,3.248084545135498,-0.8018561601638794,2.871406316757202,-1.0005083084106445,0.42585113644599915
1769518328.352936,3.28181529045105,-0.7565827965736389,2.911134719848633,-0.9503395557403564,0.418265163898468
1769518328.3728387,3.3060407638549805,-0.7243438363075256,3.019333839416504,-0.7166722416877747,0.28680968284606934
1769518328.3930655,3.3206288814544678,-0.7050403952598572,3.0635805130004883,-0.6857333183288574,0.2577724754810333
1769518328.4128368,3.3695404529571533,-0.6409127116203308,3.146465301513672,-0.45786499977111816,0.28856366872787476
1769518328.4328425,3.394160270690918,-0.6089748740196228,3.1903297901153564,-0.4083240032196045,0.28602033853530884
1769518328.4529228,3.4337778091430664,-0.558050274848938,3.337843894958496,-0.21022050082683563,0.36081695556640625
1769518328.472999,3.4686710834503174,-0.5136699676513672,3.383152961730957,-0.1420738846063614,0.3813095986843109
1769518328.4930208,3.4887051582336426,-0.4883851408958435,3.4821484088897705,0.014068534597754478,0.5024964809417725
1769518328.5128586,3.5542914867401123,-0.40659037232398987,3.5268564224243164,0.12471098452806473,0.5320091843605042
1769518328.533205,3.574617624282837,-0.3815406858921051,3.4957869052886963,-0.14481417834758759,0.24950696527957916
1769518328.5528786,3.6103527545928955,-0.33783823251724243,3.54179310798645,-0.07966700196266174,0.26711946725845337
1769518328.573091,3.625731945037842,-0.31916120648384094,3.5854928493499756,-0.09850641340017319,0.22429382801055908
1769518328.5928135,3.682448148727417,-0.25095048546791077,3.6319329738616943,-0.0010712514631450176,0.2549341320991516
1769518328.6130164,3.6876296997070312,-0.24477078020572662,3.48503041267395,-0.25365781784057617,0.2027941197156906
1769518328.6328437,3.73445200920105,-0.18931373953819275,3.5294525623321533,-0.17697887122631073,0.2053702473640442
1769518328.6534002,3.7711048126220703,-0.14638102054595947,3.6589035987854004,0.05352725833654404,0.2292431741952896
1769518328.6728787,3.8132448196411133,-0.09753133356571198,3.7054622173309326,0.1259954571723938,0.2481558620929718
1769518328.6928227,3.860971689224243,-0.042852893471717834,3.850801467895508,0.3536164462566376,0.39659973978996277
1769518328.712982,3.9036781787872314,0.005501993466168642,3.901880979537964,0.43003278970718384,0.4245345890522003
1769518328.7330525,3.9520394802093506,0.05962016433477402,3.9751389026641846,0.3540714979171753,0.29535600543022156
1769518328.7529259,4.017039775848389,0.13131120800971985,4.011809349060059,0.3304712772369385,0.19922876358032227
1769518328.7732027,4.049760818481445,0.16695536673069,4.064870357513428,0.38553422689437866,0.2191004604101181
1769518328.7927754,4.099117279052734,0.22016814351081848,4.24073600769043,0.7010213732719421,0.5012739896774292
1769518328.8127959,4.126679420471191,0.24959872663021088,4.295649528503418,0.7524400353431702,0.5304717421531677
1769518328.8328083,4.154342174530029,0.278934508562088,4.381575584411621,0.8351287245750427,0.6008219122886658
1769518328.8528934,4.187670707702637,0.314011812210083,4.438601970672607,0.8963999152183533,0.6341469883918762
1769518328.8729556,4.2211432456970215,0.34895145893096924,4.5817694664001465,1.069962739944458,0.8061690926551819
1769518328.892909,4.260376453399658,0.3895396590232849,4.64235258102417,1.142898678779602,0.8446630239486694
1769518328.9129984,4.316761016845703,0.44719448685646057,4.707205295562744,1.2433559894561768,0.886746883392334
1769518328.932887,4.339425563812256,0.4701477289199829,4.59782075881958,1.1211490631103516,0.7004075646400452
1769518328.9529285,4.3792405128479,0.5101656913757324,4.657031059265137,1.191957950592041,0.7362120151519775
1769518328.9729216,4.430713176727295,0.5613350868225098,4.79410982131958,1.2441725730895996,0.7735142111778259
1769518328.9931586,4.447940826416016,0.5783206820487976,4.850559234619141,1.2781758308410645,0.8074025511741638
1769518329.0130694,4.517200946807861,0.6459066867828369,4.680953502655029,1.1448689699172974,0.525145947933197
1769518329.0329547,4.5462236404418945,0.6738985180854797,4.735627174377441,1.1929309368133545,0.5525109767913818
1769518329.0529208,4.622131824493408,0.7462085485458374,4.735916614532471,1.2892996072769165,0.554882824420929
1769518329.0729,4.633867263793945,0.7572727799415588,4.785087585449219,1.30910062789917,0.5721727013587952
1769518329.092838,4.704598426818848,0.8233184218406677,4.771412372589111,1.2367526292800903,0.4187982678413391
1769518329.112978,4.7342305183410645,0.8506646752357483,4.825500011444092,1.281784176826477,0.44067463278770447
1769518329.1329615,4.781836986541748,0.894206166267395,4.963320732116699,1.353601098060608,0.49394354224205017
1769518329.1528785,4.841681003570557,0.9482632875442505,5.0310564041137695,1.4472593069076538,0.5337228178977966
1769518329.1731045,4.895857810974121,0.9965615272521973,5.1378912925720215,1.4409382343292236,0.5060146450996399
1769518329.192847,4.9321417808532715,1.0285733938217163,5.198062896728516,1.494960904121399,0.5368718504905701
1769518329.2129173,4.956404209136963,1.0498312711715698,5.161253452301025,1.4881830215454102,0.483854740858078
1769518329.2329724,4.992908000946045,1.0815924406051636,5.221112251281738,1.5416666269302368,0.513561487197876
1769518329.2530162,5.035660743713379,1.118456244468689,5.16220235824585,1.5084830522537231,0.41004103422164917
1769518329.2730925,5.060171127319336,1.1394284963607788,5.329617500305176,1.506947636604309,0.4557100534439087
1769518329.2933676,5.084738731384277,1.1603331565856934,5.38543701171875,1.5385695695877075,0.48320019245147705
1769518329.3129041,5.140226364135742,1.2071205377578735,5.454495906829834,1.6200716495513916,0.5189356207847595
1769518329.332935,5.1835832595825195,1.2432721853256226,5.519212245941162,1.6819008588790894,0.5523061752319336
1769518329.3528886,5.245823383331299,1.2945536375045776,5.450061321258545,1.6897680759429932,0.4448680579662323
1769518329.3728704,5.302141189575195,1.340338945388794,5.5197930335998535,1.7705864906311035,0.48216739296913147
1769518329.392998,5.3524394035339355,1.3807427883148193,5.651362419128418,1.7821626663208008,0.5004925727844238
1769518329.412788,5.390308856964111,1.4108632802963257,5.698561668395996,1.7939159870147705,0.4916801452636719
1769518329.4329476,5.453701019287109,1.4607146978378296,5.775200366973877,1.8836488723754883,0.5312581658363342
1769518329.452911,5.49190092086792,1.4904152154922485,5.785951137542725,1.862798810005188,0.47448399662971497
1769518329.4728782,5.549430847167969,1.5346685647964478,5.85961389541626,1.9415003061294556,0.5115913152694702
1769518329.49288,5.59436559677124,1.5688402652740479,5.985796928405762,1.9179943799972534,0.5245252847671509
1769518329.5128353,5.639465808868408,1.6027942895889282,6.054717540740967,1.9750235080718994,0.5576635003089905
1769518329.5332105,5.665310382843018,1.6220985651016235,6.036263465881348,1.9505897760391235,0.49549219012260437
1769518329.5532339,5.7041778564453125,1.6509208679199219,6.100348472595215,1.9966808557510376,0.5258336663246155
1769518329.5729153,5.756186008453369,1.6890995502471924,6.21714973449707,2.0560874938964844,0.5892093777656555
1769518329.5927165,5.81494665145874,1.7317060232162476,6.2953596115112305,2.1327404975891113,0.6257994771003723
1769518329.6132371,5.834592819213867,1.7458268404006958,6.25830602645874,2.066499710083008,0.5313793420791626
1769518329.6333127,5.9266581535339355,1.8111838102340698,6.357694149017334,2.19256591796875,0.5755380988121033
1769518329.652908,5.939862251281738,1.8204476833343506,6.433507919311523,2.2001476287841797,0.6227824687957764
1769518329.6729136,6.025998115539551,1.880216360092163,6.531103610992432,2.316190242767334,0.6672368049621582
1769518329.693047,6.045951843261719,1.8938989639282227,6.609040260314941,2.2680563926696777,0.6760640144348145
1769518329.7129438,6.126048564910889,1.9482150077819824,6.700018405914307,2.3622281551361084,0.7077060341835022
1769518329.7328572,6.199864864349365,1.9974199533462524,6.765584468841553,2.3653485774993896,0.6748408675193787
1769518329.7528205,6.253783226013184,2.0328521728515625,6.844199180603027,2.4269115924835205,0.7098409533500671
1769518329.7728448,6.287580966949463,2.0548458099365234,6.89715051651001,2.3317627906799316,0.6695204973220825
1769518329.7928996,6.335025787353516,2.085440158843994,6.971596717834473,2.380607843399048,0.7016739249229431
1769518329.8129182,6.3690056800842285,2.1071524620056152,6.997192859649658,2.365644931793213,0.6792920231819153
1769518329.8330991,6.430356502532959,2.145937919616699,7.082211971282959,2.4334967136383057,0.7124646902084351
1769518329.8531432,6.491945743560791,2.184340715408325,7.043701648712158,2.4097185134887695,0.596011221408844
1769518329.872816,6.553771495819092,2.2223587036132812,7.127243518829346,2.475792646408081,0.6269761919975281
1769518329.8929214,6.602019309997559,2.251661777496338,7.039609909057617,2.376966714859009,0.4551779627799988
1769518329.9128835,6.664258003234863,2.2889931201934814,7.121881484985352,2.439532518386841,0.48174846172332764
1769518329.9329846,6.719773292541504,2.3218510150909424,7.249644756317139,2.50862979888916,0.5618274211883545
1769518329.953365,6.782442569732666,2.358447790145874,7.334909915924072,2.5705058574676514,0.5917677283287048
1769518329.9728968,6.838336944580078,2.3906502723693848,7.2808003425598145,2.4837517738342285,0.4521523714065552
1769518329.992941,6.880373477935791,2.4145984649658203,7.347248077392578,2.5130622386932373,0.4771448075771332
1769518330.0128934,6.9225077629089355,2.4383718967437744,7.245029449462891,2.414628505706787,0.32339438796043396
1769518330.0329037,6.9576945304870605,2.4580492973327637,7.30319356918335,2.4312546253204346,0.34653639793395996
1769518330.0529094,6.978838920593262,2.469797372817993,7.345705032348633,2.4232261180877686,0.36980998516082764
1769518330.0729122,7.021200180053711,2.493161201477051,7.409857749938965,2.4495294094085693,0.39109885692596436
1769518330.0929587,7.063657283782959,2.5163488388061523,7.454503536224365,2.462148904800415,0.39458659291267395
1769518330.1129441,7.1204142570495605,2.5469908714294434,7.530797958374023,2.507364273071289,0.4122922718524933
1769518330.1328983,7.17733907699585,2.577316999435425,7.607738018035889,2.5521328449249268,0.4311351776123047
1769518330.1530387,7.213000774383545,2.5961098670959473,7.64641809463501,2.565845489501953,0.4344724118709564
1769518330.1737096,7.284517288208008,2.6333236694335938,7.862204551696777,2.628505229949951,0.5777073502540588
1769518330.1929693,7.291682720184326,2.6370177268981934,7.898031711578369,2.6064724922180176,0.6071175932884216
1769518330.2128263,7.363478183746338,2.6736834049224854,7.965376853942871,2.674312114715576,0.6018988490104675
1769518330.2329216,7.42109489440918,2.7026565074920654,8.046149253845215,2.7175238132476807,0.6252313256263733
1769518330.2529595,7.507816314697266,2.745514154434204,8.097677230834961,2.763284683227539,0.5901286005973816
1769518330.2730405,7.5440545082092285,2.763157844543457,8.159272193908691,2.7766356468200684,0.6153649687767029
1769518330.2928302,7.616711139678955,2.7980668544769287,8.34118366241455,2.8014864921569824,0.724480926990509
1769518330.31281,7.675008296966553,2.8256301879882812,8.42473030090332,2.841475486755371,0.7498897910118103
1769518330.3328757,7.711520671844482,2.8426926136016846,8.489089012145996,2.806311845779419,0.778418779373169
1769518330.3529985,7.755412578582764,2.862999677658081,8.56006908416748,2.826287269592285,0.8054934740066528
1769518330.3730097,7.814064979553223,2.8897910118103027,8.502382278442383,2.8147363662719727,0.6923967599868774
1769518330.3929138,7.880224227905273,2.9195408821105957,8.591489791870117,2.860360622406006,0.7137238383293152
1769518330.4130685,7.946566104888916,2.9488766193389893,8.68230152130127,2.8353500366210938,0.7444425225257874
1769518330.432786,8.020490646362305,2.9809844493865967,8.779300689697266,2.887443780899048,0.7645537257194519
1769518330.4528406,8.057535171508789,2.9968454837799072,8.736286163330078,2.8290488719940186,0.699183464050293
1769518330.4729197,8.10206127166748,3.0157089233398438,8.80444622039795,2.843230724334717,0.7232521176338196
1769518330.4928703,8.12435245513916,3.025070905685425,8.835346221923828,2.8195462226867676,0.740102231502533
1769518330.5131116,8.183892250061035,3.049808979034424,8.917863845825195,2.8501691818237305,0.7606382369995117
1769518330.5329463,8.191343307495117,3.052877902984619,8.95068359375,2.8202712535858154,0.7941677570343018
1769518330.5532858,8.265978813171387,3.083282470703125,8.975586891174316,2.869872570037842,0.7410044074058533
1769518330.5730052,8.295890808105469,3.095299005508423,9.028473854064941,2.865812063217163,0.7676861882209778
1769518330.592874,8.325836181640625,3.1072323322296143,8.990270614624023,2.8426496982574463,0.7151768207550049
1769518330.6140401,8.37081527709961,3.124976396560669,9.071664810180664,2.7997212409973145,0.7726452946662903
1769518330.6329727,8.423382759094238,3.1454403400421143,9.144463539123535,2.820376396179199,0.7909637689590454
1769518330.652928,8.498649597167969,3.1742305755615234,9.134727478027344,2.8682861328125,0.7058305740356445
1769518330.6729815,8.52881145477295,3.1856000423431396,9.185248374938965,2.861123561859131,0.7322530746459961
1769518330.6928587,8.611917495727539,3.2164337635040283,9.063116073608398,2.869356155395508,0.5692477226257324
1769518330.712971,8.634622573852539,3.2247326374053955,9.1021089553833,2.8528664112091064,0.5973508358001709
1769518330.7330809,8.748404502868652,3.2655160427093506,9.250236511230469,2.9016356468200684,0.6198739409446716
1769518330.752957,8.763607025146484,3.2708640098571777,9.282170295715332,2.876512050628662,0.6514759063720703
1769518330.7732334,8.854976654052734,3.30250883102417,9.392765045166016,2.889333486557007,0.678181529045105
1769518330.793046,8.885490417480469,3.312887668609619,9.44010066986084,2.8788774013519287,0.704241931438446
1769518330.8130097,8.938959121704102,3.3308463096618652,9.497062683105469,2.887972354888916,0.7124723792076111
1769518330.8328602,8.977203369140625,3.3435146808624268,9.55223274230957,2.8842310905456543,0.735934853553772
1769518330.8530748,9.069167137145996,3.3733761310577393,9.669900894165039,2.916773796081543,0.7545640468597412
1769518330.873092,9.084518432617188,3.3782784938812256,9.702381134033203,2.8892300128936768,0.7879865765571594
1769518330.8930047,9.199864387512207,3.414365530014038,9.755159378051758,2.9412362575531006,0.7295230031013489
1769518330.9133503,9.20756721496582,3.4167284965515137,9.778508186340332,2.9053421020507812,0.7664783596992493
1769518330.9328887,9.315579414367676,3.4492509365081787,9.903813362121582,2.9648022651672363,0.7620434165000916
1769518330.9528437,9.377439498901367,3.4673640727996826,9.880362510681152,2.9624080657958984,0.7126795053482056
1769518330.9728475,9.423900604248047,3.4807236194610596,9.979667663574219,2.897814989089966,0.8053939342498779
1769518330.9930942,9.470416069030762,3.493889570236206,10.04163646697998,2.89544415473938,0.8273023366928101
1769518331.012947,9.509221076965332,3.504713535308838,9.950559616088867,2.95412278175354,0.7056418657302856
1769518331.032975,9.555835723876953,3.517524480819702,10.009943962097168,2.9524734020233154,0.7249116897583008
1769518331.0530064,9.602502822875977,3.5301411151885986,10.011290550231934,2.921504497528076,0.7331756353378296
1769518331.072977,9.664806365966797,3.546661376953125,10.085965156555176,2.931828022003174,0.7452481985092163
1769518331.0930002,9.750621795654297,3.5688116550445557,10.082259178161621,2.945253372192383,0.7062638998031616
1769518331.1129014,9.781867980957031,3.5767040252685547,10.122919082641602,2.9278109073638916,0.7330606579780579
1769518331.1330135,9.860079765319824,3.596055030822754,10.239946365356445,2.9455373287200928,0.7533068656921387
1769518331.152949,9.883569717407227,3.6017544269561768,10.273176193237305,2.920886516571045,0.7844582796096802
1769518331.172917,9.961952209472656,3.620399236679077,10.27348518371582,2.972454786300659,0.7189470529556274
1769518331.192784,10.024750709533691,3.6349234580993652,10.346065521240234,2.9791419506073,0.730269193649292
1769518331.2128723,10.10335922241211,3.652588129043579,10.423486709594727,2.9313931465148926,0.7890521883964539
1769518331.2329507,10.15845775604248,3.664628505706787,10.487972259521484,2.9291505813598633,0.805920422077179
1769518331.2529912,10.237269401550293,3.6813645362854004,10.495589256286621,2.9364304542541504,0.788451611995697
1769518331.273006,10.284611701965332,3.69114351272583,10.550527572631836,2.926612138748169,0.8094563484191895
1769518331.2930436,10.35569953918457,3.705441951751709,10.548151969909668,2.9423201084136963,0.7870152592658997
1769518331.312809,10.418962478637695,3.7177786827087402,10.618254661560059,2.9435014724731445,0.7995138168334961
1769518331.3329957,10.474373817443848,3.728285074234009,10.688533782958984,2.943249225616455,0.8137234449386597
1769518331.3529794,10.5219087600708,3.7370762825012207,10.682784080505371,2.9214234352111816,0.8313664793968201
1769518331.3729181,10.561548233032227,3.744250774383545,10.727189064025879,2.904249906539917,0.8561766743659973
1769518331.3928885,10.585344314575195,3.7484896183013916,10.685382843017578,2.9743118286132812,0.7806142568588257
1769518331.4131255,10.62502384185791,3.755443811416626,10.73386001586914,2.956484079360962,0.8063386082649231
1769518331.4329631,10.664727210998535,3.7622604370117188,10.777138710021973,2.9404842853546143,0.8294288516044617
1769518331.4530165,10.720351219177246,3.7715718746185303,10.837206840515137,2.934112787246704,0.8455726504325867
1769518331.4729364,10.799890518188477,3.784404754638672,10.895781517028809,3.0220227241516113,0.7683890461921692
1769518331.4928906,10.863584518432617,3.7942733764648438,10.97225570678711,3.0261518955230713,0.7757704257965088
1769518331.5130765,10.935304641723633,3.8049521446228027,10.998412132263184,2.9875857830047607,0.8197990655899048
1769518331.5328388,10.967202186584473,3.8095545768737793,11.032206535339355,2.965285301208496,0.8467680811882019
1769518331.5529377,11.00709056854248,3.815182685852051,11.068687438964844,3.0149099826812744,0.8026397228240967
1769518331.5728376,11.078938484191895,3.8249640464782715,11.144461631774902,3.016849994659424,0.8107662200927734
1769518331.593043,11.150846481323242,3.834296226501465,11.163084983825684,3.0122501850128174,0.822137176990509
1769518331.613079,11.206814765930176,3.8412437438964844,11.221016883850098,3.003279209136963,0.8380849361419678
1769518331.6328585,11.262815475463867,3.84791898727417,11.223795890808105,3.0047645568847656,0.8440569639205933
1769518331.65291,11.334863662719727,3.8561012744903564,11.297569274902344,3.00349760055542,0.8534191250801086
1769518331.672899,11.414976119995117,3.864665985107422,11.322532653808594,2.9798998832702637,0.8895823955535889
1769518331.6934354,11.471089363098145,3.870333194732666,11.362272262573242,2.995833396911621,0.8812440633773804
1769518331.7132144,11.543275833129883,3.877220630645752,11.43475341796875,2.9926044940948486,0.8912479877471924
1769518331.7330158,11.56734848022461,3.8794164657592773,11.456603050231934,2.9643919467926025,0.9217017292976379
1769518331.7529073,11.631562232971191,3.8850269317626953,11.463903427124023,2.99491286277771,0.9057663083076477
1769518331.772965,11.671711921691895,3.888352632522583,11.501497268676758,2.9742748737335205,0.9297909140586853
1769518331.7936728,11.768118858337402,3.8957676887512207,11.550077438354492,3.0545246601104736,0.8690407872200012
1769518331.8128462,11.792229652404785,3.8974969387054443,11.570063591003418,3.028390884399414,0.8970524072647095
1769518331.833178,11.880669593811035,3.903412103652954,11.658066749572754,3.044454574584961,0.8873331546783447
1769518331.852888,11.904797554016113,3.904909133911133,11.677963256835938,3.0174472332000732,0.9159924983978271
1769518331.8728893,11.985244750976562,3.9095382690429688,11.749024391174316,3.043123722076416,0.8980390429496765
1769518331.8927984,12.033529281616211,3.912048816680908,11.79399585723877,3.025928497314453,0.9179245829582214
1769518331.9130797,12.122076988220215,3.9161324501037598,11.840932846069336,3.047229051589966,0.9132553339004517
1769518331.9328573,12.170389175415039,3.918076753616333,11.885149955749512,3.029633045196533,0.9331096410751343
1769518331.9529557,12.234817504882812,3.9203579425811768,11.914822578430176,3.0364227294921875,0.9400734901428223
1769518331.9728458,12.2992582321167,3.922283887863159,11.975202560424805,3.0240466594696045,0.9549043774604797
1769518331.9929311,12.323426246643066,3.922914505004883,11.979826927185059,2.9967854022979736,0.9878135323524475
1769518332.01283,12.412054061889648,3.9247989654541016,12.065140724182129,2.992037057876587,0.9951852560043335
1769518332.0329947,12.468461036682129,3.9256484508514404,12.101479530334473,3.0489323139190674,0.9504244327545166
1769518332.052807,12.557107925415039,3.9264333248138428,12.194854736328125,3.046382427215576,0.9516918063163757
1769518332.0729694,12.645760536193848,3.926546573638916,12.235995292663574,3.045281410217285,0.9718723297119141
1769518332.0927813,12.710235595703125,3.9262070655822754,12.294954299926758,3.030242681503296,0.9875274300575256
1769518332.112914,12.750531196594238,3.925814628601074,12.328086853027344,3.0126965045928955,1.006103277206421
1769518332.1329167,12.798885345458984,3.9251604080200195,12.378555297851562,2.9942128658294678,1.0214402675628662
1769518332.152875,12.839178085327148,3.9244625568389893,12.405036926269531,3.0253217220306396,0.9984651803970337
1769518332.1731021,12.879467964172363,3.923626184463501,12.438650131225586,3.002380609512329,1.0212805271148682
1769518332.1930428,12.927812576293945,3.9224393367767334,12.478826522827148,3.0386900901794434,0.9912626147270203
1769518332.2129312,12.968096733093262,3.921298027038574,12.512490272521973,3.016784191131592,1.0127793550491333
1769518332.2329688,12.992265701293945,3.920546531677246,12.566720008850098,3.0205636024475098,0.9955191016197205
1769518332.2529182,13.032543182373047,3.9191832542419434,12.601005554199219,2.9985625743865967,1.0167431831359863
1769518332.2729049,13.088923454284668,3.9170420169830322,12.634195327758789,3.0385758876800537,0.9891815781593323
1769518332.2929401,13.137242317199707,3.9149904251098633,12.676475524902344,3.01908016204834,1.0074528455734253
1769518332.3130138,13.20970344543457,3.911539316177368,12.785534858703613,3.032025098800659,0.9764547348022461
1769518332.333193,13.257999420166016,3.908989191055298,12.828474998474121,3.011812686920166,0.9946944713592529
1769518332.3531036,13.338469505310059,3.904296398162842,12.86128044128418,3.0057663917541504,1.0173814296722412
1769518332.3730378,13.426948547363281,3.8984949588775635,12.936535835266113,2.99118709564209,1.0313643217086792
1769518332.3930264,13.483230590820312,3.8944549560546875,12.940519332885742,3.0129754543304443,1.0351530313491821
1769518332.4128597,13.539493560791016,3.890144109725952,12.989791870117188,2.9932761192321777,1.0519239902496338
1769518332.4331803,13.627863883972168,3.8828227519989014,13.070025444030762,3.0182433128356934,1.0289223194122314
1769518332.4529004,13.676042556762695,3.8785476684570312,13.079971313476562,2.9912989139556885,1.0688835382461548
1769518332.4728873,13.74827766418457,3.871762752532959,13.145082473754883,2.9729127883911133,1.0824857950210571
1769518332.4930077,13.812451362609863,3.8653564453125,13.194293022155762,3.0060765743255615,1.058528184890747
1769518332.5128596,13.868575096130371,3.859461784362793,13.242624282836914,2.9853789806365967,1.0750977993011475
1769518332.5331593,13.908645629882812,3.855085849761963,13.282448768615723,2.962735414505005,1.090143084526062
1769518332.5531504,13.948701858520508,3.850572347640991,13.289154052734375,3.0484626293182373,1.038452386856079
1769518332.572809,14.0127592086792,3.843064785003662,13.34544563293457,3.0297389030456543,1.0520483255386353
1769518332.5929887,14.0927734375,3.8331849575042725,13.439570426940918,3.0078163146972656,1.0525720119476318
1769518332.61292,14.180708885192871,3.8216826915740967,13.520828247070312,2.9892027378082275,1.0622929334640503
1769518332.6328225,14.236623764038086,3.8140170574188232,13.55819034576416,2.992507219314575,1.0654340982437134
1769518332.653261,14.324413299560547,3.8014283180236816,13.638978958129883,2.9722115993499756,1.075835108757019
1769518332.6728156,14.372259140014648,3.7942821979522705,13.676043510437012,2.9748618602752686,1.0752513408660889
1769518332.6927907,14.420075416564941,3.7869389057159424,13.72381591796875,2.9524028301239014,1.0868431329727173
1769518332.7128673,14.467862129211426,3.7793986797332764,13.77547836303711,2.979426860809326,1.0579932928085327
1769518332.7328417,14.507659912109375,3.7729647159576416,13.807103157043457,2.956679105758667,1.0756865739822388
1769518332.752935,14.555388450622559,3.765063524246216,13.8682861328125,2.9985105991363525,1.0294238328933716
1769518332.7734,14.579240798950195,3.7610392570495605,13.883586883544922,2.9755971431732178,1.0492159128189087
1769518332.7928894,14.634864807128906,3.7514584064483643,13.956624031066895,3.0035581588745117,1.0096360445022583
1769518332.8137295,14.650749206542969,3.748671770095825,13.941670417785645,2.99771785736084,1.0328235626220703
1769518332.833002,14.753901481628418,3.730027914047241,14.03976058959961,2.9775493144989014,1.0374107360839844
1769518332.853034,14.79353141784668,3.722612142562866,14.055866241455078,2.995457649230957,1.0358104705810547
1769518332.872897,14.89645004272461,3.7026946544647217,14.153143882751465,2.973353385925293,1.041365623474121
1769518332.893207,14.959694862365723,3.689981460571289,14.22629451751709,3.0020995140075684,1.0055137872695923
1769518332.9128916,15.030763626098633,3.6752641201019287,14.291081428527832,2.980339765548706,1.0149132013320923
1769518332.932873,15.046544075012207,3.671933889389038,14.306614875793457,2.9597177505493164,1.0270090103149414
1769518332.9528184,15.141131401062012,3.651498317718506,14.405125617980957,3.009817600250244,0.9764520525932312
1769518332.9729793,15.164752006530762,3.6462676525115967,14.420893669128418,2.990147352218628,0.9918767213821411
1769518332.9930687,15.243410110473633,3.628481388092041,14.503434181213379,2.999598264694214,0.9711120128631592
1769518333.0130134,15.2983980178833,3.6157097816467285,14.552042961120605,2.978318214416504,0.9814857244491577
1769518333.0331104,15.36900520324707,3.5989017486572266,14.627534866333008,2.9921514987945557,0.9580837488174438
1769518333.0532975,15.439508438110352,3.5816586017608643,14.66059684753418,2.9717037677764893,0.9893169403076172
1769518333.0729437,15.502087593078613,3.5659663677215576,14.71692180633545,2.9495913982391357,0.9982001781463623
1769518333.092913,15.564579963684082,3.549931526184082,14.779806137084961,2.975213050842285,0.9727134108543396
1769518333.1131973,15.642570495605469,3.529406785964966,14.852225303649902,2.951305866241455,0.9792065024375916
1769518333.1329923,15.68929672241211,3.5168356895446777,14.876279830932617,2.981867551803589,0.9732354879379272
1769518333.1528692,15.735971450805664,3.504072666168213,14.915864944458008,2.961652994155884,0.9832565784454346
1769518333.1728337,15.767058372497559,3.495457410812378,14.953968048095703,3.003091812133789,0.9505468010902405
1769518333.1928744,15.805883407592773,3.4845685958862305,14.985677719116211,2.984614133834839,0.9605690240859985
1769518333.21293,15.852424621582031,3.4713265895843506,15.026965141296387,3.012214183807373,0.9445464611053467
1769518333.2329526,15.90665340423584,3.4556362628936768,15.074859619140625,2.992391347885132,0.9520909190177917
1769518333.2528594,15.960806846618652,3.4396860599517822,15.145646095275879,2.989217519760132,0.9313474893569946
1769518333.2729542,15.991716384887695,3.430455207824707,15.169641494750977,2.972374200820923,0.9410876035690308
1769518333.2929764,16.061172485351562,3.409376621246338,15.25030517578125,3.000570774078369,0.9080896973609924
1769518333.312853,16.099700927734375,3.3974814414978027,15.282691955566406,2.983403444290161,0.91595059633255
1769518333.3328056,16.184322357177734,3.3708484172821045,15.379522323608398,2.9618380069732666,0.9027690887451172
1769518333.3529918,16.23039436340332,3.356052875518799,15.420166969299316,2.9431028366088867,0.9093922972679138
1769518333.3731809,16.307043075561523,3.3309738636016846,15.501211166381836,2.9540975093841553,0.8896075487136841
1769518333.3931665,16.37588119506836,3.3079545497894287,15.566108703613281,2.9318974018096924,0.8928329348564148
1769518333.4133682,16.452199935913086,3.2818808555603027,15.627331733703613,2.9309213161468506,0.8964260816574097
1769518333.4329653,16.513124465942383,3.260646343231201,15.684046745300293,2.910139322280884,0.9001246094703674
1769518333.452816,16.581525802612305,3.2363593578338623,15.799007415771484,2.943394660949707,0.835561215877533
1769518333.4729278,16.619461059570312,3.222684621810913,15.832317352294922,2.9270856380462646,0.8408176898956299
1769518333.492964,16.6649227142334,3.206104278564453,15.871073722839355,2.9416322708129883,0.8367445468902588
1769518333.5129364,16.71787452697754,3.1865248680114746,15.920333862304688,2.9229652881622314,0.8399603962898254
1769518333.5329838,16.74053955078125,3.178056478500366,15.953536987304688,2.9660086631774902,0.8150683641433716
1769518333.5530372,16.785816192626953,3.160979986190796,15.995022773742676,2.949629306793213,0.8185495734214783
1769518333.5729406,16.861122131347656,3.132107734680176,16.08655548095703,2.937215805053711,0.7987095713615417
1769518333.5931628,16.928728103637695,3.1056833267211914,16.152257919311523,2.9162566661834717,0.7992430925369263
1769518333.6128235,16.996170043945312,3.0788443088531494,16.224946975708008,2.9046449661254883,0.7906533479690552
1769518333.6331515,17.070913314819336,3.048537492752075,16.298673629760742,2.8819870948791504,0.7899940013885498
1769518333.6528358,17.12310791015625,3.027019739151001,16.35787582397461,2.8895068168640137,0.7774896621704102
1769518333.6732576,17.182632446289062,3.002122640609741,16.415754318237305,2.870152711868286,0.7781509757041931
1769518333.6929908,17.249435424804688,2.9737255573272705,16.49115562438965,2.8762075901031494,0.7645254731178284
1769518333.713585,17.301273345947266,2.951355457305908,16.540998458862305,2.8585290908813477,0.7659198045730591
1769518333.7328475,17.353002548217773,2.9287381172180176,16.62399673461914,2.878140449523926,0.7307584285736084
1769518333.752941,17.397254943847656,2.9091553688049316,16.66660499572754,2.862793445587158,0.732119619846344
1769518333.7729313,17.426712036132812,2.8959994316101074,16.699825286865234,2.878329038619995,0.7271023988723755
1769518333.7929332,17.4708309173584,2.876115083694458,16.742530822753906,2.863438844680786,0.7284104228019714
1769518333.8129067,17.500198364257812,2.8627586364746094,16.77412223815918,2.864870071411133,0.726078450679779
1769518333.8332748,17.536855697631836,2.8459503650665283,16.808895111083984,2.8517374992370605,0.7279845476150513
1769518333.852958,17.60269546508789,2.815380573272705,16.884841918945312,2.858762264251709,0.7191625237464905
1769518333.8730516,17.668344497680664,2.784406900405884,16.951549530029297,2.8395485877990723,0.7189138531684875
1769518333.8929784,17.741065979003906,2.7495198249816895,17.028995513916016,2.847686529159546,0.718804657459259
1769518333.9129121,17.813547134399414,2.714137077331543,17.10358428955078,2.827219247817993,0.7189111709594727
1769518333.9327793,17.871356964111328,2.6854755878448486,17.165977478027344,2.8405473232269287,0.722222626209259
1769518333.9527917,17.943397521972656,2.649205207824707,17.240562438964844,2.820565700531006,0.7234235405921936
1769518333.972871,17.99367904663086,2.6235241889953613,17.31590461730957,2.816939115524292,0.7048329710960388
1769518333.9928536,18.043838500976562,2.5976028442382812,17.367155075073242,2.8021328449249268,0.706917405128479
1769518334.012971,18.086732864379883,2.5751943588256836,17.405431747436523,2.805396556854248,0.71914142370224
1769518334.0328383,18.122407913208008,2.5563864707946777,17.44074249267578,2.794241189956665,0.7219719886779785
1769518334.0530171,18.158018112182617,2.53745698928833,17.508113861083984,2.788435697555542,0.696682870388031
1769518334.0727773,18.193565368652344,2.5184061527252197,17.544057846069336,2.777402877807617,0.6992409825325012
1769518334.0928886,18.24321937561035,2.4915311336517334,17.603391647338867,2.774042844772339,0.6994234919548035
1769518334.1134143,18.264461517333984,2.479940891265869,17.623533248901367,2.766484260559082,0.7020654678344727
1769518334.1328394,18.34214210510254,2.4370713233947754,17.71581268310547,2.76005482673645,0.7047045230865479
1769518334.1528766,18.36327362060547,2.425278663635254,17.736207962036133,2.7528488636016846,0.707469642162323
1769518334.1728914,18.4124813079834,2.3975939750671387,17.797935485839844,2.7491142749786377,0.7079790234565735
1769518334.1930761,18.46855926513672,2.3656668663024902,17.85798454284668,2.7337493896484375,0.7129411697387695
1769518334.2131934,18.531436920166016,2.329383373260498,17.932453155517578,2.7346251010894775,0.7231886386871338
1769518334.2329452,18.587139129638672,2.2968075275421143,17.992618560791016,2.7196671962738037,0.7295644879341125
1769518334.2530851,18.64959144592285,2.2597968578338623,18.075769424438477,2.6971895694732666,0.7215156555175781
1769518334.272956,18.71871566772461,2.218224287033081,18.143993377685547,2.680600166320801,0.7376304268836975
1769518334.292971,18.780685424804688,2.180406332015991,18.190570831298828,2.6844749450683594,0.7760919332504272
1769518334.3129725,18.821866989135742,2.1549830436706543,18.23468589782715,2.6733014583587646,0.7832211852073669
1769518334.3330374,18.8355712890625,2.1464710235595703,18.249095916748047,2.673686981201172,0.7886129021644592
1769518334.352938,18.883445739746094,2.11653208732605,18.301143646240234,2.6610164642333984,0.7972073554992676
1769518334.3729897,18.944787979125977,2.077704429626465,18.32843589782715,2.637946128845215,0.8329229354858398
1769518334.393183,19.019433975219727,2.0297393798828125,18.411285400390625,2.6187782287597656,0.8466468453407288
1769518334.4129705,19.080238342285156,1.9900803565979004,18.475048065185547,2.6070690155029297,0.8642517328262329
1769518334.4328392,19.147512435913086,1.945578694343567,18.53684425354004,2.5968828201293945,0.8928113579750061
1769518334.4530742,19.17433738708496,1.9276498556137085,18.564132690429688,2.5893728733062744,0.9001256823539734
1769518334.4730744,19.214481353759766,1.9006197452545166,18.607200622558594,2.572108745574951,0.9053659439086914
1769518334.4928195,19.281139373779297,1.8552056550979614,18.682010650634766,2.5551202297210693,0.9213225245475769
1769518334.5129342,19.32761573791504,1.8231459856033325,18.733078002929688,2.542912006378174,0.9335626363754272
1769518334.5330586,19.3607177734375,1.8001106977462769,18.76826286315918,2.560535192489624,0.9639756679534912
1769518334.5530257,19.40033721923828,1.7723196744918823,18.811420440673828,2.5504848957061768,0.9758920669555664
1769518334.5729682,19.459552764892578,1.7303298711776733,18.876089096069336,2.5331482887268066,0.9924448728561401
1769518334.5928304,19.505428314208984,1.697420358657837,18.927223205566406,2.52166485786438,1.0068269968032837
1769518334.6128378,19.557662963867188,1.6595418453216553,18.982072830200195,2.4950506687164307,1.0145832300186157
1769518334.6338735,19.577198028564453,1.6452641487121582,18.993566513061523,2.4578311443328857,1.0004457235336304
1769518334.6529167,19.661510467529297,1.5829328298568726,19.092191696166992,2.4367756843566895,1.0262413024902344
1769518334.6732392,19.687339782714844,1.5636038780212402,19.128284454345703,2.4168877601623535,1.020115613937378
1769518334.692809,19.770919799804688,1.500299096107483,19.22708511352539,2.3959169387817383,1.04780113697052
1769518334.7130919,19.815689086914062,1.4659055471420288,19.278207778930664,2.3838181495666504,1.063696026802063
1769518334.7330146,19.83482551574707,1.4511001110076904,19.308565139770508,2.3669748306274414,1.0563037395477295
1769518334.7530017,19.841197967529297,1.4461562633514404,19.31228256225586,2.3633923530578613,1.0588080883026123
1769518334.7729769,19.860294342041016,1.4312984943389893,19.3319034576416,2.3569529056549072,1.0658481121063232
1769518334.7928815,19.91739845275879,1.386491298675537,19.405763626098633,2.324817180633545,1.068748950958252
1769518334.8128932,19.961620330810547,1.3513991832733154,19.457305908203125,2.3124725818634033,1.0853545665740967
1769518334.8329508,20.018230438232422,1.3059709072113037,19.52730369567871,2.2820653915405273,1.0925970077514648
1769518334.8528607,20.06206512451172,1.270397663116455,19.57893943786621,2.269624710083008,1.1098939180374146
1769518334.8728943,20.11817169189453,1.224353551864624,19.652591705322266,2.2682390213012695,1.1430054903030396
1769518334.8938696,20.155418395996094,1.1934661865234375,19.696386337280273,2.257587432861328,1.1589065790176392
1769518334.913146,20.16780662536621,1.1831364631652832,19.687068939208984,2.2270750999450684,1.1493107080459595
1769518334.9329655,20.192537307739258,1.1624263525009155,19.714557647705078,2.2187047004699707,1.1593917608261108
1769518334.9530687,20.223373413085938,1.1364437341690063,19.7499942779541,2.2090189456939697,1.1723926067352295
1769518334.97283,20.27252197265625,1.0946528911590576,19.783130645751953,2.189516067504883,1.1992621421813965
1769518334.9929707,20.333635330200195,1.0420373678207397,19.857900619506836,2.17330265045166,1.227226972579956
1769518335.0132017,20.364057540893555,1.0155730247497559,19.88685417175293,2.1331722736358643,1.215216040611267
1769518335.0329487,20.412540435791016,0.9730134606361389,19.945674896240234,2.1192383766174316,1.2376571893692017
1769518335.0529573,20.466806411743164,0.9248164892196655,20.00704574584961,2.0724544525146484,1.236306071281433
1769518335.0732722,20.508806228637695,0.8870987296104431,20.05765151977539,2.0592634677886963,1.2559900283813477
1769518335.0928757,20.56848907470703,0.8328670263290405,20.119028091430664,2.013448715209961,1.2632453441619873
1769518335.1129153,20.62779998779297,0.7782267928123474,20.193336486816406,1.996259331703186,1.2931983470916748
1769518335.1328292,20.680856704711914,0.7287033200263977,20.2501163482666,1.951341986656189,1.2962956428527832
1769518335.1528223,20.721912384033203,0.689958930015564,20.30037498474121,1.9375073909759521,1.3168412446975708
1769518335.1728265,20.7569522857666,0.656592607498169,20.315601348876953,1.8975152969360352,1.3170726299285889
1769518335.192817,20.780237197875977,0.6342682838439941,20.34143829345703,1.886831283569336,1.3271993398666382
1769518335.2129152,20.815048217773438,0.6006619930267334,20.378734588623047,1.8437180519104004,1.3174055814743042
1769518335.2328885,20.86124610900879,0.5556309223175049,20.436338424682617,1.827855110168457,1.3413058519363403
1769518335.2530043,20.90146827697754,0.5160208344459534,20.472980499267578,1.8147013187408447,1.3675426244735718
1769518335.2728808,20.958593368530273,0.4591003954410553,20.546260833740234,1.796775221824646,1.3997832536697388
1769518335.2929177,21.004013061523438,0.4132820665836334,20.598752975463867,1.757278323173523,1.4037666320800781
1769518335.3129296,21.032270431518555,0.3845190107822418,20.63210105895996,1.744704246520996,1.4178293943405151
1769518335.3329718,21.09408950805664,0.3208993077278137,20.676828384399414,1.691720724105835,1.4329198598861694
1769518335.3529136,21.1331787109375,0.2801712453365326,20.725379943847656,1.6764087677001953,1.4545717239379883
1769518335.3728063,21.172069549560547,0.2392553985118866,20.7701416015625,1.61331307888031,1.431635856628418
1769518335.392936,21.221784591674805,0.18637488782405853,20.83441734313965,1.594946026802063,1.460864782333374
1769518335.4131427,21.265697479248047,0.13911226391792297,20.88114356994629,1.5439629554748535,1.4565329551696777
1769518335.4330049,21.2984619140625,0.10350699722766876,20.921375274658203,1.528334617614746,1.4738821983337402
1769518335.4536116,21.336502075195312,0.0617968887090683,20.945905685424805,1.424675703048706,1.4177461862564087
1769518335.4729366,21.390493392944336,0.0018940359586849809,21.009464263916016,1.4045336246490479,1.453472375869751
1769518335.4929593,21.43338966369629,-0.04629509896039963,21.08026695251465,1.3707411289215088,1.4603725671768188
1769518335.5129142,21.486635208129883,-0.10686276108026505,21.151668548583984,1.3490015268325806,1.4939022064208984
1769518335.5327985,21.523658752441406,-0.1494777351617813,21.187625885009766,1.2933002710342407,1.4813934564590454
1769518335.553068,21.576190948486328,-0.2106650024652481,21.258607864379883,1.270824909210205,1.5151475667953491
1769518335.5729027,21.623109817504883,-0.26604199409484863,21.321796417236328,1.2496994733810425,1.5454002618789673
1769518335.5929885,21.64902687072754,-0.29693248867988586,21.33403778076172,1.1818987131118774,1.5120052099227905
1769518335.6128163,21.674837112426758,-0.3279121518135071,21.365169525146484,1.1639256477355957,1.5236382484436035
1769518335.6330595,21.715909957885742,-0.3776642382144928,21.405710220336914,1.1024971008300781,1.5123167037963867
1769518335.65304,21.761789321899414,-0.43390530347824097,21.467927932739258,1.0795108079910278,1.5416821241378784
1769518335.6729841,21.79218292236328,-0.4715571701526642,21.50310707092285,1.0146993398666382,1.5141077041625977
1769518335.6929293,21.83747673034668,-0.5282701253890991,21.56511878967285,0.9908384680747986,1.5433309078216553
1769518335.7128594,21.88241958618164,-0.5852634310722351,21.60092544555664,0.9014205932617188,1.513098955154419
1769518335.7328541,21.93193817138672,-0.6489155292510986,21.662017822265625,0.8761510252952576,1.5487689971923828
1769518335.752799,21.96143913269043,-0.68727046251297,21.691181182861328,0.7995257377624512,1.511159062385559
1769518335.7729511,21.995655059814453,-0.732171893119812,21.736347198486328,0.7752841114997864,1.5295958518981934
1769518335.7928953,22.039325714111328,-0.790144681930542,21.773418426513672,0.6977327466011047,1.5114517211914062
1769518335.8129082,22.063432693481445,-0.8224687576293945,21.802461624145508,0.6746687293052673,1.5197126865386963
1769518335.8332593,22.087427139282227,-0.8548760414123535,21.83389663696289,0.5856040120124817,1.4626212120056152
1769518335.8528202,22.130334854125977,-0.913417398929596,21.89410972595215,0.5570874214172363,1.4893577098846436
1769518335.873019,22.168167114257812,-0.9656774997711182,21.956554412841797,0.5156182646751404,1.4963345527648926
1769518335.8931134,22.201034545898438,-1.0115761756896973,22.008886337280273,0.4875524640083313,1.511392593383789
1769518335.9131575,22.25223159790039,-1.084022879600525,22.07646369934082,0.4569105803966522,1.550925850868225
1769518335.9329221,22.298295974731445,-1.1502201557159424,22.134761810302734,0.2849894165992737,1.444496512413025
1769518335.952912,22.343900680541992,-1.2167346477508545,22.201873779296875,0.2513657510280609,1.47495436668396
1769518335.9731395,22.357492446899414,-1.2367503643035889,22.180482864379883,0.18588517606258392,1.433605432510376
1769518335.992851,22.398019790649414,-1.2969658374786377,22.23918914794922,0.15274250507354736,1.4583830833435059
1769518336.0129035,22.433727264404297,-1.3507016897201538,22.31520652770996,0.031268734484910965,1.3870433568954468
1769518336.0328484,22.44704246520996,-1.3709033727645874,22.328144073486328,0.0032054095063358545,1.379243016242981
1769518336.053021,22.48233985900879,-1.4249091148376465,22.366901397705078,-0.04143807664513588,1.3882789611816406
1769518336.0728571,22.52169418334961,-1.4858981370925903,22.425302505493164,-0.07734998315572739,1.4118424654006958
1769518336.092882,22.547718048095703,-1.5266928672790527,22.446489334106445,-0.20004796981811523,1.3305014371871948
1769518336.1128795,22.590715408325195,-1.5949219465255737,22.51197624206543,-0.2393854856491089,1.3578213453292847
1769518336.1329284,22.62900733947754,-1.6565793752670288,22.536794662475586,-0.30280065536499023,1.3569157123565674
1769518336.153123,22.6752872467041,-1.732257604598999,22.608877182006836,-0.34459251165390015,1.3892532587051392
1769518336.1729205,22.712722778320312,-1.7944341897964478,22.64893341064453,-0.44877859950065613,1.347166657447815
1769518336.1928332,22.729236602783203,-1.8221420049667358,22.66762924194336,-0.48245516419410706,1.3411026000976562
1769518336.2132504,22.7415714263916,-1.8429524898529053,22.653297424316406,-0.567150890827179,1.278851866722107
1769518336.2328866,22.778316497802734,-1.9055355787277222,22.70156478881836,-0.6073500514030457,1.300452470779419
1769518336.2528992,22.790477752685547,-1.926446795463562,22.744836807250977,-0.7161602973937988,1.2111468315124512
1769518336.273294,22.810651779174805,-1.961354374885559,22.770673751831055,-0.7546770572662354,1.2073392868041992
1769518336.2928984,22.834699630737305,-2.0033345222473145,22.78095054626465,-0.818561315536499,1.185991644859314
1769518336.3129537,22.866491317749023,-2.0594611167907715,22.828929901123047,-0.8618283271789551,1.1982216835021973
1769518336.332986,22.878332138061523,-2.0805535316467285,22.859487533569336,-0.905624508857727,1.1750801801681519
1769518336.3529105,22.921377182006836,-2.158099889755249,22.930152893066406,-0.9541324377059937,1.203999400138855
1769518336.373113,22.925260543823242,-2.165165662765503,22.889724731445312,-1.051598310470581,1.1141343116760254
1769518336.3929675,22.9791202545166,-2.264364242553711,22.981800079345703,-1.1070528030395508,1.157314658164978
1769518336.41307,22.98673439025879,-2.2785775661468506,22.99571990966797,-1.1666280031204224,1.1119859218597412
1769518336.4328463,23.02826690673828,-2.3569366931915283,23.06541633605957,-1.21840238571167,1.139140248298645
1769518336.4530048,23.046945571899414,-2.392657518386841,23.074525833129883,-1.2693337202072144,1.1236622333526611
1769518336.472928,23.076574325561523,-2.4499435424804688,23.121471405029297,-1.3167076110839844,1.1341251134872437
1769518336.4930582,23.087602615356445,-2.4714677333831787,23.048675537109375,-1.3561995029449463,1.1159473657608032
1769518336.5129185,23.124040603637695,-2.5433781147003174,23.108707427978516,-1.4078338146209717,1.1356476545333862
1769518336.532932,23.145662307739258,-2.586643934249878,23.143882751464844,-1.530362606048584,1.0562827587127686
1769518336.5529172,23.184833526611328,-2.6661946773529053,23.20363998413086,-1.5845106840133667,1.0818475484848022
1769518336.5730965,23.188364028930664,-2.6734414100646973,23.214569091796875,-1.7492574453353882,0.9245553016662598
1769518336.5929136,23.21991539001465,-2.738769054412842,23.267192840576172,-1.8044592142105103,0.9355052709579468
1769518336.6129515,23.22339630126953,-2.746039628982544,23.247180938720703,-1.8493266105651855,0.8970285058021545
1769518336.632854,23.25792121887207,-2.8188774585723877,23.30679702758789,-1.9073268175125122,0.9128599166870117
1769518336.652948,23.2613468170166,-2.826174259185791,23.347272872924805,-2.0087502002716064,0.8219276666641235
1769518336.6728299,23.298683166503906,-2.9065935611724854,23.4150333404541,-2.0708372592926025,0.8438161015510559
1769518336.6929686,23.302047729492188,-2.9139182567596436,23.387666702270508,-2.1352527141571045,0.7833585143089294
1769518336.7130847,23.33209228515625,-2.979945182800293,23.440078735351562,-2.194585084915161,0.7927494049072266
1769518336.732881,23.355175018310547,-3.0314273834228516,23.45740509033203,-2.2262771129608154,0.811614453792572
1769518336.7528303,23.384483337402344,-3.09778094291687,23.509414672851562,-2.2858545780181885,0.8214816451072693
1769518336.7728446,23.40058708190918,-3.1347222328186035,23.480825424194336,-2.341916561126709,0.796855628490448
1769518336.7929707,23.435562133789062,-3.216186285018921,23.538867950439453,-2.4051904678344727,0.8175491690635681
1769518336.8133037,23.463714599609375,-3.283034324645996,23.595739364624023,-2.573263645172119,0.7219451665878296
1769518336.832847,23.500598907470703,-3.372433662414551,23.66866683959961,-2.644606828689575,0.7469801306724548
1769518336.8529253,23.527772903442383,-3.4396815299987793,23.621028900146484,-2.713402032852173,0.7322424054145813
1769518336.8728473,23.539714813232422,-3.469623327255249,23.633455276489258,-2.764960289001465,0.7108709216117859
1769518336.8928547,23.55452537536621,-3.507096529006958,23.644044876098633,-2.8775079250335693,0.6359212398529053
1769518336.9129794,23.56920623779297,-3.5446207523345947,23.66354751586914,-2.9334027767181396,0.6184558272361755
1769518336.9328036,23.58953857421875,-3.597238779067993,23.722675323486328,-3.0554256439208984,0.5579308867454529
1769518336.9529212,23.603906631469727,-3.634882926940918,23.847055435180664,-3.395901918411255,0.34092995524406433
1769518336.972964,23.618141174316406,-3.6725761890411377,23.869060516357422,-3.459101676940918,0.32944074273109436
1769518336.9929695,23.640647888183594,-3.7329869270324707,23.912796020507812,-3.532055616378784,0.3382873237133026
1769518337.0131145,23.65177345275879,-3.7632386684417725,23.92743492126465,-3.5929763317108154,0.32400304079055786
1769518337.0329494,23.665563583374023,-3.801095962524414,23.97038459777832,-3.683241844177246,0.32681089639663696
1769518337.0528812,23.68193817138672,-3.8465874195098877,24.143539428710938,-3.6798155307769775,0.49080410599708557
1769518337.0732074,23.708805084228516,-3.922555685043335,24.204872131347656,-3.7605671882629395,0.5218443274497986
1769518337.0929458,23.73253631591797,-3.991084098815918,24.11094856262207,-3.689486503601074,0.483898401260376
1769518337.1129622,23.75326919555664,-4.052120685577393,24.174909591674805,-3.92034912109375,0.44175171852111816
1769518337.133627,23.766054153442383,-4.090326309204102,24.197174072265625,-3.986919403076172,0.44334718585014343
1769518337.1528404,23.793716430664062,-4.174532413482666,24.343019485473633,-4.152182102203369,0.549758791923523
1769518337.1729157,23.81342887878418,-4.235904216766357,24.38886260986328,-4.231597423553467,0.5754497051239014
1769518337.1928427,23.82557487487793,-4.274316310882568,24.404224395751953,-4.479186058044434,0.6138465404510498
1769518337.2128975,23.849468231201172,-4.351264953613281,24.464426040649414,-4.571046352386475,0.6530516147613525
1769518337.232904,23.851829528808594,-4.358969211578369,24.473419189453125,-4.724437236785889,0.7210695743560791
1769518337.2530181,23.8774356842041,-4.443819046020508,24.541120529174805,-4.823690414428711,0.7647082209587097
1769518337.27292,23.879732131958008,-4.451542377471924,24.32839584350586,-4.357254981994629,0.45846328139305115
1769518337.2928786,23.909090042114258,-4.552087306976318,24.40662956237793,-4.456511974334717,0.5066344738006592
1769518337.312998,23.91794204711914,-4.5830769538879395,24.366798400878906,-4.531612873077393,0.4517962634563446
1769518337.333353,23.939693450927734,-4.6606574058532715,24.421985626220703,-4.621140003204346,0.483909547328949
1769518337.352832,23.95880889892578,-4.730606555938721,24.55733299255371,-4.862159252166748,0.6128105521202087
1769518337.3729606,23.979536056518555,-4.808465957641602,24.607091903686523,-4.951828479766846,0.6437236070632935
1769518337.3932009,23.98361587524414,-4.824054718017578,24.451486587524414,-4.816745758056641,0.46792665123939514
1769518337.4129493,24.005672454833984,-4.909893989562988,24.51303482055664,-4.913349151611328,0.5073741674423218
1769518337.4327137,24.023231506347656,-4.980249404907227,24.52545738220215,-4.990680694580078,0.5023340582847595
1769518337.4529717,24.04781723022461,-5.082063674926758,24.60062026977539,-5.101070880889893,0.5531297326087952
1769518337.4729035,24.05702781677246,-5.121281147003174,24.56955337524414,-5.461822509765625,0.6153461337089539
1769518337.492798,24.066104888916016,-5.1605305671691895,24.585920333862305,-5.537296295166016,0.6419986486434937
1769518337.5129693,24.076814651489258,-5.20767068862915,24.57337188720703,-5.3568525314331055,0.5184829235076904
1769518337.5328205,24.083847045898438,-5.23912239074707,24.59630584716797,-5.353914260864258,0.5251595377922058
1769518337.552909,24.0959415435791,-5.294208526611328,24.626710891723633,-5.435381889343262,0.5492240190505981
1769518337.572799,24.112754821777344,-5.373003959655762,24.68449592590332,-5.634721279144287,0.6287954449653625
1769518337.5929675,24.125812530517578,-5.436122417449951,24.72222328186035,-5.725653648376465,0.662975013256073
1769518337.6129646,24.14008140563965,-5.507216453552246,24.767244338989258,-5.823319911956787,0.7023206949234009
1769518337.6329997,24.143192291259766,-5.523026943206787,24.62856674194336,-5.772693634033203,0.545821487903595
1769518337.6529353,24.156919479370117,-5.5942277908325195,24.671072006225586,-5.869604587554932,0.5832537412643433
1769518337.672855,24.17020034790039,-5.665512561798096,24.737247467041016,-5.924388408660889,0.6233442425727844
1769518337.6929173,24.18443489074707,-5.744812965393066,24.802743911743164,-6.223261833190918,0.7818050980567932
1769518337.7127864,24.192712783813477,-5.792440414428711,24.824241638183594,-6.306982040405273,0.8146061301231384
1769518337.7329159,24.202117919921875,-5.848048210144043,24.759389877319336,-6.232815265655518,0.6771982908248901
1769518337.7529085,24.21381187438965,-5.919610023498535,24.800573348999023,-6.334670543670654,0.7187240719795227
1769518337.772989,24.221359252929688,-5.967358112335205,24.81996726989746,-6.4174065589904785,0.7489157319068909
1769518337.792834,24.22991371154785,-6.0231032371521,24.75894546508789,-6.507685661315918,0.7174211144447327
1769518337.812955,24.237031936645508,-6.070917129516602,24.783946990966797,-6.681777477264404,0.8199195861816406
1769518337.83301,24.248449325561523,-6.150671482086182,24.8304500579834,-6.7959465980529785,0.8689666986465454
1769518337.85329,24.253950119018555,-6.190577983856201,24.73880386352539,-6.6060686111450195,0.6385253667831421
1769518337.8728552,24.265565872192383,-6.278438091278076,24.79045867919922,-6.7240214347839355,0.6885188221931458
1769518337.893043,24.271617889404297,-6.3263983726501465,24.759511947631836,-6.8251471519470215,0.6977040767669678
1769518337.9128942,24.281261444091797,-6.406386852264404,24.802684783935547,-6.938559532165527,0.7450432777404785
1769518337.933184,24.28767967224121,-6.462418079376221,24.76519203186035,-6.938520908355713,0.6743078231811523
1769518337.9530253,24.295534133911133,-6.534502983093262,24.799833297729492,-7.0445427894592285,0.7172580361366272
1769518337.9731026,24.302940368652344,-6.6066365242004395,24.80147933959961,-7.143797397613525,0.7328587770462036
1769518337.9928946,24.309898376464844,-6.678816318511963,24.835121154785156,-7.251622676849365,0.7771522402763367
1769518338.0127804,24.314998626708984,-6.734986305236816,24.771974563598633,-7.3497209548950195,0.7659794092178345
1769518338.032851,24.319154739379883,-6.783151626586914,24.78241539001465,-7.435378074645996,0.8000064492225647
1769518338.052931,24.321157455444336,-6.807240962982178,24.720962524414062,-7.418593883514404,0.7304771542549133
1769518338.0728598,24.32501220703125,-6.855432033538818,24.730342864990234,-7.503284931182861,0.7642035484313965
1769518338.0929325,24.32866668701172,-6.903639316558838,24.7198486328125,-7.471686840057373,0.6897108554840088
1769518338.11281,24.332679748535156,-6.959901332855225,24.687828063964844,-7.581754684448242,0.7161230444908142
1769518338.133073,24.337440490722656,-7.032266139984131,24.716012954711914,-7.691280364990234,0.7600107192993164
1769518338.1530745,24.33989143371582,-7.072482109069824,24.716352462768555,-7.767776966094971,0.790669322013855
1769518338.1732497,24.343524932861328,-7.136844635009766,24.710336685180664,-7.781657695770264,0.7418455481529236
1769518338.192896,24.3468017578125,-7.201227188110352,24.683027267456055,-7.875888347625732,0.7538006901741028
1769518338.2129679,24.34972381591797,-7.265627861022949,24.70189094543457,-7.977771759033203,0.794462263584137
1769518338.2328577,24.35198974609375,-7.321991920471191,24.65500259399414,-7.928160667419434,0.6776857376098633
1769518338.2529802,24.35398292541504,-7.378366947174072,24.665569305419922,-8.019558906555176,0.712891161441803
1769518338.2730544,24.3554744720459,-7.426695823669434,24.61261749267578,-8.084464073181152,0.7062444686889648
1769518338.2929633,24.357858657836914,-7.523372173309326,24.654577255249023,-8.221710205078125,0.7587611079216003
1769518338.313262,24.35832977294922,-7.547544479370117,24.59552001953125,-8.2207670211792,0.7137840986251831
1769518338.3328738,24.359539031982422,-7.6281256675720215,24.62303924560547,-8.339958190917969,0.7590380311012268
1769518338.3529975,24.36005401611328,-7.684537410736084,24.61954689025879,-8.383888244628906,0.7459409832954407
1769518338.372962,24.360319137573242,-7.765129566192627,24.64569854736328,-8.503829002380371,0.7919077277183533
1769518338.3930936,24.36017417907715,-7.821545600891113,24.575271606445312,-8.516145706176758,0.7271419763565063
1769518338.4129922,24.359676361083984,-7.886019706726074,24.586462020874023,-8.616936683654785,0.7652915716171265
1769518338.4328742,24.35869026184082,-7.958549976348877,24.56026840209961,-8.71201229095459,0.7799607515335083
1769518338.453173,24.357439041137695,-8.023015975952148,24.568716049194336,-8.81425666809082,0.8189629316329956
1769518338.472901,24.35560417175293,-8.095532417297363,24.535490036010742,-8.85299301147461,0.7785280346870422
1769518338.4927766,24.35359764099121,-8.159981727600098,24.500934600830078,-8.8870267868042,0.7418240904808044
1769518338.512872,24.35154914855957,-8.216365814208984,24.500709533691406,-8.977987289428711,0.7760902643203735
1769518338.5329971,24.349578857421875,-8.264686584472656,24.494211196899414,-9.05942440032959,0.8077906966209412
1769518338.553,24.3477840423584,-8.304948806762695,24.481531143188477,-9.13122272491455,0.8370286226272583
1769518338.5729663,24.34420394897461,-8.37740421295166,24.399375915527344,-9.154793739318848,0.7793449759483337
1769518338.5930338,24.33970069885254,-8.457884788513184,24.413434982299805,-9.27538013458252,0.8208144903182983
1769518338.6129997,24.337743759155273,-8.490068435668945,24.428647994995117,-9.166622161865234,0.6826340556144714
1769518338.632938,24.3341064453125,-8.54637622833252,24.40424919128418,-9.235886573791504,0.6930684447288513
1769518338.65292,24.327844619750977,-8.634825706481934,24.422466278076172,-9.364344596862793,0.7356302738189697
1769518338.6731045,24.323511123657227,-8.691086769104004,24.36433219909668,-9.430279731750488,0.7403196692466736
1769518338.6929045,24.31615447998047,-8.779454231262207,24.322589874267578,-9.558993339538574,0.7795653939247131
1769518338.712788,24.31403350830078,-8.803544998168945,24.292816162109375,-9.606550216674805,0.8032853603363037
1769518338.732842,24.31038475036621,-8.8436861038208,24.264108657836914,-9.642098426818848,0.7997516989707947
1769518338.7528746,24.3034725189209,-8.915909767150879,24.265962600708008,-9.751084327697754,0.8360162973403931
1769518338.7728264,24.297786712646484,-8.972054481506348,24.245607376098633,-9.701249122619629,0.7310596108436584
1769518338.7928975,24.289196014404297,-9.052212715148926,24.251028060913086,-9.818737983703613,0.7674742341041565
1769518338.8129342,24.28469467163086,-9.092269897460938,24.159107208251953,-9.87092113494873,0.7887136340141296
1769518338.8328834,24.280054092407227,-9.132311820983887,24.13654136657715,-9.936474800109863,0.8168678879737854
1769518338.8528426,24.2713565826416,-9.204347610473633,24.146461486816406,-9.904086112976074,0.7107977867126465
1769518338.8729029,24.264284133911133,-9.260337829589844,24.13336181640625,-9.98829460144043,0.7396354675292969
1769518338.8929453,24.25587272644043,-9.324285507202148,24.103565216064453,-10.006672859191895,0.6991778612136841
1769518338.9130793,24.244861602783203,-9.404154777526855,24.102840423583984,-10.121703147888184,0.7314685583114624
1769518338.933135,24.236827850341797,-9.460018157958984,24.088157653808594,-10.205015182495117,0.7596867680549622
1769518338.9529233,24.22243309020996,-9.555693626403809,24.099130630493164,-10.113665580749512,0.5714327096939087
1769518338.9729002,24.21367073059082,-9.6114501953125,24.082717895507812,-10.193167686462402,0.5962755680084229
1769518338.9928513,24.19936180114746,-9.698981285095215,23.991411209106445,-10.434487342834473,0.7643380761146545
1769518339.012824,24.193994522094727,-9.73078441619873,23.89910125732422,-10.490180015563965,0.8146436214447021
1769518339.0331042,24.189910888671875,-9.754627227783203,23.80575180053711,-10.511727333068848,0.8489874005317688
1769518339.0529492,24.181598663330078,-9.802287101745605,23.779760360717773,-10.582959175109863,0.8780223727226257
1769518339.0729465,24.17308807373047,-9.849912643432617,23.80560874938965,-10.5331392288208,0.7757830023765564
1769518339.0929255,24.165847778320312,-9.889575004577637,23.771238327026367,-10.580500602722168,0.7956722378730774
1769518339.1130538,24.1524715423584,-9.96090316772461,23.74721336364746,-10.68333911895752,0.8283399939537048
1769518339.1328406,24.1370906829834,-10.040060043334961,23.73984146118164,-10.806520462036133,0.8632894158363342
1769518339.1528852,24.126001358032227,-10.095406532287598,23.659072875976562,-10.782806396484375,0.830987811088562
1769518339.1730478,24.114646911621094,-10.150700569152832,23.63330841064453,-10.861172676086426,0.858171820640564
1769518339.193015,24.09456443786621,-10.245362281799316,23.61766815185547,-10.898063659667969,0.808361291885376
1769518339.2128425,24.082489013671875,-10.300505638122559,23.590740203857422,-10.974752426147461,0.8345209360122681
1769518339.2329636,24.06477928161621,-10.379180908203125,23.65582847595215,-10.879118919372559,0.6458944082260132
1769518339.2529886,24.052061080932617,-10.434181213378906,23.628787994384766,-10.951987266540527,0.6687923669815063
1769518339.2730837,24.040950775146484,-10.481274604797363,23.521324157714844,-11.105134010314941,0.8119176030158997
1769518339.2927773,24.025833129882812,-10.543994903564453,23.495380401611328,-11.19070816040039,0.8364319205284119
1769518339.313145,24.0239200592041,-10.55182933807373,23.459447860717773,-11.110244750976562,0.7940129041671753
1769518339.3329134,24.014270782470703,-10.590980529785156,23.4234619140625,-11.161457061767578,0.8212789297103882
1769518339.3531144,23.998554229736328,-10.65355396270752,23.455734252929688,-11.197562217712402,0.7685046792030334
1769518339.3729012,23.986541748046875,-10.70042610168457,23.423145294189453,-11.258759498596191,0.7931907773017883
1769518339.3933983,23.968162536621094,-10.770642280578613,23.432254791259766,-11.261470794677734,0.7267112731933594
1769518339.413351,23.951461791992188,-10.83296012878418,23.40491485595703,-11.342682838439941,0.7473486661911011
1769518339.4334729,23.938711166381836,-10.879638671875,23.33296775817871,-11.370539665222168,0.7796851396560669
1769518339.4530134,23.92141342163086,-10.941793441772461,23.30417823791504,-11.45115852355957,0.800270676612854
1769518339.4729357,23.89482879638672,-11.034847259521484,23.29994773864746,-11.551104545593262,0.7876584529876709
1769518339.492882,23.87668228149414,-11.096760749816895,23.26900863647461,-11.63105297088623,0.8091578483581543
1769518339.5129864,23.860525131225586,-11.15085220336914,23.2154483795166,-11.61508560180664,0.794756293296814
1769518339.5329673,23.8441104888916,-11.204866409301758,23.14544105529785,-11.587519645690918,0.7965933680534363
1769518339.5530608,23.825031280517578,-11.266499519348145,23.111175537109375,-11.663727760314941,0.8169334530830383
1769518339.5729587,23.815366744995117,-11.297276496887207,23.168848037719727,-11.637208938598633,0.7304375767707825
1769518339.5930667,23.79578399658203,-11.35875129699707,23.135517120361328,-11.712137222290039,0.7488878965377808
1769518339.6128836,23.770832061767578,-11.435442924499512,23.1219482421875,-11.747103691101074,0.719848096370697
1769518339.632881,23.763242721557617,-11.458416938781738,23.078205108642578,-11.766709327697754,0.751212477684021
1769518339.6528285,23.747926712036133,-11.504318237304688,23.124378204345703,-11.750521659851074,0.6703933477401733
1769518339.672951,23.727210998535156,-11.565422058105469,23.09034538269043,-11.822478294372559,0.6867857575416565
1769518339.693196,23.70084571838379,-11.641639709472656,23.05930519104004,-11.915904998779297,0.6977064609527588
1769518339.7128277,23.687467575073242,-11.679680824279785,22.995290756225586,-11.916143417358398,0.7314536571502686
1769518339.7329912,23.660322189331055,-11.75562572479248,22.945768356323242,-11.995408058166504,0.7537133097648621
1769518339.752986,23.64101219177246,-11.808674812316895,22.906980514526367,-12.055135726928711,0.7743029594421387
1769518339.7729747,23.612985610961914,-11.884299278259277,22.871252059936523,-12.146623611450195,0.78675377368927
1769518339.7931187,23.607318878173828,-11.899401664733887,22.91847038269043,-12.071101188659668,0.7099230885505676
1769518339.8129287,23.57867431640625,-11.974794387817383,22.85271453857422,-12.152222633361816,0.7473272085189819
1769518339.8329468,23.564157485961914,-12.01241683959961,22.810653686523438,-12.188404083251953,0.7737833857536316
1769518339.853783,23.53770637512207,-12.080013275146484,22.8250732421875,-12.21762752532959,0.7257989048957825
1769518339.872954,23.50481414794922,-12.162406921386719,22.789974212646484,-12.316427230834961,0.7312455177307129
1769518339.8929722,23.47744369506836,-12.229636192321777,22.7325439453125,-12.343304634094238,0.7535226941108704
1769518339.9127805,23.44965934753418,-12.296695709228516,22.691997528076172,-12.418889999389648,0.7674529552459717
1769518339.93349,23.430908203125,-12.341306686401367,22.689960479736328,-12.401556968688965,0.743394136428833
1769518339.9530041,23.408802032470703,-12.393256187438965,22.648681640625,-12.455034255981445,0.7626253366470337
1769518339.9727867,23.386445999145508,-12.445098876953125,22.67359733581543,-12.47480297088623,0.7134677767753601
1769518339.992841,23.37032699584961,-12.482064247131348,22.630762100219727,-12.506058692932129,0.7399540543556213
1769518340.013003,23.354080200195312,-12.518974304199219,22.622135162353516,-12.47431755065918,0.733307421207428
1769518340.032869,23.324522018432617,-12.585271835327148,22.5804386138916,-12.545435905456543,0.7451484799385071
1769518340.0530016,23.29790687561035,-12.644050598144531,22.629398345947266,-12.609100341796875,0.6694217324256897
1769518340.072992,23.264184951782227,-12.717317581176758,22.587841033935547,-12.689835548400879,0.6769036650657654
1769518340.0929885,23.25397300720215,-12.739253044128418,22.51692008972168,-12.640063285827637,0.7436973452568054
1769518340.1132176,23.22306251525879,-12.804932594299316,22.501380920410156,-12.68646240234375,0.7313399314880371
1769518340.1329892,23.191749572753906,-12.87042236328125,22.4577579498291,-12.75455093383789,0.7430810928344727
1769518340.1527832,23.15648651123047,-12.942961692810059,22.47258758544922,-12.773211479187012,0.7046520709991455
1769518340.1729822,23.127920150756836,-13.000819206237793,22.428497314453125,-12.82918643951416,0.7201745510101318
1769518340.1928577,23.1026668548584,-13.051316261291504,22.432058334350586,-12.864805221557617,0.6960625648498535
1769518340.2128532,23.077171325683594,-13.101692199707031,22.38838005065918,-12.91015338897705,0.714927613735199
1769518340.2328248,23.0624942779541,-13.130423545837402,22.409095764160156,-12.892523765563965,0.6953616738319397
1769518340.2529495,23.047740936279297,-13.159114837646484,22.367694854736328,-12.90705394744873,0.7252551913261414
1769518340.2730055,23.025461196899414,-13.20207691192627,22.32485580444336,-12.941364288330078,0.7475419044494629
1769518340.2929218,22.987939834594727,-13.273475646972656,22.39153289794922,-13.068940162658691,0.63050377368927
1769518340.3128579,22.957571029663086,-13.33041000366211,22.3190860748291,-13.049912452697754,0.6973825693130493
1769518340.3331063,22.946102142333984,-13.351717948913574,22.278900146484375,-13.05359172821045,0.7307785749435425
1769518340.3531802,22.9036808013916,-13.429643630981445,22.28135871887207,-13.163166999816895,0.6769746541976929
1769518340.3728821,22.876380920410156,-13.479066848754883,22.237958908081055,-13.206334114074707,0.6942371129989624
1769518340.392933,22.844892501831055,-13.53538990020752,22.240568161010742,-13.243956565856934,0.6709253787994385
1769518340.4133654,22.805099487304688,-13.605551719665527,22.192493438720703,-13.314545631408691,0.678210973739624
1769518340.4330878,22.789047241210938,-13.633540153503418,22.206859588623047,-13.314864158630371,0.6636994481086731
1769518340.4531546,22.748586654663086,-13.703319549560547,22.159204483032227,-13.384984016418457,0.6698558330535889
1769518340.473012,22.703529357910156,-13.779755592346191,22.113271713256836,-13.4013671875,0.7011289596557617
1769518340.4928112,22.670400619506836,-13.835132598876953,22.066816329956055,-13.45030689239502,0.7158240079879761
1769518340.512879,22.628564834594727,-13.904098510742188,22.094406127929688,-13.543335914611816,0.6445735096931458
1769518340.5329032,22.60323715209961,-13.945340156555176,22.05583381652832,-13.531999588012695,0.6859316825866699
1769518340.5528836,22.582002639770508,-13.979629516601562,22.0143985748291,-13.55158805847168,0.7109115719795227
1769518340.5729563,22.560651779174805,-14.013845443725586,22.029979705810547,-13.595076560974121,0.6760023236274719
1769518340.592925,22.534875869750977,-14.054808616638184,21.987348556518555,-13.624153137207031,0.6965987086296082
1769518340.6130009,22.513267517089844,-14.08886432647705,21.99028205871582,-13.65501594543457,0.6795130968093872
1769518340.6329095,22.487186431884766,-14.129632949829102,21.948028564453125,-13.684075355529785,0.6994370222091675
1769518340.6531568,22.456546783447266,-14.177061080932617,21.943389892578125,-13.72567081451416,0.6834343671798706
1769518340.6730201,22.425682067871094,-14.22434139251709,21.899242401123047,-13.763641357421875,0.699559211730957
1769518340.693453,22.390132904052734,-14.27819538116455,21.889503479003906,-13.800883293151855,0.6917057633399963
1769518340.7131445,22.381200790405273,-14.291627883911133,21.856056213378906,-13.792704582214355,0.7243615388870239
1769518340.7331948,22.340774536132812,-14.351924896240234,21.806791305541992,-13.847712516784668,0.7344179153442383
1769518340.7530744,22.30453109741211,-14.405311584472656,21.847076416015625,-13.9432373046875,0.6502142548561096
1769518340.7735336,22.286300659179688,-14.431931495666504,21.787376403808594,-13.953657150268555,0.6911377310752869
1769518340.7931907,22.23117446899414,-14.51148796081543,21.733306884765625,-14.026759147644043,0.6948628425598145
1769518340.81284,22.21265411376953,-14.537906646728516,21.695636749267578,-14.036870002746582,0.7199624180793762
1769518340.8328662,22.161354064941406,-14.6102933883667,21.694583892822266,-14.101287841796875,0.6906238794326782
1769518340.8528407,22.15196990966797,-14.6234130859375,21.662355422973633,-14.09300422668457,0.7218415141105652
1769518340.872905,22.109514236450195,-14.682292938232422,21.641618728637695,-14.171242713928223,0.6928904056549072
1769518340.8927953,22.081008911132812,-14.721400260925293,21.655643463134766,-14.187447547912598,0.682672381401062
1769518340.9130924,22.052345275878906,-14.760390281677246,21.613536834716797,-14.213993072509766,0.7007863521575928
1769518340.9327893,22.013877868652344,-14.812192916870117,21.58916473388672,-14.267088890075684,0.691028356552124
1769518340.9529016,21.96539878845215,-14.876648902893066,21.535140991210938,-14.327947616577148,0.6972774267196655
1769518340.972883,21.926298141479492,-14.927973747253418,21.48822593688965,-14.329752922058105,0.7414683103561401
1769518340.9928935,21.886919021606445,-14.979084014892578,21.438905715942383,-14.371822357177734,0.754641056060791
1769518341.0129347,21.877031326293945,-14.991827011108398,21.475784301757812,-14.382168769836426,0.7298510670661926
1769518341.0328803,21.81733512878418,-15.06800365447998,21.414236068725586,-14.4579439163208,0.7312065362930298
1769518341.0530863,21.812334060668945,-15.074329376220703,21.41814613342285,-14.49517822265625,0.7005714178085327
1769518341.072798,21.73677635192871,-15.168803215026855,21.349336624145508,-14.58788776397705,0.6982631087303162
1769518341.0933769,21.711374282836914,-15.200121879577637,21.32908058166504,-14.580619812011719,0.7279636859893799
1769518341.112841,21.649978637695312,-15.274928092956543,21.265905380249023,-14.655481338500977,0.7288535237312317
1769518341.132834,21.629377365112305,-15.299751281738281,21.273740768432617,-14.701513290405273,0.6959640979766846
1769518341.1528432,21.58277702331543,-15.355395317077637,21.22003746032715,-14.750812530517578,0.7050532698631287
1769518341.1728787,21.546295166015625,-15.39847469329834,21.201866149902344,-14.778849601745605,0.7089190483093262
1769518341.1930168,21.493824005126953,-15.459711074829102,21.143770217895508,-14.835382461547852,0.7157673239707947
1769518341.21314,21.467430114746094,-15.490194320678711,21.14766502380371,-14.858978271484375,0.7075901627540588
1769518341.2328384,21.43562126159668,-15.526654243469238,21.10471534729004,-14.882878303527832,0.7238411903381348
1769518341.2528596,21.392976760864258,-15.57506275177002,21.04857635498047,-14.93863296508789,0.7236396074295044
1769518341.272911,21.360816955566406,-15.611215591430664,21.004762649536133,-14.962295532226562,0.740184485912323
1769518341.2929106,21.312301635742188,-15.66519546508789,20.974864959716797,-15.042668342590332,0.7080989480018616
1769518341.3132493,21.285205841064453,-15.69505500793457,20.98833465576172,-15.041433334350586,0.7178807258605957
1769518341.3330874,21.252553939819336,-15.730762481689453,20.944833755493164,-15.06442642211914,0.7339595556259155
1769518341.3529258,21.19780921936035,-15.789976119995117,20.88998794555664,-15.150324821472168,0.7098641991615295
1769518341.3729203,21.15372085571289,-15.837075233459473,20.83757972717285,-15.189281463623047,0.7208198308944702
1769518341.392939,21.114931106567383,-15.878087997436523,20.788881301879883,-15.220046997070312,0.7343893647193909
1769518341.4129124,21.08710479736328,-15.907268524169922,20.818418502807617,-15.250825881958008,0.7093024253845215
1769518341.432977,21.0479793548584,-15.947959899902344,20.770401000976562,-15.28145980834961,0.7219915986061096
1769518341.453076,21.02553367614746,-15.971128463745117,20.757003784179688,-15.314592361450195,0.7093285918235779
1769518341.472905,21.00302505493164,-15.994234085083008,20.73641586303711,-15.333890914916992,0.71213299036026
1769518341.492838,20.95781707763672,-16.040260314941406,20.683738708496094,-15.372258186340332,0.7220422625541687
1769518341.51295,20.90665626525879,-16.09174156188965,20.654197692871094,-15.43239688873291,0.706024169921875
1769518341.5330877,20.86091423034668,-16.137235641479492,20.596210479736328,-15.477622985839844,0.7107438445091248
1769518341.5532513,20.809154510498047,-16.1881160736084,20.586816787719727,-15.497568130493164,0.7254589200019836
1769518341.573025,20.76288414001465,-16.23307228088379,20.53334617614746,-15.534287452697754,0.7355189323425293
1769518341.592937,20.716365814208984,-16.277774810791016,20.510391235351562,-15.600729942321777,0.7076827883720398
1769518341.612974,20.652002334594727,-16.338821411132812,20.441797256469727,-15.659296989440918,0.7112939953804016
1769518341.633135,20.616701126098633,-16.371912002563477,20.418848037719727,-15.681938171386719,0.7177816033363342
1769518341.6527257,20.569421768188477,-16.415807723999023,20.36467170715332,-15.71826171875,0.7269757390022278
1769518341.67292,20.539749145507812,-16.443111419677734,20.349510192871094,-15.746716499328613,0.7219113111495972
1769518341.692991,20.50998306274414,-16.47031021118164,20.326351165771484,-15.768877983093262,0.7250716686248779
1769518341.713108,20.462162017822266,-16.51361656188965,20.27164077758789,-15.804469108581543,0.734295666217804
1769518341.732814,20.420124053955078,-16.551294326782227,20.245807647705078,-15.854596138000488,0.7181736826896667
1769518341.7530296,20.377904891967773,-16.588768005371094,20.19590187072754,-15.88280963897705,0.7290416359901428
1769518341.772888,20.335506439208984,-16.62603759765625,20.168682098388672,-15.92615032196045,0.7194933891296387
1769518341.7929792,20.292926788330078,-16.663101196289062,20.118587493896484,-15.954236030578613,0.7299895286560059
1769518341.8132908,20.25016975402832,-16.699960708618164,20.07253074645996,-15.998393058776855,0.7237083911895752
1769518341.8329732,20.18878173828125,-16.75225830078125,20.005510330200195,-16.047136306762695,0.7285505533218384
1769518341.852916,20.133224487304688,-16.79896354675293,20.01411247253418,-16.101085662841797,0.7079694271087646
1769518341.8733711,20.071155548095703,-16.850452423095703,19.946781158447266,-16.14836883544922,0.7130151987075806
1769518341.8934233,20.0212459564209,-16.891334533691406,19.900959014892578,-16.18761444091797,0.7139253616333008
1769518341.9130137,19.996206283569336,-16.911672592163086,19.86746597290039,-16.19474220275879,0.7283978462219238
1769518341.933211,19.958541870117188,-16.942049026489258,19.86288070678711,-16.25064468383789,0.6979899406433105
1769518341.952928,19.920753479003906,-16.97226905822754,19.818220138549805,-16.271278381347656,0.7084500193595886
1769518341.9730804,19.895490646362305,-16.99233055114746,19.849342346191406,-16.299331665039062,0.6945318579673767
1769518341.9930887,19.825735092163086,-17.047134399414062,19.776172637939453,-16.352724075317383,0.6961773037910461
1769518342.0141497,19.7811279296875,-17.08173370361328,19.734094619750977,-16.392330169677734,0.6910071969032288
1769518342.0328722,19.723533630371094,-17.12590217590332,19.67214012145996,-16.43256950378418,0.6952342987060547
1769518342.0529127,19.678546905517578,-17.16000747680664,19.653165817260742,-16.466720581054688,0.6937511563301086
1769518342.0729856,19.646312713623047,-17.184234619140625,19.61500358581543,-16.480358123779297,0.7045714259147644
1769518342.0928276,19.588083267211914,-17.227561950683594,19.576881408691406,-16.55549430847168,0.6721604466438293
1769518342.1133354,19.55561637878418,-17.251476287841797,19.53866958618164,-16.569107055664062,0.6825799942016602
1769518342.1329198,19.49696922302246,-17.294239044189453,19.52420997619629,-16.63674545288086,0.6580561995506287
1769518342.1528528,19.43805694580078,-17.33663558959961,19.525062561035156,-16.69608497619629,0.6464325785636902
1769518342.1729374,19.385469436645508,-17.374011993408203,19.470012664794922,-16.729251861572266,0.6502805352210999
1769518342.1928964,19.33267593383789,-17.41109848022461,19.45945930480957,-16.774965286254883,0.6486443281173706
1769518342.2131767,19.273038864135742,-17.452470779418945,19.39212989807129,-16.819936752319336,0.6436465978622437
1769518342.2329347,19.213144302368164,-17.493471145629883,19.394512176513672,-16.849079132080078,0.669428825378418
1769518342.2528117,19.159692764282227,-17.52960205078125,19.340412139892578,-16.881393432617188,0.6729289889335632
1769518342.2728055,19.11947250366211,-17.55650520324707,19.30345916748047,-16.944730758666992,0.6388420462608337
1769518342.292813,19.09259796142578,-17.57434844970703,19.27456283569336,-16.95311164855957,0.6473398208618164
1769518342.3131073,19.05219268798828,-17.600975036621094,19.259170532226562,-16.97420310974121,0.6600625514984131
1769518342.3330164,19.01167869567871,-17.62743377685547,19.217851638793945,-16.994457244873047,0.6657076478004456
1769518342.3529606,18.984607696533203,-17.644977569580078,19.240325927734375,-17.021926879882812,0.673486590385437
1769518342.3731744,18.930320739746094,-17.67984390258789,19.186965942382812,-17.054325103759766,0.6761204600334167
1769518342.392872,18.87584114074707,-17.714406967163086,19.13344383239746,-17.086483001708984,0.6787101030349731
1769518342.4127827,18.862192153930664,-17.72300148010254,19.121721267700195,-17.150663375854492,0.6284322142601013
1769518342.4331717,18.786911010742188,-17.769929885864258,19.107755661010742,-17.195844650268555,0.6576589345932007
1769518342.4529345,18.74570083618164,-17.795286178588867,19.068077087402344,-17.217025756835938,0.662051260471344
1769518342.4729645,18.662967681884766,-17.845481872558594,18.969154357910156,-17.30170249938965,0.6240555644035339
1769518342.4929738,18.64221954345703,-17.85792350769043,18.948457717895508,-17.305408477783203,0.6317067742347717
1769518342.5128486,18.558975219726562,-17.907257080078125,18.864795684814453,-17.388078689575195,0.6025559902191162
1769518342.533144,18.503253936767578,-17.93976402282715,18.804676055908203,-17.42659568786621,0.59514319896698
1769518342.5528345,18.447357177734375,-17.971960067749023,18.787063598632812,-17.49633026123047,0.5844860672950745
1769518342.572806,18.384262084960938,-18.007810592651367,18.727384567260742,-17.53537940979004,0.583886981010437
1769518342.5928485,18.31389808654785,-18.04718017578125,18.642101287841797,-17.612489700317383,0.5446783900260925
1769518342.6128917,18.271549224853516,-18.07056999206543,18.60166358947754,-17.634641647338867,0.5468158721923828
1769518342.6328378,18.236186981201172,-18.08992576599121,18.590675354003906,-17.661958694458008,0.5557131767272949
1769518342.6527686,18.19366455078125,-18.112991333007812,18.57249641418457,-17.70723533630371,0.5551145672798157
1769518342.6728277,18.172367095947266,-18.12445640563965,18.5526180267334,-17.712905883789062,0.5603253245353699
1769518342.6929128,18.14393424987793,-18.139677047729492,18.52615737915039,-17.724151611328125,0.5645846128463745
1769518342.712875,18.072669982910156,-18.177377700805664,18.47874641418457,-17.76520347595215,0.5786073207855225
1769518342.7330265,18.022632598876953,-18.203474044799805,18.4620418548584,-17.791475296020508,0.6023487448692322
1769518342.7528822,17.95811653137207,-18.236669540405273,18.40361785888672,-17.830068588256836,0.6031541228294373
1769518342.7729151,17.900596618652344,-18.265836715698242,18.351781845092773,-17.862957000732422,0.6048803329467773
1769518342.7931764,17.857351303100586,-18.287500381469727,18.352325439453125,-17.91314697265625,0.6205970644950867
1769518342.8129854,17.81401824951172,-18.308984756469727,18.29304313659668,-17.954931259155273,0.5956669449806213
1769518342.8330898,17.74159812927246,-18.344390869140625,18.228487014770508,-17.999082565307617,0.5969066023826599
1769518342.852979,17.683490753173828,-18.372352600097656,18.177080154418945,-18.0323486328125,0.5993621349334717
1769518342.8765855,17.66893768310547,-18.379291534423828,18.195859909057617,-18.050527572631836,0.6210727095603943
1769518342.8932414,17.654376983642578,-18.386211395263672,18.184282302856445,-18.05222511291504,0.6263744831085205
1769518342.9140277,17.625226974487305,-18.39999008178711,18.160247802734375,-18.080215454101562,0.6232993006706238
1769518342.9331648,17.58873748779297,-18.417098999023438,18.129192352294922,-18.09748077392578,0.6278908252716064
1769518342.9532661,17.537551879882812,-18.440837860107422,18.099008560180664,-18.148027420043945,0.6332230567932129
1769518342.9730213,17.45688819885254,-18.47764015197754,18.073793411254883,-18.155033111572266,0.6961661577224731
1769518342.9928043,17.405412673950195,-18.500736236572266,18.030893325805664,-18.182430267333984,0.701815664768219
1769518343.012858,17.35382652282715,-18.523584365844727,17.988080978393555,-18.20958709716797,0.7077228426933289
1769518343.033336,17.250328063964844,-18.568523406982422,17.863386154174805,-18.320022583007812,0.661508321762085
1769518343.0528932,17.213258743286133,-18.58432960510254,17.86425018310547,-18.33942413330078,0.6955351233482361
1769518343.0730183,17.153837203979492,-18.609350204467773,17.815099716186523,-18.372344970703125,0.7024524807929993
1769518343.0931213,17.086824417114258,-18.637102127075195,17.776424407958984,-18.39682960510254,0.7302605509757996
1769518343.1129653,17.034584045410156,-18.65839958190918,17.73420524597168,-18.424104690551758,0.7378087639808655
1769518343.1327958,16.989727020263672,-18.676448822021484,17.697267532348633,-18.462326049804688,0.7392311692237854
1769518343.1529813,16.937299728393555,-18.69727325439453,17.65520477294922,-18.48958396911621,0.747344970703125
1769518343.1727822,16.89228057861328,-18.71491813659668,17.623655319213867,-18.524633407592773,0.7557226419448853
1769518343.192907,16.83214569091797,-18.7381534576416,17.57536506652832,-18.557212829589844,0.7649286389350891
1769518343.2128866,16.764339447021484,-18.763891220092773,17.515226364135742,-18.61449432373047,0.7656035423278809
1769518343.233108,16.68881607055664,-18.7919921875,17.47319221496582,-18.65328598022461,0.7965459823608398
1769518343.2530906,16.628257751464844,-18.81409454345703,17.425506591796875,-18.68582534790039,0.8075020909309387
1769518343.2728481,16.552391052246094,-18.841249465942383,17.365222930908203,-18.728458404541016,0.8206209540367126
1769518343.292879,16.50678062438965,-18.857288360595703,17.333545684814453,-18.754865646362305,0.8330858945846558
1769518343.3129282,16.438243865966797,-18.880990982055664,17.279949188232422,-18.79222869873047,0.8463737964630127
1769518343.3328404,16.407733917236328,-18.891387939453125,17.25775146484375,-18.804473876953125,0.8544480800628662
1769518343.3528183,16.361919403076172,-18.906824111938477,17.216693878173828,-18.837257385253906,0.857600748538971
1769518343.3729289,16.32369041442871,-18.91954231262207,17.188486099243164,-18.854318618774414,0.8672505617141724
1769518343.3929129,16.277759552001953,-18.934627532958984,17.136009216308594,-18.8703670501709,0.8606522679328918
1769518343.4130082,16.254770278930664,-18.942096710205078,17.120128631591797,-18.87712287902832,0.8677948117256165
1769518343.4329302,16.2087459564209,-18.95689582824707,17.085416793823242,-18.899070739746094,0.8785753846168518
1769518343.4529767,16.162660598754883,-18.97150230407715,17.064197540283203,-18.934701919555664,0.902288019657135
1769518343.4729471,16.093420028686523,-18.99304962158203,17.012683868408203,-18.962810516357422,0.9197604060173035
1769518343.4929626,16.039474487304688,-19.009511947631836,16.97229766845703,-18.98965072631836,0.9330341815948486
1769518343.5129664,15.970000267028809,-19.030290603637695,16.901548385620117,-19.037662506103516,0.9315769076347351
1769518343.5330088,15.923612594604492,-19.043903350830078,16.867225646972656,-19.059627532958984,0.9437441825866699
1769518343.5536404,15.900398254394531,-19.050636291503906,16.851633071899414,-19.066316604614258,0.9513649344444275
1769518343.5729232,15.869422912597656,-19.059539794921875,16.83212661743164,-19.082548141479492,0.962978184223175
1769518343.5928986,15.807400703430176,-19.07708740234375,16.785676956176758,-19.114465713500977,0.9789906144142151
1769518343.6131387,15.721961975097656,-19.10065269470215,16.733633041381836,-19.18296241760254,1.0150136947631836
1769518343.633042,15.65192699432373,-19.119449615478516,16.662538528442383,-19.19342613220215,1.013315200805664
1769518343.652981,15.566170692443848,-19.141828536987305,16.604320526123047,-19.234888076782227,1.0423121452331543
1769518343.6730819,15.495882034301758,-19.159650802612305,16.528446197509766,-19.28479766845703,1.040120005607605
1769518343.6928318,15.401992797851562,-19.18273162841797,16.45803451538086,-19.336238861083984,1.0671401023864746
1769518343.7128515,15.331452369689941,-19.19952964782715,16.41031837463379,-19.367477416992188,1.091859221458435
1769518343.732921,15.27651596069336,-19.212289810180664,16.370628356933594,-19.393959045410156,1.1090916395187378
1769518343.753119,15.237237930297852,-19.22123908996582,16.310386657714844,-19.412433624267578,1.0900461673736572
1769518343.773028,15.197929382324219,-19.23005485534668,16.27450942993164,-19.424129486083984,1.093933343887329
1769518343.7928553,15.15071964263916,-19.24045181274414,16.240264892578125,-19.445573806762695,1.1086868047714233
1769518343.8128426,15.119221687316895,-19.24727439880371,16.185543060302734,-19.444196701049805,1.0843524932861328
1769518343.8329284,15.087705612182617,-19.254009246826172,16.16275405883789,-19.45551109313965,1.093769907951355
1769518343.853014,15.040396690368652,-19.263946533203125,16.13249969482422,-19.48674964904785,1.1145976781845093
1769518343.8730478,15.00094223022461,-19.272077560424805,16.103904724121094,-19.503149032592773,1.126908779144287
1769518343.8929412,14.953558921813965,-19.281654357910156,16.043710708618164,-19.523334503173828,1.1166197061538696
1769518343.9131434,14.898228645324707,-19.292577743530273,16.002843856811523,-19.549421310424805,1.134082317352295
1769518343.9328582,14.834929466247559,-19.304731369018555,15.95611572265625,-19.580595016479492,1.1546250581741333
1769518343.9529107,14.771564483642578,-19.3165340423584,15.90070915222168,-19.603864669799805,1.1651289463043213
1769518343.9729333,14.708135604858398,-19.327983856201172,15.851985931396484,-19.640623092651367,1.1858059167861938
1769518343.9929333,14.66845989227295,-19.334962844848633,15.823049545288086,-19.65689468383789,1.1986314058303833
1769518344.0143905,14.60492992401123,-19.345840454101562,15.776137351989746,-19.66448211669922,1.2137786149978638
1769518344.03295,14.533388137817383,-19.357654571533203,15.723804473876953,-19.70003890991211,1.2386763095855713
1769518344.0530615,14.461773872375488,-19.369022369384766,15.635642051696777,-19.719301223754883,1.2250148057937622
1769518344.0728827,14.382120132446289,-19.381128311157227,15.577017784118652,-19.75929832458496,1.2533129453659058
1769518344.0930498,14.334288597106934,-19.388126373291016,15.526779174804688,-19.770320892333984,1.2522406578063965
1769518344.1129706,14.286428451538086,-19.39492416381836,15.491361618041992,-19.790485382080078,1.268200397491455
1769518344.1330874,14.22257137298584,-19.40367889404297,15.42646312713623,-19.79485321044922,1.2658485174179077
1769518344.152826,14.142683982849121,-19.414121627807617,15.367570877075195,-19.83406639099121,1.2948756217956543
1769518344.172891,14.102712631225586,-19.41913604736328,15.29738998413086,-19.831087112426758,1.2637070417404175
1769518344.1927354,14.054725646972656,-19.424968719482422,15.26104736328125,-19.850419998168945,1.279148817062378
1769518344.2131119,14.038723945617676,-19.426868438720703,15.23489761352539,-19.84025764465332,1.2655911445617676
1769518344.233146,13.974693298339844,-19.434246063232422,15.186761856079102,-19.86905860900879,1.2876993417739868
1769518344.2529383,13.926644325256348,-19.439546585083008,15.142834663391113,-19.909744262695312,1.3039195537567139
1769518344.2730136,13.878572463989258,-19.44464683532715,15.106209754943848,-19.92926025390625,1.319827675819397
1769518344.2929153,13.814443588256836,-19.45113754272461,15.03738784790039,-19.93235206604004,1.3142141103744507
1769518344.3132098,13.750279426574707,-19.457275390625,14.988883972167969,-19.9610652923584,1.337140679359436
1769518344.3330405,13.726208686828613,-19.45948600769043,14.949663162231445,-19.94645118713379,1.3168054819107056
1769518344.3532774,13.645940780639648,-19.466489791870117,14.889293670654297,-19.984460830688477,1.3469300270080566
1769518344.3731716,13.589723587036133,-19.47106170654297,14.808609962463379,-19.996280670166016,1.3272300958633423
1769518344.3930416,13.501338005065918,-19.477697372436523,14.724157333374023,-19.992158889770508,1.3266335725784302
1769518344.412909,13.453105926513672,-19.481035232543945,14.685879707336426,-20.009729385375977,1.341360330581665
1769518344.4329736,13.388775825500488,-19.48517417907715,14.618590354919434,-20.05838966369629,1.3568416833877563
1769518344.4529145,13.316376686096191,-19.489408493041992,14.562727928161621,-20.090906143188477,1.3839045763015747
1769518344.4730213,13.260047912597656,-19.492389678955078,14.521758079528809,-20.064786911010742,1.3854790925979614
1769518344.4928458,13.171502113342285,-19.496524810791016,14.460329055786133,-20.10114097595215,1.4235997200012207
1769518344.5129874,13.123191833496094,-19.498497009277344,14.368156433105469,-20.102746963500977,1.3838549852371216
1769518344.5328786,13.066819190979004,-19.500545501708984,14.322919845581055,-20.124168395996094,1.4023884534835815
1769518344.55324,13.026546478271484,-19.501842498779297,14.258912086486816,-20.116376876831055,1.3770908117294312
1769518344.5729833,12.962100982666016,-19.50362777709961,14.207368850708008,-20.142398834228516,1.3995429277420044
1769518344.592999,12.897645950317383,-19.50505828857422,14.128098487854004,-20.148029327392578,1.388317346572876
1769518344.6130445,12.841241836547852,-19.506017684936523,14.081666946411133,-20.16862678527832,1.4063093662261963
1769518344.6327713,12.776773452758789,-19.50678062438965,14.008193016052246,-20.202495574951172,1.414359450340271
1769518344.6529,12.696182250976562,-19.50723648071289,13.943896293640137,-20.237640380859375,1.4457800388336182
1769518344.672975,12.647826194763184,-19.50724220275879,13.877102851867676,-20.19782257080078,1.4099713563919067
1769518344.6930323,12.631707191467285,-19.507200241088867,13.858518600463867,-20.193151473999023,1.4055585861206055
1769518344.7129648,12.583351135253906,-19.506940841674805,13.803888320922852,-20.179603576660156,1.3936235904693604
1769518344.7330084,12.543054580688477,-19.506572723388672,13.767662048339844,-20.188907623291016,1.4018725156784058
1769518344.7529907,12.486641883850098,-19.505821228027344,13.67558479309082,-20.191238403320312,1.3723620176315308
1769518344.772944,12.414116859436035,-19.504457473754883,13.572823524475098,-20.227174758911133,1.3656198978424072
1769518344.7929456,12.357714653015137,-19.50308609008789,13.52316951751709,-20.245906829833984,1.3820511102676392
1769518344.8130739,12.269095420837402,-19.500383377075195,13.420116424560547,-20.231544494628906,1.3636150360107422
1769518344.8329535,12.220766067504883,-19.498626708984375,13.375539779663086,-20.24433708190918,1.3746222257614136
1769518344.8529234,12.124130249023438,-19.4945125579834,13.27743911743164,-20.257770538330078,1.3829984664916992
1769518344.8733783,12.04362678527832,-19.490474700927734,13.2086181640625,-20.288768768310547,1.4122601747512817
1769518344.894085,12.01948070526123,-19.48915672302246,13.164064407348633,-20.241456985473633,1.3696810007095337
1769518344.9128351,11.947059631347656,-19.484899520874023,13.1011381149292,-20.26762580871582,1.3944737911224365
1769518344.9328706,11.930970191955566,-19.4838924407959,13.034801483154297,-20.237882614135742,1.3367658853530884
1769518344.95326,11.834458351135254,-19.477388381958008,12.95251178741455,-20.276939392089844,1.3745276927947998
1769518344.9733047,11.79426097869873,-19.474443435668945,12.871943473815918,-20.22492790222168,1.3132504224777222
1769518344.9928963,11.721931457519531,-19.468791961669922,12.806743621826172,-20.2490291595459,1.3362584114074707
1769518345.0134838,11.689796447753906,-19.46613883972168,12.72805404663086,-20.224361419677734,1.2856441736221313
1769518345.032857,11.593433380126953,-19.457643508911133,12.643839836120605,-20.26215362548828,1.3230983018875122
1769518345.0531068,11.553303718566895,-19.45387077331543,12.607129096984863,-20.251399993896484,1.3215916156768799
1769518345.0728009,11.473081588745117,-19.44590950012207,12.528386116027832,-20.28367042541504,1.3474096059799194
1769518345.0928535,11.416958808898926,-19.44000816345215,12.473416328430176,-20.29670524597168,1.3601588010787964
1769518345.1128588,11.320815086364746,-19.429264068603516,12.364166259765625,-20.28115463256836,1.3469583988189697
1769518345.1328266,11.280780792236328,-19.4245548248291,12.267980575561523,-20.24808692932129,1.2856014966964722
1769518345.1527593,11.240763664245605,-19.419706344604492,12.217172622680664,-20.25475311279297,1.284787654876709
1769518345.1730008,11.184765815734863,-19.412687301635742,12.170768737792969,-20.222272872924805,1.2757859230041504
1769518345.192942,11.120810508728027,-19.40433692932129,12.107396125793457,-20.237226486206055,1.2911444902420044
1769518345.2129345,11.04093074798584,-19.39340591430664,11.94260025024414,-20.25401496887207,1.2464568614959717
1769518345.232756,11.001019477844238,-19.387733459472656,11.87082576751709,-20.148155212402344,1.1553363800048828
1769518345.2528389,10.937200546264648,-19.378374099731445,11.804598808288574,-20.160503387451172,1.167948603630066
1769518345.2728956,10.881401062011719,-19.369897842407227,11.744437217712402,-20.168163299560547,1.1756095886230469
1769518345.2929072,10.857500076293945,-19.366182327270508,11.679251670837402,-20.15192985534668,1.1369593143463135
1769518345.313,10.777883529663086,-19.35344123840332,11.599261283874512,-20.172962188720703,1.1602907180786133
1769518345.3331096,10.722203254699707,-19.34419822692871,11.509142875671387,-20.172657012939453,1.142634630203247
1769518345.352966,10.634797096252441,-19.329133987426758,11.429566383361816,-20.158327102661133,1.1485732793807983
1769518345.3729632,10.547504425048828,-19.31340789794922,11.348099708557129,-20.177623748779297,1.1780577898025513
1769518345.3927505,10.47617244720459,-19.300052642822266,11.025402069091797,-20.06928062438965,0.9451794624328613
1769518345.412997,10.42866325378418,-19.290903091430664,10.964473724365234,-20.0679988861084,0.9439122676849365
1769518345.433057,10.389101028442383,-19.283130645751953,10.995975494384766,-20.051851272583008,0.9794027805328369
1769518345.4529126,10.349565505981445,-19.27522087097168,10.943023681640625,-20.045860290527344,0.9726659059524536
1769518345.4729948,10.310056686401367,-19.267175674438477,10.889886856079102,-20.039703369140625,0.9659202694892883
1769518345.4929485,10.254790306091309,-19.255685806274414,10.86342716217041,-20.04897117614746,0.9998704791069031
1769518345.5129745,10.223234176635742,-19.249000549316406,10.71390151977539,-19.998634338378906,0.895939290523529
1769518345.532929,10.160177230834961,-19.235368728637695,10.639137268066406,-20.004638671875,0.9061893224716187
1769518345.5531497,10.09719467163086,-19.221391677856445,10.551554679870605,-19.987388610839844,0.8906140923500061
1769518345.5728788,10.010720252990723,-19.201610565185547,10.455612182617188,-20.005395889282227,0.9186954498291016
1769518345.5928352,9.93223762512207,-19.183061599731445,10.4169921875,-19.924043655395508,0.8854615688323975
1769518345.6132,9.900879859924316,-19.175491333007812,10.368582725524902,-19.909502029418945,0.870354950428009
1769518345.633088,9.822578430175781,-19.15618896484375,10.306798934936523,-19.922311782836914,0.9063184261322021
1769518345.6527693,9.767847061157227,-19.142358779907227,10.238245010375977,-19.92081642150879,0.9095450639724731
1769518345.6728022,9.720987319946289,-19.130294799804688,10.145835876464844,-19.896413803100586,0.8760327100753784
1769518345.6929219,9.666380882263184,-19.115978240966797,10.075809478759766,-19.893686294555664,0.8788977265357971
1769518345.7131107,9.635207176208496,-19.10767936706543,9.943183898925781,-19.79201316833496,0.7504411339759827
1769518345.733069,9.549600601196289,-19.08441734313965,9.842473030090332,-19.803333282470703,0.7762828469276428
1769518345.7528965,9.518514633178711,-19.0757999420166,9.844361305236816,-19.770666122436523,0.767473578453064
1769518345.7728834,9.448657989501953,-19.05609703063965,9.758127212524414,-19.77313995361328,0.7809764742851257
1769518345.7928834,9.386665344238281,-19.03822135925293,9.662755012512207,-19.73542594909668,0.749880313873291
1769518345.8129203,9.317042350769043,-19.0177059173584,9.575142860412598,-19.736465454101562,0.7636942267417908
1769518345.8329005,9.262979507446289,-19.001453399658203,9.544432640075684,-19.660673141479492,0.7167882323265076
1769518345.85292,9.193584442138672,-18.980178833007812,9.45663833618164,-19.659727096557617,0.7286857962608337
1769518345.8728373,9.132011413574219,-18.960906982421875,9.320061683654785,-19.616764068603516,0.6822845935821533
1769518345.8928714,9.055193901062012,-18.936344146728516,9.222436904907227,-19.617965698242188,0.7018382549285889
1769518345.912924,9.0015230178833,-18.918838500976562,9.193652153015137,-19.53630256652832,0.6466637849807739
1769518345.9328737,8.947936058044434,-18.90107536315918,9.0936279296875,-19.48165512084961,0.5985796451568604
1769518345.9530206,8.902071952819824,-18.88564682006836,9.025674819946289,-19.46501350402832,0.5924043655395508
1769518345.973051,8.833395957946777,-18.862150192260742,8.78333568572998,-19.429697036743164,0.5697519779205322
1769518345.9931118,8.772473335266113,-18.84090805053711,8.695849418640137,-19.41874122619629,0.5828907489776611
1769518346.0129251,8.742055892944336,-18.830162048339844,8.751296043395996,-19.3681697845459,0.5380868315696716
1769518346.0330637,8.71166706085205,-18.819334030151367,8.697291374206543,-19.342731475830078,0.5235955119132996
1769518346.0529242,8.68130874633789,-18.808422088623047,8.700203895568848,-19.320491790771484,0.5124189853668213
1769518346.0729733,8.61311149597168,-18.783567428588867,8.606721878051758,-19.311677932739258,0.5281491279602051
1769518346.0929294,8.537517547607422,-18.755460739135742,8.384160041809082,-19.27259063720703,0.5393901467323303
1769518346.1130495,8.484716415405273,-18.735477447509766,8.303162574768066,-19.255168914794922,0.5504913330078125
1769518346.1328135,8.432010650634766,-18.71524429321289,8.300782203674316,-19.235763549804688,0.536806583404541
1769518346.1530685,8.38691234588623,-18.69769859313965,8.237252235412598,-19.211212158203125,0.5348764061927795
1769518346.1728249,8.33438777923584,-18.676998138427734,8.148865699768066,-19.19672203063965,0.5518446564674377
1769518346.1928446,8.259526252746582,-18.646989822387695,8.076546669006348,-19.149301528930664,0.5346019864082336
1769518346.2129164,8.199785232543945,-18.622615814208984,7.9219970703125,-19.01619529724121,0.481737345457077
1769518346.2328923,8.162514686584473,-18.607215881347656,7.856637477874756,-18.98809051513672,0.4884941577911377
1769518346.253032,8.095561027526855,-18.579177856445312,7.756357669830322,-18.971101760864258,0.5183289647102356
1769518346.2730088,8.028780937194824,-18.55072784423828,7.783653736114502,-18.933467864990234,0.45450884103775024
1769518346.2929327,7.999157428741455,-18.53795051574707,7.728344917297363,-18.939401626586914,0.484253466129303
1769518346.3128467,7.92525053024292,-18.505657196044922,7.619994163513184,-18.92409896850586,0.517952024936676
1769518346.3329277,7.888380527496338,-18.489322662353516,7.522430896759033,-18.803905487060547,0.4825778305530548
1769518346.3530457,7.814807891845703,-18.456274032592773,7.411993026733398,-18.785377502441406,0.5201623439788818
1769518346.372879,7.8001203536987305,-18.449604034423828,7.33369779586792,-18.72113609313965,0.5397024154663086
1769518346.3929806,7.72681999206543,-18.41595458984375,7.221388816833496,-18.70104217529297,0.5802889466285706
1769518346.413193,7.690256595611572,-18.398942947387695,7.411409378051758,-18.671255111694336,0.38975584506988525
1769518346.4329038,7.602741718292236,-18.35760498046875,7.284251689910889,-18.654661178588867,0.435519814491272
1769518346.452947,7.580915927886963,-18.34716033935547,7.161211013793945,-18.619300842285156,0.5002126693725586
1769518346.472969,7.5228190422058105,-18.31908416748047,7.068488597869873,-18.592466354370117,0.5302391052246094
1769518346.4928968,7.4648756980896,-18.290693283081055,7.119732856750488,-18.532695770263672,0.4215317368507385
1769518346.5130994,7.392665386199951,-18.2547607421875,7.0094451904296875,-18.507675170898438,0.45915570855140686
1769518346.5329723,7.3350749015808105,-18.225658416748047,6.849827766418457,-18.461458206176758,0.5395046472549438
1769518346.553419,7.256147861480713,-18.18513298034668,6.726632118225098,-18.435434341430664,0.5856939554214478
1769518346.572941,7.213225364685059,-18.162778854370117,6.701840400695801,-18.376928329467773,0.5544145703315735
1769518346.5927486,7.1703948974609375,-18.140247344970703,6.637598991394043,-18.339820861816406,0.5689468383789062
1769518346.6128905,7.120542526245117,-18.113740921020508,6.572816848754883,-18.279630661010742,0.5722963213920593
1769518346.6328378,7.070817470550537,-18.08699607849121,6.488536357879639,-18.244428634643555,0.6031883358955383
1769518346.653113,7.035377502441406,-18.0677490234375,6.423752307891846,-18.205570220947266,0.6269612312316895
1769518346.6729238,7.000003337860107,-18.04837989807129,6.349270820617676,-18.049848556518555,0.6507344245910645
1769518346.6932366,6.957642078399658,-18.02497673034668,6.3897247314453125,-18.109439849853516,0.5741636753082275
1769518346.7132766,6.887253284454346,-17.98558807373047,6.265596389770508,-18.077409744262695,0.6284019351005554
1769518346.7330532,6.824134349822998,-17.94972801208496,6.21269416809082,-18.044591903686523,0.6187556385993958
1769518346.7532313,6.789163589477539,-17.929637908935547,6.139174461364746,-18.005098342895508,0.6543546319007874
1769518346.7731493,6.754261493682861,-17.9094295501709,6.150392532348633,-17.939897537231445,0.6046368479728699
1769518346.7929096,6.677720069885254,-17.864551544189453,6.025941371917725,-17.904651641845703,0.6530113816261292
1769518346.8130476,6.6222662925720215,-17.831552505493164,6.030587196350098,-17.88189697265625,0.5938172340393066
1769518346.8329716,6.553203105926514,-17.78987693786621,5.9581298828125,-17.708141326904297,0.6006604433059692
1769518346.853032,6.518778324127197,-17.768863677978516,5.8973307609558105,-17.66250991821289,0.6304827332496643
1769518346.8731468,6.477563858032227,-17.743492126464844,5.825787544250488,-17.617273330688477,0.6638854742050171
1769518346.8929534,6.409104347229004,-17.70083236694336,5.837491989135742,-17.726150512695312,0.5721725821495056
1769518346.9130716,6.374983787536621,-17.6793270111084,5.792909622192383,-17.61132049560547,0.5860334038734436
1769518346.9330258,6.30696439743042,-17.635969161987305,5.680399417877197,-17.568300247192383,0.6302087306976318
1769518346.9530344,6.27306604385376,-17.614116668701172,5.621097564697266,-17.521953582763672,0.6584506034851074
1769518346.973102,6.225734233856201,-17.583330154418945,5.604779243469238,-17.47309684753418,0.6306637525558472
1769518346.9929917,6.178550720214844,-17.552318572998047,5.61308479309082,-17.365867614746094,0.5954124331474304
1769518347.012942,6.1718220710754395,-17.547870635986328,5.599677085876465,-17.31721305847168,0.6168895363807678
1769518347.0329683,6.104705810546875,-17.503131866455078,5.488387584686279,-17.269384384155273,0.6591557860374451
1769518347.0529563,6.0579071044921875,-17.47154426574707,5.4530158042907715,-17.316038131713867,0.6245601177215576
1769518347.0729623,6.004608154296875,-17.435171127319336,5.425656318664551,-17.190216064453125,0.6286401748657227
1769518347.09284,5.944886207580566,-17.393903732299805,5.326204299926758,-17.140213012695312,0.6686753034591675
1769518347.112919,5.8788275718688965,-17.347623825073242,5.215354919433594,-17.088899612426758,0.7121338844299316
1769518347.132927,5.845917701721191,-17.324316024780273,5.237541675567627,-17.036231994628906,0.6731364130973816
1769518347.1532068,5.832775592803955,-17.314960479736328,5.278687477111816,-17.019304275512695,0.6280338764190674
1769518347.1729922,5.780337333679199,-17.277362823486328,5.192089557647705,-16.96782684326172,0.6647159457206726
1769518347.1930175,5.721590995788574,-17.234722137451172,5.198881149291992,-16.95681381225586,0.5919955372810364
1769518347.2127964,5.6631083488464355,-17.191722869873047,5.1139984130859375,-16.904876708984375,0.6195185780525208
1769518347.232916,5.6178059577941895,-17.158031463623047,5.111334800720215,-16.90703010559082,0.5652559995651245
1769518347.2529001,5.579103946685791,-17.12898063659668,5.049920082092285,-16.85605812072754,0.5954176783561707
1769518347.2729213,5.534102916717529,-17.09488868713379,5.078427314758301,-16.783884048461914,0.5516918897628784
1769518347.2928205,5.49566125869751,-17.06549644470215,5.018777847290039,-16.731660842895508,0.5821200609207153
1769518347.312895,5.438225746154785,-17.0211124420166,4.993015766143799,-16.710636138916016,0.5427775382995605
1769518347.3328512,5.3874030113220215,-16.981365203857422,4.912031173706055,-16.655616760253906,0.5762729048728943
1769518347.3530264,5.330488681793213,-16.93631935119629,4.951150894165039,-16.587949752807617,0.5150324106216431
1769518347.3729322,5.280131816864014,-16.895984649658203,4.872519493103027,-16.53126335144043,0.5469633340835571
1769518347.392855,5.2550368309021,-16.875713348388672,4.834311008453369,-16.48814582824707,0.5720306634902954
1769518347.4129632,5.186313152313232,-16.819618225097656,4.721715927124023,-16.42599868774414,0.6089224815368652
1769518347.4330554,5.1676435470581055,-16.804229736328125,4.699414253234863,-16.374834060668945,0.6353102326393127
1769518347.4532025,5.118014335632324,-16.76300811767578,4.695858478546143,-16.321224212646484,0.6110540628433228
1769518347.472843,5.0686116218566895,-16.721513748168945,4.660640716552734,-16.201440811157227,0.6609968543052673
1769518347.49296,4.994936943054199,-16.658769607543945,4.539217948913574,-16.132301330566406,0.696311354637146
1769518347.5130246,4.958293914794922,-16.62717056274414,4.593657970428467,-16.086885452270508,0.6518193483352661
1769518347.5328562,4.909639358520508,-16.584806442260742,4.519391059875488,-16.024179458618164,0.6830787658691406
1769518347.553172,4.861218452453613,-16.54217529296875,4.5299458503723145,-15.901562690734863,0.721197247505188
1769518347.572895,4.819042205810547,-16.504655838012695,4.468685150146484,-15.83862018585205,0.7525638937950134
1769518347.5929723,4.77106237411499,-16.46152687072754,4.570504188537598,-15.952581405639648,0.5470367670059204
1769518347.613015,4.747161388397217,-16.439865112304688,4.546472549438477,-15.898707389831543,0.577172040939331
1769518347.6329527,4.699538230895996,-16.396343231201172,4.618668079376221,-15.953672409057617,0.4499976336956024
1769518347.652809,4.652154445648193,-16.352561950683594,4.552806377410889,-15.891776084899902,0.4713731110095978
1769518347.6728559,4.616775035858154,-16.31955337524414,4.415860652923584,-15.70683479309082,0.6448187232017517
1769518347.692957,4.563961982727051,-16.2697696685791,4.337545394897461,-15.638436317443848,0.6707062125205994
1769518347.713239,4.523097991943359,-16.230823516845703,4.3547773361206055,-15.609853744506836,0.6433787941932678
1769518347.7329412,4.4650468826293945,-16.174846649169922,4.266948699951172,-15.538541793823242,0.6664294004440308
1769518347.7529807,4.418883800506592,-16.129779815673828,4.2808003425598145,-15.456762313842773,0.6870365142822266
1769518347.7729766,4.384424686431885,-16.09581184387207,4.228507041931152,-15.391566276550293,0.7212995290756226
1769518347.7932758,4.332998752593994,-16.04459571838379,4.18699836730957,-15.325307846069336,0.7339562177658081
1769518347.8131416,4.298891544342041,-16.01027488708496,4.135634899139404,-15.25900650024414,0.7688034176826477
1769518347.8327956,4.264925956726074,-15.975814819335938,4.138359546661377,-15.233007431030273,0.7535131573677063
1769518347.8528898,4.219860076904297,-15.929649353027344,4.077134132385254,-15.163341522216797,0.7794857025146484
1769518347.872869,4.180636405944824,-15.88905143737793,4.091771602630615,-15.115678787231445,0.7784619331359863
1769518347.8930154,4.15273904800415,-15.85993766784668,4.064883232116699,-15.055137634277344,0.8095816373825073
1769518347.9132142,4.097246170043945,-15.801424026489258,4.121078014373779,-15.206108093261719,0.5957924127578735
1769518347.9333248,4.080676555633545,-15.783795356750488,4.107988357543945,-15.15278148651123,0.6316038370132446
1769518347.9529767,4.04215669631958,-15.742528915405273,4.028756141662598,-15.042864799499512,0.699792206287384
1769518347.972911,3.998377799987793,-15.695140838623047,3.972181558609009,-14.974089622497559,0.7215269804000854
1769518347.9928882,3.971148729324341,-15.665400505065918,3.96840238571167,-14.902593612670898,0.7628123760223389
1769518348.0128412,3.9116058349609375,-15.599644660949707,3.8814001083374023,-14.821027755737305,0.7792022824287415
1769518348.033103,3.8739750385284424,-15.557565689086914,3.951663017272949,-14.807305335998535,0.7542718052864075
1769518348.0530035,3.8205692768096924,-15.497138977050781,3.8785741329193115,-14.728867530822754,0.7704586982727051
1769518348.0728292,3.7728607654571533,-15.442441940307617,3.8337934017181396,-14.73074722290039,0.7142981290817261
1769518348.093076,3.725492477416992,-15.387450218200684,3.7729132175445557,-14.655858039855957,0.7331270575523376
1769518348.1129382,3.6888866424560547,-15.344475746154785,3.8599417209625244,-14.712013244628906,0.6551861763000488
1769518348.1328871,3.642127513885498,-15.28896427154541,3.8022778034210205,-14.638520240783691,0.669870138168335
1769518348.1529086,3.6162991523742676,-15.257999420166016,3.797203779220581,-14.482085227966309,0.7967242002487183
1769518348.1727984,3.6059978008270264,-15.245589256286621,3.84749436378479,-14.551491737365723,0.7349092960357666
1769518348.1928456,3.5751962661743164,-15.208271980285645,3.822039842605591,-14.49023723602295,0.7592796683311462
1769518348.21298,3.5292844772338867,-15.152057647705078,3.7669036388397217,-14.415257453918457,0.7741689085960388
1769518348.232886,3.48372220993042,-15.095559120178223,3.7124264240264893,-14.339566230773926,0.7898296117782593
1769518348.2529116,3.438511610031128,-15.038778305053711,3.739133596420288,-14.430131912231445,0.6788407564163208
1769518348.27294,3.408567428588867,-15.00076961517334,3.667898654937744,-14.233856201171875,0.8095733523368835
1769518348.2928507,3.368887424468994,-14.949897766113281,3.62546968460083,-14.161616325378418,0.8289893269538879
1769518348.312842,3.3245837688446045,-14.892406463623047,3.652486562728882,-14.333555221557617,0.6479474306106567
1769518348.3330524,3.2855031490325928,-14.841073036193848,3.613051176071167,-14.264755249023438,0.6628952622413635
1769518348.3531268,3.246706962585449,-14.78952407836914,3.5693740844726562,-14.134519577026367,0.7301678657531738
1769518348.3729155,3.203402519226074,-14.731276512145996,3.6303980350494385,-14.237812042236328,0.6525579690933228
1769518348.393235,3.174734354019165,-14.69229507446289,3.613780975341797,-14.17971420288086,0.6749078035354614
1769518348.4127743,3.160461187362671,-14.672760009765625,3.516599178314209,-14.041345596313477,0.7249263525009155
1769518348.4331133,3.1367621421813965,-14.640135765075684,3.507596254348755,-13.986122131347656,0.751832127571106
1769518348.4528368,3.099079132080078,-14.587766647338867,3.502392530441284,-14.046126365661621,0.6753047704696655
1769518348.4729354,3.057032346725464,-14.528603553771973,3.457491159439087,-13.972360610961914,0.6854003667831421
1769518348.4929588,3.0384633541107178,-14.502225875854492,3.5085465908050537,-13.931056022644043,0.7397385835647583
1769518348.5129442,2.996950387954712,-14.442687034606934,3.46551775932312,-13.856685638427734,0.7503018379211426
1769518348.5328896,2.964919328689575,-14.396200180053711,3.470562696456909,-13.871490478515625,0.7286946177482605
1769518348.5531304,2.9421780109405518,-14.362900733947754,3.465292453765869,-13.819201469421387,0.7544922828674316
1769518348.5730646,2.892552375793457,-14.28936767578125,3.4008548259735107,-13.765603065490723,0.7298633456230164
1769518348.593038,2.8568127155303955,-14.235652923583984,3.370164632797241,-13.696648597717285,0.7443488836288452
1769518348.6133506,2.8169612884521484,-14.17498779296875,3.3314831256866455,-13.6216402053833,0.7555966377258301
1769518348.6330726,2.794985055923462,-14.141179084777832,3.3081254959106445,-13.657929420471191,0.7048712968826294
1769518348.653224,2.768767833709717,-14.100507736206055,3.3349666595458984,-13.617227554321289,0.7444061040878296
1769518348.6729434,2.7254483699798584,-14.032482147216797,3.2899510860443115,-13.537373542785645,0.7508633732795715
1769518348.69318,2.686864137649536,-13.9710054397583,3.2380661964416504,-13.542201042175293,0.6983530521392822
1769518348.712778,2.6486635208129883,-13.90929126739502,3.2020111083984375,-13.469049453735352,0.7071114182472229
1769518348.7330153,2.6150310039520264,-13.85423755645752,3.177612066268921,-13.462236404418945,0.6856839060783386
1769518348.752877,2.5817034244537354,-13.798999786376953,3.1516273021698,-13.395090103149414,0.6985384225845337
1769518348.7729065,2.5404746532440186,-13.729697227478027,3.140289783477783,-13.330466270446777,0.7205303907394409
1769518348.7930064,2.515967845916748,-13.687981605529785,3.17362642288208,-13.311528205871582,0.7577805519104004
1769518348.812897,2.495678186416626,-13.653141021728516,3.1745095252990723,-13.262551307678223,0.7831811308860779
1769518348.8329003,2.467475175857544,-13.604248046875,3.1249589920043945,-13.291083335876465,0.7282559275627136
1769518348.8529074,2.4514658451080322,-13.576248168945312,3.133659601211548,-13.249585151672363,0.7563713192939758
1769518348.8728354,2.431562900543213,-13.541187286376953,3.083935022354126,-13.208038330078125,0.7325148582458496
1769518348.8930297,2.3960444927215576,-13.477906227111816,3.053997755050659,-13.135448455810547,0.7417412996292114
1769518348.913068,2.3764824867248535,-13.442656517028809,3.0394201278686523,-13.147375106811523,0.7257252931594849
1769518348.9332373,2.3377254009246826,-13.371954917907715,2.9957213401794434,-13.06268310546875,0.7270538210868835
1769518348.9528828,2.310887575149536,-13.322306632995605,3.0220654010772705,-13.051545143127441,0.7609767913818359
1769518348.9729068,2.291865348815918,-13.286764144897461,3.0245046615600586,-13.004965782165527,0.784965455532074
1769518348.9932783,2.26544189453125,-13.236896514892578,3.013349771499634,-12.945274353027344,0.8027512431144714
1769518349.0130913,2.2392613887786865,-13.18690299987793,2.947920560836792,-12.936173439025879,0.7517065405845642
1769518349.032753,2.198612928390503,-13.108088493347168,2.9043140411376953,-12.897174835205078,0.7365449070930481
1769518349.053086,2.1730599403381348,-13.057774543762207,2.8933701515197754,-12.838724136352539,0.7528809309005737
1769518349.0732572,2.165803909301758,-13.043375968933105,2.908257246017456,-12.797333717346191,0.782159686088562
1769518349.09292,2.1298251152038574,-12.971238136291504,2.8834280967712402,-12.72562026977539,0.7926194071769714
1769518349.1134892,2.119129180908203,-12.949548721313477,2.8454623222351074,-12.789352416992188,0.7437893748283386
1769518349.1328192,2.0733039379119873,-12.855307579040527,2.800520420074463,-12.699366569519043,0.7437482476234436
1769518349.152976,2.052441358566284,-12.811674118041992,2.7952935695648193,-12.662494659423828,0.757683277130127
1769518349.1728215,2.0146663188934326,-12.731456756591797,2.7600607872009277,-12.578272819519043,0.7609717845916748
1769518349.1929348,1.9909474849700928,-12.680262565612793,2.7635905742645264,-12.577641487121582,0.7794281244277954
1769518349.212851,1.9608180522918701,-12.614273071289062,2.7430331707000732,-12.507307052612305,0.7894948720932007
1769518349.2328827,1.93110191822052,-12.548099517822266,2.693293809890747,-12.467318534851074,0.766460657119751
1769518349.2529888,1.905035376548767,-12.489124298095703,2.6804449558258057,-12.403650283813477,0.7801061868667603
1769518349.2729177,1.8921252489089966,-12.459583282470703,2.6766109466552734,-12.417878150939941,0.785593569278717
1769518349.2927926,1.8697301149368286,-12.407801628112793,2.670247793197632,-12.361742973327637,0.8018415570259094
1769518349.3128161,1.850734829902649,-12.36333179473877,2.618661642074585,-12.34189224243164,0.768225908279419
1769518349.3328094,1.8350472450256348,-12.326213836669922,2.6242122650146484,-12.299750328063965,0.7896085381507874
1769518349.352896,1.8163925409317017,-12.281601905822754,2.626349687576294,-12.284042358398438,0.8099607229232788
1769518349.3730605,1.788759469985962,-12.214539527893066,2.609560489654541,-12.214573860168457,0.8208009004592896
1769518349.393114,1.758548617362976,-12.139826774597168,2.5876412391662598,-12.137911796569824,0.8290947675704956
1769518349.4130273,1.734754204750061,-12.079907417297363,2.5365829467773438,-12.101754188537598,0.8021263480186462
1769518349.4331408,1.71129310131073,-12.019858360290527,2.5402886867523193,-12.068535804748535,0.8304233551025391
1769518349.4528956,1.6881661415100098,-11.959681510925293,2.530914068222046,-12.00627613067627,0.8440349102020264
1769518349.4728985,1.6653740406036377,-11.899377822875977,2.464987277984619,-11.944052696228027,0.8008604049682617
1769518349.4932325,1.642917513847351,-11.838949203491211,2.4844093322753906,-11.901761054992676,0.8438329696655273
1769518349.5130928,1.6262956857681274,-11.793546676635742,2.4869253635406494,-11.853522300720215,0.8627170324325562
1769518349.532859,1.6044279336929321,-11.732904434204102,2.4418039321899414,-11.809666633605957,0.840887188911438
1769518349.5528045,1.5936205387115479,-11.702537536621094,2.4548919200897217,-11.77580451965332,0.8643819093704224
1769518349.5728233,1.5775678157806396,-11.656932830810547,2.414841651916504,-11.732394218444824,0.8406676054000854
1769518349.5928755,1.5564601421356201,-11.596023559570312,2.4076035022735596,-11.669732093811035,0.8543290495872498
1769518349.6130154,1.538268804550171,-11.542634010314941,2.355829954147339,-11.65966796875,0.8258955478668213
1769518349.633308,1.5177969932556152,-11.4815092086792,2.3495256900787354,-11.597434043884277,0.8397684693336487
1769518349.6530612,1.4951727390289307,-11.41261100769043,2.3259787559509277,-11.546659469604492,0.8415508270263672
1769518349.6728916,1.4778741598129272,-11.358926773071289,2.32426381111145,-11.491841316223145,0.8567622303962708
1769518349.692998,1.4584243297576904,-11.29747200012207,2.282485008239746,-11.450457572937012,0.838141143321991
1769518349.7128985,1.4416857957839966,-11.243612289428711,2.2813587188720703,-11.395708084106445,0.8533368706703186
1769518349.7330894,1.4298899173736572,-11.205090522766113,2.236996650695801,-11.374968528747559,0.8247906565666199
1769518349.752844,1.4044092893600464,-11.120203018188477,2.2182703018188477,-11.290878295898438,0.8315646052360535
1769518349.7729325,1.3930412530899048,-11.08155345916748,2.2265000343322754,-11.250814437866211,0.8504719734191895
1769518349.792965,1.375131368637085,-11.019634246826172,2.200911283493042,-11.224061965942383,0.8507072925567627
1769518349.8130739,1.3641122579574585,-10.980884552001953,2.2084155082702637,-11.193792343139648,0.8707339763641357
1769518349.8329198,1.3382148742675781,-10.887731552124023,2.1883208751678467,-11.102237701416016,0.8767513632774353
1769518349.8528373,1.3234663009643555,-10.833293914794922,2.164248466491699,-11.064386367797852,0.8719623684883118
1769518349.8728218,1.3028557300567627,-10.755404472351074,2.153754472732544,-10.987545013427734,0.8819965720176697
1769518349.8936343,1.2827860116958618,-10.677372932434082,2.122232437133789,-10.963251113891602,0.8867899179458618
1769518349.9128869,1.2710040807724,-10.630488395690918,2.1271281242370605,-10.917122840881348,0.9028332233428955
1769518349.932875,1.257505178451538,-10.575728416442871,2.08585786819458,-10.85209846496582,0.8732401728630066
1769518349.953223,1.2499110698699951,-10.544407844543457,2.0992488861083984,-10.820649147033691,0.89313143491745
1769518349.9729242,1.2386828660964966,-10.497387886047363,2.0512630939483643,-10.792165756225586,0.864395797252655
1769518349.993067,1.2294756174087524,-10.458169937133789,2.059873342514038,-10.753396987915039,0.881317138671875
1769518350.0140014,1.224016547203064,-10.434622764587402,2.021449327468872,-10.736384391784668,0.8526186943054199
1769518350.0329604,1.2114695310592651,-10.379637718200684,2.0257740020751953,-10.690164566040039,0.8715036511421204
1769518350.0534098,1.194008708000183,-10.300983428955078,1.9959428310394287,-10.617096900939941,0.8619895577430725
1769518350.0728817,1.1770942211151123,-10.222209930419922,1.987339735031128,-10.540083885192871,0.8703687191009521
1769518350.0929055,1.1639564037322998,-10.15910816192627,1.9652584791183472,-10.490118026733398,0.8669790625572205
1769518350.112843,1.1543331146240234,-10.111734390258789,1.9709582328796387,-10.443721771240234,0.8815284371376038
1769518350.1328979,1.143355369567871,-10.056414604187012,1.924677848815918,-10.39943790435791,0.8533052802085876
1769518350.153029,1.129636287689209,-9.985212326049805,1.9209781885147095,-10.329882621765137,0.8631451725959778
1769518350.1730368,1.116362452507019,-9.913926124572754,1.893785834312439,-10.261917114257812,0.851753830909729
1769518350.193017,1.1063462495803833,-9.85842514038086,1.8966526985168457,-10.207594871520996,0.8640045523643494
1769518350.2128878,1.0952297449111938,-9.794936180114746,1.8443063497543335,-10.182875633239746,0.8435713648796082
1769518350.2327943,1.0884610414505005,-9.75522518157959,1.8134567737579346,-10.178664207458496,0.8395947217941284
1769518350.2528844,1.0818302631378174,-9.715490341186523,1.8212369680404663,-10.141056060791016,0.8531286120414734
1769518350.272946,1.0766249895095825,-9.683686256408691,1.8121553659439087,-10.110400199890137,0.8503470420837402
1769518350.293241,1.0664794445037842,-9.620035171508789,1.8121402263641357,-10.04926872253418,0.8603783845901489
1769518350.3128352,1.0652360916137695,-9.612074851989746,1.7678791284561157,-10.0565767288208,0.8314380049705505
1769518350.3335927,1.0554887056350708,-9.548361778259277,1.767567753791809,-9.995624542236328,0.840892493724823
1769518350.3530383,1.0507476329803467,-9.516485214233398,1.7729626893997192,-9.964675903320312,0.8499818444252014
1769518350.3729007,1.0381667613983154,-9.42875862121582,1.7649731636047363,-9.879918098449707,0.8554487824440002
1769518350.3930798,1.0337581634521484,-9.396834373474121,1.7296086549758911,-9.886168479919434,0.8506796956062317
1769518350.412908,1.0210645198822021,-9.300990104675293,1.7195132970809937,-9.793963432312012,0.8548996448516846
1769518350.4334073,1.0200427770614624,-9.292998313903809,1.6841981410980225,-9.79653549194336,0.8334575891494751
1769518350.4528987,1.0082151889801025,-9.197043418884277,1.6739362478256226,-9.704244613647461,0.8369216322898865
1769518350.4732642,1.0026013851165771,-9.149029731750488,1.6303611993789673,-9.663527488708496,0.8116587400436401
1769518350.4929817,0.9928289651870728,-9.060945510864258,1.6228697299957275,-9.578985214233398,0.8156691193580627
1769518350.513045,0.9886084198951721,-9.020882606506348,1.592769980430603,-9.55162525177002,0.8041762113571167
1769518350.5327444,0.9790418148040771,-8.92467212677002,1.5833412408828735,-9.459111213684082,0.8067235350608826
1769518350.5531223,0.9767749309539795,-8.900607109069824,1.5936100482940674,-9.437997817993164,0.8180917501449585
1769518350.5732,0.9745580554008484,-8.876537322998047,1.5466192960739136,-9.423493385314941,0.7914640307426453
1769518350.5930357,0.9702746272087097,-8.828383445739746,1.513975977897644,-9.379644393920898,0.7742737531661987
1769518350.6129935,0.9661914110183716,-8.780211448669434,1.5185357332229614,-9.342867851257324,0.7884581685066223
1769518350.633055,0.9610585570335388,-8.71595573425293,1.502770185470581,-9.271218299865723,0.7757369875907898
1769518350.652989,0.9562808871269226,-8.65167236328125,1.5014835596084595,-9.210271835327148,0.7805637121200562
1769518350.6729991,0.9513285756111145,-8.579319953918457,1.4510033130645752,-9.176966667175293,0.7790099382400513
1769518350.6934729,0.9468241930007935,-8.506937980651855,1.4480953216552734,-9.108762741088867,0.7832403182983398
1769518350.7129412,0.9427699446678162,-8.434528350830078,1.4161560535430908,-9.039276123046875,0.7679938673973083
1769518350.7328193,0.9395439028739929,-8.370142936706543,1.3867172002792358,-8.983531951904297,0.7590847611427307
1769518350.7529283,0.9370127320289612,-8.313791275024414,1.3868070840835571,-8.93115520477295,0.7638412117958069
1769518350.772923,0.935059666633606,-8.26547908782959,1.3547148704528809,-8.894216537475586,0.7559233903884888
1769518350.7931023,0.9333065748214722,-8.21716022491455,1.3562391996383667,-8.849953651428223,0.7611178755760193
1769518350.8129752,0.9310517311096191,-8.14466667175293,1.3528268337249756,-8.78169059753418,0.7639983296394348
1769518350.8330858,0.929798424243927,-8.096329689025879,1.325219988822937,-8.734001159667969,0.7503219246864319
1769518350.8528755,0.9287450313568115,-8.047987937927246,1.2924669981002808,-8.7067289352417,0.7524846792221069
1769518350.8729377,0.9276514649391174,-7.98352575302124,1.290077805519104,-8.646697044372559,0.755744218826294
1769518350.8930888,0.9272379875183105,-7.951292037963867,1.2552839517593384,-8.586514472961426,0.714928150177002
1769518350.91304,0.926913321018219,-7.9190568923950195,1.2586852312088013,-8.557828903198242,0.7197928428649902
1769518350.9331448,0.9265589118003845,-7.862643718719482,1.2575665712356567,-8.505193710327148,0.7227975726127625
1769518350.9530087,0.9264765977859497,-7.8062286376953125,1.2241239547729492,-8.468216896057129,0.7258254885673523
1769518350.9728286,0.9268307685852051,-7.725634574890137,1.2319896221160889,-8.411188125610352,0.7504035830497742
1769518350.992933,0.9275137186050415,-7.661161422729492,1.2295114994049072,-8.351248741149902,0.7532747387886047
1769518351.0130074,0.9288668036460876,-7.580575942993164,1.224244236946106,-8.275330543518066,0.7549383044242859
1769518351.0329537,0.9299448728561401,-7.532228469848633,1.175042748451233,-8.191693305969238,0.7035386562347412
1769518351.053454,0.932439923286438,-7.443603992462158,1.1384652853012085,-8.11673355102539,0.7039530277252197
1769518351.072781,0.9352903366088867,-7.363052845001221,1.1320998668670654,-8.040241241455078,0.7052081823348999
1769518351.0928519,0.9376153349876404,-7.306678771972656,1.1025692224502563,-7.982535362243652,0.6956951022148132
1769518351.1131115,0.9398242235183716,-7.25836706161499,1.1031808853149414,-7.946160316467285,0.7069265246391296
1769518351.1330092,0.9418173432350159,-7.218113899230957,1.090885877609253,-7.903284072875977,0.7011985778808594
1769518351.1528819,0.9448402523994446,-7.161771297454834,1.0899717807769775,-7.85897159576416,0.7121459245681763
1769518351.1729813,0.9466894268989563,-7.129581451416016,1.06581711769104,-7.832897186279297,0.7133333683013916
1769518351.193665,0.9486271142959595,-7.0973968505859375,1.067168116569519,-7.804581642150879,0.7170507311820984
1769518351.2130702,0.9496291875839233,-7.081306457519531,1.0712231397628784,-7.792205333709717,0.7212224006652832
1769518351.2327788,0.9516996741294861,-7.049129962921143,1.0267194509506226,-7.774684906005859,0.7294231653213501
1769518351.252821,0.9544122219085693,-7.008916854858398,1.0340620279312134,-7.738534450531006,0.7339523434638977
1769518351.273276,0.9596432447433472,-6.936556816101074,1.0283455848693848,-7.670758247375488,0.7374083995819092
1769518351.2928712,0.964668869972229,-6.872264385223389,1.0251559019088745,-7.613208770751953,0.7434095740318298
1769518351.3128924,0.9686700701713562,-6.824062824249268,1.023435115814209,-7.569340229034424,0.747286856174469
1769518351.3332298,0.9735894203186035,-6.767848014831543,1.0205457210540771,-7.517599582672119,0.7512203454971313
1769518351.352999,0.9795426726341248,-6.70363187789917,0.9711048007011414,-7.469544887542725,0.7659593224525452
1769518351.3727913,0.9866620302200317,-6.631427764892578,0.9544316530227661,-7.3856377601623535,0.7548980712890625
1769518351.39285,0.9942278861999512,-6.559267997741699,0.9480466842651367,-7.31801700592041,0.76015305519104
1769518351.4128807,1.0004209280014038,-6.503176212310791,0.9319237470626831,-7.276360988616943,0.7762130498886108
1769518351.4330142,1.0068837404251099,-6.447113513946533,0.9279175400733948,-7.224868297576904,0.7817530035972595
1769518351.4529462,1.016583800315857,-6.36707878112793,0.9061538577079773,-7.154179573059082,0.7948099970817566
1769518351.4729407,1.0237010717391968,-6.311093807220459,0.9042587876319885,-7.07784366607666,0.7759976983070374
1769518351.4930594,1.0354290008544922,-6.223186492919922,0.8964115381240845,-7.002542972564697,0.7916579842567444
1769518351.5128486,1.037632703781128,-6.207212924957275,0.8841411471366882,-6.99467134475708,0.8022782206535339
1769518351.5327947,1.0409793853759766,-6.183258056640625,0.8846993446350098,-6.974742889404297,0.8067662119865417
1769518351.5529535,1.0501452684402466,-6.119411945343018,0.8532962203025818,-6.921360492706299,0.8257545232772827
1769518351.573183,1.059661865234375,-6.05561637878418,0.8472338914871216,-6.862221717834473,0.8341091275215149
1769518351.5927896,1.0695288181304932,-5.991872787475586,0.8360643982887268,-6.77318000793457,0.8154428005218506
1769518351.6129289,1.0758734941482544,-5.952060222625732,0.8335724472999573,-6.737118244171143,0.8215996026992798
1769518351.6327345,1.088972806930542,-5.872500896453857,0.8096591234207153,-6.657052993774414,0.8327890634536743
1769518351.652934,1.0957273244857788,-5.832755088806152,0.8081403970718384,-6.6289825439453125,0.8465720415115356
1769518351.6730037,1.108229160308838,-5.761270523071289,0.7964256405830383,-6.560739994049072,0.8581216931343079
1769518351.6928275,1.1197125911712646,-5.697793483734131,0.7898309826850891,-6.501302719116211,0.8685902953147888
1769518351.7131832,1.1300466060638428,-5.642302989959717,0.7845005989074707,-6.449794769287109,0.8783196210861206
1769518351.7328315,1.1468242406845093,-5.555203914642334,0.7661784291267395,-6.361025810241699,0.8912017345428467
1769518351.753235,1.1594390869140625,-5.491938591003418,0.7604319453239441,-6.270980358123779,0.8752784132957458
1769518351.7728832,1.1724011898040771,-5.4287428855896,0.7535383105278015,-6.211026668548584,0.8873635530471802
1769518351.7929883,1.1806787252426147,-5.389281272888184,0.7516302466392517,-6.170003414154053,0.8908476233482361
1769518351.8129373,1.1840276718139648,-5.373504638671875,0.7523225545883179,-6.156907081604004,0.894476592540741
1769518351.8330114,1.1924947500228882,-5.334083080291748,0.7397652268409729,-6.142549514770508,0.9265970587730408
1769518351.8529825,1.1993658542633057,-5.3025665283203125,0.7377257943153381,-6.114285945892334,0.9338093996047974
1769518351.873008,1.2098345756530762,-5.255326747894287,0.7452666163444519,-6.038558483123779,0.9106457829475403
1769518351.8928359,1.2240954637527466,-5.192407131195068,0.7382872700691223,-5.9785284996032715,0.9241193532943726
1769518351.9129915,1.2424070835113525,-5.1138691902160645,0.7164302468299866,-5.9342498779296875,0.974513590335846
1769518351.932921,1.2574436664581299,-5.0511298179626465,0.7114338874816895,-5.871793270111084,0.9857054948806763
1769518351.9530437,1.274770736694336,-4.980647087097168,0.7027613520622253,-5.804680347442627,1.0031077861785889
1769518351.9728775,1.2885476350784302,-4.925901889801025,0.6984395384788513,-5.746948719024658,1.011110782623291
1769518351.9928138,1.30868399143219,-4.8478102684021,0.6882889270782471,-5.672024726867676,1.0316102504730225
1769518352.0127907,1.3210225105285645,-4.801022052764893,0.6950245499610901,-5.631536483764648,1.040013074874878
1769518352.0328956,1.3398905992507935,-4.730935573577881,0.6849172115325928,-5.556783199310303,1.0540467500686646
1769518352.0529077,1.3527090549468994,-4.684276580810547,0.6952875256538391,-5.522718906402588,1.0654525756835938
1769518352.0729904,1.3679062128067017,-4.629907608032227,0.6893661022186279,-5.4713311195373535,1.0809303522109985
1769518352.092971,1.3789207935333252,-4.591117858886719,0.686130166053772,-5.435459136962891,1.092186689376831
1769518352.1129885,1.3923135995864868,-4.544619560241699,0.6916520595550537,-5.3821539878845215,1.091966152191162
1769518352.1329784,1.4173626899719238,-4.459517478942871,0.6801663637161255,-5.299683570861816,1.1177376508712769
1769518352.1532254,1.438333511352539,-4.3900299072265625,0.6589175462722778,-5.225510597229004,1.1425923109054565
1769518352.1728606,1.4597322940826416,-4.320672988891602,0.6554707288742065,-5.174531936645508,1.1729927062988281
1769518352.1928432,1.4864658117294312,-4.236083984375,0.6434126496315002,-5.092379570007324,1.2016576528549194
1769518352.2129302,1.5038093328475952,-4.1823601722717285,0.6527148485183716,-5.037177085876465,1.206264615058899
1769518352.2334332,1.5239455699920654,-4.121063709259033,0.6788688898086548,-4.9724907875061035,1.199617624282837
1769518352.2528157,1.546999454498291,-4.0522379875183105,0.6701527833938599,-4.905609130859375,1.2235612869262695
1769518352.2728894,1.5626039505004883,-4.006433486938477,0.6954914331436157,-4.851645469665527,1.2108951807022095
1769518352.292949,1.5757513046264648,-3.9683122634887695,0.6932569146156311,-4.815536022186279,1.2233498096466064
1769518352.3128963,1.58902907371521,-3.9302361011505127,0.6928160786628723,-4.771780967712402,1.2293881177902222
1769518352.3329558,1.5970581769943237,-3.90741229057312,0.6935365200042725,-4.750951766967773,1.2360867261886597
1769518352.3528807,1.6159749031066895,-3.8542208671569824,0.7194702625274658,-4.7153401374816895,1.243079662322998
1769518352.3729608,1.6351460218429565,-3.8011205196380615,0.7146883010864258,-4.6640167236328125,1.2616782188415527
1769518352.3929205,1.6601674556732178,-3.7329843044281006,0.7089257836341858,-4.592380046844482,1.281960129737854
1769518352.4129686,1.6742490530014038,-3.695197343826294,0.7071078419685364,-4.556393146514893,1.294998049736023
1769518352.432987,1.699920892715454,-3.627302646636963,0.71602863073349,-4.486334323883057,1.306131362915039
1769518352.452901,1.7201759815216064,-3.5746052265167236,0.7112614512443542,-4.434889316558838,1.3258949518203735
1769518352.4733307,1.74068284034729,-3.522005081176758,0.7065438628196716,-4.3835039138793945,1.3459656238555908
1769518352.492964,1.773414969444275,-3.439547061920166,0.7249666452407837,-4.296768665313721,1.3542793989181519
1769518352.513018,1.8006559610366821,-3.372265577316284,0.7527788877487183,-4.242447376251221,1.3620803356170654
1769518352.5329497,1.8283096551895142,-3.305152177810669,0.7457548379898071,-4.175995349884033,1.3893496990203857
1769518352.5530488,1.8626677989959717,-3.2233569622039795,0.7653562426567078,-4.066531658172607,1.3838480710983276
1769518352.5728402,1.8816670179367065,-3.1788506507873535,0.7635108232498169,-4.02247428894043,1.4007047414779663
1769518352.5930047,1.8944344520568848,-3.1492230892181396,0.787662923336029,-4.01750373840332,1.4067177772521973
1769518352.6130865,1.9169719219207764,-3.097459077835083,0.7962177991867065,-3.968939781188965,1.419707179069519
1769518352.632974,1.9299613237380981,-3.0679280757904053,0.7982339262962341,-3.9407739639282227,1.429219126701355
1769518352.6530306,1.9463114738464355,-3.031064033508301,0.7986390590667725,-3.904949188232422,1.442507266998291
1769518352.6729808,1.9694128036499023,-2.979548692703247,0.819594144821167,-3.8272528648376465,1.428525686264038
1769518352.6930676,2.002840995788574,-2.9061474800109863,0.8120449781417847,-3.7525458335876465,1.4609534740447998
1769518352.7130735,2.033353805541992,-2.840282440185547,0.836428701877594,-3.705634117126465,1.476977825164795
1769518352.732912,2.0573654174804688,-2.789184093475342,0.8933964371681213,-3.647648334503174,1.4463003873825073
1769518352.7527895,2.0746660232543945,-2.752755880355835,0.8957921266555786,-3.6116087436676025,1.458551287651062
1769518352.7735257,2.113163709640503,-2.6728219985961914,0.9088416695594788,-3.5041892528533936,1.46340811252594
1769518352.7929575,2.123767137527466,-2.6510720252990723,0.914608895778656,-3.4829585552215576,1.4676848649978638
1769518352.813524,2.1451075077056885,-2.607637643814087,0.958419144153595,-3.455584764480591,1.4585074186325073
1769518352.832914,2.1774511337280273,-2.5426502227783203,0.9547622799873352,-3.388667106628418,1.4868464469909668
1769518352.853119,2.2211954593658447,-2.456310987472534,0.946435272693634,-3.298858642578125,1.5280380249023438
1769518352.8729243,2.235933780670166,-2.4276111125946045,0.9573955535888672,-3.2370924949645996,1.513248324394226
1769518352.8934674,2.2731220722198486,-2.3560378551483154,0.952738344669342,-3.162026882171631,1.5469427108764648
1769518352.9130027,2.2843737602233887,-2.334615468978882,0.9845656752586365,-3.1350109577178955,1.5264776945114136
1769518352.932955,2.3032238483428955,-2.2989625930786133,1.043821930885315,-3.1093690395355225,1.4976153373718262
1769518352.953244,2.3298182487487793,-2.249156951904297,1.0474125146865845,-3.065211772918701,1.5200361013412476
1769518352.9737928,2.3451216220855713,-2.2207536697387695,1.0758322477340698,-3.005115032196045,1.4920852184295654
1769518352.9928348,2.3643600940704346,-2.1853084564208984,1.0808172225952148,-2.967954158782959,1.5033349990844727
1769518353.0131326,2.3914966583251953,-2.1357955932617188,1.0978888273239136,-2.914560556411743,1.5099323987960815
1769518353.033054,2.411024570465088,-2.100508689880371,1.1036142110824585,-2.8774311542510986,1.5208320617675781
1769518353.0529325,2.45440936088562,-2.0231130123138428,1.1526949405670166,-2.7903127670288086,1.5109783411026
1769518353.07288,2.478318452835083,-1.9810349941253662,1.1578439474105835,-2.7454750537872314,1.5257854461669922
1769518353.0931647,2.5388431549072266,-1.8762701749801636,1.1477991342544556,-2.631800889968872,1.5829813480377197
1769518353.1132195,2.555164098739624,-1.8484379053115845,1.2083638906478882,-2.603820323944092,1.5441739559173584
1769518353.1330936,2.5962982177734375,-1.779052495956421,1.2682018280029297,-2.5179879665374756,1.5198242664337158
1769518353.1529408,2.612884521484375,-1.7513771057128906,1.2789723873138428,-2.4883038997650146,1.5239365100860596
1769518353.1730063,2.642092227935791,-1.7030543088912964,1.3344379663467407,-2.4081876277923584,1.4856555461883545
1769518353.1931076,2.6673107147216797,-1.6617461442947388,1.342927098274231,-2.362696647644043,1.4984405040740967
1769518353.2129014,2.7097175121307373,-1.593129277229309,1.3927185535430908,-2.2903950214385986,1.4901896715164185
1769518353.2328515,2.7439794540405273,-1.538444995880127,1.3988615274429321,-2.22969913482666,1.512340784072876
1769518353.2530775,2.7872250080108643,-1.4703539609909058,1.4019774198532104,-2.1537275314331055,1.544639229774475
1769518353.2729602,2.8265411853790283,-1.4093258380889893,1.4065934419631958,-2.085397720336914,1.5726808309555054
1769518353.293168,2.8662307262420654,-1.3485407829284668,1.4696180820465088,-2.0019068717956543,1.5418864488601685
1769518353.3130047,2.8839898109436035,-1.321603775024414,1.4835673570632935,-1.9715064764022827,1.543877124786377
1769518353.3330207,2.924215793609619,-1.2611736059188843,1.6738426685333252,-1.7454442977905273,1.3408769369125366
1769518353.3529825,2.937706708908081,-1.2410852909088135,1.7524906396865845,-1.7118072509765625,1.2752710580825806
1769518353.3729894,2.9738829135894775,-1.1876522302627563,1.804923415184021,-1.6604961156845093,1.260970950126648
1769518353.3929548,3.0149285793304443,-1.1277775764465332,1.816841959953308,-1.5889512300491333,1.283780574798584
1769518353.4129596,3.0517213344573975,-1.0747686624526978,1.853195071220398,-1.5054436922073364,1.2735564708709717
1769518353.4333835,3.0934579372406006,-1.0153751373291016,1.8663570880889893,-1.4334471225738525,1.2963643074035645
1769518353.4529731,3.1355581283569336,-0.9562398195266724,1.934648036956787,-1.3433347940444946,1.2617557048797607
1769518353.4729931,3.182760715484619,-0.8908392786979675,1.9475871324539185,-1.263321876525879,1.2901149988174438
1769518353.4928079,3.225623369216919,-0.8322562575340271,2.059194803237915,-1.1873419284820557,1.2192790508270264
1769518353.512828,3.2543978691101074,-0.7933480143547058,2.16135835647583,-1.1274988651275635,1.142975091934204
1769518353.53309,3.2784981727600098,-0.7610150575637817,2.1856234073638916,-1.0854018926620483,1.1400010585784912
1769518353.5530312,3.3075640201568604,-0.7223246097564697,2.2602128982543945,-1.0470585823059082,1.0965383052825928
1769518353.573058,3.3319060802459717,-0.6901740431785583,2.285292863845825,-1.005192518234253,1.092993974685669
1769518353.592879,3.351458787918091,-0.6645137667655945,2.3059310913085938,-0.9012144804000854,1.0719866752624512
1769518353.6129656,3.3809189796447754,-0.6261239647865295,2.3298285007476807,-0.8502900004386902,1.0747286081314087
1769518353.633022,3.3957080841064453,-0.6069745421409607,2.3577895164489746,-0.8223775625228882,1.0600343942642212
1769518353.65297,3.425403356552124,-0.5687671303749084,2.381788969039917,-0.7714220285415649,1.0631088018417358
1769518353.672954,3.480250358581543,-0.49903854727745056,2.4286043643951416,-0.655384361743927,1.063204288482666
1769518353.693128,3.5103871822357178,-0.4611796438694,2.513040065765381,-0.6201149225234985,1.0099313259124756
1769518353.7133102,3.5609588623046875,-0.39835789799690247,2.5347914695739746,-0.5379351377487183,1.035616397857666
1769518353.7327967,3.601724624633789,-0.34835106134414673,2.54960560798645,-0.5185369253158569,1.0657943487167358
1769518353.7528284,3.6273417472839355,-0.31721067428588867,2.6703851222991943,-0.4492957592010498,0.9660292267799377
1769518353.7729585,3.67889404296875,-0.2551943063735962,2.694495916366577,-0.3672356605529785,0.990753710269928
1769518353.7928936,3.72044038772583,-0.20583675801753998,2.7414259910583496,-0.36849719285964966,0.9924353361129761
1769518353.812916,3.772751808166504,-0.1444617509841919,2.766759157180786,-0.28742527961730957,1.0161001682281494
1769518353.8333714,3.788526773452759,-0.12611940503120422,2.9267890453338623,-0.1614556461572647,0.862462043762207
1769518353.852832,3.8520028591156006,-0.05307595804333687,2.9528942108154297,-0.0626487210392952,0.8991597294807434
1769518353.8729758,3.8732950687408447,-0.028844574466347694,2.9969770908355713,-0.1230149120092392,0.8813633322715759
1769518353.8928745,3.9107158184051514,0.013419444672763348,3.0289313793182373,-0.06481000781059265,0.8852478265762329
1769518353.9133544,3.932190179824829,0.03748948127031326,3.197065830230713,0.09034811705350876,0.737022340297699
1769518353.9330053,3.9699292182922363,0.07946991920471191,3.2320444583892822,0.15105944871902466,0.741349458694458
1769518353.9530234,4.029639720916748,0.14507155120372772,3.2908637523651123,0.20288273692131042,0.7410343885421753
1769518353.9728153,4.073375701904297,0.19249771535396576,3.326094150543213,0.2710365056991577,0.7513976693153381
1769518353.9930987,4.128411293029785,0.25144144892692566,3.2972395420074463,0.28998690843582153,0.832065224647522
1769518354.0128486,4.150538921356201,0.27491289377212524,3.334439516067505,0.3254420757293701,0.8176620006561279
1769518354.0329545,4.206138610839844,0.3333248496055603,3.4940624237060547,0.43065202236175537,0.7186967730522156
1769518354.0529246,4.256520748138428,0.3855680227279663,3.531320571899414,0.51483553647995,0.7366308569908142
1769518354.073089,4.307224750518799,0.43749871850013733,3.588273525238037,0.5431333184242249,0.72666996717453
1769518354.0928051,4.34120512008667,0.4719446003437042,3.628418207168579,0.5948185920715332,0.7233005166053772
1769518354.1129656,4.392442226409912,0.5233500003814697,3.668116569519043,0.6569588780403137,0.7365452647209167
1769518354.1329541,4.443995952606201,0.5744374990463257,3.9428961277008057,0.8799768686294556,0.5869032740592957
1769518354.1529253,4.484311580657959,0.6139511466026306,3.9888854026794434,0.9429813027381897,0.5947332978248596
1769518354.1731029,4.524816513061523,0.6532703042030334,3.973374128341675,0.7881940007209778,0.5677086710929871
1769518354.1930232,4.553864479064941,0.6812359094619751,4.018857002258301,0.8309324979782104,0.5555557608604431
1769518354.212983,4.588849067687988,0.714662492275238,4.104925155639648,1.0058671236038208,0.5647852420806885
1769518354.2328954,4.629837989807129,0.7534773349761963,4.151772499084473,1.0677546262741089,0.5721158981323242
1769518354.2528481,4.671013355255127,0.792094349861145,4.242591857910156,1.122892141342163,0.5412687659263611
1769518354.272916,4.7242255210876465,0.8414526581764221,4.291503429412842,1.201735019683838,0.5630737543106079
1769518354.2931595,4.747973442077637,0.8632837533950806,4.509429454803467,1.2822496891021729,0.4821160137653351
1769518354.3128793,4.825567722320557,0.9337818622589111,4.563832759857178,1.3960484266281128,0.5312209725379944
1769518354.3334944,4.855579376220703,0.9607111811637878,4.627170085906982,1.3995691537857056,0.49473947286605835
1769518354.3528965,4.934041976928711,1.0302424430847168,4.682672023773193,1.513482689857483,0.5447091460227966
1769518354.3730714,4.970464706420898,1.0620962381362915,4.557374000549316,1.3329049348831177,0.49394434690475464
1769518354.3931046,5.019232273101807,1.1043334007263184,4.609743595123291,1.400672435760498,0.5054682493209839
1769518354.4132133,5.074373722076416,1.151528000831604,4.664019584655762,1.477339744567871,0.5239692330360413
1769518354.4330235,5.1174635887146,1.1879980564117432,4.717743873596191,1.545757532119751,0.5364396572113037
1769518354.4533296,5.148349285125732,1.2139205932617188,5.035644054412842,1.72029709815979,0.5187673568725586
1769518354.4730752,5.191739082336426,1.2500330209732056,5.147329330444336,1.9517509937286377,0.7031218409538269
1769518354.49296,5.216611385345459,1.2705744504928589,5.204441547393799,1.9919341802597046,0.7214623093605042
1769518354.5128443,5.254025936126709,1.3012579679489136,5.210353374481201,1.9818968772888184,0.6820385456085205
1769518354.533233,5.2978363037109375,1.3368593454360962,5.432925224304199,2.1850404739379883,0.858871579170227
1769518354.553065,5.335524559020996,1.36720609664917,5.4954514503479,2.2445690631866455,0.8918197751045227
1769518354.5729983,5.379652500152588,1.402413249015808,5.201130390167236,1.8989994525909424,0.5277007222175598
1769518354.5929208,5.4366374015808105,1.447365641593933,5.387651443481445,1.9614524841308594,0.5164154767990112
1769518354.6130786,5.4747819900512695,1.4771368503570557,5.447935104370117,2.013399124145508,0.536933958530426
1769518354.6331196,5.5258331298828125,1.5165855884552002,5.561807632446289,2.2119972705841064,0.6963416337966919
1769518354.6527243,5.58352518081665,1.5606276988983154,5.629436492919922,2.3028564453125,0.7436473965644836
1769518354.6730115,5.6414899826049805,1.6043102741241455,5.696233749389648,2.3761284351348877,0.7737571001052856
1769518354.6934614,5.699725151062012,1.6476317644119263,5.87235164642334,2.3762550354003906,0.7487935423851013
1769518354.7130017,5.745205402374268,1.6810753345489502,5.8179826736450195,2.2342090606689453,0.5579010248184204
1769518354.7329526,5.810456275939941,1.7284694910049438,5.890576362609863,2.3211495876312256,0.5980709791183472
1769518354.7530465,5.836647987365723,1.747300624847412,6.042372703552246,2.4057726860046387,0.689860999584198
1769518354.7730405,5.876033306121826,1.7754112482070923,6.107181072235107,2.4480535984039307,0.711250364780426
1769518354.7929273,5.902354717254639,1.7940609455108643,6.169321060180664,2.481250762939453,0.7372250556945801
1769518354.812837,5.948541641235352,1.8265222311019897,6.262364864349365,2.5488030910491943,0.7875118255615234
1769518354.8330007,5.988254547119141,1.8541679382324219,6.025655746459961,2.392439126968384,0.5395691394805908
1769518354.8530045,6.028082370758057,1.8816485404968262,6.088625907897949,2.440682888031006,0.5623032450675964
1769518354.8728993,6.088037490844727,1.922559142112732,6.166990280151367,2.5488829612731934,0.6312805414199829
1769518354.8930686,6.148245334625244,1.963096261024475,6.237374782562256,2.6167304515838623,0.6596829295158386
1769518354.9129858,6.208704471588135,2.003258228302002,6.4059953689575195,2.6814963817596436,0.7063500881195068
1769518354.9329667,6.235655307769775,2.0209872722625732,6.487128734588623,2.5929222106933594,0.6247787475585938
1769518354.9530406,6.303246021270752,2.0649828910827637,6.567633628845215,2.6780104637145996,0.6676103472709656
1769518354.9729314,6.371139049530029,2.1085102558135986,6.649594306945801,2.763465642929077,0.7116908431053162
1769518354.992856,6.432498455047607,2.147282600402832,6.690305233001709,2.8042807579040527,0.7057697772979736
1769518355.0128546,6.487240314483643,2.1814253330230713,6.767191410064697,2.8705098628997803,0.7437809109687805
1769518355.0330355,6.535292625427246,2.2110509872436523,6.981565952301025,2.8965301513671875,0.8179495334625244
1769518355.0529113,6.562814712524414,2.2278754711151123,6.8839030265808105,2.7592387199401855,0.620841920375824
1769518355.072964,6.590383052825928,2.2446236610412598,6.947603702545166,2.783503293991089,0.6465277075767517
1769518355.0928874,6.645656108856201,2.277890682220459,7.010478973388672,2.9107346534729004,0.7304704785346985
1769518355.1130693,6.701111316680908,2.310851573944092,7.089792728424072,2.9751553535461426,0.7696577906608582
1769518355.1329572,6.749781608581543,2.339440107345581,7.249391555786133,2.9638054370880127,0.7996513843536377
1769518355.1528573,6.805572509765625,2.37182354927063,7.331606388092041,3.0273196697235107,0.840468168258667
1769518355.1728868,6.826539516448975,2.383887529373169,7.394261360168457,3.042178153991699,0.8692838549613953
1769518355.1929166,6.90363073348999,2.4277493953704834,7.490674018859863,3.1350255012512207,0.9191622734069824
1769518355.212929,6.94581937789917,2.4514262676239014,7.4520158767700195,3.112260580062866,0.8324282765388489
1769518355.233108,7.0517144203186035,2.5098493099212646,7.545853614807129,3.1873972415924072,0.838596761226654
1769518355.2532055,7.065878868103027,2.5175559520721436,7.60219144821167,3.1904780864715576,0.8604972958564758
1769518355.2728477,7.17244815826416,2.5747272968292236,7.715428352355957,3.1889922618865967,0.8198465704917908
1769518355.2934093,7.200965881347656,2.58978533744812,7.791491985321045,3.1214559078216553,0.7946037650108337
1769518355.3128145,7.265280246734619,2.623375415802002,7.876954555511475,3.1792259216308594,0.8265079855918884
1769518355.3330388,7.30109977722168,2.641862392425537,7.863005638122559,3.176830530166626,0.7758407592773438
1769518355.3530672,7.336982250213623,2.6602249145507812,7.934258937835693,3.204068183898926,0.8077774047851562
1769518355.3727643,7.365734100341797,2.6748251914978027,7.869913101196289,3.11320424079895,0.6681112051010132
1769518355.3928125,7.416145324707031,2.700183153152466,7.9443135261535645,3.1479172706604004,0.6924070715904236
1769518355.412799,7.452227592468262,2.7181456089019775,7.981908321380615,3.1690523624420166,0.6956135630607605
1769518355.4329634,7.517331123352051,2.750161647796631,8.07215404510498,3.2330992221832275,0.7355655431747437
1769518355.4529333,7.582631587982178,2.7817699909210205,8.1536226272583,3.2509841918945312,0.7390485405921936
1769518355.4731133,7.648126125335693,2.812969207763672,8.2460355758667,3.313682794570923,0.7798781991004944
1769518355.4929452,7.713812828063965,2.8437583446502686,8.289009094238281,3.2970502376556396,0.7323415875434875
1769518355.5127976,7.787019729614258,2.877485990524292,8.387527465820312,3.3679351806640625,0.7753385901451111
1769518355.5328333,7.8310546875,2.8974781036376953,8.430465698242188,3.296402931213379,0.7200242877006531
1769518355.5528984,7.897261142730713,2.927121639251709,8.524466514587402,3.355088233947754,0.7593040466308594
1769518355.5727887,7.941500186920166,2.9466538429260254,8.66817569732666,3.333468198776245,0.8232147097587585
1769518355.5928288,7.993213653564453,2.969208002090454,8.752756118774414,3.3715600967407227,0.8595300912857056
1769518355.6128705,8.037625312805176,2.98833966255188,8.742132186889648,3.349942207336426,0.7918877601623535
1769518355.632794,8.052446365356445,2.994675636291504,8.699004173278809,3.313941240310669,0.7210869789123535
1769518355.6529784,8.11181926727295,3.0198137760162354,8.787322998046875,3.3598127365112305,0.7562433481216431
1769518355.6730504,8.163883209228516,3.041538715362549,8.953580856323242,3.3351330757141113,0.8425081372261047
1769518355.6929028,8.208592414855957,3.0599584579467773,9.032039642333984,3.3603262901306152,0.876518726348877
1769518355.7129142,8.283275604248047,3.090242862701416,8.952863693237305,3.3482935428619385,0.7175917625427246
1769518355.7329147,8.335677146911621,3.111133098602295,9.035271644592285,3.381079912185669,0.7498695254325867
1769518355.7528892,8.418224334716797,3.1434450149536133,9.192671775817871,3.3938825130462646,0.813933789730072
1769518355.772877,8.440778732299805,3.1521475315093994,9.250601768493652,3.3874194622039795,0.8433061838150024
1769518355.7928827,8.52363395690918,3.183655023574829,9.306995391845703,3.3818883895874023,0.8080548644065857
1769518355.8128982,8.561372756958008,3.1977670192718506,9.377716064453125,3.392521619796753,0.8392525315284729
1769518355.832997,8.606724739074707,3.2145283222198486,9.41878604888916,3.377382755279541,0.828230082988739
1769518355.8529344,8.682462692260742,3.2420430183410645,9.52397632598877,3.433110475540161,0.8629317283630371
1769518355.8730788,8.727995872497559,3.2582991123199463,9.60177230834961,3.4222443103790283,0.8890239000320435
1769518355.8928535,8.819262504577637,3.290241003036499,9.722373962402344,3.494871139526367,0.9260037541389465
1769518355.913449,8.857367515563965,3.3033254146575928,9.628965377807617,3.3942148685455322,0.7769317030906677
1769518355.9329004,8.93371295928955,3.329096794128418,9.733922958374023,3.445178270339966,0.8085862994194031
1769518355.9538598,9.002573013305664,3.351836919784546,9.885200500488281,3.403451919555664,0.8841356635093689
1769518355.972954,9.063899993896484,3.3716886043548584,9.97669506072998,3.4353275299072266,0.915010392665863
1769518355.9929388,9.117650032043457,3.3887789249420166,9.930184364318848,3.412614583969116,0.8128833770751953
1769518356.012993,9.15609359741211,3.4008264541625977,9.999103546142578,3.4146673679351807,0.8431237936019897
1769518356.0330513,9.23310375213623,3.42452073097229,10.141724586486816,3.4556517601013184,0.9091534614562988
1769518356.0528178,9.287107467651367,3.440788984298706,10.226744651794434,3.4748752117156982,0.9402546882629395
1769518356.0729249,9.33345890045166,3.454524517059326,10.168445587158203,3.423802375793457,0.8355518579483032
1769518356.092938,9.403091430664062,3.4747657775878906,10.267075538635254,3.4580936431884766,0.8641444444656372
1769518356.1130126,9.465091705322266,3.4923930168151855,10.270729064941406,3.449575901031494,0.8067735433578491
1769518356.1329305,9.542728424072266,3.5139431953430176,10.376611709594727,3.490388870239258,0.8342160582542419
1769518356.1530437,9.597161293029785,3.528707504272461,10.44152545928955,3.444904088973999,0.8485123515129089
1769518356.1729908,9.667250633239746,3.547302007675171,10.540273666381836,3.474890947341919,0.8760213255882263
1769518356.192883,9.714040756225586,3.559454917907715,10.543549537658691,3.439629077911377,0.8381187319755554
1769518356.2131636,9.753070831298828,3.5694334506988525,10.624757766723633,3.39764666557312,0.8884538412094116
1769518356.232968,9.792134284973145,3.5792768001556396,10.690933227539062,3.3928637504577637,0.9179266095161438
1769518356.2530632,9.86253547668457,3.5966529846191406,10.72506046295166,3.383181095123291,0.8885498046875
1769518356.273042,9.909528732299805,3.6079928874969482,10.790502548217773,3.37656307220459,0.910865068435669
1769518356.2928033,10.011506080627441,3.6318907737731934,10.90045166015625,3.423018455505371,0.9131552577018738
1769518356.3129945,10.066505432128906,3.6443774700164795,10.982975006103516,3.430222749710083,0.9411585927009583
1769518356.3335183,10.129434585571289,3.658320903778076,11.074125289916992,3.4446520805358887,0.968553364276886
1769518356.3531194,10.192440032958984,3.671914577484131,11.082703590393066,3.4466841220855713,0.9183129668235779
1769518356.372968,10.25551986694336,3.6851584911346436,11.067869186401367,3.4551773071289062,0.8442761898040771
1769518356.3929307,10.34237289428711,3.702796459197998,11.18157958984375,3.490452289581299,0.8656548261642456
1769518356.4131243,10.389802932739258,3.712137460708618,11.14875316619873,3.444225311279297,0.8048496246337891
1769518356.4330537,10.445186614990234,3.722785711288452,11.24221420288086,3.369433879852295,0.8718432188034058
1769518356.4528072,10.492698669433594,3.7316982746124268,11.312479972839355,3.3640830516815186,0.8984330892562866
1769518356.4728203,10.51646900177002,3.7360804080963135,11.26208782196045,3.4080257415771484,0.8145963549613953
1769518356.4931066,10.548175811767578,3.7418463230133057,11.313963890075684,3.388157844543457,0.8435201048851013
1769518356.512778,10.5957670211792,3.7503297328948975,11.243507385253906,3.4119322299957275,0.7308082580566406
1769518356.5328681,10.651333808898926,3.759976625442505,11.318747520446777,3.413757085800171,0.7518705129623413
1769518356.552959,10.70694637298584,3.769353151321411,11.4190092086792,3.355511426925659,0.8235888481140137
1769518356.5731509,10.77851390838623,3.7810115814208984,11.512646675109863,3.368989944458008,0.8418509364128113
1769518356.5930567,10.810344696044922,3.7860493659973145,11.512696266174316,3.378044366836548,0.8122591972351074
1769518356.613094,10.897951126098633,3.799447536468506,11.623452186584473,3.404477834701538,0.8260462880134583
1769518356.632967,10.945778846740723,3.8064732551574707,11.634095191955566,3.3631234169006348,0.8187420964241028
1769518356.6530724,11.057486534118652,3.8220913410186768,11.771036148071289,3.4070544242858887,0.8254749178886414
1769518356.6732278,11.081443786621094,3.825296640396118,11.74739933013916,3.3537681102752686,0.8159883618354797
1769518356.6928587,11.177335739135742,3.837618827819824,11.866053581237793,3.3824872970581055,0.8255162239074707
1769518356.7128503,11.209322929382324,3.8415486812591553,11.877161979675293,3.35854434967041,0.8241982460021973
1769518356.7328815,11.249320983886719,3.8463356494903564,11.933202743530273,3.34053111076355,0.8506067395210266
1769518356.7529066,11.345383644104004,3.857257843017578,11.973240852355957,3.4172260761260986,0.7667026519775391
1769518356.7730813,11.393448829650879,3.862419366836548,12.037104606628418,3.4052374362945557,0.7894986271858215
1769518356.792883,11.465585708618164,3.8697891235351562,12.067403793334961,3.367314577102661,0.784005880355835
1769518356.8129144,11.473604202270508,3.8705804347991943,12.085074424743652,3.323702335357666,0.8203483819961548
1769518356.8332064,11.537769317626953,3.876711130142212,12.113822937011719,3.3819026947021484,0.7593896985054016
1769518356.8529754,11.60999584197998,3.8831825256347656,12.203237533569336,3.3861312866210938,0.7739479541778564
1769518356.872964,11.69029426574707,3.8898444175720215,12.294394493103027,3.353334665298462,0.8079475164413452
1769518356.8929408,11.746530532836914,3.894176959991455,12.3657808303833,3.344006061553955,0.8283470273017883
1769518356.912906,11.810827255249023,3.898796319961548,12.381051063537598,3.397660255432129,0.7591390609741211
1769518356.9329145,11.88319206237793,3.9035708904266357,12.460474967956543,3.3935911655426025,0.7702826261520386
1769518356.9528131,11.939495086669922,3.9069740772247314,12.460558891296387,3.341346263885498,0.7690529227256775
1769518356.9732661,12.019957542419434,3.911363363265991,12.517810821533203,3.270989418029785,0.811133086681366
1769518356.992968,12.060199737548828,3.9133496284484863,12.567815780639648,3.247450351715088,0.837315022945404
1769518357.0130203,12.124602317810059,3.916239023208618,12.574894905090332,3.2973575592041016,0.7653611898422241
1769518357.0332289,12.164861679077148,3.9178643226623535,12.623727798461914,3.2734827995300293,0.7910662293434143
1769518357.0528955,12.221234321594238,3.9199066162109375,12.691150665283203,3.259328603744507,0.8106688261032104
1769518357.0728347,12.285673141479492,3.921907424926758,12.680550575256348,3.3607513904571533,0.6861661076545715
1769518357.093028,12.350122451782227,3.9235527515411377,12.7557954788208,3.3522093296051025,0.7007168531417847
1769518357.1129978,12.422638893127441,3.9249789714813232,12.80512809753418,3.303760290145874,0.7295277714729309
1769518357.1330307,12.503222465515137,3.9260361194610596,12.89856243133545,3.302180290222168,0.7385728359222412
1769518357.1528504,12.559635162353516,3.926445722579956,12.874824523925781,3.2749392986297607,0.7237435579299927
1769518357.1735644,12.624110221862793,3.9265809059143066,12.944646835327148,3.2756187915802,0.7256000638008118
1769518357.193027,12.680525779724121,3.9264075756073,13.008599281311035,3.2597079277038574,0.7430480718612671
1769518357.2134607,12.712762832641602,3.9261863231658936,12.997772216796875,3.2836122512817383,0.7029450535774231
1769518357.2329683,12.785294532775879,3.9253642559051514,13.079659461975098,3.275933027267456,0.7130300402641296
1769518357.2529943,12.841704368591309,3.9244141578674316,13.158230781555176,3.297616958618164,0.7021845579147339
1769518357.2729058,12.922282218933105,3.9225852489471436,13.249897003173828,3.292120933532715,0.7105043530464172
1769518357.2929306,12.962567329406738,3.9214627742767334,13.223556518554688,3.2626490592956543,0.7086260914802551
1769518357.3129199,12.994791984558105,3.9204649925231934,13.25760555267334,3.232228994369507,0.7367088198661804
1769518357.332935,13.083395957946777,3.9172637462615967,13.327043533325195,3.2977213859558105,0.6657305359840393
1769518357.3528342,13.147819519042969,3.9145145416259766,13.334085464477539,3.2220678329467773,0.7170617580413818
1769518357.3729167,13.204177856445312,3.911818027496338,13.394600868225098,3.2017064094543457,0.7352002263069153
1769518357.392807,13.276619911193848,3.9079525470733643,13.44393253326416,3.2598466873168945,0.6693539023399353
1769518357.4130037,13.349038124084473,3.9036386013031006,13.522724151611328,3.246227979660034,0.6799673438072205
1769518357.4328423,13.42947006225586,3.898319721221924,13.568981170654297,3.2386369705200195,0.6742731928825378
1769518357.4529183,13.50182819366455,3.8930599689483643,13.647075653076172,3.22361421585083,0.6850213408470154
1769518357.4729335,13.542013168334961,3.889944314956665,13.687455177307129,3.194916009902954,0.7100828886032104
1769518357.4929078,13.598254203796387,3.8853507041931152,13.71295166015625,3.2030210494995117,0.6919026374816895
1769518357.5131226,13.646443367004395,3.881197690963745,13.762100219726562,3.177136182785034,0.7134978175163269
1769518357.5329802,13.71066951751709,3.8753514289855957,13.790773391723633,3.2100601196289062,0.6700963377952576
1769518357.5528197,13.78288459777832,3.868352174758911,13.836848258972168,3.1414127349853516,0.7289395332336426
1769518357.5735533,13.814966201782227,3.865097999572754,13.855937004089355,3.104398012161255,0.761802613735199
1769518357.5930843,13.863073348999023,3.8600516319274902,13.889731407165527,3.1501524448394775,0.710399329662323
1769518357.6130347,13.919171333312988,3.8539133071899414,13.946500778198242,3.1262528896331787,0.7281734347343445
1769518357.6330154,13.975239753723145,3.8475053310394287,14.004415512084961,3.192018508911133,0.6561357378959656
1769518357.652996,14.071285247802734,3.835892915725708,14.108297348022461,3.1812214851379395,0.6557169556617737
1769518357.6728938,14.119271278381348,3.829789876937866,14.111952781677246,3.165433406829834,0.6643968820571899
1769518357.6935704,14.207181930541992,3.818087339401245,14.171120643615723,3.1341161727905273,0.6849210858345032
1769518357.7129593,14.271060943603516,3.809159278869629,14.236162185668945,3.1124699115753174,0.6975629925727844
1769518357.7328708,14.342865943908691,3.7986960411071777,14.310232162475586,3.0908961296081543,0.7085517644882202
1769518357.752978,14.406639099121094,3.78902268409729,14.345185279846191,3.1250898838043213,0.6667706370353699
1769518357.7731848,14.47831916809082,3.777721405029297,14.368974685668945,3.079042434692383,0.7071835398674011
1769518357.7931225,14.518112182617188,3.771251678466797,14.403779983520508,3.0481340885162354,0.732100248336792
1769518357.8128958,14.565834045410156,3.7633073329925537,14.458552360534668,3.1079134941101074,0.6641165018081665
1769518357.8329685,14.613523483276367,3.75516676902771,14.502898216247559,3.079847812652588,0.684319794178009
1769518357.8529255,14.64529800415039,3.7496304512023926,14.52845573425293,3.0480260848999023,0.7112671136856079
1769518357.8730214,14.692931175231934,3.7411625385284424,14.563570976257324,3.0705654621124268,0.6829598546028137
1769518357.8928597,14.740530014038086,3.7324981689453125,14.606552124023438,3.0877366065979004,0.6585344076156616
1769518357.9128597,14.780167579650879,3.725128412246704,14.641270637512207,3.0587379932403564,0.6807117462158203
1769518357.9328585,14.851452827453613,3.711519718170166,14.69288444519043,3.0456366539001465,0.6845029592514038
1769518357.952841,14.898930549621582,3.702202558517456,14.736512184143066,3.017498731613159,0.703703761100769
1769518357.9728177,14.970073699951172,3.6878604888916016,14.786075592041016,3.012866735458374,0.6996228098869324
1769518357.9932072,15.033238410949707,3.674743175506592,14.847694396972656,2.9860737323760986,0.7132264375686646
1769518358.013206,15.11997127532959,3.6561408042907715,14.90902042388916,2.984114170074463,0.7043575644493103
1769518358.0328434,15.190829277038574,3.6404337882995605,14.988933563232422,2.959136724472046,0.7105826139450073
1769518358.0528872,15.277302742004395,3.6206421852111816,15.072990417480469,2.996946096420288,0.6563079953193665
1769518358.0729294,15.347940444946289,3.60396409034729,15.14328384399414,2.9698879718780518,0.666286051273346
1769518358.0928447,15.387139320373535,3.594510316848755,15.147719383239746,2.943943738937378,0.6932236552238464
1769518358.1137035,15.426305770874023,3.5849225521087646,15.179712295532227,2.911881923675537,0.716792643070221
1769518358.1328535,15.465438842773438,3.575200319290161,15.189727783203125,2.961984395980835,0.6723470091819763
1769518358.1530151,15.496721267700195,3.567326068878174,15.212337493896484,2.9313769340515137,0.6966390609741211
1769518358.1728134,15.527982711791992,3.559366226196289,15.267736434936523,2.929861307144165,0.6811788082122803
1769518358.193096,15.559221267700195,3.5513205528259277,15.29092025756836,2.899468421936035,0.7049090266227722
1769518358.2128506,15.606038093566895,3.5390918254852295,15.32968807220459,2.898900032043457,0.6972913146018982
1769518358.2330053,15.676168441772461,3.520388126373291,15.399127006530762,2.8709323406219482,0.7060772180557251
1769518358.253115,15.738409042358398,3.5034000873565674,15.450521469116211,2.870823860168457,0.6950050592422485
1769518358.2738237,15.816078186035156,3.4816856384277344,15.507736206054688,2.8475470542907715,0.7051286697387695
1769518358.2933168,15.85485553741455,3.4706292152404785,15.540017127990723,2.8186240196228027,0.7240400910377502
1769518358.3128283,15.901339530944824,3.457186222076416,15.583075523376465,2.8155388832092285,0.7162423729896545
1769518358.3329663,15.97096061706543,3.436663866043091,15.6514892578125,2.7853689193725586,0.7254289388656616
1769518358.3530898,16.025022506713867,3.420405626296997,15.669821739196777,2.8003876209259033,0.7145553231239319
1769518358.3729541,16.08670997619629,3.401508092880249,15.728276252746582,2.769916534423828,0.726211428642273
1769518358.393214,16.16367530822754,3.377411365509033,15.79763126373291,2.7615795135498047,0.7164051532745361
1769518358.4129083,16.2404727935791,3.352788209915161,15.87429141998291,2.730084180831909,0.7223909497261047
1769518358.4329538,16.317100524902344,3.3276402950286865,15.947880744934082,2.7285408973693848,0.7037349939346313
1769518358.4532409,16.355348587036133,3.3148696422576904,15.978081703186035,2.6972081661224365,0.7237650156021118
1769518358.4728007,16.40118980407715,3.299372434616089,15.982804298400879,2.7086575031280518,0.7238720059394836
1769518358.4930158,16.44696617126465,3.283687114715576,16.007944107055664,2.687333106994629,0.7405254244804382
1769518358.5130992,16.485065460205078,3.270472526550293,16.03729820251465,2.6566498279571533,0.7597849369049072
1769518358.532812,16.523117065429688,3.2571277618408203,16.06669044494629,2.6258721351623535,0.7789798378944397
1769518358.5529733,16.583906173706055,3.2355053424835205,16.142080307006836,2.66049861907959,0.7251504063606262
1769518358.5729258,16.644577026367188,3.213550567626953,16.16777229309082,2.6225533485412598,0.7593543529510498
1769518358.5929456,16.70512580871582,3.1912648677825928,16.223831176757812,2.589293956756592,0.7707223296165466
1769518358.6128192,16.735355377197266,3.1799979209899902,16.243560791015625,2.559072732925415,0.7920910716056824
1769518358.6329467,16.7806396484375,3.162942886352539,16.33298110961914,2.5846285820007324,0.7313320636749268
1769518358.6531148,16.825855255126953,3.145702362060547,16.37162208557129,2.553049325942993,0.7467031478881836
1769518358.6728716,16.863481521606445,3.1311936378479004,16.406787872314453,2.5667529106140137,0.726059079170227
1769518358.6935027,16.938581466674805,3.1017916202545166,16.46060562133789,2.510222911834717,0.7605358362197876
1769518358.7133222,17.01348114013672,3.0718777179718018,16.534589767456055,2.473001480102539,0.7668057084083557
1769518358.7334564,17.095632553100586,3.0383825302124023,16.617143630981445,2.433259963989258,0.7714433073997498
1769518358.7529433,17.125444412231445,3.0260496139526367,16.661375045776367,2.4459989070892334,0.7428449392318726
1769518358.7732275,17.1998233795166,2.9948618412017822,16.70897102355957,2.441575050354004,0.7396366596221924
1769518358.7929618,17.2369327545166,2.9790775775909424,16.72884750366211,2.412290096282959,0.7611818313598633
1769518358.8128912,17.288793563842773,2.9567673206329346,16.777162551879883,2.390933036804199,0.7628474831581116
1769518358.8329854,17.333162307739258,2.9374470710754395,16.814403533935547,2.3577558994293213,0.7779162526130676
1769518358.8529353,17.406932830810547,2.90484356880188,16.865835189819336,2.364715337753296,0.7645429968833923
1769518358.873167,17.451087951660156,2.885040044784546,16.902408599853516,2.331545352935791,0.77936190366745
1769518358.8929505,17.50983428955078,2.8583545684814453,16.949466705322266,2.3096158504486084,0.7843006253242493
1769518358.912958,17.59037208557129,2.821139097213745,17.029491424560547,2.266078472137451,0.7891009449958801
1769518358.93285,17.656057357788086,2.790241241455078,17.11345100402832,2.279568910598755,0.7451233863830566
1769518358.952871,17.736082077026367,2.751929998397827,17.193347930908203,2.235156774520874,0.7494097948074341
1769518358.9728327,17.77960968017578,2.7307801246643066,17.2260799407959,2.212970733642578,0.7579715847969055
1769518358.992993,17.823049545288086,2.7094523906707764,17.262067794799805,2.178645610809326,0.7723059058189392
1769518359.012956,17.851961135864258,2.6951351165771484,17.284086227416992,2.1713812351226807,0.7725279927253723
1769518359.032897,17.86640167236328,2.6879467964172363,17.28548812866211,2.14650821685791,0.7941144704818726
1769518359.0531948,17.90966796875,2.6662638187408447,17.347265243530273,2.1434431076049805,0.7678782343864441
1769518359.072933,17.974397659301758,2.6334080696105957,17.389863967895508,2.1304922103881836,0.7711054086685181
1769518359.093214,18.010271072387695,2.614983081817627,17.416730880737305,2.098583459854126,0.7867393493652344
1769518359.1128037,18.088972091674805,2.5740180015563965,17.474184036254883,2.091944932937622,0.781254768371582
1769518359.1332226,18.138893127441406,2.547642230987549,17.51752281188965,2.05491042137146,0.7930232286453247
1769518359.1528435,18.202892303466797,2.513380765914917,17.57529067993164,2.0654704570770264,0.7710439562797546
1769518359.1732883,18.23126983642578,2.4980273246765137,17.59259796142578,2.0367162227630615,0.787850558757782
1769518359.1934853,18.280826568603516,2.4709725379943848,17.654216766357422,1.9947504997253418,0.7870368361473083
1769518359.2128386,18.34435272216797,2.435840368270874,17.706090927124023,1.9548335075378418,0.7992161512374878
1769518359.232787,18.393611907958984,2.4082460403442383,17.768165588378906,1.953253984451294,0.7734344601631165
1769518359.2529721,18.463754653930664,2.368417978286743,17.83645248413086,1.906696081161499,0.7789062857627869
1769518359.2733023,18.491735458374023,2.3523528575897217,17.848058700561523,1.9250715970993042,0.7725857496261597
1769518359.2931657,18.589319229125977,2.2955243587493896,17.94921875,1.865944504737854,0.7708873748779297
1769518359.313157,18.589319229125977,2.2955243587493896,17.931055068969727,1.9007441997528076,0.7675698399543762
1769518359.3330445,18.693267822265625,2.2336044311523438,18.0396785736084,1.837846279144287,0.7640694379806519
1769518359.3529346,18.713979721069336,2.221092700958252,18.072675704956055,1.8370028734207153,0.7475279569625854
1769518359.3730953,18.810302734375,2.1621453762054443,18.172744750976562,1.7762306928634644,0.7452586889266968
1769518359.3931715,18.817161560058594,2.157899856567383,18.165407180786133,1.758400559425354,0.7644497752189636
1769518359.41298,18.892414093017578,2.1108882427215576,18.264066696166992,1.7501872777938843,0.724517822265625
1769518359.433259,18.91969108581543,2.093653440475464,18.269161224365234,1.7270725965499878,0.7467061877250671
1769518359.4528084,19.008012771606445,2.0371289253234863,18.36016082763672,1.6684205532073975,0.7454248666763306
1769518359.47329,19.028324127197266,2.0239739418029785,18.36107635498047,1.7091848850250244,0.7377743721008301
1769518359.4929247,19.116024017333984,1.9664907455444336,18.45117950439453,1.6505796909332275,0.7360830903053284
1769518359.5130332,19.14290428161621,1.9486476182937622,18.49675750732422,1.6502741575241089,0.7117109298706055
1769518359.5329268,19.229930877685547,1.890152931213379,18.586610794067383,1.5909969806671143,0.7094743847846985
1769518359.553006,19.24327278137207,1.8810853958129883,18.580110549926758,1.6182891130447388,0.7133340835571289
1769518359.5728872,19.329694747924805,1.821704387664795,18.66920280456543,1.5590054988861084,0.7108163237571716
1769518359.5928526,19.34956169128418,1.8078924417495728,18.679636001586914,1.6000865697860718,0.701417088508606
1769518359.612805,19.40240478515625,1.7708624601364136,18.683216094970703,1.6270160675048828,0.7334346175193787
1769518359.6329703,19.422168731689453,1.7569019794464111,18.691131591796875,1.6072299480438232,0.7462025880813599
1769518359.6529415,19.4943904876709,1.7053685188293457,18.762338638305664,1.556650161743164,0.7470055818557739
1769518359.6731439,19.507478713989258,1.695940613746643,18.842329025268555,1.559735655784607,0.6789519190788269
1769518359.6929584,19.605236053466797,1.624664306640625,18.94607925415039,1.4933565855026245,0.6721085906028748
1769518359.7132878,19.618213653564453,1.6150853633880615,18.93967056274414,1.5257645845413208,0.6843970417976379
1769518359.7328343,19.702255249023438,1.5523916482925415,19.031984329223633,1.4397190809249878,0.6796741485595703
1769518359.752925,19.721569061279297,1.5378180742263794,19.040910720825195,1.4201749563217163,0.6907505393028259
1769518359.7729561,19.80491828918457,1.4742107391357422,19.127473831176758,1.3605855703353882,0.6869084239006042
1769518359.7929091,19.8304500579834,1.4544907808303833,19.120153427124023,1.4150304794311523,0.7113928198814392
1769518359.8129878,19.906719207763672,1.394913673400879,19.22462272644043,1.3679986000061035,0.6826263070106506
1769518359.832838,19.938352584838867,1.3699058294296265,19.248729705810547,1.3417067527770996,0.6901993155479431
1769518359.8533242,20.007644653320312,1.314509391784668,19.292404174804688,1.3348748683929443,0.715528666973114
1769518359.8728194,20.03273582458496,1.294236421585083,19.308305740356445,1.3134140968322754,0.7246856093406677
1769518359.8928313,20.095224380493164,1.2432546615600586,19.43586540222168,1.264054775238037,0.6596884727478027
1769518359.9129205,20.144962310791016,1.202162742614746,19.482830047607422,1.225744366645813,0.6625528931617737
1769518359.9328532,20.194475173950195,1.160799503326416,19.529726028442383,1.1873705387115479,0.6652793884277344
1769518359.9529936,20.219144821166992,1.1400166749954224,19.585983276367188,1.21253502368927,0.6373012661933899
1769518359.9729187,20.268314361572266,1.098248839378357,19.63884162902832,1.1714075803756714,0.6337108016014099
1769518359.9929326,20.3172550201416,1.0562127828598022,19.685998916625977,1.1335761547088623,0.6359788775444031
1769518360.013068,20.365962982177734,1.0139094591140747,19.711776733398438,1.133141279220581,0.6649613380432129
1769518360.0328052,20.402339935302734,0.9820069074630737,19.74334716796875,1.1043024063110352,0.6702456474304199
1769518360.052806,20.450639724731445,0.9392375946044922,19.81267547607422,1.0973552465438843,0.6572664380073547
1769518360.0733259,20.510683059692383,0.8854039907455444,19.873428344726562,1.0519839525222778,0.6586673855781555
1769518360.0927975,20.546531677246094,0.8529064059257507,19.887853622436523,1.0356855392456055,0.6835670471191406
1769518360.1131968,20.600051879882812,0.8038838505744934,19.94051170349121,0.9946725368499756,0.6865794658660889
1769518360.1328797,20.629653930664062,0.7765064239501953,19.97618293762207,1.0052309036254883,0.6923419833183289
1769518360.1530092,20.66505241394043,0.7435196042060852,20.007051467895508,0.9775853157043457,0.6983922719955444
1769518360.172874,20.712038040161133,0.6993107795715332,20.05234146118164,0.9414166808128357,0.7027188539505005
1769518360.192945,20.75295066833496,0.6604167222976685,20.093149185180664,0.9355940818786621,0.7148850560188293
1769518360.2127652,20.834213256835938,0.5820406675338745,20.2196102142334,0.8816104531288147,0.6837255358695984
1769518360.2329736,20.839988708496094,0.5764124989509583,20.214710235595703,0.8758227825164795,0.6932687163352966
1769518360.2528775,20.926156997680664,0.49151551723480225,20.309934616088867,0.8103296160697937,0.6938103437423706
1769518360.2730658,20.94898796081543,0.46872666478157043,20.333213806152344,0.7915920615196228,0.695284366607666
1769518360.293012,21.022750854492188,0.39423078298568726,20.41352653503418,0.7548627257347107,0.7079612612724304
1769518360.3130744,21.05094337463379,0.3654033839702606,20.43697166442871,0.7324085235595703,0.7152997851371765
1769518360.3329244,21.084644317626953,0.33068281412124634,20.46744155883789,0.7056982517242432,0.7222022414207458
1769518360.3528595,21.09584617614746,0.3190784454345703,20.506141662597656,0.7135891914367676,0.7095000147819519
