timestamp,delta_x,delta_y,dist_error
1768913291.4682007,-1.0492618124452027,-0.09631933859561492,1.053673462721392
1768913291.487747,-1.0491767577188922,-0.09707609232434855,1.0536582162345114
1768913291.5077581,-0.3314436397946865,-0.10141650928684331,0.3466124560893308
1768913291.5277433,-0.33014202372360657,-0.10387877587823979,0.3460990550496779
1768913291.5478258,-0.30420585149187085,-0.10548974624758767,0.3219771523653109
1768913291.5677643,-0.3028829300911564,-0.10952570819636254,0.3220775529224586
1768913291.5877626,-0.15116368320776563,-0.11486787123747444,0.18985543701344645
1768913291.6080534,-0.20933812172741106,-0.11823519246692893,0.2404204857038021
1768913291.6280172,-0.2078967815778665,-0.12393571467597297,0.24203539650778214
1768913291.647942,-0.2064242089217454,-0.13401141113682247,0.24610975670186433
1768913291.6679533,0.011790790162364173,-0.13171792611737843,0.13224460213300226
1768913291.6879044,0.034344653370295575,-0.13269421821541538,0.13706681131085685
1768913291.7077641,0.03653227459044528,-0.14162865828178894,0.14626443153908417
1768913291.7280133,0.030590393703774144,-0.14304867200397542,0.14628292705935592
1768913291.747847,0.032728075477520546,-0.15376562327767918,0.1572100309345286
1768913291.767736,0.01665966237139127,-0.15577083717314988,0.1566591780393116
1768913291.7885556,0.018794607891264414,-0.17062207643825023,0.17165410060317954
1768913291.8078356,0.5497775236189804,-0.18608712440219044,0.5804168703138244
1768913291.8293068,0.43059274080977694,-0.18324270400684206,0.46796153368606574
1768913291.8478856,0.4347707650531272,-0.2065378598880816,0.48133512827553976
1768913291.8678293,0.30561633244341446,-0.19454626465335512,0.36228385521126516
1768913291.8878303,0.3091498911711801,-0.22784470167335336,0.38404018447523414
1768913291.907793,0.3625361920053094,-0.22089860861992872,0.42453349196963364
1768913291.9283822,0.36657328158709745,-0.258552804026019,0.4485816795671112
1768913291.9478264,0.42566590936957716,-0.2555381376666155,0.4964788074042549
1768913291.9678485,0.43003481316883563,-0.2799711390072934,0.5131410909430237
1768913291.9877462,0.49890858549389905,-0.26995363435738895,0.5672607349202711
1768913292.0077975,0.5038378243423687,-0.2913261459186076,0.5819995502866315
1768913292.0283673,0.6991274024895631,-0.3171291169055781,0.7676913453342531
1768913292.048049,0.7056795005911822,-0.3300873379096103,0.7790643158320587
1768913292.0678082,0.5178727140799577,-0.31323885362712023,0.6052360922897561
1768913292.0878832,0.51569919417773,-0.2713812769729964,0.5827464769237599
1768913292.1078405,0.5203940762575465,-0.3110107683857999,0.6062488702305934
1768913292.1278782,0.5250981812401359,-0.34667542115384986,0.6292153427674009
1768913292.1477985,0.6014682524886155,-0.4077625801559357,0.7266597419199269
1768913292.1678305,0.6069487518601342,-0.42863431297009225,0.7430438490694327
1768913292.1878462,0.6044040010848626,-0.42870222616724085,0.7410059346915777
1768913292.2078147,0.5594018822234481,-0.4172019943068621,0.6978452334785697
1768913292.2278519,0.5641810363200612,-0.4521666028348985,0.7230178963638667
1768913292.2479978,0.5806248611223348,-0.44530525971614754,0.7317253608316416
1768913292.2678146,0.5855091610117633,-0.5030546685132311,0.7719358633601989
1768913292.2877321,0.5660685399747147,-0.48913321711228264,0.7481209100350803
1768913292.3082504,0.570764373754229,-0.5051169845492387,0.7621778915890784
1768913292.327745,0.5705378290114549,-0.5021544100020972,0.760047673384807
1768913292.3477874,0.5750828161743755,-0.5182912063635721,0.7741744119078449
1768913292.3677335,0.5666313372874303,-0.5629333208257368,0.7987271099017695
1768913292.387728,0.5710082955289584,-0.6198539646035126,0.8427748281703594
1768913292.407906,0.5520841815240793,-0.5755618481336482,0.7975389548580892
1768913292.428739,0.5562820818686818,-0.6472041500523611,0.8534184005827118
1768913292.4483767,0.5333655919984508,-0.6539572526010193,0.8438832519711073
1768913292.4679673,0.5608801569110542,-0.6337381956858996,0.8462922964837789
1768913292.4878044,0.5648384983727313,-0.6791503632136315,0.883338975194217
1768913292.507953,0.5688379060549855,-0.7324742555996782,0.9274131217970356
1768913292.527821,0.5487505937101878,-0.6957886413476526,0.8861427918375774
1768913292.5479133,0.5523896087759488,-0.7399355675302539,0.923384494119305
1768913292.5678835,0.5560204382611824,-0.7841172196003106,0.9612484287830483
1768913292.5877793,0.516882962061048,-0.6826912990679936,0.8562916595951099
1768913292.6079078,0.519889435404447,-0.7167752276163357,0.8854669683108481
1768913292.6277544,0.5119831494338083,-0.7106539660582296,0.8758743087786355
1768913292.6478312,0.5147999179994545,-0.7523362565992446,0.9116078096232005
1768913292.6678128,0.5063378971660539,-0.7419492951268181,0.8982576593860604
1768913292.6884959,0.5090481127912698,-0.7739773038973237,0.9263751119738287
1768913292.7080598,0.4991623558817557,-0.800717999248155,0.9435636554305136
1768913292.7283738,0.5016343486592185,-0.8238700341544405,0.964571849543826
1768913292.7477772,0.5352852266574262,-0.7799450866360891,0.9459622677704795
1768913292.7677736,0.5329828216395842,-0.7361763939059092,0.9088599293110029
1768913292.7877522,0.5358445254920698,-0.8047613616276648,0.9668351486518447
1768913292.8079803,0.5325513111407782,-0.7726212726412784,0.9383786708656536
1768913292.8278239,0.535293970682378,-0.8079502512114098,0.9691868981169147
1768913292.8479815,0.5276744896318166,-0.7314143249054785,0.9018909477786852
1768913292.8682687,0.5302961152845918,-0.7647997603214836,0.9306624754838501
1768913292.8881567,0.5162924038934371,-0.7851806220266422,0.9397161568921802
1768913292.9078903,0.5185354109585762,-0.8276335999136206,0.9766556957925134
1768913292.927774,0.5208142085269167,-0.877768199920848,1.0206490349751987
1768913292.9481564,0.5212148425422134,-0.8434943304387525,0.9915379960287068
1768913292.9678242,0.6267918453320076,-1.1563686950997267,1.3153161507338638
1768913292.9878316,0.630905204535148,-1.2345764491478914,1.3864416272963507
1768913293.007995,0.6349939312097854,-1.2406741244661497,1.3937322468082256
1768913293.0284455,0.6374458578000091,-1.2949249559830949,1.4433183513190047
1768913293.047825,0.6464122740055176,-1.238746753159215,1.3972624472329747
1768913293.0678425,0.6505779856537892,-1.3152935822919902,1.467395285202947
1768913293.0879095,0.654645237320181,-1.2361488791152753,1.398793922664789
1768913293.1077695,0.6588055437280875,-1.3188430598193754,1.4742359922619561
1768913293.1279287,0.6596300999665832,-1.2253329233403898,1.3916007479891026
1768913293.1480827,0.6637436371840524,-1.274281984297338,1.4367846712041008
1768913293.16784,0.6701159616765595,-1.258808641259479,1.4260626204354547
1768913293.1881833,0.6872767777384687,-1.210921374636571,1.3923648748694775
1768913293.2079844,0.6916428507426495,-1.2258800753827122,1.4075339399828848
1768913293.2279377,0.7086851077503029,-1.2071575838083923,1.3998085633732829
1768913293.2477322,0.7132675573137353,-1.2771390241001566,1.4628173827227384
1768913293.2678816,0.6989689235213163,-1.2297523877293441,1.4145135174944674
1768913293.2880256,0.703234030768134,-1.290015044730858,1.4692436549675327
1768913293.3078263,0.7074678622708241,-1.3103790909509736,1.4891622269408895
1768913293.3277938,0.7117225308544013,-1.378707859111226,1.5515747876595747
1768913293.3477817,0.7023260513164573,-1.2418359958710816,1.4266809464624135
1768913293.3679492,0.7063580469902542,-1.2675159065350265,1.451047298976569
1768913293.387919,0.704972076787441,-1.2164420445034048,1.405957636874462
1768913293.4077604,0.7088717163156952,-1.2497060526131878,1.436754790536783
1768913293.4278293,0.7303177786562984,-1.24103160661129,1.4399734394875727
1768913293.4479105,0.7345722240854329,-1.290034176043081,1.4845149132821032
1768913293.4679482,0.7262934901734248,-1.239173748639053,1.436333461694901
1768913293.487846,0.7302839987896885,-1.3111759119463362,1.5008320995223163
1768913293.5079098,0.7250553988052457,-1.2101003969390076,1.410690718055725
1768913293.5277936,0.7288653597706185,-1.2723101124733969,1.4662938774255387
1768913293.547853,0.773695647066003,-1.2194895003482882,1.4442159103640282
1768913293.5678055,0.7782654745784248,-1.256096677420797,1.4776589633431478
1768913293.5876784,0.776713050235099,-1.2215711810522996,1.447590865121434
1768913293.608248,0.7812272834711358,-1.2241869588206076,1.4522223585202572
1768913293.6276467,0.8021263982217237,-1.1999460441482188,1.443356251100578
1768913293.6482382,0.8069784418274801,-1.2015200636273953,1.4473647324960932
1768913293.6678276,0.7979217423251277,-1.1414317276731751,1.392675660666954
1768913293.687858,0.8024441893752621,-1.1507003905373885,1.4028642364266828
1768913293.7077641,0.8289201032627973,-1.148376875268004,1.4162902192854088
1768913293.727904,0.8307244725996605,-1.1088954296473008,1.3855512344437704
1768913293.7480252,0.8356333239270515,-1.116716280452469,1.3947538503567467
1768913293.7679274,0.853872102430389,-1.0909529937675093,1.3853793711179563
1768913293.7878172,0.8589864734405237,-1.1222420378025482,1.413253322290453
1768913293.8077896,0.8513469570269512,-1.091663670260735,1.3843847767893824
1768913293.8278024,0.8562452477267355,-1.1217345585927978,1.4111854393367291
1768913293.8479106,0.8576487243466846,-1.124078798574679,1.4139004490340148
1768913293.8677979,0.862446240340653,-1.1216168478962822,1.4148631986741753
1768913293.887886,0.8870649057984801,-1.1367034254581996,1.4418664378324615
1768913293.907893,0.8922435321314937,-1.1657510980209826,1.468017078636216
1768913293.9277608,0.8897336967844935,-1.0819712146269858,1.4008168190292392
1768913293.947989,0.9096712446628241,-1.0524999055319135,1.3911354443443307
1768913293.967766,0.9149631150592141,-1.0393243305108495,1.3846850060250837
1768913293.987777,0.8952167307028998,-1.0456185985561486,1.3764923714198027
1768913294.0081239,0.900120120851359,-1.0477326652440868,1.3812892418972005
1768913294.0278988,0.8886447632880348,-1.027127973621106,1.3581904835163023
1768913294.0478916,0.8932015315469759,-1.0525341976775522,1.3804481928846848
1768913294.0679035,0.8977437474062009,-1.078108273675263,1.4029473567365185
1768913294.0878549,0.8590982438171664,-0.9848027890637414,1.3068612496655732
1768913294.1078458,0.774467342660135,-0.7854378136779752,1.103046791392953
1768913294.127827,0.776516158795322,-0.7958772383143415,1.1119343161073432
1768913294.1477942,0.7782236903170592,-0.6855980053194553,1.0371483679149853
1768913294.1679175,0.7802654611901847,-0.6616634021548979,1.0230408827009436
1768913294.187735,0.7813016735961633,-0.6967340898065546,1.0468384293016444
1768913294.207894,0.7833224963207626,-0.6735165112482422,1.0330627397047067
1768913294.2277708,0.8034733444354143,-0.6047723646166483,1.0056435890623687
1768913294.248735,0.8059310428545579,-0.5700221127939114,0.987142368106379
1768913294.2677581,0.824999107183906,-0.6748267959055896,1.0658399182459093
1768913294.2880583,0.8246762157745662,-0.6111748062060836,1.026462617246874
1768913294.3077395,0.8272916348259514,-0.6435540144008797,1.0481284360728331
1768913294.3278267,0.7952149415751575,-0.5820966577989566,0.9854964851916503
1768913294.3480358,0.7972117587050338,-0.5876768099474916,0.9904093200125054
1768913294.367917,0.7991576771040958,-0.6108154404908558,1.0058570948283123
1768913294.3877962,0.7860166856032118,-0.6306831095206218,1.007761586230225
1768913294.4078467,0.7560062755380816,-0.5385771984254184,0.9282299754461361
1768913294.4277685,0.7570764198998845,-0.5267752840771239,0.9223106339422532
1768913294.4481103,0.7581528640801038,-0.5065716783335508,0.9118172133725788
1768913294.4677708,0.862573876157553,-0.43370350780445865,0.9654700536585056
1768913294.4877467,0.8730309023541105,-0.4619313034462045,0.9877061737018464
1768913294.507927,0.8762065836863262,-0.4340831858087222,0.9778375066937822
1768913294.527831,0.8306157793757187,-0.5034228563590775,0.9712657438892124
1768913294.548202,0.8328692968874201,-0.4607670542564317,0.9518285265665739
1768913294.5678997,0.8275218483376265,-0.4922579604768966,0.9628656755378684
1768913294.5880692,0.8296288404856036,-0.5065990384371701,0.9720733504787344
1768913294.6082053,0.8506599596640008,-0.4913946564847407,0.9823904902824109
1768913294.627732,0.8513943926478991,-0.4280934480415137,0.9529619153399348
1768913294.6477654,0.8538126863835993,-0.42461727380360936,0.9535700984416342
1768913294.6678507,0.8216243908287002,-0.4408846019244632,0.9324408141103246
1768913294.6878338,0.8233878752999433,-0.45354609742604346,0.9400381139514232
1768913294.7077985,0.8741362616743495,-0.36218622007029366,0.9461992718147769
1768913294.728121,0.8768415100427387,-0.3812144764779324,0.9561252589542723
1768913294.747997,0.8691436197513978,-0.39101281156985457,0.9530486087111847
1768913294.7681973,0.8716659104309146,-0.385601532456187,0.9531474184195827
1768913294.7878122,0.8278853018043857,-0.33553490904254835,0.8932960025265589
1768913294.8079286,0.8294978900057912,-0.33784884091332756,0.8956609787361167
1768913294.8281603,0.8311205414263285,-0.3477255579565117,0.9009297519989896
1768913294.8477879,0.8326935289715738,-0.3435351787491596,0.9007746289884891
1768913294.867817,0.8448506879051836,-0.35758862448042184,0.917410654620744
1768913294.8877878,0.8466482349362001,-0.36034024122847175,0.9201403823162944
1768913294.908045,0.8667833807767993,-0.4316110924567056,0.9682982827220797
1768913294.9279094,0.8689157680930986,-0.43582066994932944,0.9720875826775599
1768913294.9478753,0.8875716304089614,-0.4045497653075145,0.9754198643236599
1768913294.9679956,0.8900450419552091,-0.4076750393976254,0.9789683929815637
1768913294.9876995,0.8767005986617162,-0.3884893952379693,0.9589201999677422
1768913295.0078797,0.8671950763500309,-0.37037476061379504,0.9429765446422631
1768913295.027824,0.8691228161937237,-0.3576821912652326,0.9398462744389678
1768913295.0481474,0.8741509562274685,-0.3264868620264654,0.9331310547555932
1768913295.0678256,0.8761143768677646,-0.29843989759300893,0.9255499845117588
1768913295.0878968,0.8749469345748946,-0.3391496555590203,0.9383787226849333
1768913295.1082716,0.8769324781688514,-0.3332145477509023,0.938105807518641
1768913295.1283739,0.8647718122618084,-0.36550813247323166,0.938843161655152
1768913295.148023,0.8664004844602542,-0.3942630978762738,0.951889273928412
1768913295.1678145,0.8448213148739396,-0.29873545438021054,0.896083660027948
1768913295.187835,0.8460318347689497,-0.31766234632565293,0.9037030661205231
1768913295.207951,0.8472566357574072,-0.2884496378246886,0.8950122906397172
1768913295.227753,0.8270711560738493,-0.3105404365156508,0.8834489571676818
1768913295.2477582,0.8567052231610355,-0.3223288698840445,0.9153358617207811
1768913295.267754,0.8580632902518306,-0.34173920913566436,0.9236115509988313
1768913295.2877936,0.8275325696024536,-0.30349042044501306,0.8814287203482369
1768913295.3079767,0.803380558571652,-0.23225778175292877,0.8362798569113635
1768913295.3278475,0.803641564834759,-0.24182028716269688,0.8392358524357199
1768913295.3477962,0.8522885774493703,-0.24738850339639917,0.8874665576028098
1768913295.367789,0.8534877773857565,-0.23196680757292754,0.8844489730687997
1768913295.3879182,0.8201433966030247,-0.22938580044568546,0.8516178934461477
1768913295.4079278,0.8206746914383676,-0.22263646109694202,0.850337546493879
1768913295.4281385,0.8375950959759462,-0.23734465973409868,0.870573392832132
1768913295.4479134,0.8384354049095397,-0.22382670571494145,0.8677973970904884
1768913295.467774,0.8348397632921698,-0.22116724049174286,0.8636390326059021
1768913295.4877057,0.8356073814260412,-0.1913187783605963,0.8572295905106616
1768913295.507798,0.8469247972527696,-0.22215254626984482,0.8755760195527402
1768913295.5278337,0.8478775494379778,-0.24104184099164527,0.8814746212736881
1768913295.5483258,0.8569404382379648,-0.17275258610996858,0.8741798274354982
1768913295.5678778,0.8580107780488604,-0.20039121625734868,0.8811010922709778
1768913295.5883095,0.8591445654494527,-0.2088626029129843,0.8841679542015284
1768913295.6080022,0.839098925519177,-0.1482713974133718,0.8520982420462745
1768913295.6278722,0.8443573128858501,-0.1608990429408692,0.8595509140493663
1768913295.6484714,0.8100243365716688,-0.07698788695764769,0.8136747265194955
1768913295.667862,0.8101430181516331,-0.05373991894616914,0.8119234500543621
1768913295.6879032,0.8811691426168389,-0.015246557532470284,0.8813010356380423
1768913295.7078986,0.8826386025673378,0.00199829352873504,0.882640864632411
1768913295.7278492,0.8841254418027864,0.02750717170273731,0.8845532439248958
1768913295.7478886,0.8625222968343402,-0.06721870459498369,0.8651375999133394
1768913295.7677999,0.8954383573829421,-0.019258874851927565,0.8956454410832579
1768913295.7877731,0.8970924252072843,0.00444237497769695,0.8971034243941606
1768913295.807751,0.8715640731982819,0.030620391453052953,0.8721017956997441
1768913295.8277879,0.8726793346111439,0.007059248456887879,0.872707885862231
1768913295.8479552,0.8573880632977284,-0.029358224196645466,0.8578905503695737
1768913295.8680692,0.8581807920984148,-0.05419412201067253,0.8598902690385386
1768913295.8878424,0.8338174685166058,-0.03962916099133995,0.834758672434326
1768913295.9080963,0.8461250895998023,-0.044302760896306026,0.8472841329054314
1768913295.927948,0.8466658620283543,-0.052486031635685215,0.8482911442665652
1768913295.9478137,0.8472229742210122,-0.036527881642497206,0.8480100554741
1768913295.9678118,0.873206150871801,0.12057460900791295,0.8814914737294727
1768913295.9877617,0.8840650966100303,0.09870163025705736,0.8895578153551926
1768913296.007725,0.8853064069282377,0.1325330293478233,0.8951717366049363
1768913296.027912,0.913141819596561,0.1730751223228113,0.9293992579420185
1768913296.047876,0.9148826661031895,0.20686521066538432,0.9379784155937245
1768913296.0677524,0.879157323010415,0.08732105183505112,0.8834832000080245
1768913296.0879653,0.8801950445607523,0.1116152014630023,0.8872436360250386
1768913296.1077716,0.974325818916769,0.25104948200411226,1.006149414263292
1768913296.1279001,0.9771407694870631,0.253308888079693,1.0094401795916093
1768913296.1478043,0.8658601628110543,0.12428411484169466,0.874734452702744
1768913296.1677573,0.8664597638617562,0.10777850496253905,0.8731372907643621
1768913296.187764,0.8937118688013548,0.18390213358859153,0.9124367918792218
1768913296.2078068,0.8947997100973033,0.14467581283386188,0.9064202182262688
1768913296.2279537,0.8823074451330133,0.15183945089761597,0.8952774131999728
1768913296.248908,0.8532978397182649,0.21330024853437468,0.8795534090052086
1768913296.267784,0.853562232052905,0.22012303251749543,0.8814888731185639
1768913296.2878046,0.9346295972891574,0.3585868559870562,1.0010579490796596
1768913296.3079078,0.9364756491500001,0.3871007085651996,1.013327982453161
1768913296.3277915,0.9383091037427542,0.40748146574029676,1.022968777181587
1768913296.3477495,0.9210573687515011,0.37856461544043807,0.995820186878638
1768913296.3678997,0.9127868201310669,0.3763134992629942,0.9873153643758129
1768913296.3877823,0.9140826617357001,0.41079137548401956,1.002146030605258
1768913296.4077926,0.9265300550118731,0.4451721282790233,1.0279280940984052
1768913296.4282317,0.9280106013738547,0.41728806533709406,1.0175131476964012
1768913296.4479659,0.906779412055889,0.4316260852674114,1.0042658908932904
1768913296.4678454,0.9078190906672694,0.441944253119658,1.0096782775941258
1768913296.4878716,0.9521852300360409,0.4052352573652698,1.0348296121152916
1768913296.5077653,0.9540323399024071,0.40240677464180497,1.0354269254067534
1768913296.5278168,0.979150721738526,0.47078315536992044,1.086449683722691
1768913296.5483105,0.9814988049746511,0.4876630764256147,1.095972253424129
1768913296.5678163,0.9558209577621524,0.5291185942550642,1.0925018032405318
1768913296.5876946,1.0011029025121696,0.5711842469806152,1.1525877256925405
1768913296.607775,1.0036949493679295,0.5793763259256153,1.158913490485703
1768913296.627813,0.9186685363774134,0.5469036043459674,1.0691377049643462
1768913296.648061,0.9195932361785786,0.569661056513536,1.0817418542949648
1768913296.6678135,0.9313853687710305,0.6069505522909688,1.111695856827334
1768913296.6879325,0.9325339861322586,0.6434163201862875,1.1329625750102175
1768913296.7078605,0.9336495686659636,0.6622679821480713,1.144683535851118
1768913296.727692,0.9774937400045369,0.6439979702945458,1.1705671264355377
1768913296.7476773,1.0601297894516828,0.4073699787805207,1.1357048340543907
1768913296.7678533,1.0636554278050618,0.4420986377273728,1.1518741574406328
1768913296.7877667,1.0958808932528104,0.43180507524433054,1.1778839311253633
1768913296.8077793,1.0999223289911109,0.45180752239011124,1.1891001501562097
1768913296.827817,1.1059153521077651,0.44909384494213356,1.1936222382280548
1768913296.847831,1.1099555500561964,0.452631729522853,1.1986979626542305
1768913296.8678393,1.0911559154515929,0.46341656126281805,1.1854856140323504
1768913296.887928,1.0948247961326363,0.5019729756058133,1.2044161251267864
1768913296.9078138,1.0695012316903112,0.5133211136760529,1.1863100144282337
1768913296.928093,1.069133182820384,0.541226539002011,1.1983204617829657
1768913296.9478776,1.0721498120755357,0.5843070978943032,1.2210323518168016
1768913296.9677947,1.0809266306951515,0.5453004183684973,1.2106836610852691
1768913296.98778,1.0840766268784001,0.5807892943213755,1.2298529738722312
1768913297.0078793,1.1040464686396487,0.5660257865940546,1.2406868243054316
1768913297.0277507,1.1074864009921686,0.5872883342550992,1.2535683930024382
1768913297.047755,1.0414768360163813,0.6189100709584459,1.211496461361931
1768913297.0680015,1.043596758995269,0.6368289184605693,1.2225568562537645
1768913297.0879686,1.045746221750866,0.6813051688687146,1.2481033184129586
1768913297.1078923,1.0800101366132737,0.5896160981812635,1.2304751271041279
1768913297.1278512,1.0826379616537536,0.6221651595089561,1.2486770766377506
1768913297.1479197,1.0853925798563904,0.6504225699748325,1.2653563023670356
1768913297.1682308,1.088149467903582,0.6876279387746038,1.2872068391219256
1768913297.1878347,1.0763325566985291,0.6565233379795501,1.2607595591233893
1768913297.2077734,1.0625534782735615,0.7037652016863927,1.2744823864204373
1768913297.2277727,1.0647237430251313,0.7448842140356131,1.2994187705589368
1768913297.2479248,1.0669107207511144,0.7908058784341101,1.3280332915328619
1768913297.267777,1.0696685363534397,0.7462953814736526,1.3042804813664177
1768913297.2877924,1.0877005622673925,0.766879886266512,1.3308633562905474
1768913297.3081956,1.0901969084652314,0.7955391300981436,1.3495969052811507
1768913297.3278947,1.060960821565475,0.8104876895561652,1.3351135381753039
1768913297.3476717,1.0627856716276967,0.8415805997312003,1.3556442341783705
1768913297.3683693,1.050613286893164,0.8457554868120116,1.3487366763268063
1768913297.3878992,1.0521430378431986,0.8785549478550543,1.3707165164549933
1768913297.4078023,1.0361847557325061,0.8808786549670877,1.360009578197543
1768913297.4278169,1.037427158229248,0.9205326022147169,1.3869518305881468
1768913297.4478076,1.0356088734410664,0.929278571463314,1.391418126276488
1768913297.4679043,1.0368233985222655,0.9752615523259323,1.423424692482341
1768913297.4878316,1.039322639871705,0.9567535973583379,1.412646097155268
1768913297.5078175,0.9987573487164507,0.814628120199135,1.2888503465625054
1768913297.5279036,0.999184746872722,0.8571663213476537,1.3164741778081994
1768913297.5478117,0.9797247557155566,0.8439895262109243,1.2931275719416269
1768913297.567881,0.9797609890669785,0.886785766825609,1.3214842382495477
1768913297.5881476,0.974248564874203,0.8533412888249963,1.295126102498498
1768913297.6077795,0.9741836178506793,0.8939885666063887,1.3222137794288729
1768913297.6277912,0.9783580970666053,0.8616075238538627,1.3036687045631545
1768913297.6479006,0.9783788149336163,0.9015366061649228,1.3304109732583669
1768913297.6682284,0.9889002793757538,0.8512556676696867,1.304821817065153
1768913297.68793,0.9891108008420739,0.8888438191205594,1.3298058170767906
1768913297.7078333,0.9695083807964693,0.8478582014262948,1.287947992024687
1768913297.727986,0.9693418822169546,0.8846257401531243,1.3123209915113647
1768913297.7477374,0.9226863210531322,0.8627222672978654,1.2631863510781507
1768913297.7681096,0.92162645529671,0.8988003842145265,1.2873373504124546
1768913297.787749,0.9218588419883751,0.848777849977818,1.253095193177723
1768913297.8078172,0.9208432365790442,0.8827889610398216,1.2756443924884149
1768913297.8283925,0.9051320203174122,0.8523377939580765,1.2432794091487243
1768913297.8477747,0.9038638331142375,0.8840757991971682,1.264341665665604
1768913297.8678892,0.9025458688586139,0.9169825038179447,1.2866413477352487
1768913297.887881,0.8597891455717732,0.8430256973681178,1.2041302675649512
1768913297.9079278,0.8813214223136725,0.6235830324757661,1.0796218077737532
1768913297.9281487,0.8796933159411615,0.6492978038391168,1.0933654321323023
1768913297.9477782,0.8666206157849639,0.5843973530487094,1.0452519112414231
1768913297.9679058,0.8331656200176414,0.6015953612241685,1.027658469057604
1768913297.9877691,0.8307168507268172,0.6254149636823261,1.0398241980639067
1768913298.0079188,0.812050168435174,0.5437358951945779,0.9772789774566132
1768913298.0277133,0.809274425683248,0.5656248075621626,0.9873482258021657
1768913298.0477695,0.7683137118781218,0.5115031263202674,0.9230067215873051
1768913298.0677764,0.7648174804318437,0.5319862492453886,0.9316411045892568
1768913298.087861,0.7911826662744053,0.6033606423046098,0.9949945105855148
1768913298.107953,0.7882355741938583,0.6248408853714089,1.0058535939471747
1768913298.127983,0.780246347989443,0.5631890834201663,0.9622714311640506
1768913298.1486006,0.7771066875081041,0.5837400970762836,0.9719296809463362
1768913298.1686027,0.7790848034147815,0.5271454463317333,0.9406675568446756
1768913298.1879559,0.7762187710590613,0.5449542471863786,0.9484148417601403
1768913298.208222,0.7509287129068336,0.5189227090123207,0.9127840433512187
1768913298.228727,0.7474767114666465,0.536708718775829,0.9202052396041789
1768913298.2476928,0.7442802722854143,0.553413750828831,0.9274804058952868
1768913298.2677352,0.7195403828666729,0.5028408810931353,0.8778310283160643
1768913298.2877624,0.7157658638580611,0.5189330312662719,0.8840883795207796
1768913298.3077826,0.6568808592756987,0.5298977719745768,0.8439692601193487
1768913298.3277714,0.661164480776488,0.5182494022161439,0.8400719692608685
1768913298.3479142,0.6564944518452744,0.5337906776357144,0.8461190535819546
1768913298.3679125,0.6351149830039962,0.5240627963757944,0.8234153606664038
1768913298.387733,0.6301580142462442,0.539048883902856,0.8292604067213655
1768913298.407775,0.6628862141502334,0.5034127863003626,0.8323716515602412
1768913298.4278378,0.6586449159543166,0.5174707466957322,0.837609156467566
1768913298.447794,0.6385461615885728,0.5082384656894625,0.8161173558293432
1768913298.4682968,0.6198551412157958,0.5128873618477456,0.8045333069766561
1768913298.4878187,0.6151184961484963,0.5258854861544098,0.8092751749879935
1768913298.5077279,0.6103136966179954,0.5392291773401823,0.8144021819558763
1768913298.5278306,0.6134573839260042,0.5009306854017108,0.7919984302196341
1768913298.547799,0.5986325068538032,0.5037950996025948,0.7824131777045024
1768913298.5678482,0.593770466461014,0.515992328874848,0.786645695531997
1768913298.587755,0.577809766887279,0.5075549879381445,0.76907489394156
1768913298.6078584,0.572710319656331,0.5194755925485541,0.7732088990011227
1768913298.6279697,0.5676032993585292,0.5313417629884452,0.7774944209049717
1768913298.647938,0.5963029894319596,0.48640426995581976,0.769523468801794
1768913298.6677473,0.5918793805726341,0.48567696159949314,0.7656391527185379
1768913298.6881464,0.5874216465397377,0.4962915891183872,0.7690055476088001
1768913298.7077622,0.5784151461202203,0.48575529787386884,0.7553292597760309
1768913298.727885,0.5543240316138371,0.4869595517241656,0.7378378799167326
1768913298.7478504,0.5493949205238688,0.49678144666297896,0.7406933133530978
1768913298.7677233,0.5758066382267004,0.46361593139526747,0.7392516597677922
1768913298.7878292,0.5714852698602022,0.47262982471961124,0.7416025653149256
1768913298.808079,0.5671603235984646,0.48164921476858247,0.7440811775280349
1768913298.8281395,0.5570078614816343,0.4585883928122687,0.7214991834884383
1768913298.847821,0.550051044384573,0.45550923478302074,0.7141742185217642
1768913298.8682835,0.5454659510623201,0.4640267405637246,0.7161381987623029
1768913298.8877716,0.5472089804631435,0.45344966167142964,0.7106716991476775
1768913298.9078033,0.5428701741925286,0.4613915980333765,0.712453670608566
1768913298.9277704,0.5411478021819762,0.44945045687559215,0.7034533794019769
1768913298.9483187,0.5335803718086563,0.44591670542889617,0.6953773949159009
1768913298.9677715,0.5292864251350444,0.45302689924529105,0.6966903840817943
1768913298.9879472,0.5248880385362809,0.46035513989676957,0.6981649574619443
1768913299.0078099,0.5278071488193674,0.44418522844050123,0.6898412161574359
1768913299.0278053,0.5652812113625036,0.6138189868065851,0.8344558685057719
1768913299.0481062,0.5618211305389438,0.6238045559001684,0.8395088484833637
1768913299.0678716,0.5732547414302105,0.6418159569036437,0.8605514052677836
1768913299.0880115,0.5700767425577045,0.6519823757342103,0.8660649575368051
1768913299.108016,0.5669404918358172,0.6621389447331865,0.8716934687236196
1768913299.1278348,0.6001728795484225,0.7031619636574131,0.9244697033867547
1768913299.1476972,0.6125168349743155,0.7286450376021865,0.9518930948112001
1768913299.1680193,0.6103178193640741,0.7398693406789718,0.9591112979785271
1768913299.187747,0.5545968283181686,0.6226707709666588,0.8338444285337556
1768913299.2079477,0.5513958559313683,0.6314412136217662,0.8383050734657492
1768913299.227772,0.5687989669612341,0.6541553866093768,0.8668630426118248
1768913299.247843,0.5660128577117218,0.6631062584324603,0.871825937367825
1768913299.2677996,0.5745948719480094,0.6716194958268993,0.8838733020313079
1768913299.287934,0.5720141716940663,0.6805414948055724,0.8890089643929647
1768913299.307769,0.5709433400579498,0.6726638884261149,0.8822998381214112
1768913299.3289342,0.5682445422783076,0.6816393515698671,0.8874311609571033
1768913299.3477743,0.5635038355978861,0.6695953510904094,0.8751539904127833
1768913299.3679905,0.5608872742376656,0.677821395457407,0.8797933726401813
1768913299.3880143,0.5582566409297451,0.6860391897769755,0.8844773863994553
1768913299.4080164,0.539938892214914,0.6474983166425243,0.8430824855144194
1768913299.4277713,0.5370789229995776,0.6547820954071835,0.8468726952713779
1768913299.4478111,0.5372790845353981,0.6516101913867569,0.8445499725879347
1768913299.467876,0.5344432287018741,0.65876783025994,0.8482951248773465
1768913299.4878898,0.5339545936948369,0.6573382419395042,0.8468772475653933
1768913299.5079145,0.5311294340544868,0.6643536978614293,0.8505670529600795
1768913299.5279782,0.5299817966181131,0.667192610684765,0.85207199490355
1768913299.547927,0.5271974517050391,0.6741032573570536,0.8557758787577955
1768913299.5679383,0.5244589606192727,0.6810547553282653,0.8595887278978773
1768913299.5878978,0.5228462471147264,0.6882664436737507,0.8643372580244738
1768913299.6077838,0.5576340952854664,0.6768724843111311,0.8769903900513181
1768913299.6277966,0.5556333549594417,0.683483058641329,0.880839098015745
1768913299.6478207,0.5563749150232111,0.6863620465361429,0.8835416826570027
1768913299.6677258,0.554430299772035,0.6928954673723844,0.8874103256163428
1768913299.6877685,0.5520625281719702,0.6972176939867811,0.8893174617760927
1768913299.7078469,0.5500938869667134,0.703736503762391,0.893223572912102
1768913299.7277832,0.5475965740312219,0.708142064494071,0.8951688060900337
1768913299.7479334,0.545603011675935,0.714661850695812,0.89912413335969
1768913299.7677915,0.5436566766331576,0.7210950257178883,0.9030728753333762
1768913299.7877307,0.5561678356689779,0.7564452013718004,0.9388993578180458
1768913299.8077457,0.5510232437048761,0.767042502739411,0.9444473601592535
1768913299.8278415,0.5492400112173934,0.7741823933806682,0.9492222964841809
1768913299.8478038,0.5793981908951236,0.7642444568694629,0.959047367687458
1768913299.867782,0.5782379219464486,0.7710451467288983,0.9637788712516661
1768913299.8879004,0.5721560452212393,0.7767743800434808,0.9647491785822586
1768913299.907906,0.5708963911489267,0.7835735824873868,0.969489684627426
1768913299.9277291,0.5587466048677334,0.7933825811332866,0.9703884214565501
1768913299.9487622,0.5572244988421191,0.8005416363649669,0.9753799534867167
1768913299.967901,0.551663801950445,0.8018155918316285,0.9732631677438145
1768913299.9879084,0.5450287730718963,0.8101245856447683,0.9764006389502027
1768913300.0079515,0.5434075635385629,0.8168732333200044,0.981108383118601
1768913300.0278928,0.5789075225797742,0.7965664907697896,0.9847091417859128
1768913300.0482998,0.5779749155223137,0.8029537042691395,0.9893379878345713
1768913300.0679865,0.5699833505586871,0.8087251551717536,0.9894025452371165
1768913300.0878875,0.5689066048460774,0.8150377890848617,0.9939523744495157
1768913300.1078389,0.5603579156223246,0.8207085684308275,0.9937623196199253
1768913300.127837,0.5591307941334842,0.8270214235928002,0.9982943854544122
1768913300.1478136,0.5579352405047102,0.8332544355551637,1.0027984278853868
1768913300.1678858,0.5465467841176037,0.8376973338126383,1.0002250798225854
1768913300.1877468,0.536012269527085,0.8498571561224306,1.004771784484458
1768913300.2078335,0.5344277624339746,0.856222799081241,1.0093218093981224
1768913300.2278411,0.5670544701010218,0.8366324155103833,1.0106950928664338
1768913300.2478592,0.5661475774735261,0.8424358672760128,1.0149981625363813
1768913300.2677963,0.5619884055428841,0.8398291894938303,1.010516717076218
1768913300.288659,0.5560169860573687,0.8434008436557701,1.010188037873932
1768913300.3077414,0.5549977579173355,0.8487691122735068,1.0141161261131912
1768913300.327994,0.5539157784079598,0.8544374445465017,1.0182760118025231
1768913300.3479278,0.5494880052945508,0.8467932168145769,1.0094532282407953
1768913300.3678253,0.5437194580166789,0.850451796673255,1.0094053236885163
1768913300.3878498,0.5424703712718302,0.8558434983409278,1.013282881213452
1768913300.4078028,0.5412370301989577,0.8611976119679028,1.017152323753825
1768913300.427922,0.5370236638152366,0.8673194617872113,1.020116397423548
1768913300.4482646,0.5365552097360722,0.8875039681724548,1.037089575020776
1768913300.4679577,0.535301088093199,0.8930467768397996,1.041191529228757
1768913300.487728,0.5377057760543595,0.9082031013401597,1.0554432125349547
1768913300.5078244,0.5364955230534454,0.9140585508390693,1.0598728605915002
1768913300.527923,0.5353208758990506,0.9198209107494115,1.064255114164458
1768913300.5477548,0.5777727992553521,0.9090139627051723,1.0770922857175822
1768913300.5677698,0.5774876249707375,0.9145583144850509,1.081623255846545
1768913300.5881224,0.5771309671411309,0.9200326302443891,1.0860663856080188
1768913300.6079335,0.5721750946163895,0.9266801835896619,1.0890915946590736
1768913300.627955,0.566857167997924,0.9324392928452738,1.0912241216873924
1768913300.6484315,0.5662780736736666,0.9381071817791788,1.095771847251622
1768913300.6677535,0.5558373985074538,0.9368094406270604,1.0892966270155802
1768913300.688033,0.5550701447091695,0.9422277303887743,1.0935702819028317
1768913300.7078226,0.5455970323372428,0.9371653134606088,1.0844145639232847
1768913300.7279255,0.5446750967613962,0.9423307787715309,1.0884200740762715
1768913300.747786,0.530233264848375,0.9329311273957241,1.0730833162507112
1768913300.767788,0.5290548243842295,0.9377973354208589,1.0767371311172893
1768913300.7877774,0.5181475666299815,0.9292028215935524,1.0639054396242131
1768913300.8078513,0.5167972383300798,0.9338196455885956,1.0672855831654469
1768913300.8277822,0.5081881593113193,0.9257145285736552,1.056031530626132
1768913300.8478196,0.5067070072862911,0.9300707508501773,1.0591428576070567
1768913300.8678799,0.5424792077709373,0.9013498963841329,1.0520053833395868
1768913300.8879106,0.5417069404618702,0.9050768579234063,1.0548035495261978
1768913300.9078617,0.5409468731613802,0.9087893840024286,1.057601845714439
1768913300.9279675,0.533810961008645,0.8973462324352717,1.0441189601567198
1768913300.9478166,0.5335489059729652,0.8971298540756969,1.0437990276575415
1768913300.9687452,0.5254419190306017,0.8958278777347228,1.0385551486566609
1768913300.9878342,0.5244314081941495,0.8989657590609674,1.0407534472028233
1768913301.0079494,0.5152968932459578,0.8941719409652293,1.0320243932187174
1768913301.0277765,0.5141137028187537,0.8972601043592832,1.0341124669497228
1768913301.0478604,0.5048166244696644,0.8952311773726969,1.0277541949712738
1768913301.0679328,0.5034663659615355,0.8982501621438495,1.0297241064702558
1768913301.0878282,0.48172206645659665,0.865317427105964,0.9903688196649262
1768913301.10777,0.4799951800157394,0.8676225859226268,0.9915464308046336
1768913301.127854,0.47396770307943425,0.8666164806358818,0.9877598433182614
1768913301.14775,0.4721684931314798,0.8688690727467083,0.9888764085980497
1768913301.1680665,0.4722654136980122,0.8678024257008321,0.9879856633714899
1768913301.1878562,0.47050439374420505,0.869964485079338,0.9890463031789561
1768913301.208513,0.4666332690129631,0.8726710983534716,0.9895966115802837
1768913301.2278507,0.46486672704918597,0.8747813494365406,0.9906278227666723
1768913301.2479568,0.4615976903138277,0.8769852721162898,0.9910477260010959
1768913301.2680008,0.4597618123725409,0.8791454075713432,0.9921076412213881
1768913301.2879858,0.4544649850945335,0.8831033824433057,0.9931817591759234
1768913301.3077676,0.4508460550454463,0.8856085771345601,0.9937629079636358
1768913301.328324,0.4488611836905876,0.8878699298329362,0.9948815881931168
1768913301.347793,0.44357920607427204,0.8905207992122435,0.9948818049854437
1768913301.3677955,0.44158665848447964,0.8927533569826238,0.9959956492652127
1768913301.3879132,0.4553414405824505,0.9238888403477166,1.0300031149616733
1768913301.4078298,0.4536464133733453,0.9266679642969642,1.0317502529298357
1768913301.4277894,0.4918402155866648,0.9075690618997978,1.0322734132903044
1768913301.4479272,0.4909121523249902,0.9099296466942057,1.033908459793901
1768913301.4679148,0.4900188370545233,0.9091268771785455,1.032777875187439
1768913301.4884884,0.48906650882882796,0.9116034823298467,1.0345080758766076
1768913301.50781,0.486432786433443,0.9128318462414473,1.0343494744185704
1768913301.5279894,0.4854596944876557,0.9197575169500318,1.040012021545009
1768913301.5477805,0.47725513441344747,0.9244050289734655,1.0403351002996253
1768913301.5678117,0.47616526090900035,0.9299903820056983,1.0448040324958747
1768913301.5877783,0.47458995374328405,0.9391923003385436,1.0522916901740018
1768913301.6078837,0.47349113089151085,0.9476689658596378,1.0593726067283395
1768913301.6277559,0.46924079104371086,0.9564162004085013,1.0653257099981968
1768913301.6480615,0.4680739207693647,0.9665504280236714,1.073924077957631
1768913301.6677778,0.45926315440637877,0.9843513821673042,1.0862183429541132
1768913301.688014,0.49912730647713865,0.7875510416783165,0.9323972926385645
1768913301.7077773,0.49861743041006634,0.8066141207167927,0.9482856540349338
1768913301.7278037,0.5244171013626806,0.7601463356063736,0.9234910653262616
1768913301.7477849,0.5244115444763555,0.7771309164544711,0.9375179621156293
1768913301.7679667,0.5020321147807134,0.760783840764498,0.9114978313959812
1768913301.7877374,0.501600000560583,0.7722441519191516,0.9208493854782696
1768913301.8078115,0.47964213643982845,0.7503936258519381,0.8905881050001632
1768913301.8278286,0.47879603700624984,0.7652750566101449,0.9027134414212246
1768913301.8480563,0.49891092672787796,0.720487144534049,0.8763639873062435
1768913301.8684473,0.49845731009937566,0.7327130855017376,0.8861874269346083
1768913301.887794,0.48031963104799047,0.726913974156906,0.8712696906209147
1768913301.9077995,0.4795343150471625,0.7470570460203287,0.8877203328280652
1768913301.9280274,0.44614538705488904,0.7188210409509868,0.8460197369472044
1768913301.947801,0.4447581079648515,0.7406665350614734,0.8639425274637448
1768913301.9679031,0.44908165618947504,0.6861362423183222,0.8200349242249315
1768913301.9878213,0.41274262824985053,0.6408462674960091,0.7622600709325924
1768913302.0077934,0.41077861624700107,0.6842908207451286,0.7981184115918155
1768913302.0283337,0.4087622297264686,0.6872773831512626,0.799647898666783
1768913302.0477946,0.40605825473354473,0.625639061128231,0.7458602691165864
1768913302.0677333,0.40407055851732787,0.6232956445152897,0.7428125448134514
1768913302.0877826,0.5541964226293248,0.9476465208108777,1.0978012585436867
1768913302.1077075,0.5469181040304323,0.950251562715966,1.0964020453101946
1768913302.127856,0.5476663647384867,0.9729325646606402,1.1164838657334013
1768913302.1477745,0.5441045226059882,0.9768524235558385,1.1181638470846773
1768913302.1678965,0.5447720575547124,1.0053715602208015,1.1434809000561414
1768913302.1883113,0.5527373357641099,1.0459281714536255,1.1829980144480086
1768913302.207954,0.5535332217555866,1.0921528717671638,1.2244169726430545
1768913302.227803,0.5401892928114649,1.0044361731313503,1.1404808187615003
1768913302.2479305,0.5407306341828684,1.0457612046572047,1.1772876096816338
1768913302.2676768,0.5319953842098839,0.9828153067995284,1.1175620860158388
1768913302.287723,0.5323542988493104,1.0192741390418742,1.1499221147638197
1768913302.307888,0.536120234441166,1.0816838958165018,1.2072551330377583
1768913302.3277588,0.5365428119070232,1.1210257281857476,1.2428100708730523
1768913302.3477504,0.5713139527256879,1.1363326751454705,1.2718693255135571
1768913302.3677907,0.5723984185627495,1.1645319275161707,1.2976033907853604
1768913302.3878834,0.522598861421036,1.0150783877292078,1.1417064873221536
1768913302.4079013,0.5226996108050219,1.02787689803559,1.1531460448056818
1768913302.4278579,0.5228018165297972,1.0476586274698914,1.1708588040745787
1768913302.447888,0.5420815991030894,1.0224371237816081,1.1572511102491845
1768913302.4678836,0.416372569738396,1.0622561118488694,1.1409444175729302
1768913302.4881847,0.4143963142086742,1.0760784366382126,1.1531127902453748
1768913302.5079832,0.41438031503085826,1.0696590245763486,1.1471187708091517
1768913302.527885,0.3924059994796283,1.05812897300153,1.1285474699510334
1768913302.5477102,0.3901093226547676,1.1379734507387251,1.2029833158478813
1768913302.56782,0.38778770967716913,1.1824654816950275,1.2444291555476021
1768913302.5879014,0.39851609778262453,1.1541692815491862,1.221033091551435
1768913302.6078193,0.329076277797024,0.942665417315049,0.9984534468919919
1768913302.628102,0.32565013302867474,1.015936828801526,1.066853152620779
1768913302.6476939,0.3399397523038048,1.0109930950126698,1.0666143039354334
1768913302.667853,0.33689557509226975,1.0195833095680165,1.0738010773259734
1768913302.6878474,0.3505048352636062,0.9811361770289624,1.0418645964894744
1768913302.707843,0.3477859347717702,0.9884066759364023,1.0478085767260747
1768913302.7278738,0.34720779177035976,0.9261172036382108,0.9890633576979327
1768913302.7483144,0.34451618255627214,0.9156354185057349,0.9783044616403009
1768913302.7678587,0.3095947220668289,0.8789936150635,0.9319220285270853
1768913302.788005,0.3062959482811809,0.8919604812411155,0.9430857373692756
1768913302.8077931,0.2942525860773013,0.8217139169065621,0.8728106012481197
1768913302.8282728,0.29073047101911764,0.8326382163999071,0.8819357154513114
1768913302.8479035,0.29275251037046646,0.8836852747165524,0.9309155155432092
1768913302.868629,0.28805957707607255,0.83017186943714,0.8787284294649864
1768913302.8885696,0.2846433753180009,0.8318917570856872,0.8792415746650839
1768913302.9078848,0.2735614734536873,0.8444303680225342,0.8876364831375652
1768913302.9277768,0.27005400840711524,0.8853451220060089,0.9256160934840022
1768913302.9478586,0.266512230174194,0.9179586259801997,0.9558644296362737
1768913302.967804,0.28978615049638323,0.9007730373170499,0.9462389115740781
1768913302.9882584,0.2807113952355227,0.8555961063092186,0.9004685361224841
1768913303.0079663,0.27761558895386984,0.8779391721192411,0.9207864058355892
1768913303.0279365,0.299518897045824,0.8854044699355974,0.9346938777318932
1768913303.047946,0.2968396703887579,0.8987349281070909,0.9464873273933276
1768913303.0678117,0.3096377536216346,0.8661139180754249,0.9197982700308889
1768913303.0879183,0.3072599254047521,0.8630613893694496,0.9161242402535033
1768913303.1078372,0.24179353065373577,0.7949451338659772,0.8309042528012451
1768913303.1278381,0.23821298652617462,0.798587563872549,0.8333591807387808
1768913303.1477537,0.26092232651809755,0.7934126046878873,0.8352149554176065
1768913303.1676965,0.25785511750160817,0.8291548370478461,0.8683242513149154
1768913303.1878974,0.25476098187131013,0.8165563704675778,0.8553756274498462
1768913303.2077808,0.2529681487620943,0.863864034052547,0.9001410742865038
1768913303.2277389,0.2643793220128272,0.8346798112383391,0.8755494350388399
1768913303.2477906,0.2616091060952743,0.8686809957398127,0.9072188251747652
1768913303.2679234,0.26442036488251297,0.8335515381549357,0.8744863041380697
1768913303.2889416,0.2616924227086648,0.8654011736235061,0.9041029340800041
1768913303.307716,0.2523386373340377,0.8380557612211241,0.8752212559161922
1768913303.3278174,0.2495433452395346,0.8696350724923727,0.9047303689288605
1768913303.3477619,0.23533788851820825,0.7849685967303879,0.8194874127313262
1768913303.367894,0.20928980972120304,0.758849360096538,0.7871814122373969
1768913303.387874,0.2058288364144596,0.7564929329788743,0.7839943032616435
1768913303.407891,0.19527283225534076,0.7079512842861568,0.7343885211108908
1768913303.4277768,0.19169553772200754,0.7450327788242275,0.7692990450436552
1768913303.447934,0.19910087113809727,0.7218091902368045,0.7487654265511066
1768913303.4677184,0.1957474780312991,0.7661588950956135,0.7907695793907004
1768913303.4880624,0.19233799425088405,0.7698593717837197,0.7935221208987665
1768913303.5079963,0.21351689263283724,0.8478405210515367,0.8743128802531299
1768913303.52782,0.16991649657409758,0.7008230315401729,0.7211272684798249
1768913303.5477371,0.16624042365747904,0.7429306960770239,0.7613027634465209
1768913303.5683808,0.15470929797546962,0.7180888485838581,0.7345655595932563
1768913303.5877519,0.1509937707680855,0.7451764051918346,0.7603203230648188
1768913303.607953,0.15127384146170364,0.735790892786933,0.7511804130957972
1768913303.6287723,0.1473767070745664,0.7357093977048823,0.7503254038478394
1768913303.6482184,0.1522853283828529,0.7753054660222043,0.7901198560247558
1768913303.6682632,0.14873107831148658,0.7612326348085352,0.7756262359882126
1768913303.6878998,0.17276090998513927,0.7513169768800458,0.7709238170967769
1768913303.7077403,0.16942503346510662,0.6925378892478897,0.7129611279786401
1768913303.7279253,0.16633265493548355,0.6837022334259322,0.7036442965657396
1768913303.7479687,0.16327600100462236,0.7151762497607557,0.7335776173834097
1768913303.7678483,0.14430738441164115,0.7645266881202706,0.778026784914169
1768913303.787858,0.18239040350830882,0.7042718273611257,0.7275060591544945
1768913303.8078218,0.17982949097344836,0.7261238305670918,0.7480604675700997
1768913303.8287451,0.15123748577971452,0.5859375149771449,0.6051409328103341
1768913303.8483415,0.1482735723339217,0.5832381365380748,0.6017904753027159
1768913303.8677654,0.11006158110735886,0.5617444872826596,0.5724250349419651
1768913303.8877828,0.10631119333351235,0.5570171431198787,0.5670715718120833
1768913303.9080853,0.12123082627031145,0.5609262546132658,0.5738773182071659
1768913303.9279928,0.11784308052166859,0.5643926866988962,0.5765640436465275
1768913303.9479265,0.11447659646114072,0.5602378070639276,0.5718140358552992
1768913303.967887,0.0227380541997666,0.532444702011408,0.5329299952233958
1768913303.9877532,0.10307911892939692,0.5917387886328078,0.6006497304851502
1768913304.0077417,0.09969453298283715,0.6513495753801619,0.6589349507004338
1768913304.027928,0.12944792999243138,0.6114211624820287,0.6249740830708108
1768913304.0478337,0.12670785356338765,0.6387816479478028,0.6512272060575722
1768913304.0679827,0.13408838914485477,0.6531482210377044,0.6667700463789447
1768913304.0878582,0.1315369126766761,0.6484833639701675,0.6616892267088653
1768913304.1077566,0.12378984682853611,0.5812727169458087,0.5943079148416204
1768913304.1280446,0.12109429030410701,0.5827155033813503,0.5951648385323479
1768913304.147885,0.13353508206772258,0.5727066242989967,0.5880684447058739
1768913304.1679792,0.13574377471373067,0.5047345969822858,0.5226694804218078
1768913304.1877782,0.13345264766153386,0.4977906108512853,0.5153688983820902
1768913304.2079563,0.09143564519708258,0.47001316744083876,0.47882445090072073
1768913304.2278016,0.08837940510103959,0.46269597329166756,0.4710610182835523
1768913304.2481904,0.10696764476280851,0.45815150481850697,0.4704730368401199
1768913304.2679324,0.10438109521048244,0.4595528541406362,0.4712581445303037
1768913304.2878613,0.1131059386493023,0.4618661909514288,0.4755137555336558
1768913304.307828,0.11071826408382068,0.5176950894073407,0.5294022474434814
1768913304.3279057,0.1083033601377319,0.5097301775848162,0.521108886661676
1768913304.3478303,0.13862529455141437,0.5669766108237313,0.5836775218480075
1768913304.3679657,-0.09594379673925646,0.3018786363853425,0.3167584619842343
1768913304.387798,-0.10219784897476325,0.28973543958107273,0.3072312244618147
1768913304.4079025,-0.16509846142953455,0.2536067976981713,0.30261181372365603
1768913304.4277768,-0.16559595548676231,0.2382321389840969,0.29013199154610964
1768913304.4478576,-0.1728851823452051,0.20891430401720346,0.2711724040117787
1768913304.4686286,-0.2049757452955121,0.17726908995477042,0.2709970228855718
1768913304.4877198,-0.2124070014802084,0.17387115194768588,0.2744957408730207
1768913304.5080192,-0.2201876013281161,0.18363400849568912,0.2867124497729811
1768913304.5277433,-0.17745989798309036,0.2442731746518132,0.30192946071333293
1768913304.547894,-0.1723581933926146,0.24078686146847117,0.2961176446708346
1768913304.5678582,-0.17889267440539203,0.2363739009950483,0.2964375314084411
1768913304.5879056,-0.22432150078709845,0.13117437888844874,0.259859295373759
1768913304.6078515,-0.2316229569042303,0.12527563231312777,0.2633309290921082
1768913304.6278396,-0.22042167229992216,0.15534406961933267,0.269661813361459
1768913304.6477966,-0.22733514110596875,0.18200460214603453,0.2912163140759924
1768913304.6678143,-0.1994332677712738,0.10580098503123125,0.22575977659341226
1768913304.6878743,-0.2057056948236482,0.12257913572337853,0.23945871752260417
1768913304.7078176,-0.21193855746762424,0.12379917300650445,0.2454469135649334
1768913304.7279825,-0.2108660641989426,0.12329654431688652,0.24426734303061992
1768913304.7477098,-0.17884010460604993,0.1716590629953776,0.24789234946636393
1768913304.768,-0.18426894862605692,0.1255042675548772,0.22294924669583122
1768913304.787799,-0.20889540529072548,0.141418799652816,0.25226289312306666
1768913304.8085208,-0.21482446940636302,0.12631315360764894,0.24920787593901386
1768913304.8277867,-0.22208181632357515,0.16682714329507675,0.2777618204173753
1768913304.8485527,-0.2085295777624081,0.07622597489887428,0.22202473747547144
1768913304.8677323,-0.21377564895628276,0.055687522297998227,0.2209097739493884
1768913304.8880918,-0.21925674679192353,0.040408794534399606,0.22294930295809626
1768913304.9079137,-0.2491819036943801,0.09306963387359679,0.2659954471003605
1768913304.9279847,-0.25290418924518887,0.03479034721713514,0.25528591264943534
1768913304.9478233,-0.2587251791836116,0.05185354580009727,0.26387024947052046
1768913304.9679022,-0.26455896103043863,0.06877433880076689,0.27335206883977997
1768913304.98827,-0.2349137776743233,0.080374026902986,0.2482830383691631
1768913305.0076823,-0.19941200013467997,0.06081528966818128,0.20847936409903597
1768913305.027754,-0.20375204897418242,0.07832945660204826,0.21828971856857984
1768913305.0476632,-0.24616621612819833,0.08319102171988302,0.25984332213407546
1768913305.0678566,-0.2512857720119628,0.052610478847875175,0.25673410700616084
1768913305.088198,-0.2635070816595828,0.022354394475983863,0.26445358957128556
1768913305.1078165,-0.26860542180323166,0.000817378248437306,0.2686066654595396
1768913305.1284034,-0.22967273416950862,0.13886463631366341,0.2683895527762282
1768913305.148247,-0.23400435061709635,0.11005069735126627,0.2585907811489593
1768913305.1678343,-0.20800549367532817,0.15669892302375166,0.26042434194199404
1768913305.1879473,-0.25085109285339846,0.05120244145664499,0.25602335986559016
1768913305.2078233,-0.2553488021248915,0.052438154366999834,0.2606775225830457
1768913305.2277517,-0.29250267043882516,0.013660022262640181,0.29282146168281414
1768913305.2477105,-0.2976309636558574,-0.00976739707683194,0.2977911895479294
1768913305.2680366,-0.30367126002982636,0.01937486879143746,0.304288711109676
1768913305.2877347,-0.3087864621986185,0.013399373907959866,0.3090770493877929
1768913305.307773,-0.32570297400306125,-0.026464363412321168,0.32677636053615966
1768913305.3280356,-0.33112640119608194,-0.049808598072046184,0.3348515940099005
1768913305.3479695,-0.28637820459025387,0.0451512725848886,0.2899157006448119
1768913305.3679335,-0.2907457531566764,0.0877343267859172,0.30369459177802477
1768913305.387915,-0.28784226925035283,0.08535969878337779,0.3002323269462861
1768913305.4078257,-0.2921284665191741,0.04764226813745709,0.2959878826305658
1768913305.4284086,-0.26983230365209043,0.11076004295322517,0.29168006309858446
1768913305.4480784,-0.27350392856525585,0.10677703563331731,0.29360813047200734
1768913305.4676979,-0.28863798660508055,0.047085957400097245,0.29245337183167924
1768913305.487964,-0.2926881683411471,-0.0003538458711396242,0.2926883822323602
1768913305.5077837,-0.28797405802585674,0.01860696570428,0.2885745610212372
1768913305.5281096,-0.31198261949794115,-0.0018784560892119995,0.31198827456504874
1768913305.5477285,-0.31616334680717806,-0.02380388345846285,0.31705817562715527
1768913305.567846,-0.34154420850499245,0.04908961291547076,0.34505396166323393
1768913305.587724,-0.3461182745302316,0.052042707115002695,0.3500090046379417
1768913305.6080017,-0.3146501631600387,0.04566343277562801,0.31794633866345007
1768913305.627733,-0.31853533082587826,0.04824653347667596,0.3221684108922967
1768913305.6477988,-0.3119953544792671,0.0030170336051411617,0.3120099416820209
1768913305.6678214,-0.3156859923232145,0.02092138771370111,0.31637849202017454
1768913305.6882823,-0.3194798452550083,0.021358121829301524,0.32019297445796546
1768913305.7077513,-0.3331679690702223,0.058259651941120705,0.33822342121544025
1768913305.7278519,-0.2958081868711937,0.023580524864502017,0.29674656623608714
1768913305.7477667,-0.2989396394409056,0.00883166487346232,0.29907006927055707
1768913305.7682178,-0.33740084057857556,0.0479239834029519,0.34078737565868805
1768913305.787827,-0.34114785935212644,0.0197634309292245,0.34171984891520785
1768913305.8077865,-0.37886095227050753,0.011569246201629468,0.37903755567620173
1768913305.8277888,-0.38332742638762074,-0.010499862091281731,0.383471202210665
1768913305.8481176,-0.38780899041219263,0.02232934819468735,0.3884513004680557
1768913305.8677015,-0.35346874682873186,0.022707693948993413,0.35419739461090805
1768913305.8878937,-0.35182072020066646,0.060237926440938505,0.35694036889152725
1768913305.9077349,-0.3554157800277493,0.05460275350467869,0.3595856467978473
1768913305.9277885,-0.3544818627545253,0.08331000984898163,0.3641400125816381
1768913305.9477718,-0.3325853348682374,0.007316852311298749,0.3326658102317744
1768913305.9679725,-0.3356203442218958,0.007731291431380516,0.33570938074891615
1768913305.9877377,-0.3386337388125207,-0.007000614431389884,0.33870609333840374
1768913306.0078073,-0.3778657896148254,-0.00021254641458012813,0.3778658493926302
1768913306.027712,-0.374507558445202,-0.015617918316401358,0.3748330704528673
1768913306.0479057,-0.37811586869914926,-0.04626155856313208,0.3809353514217372
1768913306.0677984,-0.40894425211257235,-0.03227701850577258,0.41021604949042784
1768913306.087991,-0.41308223075148065,-0.05462670957758409,0.41667854127839754
1768913306.107708,-0.4285085055320469,-0.03401793039167256,0.4298566725100832
1768913306.1280448,-0.43283666025894096,-0.023600223238978923,0.4334795785282664
1768913306.1478753,-0.391849170179262,-0.006430466762879394,0.3919019304277089
1768913306.1681452,-0.3952884247211128,0.043614325069030624,0.39768724906605435
1768913306.1878467,-0.3971610322685284,0.05914525222682121,0.40154084028100717
1768913306.207856,-0.40055564308460945,0.06266159877630084,0.4054273044185938
1768913306.2278728,-0.40397732422277144,0.05009182125236977,0.40707108598200575
1768913306.2478554,-0.4293715093539673,0.0181872597572319,0.42975652346692894
1768913306.2678065,-0.3903560400891445,-0.012906650953009802,0.39056935321771036
1768913306.287715,-0.38956885439665734,-0.014272398094357541,0.38983021132704404
1768913306.3078787,-0.3925389462268605,-0.036569056435918235,0.3942386589282023
1768913306.32775,-0.3708086661556016,-0.03785848240267242,0.3727362761872392
1768913306.3478916,-0.37329568258372603,-0.059475214384648645,0.3780039255903963
1768913306.368349,-0.38853259681650143,-0.03364283538585244,0.38998643458686305
1768913306.387951,-0.39117106197596174,-0.044356584015248224,0.39367792200338525
1768913306.407948,-0.41839704179021586,-0.032729570025930244,0.4196752426971192
1768913306.4278564,-0.42152510876379945,-0.012158204477929146,0.4217004141027847
1768913306.4478896,-0.41151036043854716,-0.022271810090712663,0.4121126184345485
1768913306.4679475,-0.4144073665620184,0.013500504912714817,0.41462721702001826
1768913306.487751,-0.4095020657061146,0.012093209538220684,0.4096805920891424
1768913306.5077763,-0.4122683647630353,0.015736672593192225,0.41256859726437306
1768913306.5278196,-0.418029082124168,0.009115119415346484,0.4181284478524876
1768913306.5482297,-0.42089840297659853,-0.003952980098948622,0.42091696530303196
1768913306.567822,-0.44993779508320386,0.022587620674702436,0.45050440625156973
1768913306.5878417,-0.4533107432134489,-0.013575489221739012,0.45351397312578906
1768913306.6078951,-0.4566697089003219,-0.025923940658821643,0.45740493408618454
1768913306.627924,-0.43408166376779234,0.0219116512054649,0.4346343420370331
1768913306.648311,-0.43697396211264716,0.018218902307807205,0.43735360060907996
1768913306.6679409,-0.43978870958800786,0.016287971300462445,0.4400902260788914
1768913306.6878183,-0.4426209390588759,0.03775606111800922,0.4442283375073094
1768913306.707926,-0.44551132398197746,0.02652500671111202,0.44630025294323894
1768913306.7278008,-0.44139245914481895,0.07840180063992452,0.44830140010208885
1768913306.7478318,-0.41440821136270756,0.020466768959328974,0.4149133093508487
1768913306.7678447,-0.41657669147780585,0.024731218516206077,0.4173101640888841
1768913306.7878976,-0.4062938692162342,0.05826760833721245,0.4104507550779231
1768913306.8080976,-0.40824469668629226,0.07050101703205591,0.41428749169512347
1768913306.827901,-0.37699629053548245,0.04056129524567442,0.37917202131686967
1768913306.8477967,-0.3783021538622874,0.02120008300363363,0.3788957153838068
1768913306.8677444,-0.3839272662321773,0.06294013212950578,0.3890521892869809
1768913306.8883777,-0.38532097271625,0.028030794243056434,0.386339199979621
1768913306.9077435,-0.34522934606202915,0.07237139141976634,0.35273349667766074
1768913306.9278412,-0.3519858723543746,0.051695719039041244,0.355761860946383
1768913306.9477448,-0.35270010400476803,0.08070607525268692,0.3618160222373611
1768913306.967965,-0.3534287856412044,0.06934822946480601,0.3601681321962283
1768913306.9878354,-0.3541530880416345,0.08228559847079175,0.363586756476528
1768913307.0078363,-0.33955409167441764,0.017729002760340506,0.3400166153465371
1768913307.0281737,-0.3400031005515186,0.02069808735909806,0.34063252810759415
1768913307.0479739,-0.33050831933471647,0.013115343807740487,0.3307684407446608
1768913307.0682797,-0.3307656121923924,0.03243779641303579,0.33235237451407157
1768913307.0879111,-0.28482804420613883,0.03867428912228288,0.2874416730493477
1768913307.107856,-0.28419427816292164,0.019267045058565913,0.28484663727317
1768913307.1280746,-0.28355801081522414,0.031009849370576603,0.28524858677208664
1768913307.1477945,-0.27994213497515685,0.07508891559510289,0.28983778942659877
1768913307.1677418,-0.2712684037779667,0.06393559744256816,0.2787011078352293
1768913307.188695,-0.27042575888505727,0.03643416947498057,0.27286908907732793
1768913307.2077844,-0.2652500690509231,0.07015624320788039,0.2743710946739155
1768913307.2282526,-0.26430429133788347,0.04916441358023249,0.2688380515892587
1768913307.248046,-0.2533476563273981,0.014430240198857192,0.2537582841973482
1768913307.2677352,-0.2518511480923392,0.0018736880904270947,0.25185811780145106
1768913307.2877886,-0.2507266702615203,-0.01103287178535961,0.2509692958117811
1768913307.307782,-0.19994329372397956,-0.059497584452314456,0.20860796547796026
1768913307.327849,-0.19786542129294205,-0.07286217586389654,0.21085450342607062
1768913307.347773,-0.1957972971578663,-0.09423378998170229,0.21729378442247577
1768913307.3678212,-0.17801097873287774,0.02377157799266083,0.17959119262841985
1768913307.3878758,-0.1833801606699983,-0.004537763950930085,0.183436295833264
1768913307.4078496,-0.18116606096687748,0.031217939635147296,0.18383607208956046
1768913307.427917,-0.17114567496711064,0.0021707876220382616,0.1711594413955826
1768913307.4479055,-0.16878381787634278,0.010474386241256184,0.1691085152913521
1768913307.4678004,-0.13068185399638999,-0.049924641356043686,0.1398935909127483
1768913307.4882648,-0.12760646389396368,-0.06598974866373108,0.14365951606567473
1768913307.507915,-0.11074582581406556,-0.04063248300608091,0.11796455658577623
1768913307.5282018,-0.11429507563869645,-0.06864898268263708,0.13332684327852493
1768913307.5477972,-0.11114503424924371,-0.08530921369052269,0.1401102443747809
1768913307.5679643,-0.10794750183063118,-0.11566008521403415,0.15820846520711768
1768913307.5877404,-0.07303353876228225,-0.08694904650238744,0.113551902105672
1768913307.607817,-0.05597504156317257,-0.10646402503821406,0.12028214291962197
1768913307.6279004,-0.0518950201028503,-0.120577398389357,0.1312707207027559
1768913307.6479452,-0.039205740469231865,-0.07424071738311078,0.0839569782882858
1768913307.6677775,-0.03502640549141489,-0.07338544954050796,0.081315885815205
1768913307.6882899,-0.03079431913020847,-0.08581885109765786,0.0911765611021555
1768913307.707794,-0.01299997367776129,-0.11626877394792245,0.11699327805893626
1768913307.7277763,-0.008524467631326638,-0.13691240557611017,0.13717752494135044
1768913307.747896,0.017287132939307837,-0.12712578843314581,0.12829579513768272
1768913307.767851,0.02218799680833128,-0.15892603602094546,0.16046741765136427
1768913307.7877886,0.01897770447832925,-0.18748966096107722,0.18844767505747181
1768913307.8078241,0.02327927448050804,-0.19128305047691363,0.1926943954039461
1768913307.827814,0.027997756187497336,-0.22253054944528472,0.22428490762410844
1768913307.8477623,0.03701808650177796,-0.294958226338748,0.29727208751100936
1768913307.8678093,0.04184563450911272,-0.3288040889380426,0.33145616004208833
1768913307.8877976,0.06866583587239217,-0.2438588329300302,0.25334191799631317
1768913307.907737,0.07391759119442443,-0.2710597625392914,0.28095765722941796
1768913307.9281883,0.07196787006860828,-0.27167965621297796,0.2810501911086594
1768913307.9479926,0.0769949761156088,-0.29288594682109803,0.302837256942296
1768913307.9679303,0.08516304990159695,-0.2800251221809944,0.2926889374763295
1768913307.9883764,0.09044893423578704,-0.31434961569244635,0.32710348605659717
1768913308.0081308,0.10170126035659799,-0.38899123142804193,0.40206631851726277
1768913308.0278163,0.12262228124619012,-0.3768879516858874,0.39633414183489607
1768913308.047814,0.12821307592218079,-0.4171463160418476,0.43640536411083664
1768913308.0679643,0.1230274828584208,-0.4517478749627699,0.46820070917487666
1768913308.0880883,0.1284185685556084,-0.49653447759272495,0.5128721245965233
1768913308.1079326,0.1338332856223311,-0.5436866526203303,0.5599165335815404
1768913308.1278243,0.14320181988168168,-0.46940637069036306,0.4907637945714049
1768913308.1477814,0.13649795089022565,-0.512229342271791,0.5301043196215458
1768913308.1682603,0.1418854117528543,-0.5583598899797089,0.5761052306709509
1768913308.1877768,0.13524386583174097,-0.5783570042750146,0.5939593653096844
1768913308.2084723,0.14048934901535182,-0.6291692295404214,0.6446636150638911
1768913308.2277963,0.14528115387532337,-0.6765852777290284,0.6920074072660002
1768913308.2477632,0.14819716467677058,-0.6051583917080077,0.6230401902548954
1768913308.2678273,0.14887850322329976,-0.6662595114319725,0.6826906658916473
1768913308.2879608,0.15385435926911506,-0.7141211772439657,0.7305068238246768
1768913308.3077593,0.17411067007783843,-0.6623292375978718,0.6848317635828028
1768913308.327797,0.17935394527476634,-0.7078410962529205,0.7302101445680963
1768913308.3477638,0.19874161073359786,-0.6949698385714314,0.7228286825804482
1768913308.3678195,0.20427583911566916,-0.7395161858994808,0.7672110580887935
1768913308.387779,0.2205870466878722,-0.7096073743535563,0.7431024632602328
1768913308.407763,0.22630031661618777,-0.7526315590939845,0.7859173601879709
1768913308.427765,0.2091725235369507,-0.7045937834344009,0.7349867646816639
1768913308.448227,0.2144884697919347,-0.7461784683914452,0.7763939788307793
1768913308.4679942,0.23054841184816144,-0.7739979118680811,0.8076046915303671
1768913308.4881663,0.23604360733534502,-0.8151910056175975,0.8486771825633775
1768913308.5077727,0.24141809729455566,-0.8556322930078206,0.8890384235448683
1768913308.5288603,0.23189250883675405,-0.8524306766165086,0.8834094147627604
1768913308.5477433,0.2368452248416616,-0.8905903241369426,0.9215458675381502
1768913308.5677824,0.2708506345392625,-0.8974848313939496,0.9374641800157206
1768913308.5879421,0.27666048999397397,-0.9373316284647384,0.9773083487027336
1768913308.6079013,0.2774812020339321,-0.9419154153448979,0.9819370993839408
1768913308.6279235,0.28322411927815494,-0.981165055421366,1.0212251307722988
1768913308.6478252,0.24738491713913535,-0.9449453907902381,0.976791220683137
1768913308.6678011,0.2523110949153514,-0.9826051808828744,1.014482050169075
1768913308.6877973,0.2608268452597404,-0.952597435292514,0.9876601221746395
1768913308.7077436,0.2657619407135319,-0.9887360463086878,1.0238302488215312
1768913308.7279677,0.26287228334478474,-0.9982807429999436,1.0323111348791219
1768913308.7481556,0.2677192531837801,-1.0343627687687373,1.068447441823981
1768913308.7676787,0.26595290428661644,-1.0431925039922856,1.0765600529855177
1768913308.7877913,0.27063134799961264,-1.0785194612814664,1.1119557342281896
1768913308.8078446,0.2801138538669884,-1.0603231107768067,1.096699079226212
1768913308.827838,0.28943052513899015,-1.055390148060276,1.0943575254481157
1768913308.8480692,0.29437430901605965,-1.0891002623774728,1.1281824388454922
1768913308.8679843,0.2993011168319568,-1.1227340887938269,1.1619436271508878
1768913308.88774,0.2983198689161055,-1.1031697859989897,1.1427940850963394
1768913308.9078548,0.3115047201573351,-1.0765535967853292,1.1207153239925511
1768913308.9279566,0.31645926300836325,-1.1079045924887438,1.1522148459386583
1768913308.9478981,0.26991961411641274,-1.0965265489884057,1.1292595231925988
1768913308.9680262,0.2738334781835824,-1.1269564189595762,1.1597480519527983
1768913308.988048,0.2740141504433201,-1.128154998611123,1.1609554063504925
1768913309.008055,0.27778122064874533,-1.1576244874070571,1.1904859765614877
1768913309.0282042,0.27663307773466217,-1.1338217133069275,1.167080775809116
1768913309.0478845,0.28030501124796225,-1.162065886704399,1.1953945057481237
1768913309.0679028,0.27158438636525906,-1.1561288644423744,1.1875992716881434
1768913309.0878482,0.27513677897863453,-1.1843583021143935,1.2158967205046765
1768913309.1079774,0.2782755419083429,-1.1354003951513043,1.1690044202372034
1768913309.127793,0.27790450877416273,-1.1322354061802162,1.1658421552702098
1768913309.1480408,0.2813539081866827,-1.1583907260379718,1.1920692495919436
1768913309.1677954,0.27372775306400754,-1.1388579974485058,1.1712917745591365
1768913309.1878295,0.27697652646572035,-1.1640081177279686,1.1965077911779867
1768913309.2078502,0.28023579218315153,-1.1892226750881978,1.2217948560067062
1768913309.228028,0.28352617178396755,-1.2145524519961803,1.2472067786603813
1768913309.2477825,0.2867463362504932,-1.2395283045817376,1.2722632900513784
1768913309.2677507,0.2899672604491509,-1.2645997491298289,1.2974180273264326
1768913309.2878425,0.29323117027228873,-1.2897778228736865,1.322690950901246
1768913309.3078213,0.29647171084369794,-1.314865342907158,1.3478747513433684
1768913309.3278491,0.2527187928028438,-1.185137977286864,1.2117833195102687
1768913309.3477793,0.25511106603840505,-1.207417033879647,1.234073559281608
1768913309.3679616,0.25723740703932385,-1.174167853886793,1.2020154877044773
1768913309.3879879,0.25660505598741556,-1.1763729059130075,1.204034620982519
1768913309.4090738,0.2588520137073843,-1.1969783500161615,1.2246475147599738
1768913309.4284382,0.25490190138736457,-1.184459295670079,1.2115769898896864
1768913309.4478374,0.2569948422997391,-1.2039231930337966,1.2310472792274714
1768913309.4678395,0.26124518427911925,-1.1670394157975519,1.1959222568102503
1768913309.4877968,0.2634957565813143,-1.1860804417026678,1.2149966370019116
1768913309.5078,0.2599112598010369,-1.179304258134339,1.207606060031642
1768913309.5280123,0.26202561556973447,-1.197903253103135,1.2262257651059907
1768913309.5478506,0.259273031644347,-1.1874144557687192,1.2153911282819923
1768913309.5678444,0.2613402778532502,-1.2054124008731915,1.2334171220666938
1768913309.5879347,0.2662671206775493,-1.1761519428202547,1.2059152425248518
1768913309.6079693,0.2683276684352006,-1.1931237161522787,1.2229243393165803
1768913309.628615,0.270410114417158,-1.210129581173506,1.2399738840839614
1768913309.648338,0.2673222871913926,-1.1827805436323438,1.212613301767905
1768913309.6677403,0.26731498250766805,-1.181810822252631,1.2116658448047937
1768913309.6882377,0.26930551130036007,-1.1979987566833081,1.2278951418714468
1768913309.7078424,0.2681842002659769,-1.1870108857717252,1.2169295822737145
1768913309.7277222,0.2684956048100313,-1.1892347967399086,1.2191674583826932
1768913309.747775,0.2703945078450355,-1.204298847299592,1.2342807231257744
1768913309.76792,0.26952482991588,-1.1912554431420865,1.2213652871916874
1768913309.7878203,0.27136356438776443,-1.2057076068525685,1.23586771836608
1768913309.8078392,0.27080390485225636,-1.1916103310775945,1.2219942454913952
1768913309.8279624,0.2726661336187839,-1.2056180796990965,1.236067059070807
1768913309.847833,0.27227785904022217,-1.1916247590679987,1.2223357963126962
1768913309.867966,0.27401002804247543,-1.2051222531218944,1.235880714485597
1768913309.8877404,0.2737553122841774,-1.1905763925585884,1.2216440224229108
1768913309.9077797,0.27538695332900354,-1.2034651880914158,1.234571355982204
1768913309.9277952,0.2616512130342076,-1.184115369464525,1.2126790859433425
1768913309.9482658,0.26299282507807353,-1.1964416072797395,1.22500520230433
1768913309.9677515,0.26664673265906524,-1.1842088397731754,1.213857922590072
1768913309.987816,0.2681085843713449,-1.1959536143990608,1.225637491596836
1768913310.007963,0.2772113552304376,-1.1861039149161279,1.218067581231871
1768913310.0278492,0.285150261184551,-1.1875170428797794,1.2212728600044929
1768913310.0478587,0.286846996874937,-1.1985856425645967,1.2324320436349248
1768913310.0679376,0.29772108127144714,-1.189623393774804,1.2263122201338947
1768913310.088022,0.29964681579462027,-1.2003727932081176,1.2372077662584056
1768913310.1079047,0.31098584960151665,-1.1918501229982308,1.2317544050431786
1768913310.127724,0.3130268024912187,-1.2021168973600886,1.2422040146435376
1768913310.1478202,0.2715890165428064,-1.1740354451014898,1.2050393438644824
1768913310.1677294,0.2727458498913924,-1.1836556185015645,1.214673174908913
1768913310.1878045,0.2705066788066749,-1.1725556265790562,1.2033538800790151
1768913310.2079163,0.2715824347126641,-1.1818679177020837,1.2126701091961976
1768913310.2281668,0.2624980100375788,-1.1687214959554062,1.1978376936721984
1768913310.2479012,0.26335113328301185,-1.17736098084338,1.2064545986542272
1768913310.2677622,0.24842235172553728,-1.1626995958090962,1.1889423934453183
1768913310.288453,0.2501641293170711,-1.1641965897122173,1.1907710909719489
1768913310.3078341,0.2507108446864349,-1.1721822918398388,1.1986939780220316
1768913310.3279626,0.27650264098615096,-1.1754264512410142,1.2075102702459142
1768913310.3477876,0.27751605687572367,-1.1834991540014475,1.215600842935703
1768913310.3678763,0.27852512867053225,-1.1916290959142213,1.2237467669131066
1768913310.3877475,0.25859018216973695,-1.1714334251129142,1.1996354245296157
1768913310.407893,0.2538439279239897,-1.170231924233427,1.1974470745043175
1768913310.4279957,0.2543553868178128,-1.177708466658391,1.2048626043006305
1768913310.4478092,0.24715998279485984,-1.1692315869081042,1.1950692703432715
1768913310.467788,0.24750173181604607,-1.1763656404936746,1.2021203048722018
1768913310.4879386,0.24136767052146002,-1.1690426447396582,1.1936997351063
1768913310.5079868,0.24158985578968373,-1.1759565782152333,1.200516360683252
1768913310.527812,0.23607176289913256,-1.169154538419777,1.1927498530479332
1768913310.5476978,0.2293554080063397,-1.170384797517018,1.1926459983753377
1768913310.5678182,0.229221260445981,-1.1768793917803482,1.1989943657239288
1768913310.5877733,0.2210089531547199,-1.1732451641313624,1.1938798819530265
1768913310.607955,0.22074922229362748,-1.179568620819584,1.2000468117392158
1768913310.6280394,0.21230398755212132,-1.1777388572695937,1.1967212704106247
1768913310.6478813,0.21191750560171063,-1.183833145980051,1.2026512157319245
1768913310.6676774,0.21470901485058103,-1.1590121715930373,1.1787320199939064
1768913310.6878278,0.21439373373977122,-1.1646175272243529,1.1841869184318186
1768913310.7081356,0.21049984714882997,-1.1604223084603245,1.1793600466448189
1768913310.7277071,0.21005257063208527,-1.1656617617677512,1.184436332301844
1768913310.7477527,0.20966137054520728,-1.1710615800892459,1.18968193844406
1768913310.7678282,0.204331058377206,-1.1639505323124215,1.1817495602232813
1768913310.7879958,0.20155920207421207,-1.1658023829136557,1.1830981818716277
1768913310.807922,0.20100187245958778,-1.1708711986961973,1.1879987864760344
1768913310.82775,0.1949983592189508,-1.1710240682163437,1.187148570499935
1768913310.8478153,0.19433008354303338,-1.1760203692031226,1.1919681581948787
1768913310.8677754,0.19430130535618673,-1.1576069143521703,1.1738001386177594
1768913310.8879158,0.19351324699397687,-1.1621017055748428,1.1781034550760432
1768913310.9078948,0.18459169861348013,-1.1665484880986057,1.1810628561944332
1768913310.9279623,0.18374521090493134,-1.171064833038164,1.1853924015739263
1768913310.94788,0.1741764012838357,-1.1771596390013457,1.1899757285163284
1768913310.9680293,0.1786265484210936,-1.1597724149051913,1.173447697247667
1768913310.987917,0.17779732855869568,-1.1639061532269768,1.177407925725926
1768913311.008064,0.17696527032830833,-1.1680535669497125,1.1813830209404221
1768913311.0279212,0.17001291732932022,-1.1682087661602072,1.1805151898185724
1768913311.0479064,0.16889398919855447,-1.1578796596470795,1.1701326787214508
1768913311.0678508,0.16778221757719158,-1.1615955735133117,1.1736503520814192
1768913311.0879512,0.15829880131904117,-1.1682083745721226,1.1788847767782422
1768913311.1079018,0.15699792488139352,-1.1719567118399166,1.1824258466574946
1768913311.1277356,0.15575771880733402,-1.1757040972968582,1.185976640313242
1768913311.148234,0.14229276258448587,-1.1867168609820204,1.1952171929916942
1768913311.1677558,0.14358315009678357,-1.1750370547258626,1.1837770909130425
1768913311.1878269,0.14216268306432656,-1.1786240390288985,1.1871667337964127
1768913311.2077477,0.13501834836634707,-1.1878624099460406,1.1955112125607152
1768913311.2277763,0.13351033436734394,-1.1915774305513551,1.1990336869255382
1768913311.2477388,0.13677864923090222,-1.176419462475371,1.1843441858582626
1768913311.2680492,0.13542037792818962,-1.17978128761008,1.187527921925675
1768913311.2877133,0.1314926336324299,-1.1844726375015924,1.1917490263010795
1768913311.3078287,0.12919977323448573,-1.1880204457888208,1.1950251717081575
1768913311.3280616,0.1276091179304576,-1.1913494898956927,1.1981643017773969
1768913311.3477373,0.12482598747995777,-1.1914288504315493,1.1979500126428437
1768913311.3678458,0.12328521679897764,-1.1946701155754393,1.2010145418479348
1768913311.3879192,0.11886610973018896,-1.2054240751527328,1.211270553179681
1768913311.4078927,0.11725978147165905,-1.2087501297137813,1.2144244449260169
1768913311.4283211,0.11930460433342505,-1.2065838308606782,1.2124677849368142
1768913311.4477127,0.11789632228601965,-1.2097904526082033,1.2155214856309742
1768913311.4677982,0.11585882019188509,-1.2169044891693712,1.2224073797130088
1768913311.488239,0.1144589332591971,-1.2203821125031489,1.2257378789612736
1768913311.5077822,0.11308379023346382,-1.2237920650518745,1.2290056802543663
1768913311.5279694,0.11215982533177038,-1.2274195718351422,1.2325334201320535
1768913311.5483615,0.11630307733451495,-1.2178199581623979,1.2233608855510063
1768913311.5679803,0.11506675576355108,-1.2209203424828523,1.2263306409653125
1768913311.5878854,0.11328687336056542,-1.226902471840619,1.2321215812915678
1768913311.608199,0.1099323014357324,-1.2368983601321784,1.2417739988406218
1768913311.6281214,0.10845747589262511,-1.2401890667867175,1.2449224656396511
1768913311.647902,0.11206964280870069,-1.2322358161487514,1.2373215877204475
1768913311.667978,0.11063351200501792,-1.2352070930399606,1.2401517393749824
1768913311.687828,0.09007209422247031,-1.2437668280018404,1.2470240192535913
1768913311.7077837,0.08837175863359181,-1.2469016854756916,1.2500293520418286
1768913311.7278516,0.09209720948686662,-1.2358225572962667,1.2392494862284802
1768913311.7478027,0.09049540935409173,-1.2386901225536295,1.241991400463824
1768913311.7680724,0.08668025834831627,-1.2490957170323629,1.2520996675568299
1768913311.787771,0.0851154215037001,-1.2521481690862934,1.255037717490558
1768913311.807776,0.09097331977746337,-1.2375086965329096,1.240848064392218
1768913311.82772,0.08947174215250742,-1.2401668016047136,1.2433900789560248
1768913311.8478577,0.08665614786526099,-1.2477982780591415,1.2508036739193744
1768913311.8677907,0.08498272793549877,-1.250403640831525,1.2532882066995177
1768913311.8877974,0.0835887539933593,-1.2533077924858347,1.2560921552576778
1768913311.9077187,0.08089233170553067,-1.2597633164234043,1.2623577871328129
1768913311.9278255,0.08425407240101723,-1.2512443795482735,1.2540778468928073
1768913311.947856,0.08276952353009248,-1.2538209649299947,1.2565499616503044
1768913311.967849,0.07880950558451705,-1.2633698409101655,1.2658255381733508
1768913311.9878228,0.07545359284676523,-1.269819106617005,1.2720588855092732
1768913312.0078437,0.07400148123478545,-1.272721520401051,1.2748710867052029
1768913312.0278842,0.06972640245957185,-1.2752542510622025,1.2771590253575211
1768913312.0478995,0.06816567771950799,-1.278114085477437,1.279930535269311
1768913312.0678082,0.08137303148475294,-1.266405812942006,1.2690174361711195
1768913312.0877683,0.08010528974599995,-1.2689666913477318,1.2714925564844255
1768913312.1078057,0.07230323252847826,-1.268390829605476,1.2704499415802792
1768913312.127843,0.0708368007928093,-1.2708259933855324,1.2727987106415866
1768913312.147834,0.05516426571297106,-1.2717143476671584,1.2729102396768428
1768913312.167981,0.0534257912182905,-1.2741277058064533,1.275247319491759
1768913312.187756,0.08497160934049586,-1.2942346698119316,1.2970210310311523
1768913312.2078102,0.08390096704134509,-1.296966179860263,1.2996771306643036
1768913312.2277677,0.08178379259349311,-1.2794075672762144,1.2820188422697292
1768913312.2479014,0.08069122391393413,-1.281742059690643,1.2842794793956418
1768913312.267795,0.07965697081603962,-1.2841010383700109,1.2865693567556036
1768913312.2876968,0.08180801299236962,-1.2929568554124415,1.2955423501174281
1768913312.3078043,0.08324619356129537,-1.2991378335078902,1.3018022273732748
1768913312.3278892,0.08239101935623228,-1.3018388421267897,1.3044434257339717
1768913312.3478086,0.10244839770925485,-1.3130809357805369,1.3170714552003182
1768913312.367888,0.10198092579912155,-1.3170112700119425,1.32095374429437
1768913312.3877478,0.10867432194103765,-1.323093235844011,1.3275488009807852
1768913312.4078567,0.10833499932579105,-1.3298313263092219,1.3342367962667885
1768913312.4279068,0.08121532931446096,-1.3039691638364346,1.3064958897570045
1768913312.447847,0.08848526090863462,-1.3174106215698345,1.3203788801791274
1768913312.467879,0.08782885063284696,-1.327514659740233,1.3304168815934023
1768913312.4884412,0.1019648068580683,-1.3269797909944625,1.3308915010418056
1768913312.5079834,0.10161179928314568,-1.3446837113939,1.3485174234846327
1768913312.527794,0.10458490482193206,-1.364559787432409,1.3685618056171938
1768913312.5477316,0.10432100787773857,-1.3794392613301607,1.3833783099296182
1768913312.567706,0.06780415583581478,-1.3534674093570338,1.3551647249468413
1768913312.5881002,0.0668398037468555,-1.367463040213341,1.3690955867704897
1768913312.6079082,0.06431852147760908,-1.3771620752268188,1.3786632125534153
1768913312.6277683,0.06335861026203471,-1.3925868102142118,1.3940273804617074
1768913312.6477683,0.06240254949093549,-1.4140046998002997,1.4153809979084446
1768913312.6679478,0.05656427239060202,-1.402024612948411,1.4031651835134094
1768913312.6878026,0.06889013839909486,-1.3948919218540645,1.396592039509882
1768913312.7078323,0.06519705712500412,-1.3975155851006935,1.399035548818219
1768913312.727735,0.06440364942992916,-1.433371727422717,1.4348178766082742
1768913312.7484846,0.07374708106673267,-1.4018031422086175,1.4037416719153908
1768913312.7677357,0.07314154822664565,-1.4221092148373433,1.423988871094952
1768913312.7879362,0.05804352096078447,-1.4550293623514463,1.4561866280221025
1768913312.8077998,0.05717830283371739,-1.485692881339407,1.4867927548846658
1768913312.8279223,0.06733414145535999,-1.472404976765345,1.4739437920792253
1768913312.8479655,0.06673416008431443,-1.5275115592721882,1.528968610479728
1768913312.8678887,0.029489924616663443,-1.5202786582867844,1.5205646498903498
1768913312.88774,0.028156215499914095,-1.5568452412305103,1.557099829045448
1768913312.9077249,0.02804106447372534,-1.5372951992401234,1.5375509197758461
1768913312.9280324,0.026656574000035183,-1.5492413396370104,1.5494706519898007
1768913312.9477189,0.028421499626016367,-1.5420367648347924,1.5422986629518758
1768913312.967829,0.027085443249440844,-1.5485008354766991,1.548737698484819
1768913312.987933,0.01838305680981933,-1.5631019852658499,1.5632100796501136
1768913313.0077908,0.016938205463258416,-1.5755332662933572,1.5756243130903163
1768913313.0277448,0.015495547965545975,-1.5938723868571403,1.593947708550199
1768913313.047813,0.020303854723117576,-1.5665509005471865,1.5666824727818394
1768913313.0677423,0.012208348450409856,-1.627063812744705,1.627109613552579
1768913313.0877807,0.01076872612171087,-1.6527891286320555,1.6528242100074024
1768913313.1077507,0.02002140271410524,-1.646875155260246,1.6469968529357
1768913313.1278844,0.01881857834815781,-1.686719681340909,1.6868246566593175
1768913313.1478086,-0.026226573183814827,-1.6487448109258036,1.6489533906983938
1768913313.1678336,-0.028262802021137512,-1.6897092320579326,1.6899455834079078
1768913313.1876855,-0.05540200614758661,-1.6610946116319791,1.6620182583467527
1768913313.207734,-0.05785468920014725,-1.7334137825206515,1.7343789973633208
1768913313.2278094,-0.049918698640367576,-1.7297838274591406,1.730503963073515
1768913313.2481287,-0.052191586749738894,-1.7985357940071394,1.799292906686498
1768913313.267814,-0.055933119122468455,-1.7781459231085837,1.7790254179416451
1768913313.2878337,-0.0583177157961946,-1.8078591707140053,1.8087995292763697
1768913313.3077736,-0.10521867537801122,-1.753186136676236,1.7563406843440281
1768913313.3284447,-0.10566423451112072,-1.7107592108868594,1.714019255460408
1768913313.3478818,-0.10875532608384975,-1.7310534047332498,1.7344663764369088
1768913313.3678439,-0.11683902461183704,-1.7680537184647989,1.7719100736350724
1768913313.388066,-0.12011898060120496,-1.8071609678893283,1.811148622660042
1768913313.4080553,-0.12340402856630894,-1.828815597535348,1.8329743708123598
1768913313.427899,-0.12818691876278276,-1.8690758550499584,1.8734664229904494
1768913313.4477835,-0.1384288480532493,-1.9085076615699972,1.9135213717763198
1768913313.4677346,-0.14173644277936936,-2.011051260671189,2.0160397794336617
1768913313.4877293,-0.17764172748016271,-1.9403280584050258,1.9484428545831036
1768913313.507819,-0.18157818254416624,-2.0566194520455774,2.0646196276574273
1768913313.5278838,-0.18971746604839557,-1.9591888275630307,1.9683530117770103
1768913313.5477688,-0.19369462074586508,-2.0898028737168737,2.0987600284694743
1768913313.5681572,-0.22735319999650017,-2.045913829242366,2.0585074384693898
1768913313.5877957,-0.23191483852617656,-2.114265692838023,2.126947087315636
1768913313.6078594,-0.2346750836495607,-2.050613528819934,2.0639981200246456
1768913313.628407,-0.2394320419383017,-2.0840978737003457,2.0978063899867037
1768913313.6479225,-0.2210288014864834,-2.0814830111993956,2.093185433017881
1768913313.6677918,-0.2252032304995516,-2.1277536434590747,2.1396383017418623
1768913313.687765,-0.220728321227192,-2.103841758790237,2.115389122081649
1768913313.7078326,-0.2550636227016384,-2.044376627309261,2.0602265035461693
1768913313.7279816,-0.2596645045635759,-2.13485018437975,2.1505838659946512
1768913313.7479799,-0.2642677811131101,-2.1894617779574457,2.2053526559874785
1768913313.76784,-0.28009369305966647,-2.1924033571507726,2.2102228297929107
1768913313.7877908,-0.2849197281651251,-2.257483386315786,2.2753923817639623
1768913313.8078926,-0.31327918725367143,-2.2056211460177177,2.2277586244759173
1768913313.8278377,-0.34107325447569037,-2.2631895734327436,2.288745947066498
1768913313.8477938,-0.346796881109001,-2.3139961149385533,2.339838904005498
1768913313.8678162,-0.3283018125095981,-2.2721035198382795,2.2956995633049604
1768913313.8878543,-0.3335958859155155,-2.297292048946627,2.32138686419415
1768913313.9077485,-0.3512999193091776,-2.2440318015127714,2.2713631060460786
1768913313.9279015,-0.35675153120512115,-2.3520333064465433,2.3789351251455044
1768913313.9477232,-0.3987737102380473,-2.3354769733805325,2.369276928762805
1768913313.9677799,-0.40498649577497037,-2.3835830907631603,2.4177432478102694
1768913313.98779,-0.3872929813604806,-2.3221343161315735,2.354209768811382
1768913314.007821,-0.3929343113374659,-2.4534026260958255,2.484669358035419
1768913314.0277903,-0.3657455048254773,-2.41940447694779,2.446893499393681
1768913314.047908,-0.37081893900408436,-2.5129276411716797,2.5401401566230115
1768913314.0677497,-0.4330907778636892,-2.460461750527608,2.498287342897121
1768913314.0878494,-0.439288290037833,-2.539810905034541,2.5775208311664017
1768913314.1078227,-0.42132615898697234,-2.4686593741562506,2.5043551740630257
1768913314.1283698,-0.4454651557971445,-2.4183203616433446,2.4590064206032833
1768913314.1477668,-0.4514151574378771,-2.45876791678114,2.4998630588408095
1768913314.1678953,-0.4575856074254604,-2.461699626634902,2.5038669373385924
1768913314.1878097,-0.4637129572363443,-2.4888491775336914,2.531679271791553
1768913314.2078986,-0.4799246052726239,-2.443324782857845,2.4900127753233354
1768913314.2277303,-0.49967989602249197,-2.5251586472961507,2.574122412105449
1768913314.2477875,-0.4241489761240713,-2.496053935258645,2.531834829065132
1768913314.2679026,-0.42915573471610136,-2.5457515186176924,2.5816710555731155
1768913314.2878942,-0.469170941109717,-2.6030597344166906,2.6450030912880367
1768913314.3078332,-0.47481455238619164,-2.665676499614928,2.707633664245774
1768913314.3277776,-0.46428208589732645,-2.6112819434078185,2.652235141018399
1768913314.3484135,-0.44995523948550253,-2.5428769760996746,2.5823793356357
1768913314.367998,-0.4548053883244676,-2.601605314833704,2.6410600438876712
1768913314.3877969,-0.43258088862529376,-2.6011692837965557,2.6368936019814178
1768913314.4078567,-0.4370008729032808,-2.6576137015077874,2.6933028699647115
1768913314.4278045,-0.41423187471855205,-2.541198123719242,2.5747380352235916
1768913314.4479148,-0.41819662334351526,-2.5584746132892935,2.59242758097921
1768913314.4677768,-0.3798994875516284,-2.5368597027064483,2.565147319718273
1768913314.4877863,-0.3830354664963376,-2.541921181556377,2.570618497918163
1768913314.507752,-0.3793777102949396,-2.55747992887343,2.58546534180195
1768913314.5278156,-0.38236755296810054,-2.5869397623658084,2.6150453685685986
1768913314.5478444,-0.38537915510184595,-2.5804667115279925,2.6090851926472434
1768913314.5678315,-0.36643628066488665,-2.5180503231626465,2.5445732407944215
1768913314.5882516,-0.3659930735633756,-2.572305901417219,2.598212574129034
1768913314.6077688,-0.36843847138755015,-2.603282518925905,2.629225509640358
1768913314.6283393,-0.3566060320837001,-2.557507256606383,2.58224925785889
1768913314.6478186,-0.35871479752977664,-2.6595406933379673,2.683623111669637
1768913314.667789,-0.30929750725183136,-2.54698294387153,2.5656942655672523
1768913314.6878352,-0.31049296050813946,-2.6214303534778653,2.6397543402105046
1768913314.707794,-0.28162384144709596,-2.583927288692995,2.599229159063077
1768913314.7296853,-0.2822415970529726,-2.668020843014944,2.6829080375348657
1768913314.7477398,-0.25939267587767034,-2.589879978224163,2.6028374635972504
1768913314.7679245,-0.2199390361360276,-2.4777251638139655,2.487467621299499
1768913314.7878413,-0.21940783647835094,-2.473380077629375,2.4830925893172013
1768913314.8078,-0.21828433530725455,-2.4179995524219375,2.427832343172242
1768913314.8279305,-0.21772735135834087,-2.4123583983434007,2.422163958444485
1768913314.8477964,-0.21720813898197178,-2.395242795966129,2.4050711896465042
1768913314.8679552,-0.1763563924470808,-2.4150204282626424,2.4214510620871166
1768913314.8879313,-0.1750739305371123,-2.3868756720552655,2.3932877710386165
1768913314.907738,-0.12811594059114584,-2.4369125746620766,2.4402779740799416
1768913314.9279888,-0.12589567289435988,-2.4324653118081434,2.43572108698911
1768913314.9477541,-0.12368673252921236,-2.4894414443994335,2.492512209177177
1768913314.967804,-0.12145678032676788,-2.5214612753506302,2.524384818640013
1768913314.9877841,0.12767710975911828,-1.9706747662512534,1.9748064408179031
1768913315.0077555,0.3969577421453281,-1.630641998244302,1.6782636191871902
1768913315.0277324,0.4088956836044637,-1.6329147278574065,1.6833318711781078
1768913315.0477908,0.4760606784202288,-1.5497778596640408,1.6212480327953473
1768913315.067724,0.4890498710309359,-1.562092190988721,1.6368572905123153
1768913315.087784,0.4663291196514765,-1.4433231157590718,1.516787547522525
1768913315.1078193,0.4786740231173787,-1.465643067867136,1.5418295699571878
1768913315.1280634,0.5500165819816296,-1.4865777054250733,1.5850651452611122
1768913315.1478026,0.5633959901716241,-1.5583200169031617,1.6570384174250563
1768913315.168166,0.5509389550654449,-1.306173772408803,1.417611955345061
1768913315.188119,0.5639888497744221,-1.337240684972436,1.4513084001050314
1768913315.2078419,0.5933171544617546,-1.3527414719102522,1.4771373448682792
1768913315.2277877,0.6066037322297793,-1.4091791479384879,1.534194889490817
1768913315.24779,0.6808511243187048,-1.3984067181418893,1.5553454930755461
1768913315.2679958,0.6101362627794047,-1.21938818360596,1.3635152369798662
1768913315.2880065,0.622892019853758,-1.1755321620217125,1.3303647365835192
1768913315.3077612,0.635543162395027,-1.1687385882750307,1.3303627321111273
1768913315.3278234,0.648345919909409,-1.1608495910148433,1.3296331091028482
1768913315.3478441,0.8875512286883158,-0.9889307792601474,1.3288082140452855
1768913315.3679335,0.904816478047132,-1.0368984881503875,1.3761727121528662
1768913315.3878472,0.7506339776510755,-1.1356620195737046,1.3613153900204393
1768913315.4079144,0.7644600124625631,-1.1614546816929099,1.3904589487937575
1768913315.4277773,0.8935939644163882,-1.0143049128278576,1.351785718754317
1768913315.4479737,0.9096002271758818,-0.9654924679330592,1.3264796564266959
1768913315.467777,0.8390295569041357,-1.0768782861382107,1.3651510687519972
1768913315.488025,0.8533472587650446,-1.030098117776391,1.3376485623243048
1768913315.5077453,0.8147718604680096,-0.9377078542333166,1.2422355672340706
1768913315.5279303,0.8937405564955143,-0.9461914765083188,1.301556949404022
1768913315.5481715,0.9085352010861536,-0.9590868676710764,1.321091908745101
1768913315.5677688,0.9482425611161396,-0.8241163532336282,1.2563167269360023
1768913315.5878093,0.9633636044890155,-0.8481872201148288,1.2835462573745402
1768913315.6077623,0.9688786485305012,-0.8711777867400223,1.3029491823120094
1768913315.6277595,0.9837932777258773,-0.8837391380272521,1.3224386856787635
1768913315.647873,0.9668308606441318,-0.7111716424601089,1.2002195708008105
1768913315.6677647,0.9810871625326907,-0.7211832768411242,1.2176359633657952
1768913315.6878374,0.9954014834267522,-0.7428776290362391,1.2420512408635493
1768913315.7078886,0.9476479307800165,-0.5699884234499635,1.105858672515897
1768913315.727913,0.8740755585019735,-0.6106696959755507,1.0662671145418527
1768913315.7477388,0.8854233182242377,-0.6069058304408657,1.0734566313914766
1768913315.7678304,1.0151902389235916,-0.5249460398739321,1.1428821312738524
1768913315.7877636,1.028828828313682,-0.5082578190489455,1.1475254980146168
1768913315.8077412,1.0581516275704925,-0.5412585736476228,1.1885477316780935
1768913315.8279533,1.0723038387237074,-0.5609500541035191,1.2101654786599805
1768913315.8477235,1.0186994922711532,-0.4640540062857825,1.1194171591964233
1768913315.867772,1.0284721816716185,-0.4758700825712321,1.1332287341744958
1768913315.8878899,1.0411725022034872,-0.49390733258236263,1.1523821555904512
1768913315.9077766,1.1212707661216055,-0.20256919661519834,1.1394219632674538
1768913315.9282286,1.135492656092291,-0.2012196773753434,1.1531838234221652
1768913315.9478052,1.0412133299875679,-0.28346800317530896,1.0791104240845777
1768913315.9681149,1.053250242864773,-0.2841890822407116,1.0909168201836112
1768913315.98781,1.17100102134161,-0.0832886804807016,1.173959282206717
1768913316.0077205,1.1847980383621008,-0.035094032673224085,1.1853176716964746
1768913316.0277338,1.1336271645046843,-0.15358170197324394,1.1439833422230976
1768913316.0478969,1.1462954320600727,-0.14368189594899672,1.1552652097182219
1768913316.0679135,1.1368634038445,0.25826496726603754,1.1658298299142247
1768913316.087837,1.148953887438934,0.2611279081545437,1.1782541406157698
1768913316.1078248,1.1697027737153596,0.264423952499933,1.1992183310361348
1768913316.1279051,1.1819826108760723,0.3020607191299103,1.2199686760137307
1768913316.147775,1.136265991774686,0.005774369192338646,1.1362806640101204
1768913316.1685107,1.2073362606924958,0.35799080892066204,1.259292764076173
1768913316.1887605,1.2196538486500863,0.33679356817969186,1.265300524813839
1768913316.207888,1.2313972370911161,0.31070844985069446,1.2699916914390645
1768913316.2277393,1.1144190543784889,0.23818733296386085,1.1395889760550875
1768913316.2479177,1.0598594424479582,0.3750532006844294,1.1242628434177355
1768913316.267907,1.0683218010869744,0.3651197367313914,1.12899242372503
1768913316.287787,1.077259289837501,0.4059281513509987,1.151201651145635
1768913316.3078105,1.0857552442184277,0.42065486819887976,1.164394679001598
1768913316.3281782,1.1451631433114355,0.5992926014496698,1.2924976777353374
1768913316.3478334,1.1544826519959448,0.6617289788570613,1.3306823194206794
1768913316.367832,1.1882218509547808,0.5676114365092948,1.3168348073857066
1768913316.3881752,1.1982122606301162,0.5477954229061597,1.317494761614357
1768913316.4078317,1.1830924398629068,0.6696503481795739,1.359462875579098
1768913316.4277215,1.1923856313218493,0.6610408834136532,1.3633629536286762
1768913316.4478002,1.120686796029699,0.7389937460899318,1.3424048016732295
1768913316.4681935,1.1997283661920726,0.7908884210686864,1.4369595148181522
1768913316.4882963,1.2089706642723956,0.7622652425956673,1.4292159973708205
1768913316.5077915,1.2178135817778977,0.7762334987550252,1.444163551870833
1768913316.5277503,1.0800739672113806,0.7265148812396234,1.3016849262822223
1768913316.5478764,1.0711192591050172,0.7619979567028254,1.3145103092958084
1768913316.5680053,1.077287847678765,0.8269014260674084,1.3580556230098455
1768913316.5878465,1.0700088557569252,0.7665320199387216,1.3162409691958312
1768913316.6077611,1.0758366725714654,0.8047349801480763,1.3435114194987579
1768913316.6277328,1.108224408871302,0.9140171716994381,1.4365196589603593
1768913316.647885,1.1146616608964777,0.9776854319085437,1.4826798110309218
1768913316.6678612,1.167906397009978,0.979859541549656,1.5245097813207793
1768913316.6883924,1.1754003215631488,1.0327627230334189,1.5646612278759118
1768913316.7077706,1.172381660195045,1.0827900366533774,1.5959050788306652
1768913316.7279148,1.1795735269944871,1.1452414245599023,1.6440716608816686
1768913316.747794,1.0953854609362754,0.9562285306205425,1.454043434978233
1768913316.767813,1.1005748085168556,0.930886839198978,1.4414628737972328
1768913316.7877886,1.0696433977486954,0.8583059269452189,1.3714321210241014
1768913316.8078837,1.0740533869830045,0.8085421698982316,1.3443701568368007
1768913316.827734,1.0787236274584995,0.8651415505727451,1.3827923079640838
1768913316.847917,1.1055002612387195,1.040731436898243,1.5183058820103275
1768913316.8678288,1.1851262055388425,0.15470469346040616,1.1951810177682596
1768913316.8877337,1.191541471429766,0.15069383054256846,1.2010327675382568
1768913316.9077544,1.1796005762074655,0.11094308987645363,1.184806266264793
1768913316.9279723,1.1474378543359633,0.15425468822744293,1.1577599657974296
1768913316.9479413,1.1529199499144478,0.18587512528549155,1.1678073356126129
1768913316.9686537,1.1195199682922392,0.16676213750181823,1.1318721526344007
1768913316.9878864,1.124110016339235,0.21708569734549243,1.1448797005913651
1768913317.007839,1.1555677926349188,0.11603449312542402,1.1613788903583588
1768913317.0277383,1.1607339605270397,0.13123949369494348,1.1681297581288186
1768913317.047834,1.1287024235410825,0.0490453520272105,1.1297675015077155
1768913317.067847,1.1330816627961628,0.027128141380813986,1.1334063660575118
1768913317.0877306,1.1597392177654668,0.06677154388802542,1.1616598005855447
1768913317.109974,1.1652474388839942,0.10375206506259715,1.1698572925064241
1768913317.127872,1.1465974134738595,0.0028188094306020872,1.1466008783668145
1768913317.1478188,1.1510503756569552,0.01617943266702504,1.1511640809812669
1768913317.1678405,1.1562261819625108,0.08691868307202633,1.1594886119848613
1768913317.187786,1.1606331375571695,0.09031626313860741,1.1641418759683553
1768913317.2077847,1.1649097261201746,0.04587337931976343,1.1658126079862043
1768913317.2277515,1.1416650576429652,0.12245061789691469,1.1482130715447596
1768913317.2478979,1.152424010936525,0.1037206413441556,1.157082137284934
1768913317.267722,1.1590148559514049,0.17517421363453778,1.1721780758223277
1768913317.287911,1.163175809738459,0.20401837609684392,1.1809324545230828
1768913317.3077602,1.2077935054813755,0.21636915027638182,1.2270210923510292
1768913317.3278136,1.2126186965956147,0.20962328393275165,1.2306039267367868
1768913317.347819,1.2121989532677686,0.19526895511734033,1.2278258293162316
1768913317.3677504,1.2169060105872203,0.1904843804017169,1.2317242133612256
1768913317.3877447,1.2184593842932616,0.31935072621223703,1.2596142891792699
1768913317.4079242,1.2231520295638716,0.3103989260432751,1.2619224939413025
1768913317.4279149,1.2042187121335985,0.249158526226827,1.229724634966799
1768913317.4478235,1.2085316612817985,0.2955176752732349,1.2441380440768783
1768913317.467726,1.2081109291556988,0.21482526293399573,1.2270623092329527
1768913317.4879167,1.212285747439709,0.23020173436356828,1.233948772011808
1768913317.5077262,1.224916680460385,0.2441868622023975,1.2490188540379772
1768913317.5278213,1.2291772290358407,0.24139619351100094,1.252656689848351
1768913317.5478349,1.2567690062046375,0.32337935930576833,1.297706648276721
1768913317.567759,1.2615932957198177,0.36466442073147043,1.3132394235449263
1768913317.5879488,1.266387241698525,0.3876453151765311,1.3243887406328665
1768913317.6078603,1.3212381105679971,0.4041100246435452,1.3816566349258768
1768913317.6277566,1.370395932700588,0.586536183939609,1.4906407036683096
1768913317.648425,1.3768868422876368,0.588426340964018,1.4973519743884944
1768913317.6678,1.28052552113656,0.3589518643568521,1.329884224738123
1768913317.6877897,1.2851274794363194,0.3953625122099247,1.344568389656432
1768913317.7077577,1.2776509691473255,0.45873157468375503,1.3575075162130548
1768913317.7277608,1.2925565076506256,0.5126808510560643,1.390519320437351
1768913317.74789,1.2971072024662784,0.5431862613286143,1.4062497677105772
1768913317.7679265,1.3261545873628477,0.6163209383159671,1.4623739222887555
1768913317.7877042,1.3309461947542447,0.6000774336641577,1.4599694173933115
1768913317.8081582,1.3485812233289212,0.5713585262445093,1.464623460629942
1768913317.827901,1.3536566747350576,0.5727758652322628,1.4698498511233522
1768913317.847784,1.3433186338749794,0.5822409203084646,1.46407289483734
1768913317.8678076,1.348223752174412,0.5959980461420233,1.474083090240289
1768913317.8878443,1.3362884462071034,0.6860892822035876,1.5021269302629618
1768913317.908047,1.34096996238973,0.7265152776318331,1.5251311054017531
1768913317.9277954,1.3855167356641376,0.7858096286517373,1.5928444359971845
1768913317.947858,1.3910405975636357,0.8483868630998916,1.6293416503455225
1768913317.9677224,1.3936510688238384,0.8621100866869646,1.6387486394201012
1768913317.987795,1.4012639271902276,0.875541223494702,1.6523053675647184
1768913318.0079653,1.4066707624392376,0.9127564734987708,1.6768562889571959
1768913318.0276926,1.4143565405769185,0.9418272302116044,1.6992477616406534
1768913318.0479171,1.4198027108197442,0.9811510553605345,1.725832300974282
1768913318.0678008,1.2897287132035091,0.8695862134764756,1.5555000277498983
1768913318.088232,1.2924384487445926,0.8737377937741897,1.5600688690127489
1768913318.107938,1.2806141760973884,0.8810611420910881,1.5544263907063742
1768913318.1283116,1.2832569450675924,0.9233724662226894,1.5809380438342235
1768913318.1477485,1.3219979020648596,0.9117823607149003,1.6059344713825425
1768913318.16771,1.32540904453286,0.9800516696259063,1.648396314745345
1768913318.1877549,1.3752643968592482,0.924103551078554,1.6569005807182957
1768913318.2078147,1.3795364162418735,0.9858508285477594,1.6955891542133004
1768913318.2279508,1.350518878914805,0.97244497313228,1.6641966434515911
1768913318.2478867,1.3540165125047252,1.012861890483025,1.6909316737610383
1768913318.2679741,1.3663451686224761,1.0054838113323328,1.6964365047561836
1768913318.2878592,1.370187176758737,1.0756488149537784,1.7419624773414455
1768913318.3080165,1.3858517214771142,0.9966067531752945,1.7069885806283778
1768913318.3279138,1.3897436413107809,1.0378205541265633,1.734490960233381
1768913318.3477185,1.2962983530849037,1.0192817953189728,1.6490375370134247
1768913318.3677797,1.29830076810476,1.054292909519841,1.672458795763059
1768913318.3879874,1.3059371152247479,0.9806106235637788,1.6331163289758877
1768913318.4077582,1.3322645532738107,1.003527004989726,1.6679314403336596
1768913318.4277859,1.3349748960239187,1.0562662973937051,1.7023091564177995
1768913318.4478254,1.3164806289553384,1.0236080045671176,1.6676014492163647
1768913318.4677143,1.3187776231063961,1.0756299638145705,1.7018091074682526
1768913318.4878314,1.2858750154773182,1.0797965917762617,1.679117397634967
1768913318.5077982,1.287556148149343,1.1386447512713271,1.7188114219526571
1768913318.5278385,1.3076922409299174,1.1203018293096,1.7219567897432113
1768913318.54799,1.3097302822427284,1.1781278879587909,1.7616409204516845
1768913318.5683663,1.3115161637868982,1.162836295937403,1.7527871801858095
1768913318.5877404,1.3134507249855094,1.2122065419105752,1.787343701478749
1768913318.6077507,1.3297637486778358,1.1716735945708674,1.772312229691018
1768913318.6278431,1.3320198898867273,1.2179497038027538,1.8049040052166387
1768913318.6480823,1.3229666268471716,1.2149415177324823,1.7961969789701493
1768913318.6682546,1.3249838847944129,1.2576528270538532,1.8268204422880328
1768913318.6878436,1.33410281971882,1.2563699564717794,1.8325653606642813
1768913318.7081103,1.3363024741684693,1.3033266750334072,1.8666453129404121
1768913318.7279093,1.2712956667425417,1.374265123403342,1.8721103871516676
1768913318.7478118,1.3202860997113939,1.4246431913827546,1.9423603187473648
1768913318.7677226,1.3221559464373716,1.4805022307499005,1.984939092757038
1768913318.787988,1.2913486007991724,1.5444148126062665,2.013156308433011
1768913318.8077881,1.2925899962478797,1.6010742962762272,2.0577239369255804
1768913318.8278115,1.2130339806327626,1.3320681067676734,1.8016261763299786
1768913318.8478086,1.212755666204774,1.3862508771566233,1.84186530461087
1768913318.867873,1.18368545934761,1.3946592334827788,1.8292582223977387
1768913318.8878863,1.182834964081998,1.4463663183348014,1.868441617784251
1768913318.907947,1.1875803813063932,1.4646743627461394,1.885634681201438
1768913318.9278011,1.1868359774355457,1.516530547099288,1.9257322081796973
1768913318.9478385,1.2062856020554686,1.5404826582766749,1.9565816553820325
1768913318.967846,1.20593589764767,1.5954300561299934,1.9999196116939915
1768913318.9877858,1.2216070420904381,1.5667025002471675,1.9866757384046536
1768913319.008036,1.221582558748626,1.622827164973872,2.031214404048961
1768913319.0278947,1.222100327819719,1.5977200648981889,2.0115264395566212
1768913319.0479512,1.1956505815723082,1.6395871687902055,2.0292428137794847
1768913319.0677917,1.195154767272157,1.6930307549620949,2.0723773920260964
1768913319.087733,1.1946588195494605,1.7468499816811303,2.116292643664074
1768913319.1077118,1.1646057802736933,1.6795417867110558,2.0438119377172312
1768913319.127944,1.139375759619664,1.6987277669368783,2.045446931057181
1768913319.1478314,1.1378630600792488,1.74942551423824,2.0869168582769757
1768913319.1677754,1.1761634868061481,1.683782819829073,2.0538951122312796
1768913319.188047,1.1754098103727066,1.7326611100080598,2.0937293866339948
1768913319.207946,1.1355189708671087,1.7139261786878155,2.0559538611531427
1768913319.2280211,1.134012622985853,1.7614482033488095,2.094918710158464
1768913319.2480657,1.1471658641704685,1.717791395944241,2.0656226179769726
1768913319.2677505,1.1459749579418121,1.7630220280629754,2.102737566998085
1768913319.2879672,1.1355203449775129,1.734868420444922,2.0734451741280524
1768913319.307935,1.1341463220375232,1.7788696377664444,2.1096599413077364
1768913319.3278804,1.1313941148950235,1.7448909421904872,2.0795905951310467
1768913319.3486872,1.1299290702690112,1.789232554831436,2.1161504764802572
1768913319.3678284,1.102564097141532,1.7672639139855821,2.082995278434678
1768913319.3878784,1.0934892110804082,1.7806390168277026,2.0895918173170522
1768913319.407853,1.0914568511747345,1.821689708231034,2.123636374488612
1768913319.4278412,1.0544233140314743,1.8017531219324106,2.087611754509517
1768913319.4479825,1.051703739868617,1.8416621699064013,2.1208018069866856
1768913319.4678454,1.0490064841064217,1.881271599240966,2.153972477495471
1768913319.4877994,1.033599964084426,1.8093807093193792,2.0837916011473956
1768913319.5078564,1.0729649493290485,1.7891087088592137,2.086184017435799
1768913319.528255,1.0708349577941128,1.8266580360118958,2.1173962990807262
1768913319.5480635,1.0754337208412272,1.7811271988441746,2.0806181260348815
1768913319.5679455,1.073464328704359,1.8159297690397889,2.1094849113197283
1768913319.5877767,1.0283279033663633,1.7976317146278173,2.0709751467068855
1768913319.607747,1.0255814344191923,1.8315743765582901,2.099162207998757
1768913319.6277204,1.02063130111694,1.7944552685325181,2.064402568198308
1768913319.647744,1.0177982217993868,1.8269395319455786,2.0913204617378764
1768913319.667756,1.0316440687846273,1.784639421176303,2.061365408721848
1768913319.6892455,1.0060267914233303,1.7968366681390187,2.0592988896783417
1768913319.7078302,1.0032830352047002,1.8253849697836522,2.082932340869866
1768913319.7278314,0.9771426618125871,1.8035388605021136,2.051233824524998
1768913319.747782,0.9738415931920974,1.833120187641292,2.0757401260680415
1768913319.7678347,0.9971264905226191,1.788738964242624,2.0478887470518825
1768913319.7877955,0.9943358200513106,1.8168707874668275,2.071164691999997
1768913319.8082805,0.9522432179551326,1.8015691323398304,2.037748386023465
1768913319.827835,0.9488180217222548,1.828192957850888,2.059743947552829
1768913319.847885,0.9451788895963722,1.8554302233392104,2.082302679011681
1768913319.8677914,0.9680962936417363,1.7877986391970122,2.033084948564018
1768913319.8877435,0.9508795318925944,1.792706524700879,2.0292778439330044
1768913319.9076977,0.9475660379647306,1.8177241519747707,2.0498786522564147
1768913319.927832,0.9316937231827225,1.7971901605952496,2.0243383282343057
1768913319.9478073,0.9281032706671328,1.8213715065031888,2.0442039638266833
1768913319.96786,0.9146465181848287,1.802381518757901,2.021177229336326
1768913319.9879243,0.9109112552640719,1.825821412277591,2.040436998414336
1768913320.0079935,0.9452483826652489,1.7820700769766393,2.017242738042895
1768913320.0277355,0.9424313055514566,1.8036939656004023,2.0350647869851044
1768913320.0477846,0.9251478466219014,1.780521454048305,2.0065281424479027
1768913320.0678139,0.9220289110938833,1.8015562175049258,2.023793990929815
1768913320.0880084,0.8999592660323252,1.776584577016024,1.9915269116455963
1768913320.1078165,0.8965956724648279,1.796365384010743,2.0076883206201903
1768913320.1284497,0.8686708069879088,1.770521959122501,1.9721402025839856
1768913320.1477425,0.8648949320496906,1.7889781714730315,1.9870798024971796
1768913320.1681535,0.8465138604083067,1.7632920083627344,1.9559612528420034
1768913320.1878095,0.8423088619909824,1.7813043903876924,1.9704135480154952
1768913320.2078252,0.8878103032624789,1.7330143358755343,1.9471892108701543
1768913320.227824,0.8844145655539555,1.7501223378984712,1.9608970705713245
1768913320.24772,0.8809645852823482,1.7673001182990795,1.9747020809888363
1768913320.2688928,0.8614463610035548,1.7214144191404799,1.9249305014236289
1768913320.2878458,0.8579721836801653,1.7364812692962097,1.9368746646557922
1768913320.307907,0.8430786437794144,1.7140503179610622,1.9101701735969379
1768913320.327848,0.8392858032373169,1.7290739695779571,1.9220034994213155
1768913320.3477857,0.8025037536206792,1.7011812478109576,1.8809651545094945
1768913320.3677185,0.7980708234409502,1.7153671669110775,1.8919306426357845
1768913320.387845,0.8201958459527763,1.6266494441831156,1.8217325928849792
1768913320.4078305,0.8164021933772176,1.6387507779239865,1.83085134664112
1768913320.4277923,0.7969389204791433,1.6152390397499996,1.80114097130318
1768913320.4477983,0.7927147400920804,1.6267968204368302,1.8096586844326847
1768913320.4678206,0.7747595283122537,1.607918870120395,1.7848404465385341
1768913320.4878292,0.7702140308588856,1.618972051283107,1.7928469416455282
1768913320.508684,0.7586547338418022,1.6028507571416615,1.7733266915179993
1768913320.528386,0.7540676705833604,1.6131817652789806,1.7807227351970387
1768913320.547908,0.7434311995001135,1.5967237323451862,1.7613110531148435
1768913320.5680416,0.7826666596347587,1.5701043849825798,1.7543645230810376
1768913320.5879269,0.7787925532644859,1.5793032853012114,1.760885205793784
1768913320.6079304,0.7750410557166305,1.5883742998046557,1.7673770266488924
1768913320.6278574,0.7711207223832273,1.5976277075243814,1.7739902650066717
1768913320.6478229,0.7347108256091128,1.5646083881864428,1.7285252111700895
1768913320.6678138,0.7301624527986565,1.5731124620498225,1.7343067853564444
1768913320.6879127,0.707519342221177,1.5666927040957894,1.71904323642079
1768913320.7079678,0.7028606300363751,1.5746420123625384,1.7243870019088738
1768913320.7278767,0.7546442830168345,1.5867500971173083,1.7570611442382362
1768913320.7477093,0.751078089508664,1.5947598336960809,1.7627754320134872
1768913320.7678003,0.735232736237734,1.5887071734587792,1.7505878039775695
1768913320.7877486,0.7315020705594635,1.5963954144116954,1.7560107056585592
1768913320.8078768,0.6974144700190834,1.5771912476165273,1.724505486958559
1768913320.8281517,0.6928822285497775,1.5846639815607553,1.7295218174675022
1768913320.847922,0.6746287447656787,1.5644186566950076,1.7036812133376147
1768913320.867757,0.6698282164501284,1.571319503470388,1.708131968420235
1768913320.887942,0.7085595170610512,1.5277108171908402,1.6840299671263854
1768913320.9082541,0.7045417106236223,1.533743947840584,1.687823900632433
1768913320.9277542,0.6664915704748129,1.5008076870362252,1.642143333263271
1768913320.9478984,0.6617897360017637,1.5060959336710855,1.6450807323951804
1768913320.9677708,0.6430591402639925,1.4868207948451637,1.619926274205425
1768913320.987736,0.638153432888434,1.4915919901510541,1.6223706324357807
1768913321.0079248,0.6332771734887239,1.4963447775052305,1.6248346597820484
1768913321.0278027,0.6261125940265511,1.4213727229489148,1.553163673906221
1768913321.047876,0.6211565380011475,1.4246579186870587,1.5541832678224639
1768913321.0678132,0.5889382303360076,1.4064778272622753,1.524804288337267
1768913321.0877368,0.583437257997647,1.4093833032260772,1.5253721937390434
1768913321.107789,0.56716104253975,1.4002773268671582,1.5107773629204968
1768913321.127731,0.5614163334292654,1.4029920951834836,1.5111502634048346
1768913321.1478157,0.5936346466874707,1.3739610323232139,1.4967200847487916
1768913321.1679165,0.5889324143379537,1.3758418474852299,1.4965901837007691
1768913321.1884937,0.5806285787391336,1.377331705338646,1.4947147463578758
1768913321.2077963,0.5759006328893022,1.3792630294251698,1.4946665324751858
1768913321.2280834,0.5630661897095501,1.3898997019542776,1.4996215240808666
1768913321.2478383,0.5580459110084193,1.392073475938865,1.4997612480677485
1768913321.2678487,0.5417916316338864,1.4155482218954685,1.5156895924363707
1768913321.2878487,0.5365271292541318,1.4181489139630816,1.516247902752168
1768913321.30782,0.5313531550014956,1.429926526244138,1.5254592901112343
1768913321.3277788,0.5261693519138237,1.4326783350097525,1.5262442132567546
1768913321.34792,0.5678661777747527,1.4346097046172002,1.5429118576387821
1768913321.3678029,0.5635874520083481,1.4373624187362601,1.5439046404673489
1768913321.3878763,0.5590037720808698,1.4402747583044722,1.5449519722663378
1768913321.4078093,0.5497231932745648,1.4544824448124078,1.5549002448682885
1768913321.4279127,0.5394296263969758,1.4613154334793101,1.5576993028051354
1768913321.4477606,0.5347440509956185,1.4644790632287172,1.5590542411059551
1768913321.4679377,0.5224362209698605,1.471447772095619,1.561441049475269
1768913321.4879498,0.5175257879882382,1.474726368977434,1.5628982067269173
1768913321.5079136,0.5691952653809258,1.4539576865543378,1.5614019996216557
1768913321.5277786,0.5635859678203232,1.457002179563613,1.5622050103546234
1768913321.5479324,0.5596323363005722,1.4598756656371865,1.5634658010179996
1768913321.567766,0.5568792327000054,1.4605890012028873,1.5631489725062657
1768913321.5877893,0.5530600527771201,1.4633787539594323,1.5644017385306408
1768913321.607882,0.5501292000310292,1.4656698918629836,1.565512813310843
1768913321.6280289,0.5462725671146136,1.4684813044994733,1.5667964319740024
1768913321.6484017,0.5444898318173927,1.4736895959284126,1.5710602159370533
1768913321.6677756,0.5409767110697685,1.4764108941914262,1.5724010081423219
1768913321.687837,0.540675498367394,1.4837325090378748,1.5791745162934518
1768913321.7077577,0.5371155115736137,1.4866339129760746,1.5806876554156866
1768913321.7278104,0.5314297983422689,1.4998041631296672,1.5911725733895699
1768913321.7478037,0.5277322979876413,1.5029380256069658,1.5928980153025118
1768913321.7677414,0.5238457138155921,1.5061033959569237,1.594603954339743
1768913321.787732,0.5252623441355084,1.4971307516490455,1.586600459378468
1768913321.807846,0.5224115231224902,1.4942353773406492,1.582925507529496
1768913321.8278012,0.5187169894313948,1.4970516815150106,1.5843708695415004
1768913321.8478794,0.5139944766628577,1.4840263619467002,1.5705172921660824
1768913321.868547,0.49332864763704887,1.460232290696542,1.5413148599076925
1768913321.8878298,0.48957187262734925,1.4621849692470903,1.5419680615239615
1768913321.9077208,0.47699327097815103,1.4465785946339604,1.5231914557965456
1768913321.9279094,0.4729111883370196,1.4482708663993744,1.52352666353941
1768913321.947842,0.5041970486299816,1.3815643747807123,1.4706919410639347
1768913321.9678035,0.5007679948433368,1.3819422331687914,1.4698751377157728
1768913321.9877703,0.49724360435981585,1.3823137041757736,1.4690276984553046
1768913322.0078287,0.49736479899919717,1.3805708209069714,1.4674288857805888
1768913322.0277705,0.4914429619698386,1.3822032680630212,1.46697036749683
1768913322.0479717,0.4878881598401794,1.382566870754271,1.4661261912330377
1768913322.0678024,0.48506775243836775,1.386226693014569,1.4686439898361066
1768913322.0878472,0.4815909556931597,1.386673406677076,1.4679213144412266
1768913322.1079264,0.479432302985364,1.3932279552247735,1.4734108281011284
1768913322.1277947,0.4759754108096699,1.3937909005071099,1.4728223470710424
1768913322.1477747,0.4724234779726044,1.3943307924247819,1.4721896281538096
1768913322.167829,0.4749499599001352,1.4041773712150825,1.4823263993606939
1768913322.1877522,0.4725432792186377,1.4113922039220235,1.4883968234400966
1768913322.2077496,0.46932207790820346,1.4123089595994625,1.4882472275052252
1768913322.2277815,0.4694479523203401,1.4373363132748036,1.512057226891947
1768913322.2480626,0.4662425969556756,1.4387491955412681,1.5124091400433346
1768913322.26772,0.4718345547404019,1.4958952138854436,1.5685440185001027
1768913322.2890892,0.4687018781644834,1.4983697397287337,1.5699660275081329
1768913322.3077369,0.5332514255254868,1.5125671896035815,1.6038131393308388
1768913322.3277884,0.5610790302505253,1.6187549479984344,1.7132359031541116
1768913322.3478181,0.559822075547719,1.6237965981916052,1.7175902155546838
1768913322.367813,0.5800051197628948,1.7194321135188204,1.814621925347252
1768913322.3877788,0.5791330952344858,1.7277450437970217,1.8222233887098058
1768913322.4076567,0.5892352167492287,1.7719958964025473,1.8673959402132634
1768913322.4277356,0.5885566379238969,1.7826005692804703,1.8772489727373238
1768913322.4477563,0.5973068197682152,1.8232344504895366,1.9185826274605693
1768913322.4678068,0.5967891355397956,1.8350430170322838,1.9296476742289725
1768913322.487771,0.4997567582834068,1.5923214165178852,1.6689051234121919
1768913322.5079715,0.4973849584397323,1.60550408135982,1.6807840884971317
1768913322.5280426,0.5433469818755086,1.6064148464623376,1.6958167948359988
1768913322.5481834,0.5338632102348368,1.6069787267935816,1.6933371063108982
1768913322.567876,0.5322276361668594,1.6210950185807746,1.7062283891575492
1768913322.5879152,0.501093687037832,1.5669417921005042,1.645114422470458
1768913322.6077602,0.4988690613348594,1.590710443297036,1.6671022928336992
1768913322.62788,0.4779738243319218,1.571010565187235,1.6421124117052395
1768913322.6478193,0.47536990319954686,1.5901193654196355,1.6596554284400393
1768913322.6676593,0.44329280062066645,1.523599292585196,1.5867776502863353
1768913322.6877723,0.4401067489250452,1.5377873847060908,1.5995261770319895
1768913322.7078247,0.46125518127133214,1.4549385323807673,1.5263035331335477
1768913322.7279623,0.45849570329737377,1.4748604859993684,1.544484303288462
1768913322.7479193,0.4193625873064166,1.4247161013215415,1.4851535102463937
1768913322.7677584,0.4159205599706641,1.4493876845071156,1.5078841375275518
1768913322.787857,0.36975265962747317,1.3990017429320645,1.4470393588387789
1768913322.809075,0.3654107872522794,1.4105340162117805,1.4570968582530353
1768913322.8278441,0.3804658259914091,1.3607102375395392,1.412900065571601
1768913322.8477561,0.3766124511704252,1.3682654960626568,1.419150240845621
1768913322.8678203,0.3362615975419305,1.3027763285577123,1.3454731599819314
1768913322.8878481,0.3316838265068016,1.3094783493652535,1.3508322280070695
1768913322.9078348,0.3271185381170274,1.3165115212527088,1.3565430784058952
1768913322.9279914,0.2775253676772107,1.2284911787019759,1.2594486515348455
1768913322.9478931,0.3986696556670595,1.439087240233384,1.4932881769277588
1768913322.9677284,0.36194218629186237,1.4136869738551798,1.4592851010907872
1768913322.9878159,0.35813889956481515,1.4522787150426346,1.4957863943582932
1768913323.0077987,0.3774605376897522,1.4160686799133195,1.4655125259596002
1768913323.0277514,0.37412900072334176,1.4515690856349064,1.4990081119037364
1768913323.048102,0.40611722792722316,1.4395843801341908,1.4957721719385058
1768913323.067942,0.40352242348664547,1.4660509002685078,1.520570810069244
1768913323.0879552,0.3911366838035508,1.483471919489963,1.5341697563607732
1768913323.1077256,0.3883745149364579,1.5057516984432873,1.5550314920338344
1768913323.1278574,0.38136507588126567,1.535060520283702,1.5817237818391658
1768913323.1478577,0.37849543887449766,1.5586705173325903,1.6039677611631236
1768913323.1677854,0.4294509184617685,1.55965867897598,1.6177030896529672
1768913323.1878147,0.42757783257222215,1.5902680264405618,1.6467468532917615
1768913323.2078462,0.4262524798650442,1.6236794328981343,1.6786977325913999
1768913323.2277594,0.42425994359391717,1.6817802034934992,1.7344685504790651
1768913323.247809,0.4215822994101608,1.7191057257735007,1.7700441044118629
1768913323.2680683,0.41957840333855456,1.7739730206697537,1.8229169796269662
1768913323.288255,0.4752389093378797,1.7897686548042753,1.8517893667122518
1768913323.307893,0.38756553175574804,1.5869328619157272,1.6335736743817697
1768913323.3277962,0.3849277833108491,1.6485730490127963,1.6929153836786859
1768913323.347747,0.42567873741778484,1.6200649913796497,1.6750561076523807
1768913323.3678339,0.42405125243583663,1.6387522620407111,1.6927281060571864
1768913323.3878245,0.4223568259527184,1.6731695171827141,1.7256539402957627
1768913323.4078221,0.4089334120326209,1.6469550109285898,1.696964155042596
1768913323.4278536,0.44963528374992867,1.6029716059030843,1.664839288857754
1768913323.4479058,0.44856637040847236,1.6296739855126177,1.6902807718595187
1768913323.4680073,0.4433863361587096,1.647322382656938,1.7059491421184794
1768913323.4879081,0.44231328884752297,1.6590956532167276,1.7170438060846767
1768913323.5077343,0.4242148792921099,1.6666919219075211,1.7198314528943253
1768913323.5280223,0.4224889317600313,1.7449523505456987,1.7953706032835368
1768913323.5479627,0.44639959676948027,1.6613921001930834,1.7203186654163638
1768913323.5677574,0.44516927762854386,1.7419787426028304,1.7979615194504184
1768913323.5878115,0.34598732547185906,1.5469862099492353,1.5852045808539257
1768913323.608159,0.34292690620320787,1.6088258668790676,1.6449679428296733
1768913323.6280143,0.35171804981033117,1.5206759453085557,1.560820590972086
1768913323.6478753,0.3490828940187152,1.546086009297598,1.5850049889644684
1768913323.667717,0.36060245040931105,1.4382193418383,1.482736997069606
1768913323.6877923,0.4232927215337956,1.7608371333638182,1.8110008664648385
1768913323.7077334,0.42224283309261446,1.772142499776752,1.82175136876937
1768913323.7279994,0.4552194456590928,1.7628635560137464,1.8206901605785657
1768913323.7478988,0.45473727161346744,1.7940356943563849,1.8507701258717293
1768913323.7678523,0.4304787044792968,1.7774849900369372,1.8288698162572383
1768913323.788147,0.4293939317802826,1.8388527869150657,1.8883216676708008
1768913323.8077765,0.47582031322901464,1.886579285836726,1.945658339028096
1768913323.8277621,0.4757471225609442,1.9303762785841894,1.9881367914571577
1768913323.8477442,0.4204947949506439,1.7351596787198567,1.7853837075642256
1768913323.8679972,0.41307892864544926,1.731136985965021,1.7797385947006177
1768913323.88781,0.41169936438617416,1.8050924758800448,1.8514467891664426
1768913323.9080272,0.3517454944968339,1.6232182587342567,1.6608920519970871
1768913323.9279723,0.34927961270820074,1.6846177873996666,1.7204456798972
1768913323.9477437,0.38133848179085406,1.677742803769048,1.720534787004721
1768913323.9679184,0.3797973735998432,1.6713188865203623,1.713929072462744
1768913323.9878113,0.35640489780724516,1.6704257477896967,1.7080241889562806
1768913324.0077841,0.3543212667539988,1.6994951235494788,1.7360377976998704
1768913324.0278053,0.3522374599258693,1.7292250941848852,1.7647352930492872
1768913324.0477734,0.3374472130946542,1.6323310258918937,1.6668458836121085
1768913324.0679755,0.3349852114932039,1.697077174918853,1.7298225427915146
1768913324.0878198,0.3307229126871636,1.6405863594036898,1.6735893306417002
1768913324.1077878,0.35003824540938133,1.6521370450095034,1.6888112945921494
1768913324.1279693,0.3479007805336869,1.7373737972633876,1.771864177783769
1768913324.1478457,0.3388159286204264,1.603802510650418,1.6392006364858165
1768913324.1677423,0.33658954228081295,1.6859881645362957,1.7192581571507155
1768913324.1877172,0.35436051661486956,1.670381334650349,1.707555322349422
1768913324.2084117,0.3526779373264004,1.6904852678941182,1.7268822103559505
1768913324.2280505,0.30905541535691516,1.4186140054376253,1.451888751311621
1768913324.2478924,0.3066202940941982,1.4349450208901402,1.467338821720402
1768913324.2682884,0.2709896014887698,1.3777184669380418,1.4041166398334401
1768913324.2878795,0.2680618090306246,1.370814888369157,1.3967786480453215
1768913324.3077857,0.25203168400672626,1.2877996068791422,1.3122300854733286
1768913324.3286045,0.1990098896806327,1.2208977696615815,1.237011034775083
1768913324.3480127,0.1947768571708921,1.282921001914362,1.2976225650173938
1768913324.3678129,0.2059355501903417,1.2683541494919446,1.2849636957383788
1768913324.3877966,0.20193484083531454,1.303225394731875,1.3187775056533362
1768913324.4077537,0.1979289881874362,1.350239961238552,1.3646698638463401
1768913324.4278753,0.18004209546209116,1.247118486317916,1.2600474892059708
1768913324.4482281,0.17567155150290326,1.3273680981342366,1.3389423295840406
1768913324.4682512,0.09660993993770561,1.0100571829007468,1.0146669370902748
1768913324.4879036,0.11240723393039254,1.0336157638210173,1.039710023736997
1768913324.5077949,0.10727391770582329,1.0241053479356266,1.0297084330480675
1768913324.5278108,0.06233867335203125,0.861806777843177,0.8640584659221449
1768913324.5477755,0.05636345652009789,0.8848720266007355,0.8866652934965853
1768913324.5678217,0.07491823506619122,0.7540835930000744,0.7577960195048103
1768913324.587963,0.06942557839909647,0.7629289449360677,0.766081252842876
1768913324.607822,0.028361064753177345,0.74498396576268,0.7455236141380258
1768913324.6278586,0.02222341827687324,0.7297996858421207,0.7301379744782263
1768913324.647822,0.038363521723579375,0.7829431064366128,0.783882432330033
1768913324.6677833,0.03268218800458089,0.7440549914595209,0.7447724187485695
1768913324.6880484,-0.01841441771556518,0.7809725340419256,0.7811895990780151
1768913324.708051,-0.024860236431510696,0.7185970428075006,0.7190269405850628
1768913324.7279892,-0.03154713953884358,0.7748327065072438,0.77547465792663
1768913324.748001,-0.038082190337165533,0.7721933359876676,0.7731318137062004
1768913324.767931,-0.02996050797259886,0.7719743835078461,0.7725555519380436
1768913324.787789,-0.0362230672163526,0.7791771273102466,0.7800186576755768
1768913324.8077955,-0.11245411739423883,0.5869718816011931,0.597646984690262
1768913324.8282576,-0.025433977923222217,0.6979696362776924,0.6984328889726007
1768913324.8480947,-0.031168054915151622,0.7042272729645207,0.7049166614815112
1768913324.8678372,-0.028213630900306486,0.6963127016635573,0.6968840559709921
1768913324.887851,-0.03381485534297446,0.6899811209475866,0.6908092296039149
1768913324.9077687,-0.05191704094441807,0.7501462650843065,0.7519406879271523
1768913324.9278257,-0.05775962112266009,0.7686912864810989,0.7708582669623516
1768913324.9477966,-0.05671382721100793,0.730459814359401,0.7326581730868023
1768913324.9677367,-0.062423293514262346,0.772473845480663,0.7749919415870407
1768913324.9877458,-0.05342879104180742,0.7902754230678406,0.7920794657212391
1768913325.0078497,-0.05887122909689291,0.79503104894345,0.7972077460734444
1768913325.027695,-0.04075486645691684,0.8108685333941308,0.8118920726233689
1768913325.047954,-0.045757356386729064,0.8384797106629325,0.839727313392209
1768913325.0679245,-0.037234613526032745,0.7393736088840104,0.7403105766896746
1768913325.0879934,-0.04192843974837701,0.706125342300723,0.7073690642790696
1768913325.1078026,-0.11646695619549996,0.5809666120748211,0.5925257430957243
1768913325.127743,-0.12574844609960367,0.5551332297754348,0.569197307176844
1768913325.1477046,-0.1318465008815165,0.5802908772240221,0.5950806684678345
1768913325.1682475,-0.13800124455523977,0.5203560325964389,0.5383444475039204
1768913325.187786,-0.14851511808101558,0.5383053071328634,0.5584168192184261
1768913325.207851,-0.10802884232310017,0.7352326443903854,0.7431266864747545
1768913325.227756,-0.1132931910304179,0.7644963447107367,0.7728453973531397
1768913325.2479835,-0.04297642257767831,0.6857582881699047,0.6871036331524476
1768913325.2677824,-0.04682013865668888,0.7497388436867407,0.7511993471220291
1768913325.287775,-0.03684083946862449,0.6710479261549827,0.6720584547862306
1768913325.3079,-0.040433818373943775,0.7101118578207348,0.7112620784815626
1768913325.327822,-0.07808573718596723,0.6195942742597191,0.6244953539036971
1768913325.3478732,-0.08232535915288275,0.6808738577328315,0.6858328330603889
1768913325.3681624,-0.03509340161866825,0.700000764325007,0.7008798876360793
1768913325.3879354,-0.038274954958192,0.7025503759754814,0.7035922135444237
1768913325.4077399,-0.0686483567852686,0.7169138732995668,0.7201930981470905
1768913325.4280941,-0.07243996247667661,0.6937996564335975,0.6975711515186105
1768913325.447808,-0.09916645595789153,0.6439462904267521,0.6515372675001971
1768913325.4677455,-0.1033556614226867,0.6573970013879942,0.6654721708546854
1768913325.4880443,-0.06605741969829926,0.6154661340020069,0.6190009247170586
1768913325.5078442,-0.06943933162375615,0.6408010304595195,0.6445523884172147
1768913325.5280313,-0.08198619796155726,0.607305944608052,0.6128150185924541
1768913325.5477595,-0.08554412269160228,0.6315459554166774,0.6373131810422876
1768913325.5677483,-0.08910938724136597,0.6194574009644613,0.6258338074154968
1768913325.5879545,-0.0896114825904879,0.651904966690632,0.6580351840198055
1768913325.6077306,-0.09410251425142269,0.6392348873175226,0.6461242329090321
1768913325.6278872,-0.10086257171784829,0.42512506963995733,0.43692629036247826
1768913325.647891,-0.10446771467516491,0.40784588613473494,0.42101279107228895
1768913325.6679013,-0.16410858099862136,0.3812087008610163,0.41503216739130583
1768913325.6877623,-0.16877092038957942,0.3641833177386622,0.40138897903191756
1768913325.707818,-0.18074175155921124,0.3455277502479719,0.3899448768071155
1768913325.7279038,-0.185586071902195,0.35166726618460764,0.39763306727414205
1768913325.7478137,-0.1414587660557901,0.40154282582638023,0.4257313982626387
1768913325.7678952,-0.14538856539624034,0.4694559265860039,0.4914536620625594
1768913325.7879357,-0.14100553358488233,0.360718168144305,0.3872985377340592
1768913325.807804,-0.14474092360424162,0.39152680280222185,0.4174244509828561
1768913325.827899,-0.1812156137888573,0.41169863234685855,0.4498164765292019
1768913325.8488402,-0.18196176970376876,0.34219385222139564,0.3875651146992538
1768913325.867801,-0.18615744287571423,0.3741917332535225,0.4179402430650824
1768913325.88797,-0.1581750577399451,0.36643787183216636,0.39911910854270327
1768913325.9078088,-0.1618214694203426,0.3602767947134282,0.39495006871038846
1768913325.9279346,-0.16552621193936645,0.35299719120023765,0.3898793965244293
1768913325.9479399,-0.2510707856267024,0.2703756146235259,0.3689708828325874
1768913325.9678988,-0.24531434404713248,0.4748180259149257,0.5344448382471497
1768913325.9877136,-0.2502979011676777,0.4832427756898121,0.5442174377813876
1768913326.007984,-0.23241009082505415,0.4022059348968847,0.4645256337206667
1768913326.0278816,-0.23700032280530836,0.4208758816271181,0.4830172468403424
1768913326.0483754,-0.259664416540213,0.39276429273109614,0.4708390371047492
1768913326.0679882,-0.26447829283960267,0.4124661143536684,0.48997659420972767
1768913326.0877454,-0.2087937278833092,0.3831529670075505,0.43634964985673874
1768913326.10781,-0.21255908427810533,0.42442251568466194,0.47467445278763826
1768913326.12774,-0.24991682439171092,0.3650458186669967,0.44239899281112194
1768913326.1477995,-0.25430062737636805,0.3579528240709684,0.4390888672517171
1768913326.1682513,-0.3423981105989663,0.3309805494045148,0.4762190569746831
1768913326.1884482,-0.3484169391295604,0.2993425681565447,0.4593477294849376
1768913326.2077014,-0.30093086803542446,0.36728687003079963,0.47482526494867094
1768913326.2278564,-0.30591690513687375,0.40906942288587533,0.5108061722304323
1768913326.247815,-0.2992918720686395,0.4016255611790638,0.5008779452908151
1768913326.2684138,-0.2560973195644787,0.29012124410521123,0.38698342777083655
1768913326.2878225,-0.25976351686374655,0.3088092227332746,0.40353465865839966
1768913326.3079271,-0.26355401115214294,0.3123697785606252,0.40869988420893627
1768913326.3277738,-0.26733039984858786,0.3281848622824519,0.4232857740517129
1768913326.3478732,-0.3547556656876478,0.4257008632398793,0.5541415047626955
1768913326.3678586,-0.36011187165011727,0.4071095742566826,0.5435243927873044
1768913326.3878021,-0.42088104661160486,0.46380300994776213,0.6263019139628138
1768913326.4079242,-0.4273448792691338,0.4218264647930956,0.600467494738384
1768913326.4277644,-0.3946548285464935,0.4546477766669992,0.6020440469959882
1768913326.4477503,-0.4003204424826915,0.45042312412632857,0.6026088676888682
1768913326.4678462,-0.3866706616158615,0.41657077760216943,0.5683708413584604
1768913326.48805,-0.39197843721990966,0.4600555122086809,0.6043990151869495
1768913326.507935,-0.43367889523825565,0.4768076401459447,0.6445330944774043
1768913326.5278385,-0.4396254470237412,0.49697256362967135,0.6635150809676236
1768913326.5477145,-0.394942213616158,0.45402766802789785,0.6017644684017842
1768913326.5677896,-0.39994978137393533,0.484766271450082,0.6284569719214461
1768913326.5878694,-0.39870800028978404,0.49554521410640895,0.6360291885745851
1768913326.6083913,-0.4036587615866709,0.5131577667425908,0.6528945469016633
1768913326.6277757,-0.4130904566810385,0.43537232296806216,0.600160632670584
1768913326.648018,-0.4181230906208334,0.4046738754969732,0.5818830332807938
1768913326.6678162,-0.4946008138536532,0.44148566161544855,0.6629777933511246
1768913326.6878717,-0.5009291100281887,0.44851669924988324,0.6723817388802609
1768913326.7077503,-0.4700268641586799,0.4393531410022953,0.6433944634043914
1768913326.7283769,-0.475727858373854,0.4920046358895509,0.6843869935714612
1768913326.7478166,-0.4757307772124696,0.5464833835911334,0.7245438985516297
1768913326.7681782,-0.4888731738197184,0.45729634342282166,0.6694153611835091
1768913326.7878168,-0.4944982236994263,0.4628357311546125,0.6773074687874869
1768913326.8076632,-0.4601613274557914,0.46448422916968557,0.6538302887089532
1768913326.8277485,-0.465049265373794,0.4450005694186019,0.6436585476847063
1768913326.8478892,-0.49671054885253385,0.4328538505844053,0.6588503815792567
1768913326.8677423,-0.5020835281350099,0.4022552144295499,0.6433483712268668
1768913326.887944,-0.5814447050844034,0.4188195616615369,0.716580609771888
1768913326.9078271,-0.5882467917885408,0.37722293067724877,0.698807146127058
1768913326.9277246,-0.48079031592863564,0.4688884760103096,0.6715770475723749
1768913326.94785,-0.485407921328732,0.4409166140617673,0.6557654387388633
1768913326.9678905,-0.536697258714815,0.5223702485518182,0.7489423369553129
1768913326.9877017,-0.5418208447396786,0.4437458226872688,0.7003429038312732
1768913327.0078795,-0.5473349964475425,0.43917157239943716,0.7017458716230722
1768913327.0277627,-0.5329363016921553,0.4553061782248453,0.7009456595136506
1768913327.0479517,-0.5380316333866605,0.4636902477938327,0.7102722607731656
1768913327.0678468,-0.543144611817705,0.42450939937911825,0.6893578892765536
1768913327.087874,-0.5481710371867714,0.49299822843589425,0.7372507980676256
1768913327.108469,-0.5771724261323272,0.4671990041682026,0.7425650941050467
1768913327.1278594,-0.5362248434836951,0.5778458196120382,0.7883164808706092
1768913327.148631,-0.5375832090439391,0.47319201279725487,0.7161748303459825
1768913327.1678047,-0.5419014034323588,0.5212062739237573,0.7518730684227537
1768913327.1881044,-0.5808394519827559,0.5012889767262831,0.7672451415075316
1768913327.2078972,-0.5859426522261246,0.5699241151988805,0.8173997117585815
1768913327.2277317,-0.5883108712499541,0.5112354941964208,0.7794045238238861
1768913327.2477758,-0.593455695562005,0.5069514527008527,0.7805058859422446
1768913327.2678144,-0.6095960912637314,0.5718451670851357,0.8358314959384135
1768913327.2879982,-0.6150225594919632,0.5210842694625946,0.8060902955410214
1768913327.3078322,-0.6229357580045797,0.5194502838400057,0.8110965145913295
1768913327.3278277,-0.6283556685500356,0.5055418494083295,0.8064759188606664
1768913327.3478348,-0.7212485928114629,0.544151723812865,0.9034935700717676
1768913327.3680158,-0.7283843342795904,0.5192024238228576,0.894491417134593
1768913327.3879507,-0.6661497401386922,0.5643968119845173,0.8730974960822724
1768913327.4085891,-0.6720308926460193,0.5626511667964946,0.8764712523340753
1768913327.4279737,-0.6894673528101879,0.594216972579857,0.9101972539472192
1768913327.4477215,-0.6953629764102451,0.5962383192134286,0.9159856998122675
1768913327.4679317,-0.7013453307715625,0.6085920159452867,0.9285846837351025
1768913327.4877589,-0.7072350233166961,0.6343889204815776,0.9500687767922642
1768913327.5078192,-0.732620400681229,0.6844723235118826,1.002614089841191
1768913327.5279725,-0.7389326317428848,0.6858714473875205,1.0081870246119606
1768913327.5478697,-0.7090317261971208,0.6604931026328513,0.9690083216255881
1768913327.5677595,-0.714554531098142,0.6980849221459815,0.9989548220217203
1768913327.5878687,-0.7316793804462165,0.7020478835621349,1.0140147664527535
1768913327.6078568,-0.7374846450567084,0.7265287352561192,1.035242775800573
1768913327.6279392,-0.7063018844427493,0.6502435144240994,0.9600411345447563
1768913327.6477542,-0.7113413205860086,0.6749851754665279,0.9806178977933383
1768913327.667969,-0.7429089608848515,0.6559071448329572,0.9910236661179851
1768913327.6878438,-0.7483809513378515,0.7171732133413347,1.036538212638436
1768913327.7079258,-0.7090398942016712,0.7119569858233747,1.0047986471090724
1768913327.7278605,-0.7136590736104954,0.7614479919721484,1.0436054416421023
1768913327.7477307,-0.7043048871474907,0.7674066865044047,1.0416133623142079
1768913327.767997,-0.6448002914818103,0.732660610564289,0.9759912838583469
1768913327.7878094,-0.6479872874358539,0.7444495780914187,0.9869613462537259
1768913327.8084779,-0.6512282327912431,0.7890369064422096,1.0230725540802557
1768913327.8279338,-0.6700699837032015,0.7622791882706128,1.0149203633440966
1768913327.8479078,-0.673605555051523,0.7617591317258698,1.0168684371953047
1768913327.8677678,-0.6521321741896713,0.74869372773599,0.9928840166729246
1768913327.887828,-0.6658390428361735,0.7786724354230499,1.0245352081078793
1768913327.9078965,-0.6691874082536289,0.74297670724303,0.9999130836582268
1768913327.927749,-0.6433314906011429,0.7582458976790223,0.9943903902120911
1768913327.947961,-0.6460235045982721,0.7598640293439125,0.9973663878355837
1768913327.96786,-0.6582094842591184,0.8148794907425954,1.047505756357246
1768913327.9895158,-0.6229917346701797,0.7718877639512733,0.991932165828418
1768913328.0082655,-0.6248636549263543,0.8274112293315294,1.0368528968334103
1768913328.0285714,-0.6206987099488125,0.7986360543256881,1.0114773530836088
1768913328.0478563,-0.6226526054229354,0.7906147512396355,1.006363727445341
1768913328.0677361,-0.5776638006463898,0.8562885430761664,1.0329208757599662
1768913328.0878406,-0.5787036476703007,0.8822465844597147,1.0551099220544484
1768913328.1078856,-0.5411237618512981,0.8760703979483546,1.0297156247243648
1768913328.1277032,-0.5414419285714899,0.8897182421265786,1.0415171205448441
1768913328.147742,-0.5416166623041136,0.8806605324109533,1.0338818028342467
1768913328.1677938,-0.5420507006533674,0.8455453314953072,1.0043733716563354
1768913328.1878014,-0.5392752886198594,0.9001442915823645,1.0493224397602243
1768913328.20782,-0.5396159884379703,0.8779516922988169,1.0305263650136487
1768913328.2279377,-0.5397157095203734,0.9475601946220031,1.0904876750954906
1768913328.248032,-0.5010315969262331,0.8647707338067603,0.9994303793497243
1768913328.267732,-0.5003775900146606,0.940386629880587,1.065225209168018
1768913328.2879753,-0.4635990481422583,0.871920704023351,0.9875068564536572
1768913328.3077588,-0.46230349848604213,0.9190153063578208,1.0287437280646687
1768913328.327749,-0.42588364784020627,0.9182004250071287,1.0121605119648527
1768913328.3477814,-0.42393745071498523,0.9385858215149909,1.029886550289735
1768913328.3678527,-0.391078553417216,0.8759650750012185,0.9593003948528285
1768913328.3877683,-0.38866347172278604,0.8519011541780941,0.9363732539653072
1768913328.4078567,-0.3486514428570623,0.8891796000497205,0.9550906709579422
1768913328.4278078,-0.3455162691932958,0.8646808247929609,0.9311575704690851
1768913328.4478195,-0.31378339814075684,0.8566069906685279,0.9122694543888621
1768913328.4677804,-0.31016727032598623,0.8112448947776318,0.8685171356307511
1768913328.487899,-0.3441898690747621,0.9105043834525279,0.9733883594228822
1768913328.5077357,-0.3412097647879817,0.8933045452557398,0.9562515956385296
1768913328.5280316,-0.3050338860976888,0.8887356776584578,0.9396258704457302
1768913328.5478873,-0.3016317142270355,0.8168603350093786,0.8707712087220008
1768913328.5679934,-0.25352742238779913,0.9226893650969359,0.95688652324379
1768913328.5880191,-0.24919091810736393,0.8680476628994409,0.9031073351115981
1768913328.6077886,-0.24458329219792063,0.8874442934031901,0.9205315642150794
1768913328.628043,-0.20399071380119582,0.7562886402583118,0.7833164869328919
1768913328.6477408,-0.19866441335091334,0.7849499983515429,0.8096999747092436
1768913328.6677048,-0.1935041958122905,0.7875793700653677,0.8110025511362604
1768913328.6879082,-0.18811262688350494,0.8019409604440284,0.8237084826750927
1768913328.7077146,-0.12417078446723218,0.7857432826930104,0.7954941168936424
1768913328.727802,-0.1179082617668451,0.7465605590421038,0.7558141481277904
1768913328.7478132,-0.14808333948850583,0.6642188431500387,0.6805257871893201
1768913328.7679036,-0.14255077234263547,0.6160269402224259,0.6323052378205373
1768913328.787732,-0.08702857815105791,0.6613013715211302,0.667003356356415
1768913328.8077996,-0.0805392176651244,0.6136501031108139,0.6189127681911425
1768913328.82781,-0.022043171471677447,0.6380478024806191,0.6384284608778629
1768913328.8479521,-0.014534505672660902,0.5968643902336428,0.5970413320567738
1768913328.8678005,-0.0438952895169189,0.6364496246801288,0.6379615358289643
1768913328.88869,-0.03683661033219343,0.6022812340936969,0.6034066794477772
1768913328.907815,-0.0017935142743975563,0.6226915980292596,0.6226941809184389
1768913328.928292,0.005720886402610481,0.5923086335669439,0.5923362608680747
1768913328.9479241,0.0746084112948685,0.5151858373890565,0.5205601426177456
1768913328.96869,0.08337259851167711,0.46861541548700814,0.475974156666778
1768913328.9885676,0.09207535483058338,0.43045847665628223,0.4401958326613564
1768913329.0083458,0.09395834974766004,0.37923244808438206,0.3906986321544742
1768913329.0278268,0.10216015738191841,0.3285066242624346,0.34402514434354753
1768913329.0479524,0.11047021326399864,0.26751152861142913,0.2894237135388474
1768913329.0678062,0.15673822249116254,0.46789920339780267,0.49345368063272915
1768913329.0883102,0.20655350037326226,0.2626499618280924,0.33413971773009216
1768913329.1078503,0.21636247960584032,0.21611042967505334,0.30580457876808165
1768913329.1282785,0.170413686962974,0.2645291947359567,0.3146689046791376
1768913329.1478312,0.17914823509709343,0.21379570093687228,0.27893133900207767
1768913329.1681862,0.2691459252153585,0.2606712144558685,0.3746852160226351
1768913329.187738,0.27953147618593055,0.22119501788973395,0.3564618943420533
1768913329.2079694,0.244626447121138,0.1810256930827272,0.3043228551837549
1768913329.2278872,0.2541844319502924,0.1304091508918237,0.28568561756276645
1768913329.2480452,0.29858366023334726,0.18649122409479446,0.35203860416539234
1768913329.2677746,0.30867098027230966,0.13158951013369702,0.3355496583808348
1768913329.287849,0.30317064168133556,0.09709685443124627,0.31833981390632776
1768913329.308123,0.31311530377761687,0.03783099902513598,0.3153924189751382
1768913329.3279612,0.36652607909389956,-0.04618259739414299,0.36942414506636817
1768913329.3477228,0.37710387232116305,-0.10829619887768516,0.39234601719779333
1768913329.3679512,0.38784939853988554,-0.17341150977414443,0.42485139480752465
1768913329.3884416,0.5431680411286981,0.12095456548247441,0.5564723962737427
1768913329.4077718,0.556229650515934,0.06472616614490079,0.5599829467911459
1768913329.4278426,0.7110227598390633,0.3357203889252407,0.7862960921620259
1768913329.4478178,0.7272316398425691,0.2802922592312811,0.7793777059764334
1768913329.4679136,0.743510129664547,0.22400499083648917,0.7765214413224191
1768913329.4879248,0.7709042579872063,0.2509576755590075,0.810723830847956
1768913329.507855,0.7763782232111346,0.25961030151122877,0.81863340643247
1768913329.5278537,0.7924731290936351,0.20672978876317494,0.818993813100883
1768913329.547738,0.74757538511763,0.20197686118282832,0.7743794992683112
1768913329.567804,0.7625175328207782,0.14986623504120722,0.7771054473264956
1768913329.5878808,0.759205747524164,0.1041542560404558,0.766316824900162
1768913329.608387,0.7740397206319514,0.0511718247401749,0.77572936309207
1768913329.627665,0.7484171065465107,0.11055165716290638,0.7565380587075021
1768913329.6481822,0.7622215063388253,0.06060306973654406,0.7646269396162553
1768913329.667801,0.7910307583748634,0.005476444940809344,0.7910497153430378
1768913329.6879566,0.7628682688953751,0.028708077601717008,0.7634082455717992
1768913329.7080162,0.7762337195195781,-0.0204216242614379,0.7765023052487832
1768913329.7279742,0.7893342788456881,-0.06853302710272047,0.792303842957173
1768913329.7477973,0.8025143820391235,-0.11706521562197203,0.8110077669715964
1768913329.767817,0.7485778962676458,-0.032894072527914986,0.7493002647723848
1768913329.7878487,0.7605372178363939,-0.07933641770445377,0.764664061459997
1768913329.8077543,0.7653521760841231,-0.06064993331269264,0.7677515013645604
1768913329.8277893,0.7771523790285647,-0.10595057597255852,0.7843413445552101
1768913329.8478065,0.7231547225216248,-0.08475562215597776,0.7281045722919031
1768913329.8677979,0.7336347901458232,-0.12836051490331357,0.7447794486279478
1768913329.8877454,0.734567725751544,-0.10929304632552395,0.7426538316678294
1768913329.907986,0.7498863235067186,-0.10360689160707182,0.7570098322815249
1768913329.9277673,0.760174789175084,-0.14466657084491175,0.7738178899569389
1768913329.9479659,0.7606717182404645,-0.08809251427821252,0.7657556751358475
1768913329.9677854,0.7707377875257901,-0.1271897741312511,0.7811619395257994
1768913329.98831,0.7812077828465681,-0.16793350498084259,0.7990539794502004
1768913330.0077438,0.7462576505153105,-0.11243012441978628,0.7546794112930866
1768913330.0281203,0.7523567214158768,-0.10239791655579467,0.7592930722551173
1768913330.0478249,0.7614450918098606,-0.1385207595384852,0.7739422644257425
1768913330.0680478,0.7382024067092154,-0.12277725940127304,0.7483428684081685
1768913330.0878925,0.7467139839369296,-0.15907000640866897,0.7634690830320603
1768913330.107859,0.7552655835620371,-0.19485795591108612,0.7799972594151541
1768913330.1277606,0.7170926181331886,-0.1448930283705483,0.7315844535332197
1768913330.147759,0.7148821059371999,-0.13938203714806363,0.7283431730089533
1768913330.1683435,0.7223510080131799,-0.17310185275849932,0.7428022820415149
1768913330.1877804,0.7181643252475456,-0.12571411104549668,0.7290843817928223
1768913330.2080538,0.7108145196931197,-0.13602918347660342,0.7237134931475797
1768913330.2278032,0.7176637062472622,-0.16738507716316242,0.7369253417555095
1768913330.247935,0.7192534592727268,-0.12126394716713129,0.7294041976560985
1768913330.2678397,0.726035047285328,-0.15114903217551756,0.7416015910272874
1768913330.2878711,0.7193617856583746,-0.12304951621775118,0.7298099493066862
1768913330.307757,0.7259105971136789,-0.15196121779057492,0.7416457420590591
1768913330.3279903,0.7200773354605661,-0.12454013412802212,0.7307678249982099
1768913330.3478339,0.7264652320214359,-0.1520287876214539,0.7422024559388145
1768913330.3679008,0.7236893651689417,-0.12372303547039643,0.7341891355533905
1768913330.3878417,0.7297314621633022,-0.15061872460133685,0.7451134189313224
1768913330.407961,0.7281734457146448,-0.12117110036365553,0.7381862926167606
1768913330.4277742,0.7341469682208195,-0.14646134476229022,0.7486138500304408
1768913330.4479127,0.7351310011977802,-0.11491156466014019,0.7440579658969403
1768913330.4679098,0.740992574949951,-0.13920446679670562,0.7539548260387448
1768913330.4879518,0.7468345463733643,-0.1639295072532061,0.7646141007102785
1768913330.5078228,0.748467730016351,-0.09895789050823822,0.7549811964345005
1768913330.5277112,0.7517638533221362,-0.0936108046062909,0.7575697155383019
1768913330.5478096,0.757598254673535,-0.1157369482336339,0.7663877325941624
1768913330.5678527,0.7438451115589543,-0.10557164437057409,0.751299488942499
1768913330.5878217,0.749154825365618,-0.12717255495433832,0.759872233406514
1768913330.607965,0.7446334545027185,-0.08862814503802596,0.7498892782654872
1768913330.6278079,0.7496178308699684,-0.10904628654975923,0.7575077458141856
1768913330.647944,0.7313807725901789,-0.08673993205187003,0.7365063817286107
1768913330.6678123,0.7359349566627473,-0.10635796674029407,0.7435807135256598
1768913330.6877902,0.7290318144454404,-0.054700701507485405,0.7310810852559531
1768913330.708486,0.7184625940981736,-0.05373704696919823,0.7204694090211233
1768913330.7279441,0.7225931171039983,-0.0707778731743538,0.7260511829183653
1768913330.748006,0.719884158259184,-0.026674771667687835,0.7203781956417457
1768913330.7679558,0.7239326435866154,-0.04327288072814994,0.7252248028417245
1768913330.7878265,0.7059854413747864,0.00034249854440560057,0.7059855244538692
1768913330.808274,0.709767440857629,-0.015384623368747796,0.7099341566214336
1768913330.8278532,0.6976821348868348,0.0015866562027575526,0.6976839390570471
1768913330.847735,0.7010294297240746,-0.013090521583066561,0.7011516405846726
1768913330.8678122,0.7044410155888938,-0.027871949991242317,0.7049921914746478
1768913330.8879364,0.6909045317601744,0.0028284335759440893,0.6909103212742153
1768913330.9077537,0.6947720500728034,0.016843695560332606,0.6949761950185741
1768913330.9277143,0.6977213511537621,0.0034066539546540042,0.6977296676700785
1768913330.9479518,0.6937557282136352,0.022677487620525127,0.6941262701223823
1768913330.9677548,0.6966250344315192,0.009877839925898968,0.6966950626481553
1768913330.9879298,0.6898399945162007,0.018138800451001913,0.6900784260617869
1768913331.0078723,0.6926007207177242,0.0059266988059203385,0.6926260781240099
1768913331.027766,0.6975589718101973,0.037209060345647416,0.6985506662545715
1768913331.0481024,0.7004091008678627,0.025695915301714223,0.7008802955153759
1768913331.0678349,0.7044683194996895,0.05376936479199301,0.7065173442802738
1768913331.0882833,0.6972371088159168,0.03851395511629718,0.6983000147849625
1768913331.1076992,0.6998609810451953,0.028079546166830838,0.7004240527726603
1768913331.1279626,0.7199174747849402,0.04115962211823643,0.7210931181155739
1768913331.1477625,0.7229558420390532,0.031023707577256587,0.7236211854072789
1768913331.1678107,0.7239628261059432,0.04641130421745743,0.7254489525407488
1768913331.187769,0.726931634472194,0.03661176385208975,0.7278530225593466
1768913331.208087,0.7244159166241966,0.03724692463846324,0.7253728376865916
1768913331.227962,0.7272809148153797,0.027660015339510124,0.7278067088886152
1768913331.2484841,0.7302909634700042,0.0179029887918567,0.7305103752402347
1768913331.2677376,0.7388837827811767,0.04830026709684887,0.7404607756381483
1768913331.288183,0.7448244867847971,0.051196449814591816,0.7465819396341263
1768913331.307754,0.7478821199514215,0.04270007458845626,0.7491001012634374
1768913331.3277194,0.7507844011984574,0.0535783286390874,0.7526937321266095
1768913331.3477783,0.7538880565842461,0.045413936741129035,0.7552546772517854
1768913331.3677976,0.7590655638351511,0.05528601617213624,0.761076260163567
1768913331.3877752,0.762218743646298,0.04748071954013966,0.7636961646452013
1768913331.4077497,0.7609328086064572,0.055581109804281326,0.7629600244972122
1768913331.427924,0.7639991363069165,0.0480461419422884,0.7655084010206896
1768913331.448389,0.7667965830154088,0.05506470867247515,0.7687711765312818
1768913331.4684818,0.7727233489648542,0.05291838586191311,0.7745332333720033
1768913331.4878507,0.7757310630103653,0.04600327436689078,0.7770939347155316
1768913331.5078807,0.7763250713728481,0.05018801153911667,0.7779456619483832
1768913331.527851,0.7794076830225338,0.04321629119212034,0.7806048835223597
1768913331.548123,0.7777998579242128,0.04595537804842387,0.7791562845530409
1768913331.5678177,0.7807306775799685,0.039375194967949056,0.7817229668451866
1768913331.588304,0.777299325331319,0.043453363137475165,0.778512964521774
1768913331.608271,0.7801520281351375,0.036989642583998616,0.781028437806115
1768913331.6278365,0.7829645536035601,0.030620664608619563,0.7835630908233846
1768913331.6477447,0.7755323581151015,0.038665054135925914,0.7764956051999934
1768913331.6678958,0.6736964154729544,0.09491103150460667,0.6803491486893888
1768913331.6878827,0.6743540205735765,0.08991373526360036,0.6803218538697698
1768913331.707786,0.656086773620875,0.09666766735642263,0.6631700328214335
1768913331.7278035,0.6563854746028813,0.09186150109705338,0.662782337312525
1768913331.747819,0.6801815964509718,0.07391907946317744,0.6841864032990397
1768913331.7679293,0.6809383940968302,0.06885861332450816,0.684411137536601
1768913331.7877448,0.6554674325902937,0.10172491514185111,0.6633140384064912
1768913331.8078377,0.6241165406048058,0.10683002397471064,0.6331935804151425
1768913331.8277938,0.6237610299928951,0.10273202193564401,0.6321642910421175
1768913331.8478332,0.599086466551247,0.10633066597583074,0.608449508941968
1768913331.8677714,0.5982665311660239,0.10241321944743831,0.6069689529383
1768913331.887942,0.6263441896036968,0.0793804557068114,0.6313543383857695
1768913331.907782,0.6260786458317319,0.07508296373699253,0.6305647644850018
1768913331.9279976,0.6255183223553527,0.09694168467901143,0.6329856726898799
1768913331.9478786,0.6252494698508586,0.09315812213960051,0.6321513547160652
1768913331.9678583,0.6107458321757675,0.09456582717213635,0.6180235975986849
1768913331.9877884,0.6102187813923441,0.09087420247656652,0.6169482002888973
1768913332.007777,0.6096809806052874,0.08719967884822388,0.6158852832330532
1768913332.027989,0.5838903697940656,0.0692809370159786,0.5879862346790635
1768913332.0478892,0.5936542505948977,0.0900549527800294,0.6004458874616454
1768913332.0681167,0.5792269187828387,0.07211140987437759,0.5836984485817414
1768913332.0881848,0.5781785024266103,0.06838826211559379,0.5822090132104354
1768913332.1078525,0.5764465480159569,0.07538664542397377,0.5813551143903293
1768913332.127734,0.5753713716103781,0.07187640785634564,0.5798434558354001
1768913332.1480029,0.5759947323104473,0.08103596074995068,0.5816672232333977
1768913332.167903,0.5749391061414167,0.0777661370271403,0.5801745839304021
1768913332.187826,0.5709851884791117,0.07394484495036657,0.5757533547946209
1768913332.2078478,0.5698809135944891,0.07065638041906652,0.5742443554561188
1768913332.2277346,0.5621627827017839,0.06076708190895097,0.5654375584436732
1768913332.248389,0.5609053599319814,0.057263383694602155,0.5638208207512213
1768913332.2679455,0.5527974592389205,0.04717013806219761,0.5548063201386704
1768913332.2879014,0.5514832761912088,0.0437111305375506,0.553212858537706
1768913332.3077438,0.5564010089466023,0.06345014524123904,0.5600071461043433
1768913332.3277478,0.5551972054494569,0.060416461823695755,0.5584747852841528
1768913332.3477476,0.5548087046181005,0.06595265840672404,0.5587150005780485
1768913332.3677728,0.5536487619570286,0.06312966742801152,0.5572363112056876
1768913332.387906,0.5524473945153064,0.0602403443662336,0.5557220733389245
1768913332.4078846,0.5408487314048108,0.04734187780829835,0.542916755733887
1768913332.4277308,0.5313824753079502,0.03121477934211292,0.5322985041438508
1768913332.4478254,0.5298303635427959,0.027896592875247705,0.5305642600344831
1768913332.467875,0.5176530674868347,0.007278992509844429,0.5177042418316541
1768913332.487832,0.5158941963314709,0.0036271203859943313,0.5159069468526168
1768913332.5083358,0.5233475707563362,0.01882021189190297,0.5236858602179502
1768913332.5278451,0.5218125050190868,0.01562811570349787,0.5220464810672862
1768913332.548,0.4994237428191096,0.013475088870642082,0.49960549727912307
1768913332.567852,0.5013883860418176,0.01960110711130625,0.5017713792730785
1768913332.587751,0.49952944052939297,0.016598461152961264,0.4998051328950661
1768913332.6080124,0.49621524359797187,0.011437861677183747,0.4963470486048456
1768913332.6280658,0.4943352859320066,0.008414569677723804,0.4944068971002933
1768913332.6477408,0.48724621203052654,-0.0036513585818749306,0.4872598932372644
1768913332.6677876,0.4852620056996404,-0.006852193151839714,0.48531038184509095
1768913332.6878865,0.47837873723140656,-0.018807195479368488,0.478748291732633
1768913332.707743,0.4762782322370296,-0.02221637095025919,0.47679610069822237
1768913332.7278035,0.48168059311063705,-0.011799765327426215,0.4818251012983834
1768913332.748046,0.47968290596907426,-0.015015077312666492,0.4799178500802414
1768913332.7677836,0.4777060413557296,-0.018196178255420747,0.47805246872165097
1768913332.788324,0.47521193306783516,-0.022173328895791045,0.47572895417915184
1768913332.807734,0.47329323402121215,-0.0252473154959727,0.4739661510171492
1768913332.8279405,0.47086936810837565,-0.028987468571934016,0.4717607817072015
1768913332.8482597,0.4688700442705017,-0.03218399269375638,0.46997332668986014
1768913332.8677747,0.463752422402009,-0.040849813738748963,0.4655480819058563
1768913332.888009,0.46173392043745987,-0.04408451270077762,0.4638336528784986
1768913332.9078367,0.46087597174836425,-0.042338116563898964,0.4628165699812155
1768913332.927978,0.45889280469505933,-0.04544702533382328,0.46113776500368203
1768913332.9477522,0.47686924084912763,-0.04794386644365822,0.47927329072001357
1768913332.9679515,0.4752998513482172,-0.05098893640227864,0.4780270079473261
1768913332.9878426,0.4629654754543596,-0.07049611734704264,0.4683019688445579
1768913333.007895,0.4611317748917114,-0.07396993582518441,0.46702683565375763
1768913333.0280786,0.46766960016617454,-0.06061069188096013,0.4715808635747195
1768913333.0480268,0.466008181679917,-0.06374119160725122,0.4703472811658794
1768913333.0678005,0.46138505324412815,-0.07028530821928491,0.4667078228491214
1768913333.0886855,0.45859499663184133,-0.07476322622655474,0.46464923429567984
1768913333.10773,0.4569398904540172,-0.07782738850563042,0.4635204050413914
1768913333.127993,0.4551636084817988,-0.08111866735172946,0.46233553689835777
1768913333.1480067,0.4482023477905154,-0.09132869451636161,0.4574125872852572
1768913333.1680038,0.4536154057237505,-0.0810874098741543,0.4608059291610969
1768913333.187788,0.4519551339769874,-0.08418463529036657,0.4597287199502862
1768913333.207806,0.4451976114562989,-0.09505068286254392,0.45523130995025984
1768913333.227796,0.44344090313025186,-0.10057131052254498,0.45470256549660637
1768913333.2478714,0.44443813113242925,-0.1000362651784048,0.4555573583593294
1768913333.2677655,0.44273766923315205,-0.1085794458701308,0.4558575872171797
1768913333.2877588,0.44671902777135686,-0.10849392311007122,0.45970514585416633
1768913333.3077471,0.4451845548120903,-0.1254902259127988,0.4625333335478474
1768913333.3277512,0.44806788334217773,-0.12843217176124178,0.46611120006501505
1768913333.347779,0.44653628738981577,-0.1414783324441018,0.4684130383614913
1768913333.3682604,0.4554450694406782,-0.13194024856317554,0.4741713197450229
1768913333.3878233,0.4541192671119697,-0.14279326529656622,0.47604015101288255
1768913333.4079237,0.45376691249201995,-0.150000356071196,0.47791685228083985
1768913333.4282088,0.4524405633646289,-0.16187369877256153,0.48052633406714845
1768913333.447746,0.4610180607309591,-0.16045790936608206,0.488143824091085
1768913333.4680963,0.46578034874169016,-0.1692988370267816,0.49559401680463344
1768913333.4884114,0.4648197742964757,-0.19788466269414862,0.5051888382640729
1768913333.507904,0.46383717091120324,-0.21275138723679987,0.5103019438431442
1768913333.5277898,0.46279255242100303,-0.22832100941174893,0.5160498327827913
1768913333.5477827,0.4295561712656084,-0.18856586400906927,0.46912214757124343
1768913333.5678718,0.4279281089064594,-0.20765208964046167,0.47564887966262354
1768913333.5881596,0.4263098491294456,-0.23426006924750986,0.48643382644365796
1768913333.607896,0.42478250549394636,-0.24296423288828706,0.48935855508686915
1768913333.6276963,0.439220800355957,-0.23216092389353804,0.4968033877183494
1768913333.6483414,0.4379435409035912,-0.27404400710682886,0.5166184886841964
1768913333.667923,0.4318981298313789,-0.29031775774846125,0.5204040689848004
1768913333.6879103,0.4305267186755998,-0.32409644104699,0.5388800966754146
1768913333.707767,0.38178351054421333,-0.2765554104530832,0.4714250141584945
1768913333.727749,0.3794830203767612,-0.30230385170184704,0.4851752070211767
1768913333.7478,0.39220416471375474,-0.280931091907588,0.48243795996915884
1768913333.7678573,0.39018283583212576,-0.3075297586377861,0.49680700259337585
1768913333.7878127,0.3630263347484086,-0.3088270016244703,0.4766153969955484
1768913333.807787,0.36054486792854157,-0.341918290668918,0.49689105373669606
1768913333.8278308,0.36556277455066133,-0.3033866287570035,0.4750574582571223
1768913333.8477714,0.3632944794541594,-0.35962888537318705,0.5111905848082783
1768913333.8677351,0.3800373815036904,-0.3335495552342085,0.505651774581203
1768913333.8879466,0.37809778031461816,-0.3939573082342722,0.5460405591071368
1768913333.9079328,0.3761097110934696,-0.43199302508319803,0.5727796159949704
1768913333.9281945,0.3205705111908628,-0.3998555817731102,0.5124938428120708
1768913333.947763,0.34988714866433335,-0.4077021659166409,0.5372541976509606
1768913333.9683516,0.31478404113698033,-0.3605907315762309,0.4786592402254547
1768913333.9879062,0.31179369252548905,-0.38633284966614667,0.4964558161909725
1768913334.0079854,0.3199531190704473,-0.36620503712327235,0.4862881117376458
1768913334.0278456,0.3171185325739233,-0.3997653756416444,0.5102710253029693
1768913334.0477476,0.288168955535011,-0.43702957126203223,0.5234846636641945
1768913334.0677583,0.2847976734758396,-0.44888316528293437,0.5316068198317975
1768913334.08781,0.3093301076088312,-0.41798247996275606,0.5199946817315605
1768913334.1078112,0.3064987630009335,-0.4375014601474767,0.5341806991573886
1768913334.127954,0.24619050716282964,-0.4642184983163169,0.5254603505462117
1768913334.1481032,0.24220175506592123,-0.5607870774385297,0.6108550043824312
1768913334.1679757,0.23830155893396743,-0.5914529595212947,0.6376552644782739
1768913334.1878552,0.24950365554210074,-0.6292077942765832,0.676871126956435
1768913334.2077672,0.22032642167755878,-0.5626341646836188,0.6042358276024941
1768913334.2277987,0.216122964495568,-0.6308182310209745,0.6668138993533234
1768913334.247846,0.22579989510599463,-0.6046148774423532,0.645402775524331
1768913334.2680233,0.22178999382441267,-0.6950986165946276,0.729625169626431
1768913334.287857,0.21789053897798472,-0.7176168761958728,0.7499668445853052
1768913334.307873,0.1927632065373479,-0.6079061577915095,0.6377362703150855
1768913334.3280766,0.18837272146004702,-0.6913535083103124,0.7165570149284994
1768913334.347766,0.18655608924088385,-0.6023503386306857,0.6305783891645466
1768913334.3678432,0.18218416199338194,-0.676522604149417,0.7006239382195985
1768913334.3879614,0.18870755720982357,-0.6441372568977517,0.6712103603728559
1768913334.407837,0.18457626551838946,-0.7208006075686662,0.7440577354372934
1768913334.4279065,0.14471818388049507,-0.6355435432475964,0.6518120496810245
1768913334.4481833,0.13972958717002437,-0.7243896077538139,0.737742950730422
1768913334.4679234,0.07870997307206462,-0.7106004560737595,0.7149463392683679
1768913334.4882495,0.07250066534001276,-0.8388721177675933,0.8419992734216767
1768913334.5078015,0.07642006023113257,-0.7650154987958153,0.7688229568655843
1768913334.5277314,0.07053845820967353,-0.8851695078605797,0.8879756369026904
1768913334.5478256,0.08300933410393863,-0.7832028272954279,0.7875894985536127
1768913334.5678835,0.07731973859965668,-0.9580323922692235,0.9611474427028408
1768913334.588128,0.07473058296548996,-0.8548568268650127,0.8581170400755833
1768913334.607769,0.06930092919365138,-0.9817496117751494,0.9841925213126547
1768913334.6279027,0.031126043997418473,-0.9182536843177864,0.9187810726055028
1768913334.6477559,0.025048008125767574,-1.0063774309102165,1.006689096075107
1768913334.6677973,0.019077473999573824,-1.0261108109708896,1.0262881400491488
1768913334.6877596,-0.01806793964114417,-0.9618962888021096,0.9620659649182833
1768913334.7077427,0.018317489566417766,-0.9009234012827676,0.9011095967766222
1768913334.728365,0.012488449328333817,-0.9468503312712802,0.9469326856726191
1768913334.7480052,-0.049565570148840665,-0.973097349487329,0.9743588647533539
1768913334.767997,-0.0784472267412809,-0.9335738850699675,0.9368640062826786
1768913334.787783,-0.08575004560536725,-1.0100821591532254,1.0137154623270597
1768913334.8079321,-0.09675869653522973,-0.9797505243039195,0.9845168029185697
1768913334.8278472,-0.10427516597589037,-1.134548109564422,1.1393299448164713
1768913334.8478017,-0.12962149829941338,-1.0763647759491741,1.0841415330691377
1768913334.8677511,-0.13744748821648278,-1.2189866063488095,1.226711114515071
1768913334.8878434,-0.12940777259870773,-1.098855047977339,1.1064487281723625
1768913334.9077313,-0.13675622381044283,-1.1285245321095356,1.136780490826588
1768913334.927794,-0.10034475057613623,-1.0534782416674462,1.0582464148934885
1768913334.947748,-0.10693469301460856,-1.1295865180492184,1.1346368275041516
1768913334.967962,-0.17315017813556555,-1.169752018766859,1.182497682702812
1768913334.9878175,-0.18082346251893866,-1.2786207534313512,1.2913435467383163
1768913335.00781,-0.13707269820242385,-1.2272932937764214,1.2349241893902112
1768913335.027945,-0.14379412379329026,-1.3175891236122474,1.3254123315779018
1768913335.0477326,-0.15049972734076622,-1.3918141591708233,1.3999274344043804
1768913335.0679228,-0.15546089548929287,-1.2658087122212054,1.2753194838790158
1768913335.0883133,-0.16224549336484184,-1.3183577683789771,1.3283037324205627
1768913335.1077428,-0.17786603697402315,-1.2343807020372468,1.2471295220107697
1768913335.1277094,-0.18467058250496837,-1.2841056000744784,1.2973166214095002
1768913335.1477396,-0.17199861586301424,-1.1600166761514341,1.1726986879877601
1768913335.1679451,-0.17849798790136906,-1.222368779377379,1.2353327343195357
1768913335.1879091,-0.18485243242443927,-1.2054308495189012,1.219522018966895
1768913335.2078533,-0.14301083272431525,-1.2251728058276008,1.2334911845716523
1768913335.2281554,-0.18108071585629237,-1.2124617711303145,1.2259093653722881
1768913335.2477334,-0.1870880834380425,-1.2764217597001188,1.2900598666730423
1768913335.2680361,-0.19321264354009315,-1.226087440455582,1.2412177638378656
1768913335.288278,-0.1567231700759354,-1.4046434209329872,1.4133595763318603
1768913335.3078804,-0.14218786548640927,-1.2182881493167241,1.2265575420081807
1768913335.3277745,-0.1471512253681606,-1.3579186618086552,1.3658684326155137
1768913335.3481104,-0.1288497031303859,-1.2222660639618685,1.229038883481571
1768913335.3677866,-0.13327758807639,-1.360531396825274,1.3670437437151712
1768913335.387845,-0.1489956337469266,-1.3257360549212063,1.334082376089907
1768913335.4079223,-0.15366640072786242,-1.412349107659058,1.4206841185210712
1768913335.4278207,-0.15832043953057662,-1.418515022909017,1.4273227496931884
1768913335.44771,-0.15010630701895944,-1.3252020127564266,1.3336762268333924
1768913335.467739,-0.15451325155478102,-1.3288641915141577,1.3378170220155696
1768913335.488045,-0.158932071534174,-1.3161738460261114,1.325734889155939
1768913335.5077157,-0.11668454581303045,-1.268213830733632,1.2735704156801329
1768913335.528129,-0.12831688606897718,-1.3156798591242902,1.3219223558725948
1768913335.5483704,-0.13206092932349933,-1.3500742497940315,1.3565178100602673
1768913335.56775,-0.05158778101216488,-1.3263275648310442,1.3273304443055642
1768913335.587849,-0.0536447878288171,-1.408717971102849,1.4097390132110716
1768913335.607836,-0.0554297972695893,-1.2560094957114698,1.2572320055354653
1768913335.6278703,-0.05748082391346343,-1.3192813867906414,1.3205330070278474
1768913335.647784,-0.02551991830476652,-1.2127560202531236,1.2130244972342794
1768913335.6677606,-0.026916671912596613,-1.3221007301045986,1.3223747002154733
1768913335.6878777,0.015127476530707895,-1.3047869020537342,1.304874591796916
1768913335.7077794,0.014592763575458023,-1.3179477530879957,1.3180285386206423
1768913335.7278419,0.12183393298336864,-1.2590682060544724,1.2649491115153302
1768913335.7477176,0.12335306821205327,-1.3182430394673093,1.3240017713512837
1768913335.7677252,0.10973474055052734,-1.1206996011691106,1.1260591944228755
1768913335.7877698,0.11096570797791072,-1.2728817704717756,1.2777094309530634
1768913335.8080404,0.1122262232480945,-1.2005447551159742,1.2057787666985207
1768913335.8277092,0.11345035751745058,-1.36983097238706,1.374520962565401
1768913335.8477364,0.09041997903724897,-1.159374447768892,1.1628950437371894
1768913335.8677735,0.09121120291327378,-1.212469246126465,1.2158952077952132
1768913335.8877988,0.1835649945139577,-1.0865113671844862,1.1019088248271771
1768913335.9084194,0.2067708637229415,-1.114656144868538,1.1336721357508626
1768913335.927848,0.2096516548191587,-1.1352547737121885,1.1544510459975008
1768913335.9477646,0.2126055513349877,-1.1215169135836909,1.141490826906963
1768913335.9679615,0.3432586254788573,-1.1387729602794443,1.1893823350921449
1768913335.987789,0.3699945263824195,-1.1565906632100127,1.214330231764625
1768913336.0077271,0.37577638329382723,-1.222648595176903,1.2790924429178072
1768913336.0277328,0.409660276484473,-1.1079209556531218,1.1812325707093678
1768913336.0478206,0.41601922912705414,-1.186345482982742,1.257174452491389
1768913336.0677803,0.4076959084552195,-1.0496228244570518,1.1260213263488066
1768913336.0877483,0.4137658046685052,-1.0456662141281363,1.124553232391444
1768913336.1077433,0.3353705635109654,-0.9972561287438176,1.0521374440569864
1768913336.1279206,0.3398265880845347,-0.9932014023139343,1.0497290772039907
1768913336.1478453,0.47830570607810985,-1.0420999615400497,1.1466249074168293
1768913336.1679525,0.4853524567463683,-1.1201879110235726,1.2208144671788137
1768913336.1878216,0.492341921821146,-1.0545346757393128,1.1638058043845447
1768913336.208234,0.47086272134828455,-1.0107984503713263,1.1150897764882373
1768913336.2277656,0.44636004820670405,-0.8504590235886849,0.9604779244930673
1768913336.2477362,0.4522584271546267,-0.9232873555996812,1.0281037038852787
1768913336.2681336,0.6707120043019733,-0.8562964840381484,1.0877032045971295
1768913336.2883272,0.6807210191639158,-0.9433690633377474,1.1633255329417898
1768913336.3078713,0.5692302497012252,-0.9124555404357091,1.0754525514622861
1768913336.327748,0.7527810514074279,-0.8136097170631897,1.108440383177064
1768913336.3477569,0.7637080092815116,-0.801909119270575,1.107387989374112
1768913336.3679588,0.8843235570466774,-0.8400980604908579,1.2197511651104045
1768913336.3877516,0.8973561391615884,-0.8293060863675534,1.2218824106178385
1768913336.4080753,0.9299667548155022,-0.7440110938788003,1.190962078689664
1768913336.4278238,0.9432537444372147,-0.7334003588046012,1.1948237161562973
1768913336.4478574,1.0614893487804538,-0.46509700832090317,1.158911068513631
1768913336.4678483,1.0769070863029935,-0.40101614672546226,1.149148738181503
1768913336.4880245,1.03637040542719,-0.4682393369817146,1.1372386266489518
1768913336.508378,1.0510643911375532,-0.5162028574155002,1.1709832382751184
1768913336.5278203,0.9970616686724627,-0.4433233000668304,1.091177125639124
1768913336.5477364,1.0101115799596956,-0.5395227069567792,1.1451681777322678
1768913336.5678031,1.0231887225224143,-0.539078762317637,1.156512461618536
1768913336.587766,1.1211922167486588,-0.6887578602563593,1.3158492987278938
1768913336.6080387,1.208624003655252,-0.5813328623617053,1.3411636287468074
1768913336.6277246,1.2245593415885871,-0.7276602094238802,1.4244419824796934
1768913336.6476839,1.2103649654426394,-0.4961134954633408,1.3080947786578065
1768913336.6680136,1.2259832366300354,-0.4920835323222228,1.3210530266725002
1768913336.6878777,1.2502640002115981,-0.11408250943282194,1.2554580395949508
1768913336.7079782,1.2838832885198062,-0.026984249872991306,1.2841668303930138
1768913336.7277346,1.2997170161186944,0.01409204661387431,1.2997934096487218
1768913336.7479877,1.484002731566988,0.37592207092523644,1.5308760598778075
1768913336.7678068,1.5032063550674453,0.4245534648181719,1.5620099200722988
1768913336.7877257,1.3221557024072417,-0.10359518138675661,1.3262080014140096
1768913336.8078878,1.3375244294876858,-0.09779731264784708,1.3410950428055053
1768913336.8278022,1.3160195148920049,-0.050925622374649926,1.3170044732615123
1768913336.8480003,1.3307473305934479,-0.010998373275668882,1.3307927795477017
1768913336.8679445,1.2740491493804216,0.1387260312069527,1.2815795514798947
1768913336.8878438,1.287295014519469,0.08422649993454812,1.2900475021090907
1768913336.9078507,1.359761997802952,0.0908248597163066,1.3627919304910645
1768913336.927808,1.3741214537469446,0.08442876013250888,1.3767127460676498
1768913336.9479773,1.3885910656028626,0.15941110218939514,1.397711360393601
1768913336.9677775,1.2850256559951996,0.3099303236486364,1.3218728161524622
1768913336.9879997,1.3230954389046952,-0.2970384317845438,1.35602852861119
1768913337.0079856,1.3357746610443906,-0.309917838034961,1.3712559977701175
1768913337.027744,1.4267574523884194,-0.2599924215448848,1.450252697707081
1768913337.0483704,1.2818637708583596,-0.2197585147371388,1.300564697290637
1768913337.0680974,1.292850620764884,-0.214867942254517,1.3105842056963897
1768913337.0877762,1.303802901394275,-0.21031282156983622,1.3206564612346374
1768913337.1077745,1.3393282854113102,-0.3005218916242409,1.3726301990879453
1768913337.127899,1.3437842551037886,-0.17109689299318553,1.354632891619263
1768913337.1477764,1.3551525384654513,-0.13401068834769347,1.3617625590024052
1768913337.1678991,1.3665475667708176,-0.06451847287801282,1.36806976634591
1768913337.1878746,1.3779253496274197,-0.02729980092424178,1.3781957583291098
1768913337.2078595,1.3892812437588002,0.025762273027141624,1.3895200858467371
1768913337.2284467,1.401038856069794,0.0027842580152386276,1.4010416226187044
1768913337.2477252,1.4120301608134394,0.036099648918923144,1.4124915432309308
1768913337.2684596,1.423799029910377,-0.03469396625799792,1.4242216642322367
1768913337.2879295,1.43486881462041,-0.06451874440931782,1.4363186218768924
1768913337.3077796,1.446178579234966,-0.1237601910486692,1.451464456308341
1768913337.3278086,1.4575161504785257,-0.07066210202986856,1.459228036178383
1768913337.3480403,1.4689687902118826,-0.17613724738069525,1.479491005897437
1768913337.3678193,1.4802110082533173,-0.09199383171495867,1.4830669216282528
1768913337.3877096,1.491515973103399,-0.15083880273711614,1.49912382491699
1768913337.407892,1.5029052574401993,-0.08109276797891773,1.5050914423581958
1768913337.4277337,1.514197294834207,-0.07611272177478945,1.5161090310723688
1768913337.448411,1.1279376521946984,0.4329064037890795,1.2081602963514742
1768913337.4677274,1.2629084983118708,-0.004875133070946447,1.262917907874777
1768913337.4879987,1.301470061425687,-0.056298838041518806,1.3026871765516872
1768913337.5079684,1.3092425246547092,-0.13519045368495952,1.3162038015185118
1768913337.5278487,1.337548039623098,-0.11921068788173095,1.3428499344322984
1768913337.547929,1.3656758845481858,-0.07858167181614739,1.3679348306048393
1768913337.5677443,1.3741800096485197,-0.1077799103797048,1.3784002350547764
1768913337.5879855,1.2836467239354434,-0.021896509963456268,1.2838334662325859
1768913337.6078012,1.290289134465401,-0.03258645443822061,1.2907005568807692
1768913337.6284997,1.3928888623561866,0.1763187855812216,1.4040041656009246
1768913337.6478,1.4010152088371015,0.1330939248710461,1.4073228514560712
1768913337.6676884,1.3599664744967859,0.13641994301939597,1.3667915761405
1768913337.6877558,1.3675520417268663,0.17737273302093115,1.3790067705601141
1768913337.7077348,1.3750824079264623,0.21771431952392462,1.3922108868682945
1768913337.7278025,1.4273922960457286,0.16864874299836252,1.4373208289472552
1768913337.7481034,1.3553565102303315,0.1303798912053047,1.3616130822867596
1768913337.7681205,1.3621404341856507,0.15072000442341782,1.3704536045327722
1768913337.7877212,1.4137632744092945,0.22856704613663936,1.4321206271289157
1768913337.8082085,1.421602726422999,0.23691860196843884,1.4412094697621105
1768913337.8279078,1.4863952092130632,0.307565116944712,1.5178824128148927
1768913337.848165,1.4952181158445292,0.23723003979603696,1.513920508392463
1768913337.8681026,1.4671850173064735,0.34699322785204423,1.507659170762337
1768913337.8877804,1.4751002401537567,0.3379664615236049,1.5133215281679095
1768913337.9077294,1.5049058657204053,0.37821004372099765,1.551703741650165
1768913337.9279206,1.5133554095406385,0.3716589671249899,1.5583244153353717
1768913337.9478984,1.5261178506406679,0.4286862675201579,1.58518377799057
1768913337.9678826,1.5345841499764745,0.3757102617277006,1.5799071852885902
1768913337.9877913,1.5792505789510123,0.38350712030561773,1.625149255435394
1768913338.0078506,1.5885393825273475,0.4262344087273391,1.6447288959045836
1768913338.0277677,1.596901776347233,0.5569776684515659,1.6912478843903074
1768913338.0481462,1.606247708482786,0.6030380720425583,1.7157175225948493
1768913338.0678117,1.5170543050318719,0.2383020433952403,1.5356567416913462
1768913338.0879526,1.5244476443471828,0.2939854633628194,1.5525360134387627
1768913338.1077545,1.6522469851359367,0.4978627380404781,1.7256266704649514
1768913338.127777,1.6618108940536391,0.494560826188458,1.7338413590624622
1768913338.1477787,1.6346466718122223,0.3563684510584597,1.6730416057518058
1768913338.1680372,1.603571711622457,0.5717100905790744,1.702437858479924
1768913338.1878874,1.6115800284455817,0.536835690614657,1.6986414415062343
1768913338.2078972,1.6411796472398748,0.6023359051521346,1.7482217185328184
1768913338.227882,1.64981570240645,0.6813749392302828,1.7849828177654705
1768913338.248534,1.6699135510111769,0.6257183753350724,1.783293232500679
1768913338.2682033,1.678593095419521,0.6703859442423976,1.8075099153885326
1768913338.2877102,1.787180775975341,0.8084322007262816,1.9615243432562752
1768913338.3077607,1.7977399328542922,0.7527090817811093,1.9489586521973
1768913338.327793,1.7238811249014379,0.6182433061739303,1.8313904330918405
1768913338.3477821,1.7328834232656931,0.5925002634048226,1.8313769466616674
1768913338.3681302,1.713469340805818,0.6958586993863349,1.8493773307232804
1768913338.3877628,1.7216966467630606,0.6273564838847534,1.8324343102407268
1768913338.407933,1.7395851779634437,0.6404878109546992,1.853747886680292
1768913338.4277658,1.748125887722698,0.605753013212011,1.8501029247968075
1768913338.44771,1.7324218062463348,0.7146627067973164,1.8740405810026315
1768913338.4679286,1.7406023159168205,0.6853536653773578,1.870669951867827
1768913338.4880447,1.7196430643503942,0.7060051627884825,1.8589286050444231
1768913338.5077136,1.7272260602779441,0.71863096224115,1.8707592905542147
1768913338.5279922,1.7223809831938799,0.7461365279207097,1.8770498047642445
1768913338.5477614,1.7297543817010492,0.7744947133199762,1.8952288204790924
1768913338.568029,1.7436031733103339,0.7859874978753201,1.9125711418909814
1768913338.5877757,1.7905833358214651,0.9390041918473617,2.0218599246308937
1768913338.6080124,1.7988657562503803,0.9373105054216833,2.0284153895551333
1768913338.628013,1.8071825125199363,0.9745307860934638,2.053197235192424
1768913338.648225,1.7895645674520655,0.9266468551312617,2.01524582500611
1768913338.667983,1.7973988784153219,0.9769189922312673,2.045730540787523
1768913338.6879618,1.8052350823673342,1.039668260144504,2.0832147737959463
1768913338.7078743,1.8130651754321696,1.0911700935550925,2.116094871085395
1768913338.7277968,1.8208446722759501,1.1081262480874212,2.1315297563618523
1768913338.7479904,1.828697188173313,1.1503876895751475,2.1604456119881905
1768913338.768876,1.8365067763557616,1.181741840324614,2.183866048267255
1768913338.7882035,1.8444093551259564,1.1937603137596913,2.197022884720089
1768913338.8079853,1.8521581528741151,1.2377406635768882,2.2276650945619743
1768913338.8277476,1.8599297172334452,1.2940743689793663,2.2658259036160366
1768913338.847826,1.8677125831494175,1.297663649679027,2.274264989167481
1768913338.8678513,1.8755454653191754,1.3149639368289563,2.2905896506445735
1768913338.887948,1.8833919516441173,1.3648884654055067,2.325959106801931
1768913338.907741,1.8911380499898245,1.3839624013180263,2.3434493918967556
1768913338.9277632,1.8990384548244608,1.4567500282066064,2.3934217550573957
1768913338.947905,1.906961367854262,1.5303406448824042,2.4450857138079414
1768913338.967912,1.9147604273615138,1.5538645218563438,2.4659283133281655
1768913338.9883416,1.7845868847509698,2.1285735296811303,2.7776924992670367
1768913339.0077639,1.888969393445057,1.7792296619934653,2.5949688937421906
1768913339.027929,1.8964985296263586,1.8075597131536192,2.6199196150819084
1768913339.048026,1.8373844729020437,1.5229802950009876,2.3865143368986526
1768913339.0678842,1.843551951612854,1.5276014327793135,2.394211756659167
1768913339.0880916,1.7502912151962498,1.5377976065361274,2.3298800004853053
1768913339.108448,1.7547770953336703,1.610601115492102,2.381864523337143
1768913339.1278975,1.7355432714372876,1.4741245205486742,2.277093223632731
1768913339.1480863,1.7235798317185835,1.4731569665176991,2.2673594519411098
1768913339.1682417,1.7272196446510961,1.4912218794671617,2.281891845524286
1768913339.1879184,1.793613615301722,1.721170290541668,2.485855379952543
1768913339.2078578,1.7984118354383316,1.76080365660658,2.5168859026510857
1768913339.227906,1.8032150653333499,1.7863691339199548,2.538247280007818
1768913339.247896,1.6616153687213253,1.67567553333814,2.3598419706834113
1768913339.2677166,1.6597910867798105,1.6417722630971205,2.334592601639255
1768913339.2877676,1.6618162814167023,1.705166398083339,2.38101360733914
1768913339.307847,1.663833010101425,1.7692510576121947,2.428701214716425
1768913339.327876,1.5614133019075698,1.6724134883725057,2.2880075121083396
1768913339.3479948,1.6078936456107602,1.650591154187108,2.3042944980787916
1768913339.3678238,1.6087965789181726,1.6844600577451914,2.3292986323092517
1768913339.387949,1.4858110986311317,1.7895037218150271,2.3259316824028353
1768913339.4077218,1.4843916222248652,1.8608994697194063,2.3804128474979573
1768913339.4277983,1.5374064770699978,1.7443244507015834,2.3251422461974585
1768913339.4478068,1.5370219028455157,1.8150907317106046,2.378442913792254
1768913339.46796,1.5870726544969445,1.681506690027966,2.312199031065618
1768913339.487894,1.5876581729997588,1.7496653828468354,2.3626229970576125
1768913339.5077784,1.478381799435028,1.722359390884737,2.269831407014537
1768913339.5291202,1.476809542677625,1.7940701525722602,2.323715588813388
1768913339.547726,1.4255252331678456,1.8276554271150296,2.3178538674086555
1768913339.568392,1.4400963371630233,1.920201864352805,2.400219294184251
1768913339.5878782,1.4379693404954113,1.9546241593974898,2.4265843131251694
1768913339.6083267,1.4357455503169203,2.0070919461499486,2.4677486431066726
1768913339.627904,1.3185423984927425,1.9720056380405744,2.372205786412049
1768913339.6477423,1.3974307363970584,2.034331689507333,2.468059579094675
1768913339.6677988,1.3946572359221099,2.1022615939135427,2.522810459577534
1768913339.6878457,1.409753776903559,2.0756294732612623,2.5091120783585326
1768913339.7077804,1.4073256063355413,2.14337624102939,2.564103561258199
1768913339.7280102,1.4523802986736698,2.179927006258005,2.6194446519421644
1768913339.7479253,1.4508618386386258,2.243991102697521,2.6721706801406775
1768913339.7677977,1.3706028036382711,2.3141733377129867,2.6896003945424223
1768913339.7877789,1.3675652673977614,2.3598247847691667,2.7274544497394553
1768913339.807991,1.377242777822533,2.5342517220757266,2.884307448922204
1768913339.8277543,1.374464163511122,2.5859354883708825,2.9285173871418766
1768913339.8482025,1.2229379349314038,2.1685230581953086,2.489592224967579
1768913339.86851,1.175380494109287,2.324922632404686,2.6051457833680107
1768913339.887949,1.16911151164108,2.3867093333369276,2.6576687469452045
1768913339.9078264,1.2586147509244128,2.352466683732729,2.667997486752374
1768913339.927792,1.2540017661713352,2.4282999339803943,2.7329765822139813
1768913339.9479806,1.2493718241343024,2.5020237757329014,2.796614547854852
1768913339.967821,1.218111575589433,2.373073258966997,2.6674468135295997
1768913339.9878476,1.2129885945792804,2.441337174228245,2.7260719962701225
1768913340.007978,1.1130602668131215,2.402060661835378,2.647413564348251
1768913340.0278316,1.1776785245870454,2.352560273867198,2.6308680220512057
1768913340.0481997,1.1720170454041887,2.4168843307433043,2.686066608055443
1768913340.0677874,1.099810845710962,2.3287415487068728,2.5753875624878573
1768913340.088199,1.092965930213311,2.39482384971134,2.6324429330477974
1768913340.1081958,1.0483396974598194,2.308282033106181,2.5351887633134838
1768913340.128143,1.0162907798228733,2.288201965123992,2.5037402385931102
1768913340.1484952,1.0081904580368832,2.3450737619068036,2.5526102225879197
1768913340.1680517,1.0002517287294457,2.4053276009642204,2.6050152377263625
1768913340.1878362,0.9703217253092207,2.238926753722051,2.4401469749052875
1768913340.2077303,0.9455504051206134,2.2214699326154914,2.414331010888613
1768913340.2277598,0.9367997218670789,2.2836872133194,2.468364034572041
1768913340.2477212,0.8770065932264763,2.2208424855069993,2.387735728675939
1768913340.2678156,0.8672852411109084,2.2809567233310304,2.440276062898999
1768913340.2879357,0.8575403725006514,2.3436599954196957,2.4956196955063494
1768913340.308234,0.7808172308353096,2.209952137947976,2.343835318444995
1768913340.3276713,0.8249992523110976,2.1829214388388074,2.3336173153402764
1768913340.34787,0.8150175571263989,2.241917845124842,2.3854662526880355
1768913340.3681407,0.8049763848669071,2.3015507582913663,2.4382622650537327
1768913340.3877776,0.7879990564051804,2.1728719676708828,2.3113448684230113
1768913340.4079716,0.8044785221898745,2.1595104040846067,2.304489287893191
1768913340.427807,0.7950013910296507,2.212752655133567,2.3512340429101757
1768913340.447954,0.7741444740388055,2.1512178088545966,2.286271577879144
1768913340.4677947,0.7644092122744361,2.2024983558928,2.3313773721816275
1768913340.4878335,0.723926587170624,2.15841151121802,2.276578563408468
1768913340.5087957,0.7191671020786008,2.148472808125522,2.2656426743789275
1768913340.5278401,0.7094502489870751,2.194773281215678,2.3065882622882774
1768913340.5477552,0.7308181902860158,2.1288436504274806,2.2507933079735083
1768913340.5678618,0.7211254094704598,2.1755631670880398,2.291963557776188
1768913340.5878475,0.6651011289565283,2.1374399425588493,2.2385283156094373
1768913340.6077285,0.6546556892821531,2.1819114265091386,2.278006045786673
1768913340.6278956,0.6774353173645884,2.120574646985318,2.226152609919133
1768913340.6480389,0.6675207944386772,2.1633966656189827,2.264038238153096
1768913340.6678286,0.7118602173994986,2.1000375748950013,2.2174090252109417
1768913340.6886094,0.7026761085139706,2.14234162715087,2.254635527285901
1768913340.7078097,0.6771008372327207,2.1028320391348387,2.2091555238582083
1768913340.727799,0.6679153293936495,2.142045541812024,2.243762463015146
1768913340.748363,0.6585146465559699,2.1821724093275137,2.279367886884208
1768913340.7679129,0.5872654034290634,2.1164332970350195,2.196399452481999
1768913340.7883117,0.6423029353490151,2.09584673461201,2.192059897845355
1768913340.807775,0.633440147627609,2.1307853782209065,2.222946861413133
1768913340.8277502,0.5910664807404322,2.0999239000570604,2.181522397475152
1768913340.8481574,0.5812604110124158,2.1348743749835464,2.2125894925113676
1768913340.867771,0.6218207828749254,2.078437378110312,2.1694614586899794
1768913340.8879552,0.6130057050399711,2.1115941204740807,2.1987736864061884
1768913340.9078796,0.5904473925653735,2.0753657334314823,2.1577235807417137
1768913340.9277759,0.5571278792326411,2.0717177695834685,2.1453218850853504
1768913340.947927,0.5476093526183581,2.1027351771321534,2.172871654797882
1768913340.9677756,0.538084059700626,2.1336350496076726,2.2004392698318767
1768913340.988095,0.5290658370118639,2.0664041331853795,2.133058063330364
1768913341.0081506,0.5135922309512497,2.06233011506108,2.125319383805956
1768913341.0280879,0.5040448435808302,2.0905846649324467,2.150489582767406
1768913341.0481956,0.5715289424973786,2.0363631001196865,2.115046100594791
1768913341.0683138,0.5634613161254547,2.0631261783030865,2.138686111230287
1768913341.088248,0.5540573611068487,2.0301880872847846,2.1044341826604454
1768913341.1077464,0.5460979666495118,2.055288821322815,2.1266017794202225
1768913341.1278055,0.5379585258925892,2.0810324047035564,2.1494406819000136
1768913341.1478276,0.5266406790277196,2.0334957891586356,2.100584568479136
1768913341.1677845,0.5260835865170914,2.0331225940510933,2.100083670343573
1768913341.18793,0.5172204749848663,2.0446642348910373,2.1090682428945065
1768913341.2078388,0.5091119028118967,2.0682980381114326,2.130035610979392
1768913341.2279074,0.5109397605048509,2.0534662401215407,2.1160772760425486
1768913341.2478464,0.503059893373492,2.0762485485727673,2.1363233116201004
1768913341.2677784,0.4895073281125226,2.008196243531959,2.0669953015940146
1768913341.2879934,0.4814856758103021,2.0292982031939815,2.085636510396005
1768913341.3079574,0.4734591921148865,2.0504308969660876,2.10438363181033
1768913341.3279157,0.4807988908181664,2.0182371619786714,2.074716562666742
1768913341.3481042,0.47176444295847064,2.032387560785228,2.0864229884839856
1768913341.3679686,0.46399067355543977,2.0523742747203677,2.104169077968875
1768913341.3878531,0.45624792533242653,2.0723170186792004,2.1219472178349754
1768913341.4079905,0.448484387696239,2.0923626258429664,2.1398877550076647
1768913341.4279153,0.44077923901513194,2.1122349778009273,2.157735604515169
1768913341.4481568,0.43299821721436604,2.132211548870462,2.1757328754347105
1768913341.4680395,0.4252936657448234,2.1520579025399016,2.193679082729995
1768913341.4879189,0.41756069293833886,2.1719867359969136,2.21176022968894
1768913341.5085485,0.4095707063365315,2.1924766314089297,2.2304039864480276
1768913341.5282629,0.40193003312568454,2.2122093218398007,2.248425634786111
1768913341.547837,0.3943611548143078,2.23167475069787,2.266250849603564
1768913341.5680015,0.386581481514106,2.2516785736068314,2.2846228661837684
1768913341.5878365,0.3788636978132802,2.2714804376550717,2.302859327047666
1768913341.6078048,0.44410510491456545,2.079495950436879,2.1263896049629656
1768913341.6280627,0.5063935708982028,2.060547234865865,2.1218598812740663
1768913341.6478271,0.5013177873709043,2.075936061938389,2.135609996509364
1768913341.6681921,0.4773387127338169,2.0717156100613465,2.1259957233367697
1768913341.6882386,0.47193737753339393,2.086637702985044,2.1393414388151784
1768913341.7077358,0.45678269303603347,2.139116314812245,2.1873429170921446
1768913341.7279928,0.5091086928566253,2.125796613658295,2.185910085932918
1768913341.7477136,0.504594888319261,2.14090942788199,2.199570226137806
1768913341.7681623,0.4961967592113887,2.1309887877059275,2.187995529515603
1768913341.7877479,0.49163480567304774,2.145543811173294,2.201150387368659
1768913341.807751,0.4784827202137123,2.1369882718398827,2.189900588502666
1768913341.8277662,0.47367462659962145,2.151364481728926,2.202892821979558
1768913341.8478196,0.4606681963702266,2.1433355626065094,2.192282491167769
1768913341.8677945,0.45572476517709615,2.157237078582046,2.204848492483082
1768913341.8877501,0.4507718674981245,2.1711422007330974,2.217443061801566
1768913341.907763,0.4888646511498542,2.1366198291345384,2.191833237587835
1768913341.9279687,0.47325613081175555,2.1424802561769134,2.194126936496338
1768913341.9482975,0.46882089090516965,2.1555647652181342,2.2059584050473453
1768913341.9679985,0.4480344612318976,2.1515895676508663,2.1977426023252584
1768913341.9886029,0.4203984987656586,2.1621880984596373,2.2026784311117504
1768913342.0077999,0.41542158547474317,2.1743327304630284,2.2136616535598113
1768913342.0277426,0.41029870367224364,2.1868228732459123,2.224980742655233
1768913342.047914,0.3938821394569494,2.171511591882478,2.206944886820502
1768913342.0679536,0.44690661863659265,2.1558921252236622,2.2017257734292413
1768913342.0878434,0.4427347720705572,2.1672467679466116,2.212006471865623
1768913342.1077857,0.4385452139982964,2.178639507409237,2.2223393098186364
1768913342.1278996,0.4174034962709454,2.1664222805923004,2.20626634306603
1768913342.147937,0.40239799391353603,2.1713381475214604,2.2083100996888017
1768913342.1680045,0.39767239346180805,2.1822165251200794,2.2181551557609303
1768913342.1877556,0.3815865281810922,2.1783264669373743,2.21149598124192
1768913342.20788,0.37665139114311486,2.18890246825897,2.221071877720362
1768913342.2279482,0.4320875187587616,2.162241495817586,2.2049915895763808
1768913342.2478592,0.42832484989721764,2.1720545046880098,2.21388413165074
1768913342.2678401,0.42451277180378577,2.181914261996532,2.222827240279461
1768913342.287815,0.41912184625082416,2.165696678509139,2.2058796942059686
1768913342.3078766,0.40826360456572797,2.170179764002821,2.2082480338268935
1768913342.3278205,0.4043111341138568,2.179436182082572,2.216621204657912
1768913342.3483374,0.396421026520156,2.1752268254947538,2.2110543576808053
1768913342.3686864,0.3923638907900149,2.1843091028765436,2.219269176937581
1768913342.3879032,0.3781650801129346,2.1817787501876538,2.214309676307093
1768913342.4081616,0.3614668152347824,2.187936813218613,2.217594588096119
1768913342.4278176,0.3571062703179191,2.1964927745154057,2.225332648571615
1768913342.4479473,0.41005062188463914,2.1740922667290548,2.2124237154666053
1768913342.4679198,0.40669566875249963,2.1822452429542345,2.21981883661222
1768913342.4880176,0.4033053817431371,2.1904409781098444,2.2272599555341066
1768913342.507867,0.3940738310304568,2.179441258679571,2.2147817915853047
1768913342.5278468,0.38199516575054937,2.1836129605287518,2.21677375211047
1768913342.5477538,0.37835475936274077,2.1912820973600695,2.2237062652569883
1768913342.567742,0.3747093671234003,2.1989988617247747,2.2306956546505563
1768913342.5877924,0.371104335762102,2.206685693940674,2.237672938537682
1768913342.6078224,0.3674356232398379,2.214404458710021,2.2446817244278687
1768913342.6283236,0.3637541972131382,2.2222590171636227,2.2518330878098416
1768913342.6479747,0.3601625700233402,2.229833762406656,2.2587332035489367
1768913342.667718,0.35658551915034353,2.2374761046254648,2.2657123716918846
1768913342.6877382,0.35294901151232594,2.2451621568384468,2.272735381699109
1768913342.7078543,0.34931310045999164,2.2528818111309903,2.279801767057352
1768913342.7278867,0.3264123383592692,2.2073344172645406,2.2313382182613544
1768913342.7477634,0.3224443890072437,2.214075386261378,2.237431607904636
1768913342.7676938,0.3434539985535878,2.203173249646106,2.229783177144951
1768913342.7879372,0.3399072014087179,2.20964752601855,2.235638408779337
1768913342.8078933,0.33975597893890797,2.2046645145092754,2.230690419300974
1768913342.8279395,0.32837396855532885,2.209357438774042,2.233627040374236
1768913342.8477268,0.3248318387461264,2.2154476015050157,2.239134609280451
1768913342.8677816,0.37753104293655504,2.1975069658028126,2.2297010008368043
1768913342.8878398,0.37504510758206977,2.2031771078577655,2.2348709585364777
1768913342.9078915,0.3725320391117244,2.2088706584910014,2.240064665608386
1768913342.9281375,0.3560820596940615,2.2054404009122166,2.2340012970479233
1768913342.94788,0.3227696498605026,2.1595069003932252,2.183494973595549
1768913342.967849,0.3194051441907244,2.1640008117041454,2.1874458071439618
1768913342.9877858,0.30438457492527915,2.1613617853148206,2.1826897939175214
1768913343.0077305,0.3007698930954219,2.165741878236581,2.186527020583177
1768913343.027773,0.29312326292308843,2.1625210444705196,2.182296614817643
1768913343.0477726,0.28943075957244324,2.1667556388151894,2.1860009521782238
1768913343.067959,0.28218968109668374,2.162508349856349,2.1808423554479766
1768913343.087883,0.27848690243314134,2.1665179405149395,2.1843431372840443
1768913343.1078336,0.2714006201507484,2.1623063458430387,2.1792721330506857
1768913343.1280243,0.26755406171052454,2.166239430640637,2.182699806844741
1768913343.1477027,0.25419545347691486,2.1622351330066536,2.177125650709356
1768913343.1682396,0.31055128029783385,2.143031432990796,2.1654158539368846
1768913343.187995,0.3078172873265974,2.14629252237458,2.1682534616548272
1768913343.2078831,0.2969314546852462,2.1467333575798477,2.167171520052703
1768913343.2279866,0.29394462782564457,2.1529721350869195,2.172945571957173
1768913343.2478597,0.296085425498835,2.20672545567529,2.2265003516546193
1768913343.2677124,0.293203348164891,2.2144320198975507,2.233758575612559
1768913343.2878942,0.2903068905983728,2.222929800808224,2.241806189225595
1768913343.3078494,0.28234085281441845,2.222872597123203,2.2407317867628036
1768913343.3277304,0.2763860565309093,2.2290617228135616,2.2461312108506193
1768913343.3477254,0.2733926240979192,2.2495673140918058,2.2661192880211245
1768913343.3679338,0.2566624397622226,2.2556783787578993,2.2702335907083575
1768913343.3877742,0.25340462538369146,2.2734201705686594,2.287499328112313
1768913343.4077995,0.2500908044423731,2.285726405137737,2.2993674368422536
1768913343.4280581,0.23692431499983324,2.305029599557443,2.3171738359204053
1768913343.4478045,0.2945555091533085,2.2882050610387346,2.307085899860654
1768913343.467684,0.2923352987979735,2.324226671857641,2.3425391243472853
1768913343.4878612,0.29025260023529253,2.32538102619597,2.343425588521123
1768913343.5080006,0.28798814202899425,2.3532875193063667,2.370843587939201
1768913343.527883,0.27517127453119916,2.365247729137991,2.381200548152034
1768913343.547762,0.2726989539633604,2.387499444362284,2.4030227456940403
1768913343.567674,0.2614584866350691,2.4124924724850025,2.42661914400062
1768913343.5883799,0.31713836510272464,2.42525400706862,2.445901416946813
1768913343.6077774,0.31568983902354053,2.4640221666896522,2.4841628997311505
1768913343.6279004,0.3090247082836539,2.4818444464349128,2.501009421539554
1768913343.6478548,0.30740434281057705,2.5057403463848225,2.5245261166166477
1768913343.6677356,0.3007770416881179,2.5249005648544767,2.5427523849579043
1768913343.6878853,0.29903913938699045,2.5462320084211036,2.5637320155572967
1768913343.707772,0.2917766870773464,2.5860309948886346,2.602439229193745
1768913343.728005,0.28994927789390235,2.621251787773076,2.637239374545804
1768913343.7478251,0.36100275225759515,2.636052019678665,2.6606565425829634
1768913343.7677612,0.3605575771196581,2.655430570249475,2.6797972460307236
1768913343.788135,0.36014570155352676,2.6978327158337976,2.721765289103865
1768913343.807835,0.358726139369524,2.741707006061148,2.765075360664108
1768913343.8277209,0.35584264063057525,2.7776426485105006,2.800343312473556
1768913343.8477402,0.3553706443620559,2.824220732486058,2.8464910048476155
1768913343.867737,0.35060411280937287,2.837077155294022,2.8586587814935287
1768913343.8879216,0.35010098150708724,2.922952819114794,2.943845084243284
1768913343.9078128,0.294743109767724,2.4923792023081646,2.509746518844848
1768913343.9287498,0.2930888186826235,2.5579038755500463,2.5746404199792097
1768913343.9478014,0.2813306274250065,2.5293656980318033,2.544963213154025
1768913343.9677546,0.27952025173381023,2.568398906250053,2.5835643039715115
1768913343.9877775,0.2621527096214722,2.5227877118029873,2.5363717949042948
1768913344.0078442,0.2600057081792573,2.5321167665880218,2.5454308648875097
1768913344.027995,0.24216779846457803,2.5301957388088248,2.5417583912125705
1768913344.0484848,0.2397172754467194,2.5766585108465527,2.5877854342401676
1768913344.0679407,0.2724801578677314,2.5126123809033487,2.527343746525276
1768913344.0881176,0.23901386884200138,2.461049263308862,2.4726283800708737
1768913344.108021,0.2367367156453013,2.5153620202162266,2.526477857666831
1768913344.1277494,0.19644499204318255,2.467320026950464,2.4751280270502543
1768913344.1477268,0.19337976517082867,2.5013575268780777,2.508821478472938
1768913344.167876,0.19030415000796697,2.5362421335017657,2.5433717442127572
1768913344.1878128,0.19508523175102566,2.3563359410764697,2.364397875751051
1768913344.207909,0.17293389749286137,2.3024159695001067,2.3089013468555097
1768913344.227749,0.1696390185295602,2.326656818916735,2.3328329022069743
1768913344.247787,0.14340371254471473,2.291052712802543,2.295536355105599
1768913344.267736,0.13967086804800122,2.3154772150511107,2.3196859021863565
1768913344.2877676,0.17252312089721977,2.2094604487021137,2.21618584546131
1768913344.3077762,0.16947187511672324,2.216624308135259,2.2230933493381904
1768913344.3277917,0.13470399543958678,2.1566868063572393,2.1608894342614517
1768913344.3478203,0.1310778607778318,2.19608169082624,2.1999900450611887
1768913344.3677316,0.0957123967490896,2.158049678042225,2.1601711218765995
1768913344.3877537,0.0914647627727525,2.18964934424816,2.1915588181920813
1768913344.4078999,0.10282477202635243,2.058996126568445,2.061562025010679
1768913344.428009,0.09890322092204795,2.107195610331374,2.109515391578968
1768913344.4478762,0.06376801521835818,2.050780939921559,2.051772117782684
1768913344.4677608,0.09930322108540524,2.03123548508346,2.0336614087847016
1768913344.4878137,0.09554061881717146,2.07106279512265,2.0732653258049756
1768913344.5079272,0.08137617469516889,2.0581175793824116,2.059725722607487
1768913344.5279632,0.07740546184763719,2.079993690186452,2.081433486023346
1768913344.5478756,0.07342639669392681,2.0829933846667537,2.084287138639231
1768913344.5678334,0.08153453743357786,1.9408671707606793,1.9425790216439256
1768913344.587772,0.0856411021803849,1.9747568106192297,1.9766129766521576
1768913344.607772,0.0820294086979172,1.9761935364736622,1.9778952746522274
1768913344.6279128,0.07840888809264901,1.987907767405268,1.9894535042172066
1768913344.6479294,0.058516599415881165,1.9986220607939842,1.9994785155883998
1768913344.668222,0.03636980665001821,1.9671417199756824,1.96747790567128
1768913344.688198,0.03215057890025497,2.042639999312385,2.0428930041768028
1768913344.7085266,0.08970747199914597,2.0581650806686866,2.060119154276378
1768913344.7277727,0.08682892084214566,2.160536705417776,2.1622807673732174
1768913344.7478135,0.09000881130455529,2.132907922148977,2.1348062653267452
1768913344.7677402,0.08715516230481735,2.2603377953394297,2.26201745602378
1768913344.7878416,0.1629413194037237,2.3167843361109295,2.3225071654610643
1768913344.8079467,0.16154467902570513,2.3806111429016763,2.386085936639572
1768913344.8278966,0.05082619639501873,2.0373196435623857,2.037953540266596
1768913344.8486433,0.04722986103073101,2.0599268425190473,2.0604682128835363
1768913344.8676913,0.07817325522648677,1.9824342929091507,1.9839749956929673
1768913344.887777,0.07530883484299578,2.0176936008911586,2.01909853342588
1768913344.9078295,0.050947489714974536,1.9647671372206084,1.9654275743996068
1768913344.9278872,0.0476721889491355,1.9760823061056207,1.9766572586320852
1768913344.947846,0.0624479225267468,1.9143678525459755,1.9153861276226776
1768913344.967799,0.03690204159381627,1.8864505979894748,1.886811495441089
1768913344.9878879,0.03358705768140158,1.9977844882397573,1.9980668036617502
1768913345.0077484,0.06251376807056785,1.9809484698837423,1.981934613334436
1768913345.027782,0.059817574575486865,2.0831110505463286,2.0839697193424676
1768913345.0477448,0.008394462184496243,1.990914166197049,1.9909318632638984
1768913345.0677567,0.004721500502886,2.0135715312981706,2.013577066869172
1768913345.0878248,0.005919254405125529,1.878968962679128,1.878978286272673
1768913345.1077187,0.002354299820357064,1.9140564876890362,1.9140579355892375
1768913345.1278255,0.02121954015191463,1.8127085954514275,1.8128327890094402
1768913345.1479864,0.005251850883429721,1.785468933115732,1.78547665710284
1768913345.1680975,0.0018321523007811535,1.7780160098162412,1.7780169537844461
1768913345.1883202,0.014129209406363086,1.7089737095666209,1.7090321163010207
1768913345.2077384,0.011116111997616973,1.731146297081958,1.7311819863453173
1768913345.2286143,0.007905033067690859,1.7214583510671044,1.7214765011484983
1768913345.247951,-0.03641200121068677,1.6894692663142177,1.6898616025143798
1768913345.2677748,-0.04021325179017654,1.7989067282811693,1.7993561411446042
1768913345.4726503,-0.032743041735210254,1.7239892299385335,1.7243001396874418
1768913345.4728847,-0.03637762298195513,1.8049876928921496,1.8053542319849427
1768913345.4730546,-0.07524544733630723,1.7192719941815753,1.7209177979560593
1768913345.4732175,-0.0392854157093111,1.7386572899553503,1.7391010654364907
1768913345.4733548,-0.0427676563144781,1.77611163633126,1.7766264709099489
1768913345.4735045,-0.09808302555925508,1.6068076651481622,1.6097984820100142
1768913345.4736524,-0.10263931329207743,1.608464925258092,1.6117364066182127
1768913345.4737937,-0.02918218319221033,1.6832194542083272,1.6834724027560541
1768913345.4739425,-0.03224177473924017,1.6713958988837394,1.6717068471606256
1768913345.474899,-0.06860992005711375,1.6538498264451604,1.6552723551013986
1768913345.4879558,-0.07236172069678248,1.593023012645446,1.5946656506742007
1768913345.5078485,-0.044412630772091344,1.6499383545861974,1.6505359904305954
1768913345.5288591,-0.0798273861179577,1.5204338924669347,1.5225280401150516
1768913345.5478144,-0.08330275451302027,1.6211678979031259,1.6233067184303454
1768913345.569159,-0.05410937479391076,1.5625299834395214,1.5634665885742807
1768913345.587816,-0.05695186260465146,1.6627386421803738,1.6637137094025438
1768913345.607831,-0.10542528466275447,1.3984009840476848,1.4023693532132524
1768913345.6277752,-0.10933180534702647,1.4561977806780835,1.4602963466749534
1768913345.6482427,-0.09858302448556877,1.3819988890952644,1.3855105709366735
1768913345.6678865,-0.10216008585382974,1.4232932224226467,1.4269548977230861
1768913345.6880183,-0.10580377505426397,1.4787926456894915,1.4825728069005784
1768913345.707739,-0.1305353693828316,1.3235008205095689,1.3299225182503733
1768913345.7278283,-0.13897429064006428,1.282399922544199,1.2899082970507154
1768913345.7478285,-0.14312937626388755,1.2705383214478534,1.278574849047649
1768913345.768099,-0.14730095055063075,1.2583226444691746,1.2669149330626015
1768913345.78781,-0.1389002698807481,1.2891978990571076,1.2966589790327312
1768913345.8077934,-0.14264010130611005,1.1573043574538353,1.166061565391061
1768913345.8282137,-0.14660531096441143,1.173364283763112,1.182487572710129
1768913345.8478377,-0.17162988448178318,1.1145553507143617,1.1276925321439546
1768913345.8682573,-0.17604726351275957,1.1280285252993476,1.1416834030848273
1768913345.8879666,-0.16684711447358036,1.0961771026110103,1.1088021464160454
1768913345.9082115,-0.17094818085841068,1.1576162796422036,1.1701703856411068
1768913345.9283636,-0.17501856502189628,1.188216708853167,1.201037237266262
1768913345.9480214,-0.14872722594984977,1.232575414559001,1.2415159847195005
1768913345.967917,-0.1452810845954553,1.109164740469188,1.1186389118215552
1768913345.9883513,-0.14869730663156144,1.1041986329140485,1.114165835918843
1768913346.0079544,-0.17410945203920325,0.9351192040971217,0.9511897955511434
1768913346.0283885,-0.17797088993479993,0.9421804558687725,0.9588418269377242
1768913346.0479672,-0.17055159940217313,0.9861718846130447,1.0008110880979906
1768913346.0678194,-0.17405885891174389,1.060180303805268,1.0743736607634649
1768913346.0877364,-0.1776452156859576,1.0214571896341234,1.0367895702172896
1768913346.107937,-0.14058206532747586,1.175412327486006,1.1837894477895166
1768913346.12797,-0.1599521603705113,0.8751473986149243,0.8896446835167752
1768913346.1477318,-0.1629935257917282,1.0094481987422252,1.0225226429737104
1768913346.1677153,-0.13241254133661795,0.9664398083215815,0.9754685972453838
1768913346.1877296,-0.13488613139589922,0.9878432875256422,0.9970098440599373
1768913346.2078416,-0.16849781638738026,0.972452834527294,0.9869427691145439
1768913346.2280135,-0.17159523914014152,0.9619662629566612,0.9771509694834093
1768913346.2479289,-0.23429554849837708,0.769327185400595,0.8042131074799495
1768913346.267812,-0.243071546794287,0.798190328809274,0.8343809548794987
1768913346.2877686,-0.24739445786013758,0.7860015357510495,0.8240160386684956
1768913346.3078482,-0.237753858879728,0.7703547831545574,0.8062092714310019
1768913346.3279197,-0.24178985191667146,0.8216796548766334,0.856516075580645
1768913346.3477921,-0.20883760159210707,0.7937509011734152,0.8207640568106965
1768913346.3679125,-0.2121660066910417,0.876033106344341,0.901359205759024
1768913346.3878028,-0.25844333767970007,0.7313833191831849,0.7757025965990033
1768913346.4081342,-0.2626277164283253,0.7625016605594679,0.8064627082465144
1768913346.4277885,-0.21966728307935635,0.7596115709345774,0.7907360203969227
1768913346.4479113,-0.2229305196620721,0.8227778892511752,0.8524444097050673
1768913346.46783,-0.226196603073756,0.7593618815034358,0.7923353900480177
1768913346.4878187,-0.23288190910748452,0.7483046709885084,0.7837052151241348
1768913346.5076952,-0.13144749750660734,0.9141562247374022,0.9235583618953863
1768913346.527836,-0.13274688722191463,0.9330440966549336,0.9424399303773842
1768913346.5477877,-0.16978507947358124,0.9080200913788898,0.923757251424625
1768913346.568694,-0.17184504950479873,0.9552534419969057,0.9705873785941389
1768913346.5879152,-0.18394545292905906,0.8970297269317866,0.9156955065154532
1768913346.608249,-0.18614712948887113,0.9934967283155531,1.0107850923864352
1768913346.6277435,-0.12706832260788892,0.9818725947841287,0.990060680462819
1768913346.647883,-0.12809363509493488,0.9834933774407277,0.9917999812571102
1768913346.6677876,-0.1551158237046678,0.8439891893165443,0.8581250902093327
1768913346.6879036,-0.12213142088302731,0.7659568803344614,0.7756326620885737
1768913346.7077863,-0.1229849267990818,0.7468907059409418,0.7569484915373924
1768913346.72776,-0.1298670145617422,0.720687795762041,0.7322952549563113
1768913346.747809,-0.1308429946505878,0.7013363043705345,0.7134371037991035
1768913346.767781,-0.13797621892344147,0.7529447748451323,0.7654823779519659
1768913346.7877614,-0.13907853311601115,0.6879591837020014,0.7018765395805914
1768913346.8077695,-0.18682090918302852,0.6193687613473928,0.6469309968157169
1768913346.8278248,-0.1888041584054484,0.633689440375,0.6612180556170334
1768913346.8477564,-0.2606269960841161,0.5447725024309822,0.60390687236754
1768913346.8681185,-0.26395876007319197,0.5581567045013553,0.617424597662897
1768913346.8879137,-0.2219151836431058,0.6674265482103756,0.7033523626087924
1768913346.9080727,-0.18708610199317433,0.5809214403701874,0.6103039647919499
1768913346.9279687,-0.18881577512825098,0.6256358436432126,0.6535071581768914
1768913346.947719,-0.1503589613823586,0.6851382128460841,0.7014429327963235
1768913346.9678502,-0.15131782497744883,0.7141317008828261,0.7299871028735399
1768913346.987788,-0.19095248920184105,0.5846613156410201,0.6150542310556588
1768913347.0081122,-0.19268951944247126,0.5769779101793597,0.6083031807724761
1768913347.0279877,-0.23056704746555168,0.41726339210890373,0.47672833120259456
1768913347.0479777,-0.23296753817809168,0.3946810713906679,0.458308871787189
1768913347.0679038,-0.20906511131166328,0.4012496524043847,0.4524483443691641
1768913347.0881126,-0.21097448231274074,0.42538997606740736,0.4748335117973018
1768913347.1078825,-0.22981513616867966,0.4914572408335989,0.542535912525616
1768913347.1277132,-0.23203081363102573,0.46975143427246824,0.5239319693197932
1768913347.1487408,-0.24803359383590984,0.4137006359658546,0.48235762652798353
1768913347.1680624,-0.25043454746000116,0.4106741127078646,0.48101007204619683
1768913347.1877897,-0.22252892855257245,0.5778984605156929,0.6192622664987459
1768913347.207917,-0.22442495481220748,0.6528236226205184,0.6903225641639119
1768913347.2277272,-0.2263207930913882,0.6803053817022944,0.7169633977816576
1768913347.247761,-0.23134801437191987,0.5510211964249423,0.5976171539233164
1768913347.267854,-0.24124994464594307,0.42871338543738613,0.4919316036247879
1768913347.2884104,-0.24341955336852916,0.4018649542108206,0.46983882383749337
1768913347.3077352,-0.27371514851220413,0.35773807141487834,0.4504403515058288
1768913347.32776,-0.2763986537967311,0.2844988365115704,0.3966557749448285
1768913347.3476784,-0.3443193482773391,0.33840108591700857,0.4827743867977486
1768913347.3680878,-0.3482649141055274,0.37742100880768437,0.5135514271096329
1768913347.3877606,-0.3230621620153209,0.3802401162207114,0.4989506052802758
1768913347.4079196,-0.30637986488483127,0.26024987027616797,0.40199330415519324
1768913347.4278576,-0.30934980621541075,0.26526129863372006,0.4075056553697872
1768913347.4479878,-0.31231633953720117,0.31838320203455983,0.44599255518415964
1768913347.4677868,-0.40986501110601514,0.3157706240452376,0.5173977332177372
1768913347.4877734,-0.33766924733543835,0.25606591023861736,0.42378092333470263
1768913347.5077596,-0.3409541208207375,0.22799568487617683,0.41016063295591765
1768913347.5277843,-0.3759810934611124,0.193455743889122,0.4228320085848602
1768913347.5478444,-0.37988193126362635,0.1490915125864205,0.4080913633316556
1768913347.567775,-0.519961686994707,0.09030128919298086,0.5277447098477597
1768913347.5878236,-0.5264897158875276,0.03009517425913888,0.527349163694243
1768913347.6078546,-0.5329961355024235,-0.02969198584134869,0.5338225308880478
1768913347.6278062,-0.5786402646432205,-0.032226562319608076,0.5795369765470672
1768913347.6479664,-0.7220760894758654,0.281769375594344,0.7751050638562391
1768913347.667797,-0.7319664444750345,0.21447768489200625,0.7627421275595432
1768913347.687997,-0.6144841532646999,0.38887469214663395,0.7271961914130013
1768913347.7078037,-0.6218596568418865,0.4542283520476891,0.7700862475148275
1768913347.728176,-0.646383518378344,0.4486456882072416,0.7868256518302619
1768913347.7482882,-0.6491451114624264,0.3190648624907033,0.7233199583944696
1768913347.767755,-0.65663922258604,0.38231135009119077,0.7598269783621453
1768913347.787734,-0.6422044927852246,0.36016964721930833,0.7363075344797232
1768913347.8079176,-0.6494916494033156,0.40318261570011527,0.7644577321522925
1768913347.827924,-0.6108401956320207,0.40143493812751574,0.7309416899788983
1768913347.8477654,-0.6172099583332397,0.3966864288345293,0.7336949335297414
1768913347.867822,-0.6228066624016065,0.4560873220857573,0.771948044948095
1768913347.8883023,-0.6293302351242788,0.4340963908403266,0.7645235257218561
1768913347.9080732,-0.6694292224563181,0.4264954465637003,0.7937467164140213
1768913347.9278488,-0.676394515931618,0.3607030927639703,0.7665613232559162
1768913347.9477427,-0.7237788043212952,0.42366727030398277,0.8386594741082888
1768913347.9679675,-0.7316133926249853,0.37417418002238967,0.8217447737975998
1768913347.9877858,-0.6550446889856103,0.37388063821807194,0.7542348945803341
1768913348.0082617,-0.6612406930975047,0.42172242169963114,0.7842761345165807
1768913348.0280092,-0.6810837217325063,0.5407473493906121,0.8696451758516084
1768913348.0482664,-0.7025948280713327,0.40365277320964177,0.8102931899950906
1768913348.067971,-0.7092239286536364,0.40230617654502243,0.8153826345104321
1768913348.0878508,-0.7159033319173694,0.4482471469993685,0.8446556016764849
1768913348.1077862,-0.6815045601883528,0.5040979041479279,0.8476810499969041
1768913348.1279519,-0.7087383018818268,0.4430772246283601,0.835839343138803
1768913348.1477504,-0.7150159674553452,0.4402504919246275,0.8396834697408184
1768913348.1677434,-0.7072338474759179,0.42302085543383905,0.824091232296259
1768913348.1877666,-0.7133106214117884,0.4032128411288256,0.8193855245670693
1768913348.207802,-0.7199392314458248,0.45692004440650935,0.8526948011775676
1768913348.2278767,-0.7260446611857213,0.3742842745245758,0.8168412135737746
1768913348.2480595,-0.7421378800734596,0.4391009364511853,0.8623098430565643
1768913348.269076,-0.7484051774550191,0.39041840336959677,0.8441189722611049
1768913348.287929,-0.8856380103208173,0.4770553634246353,1.0059505480376394
1768913348.3081713,-0.8944509661583147,0.3812987210703005,0.9723328882390996
1768913348.3278866,-0.830847987573853,0.6025852299204422,1.026361212134302
1768913348.3477998,-0.8382229414337004,0.5247676172010767,0.9889381940286563
1768913348.367719,-0.8456389799970602,0.6067674787793376,1.040803563500194
1768913348.3879263,-0.9066709589025728,0.5349707271630812,1.0527325902805074
1768913348.4078898,-0.7825370959748975,0.5953168711012822,0.9832428406017745
1768913348.4279716,-0.8225171372504798,0.4996428608908099,0.9623811248719906
1768913348.4478123,-0.8289816900312749,0.5780680436151799,1.010630152655357
1768913348.4683304,-0.867503685588244,0.46367681833882735,0.9836456864003444
1768913348.487791,-0.8744154537268088,0.43127350843628864,0.9749867818566601
1768913348.507804,-0.8815510058991246,0.39522081864205383,0.9660909229932003
1768913348.5277462,-0.8617938618522671,0.5226333088692874,1.00788602325159
1768913348.5477495,-0.8910225738969809,0.5118784209204597,1.027589774665953
1768913348.567778,-0.8980654519643527,0.4956522879966254,1.0257644693633265
1768913348.5878944,-0.9313213726274293,0.5457137254889304,1.0794271486763924
1768913348.60785,-0.9388590449774642,0.5623106043473092,1.094371747669608
1768913348.6278462,-0.900123268506739,0.6118938252058772,1.0884098271479983
1768913348.6479502,-0.9068209157579226,0.6600102543968047,1.1215782224905102
1768913348.6678066,-0.9699016214735392,0.6686802199826145,1.1780672272553032
1768913348.687792,-0.9776465312724082,0.6843084135252973,1.1933443530391725
1768913348.7081437,-0.9863788673021552,0.6648677980081672,1.189534555483157
1768913348.727905,-0.9939807597903094,0.601802663080556,1.1619656604754591
1768913348.7477663,-1.0017325154151027,0.6165892041063961,1.1762866483389276
1768913348.767765,-1.0579400421809244,0.6254709846750206,1.2290041031339627
1768913348.787719,-1.0666071776303583,0.6414218494740584,1.2446175558601607
1768913348.8079314,-0.9590152757025954,0.6111512765965328,1.1371966329164436
1768913348.8277617,-0.9654364791070631,0.5962761696564653,1.134730305266775
1768913348.8476968,-0.9718522634032273,0.5494920103196721,1.1164400079212184
1768913348.8677535,-1.0446028920968247,0.7833507962328277,1.3056927939357157
1768913348.8879101,-1.0441942055878877,0.7556821510007916,1.2889519200980706
1768913348.907899,-1.051755091588927,0.7753707825027352,1.3066708166336831
1768913348.9278164,-1.0367204048526415,0.7401665137679325,1.2738271727126877
1768913348.9477901,-1.0438182112162446,0.8068489518499291,1.3193034863775697
1768913348.968009,-1.0509540687742738,0.8409367966874823,1.3459863114817345
1768913348.9877512,-1.0422657155600523,0.9419617396380442,1.404852213143375
1768913349.007779,-0.968088352020996,0.9082669121042892,1.3274576606966373
1768913349.028426,-0.9735116219389602,0.9066613857991879,1.3303231737249144
1768913349.0477803,-0.9447599211581387,0.8046814581562458,1.2410010305101258
1768913349.0677865,-0.9493365666215546,0.7572934890356837,1.2143859951681921
1768913349.0877552,-0.9052096571496685,0.7795642341093414,1.1946233374999438
1768913349.1078598,-0.90886794171095,0.7786013570110839,1.1967710761082924
1768913349.1277437,-0.9125095257102962,0.7768926779801912,1.1984305852285575
1768913349.1477304,-0.923975141619538,0.8761232681213738,1.2733114478691072
1768913349.1678467,-0.9277752934845309,0.8728275010410105,1.2738111483943775
1768913349.1878319,-0.8275352515793406,0.7672820586472184,1.1285106778973764
1768913349.207903,-0.8293298261244407,0.7882134134148657,1.1441452467177011
1768913349.2281306,-0.7868926049366627,0.7453890568168955,1.083884134825484
1768913349.247826,-0.7877841659720167,0.8059334341178381,1.1270015937811257
1768913349.2678938,-0.7370590506855266,0.7756148690978772,1.0699693777688999
1768913349.2877784,-0.737003323441556,0.7595212506312414,1.0583224598034118
1768913349.307757,-0.6333286066464033,0.7794134761464946,1.0042860602415216
1768913349.327757,-0.6313085482244689,0.7221739948886743,0.9592110101300723
1768913349.3477776,-0.5669822375175095,0.7714725223900771,0.9574125079939522
1768913349.3678033,-0.5637356166499944,0.7548097391686799,0.9420910719371243
1768913349.387903,-0.5167330501039047,0.6730638579530481,0.8485446375720758
1768913349.4079661,-0.5126427524712724,0.6279880355396195,0.8106611896731166
1768913349.4278493,-0.4999301800518794,0.7151848259854692,0.8725935595949412
1768913349.4479206,-0.4956676840721218,0.6981342106891759,0.8561996432888882
1768913349.4678228,-0.48035437519279456,0.7789541743356434,0.9151556870182166
1768913349.4878504,-0.47587926405217607,0.797303531815059,0.9285224799645981
1768913349.5077944,-0.4713999879503019,0.7885561075681711,0.9187157794566336
1768913349.5278814,-0.40511782214388703,0.6472276233133574,0.7635601130221924
1768913349.5478334,-0.3994625267098194,0.6436526431271652,0.7575348409479125
1768913349.5678911,-0.39165875485055635,0.5992402439796933,0.7158808911096388
1768913349.587835,-0.38592348342068783,0.6243880167695082,0.7340281537794838
1768913349.6077168,-0.22770360705458492,0.517294614342136,0.5651925784129229
1768913349.62777,-0.21907620317385845,0.4606601885874735,0.5101001785399809
1768913349.6478157,-0.23627187607229638,0.5937939847052505,0.6390740924923038
1768913349.6678026,-0.22816794479241742,0.5181693172558681,0.5661802295879009
1768913349.6877937,-0.26270739848991886,0.5098656853053551,0.5735662074017615
1768913349.7079144,-0.2553875104018638,0.4546339960741701,0.52145455301074
1768913349.7282584,-0.11367837765169764,0.46384364786767307,0.4775706264132164
1768913349.747918,-0.10403004405900806,0.39129363901788494,0.40488635689879454
1768913349.7678928,-0.002147510555686183,0.45031379031142116,0.45031891093560056
1768913349.7879643,-0.004680723368782447,0.36990274339317253,0.36993235698036786
1768913349.8078551,0.0067681302436054525,0.3887109527642938,0.38876987072806896
1768913349.8280087,0.07903575304336274,0.36532577755916584,0.3737774391377047
1768913349.8478243,0.09166813987376365,0.3877158852471929,0.3984051399529509
1768913349.8679702,0.10417061805833183,0.2926692139398739,0.3106554143336931
1768913349.8879168,0.11677502477531732,0.30095711934806957,0.3228182059574152
1768913349.9078164,0.1264864772137949,0.19674499627403108,0.23389617884186215
1768913349.9277494,0.1390124422613881,0.20587769394534128,0.24841514440091483
1768913349.9477699,0.15145989719831066,0.11706316008663897,0.19142592277116727
1768913349.967777,0.36442532358769075,0.16185859463238472,0.39875308290766076
1768913349.987896,0.38073874617827164,0.08871903760484656,0.39093869145293425
1768913350.0078316,0.29142679889196954,0.19224578951463478,0.3491246520922373
1768913350.027897,0.30574420903775057,0.1418358418158352,0.33704143274043674
1768913350.0477872,0.36384789659866623,0.17150487970400619,0.4022427322172016
1768913350.0678296,0.37890158668477714,0.10595495529385701,0.39343724397108737
1768913350.0877442,0.3636794852321287,0.14828074212651643,0.3927466695776
1768913350.1079333,0.37823617044865276,0.09330789092937053,0.38957536260054954
1768913350.1276824,0.4078200850334923,0.031174696459695284,0.4090098818562689
1768913350.1486676,0.38227810103166415,-0.1379595568901255,0.40641036633641003
1768913350.1677895,0.39561611197119995,-0.18454875999974618,0.4365436437157835
1768913350.1881316,0.44744215104955054,-0.14987256013437822,0.4718752619253118
1768913350.2079296,0.46199149144583884,-0.20043195971410732,0.5035961761602129
1768913350.2277625,0.5416420468989214,-0.3596481499027906,0.6501714379279926
1768913350.2478013,0.5576310164491527,-0.4310289048591489,0.7047966141591434
1768913350.2677886,0.5735130802695195,-0.5073139817097889,0.7656923202425844
1768913350.2881122,0.5895664529703134,-0.5809489993355168,0.8277018438404828
1768913350.3079195,0.6943402067888301,-0.5566847587376582,0.8899473261796791
1768913350.3278224,0.7119114900159808,-0.614473999135587,0.9404234499577597
1768913350.3477955,0.6215595340948167,-0.5017281300752465,0.7987911935749975
1768913350.3677847,0.6369564170306509,-0.5528751975557675,0.8434361038447745
1768913350.388442,0.6528796663710895,-0.6142606223554115,0.8964195284225364
1768913350.4079907,0.6236540098060582,-0.5951434150203152,0.8620556875221103
1768913350.4279556,0.6951108006033067,-0.6350941821431082,0.9415538462071054
1768913350.4477704,0.7106998780775278,-0.7160114763287648,1.0088442649556522
1768913350.467726,0.6655094529845292,-0.737943471254594,0.993711929474054
1768913350.4881146,0.680194710187911,-0.8161803447074458,1.062457151538066
1768913350.5077672,0.6558554860817505,-0.8759381810472888,1.094264189142623
1768913350.5277667,0.8080422613019523,-0.9736028196293702,1.2652409835443337
1768913350.5477998,0.8245299271520565,-1.052775443525828,1.3372306215684637
1768913350.5679586,0.8410684546387557,-1.1364789179883612,1.4138530604063566
1768913350.5878372,0.6617124591745537,-0.8905672441740418,1.1094924042203185
1768913350.6078513,0.6978597959265938,-0.9593988534693842,1.1863618566057643
1768913350.6278138,0.7109806342759566,-1.0352398364667312,1.255872199438743
1768913350.6477156,0.7240585784185897,-1.1143946948503096,1.3289606318067002
1768913350.667985,0.7008184079692721,-1.194381421302312,1.384808080746468
1768913350.6877553,0.6856255069591644,-1.095113290741665,1.2920353924533374
1768913350.7078047,0.6975959844478004,-1.1769165433847455,1.368127445675436
1768913350.7278152,0.6921251636586779,-1.0898232595464084,1.2910274897220082
1768913350.7477639,0.7037700606810153,-1.1686800886686637,1.3642233863856592
1768913350.767761,0.7427727012732073,-1.2989497366416725,1.4963227272477575
1768913350.7877567,0.7548869901866991,-1.3789326062394558,1.5720399169561412
1768913350.8078618,0.6958895499361684,-1.1982953576439588,1.385703442249252
1768913350.827758,0.7065949807268017,-1.2730840056395358,1.456028623414909
1768913350.8478596,0.6654613479862107,-1.310804269460565,1.47004987619457
1768913350.8677764,0.6750798142675218,-1.3850320738759248,1.5407941463078436
1768913350.8877053,0.676099990615079,-1.343847681450967,1.5043396518907721
1768913350.908025,0.6856058397678294,-1.4166212242745928,1.5738078220001948
1768913350.9277744,0.671133853884398,-1.3857283936238094,1.5396960189352142
1768913350.94782,0.6956632584673954,-1.4051149310012576,1.567895193724422
1768913350.9678004,0.705026983847071,-1.4741765092465933,1.634092845699708
1768913350.9879055,0.6461163675179196,-1.3839205751032129,1.5273187350938109
1768913351.0078135,0.6541700265596463,-1.4502388345281805,1.5909528908244592
1768913351.0277941,0.6622421926880042,-1.5160052587306456,1.6543387398822489
1768913351.0476956,0.6358173857875297,-1.412491057270076,1.5489979777061123
1768913351.0679033,0.6660470970672535,-1.3821013882311757,1.5342173844870415
1768913351.087687,0.6738943303017353,-1.4428331540022619,1.5924512798515813
1768913351.107911,0.6490581204789325,-1.411669102821179,1.553732956340824
1768913351.1277893,0.6562650950159533,-1.4708511019754233,1.610616912589277
1768913351.147784,0.6361161247217516,-1.4310244116780169,1.5660378638300652
1768913351.1679783,0.6428615036494225,-1.488319521576699,1.6212235845745306
1768913351.1878583,0.6154740614564738,-1.4234834784257373,1.5508428462216162
1768913351.208306,0.6195825140831179,-1.4194074939598291,1.54874146508282
1768913351.2277746,0.6253009774830571,-1.4725150077444074,1.5997817852675342
1768913351.247909,0.6155231689328398,-1.4270402831778988,1.5541276464002507
1768913351.2677846,0.6210515678480654,-1.4793101630824452,1.604388858265212
1768913351.2883866,0.6019262480034766,-1.4479935667557076,1.5681200774817783
1768913351.3078222,0.6068773377616978,-1.497509678117508,1.6158079524325681
1768913351.3280146,0.6122621704923613,-1.4376307697944721,1.56257710071403
1768913351.3478577,0.6173819871770412,-1.4856281451401898,1.6088043708678046
1768913351.367914,0.607228669400617,-1.4481401949530266,1.570298277774205
1768913351.38783,0.6121125672576849,-1.4947206797025832,1.6152002059575605
1768913351.408136,0.6170323877435709,-1.5420044227014262,1.6608752533394227
1768913351.4279125,0.6065638801952588,-1.4570089904228247,1.578225249744303
1768913351.4484959,0.6062300576711397,-1.4581766862859542,1.5791751426779232
1768913351.467785,0.6105999488370686,-1.5000056319323196,1.619521285240953
1768913351.4877036,0.6092613371159431,-1.4582008321011894,1.580363579574304
1768913351.5078247,0.6137598679283836,-1.4998563721850502,1.6205771541841403
1768913351.5277271,0.6305554290405276,-1.4729911649444762,1.6022805999877079
1768913351.5478373,0.6352889373626646,-1.5132611893022307,1.6412042715590847
1768913351.5677745,0.644745033076422,-1.471292744326444,1.6063618823865173
1768913351.5878754,0.6494731596603439,-1.509908797496733,1.6436666212700253
1768913351.6078238,0.6529471758964289,-1.4697740340318255,1.608283471787641
1768913351.6279907,0.6575650721077914,-1.5072322726548038,1.6444272400408264
1768913351.6478546,0.6707906167595298,-1.4656471711498416,1.6118565946858185
1768913351.6678052,0.6854271459750091,-1.4609489179946742,1.6137478469170008
1768913351.6878953,0.6904065136158781,-1.4958535373718753,1.6474947524381327
1768913351.7078612,0.6984559606760331,-1.4547295122404371,1.6137157998814973
1768913351.7278287,0.7035254683829902,-1.4880827137749542,1.6460067580964965
1768913351.7479086,0.6896397207200166,-1.4662903269719703,1.620373496255215
1768913351.7677667,0.6943157148420966,-1.498411998675369,1.6514577892428877
1768913351.7878091,0.6991470538937182,-1.5306249687778628,1.6827416313904222
1768913351.8077972,0.6920591590535261,-1.4493938318801423,1.606140828047801
1768913351.8278816,0.7478918759392965,-0.3979168875454029,0.8471600247236769
1768913351.8478124,0.7533049087168443,-0.40717587043127423,0.8563062973950144
1768913351.8678849,0.7042443979366478,-0.2920888032307545,0.7624146122667941
1768913351.8879108,0.7085123353564093,-0.2990995420937512,0.7690580377532535
1768913351.9078186,0.6956755873899628,-0.2655689889179076,0.7446418003075368
1768913351.928004,0.6997527734139561,-0.27158131657684237,0.7506066582532656
1768913351.9482398,0.6852996449319577,-0.24663065383037797,0.7283284168235282
1768913351.9678795,0.6888893239299763,-0.2520087682047354,0.7335372654996934
1768913351.9877772,0.7023013078805127,-0.2349306887502376,0.740553546725245
1768913352.0078986,0.661447275726391,-0.21599156528318808,0.6958195562351966
1768913352.0277696,0.6646206143610273,-0.22034471768284192,0.7001945127208301
1768913352.0478895,0.6438156759354916,-0.18881233690399668,0.670931235781598
1768913352.0678072,0.6464845871772867,-0.19255495553004032,0.6745515045991394
1768913352.0878816,0.6126337291256937,-0.1476789140675443,0.6301818370300932
1768913352.1079547,0.6146517443843896,-0.1504584547293355,0.6327989518593663
1768913352.1279428,0.630862075858467,-0.14192118485076222,0.6466286271623755
1768913352.1477687,0.6329389958952437,-0.14464334128259004,0.6492560886909503
1768913352.1678827,0.6352099613435965,-0.14725155876074325,0.6520542282261514
1768913352.1878078,0.5914331750155075,-0.11399871235168746,0.6023196052983555
1768913352.2078362,0.6559858636199286,-0.2151453146947997,0.6903658158572946
1768913352.2279701,0.6585798750513757,-0.21894808803415167,0.6940214096672351
1768913352.24771,0.6684755040335919,-0.20567474141312125,0.6994008855787353
1768913352.2679365,0.668105117483809,-0.21223111743089973,0.7010039195425533
1768913352.2878428,0.6708154331428701,-0.2157161946610593,0.7046465936777843
1768913352.3077216,0.6735607361084448,-0.21914567580867228,0.7083141199020317
1768913352.3278267,0.6904957984521687,-0.21304409347441577,0.7226148583058846
1768913352.3477862,0.6871351308571599,-0.23837807849767145,0.727309285219382
1768913352.3680644,0.6900565696924646,-0.242108254581197,0.7312964353202366
1768913352.3878403,0.7189348609752575,-0.23686609700190608,0.756949722395371
1768913352.4081936,0.722394420455072,-0.2404770740559048,0.7613691101240635
1768913352.4279802,0.7465995178747931,-0.2402644403904457,0.7843072366152231
1768913352.4483454,0.7504286628857031,-0.24391790183232764,0.7890748512750291
1768913352.467806,0.7199436335980304,-0.2178355473917719,0.7521776128454023
1768913352.4889307,0.7231744761755169,-0.2207829423925638,0.75612593570334
1768913352.5077703,0.7378524481976656,-0.21598802992591004,0.7688153642992345
1768913352.527911,0.7412258210052918,-0.2187680020291065,0.772835788791368
1768913352.5477026,0.7519886904778451,-0.22727727710549495,0.7855838283054662
1768913352.567759,0.7613875651137275,-0.22174507850370162,0.7930207463556193
1768913352.587807,0.7650653487412394,-0.22440782521414704,0.7972978489008342
1768913352.6077821,0.7534676133205543,-0.23859071762241868,0.7903410497111694
1768913352.6278796,0.756867861494072,-0.24144614546427512,0.7944464745482642
1768913352.6478395,0.7602335180609666,-0.23343248839376862,0.7952645651737923
1768913352.6681414,0.7636543477799156,-0.23612448230307237,0.7993264252019086
1768913352.6879077,0.7663018976714964,-0.2271912455526337,0.7992712058060728
1768913352.7078362,0.7696393068198941,-0.22961315455852116,0.8031605464342246
1768913352.7284563,0.7575899768134565,-0.2414021181260697,0.7951210949308077
1768913352.7478118,0.7605692808528149,-0.24399805872916147,0.798749449853061
1768913352.768265,0.7633341322383993,-0.23581669441961495,0.7989296031610946
1768913352.7877493,0.7662891756111078,-0.23819321630070966,0.8024556741343586
1768913352.8078532,0.7541881229727538,-0.21465285577615312,0.7841400215051031
1768913352.8278751,0.756986564585097,-0.21657761676330267,0.7873592083955196
1768913352.8478234,0.7578167467240389,-0.20960565793826547,0.7862701529723352
1768913352.869033,0.7608417714078815,-0.2065421912179719,0.7883780044320137
1768913352.8877878,0.7634485249795733,-0.20806231409264697,0.7912923460005622
1768913352.9078271,0.7662303334316176,-0.20967836318203403,0.7944016237756724
1768913352.9277864,0.7624124420689289,-0.20455783692081653,0.789377375193406
1768913352.9477427,0.7635358771319084,-0.20352226991888678,0.7901951341412632
1768913352.9677238,0.7661421097991271,-0.20498131077480508,0.7930895726047689
1768913352.9878256,0.7643958479598376,-0.20305707608920898,0.790906561186679
1768913353.0078115,0.766922038347173,-0.20443670895365074,0.7937025770843775
1768913353.0277417,0.763647962236072,-0.20463583956058073,0.7905909416758891
1768913353.0477679,0.7660765520936417,-0.20598076481596728,0.7932851688654294
1768913353.06786,0.7618991820891673,-0.2072078784871536,0.7895729659602646
1768913353.0879145,0.7642093052032836,-0.2085446332491827,0.7921532214264622
1768913353.1077569,0.7586996027620433,-0.21156303898513507,0.7876445941513901
1768913353.1278543,0.7608614998162531,-0.21292170425507884,0.7900923199509823
1768913353.1483998,0.7721973944312848,-0.22881340689923668,0.8053846231107847
1768913353.167725,0.7744584161718658,-0.2303937841136623,0.8080019394392861
1768913353.187842,0.7697001502976641,-0.23293761033246163,0.8041755104923579
1768913353.207787,0.7718912647681391,-0.2345697634428081,0.8067459938214582
1768913353.2281923,0.7651895528383217,-0.2380612962646893,0.8013664783057343
1768913353.2477858,0.76718809675205,-0.23970068831370206,0.8037624000761017
1768913353.2680542,0.7762492370408249,-0.22223507722546287,0.8074350175437466
1768913353.2892578,0.7785345894352734,-0.22360936937902842,0.8100106524121992
1768913353.307723,0.7665659622931977,-0.2329016880581598,0.8011657574103106
1768913353.3284132,0.7622860289991151,-0.23807200968852626,0.7985976908333592
1768913353.347776,0.7640378960315021,-0.23953540557225494,0.8007066361002068
1768913353.367936,0.7551627356982764,-0.24609648674003104,0.7942507401149156
1768913353.3878832,0.7567501647893221,-0.24770256679462932,0.7962583585151958
1768913353.4077504,0.7506294261228259,-0.2511531214917113,0.7915316960150827
1768913353.427853,0.7520695598952851,-0.2527890195242559,0.7934172365868556
1768913353.4478223,0.7637044313299143,-0.23322201397626685,0.7985217381111761
1768913353.4679768,0.7653586779733899,-0.23443777008419175,0.8004592269386515
1768913353.488009,0.7583955406024251,-0.23904941658313916,0.7951782313257725
1768913353.5081596,0.7599084637701773,-0.240291601158237,0.7969949353018124
1768913353.5278807,0.7613566949984272,-0.2415424286289536,0.7987532546706155
1768913353.5481668,0.748336732327681,-0.25043382908241796,0.7891292465114654
1768913353.567897,0.7370724765482161,-0.2627521997239697,0.7825053061447605
1768913353.5878806,0.7380802730396693,-0.26426539054462594,0.7839634469093674
1768913353.6077821,0.7445553003722577,-0.250898364616571,0.7856924237127991
1768913353.6279101,0.7456390980330913,-0.2521949626348938,0.78713401889006
1768913353.6477664,0.739227295310763,-0.25667096025187597,0.7825196329607879
1768913353.6677632,0.7401483743409244,-0.25805260112801776,0.7838435819654639
1768913353.6878502,0.7410608822824482,-0.25946204038740817,0.7851699062312804
1768913353.70777,0.7304030224068528,-0.26690259832147945,0.777641030380871
1768913353.728155,0.7407215539912614,-0.25292667062181096,0.7827134349550052
1768913353.747805,0.7416229860725393,-0.25401079368150725,0.783917174692492
1768913353.7679508,0.7298553326607008,-0.26501266987818184,0.7764795694731603
1768913353.7877634,0.7305513174461822,-0.2662471364788477,0.7775556347333216
1768913353.807935,0.7182753977585876,-0.27722614923051125,0.7699181026852369
1768913353.827799,0.7187012058225406,-0.2786889629633027,0.7708430198998594
1768913353.8477743,0.7049126245369804,-0.29189314313553893,0.7629570205726913
1768913353.8682044,0.7094936140723588,-0.2832763083270109,0.7639546159745597
1768913353.887774,0.7097177290258039,-0.2848010788824915,0.7647293046733435
1768913353.9077146,0.6945426508569355,-0.29863879400829596,0.7560255439772577
1768913353.9279943,0.6944667948635428,-0.3004390231212408,0.7566688415562567
1768913353.947763,0.7019289871426183,-0.28761101384540844,0.7585673327241595
1768913353.96794,0.7020000004726684,-0.28912351970870986,0.7592077517467661
1768913353.9878218,0.6876496184757988,-0.3025164852097806,0.7512511042345236
1768913354.007803,0.6874304884594982,-0.3042888260335843,0.7517661645169734
1768913354.0287936,0.6985706212752304,-0.28726775337625376,0.7553301761737721
1768913354.047801,0.6986167364568001,-0.28866131924776006,0.7559038971241036
1768913354.0678296,0.6986394161336262,-0.2910849001476379,0.7568536535351431
1768913354.0877852,0.6746360636977564,-0.31870448491207526,0.7461275810105632
1768913354.1077588,0.6855365295988493,-0.3060654996259906,0.7507572333822307
1768913354.1278996,0.6853806214969179,-0.3167671200480964,0.7550417237921799
1768913354.1479025,0.690791809680729,-0.3103708052995273,0.7573132516365032
1768913354.1677594,0.6907238009092043,-0.3240980584784712,0.7629802885081453
1768913354.187787,0.6902080571319095,-0.3299658374922618,0.7650258923995807
1768913354.2078257,0.6901164688288663,-0.3440591586554458,0.7711273858471873
1768913354.2277322,0.6935208637084026,-0.3447124466169793,0.7744661769577239
1768913354.248068,0.6934812570243515,-0.3578720957219712,0.7803772746181877
1768913354.2677374,0.6850650930698869,-0.3751978597467023,0.7810810557818945
1768913354.287727,0.6944586499292937,-0.3711583199573827,0.7874206721538394
1768913354.307815,0.6944732734498374,-0.3933712058073642,0.7981441179977914
1768913354.3283312,0.7034457847615182,-0.3983810398248231,0.8084203269281738
1768913354.3477821,0.7036415031207195,-0.42696100752192656,0.8230474268583337
1768913354.367771,0.6524297242827761,-0.3963747333216645,0.763398633967549
1768913354.3879712,0.6516375228392627,-0.42913364940634224,0.7802481337529081
1768913354.4078155,0.6554364510509412,-0.4322941861627836,0.7851593499133767
1768913354.4278934,0.6547561594168424,-0.4728167251539652,0.8076269459841058
1768913354.4477391,0.6539783330819646,-0.4830956440872587,0.8130615360947463
1768913354.4677675,0.6528601119563608,-0.4558934662219052,0.7962820972039341
1768913354.4878368,0.6462463127605604,-0.46763284218070567,0.7976934071700886
1768913354.5087047,0.6415209760817755,-0.46027809903497996,0.7895600618092133
1768913354.5278294,0.6406152258369316,-0.478883646834106,0.7998233647370122
1768913354.5483513,0.6215715306051913,-0.491378204354449,0.7923406510923713
1768913354.5679095,0.6202745724471781,-0.5065714189665691,0.8008465194644557
1768913354.5885224,0.6411662637978371,-0.4825725887861072,0.8024777138838205
1768913354.6084075,0.6403205261965781,-0.5119695011109346,0.819831169410167
1768913354.6277864,0.6608771690924894,-0.48277767564766805,0.8184332084730359
1768913354.6478472,0.6604727498680513,-0.5284581476161385,0.8458677598183689
1768913354.6677887,0.6124949824045179,-0.47778053810934296,0.7768039302596017
1768913354.6884794,0.6111500479202837,-0.5320092707096471,0.8102704765656809
1768913354.70791,0.6267729272325278,-0.5410046926791967,0.827967620026619
1768913354.7278287,0.6257937614115537,-0.5883796942789008,0.8589577966706824
1768913354.7477317,0.6261415475661328,-0.5751438012457211,0.8502021110888218
1768913354.7679403,0.6251665266538179,-0.6188473647905575,0.8796620072258527
1768913354.7877321,0.5841752553682985,-0.6204081074614951,0.8521542986974665
1768913354.8080745,0.582411472079917,-0.6594385862833825,0.8798081449325881
1768913354.8281755,0.5806265845243443,-0.6857649075867709,0.8985548058598863
1768913354.8479705,0.5630337690864291,-0.6359751492915731,0.8493947348836752
1768913354.8678033,0.6260899606168532,-0.6115971883082452,0.8752369733573667
1768913354.887855,0.6252808547981569,-0.6521975485496796,0.9035141336533289
1768913354.9082544,0.599250485114847,-0.6611892069287109,0.8923409165052318
1768913354.9279962,0.5480176694997048,-0.6307387860885925,0.8355565704130384
1768913354.9478436,0.5457689052738748,-0.6812244390198838,0.8728862665214748
1768913354.9679518,0.5476127008426744,-0.6461926603071593,0.8470210294668322
1768913354.9883041,0.5453878880923957,-0.7148198572659297,0.8991192228061681
1768913355.0079658,0.5620341096267889,-0.7133051253477607,0.9081225370132392
1768913355.0284126,0.5601982947257241,-0.8127539529763688,0.9871125151128025
1768913355.0479305,0.5174200069469306,-0.7298769067842663,0.894675227468566
1768913355.0677824,0.5148196303180548,-0.7960462733700044,0.9480131439527041
1768913355.0879097,0.4795949518062551,-0.72990630071879,0.8733696385992777
1768913355.107733,0.47637694727198343,-0.7782235572580287,0.9124510403103908
1768913355.127729,0.5019193185814225,-0.6984664022721656,0.8601036666985336
1768913355.1477401,0.49923684199184604,-0.7568243145123095,0.9066534439569612
1768913355.1677258,0.45760815712334724,-0.76118172813357,0.8881457361887373
1768913355.1877942,0.4541455357069639,-0.7908399547299272,0.9119627194133533
1768913355.2079844,0.450650506759777,-0.7900409596069924,0.90953317537052
1768913355.2277148,0.39469650653897614,-0.8183117696295472,0.9085259955490064
1768913355.2477417,0.4057209002548319,-0.7698624749412559,0.8702285212668378
1768913355.2677646,0.4016027899325183,-0.8548322692927748,0.9444696975053342
1768913355.28769,0.4248987175799491,-0.8346230252684776,0.9365545977194235
1768913355.307756,0.4212967244328397,-0.9226865929256594,1.0143182334862177
1768913355.327958,0.3684558833642745,-0.8673831180003067,0.9423975866786172
1768913355.3479347,0.36393101145815177,-0.9458848609864177,1.01348110556845
1768913355.3678238,0.35921459589851545,-0.919268177421138,0.9869595269947571
1768913355.3879874,0.3527698166320503,-0.8061114455081402,0.8799217045316212
1768913355.4080865,0.3481114640980092,-0.8468077796578655,0.9155681335245038
1768913355.4279346,0.29232873026030104,-0.8723200065698418,0.9199990654330082
1768913355.4476705,0.28674370920196235,-0.8894264253378612,0.9345059233927763
1768913355.467889,0.3243221049849301,-0.8571248903285884,0.9164321608295132
1768913355.4879138,0.31951984503929864,-0.8868581233481159,0.942661265950012
1768913355.5077808,0.2579410422809524,-0.9430578582281903,0.9776971439351377
1768913355.5280616,0.2520066437117374,-0.9875770975974216,1.0192231709364745
1768913355.5478115,0.2908584176436875,-0.9613750271818251,1.0044105545059971
1768913355.5677295,0.28590674104476044,-1.0894684284308305,1.1263587888068256
1768913355.5879571,0.28085920999857783,-1.1501631074017222,1.1839582211670354
1768913355.6081562,0.22523907455972036,-1.155865908008689,1.1776071662508132
1768913355.6282856,0.243287059104752,-1.147687842986139,1.173190512263893
1768913355.6479135,0.22593263862914226,-1.0755520087646762,1.099025787120419
1768913355.6676917,0.2202301609004843,-1.135544501873886,1.1567033498292745
1768913355.6888084,0.19888261803712093,-1.0067992960738223,1.0262548992974618
1768913355.7078474,0.19310651291389647,-1.0373018080001586,1.055123294316907
1768913355.7278013,0.11361800339694994,-1.131743129479041,1.1374320031627925
1768913355.747765,0.10616364661379141,-1.162412010341038,1.167249931097634
1768913355.76789,0.16385666863091375,-1.1403856990641774,1.1520974570256257
1768913355.7878294,0.15765456239656916,-1.1711437523425978,1.1817075144449043
1768913355.807813,0.055769968446366947,-1.173917849204198,1.1752418500294817
1768913355.8278909,0.04769968479453446,-1.3179239931919735,1.3187869091557496
1768913355.8477926,0.03664676383036258,-1.212506694281199,1.213060373178499
1768913355.867841,0.02852410641425429,-1.2763682243636847,1.2766869110365457
1768913355.888155,0.09966933982430937,-1.283477032225675,1.2873411628437272
1768913355.9077733,0.09322900745759322,-1.4171369787074006,1.4202002901884887
1768913355.9278042,0.04772925589802568,-1.3315105078354463,1.332365683416076
1768913355.9477572,0.0404202728450308,-1.4486746207035246,1.4492384052071514
1768913355.9677792,0.03307671513665156,-1.49790832909334,1.4982734835307716
1768913355.9879177,-0.007915937909425907,-1.3158241059953149,1.3158479167408956
1768913356.0078404,-0.015875242151271785,-1.4338953684691935,1.4339832464261102
1768913356.0278578,0.0043569131215444035,-1.3162474103443191,1.31625462123788
1768913356.04778,-0.003076633630971548,-1.3797612770706085,1.3797647072519341
1768913356.0679498,0.0027227233418217756,-1.2629604167289994,1.2629633515849477
1768913356.0878367,-0.004460715971212892,-1.3256720150230032,1.325679519869763
1768913356.107963,-0.09218403564072086,-1.4164729259461177,1.4194694242446244
1768913356.1279764,-0.10087845443114907,-1.5579114013760513,1.5611740444633038
1768913356.1478345,-0.07376589620143781,-1.5301694898457736,1.5319464987711797
1768913356.1679046,-0.08180418883904073,-1.6354373571173788,1.637481992074017
1768913356.1877644,-0.12678525748192793,-1.5524986273561634,1.5576670021084513
1768913356.207931,-0.10859377688477756,-1.4214090638286443,1.4255512390343337
1768913356.2277057,-0.11681553650513021,-1.5243809388387222,1.5288502595950348
1768913356.248293,-0.14895910973205917,-1.435074338705106,1.442784520980893
1768913356.2677345,-0.1574167272854855,-1.4987685626822929,1.5070126842578395
1768913356.287915,-0.08660700760393325,-1.3946793819183032,1.3973658619395737
1768913356.307777,-0.09378285937041175,-1.4140680097154759,1.4171744990693198
1768913356.3278854,-0.10095700216573267,-1.4134804293527115,1.4170812398904367
1768913356.3478544,-0.1081359500934338,-1.4527327949898403,1.4567518516691862
1768913356.367875,-0.1946528986676862,-1.5190098334403492,1.5314309076965273
1768913356.3878584,-0.203308960631029,-1.6196178147736093,1.6323285206737372
1768913356.4083655,-0.12955203592781994,-1.4091629669812527,1.4151056488914353
1768913356.4277983,-0.13641611821826993,-1.567365721701293,1.5732910292993971
1768913356.4479625,-0.11981054852263717,-1.5281965933676647,1.5328859695090926
1768913356.4678946,-0.12636831699199857,-1.6621978380284457,1.6669944823801395
1768913356.4878619,-0.1089215931058457,-1.4599134925067,1.4639710786241051
1768913356.5077755,-0.11505262077297673,-1.6296324458630957,1.6336887751822455
1768913356.5282457,-0.10502980294302766,-1.424698501135106,1.428564691794834
1768913356.5477967,-0.1107224568209596,-1.5325261591462929,1.5365207095617546
1768913356.567764,-0.17074099314212754,-1.5955931472153764,1.6047024578344204
1768913356.5878422,-0.17762980722555566,-1.6425503621681257,1.6521271260631334
1768913356.607838,-0.11337191318937934,-1.550837095889118,1.5549755267161003
1768913356.6287632,-0.04016411596181657,-1.3668009826635514,1.3673909764295813
1768913356.6477823,-0.04395368697351687,-1.3933477631798508,1.394040858711415
1768913356.6680648,-0.11492273535718556,-1.4653535024926394,1.4698530955062903
1768913356.6883647,-0.12028571193657511,-1.4867112110480472,1.4915692667630422
1768913356.7078402,-0.1253940700202546,-1.5924774627208005,1.597406692758586
1768913356.7277427,-0.09911435401437474,-1.5792426073558785,1.5823497932062558
1768913356.7477837,-0.013638460526840146,-1.477453534560794,1.4775164819357263
1768913356.7680707,-0.016569568966993797,-1.5541465767771152,1.5542349026848474
1768913356.7877991,0.015397828008422598,-1.4043918991273228,1.40447630789623
1768913356.8078818,0.013157292271260834,-1.5167906990559397,1.5168477639771625
1768913356.8277254,0.04813752194872056,-1.244677325070647,1.2456078293605837
1768913356.8477993,0.04660994494609805,-1.2936274699524404,1.2944668856264459
1768913356.8678012,0.16078824491566246,-1.2514045952551698,1.2616918485624031
1768913356.8878105,0.16148409009305342,-1.3210301521786658,1.3308635445898915
1768913356.9077423,0.14049801374465765,-1.237048025149937,1.2450010073865616
1768913356.9278142,0.14075868350686083,-1.2252280630170749,1.2332869955477346
1768913356.947923,0.26900223522664024,-1.2096885204817238,1.2392370714040921
1768913356.9678018,0.27174674205772453,-1.2991437148155378,1.3272605936905166
1768913356.9879723,0.30578667817100946,-1.2277971519240403,1.2653028644635422
1768913357.008054,0.2779936010479004,-1.0903698020211734,1.125249637806328
1768913357.0278676,0.28075265050179676,-1.1934916562741968,1.2260686703280161
1768913357.0477912,0.3108012236168747,-1.0809465603890336,1.1247412444729805
1768913357.067799,0.314046947434356,-1.0613441354294082,1.106831901872744
1768913357.0880847,0.3173143772011142,-1.081534235799001,1.1271223168688747
1768913357.1079793,0.32061199433371235,-1.1818438555463304,1.224559900455366
1768913357.127965,0.2429412062910158,-0.9798737596962974,1.0095409920629728
1768913357.1479425,0.24468510326874449,-1.0160324659436188,1.0450802704161566
1768913357.1677492,0.3455012090890569,-1.1037452229091504,1.1565572197590444
1768913357.1878881,0.3491470695959208,-1.1015292494258426,1.1555389926558424
1768913357.207787,0.41646801940395495,-1.146562733312208,1.2198572509136527
1768913357.2277787,0.42139017062604045,-1.2863847755747646,1.353645251434356
1768913357.2479017,0.4876318555976422,-1.2187518241768318,1.312684591030136
1768913357.2678068,0.49374794557963264,-1.3971531753340631,1.4818313092623476
1768913357.2885864,0.49637037266136397,-1.0773975860416511,1.1862415880689559
1768913357.3081102,0.5021952805231841,-1.2155473101292404,1.3152016434532734
1768913357.3277335,0.6242967915202171,-1.1370702415578995,1.2971797169779433
1768913357.34847,0.3770788650822947,-0.9471261469408674,1.0194294525423546
1768913357.3677318,0.3802306531217903,-0.9201286939090405,0.9955963855539954
1768913357.3879197,0.5183735822723327,-0.9190586723567526,1.0551682396812403
1768913357.4078166,0.5241969317627687,-0.8690972465206648,1.0149445537463126
1768913357.4280643,0.6748572154626209,-0.9634898901944675,1.1763269229975608
1768913357.4479704,0.6834466584770145,-0.9559445251374026,1.1751294695154109
1768913357.4680114,0.692083753861661,-0.9073259055389329,1.1411486411599905
1768913357.4881575,0.7007820163535998,-0.9183714879216396,1.1552063124273617
1768913357.5078802,1.038325675228156,-0.5121888844863491,1.1577813529459597
1768913357.5278358,1.0532675239450124,-0.5542718717894379,1.1902057741643772
1768913357.5477412,0.8273535833264212,-0.6900946785808326,1.077378585850235
1768913357.567909,0.837714654952109,-0.773631478350886,1.1402944827617594
1768913357.5877895,0.960944534212111,-0.5926575615004763,1.129007255528423
1768913357.6078222,0.9733687640677301,-0.6546178952390607,1.173018047444266
1768913357.6277823,1.0584707199930405,-0.5665305620347372,1.2005486840615756
1768913357.6477642,1.0723067349784574,-0.6676382719342282,1.2631637249507612
1768913357.6677558,1.1639571281539698,-0.6867760006845272,1.3514649352819594
1768913357.6879919,1.1794905595463585,-0.7484113485117359,1.3968956749307146
1768913357.7077553,1.1950345575821646,-0.4391641399477466,1.2731742754358666
1768913357.7277832,1.2103721452423413,-0.4377093526535276,1.2870859362835558
1768913357.747842,1.3324633806160842,-0.4124040989882234,1.3948246490312435
1768913357.7678437,1.3497817989451093,-0.3517556880598578,1.3948630645500508
1768913357.788338,1.6192328881303442,0.5273636917215168,1.7029467429573606
1768913357.807961,1.3174177937887017,0.1722578376193562,1.3286317796938272
1768913357.8279133,1.3333648142611951,0.08469214343738418,1.3360518279879003
1768913357.84775,1.3490347219211976,0.07506756913038704,1.351121689887387
1768913357.8678606,1.3425927476133293,0.46001180222543336,1.419213213062294
1768913357.8878243,1.5174317526578265,0.3589897797664454,1.5593180515696483
1768913357.9078887,1.5359793248238383,0.3168819292766871,1.5683260641169008
1768913357.927717,1.2530305920463198,0.1533590553105988,1.2623805545277185
1768913357.9477262,1.2656935021664268,0.16705507222741112,1.2766704502663246
1768913357.9677339,1.4742051779515353,0.3911675700936952,1.5252189923391735
1768913357.9877954,1.4906746413195529,0.4284050891067235,1.551013154891253
1768913358.007873,1.4991068427184393,0.31122423447988545,1.5310721243667256
1768913358.0277958,1.515415977222812,0.2842375482189139,1.541841939966503
1768913358.0482795,1.733758858646818,0.823485835360823,1.9193875848760273
1768913358.0677574,1.7534742858246746,0.7834374301438327,1.9205328109664581
1768913358.0877545,1.4288953360269616,0.8365742264809661,1.6557772548660736
1768913358.1078916,1.4424278929856842,0.8424634099478467,1.6704319272463857
1768913358.1280227,1.504538470065071,0.8517303525719377,1.7288957751692442
1768913358.1479518,1.5191156003913902,0.8393045229627596,1.7355530212638965
1768913358.1677275,1.6939638808975248,1.0914939513250221,2.015160707130951
1768913358.1879086,1.5532487914848863,1.1430252321551873,1.9284938396563986
1768913358.207882,1.5676167020510352,1.2319038800912416,1.9937425346150441
1768913358.2278078,1.5820224649509804,1.3212415437473872,2.0611827421491657
1768913358.2478411,1.62224623880544,1.3337430324331976,2.100131742506288
1768913358.2679574,1.6372919987388492,1.3838966769534267,2.1438038859972695
1768913358.2881434,1.5846946383752245,0.2599021020377723,1.6058661835716064
1768913358.3079178,1.5982742847097478,0.22669425147894628,1.6142710344976323
1768913358.3279676,1.4177996491269669,-0.09940329862878095,1.4212800078952892
1768913358.3479476,1.4816106371742246,-0.14255939207605017,1.4884533114803784
1768913358.3680491,1.4925660420800515,-0.06072033309438396,1.4938006389145784
1768913358.3878481,1.365476718349716,-0.2968239692249668,1.3973657849903058
1768913358.4080322,1.3229433843555878,0.028414788403164692,1.3232485021379066
1768913358.4282393,1.3303961245247091,-0.04386191734616318,1.3311189713709466
1768913358.4477968,1.4106271300610942,0.03102182824541444,1.4109681973354633
1768913358.4679759,1.4194042770424478,0.06000360124199844,1.4206720007969478
1768913358.487742,1.353318916187773,0.06095541878339361,1.3546909802573823
1768913358.5078278,1.3606328479261758,0.10859873730956515,1.3649598648315369
1768913358.527794,1.3389894971761138,0.1006196143673126,1.3427647524206796
1768913358.5478003,1.3457056803666427,0.14684701665686362,1.3536941399267672
1768913358.567817,1.3806013084518831,0.17794183783561124,1.3920212895467392
1768913358.5878181,1.3878659421469393,0.16535653392337935,1.3976818867977667
1768913358.6078775,1.3951206924795396,0.13273065454237631,1.4014204127383894
1768913358.6278296,1.4023668585814821,0.14001274684994236,1.4093389852438485
1768913358.6477425,1.2964759863355613,-0.05231529542230717,1.2975310683293444
1768913358.6685295,1.3017435097435555,0.01678755760381101,1.3018517531769014
1768913358.6878407,1.2745228998956017,-0.10288329920430961,1.2786686809386776
1768913358.7078233,1.3618067516137764,0.2333163222617891,1.381649063610088
1768913358.7278142,1.3678089695525242,0.18377906636292884,1.3801000407295
1768913358.7479465,1.4018147728423211,0.26814321464506996,1.4272299887961857
1768913358.7677374,1.4083004991009926,0.2780885057460871,1.4354941702411042
1768913358.78773,1.465336178557697,0.3555669360259319,1.5078587341607783
1768913358.8079505,1.4729144976914215,0.447898883387726,1.5395098334371056
1768913358.8278406,1.5895255900612346,0.6272581649865021,1.7088137426301762
1768913358.8478978,1.599119556005404,0.6015654067987342,1.7085269365906546
1768913358.8682022,1.488267570938282,0.492243711467772,1.5675599619108997
1768913358.8879535,1.4953771589722238,0.4205865152103829,1.5533981667147199
1768913358.9083116,1.4846396006366775,0.3287258668543238,1.520597066720096
1768913358.927841,1.491426665336443,0.3936076151223382,1.5424916378246194
1768913358.9478881,1.4998049098383346,0.331373831063031,1.5359763616307918
1768913358.9678335,1.5067385754804885,0.32021658321860613,1.5403894945789425
1768913358.9877696,1.5135982504274703,0.24855262992587512,1.5338702922803376
1768913359.0078442,1.4982992155032648,0.31516234719340197,1.5310871445695549
1768913359.0279067,1.54782353556035,0.39448413714124264,1.5973025485770105
1768913359.0478806,1.5551782021341705,0.4458697222763046,1.6178315887743135
1768913359.0679965,1.5233268015351533,0.29263836033912227,1.5511807612967903
1768913359.0879204,1.5299366204982983,0.38443109220419913,1.5774959040818672
1768913359.107787,1.5298073971276867,0.4745087087090525,1.6017082090528598
1768913359.1279666,1.536368373933839,0.5698691105991927,1.6386514527620641
1768913359.1477816,1.5744113411780647,0.4670990184004893,1.6422401055329312
1768913359.167808,1.5814424750740006,0.463812748279528,1.6480541761224932
1768913359.1879406,1.670209743902303,0.410240839311939,1.7198541027847567
1768913359.2077615,1.6786832385669792,0.391321736244425,1.7236908413932799
1768913359.2277412,1.7106000555013567,0.5084750086928516,1.784572605512715
1768913359.2478197,1.7197225343715026,0.5881522471987353,1.817517169412731
1768913359.267691,1.7385631991912955,0.662789260651472,1.8606159199623111
1768913359.2877998,1.7478402633309642,0.6912938552938535,1.8795831400839638
1768913359.3077905,1.8827201231293214,1.0394219840398016,2.1505890176743034
1768913359.3278544,1.8943764363318758,1.0770922878360096,2.1791718332993537
1768913359.3478372,1.8993768165312268,0.9672749113723746,2.131490803486314
1768913359.3680866,1.9109566360460644,1.0223786510886868,2.167259414802578
1768913359.3878767,1.8884056449433118,0.94681949229658,2.112473202397256
1768913359.4077728,1.8421422940865029,0.9287095681028426,2.063005015395758
1768913359.4278572,1.8519451465429633,1.0172636054276687,2.1129425142988953
1768913359.448897,1.906022156962147,1.11418802463578,2.207789713055212
1768913359.4678552,1.916075130787761,1.1449860393978604,2.23211490233799
1768913359.487765,1.926587310513045,1.1352567517274572,2.2361901881040143
1768913359.5078473,1.9862848978179648,1.1002549371485664,2.2706581913664414
1768913359.527946,2.058393403540202,1.3433137983391568,2.457941285821569
1768913359.5477896,2.071025818490209,1.3399996419002207,2.4667279909113935
1768913359.56795,1.9146691970818988,0.9521478342448617,2.1383506804337364
1768913359.5884387,1.9242739399345612,0.9170905262628075,2.1316390945167694
1768913359.6078508,1.9681638513498432,0.9589264558032156,2.1893398304967557
1768913359.6278539,1.978244602750356,0.9701087203724157,2.2033072045571673
1768913359.647943,1.9450343409373614,1.0046442416578891,2.1891707653177703
1768913359.6677697,1.9543429155186876,1.0924910498310254,2.2389713989685043
1768913359.687883,1.9416721896182656,1.1208391661930754,2.241957030901658
1768913359.7078767,1.980345713464796,1.2704547076309431,2.3528332514183865
1768913359.7278304,1.9898005857318615,1.3166024914652397,2.385948132611297
1768913359.7479618,1.9993083660746476,1.3788406507306519,2.4286694881690685
1768913359.7678337,2.0172270613778833,1.4135988051209694,2.463222807420125
1768913359.787806,2.060186737593216,1.2563387250637525,2.4130388280858215
1768913359.807795,2.0704301301136523,1.2748098894362272,2.4314236936179676
1768913359.8284998,2.049947487213509,1.4321907501722357,2.500690913570066
1768913359.8478353,2.0592997386974607,1.4644137602168037,2.5268998941215988
1768913359.8678343,2.095126191311481,1.5196821833768652,2.5882402701434866
1768913359.887829,2.105260356607537,1.5312352677218932,2.6032292665492665
1768913359.908179,2.0422896390398884,1.628751689105293,2.612236404786715
1768913359.9283433,2.051286132359176,1.7015280647244353,2.665140249940695
1768913359.947877,2.1229432821134355,1.7397044855534176,2.744714898878433
1768913359.9678493,2.132942217707539,1.8098985605891258,2.7973514801865256
1768913359.9878335,2.158454759905788,1.8622714292761735,2.8507861769796548
1768913360.00773,2.168757182989118,1.8953062787342851,2.880224576135774
1768913360.0278072,2.1793751734110867,2.0634287209836693,3.001235451120239
1768913360.0477724,2.1896991777477757,2.0758875881250916,3.017298753448371
1768913360.0679166,2.151024025427361,2.1874198862896144,3.0678510584611174
1768913360.0877905,2.1602927753425787,2.165789985852456,3.0590049261183156
1768913360.108331,2.1657584456415826,2.3596112214121483,3.202854158572003
1768913360.1277378,2.17484322735709,2.399547948046731,3.238483197201474
1768913360.1477778,2.184152435983564,2.44478457082797,3.278336996309476
1768913360.167797,2.137310112414799,2.5651081521257773,3.3388432650744004
1768913360.1877615,1.9826624302292797,2.1068020410024992,2.8930200746304835
1768913360.2079744,1.9877990666328236,2.18296129593411,2.952399896499905
1768913360.2277286,2.0300702474603227,2.260142520242635,3.0379976006297875
1768913360.247887,2.126787852955931,2.3762586766255254,3.189017383100787
1768913360.267805,2.1343807036125533,2.443094140436049,3.2441162073801513
1768913360.2877572,2.1419611500518907,2.478654835677581,3.2759315259570787
1768913360.30778,1.9704402369280605,2.448219201077414,3.142675927267914
1768913360.328117,1.9746844365236425,2.538843942838895,3.2163810703861633
1768913360.3479605,1.9864048164498325,2.562943931893855,3.2426047697563494
1768913360.3677495,2.0657830885804156,2.5629246542556814,3.2918144772232294
1768913360.3878615,2.0715785294186517,2.5835566393880107,3.3115257076571543
1768913360.4078293,1.9586848165990993,2.6402334392802267,3.2874425964067178
1768913360.4277134,1.9622064316029215,2.683030046691215,3.3239892165396285
1768913360.4477994,1.9655258092792183,2.7131133308829547,3.35026501237701
1768913360.4681468,1.969126851203329,2.759595103291975,3.3901070322694804
1768913360.4878876,1.9037667245983365,2.7508274907643226,3.3453519434631414
1768913360.507886,1.9059763936315504,2.786526778041111,3.3760150322267384
1768913360.5277467,1.9081792667869029,2.885408034027467,3.459295829648811
1768913360.5478141,1.910859345000449,2.694621451806558,3.303387383415943
1768913360.5679598,1.8174010758705417,2.703751559654833,3.2577936040994593
1768913360.587728,1.817759329875483,2.7227595740211576,3.27378506919334
1768913360.6076536,1.791697832985283,2.6733808389681464,3.2182520465131677
1768913360.6277645,1.791561996251311,2.6866158536004257,3.229179327821409
1768913360.647819,1.7308662252210865,2.65045530426368,3.165566491089797
1768913360.6677964,1.7295749355718626,2.6972766440158225,3.2041739578418134
1768913360.6878104,1.6337900704459787,2.701646854860904,3.1572402066785625
1768913360.708128,1.630661058702572,2.772721914580554,3.216681877955022
1768913360.7277548,1.6275987354186854,2.864526753087823,3.2946306564913113
1768913360.7478487,1.624498127700136,2.9508483808752395,3.368456669428192
1768913360.7680693,1.4920022729895872,2.9034884072306077,3.2644012794888786
1768913360.7878008,1.6870345196648528,2.9238599303057953,3.3756543606519656
1768913360.8079271,1.6854159260843256,2.972680068633185,3.417228940874123
1768913360.827907,1.6106878770782544,3.0542889820090764,3.4529692473274207
1768913360.8478591,1.607664362470035,3.1205161297831587,3.510299932853751
1768913360.8680258,1.645828235037123,3.154657122782794,3.558175394998064
1768913360.8880484,1.6436065080487663,3.234528167740592,3.628169624095264
1768913360.9078765,1.6414067285163532,3.295390141180693,3.6815502483342075
1768913360.9277146,1.629007045518391,3.2433760980182242,3.6294837742500627
1768913360.9477792,1.554152760911774,3.3447689608447924,3.688206909282672
1768913360.9679885,1.5503204384572404,3.3985999285644617,3.735501965778711
1768913360.9880023,1.5009313772339241,3.4318965004861752,3.7457587467981144
1768913361.0077355,1.496331207647675,3.458713910630056,3.76851549002604
1768913361.0279078,1.5165871692181252,3.532360797264193,3.844165636895212
1768913361.0491133,1.5121975079881729,3.6108150596826327,3.9146809191039487
1768913361.0681982,1.5376069147377927,3.558064840261011,3.8760882899839997
1768913361.0877512,1.5520010605732042,3.7597887756597537,4.067519997442843
1768913361.1078231,1.5487252348631024,3.8381097250738385,4.138796457281773
1768913361.1277852,1.525062493429235,3.861269662994058,4.151532129132911
1768913361.1477163,1.521393097056981,3.9534271843292537,4.236062258461998
1768913361.1677394,1.4482605318553428,4.071942925071543,4.321825743036166
1768913361.1878333,1.443246463370852,4.165961489090307,4.408876895833678
1768913361.2078805,1.5020375603758078,4.250019342826949,4.507635882276087
1768913361.2277756,1.49828747500325,4.333010483225799,4.584740473079832
1768913361.247902,1.5195558440436665,4.459033391964645,4.71084161841841
1768913361.2678895,1.5162798262628643,4.542193640497199,4.788593486537038
1768913361.2879024,1.5130282517699014,4.626191927919212,4.86733050496869
1768913361.307957,1.507224914958604,4.642497998374758,4.881036222892185
1768913361.327847,1.3807546199097087,4.061459523063448,4.289747868801239
1768913361.3477442,1.375063168470915,4.136466155857306,4.35903096752457
1768913361.3677747,1.4052227721756736,4.168752906682268,4.399221730762493
1768913361.3878546,1.4001854784087517,4.250994200740465,4.475653144366284
1768913361.407782,1.3863432631335035,4.167589160459475,4.392123296722778
1768913361.42791,1.3811378018681535,4.250159249991725,4.468936705530681
1768913361.4478943,1.3255283924923105,4.201500262902719,4.405636160473861
1768913361.4678588,1.3494919039569342,4.195879837837602,4.407554425349438
1768913361.4879856,1.3439331815950148,4.270287976841331,4.476775156487952
1768913361.5086975,1.3486940419419715,4.167422904518389,4.380227081313737
1768913361.52798,1.3435230242773293,4.240879471608995,4.448607963113617
1768913361.5477488,1.2803253224510287,4.155485437554432,4.348251620253396
1768913361.5678604,1.273833941842209,4.229915637388146,4.417560323392316
1768913361.5878792,1.2623753639694868,4.1266931065785855,4.315459136110584
1768913361.6078954,1.2557987993711155,4.200287371748804,4.3839987032131305
1768913361.6278088,1.1732739110502437,4.130436018662891,4.2938413308620165
1768913361.6478474,1.1652225665490332,4.2037650610249635,4.362268253774558
1768913361.6678276,1.1571938647685087,4.277215989372333,4.430990212176081
1768913361.6878006,1.1428155301416485,4.116869533428336,4.27254515379339
1768913361.7079098,1.1750712811012307,4.100361716639529,4.265414249865065
1768913361.727811,1.167734468868151,4.17123556931082,4.331605933654
1768913361.7477345,1.177505116407903,4.091638191073663,4.257701420463787
1768913361.7678452,1.1704319174534428,4.162370664977537,4.323799304553726
1768913361.787999,1.077368340784556,4.192768697046532,4.328975847548486
1768913361.8078923,1.0686746661799837,4.262260993668747,4.394193250220681
1768913361.8278184,1.014480840487443,4.210451380270943,4.3309435694016605
1768913361.8480122,1.0047681239745894,4.278651536078353,4.395044703998023
1768913361.8679097,1.081971595733091,4.186960490197233,4.324500049768281
1768913361.8877873,1.0740500121783114,4.2511305779589925,4.384711463656211
1768913361.9079926,1.087212151649459,4.185346082881569,4.324251622672569
1768913361.9284434,1.0710767303259996,4.191367327754001,4.326056569025601
1768913361.9478064,1.0636779954342241,4.250359921795045,4.381434735651388
1768913361.967886,0.992838958533659,4.212091846944958,4.327522030525366
1768913361.9877312,0.9840017672421503,4.270999340078237,4.38288658772782
1768913362.0078895,0.975060429226953,4.329932485373117,4.438362104260272
1768913362.0277603,0.9388964655771932,4.2269068337086715,4.329927014849836
1768913362.0477433,0.9294885578964724,4.282670314979576,4.382375383974737
1768913362.068595,0.9535279476467291,4.2238295954014475,4.3301214761173314
1768913362.0878735,0.9451179910162194,4.275226892947508,4.378448698240524
1768913362.1080973,0.9220653936592187,4.228853476644929,4.328210521348959
1768913362.1277142,0.9132095299192994,4.2794958756388475,4.375846957463816
1768913362.147977,0.962359868691151,4.214037177214845,4.322527715100981
1768913362.1678786,0.9544710667893954,4.2631357522176145,4.368677312319386
1768913362.1877866,0.9145985458752909,4.224408254847354,4.322281296229997
1768913362.2079296,0.9060699251396441,4.272189535559001,4.367214917654316
1768913362.228345,0.7993189773844911,4.2543792240855645,4.328816629280787
1768913362.2477577,0.7892577037388641,4.299505877970542,4.371347448740993
1768913362.2678754,0.90773288870821,4.221315869081543,4.317810401557972
1768913362.2880301,0.8998028414741798,4.265575285329199,4.359446945237008
1768913362.307841,0.8069029386407304,4.246051675667861,4.322042015625125
1768913362.3279088,0.7972650999032205,4.289238363374594,4.362705281974483
1768913362.3477857,0.8567999006087715,4.231011905954784,4.316893306304237
1768913362.3679564,0.8485091173933385,4.2721272332541425,4.35557560138856
1768913362.3878548,0.8218840711344261,4.239319648024253,4.318254798469976
1768913362.4082162,0.81309817466492,4.27958900785341,4.356146315010913
1768913362.4278526,0.7858776458564883,4.247036901356729,4.319134880475801
1768913362.447982,0.7768675907705308,4.2852441256835725,4.355093623596992
1768913362.467802,0.7679171527111003,4.3231031120581385,4.390776385892896
1768913362.487805,0.8469584534455553,4.229573078793841,4.313539967442112
1768913362.5079784,0.800185840764779,4.235470905006245,4.310395708854914
1768913362.5279078,0.7920922973397163,4.270816362148359,4.3436485362767385
1768913362.5482624,0.7398387733668259,4.2528684926900375,4.316740880188729
1768913362.5682986,0.7309314395380496,4.2869500937518445,4.3488161464499875
1768913362.5884883,0.797003564525381,4.235665833828595,4.3099976493878795
1768913362.608257,0.7896071392835212,4.267839801063829,4.340269116305123
1768913362.6279123,0.7588672121024571,4.243136635787099,4.31046261502902
1768913362.6479354,0.7509227947161474,4.274576928333538,4.340033751005365
1768913362.6678512,0.7400523282157205,4.245983419288766,4.309994506420238
1768913362.6878827,0.7320560359605998,4.276143596879386,4.3383533858964185
1768913362.708071,0.714322204177436,4.242583110371552,4.302297951071132
1768913362.727951,0.7061620786850185,4.271548392700762,4.329525441957491
1768913362.7480652,0.692259190759291,4.244585941349431,4.300666529817436
1768913362.7680025,0.683958742493284,4.272521172958665,4.326920005594404
1768913362.7878904,0.6740457421526603,4.254883961340457,4.3079432664540045
1768913362.8078153,0.6657872772009216,4.281681481006434,4.3331361625589455
1768913362.8279421,0.6574161623887973,4.308780942224569,4.3586453421502025
1768913362.8478,0.7593696272211886,4.247222788970859,4.314573403002833
1768913362.8677568,0.7531537871533385,4.272372038047575,4.338248893112773
1768913362.8877926,0.7555630817549633,4.257710659029158,4.324231217976389
1768913362.9078188,0.7509734364298306,4.269394321116298,4.334938173884758
1768913362.927903,0.7449403926234363,4.293619943114798,4.357764152002158
1768913362.9479358,0.7460572412884319,4.282177676724203,4.346682305197148
1768913362.9678283,0.7401807997942819,4.305634286343892,4.368793222861913
1768913362.9878383,0.7413638329890819,4.294366464791441,4.357889818110321
1768913363.007846,0.7356059025532782,4.31722415144683,4.379445218027852
1768913363.0284388,0.7298676445625484,4.31920212143239,4.380435337311275
1768913363.0477982,0.7243207647222314,4.340845564958649,4.400861368985504
1768913363.0679228,0.7185329267069531,4.363367074124284,4.4221331719334245
1768913363.0877635,0.7017812207082069,4.262570467286242,4.319954151414057
1768913363.108673,0.6896307180351966,4.273505471494804,4.328791926410158
1768913363.1277611,0.6838335510469354,4.2924719043323805,4.346601359110393
1768913363.1477847,0.6714633760055543,4.290482837946676,4.342707225686731
1768913363.1677468,0.6652705269136272,4.309900955203922,4.36094383335163
1768913363.187757,0.6607609842410296,4.2984024123858156,4.348892775994756
1768913363.2078032,0.6545766906019834,4.31729409058989,4.3666347349557215
1768913363.2277262,0.6491871124803476,4.304963818118587,4.353637258927383
1768913363.2479057,0.6430036861696146,4.323294449717778,4.37084987609827
1768913363.2680287,0.6368187862431465,4.341629317735126,4.388084240204303
1768913363.2878346,0.726476303675148,4.291270242356543,4.352329044630736
1768913363.30816,0.724004285059801,4.293662991451452,4.354276528763967
1768913363.3278036,0.7198089026846635,4.30993887431805,4.36963361813574
1768913363.3478196,0.6973465988582046,4.305663114493608,4.361768808000936
1768913363.3678105,0.692722375417614,4.3218470747998445,4.377011129453544
1768913363.3881311,0.6748195218377294,4.315968174932767,4.3684050492240045
1768913363.408746,0.6698637896410414,4.331982461439981,4.383467753148853
1768913363.4279053,0.655500545132002,4.32386755023434,4.373272408235949
1768913363.4481547,0.6441438753059165,4.404141311312284,4.450997868130427
1768913363.4677317,0.6390455552117454,4.4203987043726585,4.466352418613579
1768913363.4878402,0.7248568725205549,4.392955199501582,4.45235587868583
1768913363.5077152,0.7213981875397644,4.408693288048653,4.467324910175092
1768913363.527808,0.7152753316254846,4.398143445438134,4.455926903202337
1768913363.5477858,0.7117627918923192,4.413388979867793,4.47041480844237
1768913363.5678082,0.7015144223795329,4.403958852299226,4.459481590672979
1768913363.587769,0.6979032595629069,4.4186097186011395,4.473385832345
1768913363.6079342,0.6779476972179519,4.412356948954969,4.464135630237316
1768913363.6279204,0.6740101806820223,4.426663846734634,4.477682719404143
1768913363.647921,0.6482070423568526,4.422719713202952,4.469968907197791
1768913363.66777,0.6438495807769596,4.436678011668413,4.48315224611976
1768913363.6886985,0.6468601748506603,4.423160012275279,4.470209455942626
1768913363.707741,0.6428380239824018,4.435971027891277,4.482307406388856
1768913363.7278466,0.7132461167544016,4.409447292046178,4.46676006120752
1768913363.7478356,0.7104545715192903,4.422141719504349,4.478848410649053
1768913363.767883,0.6961777396507037,4.415845528774685,4.470386468660684
1768913363.7877324,0.6931982982106829,4.428046389285928,4.481977097923452
1768913363.8078032,0.6724206119848188,4.424269293310928,4.475076341153971
1768913363.827737,0.6690941972101921,4.4362021022642075,4.486376727034158
1768913363.848526,0.6569460771549573,4.429861094069853,4.478308549111265
1768913363.8679152,0.653566140549417,4.441071635827914,4.488904763372451
1768913363.8884487,0.6274988540814982,4.440297348570848,4.484416947117975
1768913363.9077396,0.6237030034639297,4.451275434473107,4.49475899577204
1768913363.9278214,0.5941987242848501,4.436993021575702,4.476603533646153
1768913363.9479113,0.5897585446386459,4.4479221553055055,4.486850414336527
1768913363.9678733,0.6717807382764394,4.4097840804273005,4.46065970415916
1768913363.9877343,0.66973403951532,4.409511232234848,4.460082173109684
1768913364.007908,0.6669526453063221,4.419350157092456,4.4693938786007905
1768913364.0277534,0.6642153123506102,4.429066734494697,4.478595105584846
1768913364.0479195,0.6414457882975687,4.419721302081065,4.4660260956910935
1768913364.0684118,0.6191752939916855,4.4295050171075125,4.4725711555290335
1768913364.0878806,0.6157672469990741,4.442644993429894,4.485115811227679
1768913364.107934,0.6039511730035543,4.443486155394854,4.484342341141911
1768913364.128065,0.6002836280784382,4.461112098870462,4.501317761814581
1768913364.1481984,0.5765038305236602,4.4668794373242235,4.503928127112868
1768913364.168408,0.5724363814600647,4.4856949432266155,4.5220728139325574
1768913364.1877277,0.6519141311281225,4.46223030896963,4.509599911816096
1768913364.207725,0.6494888018956513,4.481424561963351,4.5282448927102275
1768913364.2277665,0.6419625332702829,4.478554361804022,4.524330344455037
1768913364.2480485,0.6394355764311673,4.502917201625497,4.548092037448303
1768913364.267933,0.6282382945357166,4.502056046775344,4.545678387548726
1768913364.2878304,0.6255722537377717,4.533041279457041,4.5760030469732085
1768913364.3079953,0.6016826086392875,4.536230458985031,4.57595987073341
1768913364.3278322,0.5986450261775798,4.578113466908082,4.617087694992623
1768913364.3478825,0.5758094992945362,4.590782731809028,4.626752929447799
1768913364.368142,0.5566475060164757,4.6217918542636305,4.6551924117153325
1768913364.387795,0.5529330042253381,4.642928969005801,4.675737836790566
1768913364.4079812,0.549130702596272,4.67072800667593,4.702897472928873
1768913364.427804,0.635678808456324,4.655368617101992,4.698568346700787
1768913364.4480243,0.6314961032338763,4.671930798627201,4.714416688792047
1768913364.4677932,0.6294007468143549,4.697891701773461,4.7398662155890445
1768913364.4878092,0.6152913394030117,4.717496861856407,4.757453107910724
1768913364.5077326,0.6129997615798757,4.762976525461976,4.802261351675773
1768913364.5278616,0.5964649312214708,4.78113155169094,4.818193575267774
1768913364.547963,0.5938691016770479,4.826174398879452,4.862575432661806
1768913364.5677145,0.5798513404355865,4.850949967235319,4.885482899532583
1768913364.5880766,0.576988814507837,4.881906115283709,4.915884804438732
1768913364.607765,0.663646563217308,4.870562927456234,4.915568124965942
1768913364.6279333,0.6625703842180417,4.9245345561391325,4.968907335486474
1768913364.6477993,0.6468065686671437,4.955005268397603,4.997042720161492
1768913364.667767,0.6454419598707873,4.997949674148995,5.039453965350599
1768913364.6878119,0.6297648940875161,5.0166417916631865,5.056016088551013
1768913364.7077317,0.6281601541910338,5.081872111401115,5.120547757413236
1768913364.7278564,0.5993936301215543,5.008240899281883,5.043981525448928
1768913364.7477384,0.5972814697850438,5.074749721800515,5.1097778712056545
1768913364.767708,0.6774110119729783,5.080433799050962,5.125396888601081
1768913364.78776,0.6768428378797784,5.133272276749185,5.177702240804401
1768913364.8080838,0.667213982927139,5.137323085656941,5.180469378872657
1768913364.8277764,0.6664881768711918,5.197703534760031,5.240260348987062
1768913364.8477955,0.6570217797352678,5.2285937141789205,5.269712501360754
1768913364.8679998,0.656139542954612,5.304281999599844,5.344710154078292
1768913364.887743,0.638202795830777,5.321544352463402,5.359676958907258
1768913364.9078403,0.6369553875003918,5.368015644724661,5.405673327872717
1768913364.9277775,0.7245825242152866,5.40431017551623,5.452667999024556
1768913364.947768,0.7173125945279302,5.46040031975307,5.507314137601724
1768913364.967689,0.7176481055466845,5.523408377250501,5.569834728721828
1768913364.987803,0.7115293739885491,5.593556331722148,5.638629841211202
1768913365.0078773,0.7116990500025874,5.630540043055632,5.675341109944626
1768913365.0279515,0.6552954011882623,4.999794727571878,5.042554846570737
1768913365.047797,0.6543881551455,5.03237113944266,5.074739711816768
1768913365.0679138,0.6535109637303607,5.095792225938677,5.137526154644163
1768913365.08789,0.6235640924414696,5.023761882494274,5.062313268594187
1768913365.107733,0.5930341142462402,4.952423199766699,4.9878036258705345
1768913365.127851,0.5910496185895802,5.015934133698739,5.050637077165514
1768913365.1477547,0.5425317673415209,4.888079064153249,4.9180949214089
1768913365.1678274,0.5396543453435423,4.951477406085399,4.980798662405694
1768913365.1877782,0.5367667990698402,4.999838035075616,5.028568282679721
1768913365.2079456,0.5531711772735651,4.734431759235093,4.766638483692687
1768913365.2278457,0.5274738235616042,4.690853544265696,4.720416889247468
1768913365.2485688,0.472002608202737,4.551012015731963,4.575423131196381
1768913365.2677128,0.4682038740804043,4.62136249425274,4.645019501680246
1768913365.287964,0.5168150672612134,4.499517878357224,4.529101340376974
1768913365.3077264,0.5138288396404053,4.513306115192975,4.542461025246613
1768913365.3287132,0.4735999937989128,4.390468255190083,4.41593800386262
1768913365.347763,0.4700640957596882,4.404172272590834,4.429186568748294
1768913365.3679204,0.433641948499387,4.315357517699525,4.33709071210923
1768913365.3877702,0.42934216442100104,4.336428613321125,4.357630986279114
1768913365.407976,0.3713091973297791,4.215745189230901,4.232065455607365
1768913365.4277532,0.36596483442278005,4.254898363682305,4.270607725523435
1768913365.4478028,0.31016702209054514,4.1249287328514015,4.136573537687392
1768913365.467888,0.3039023486179473,4.215212277623355,4.226153237037457
1768913365.4877403,0.36387687433101423,4.132132661222766,4.148123275605108
1768913365.5077305,0.3588376078252027,4.160808110142767,4.17625293274001
1768913365.527771,0.31844437429429384,4.0076517400509815,4.020283483667955
1768913365.5478356,0.3127554866766642,4.08940321343654,4.101345466613543
1768913365.5678904,0.30699798766899555,4.0740984711146595,4.085648799979217
1768913365.5878427,0.2758696507757097,4.114872988602123,4.124110058733457
1768913365.6078014,0.3178386465917613,3.940017633943267,3.9528167628984754
1768913365.6284556,0.31241249409237437,4.000001830157643,4.012183471344439
1768913365.6479156,0.28976570915517286,3.8935538069686118,3.9043213768799783
1768913365.6679194,0.28413504018341906,3.943969197214713,3.954190909609512
1768913365.689917,0.27798782479990813,3.9435080155183755,3.9532939049853932
1768913365.7078245,0.32902003331664276,3.9463016440102443,3.959993793914536
1768913365.7288113,0.3023438317714118,3.8382324823206737,3.8501221254593654
1768913365.7477908,0.29765684430164185,3.9054412685478646,3.9167679404116305
1768913365.7679527,0.2927403453283651,3.946859829735878,3.9577012804613863
1768913365.7877314,0.25774702712822684,3.878354354954727,3.8869095735030594
1768913365.80778,0.2522302639136129,3.8818932064386615,3.8900790444705056
1768913365.828338,0.2810106532028702,3.7079596111211757,3.718592672627563
1768913365.8477511,0.27634332437072995,3.7632693520633893,3.7734018933985642
1768913365.8678088,0.27191593332685515,3.755536721105244,3.765367756058755
1768913365.8883646,0.2670254576749306,3.8365796878281273,3.8458609304162152
1768913365.9077194,0.2521698767096455,3.858237873998611,3.86646985492931
1768913365.9278116,0.24715494870416055,3.9167950945919436,3.9245852496395677
1768913365.9478931,0.22472220446552427,3.8242157704596274,3.830812750345802
1768913365.9683363,0.21928439780890718,3.8962581701758445,3.9024240384387285
1768913365.987848,0.2756999565258921,3.7834430712096996,3.793474916104371
1768913366.007982,0.2715785547620242,3.885915700631781,3.8953941705330943
1768913366.0278146,0.2721466276808242,3.8882019122246447,3.897714445310922
1768913366.0486064,0.2679326901788549,3.904658970019838,3.9138407732843277
1768913366.0678182,0.24888496171273278,3.8898106616602277,3.897764834842185
1768913366.0879195,0.24450819648951783,3.9385589115749617,3.946141223790287
1768913366.1079032,0.32082598901427495,3.9090606507118117,3.9222040342351443
1768913366.1279206,0.31800053617503965,3.974424860723513,3.987126448276343
1768913366.1479106,0.30830708480542335,3.923788689881139,3.93588248571783
1768913366.1680217,0.30536579842637124,4.00615337384513,4.017774648436531
1768913366.1878161,0.3001550116610092,4.019632400526827,4.030823447682903
1768913366.2078362,0.29714468256855653,4.072861471413045,4.083686511927624
1768913366.2281733,0.3649061384054576,4.022483988250567,4.039001600096015
1768913366.2477725,0.36331104333416653,4.126239640442108,4.142203336940907
1768913366.2677348,0.37233027160894705,4.0470085509654545,4.064099905605656
1768913366.287826,0.37088252535650956,4.118210611281487,4.134877566081765
1768913366.3077815,0.24689468162565142,3.7203091001998914,3.728492561994077
1768913366.3278108,0.24308053231872273,3.769463696404845,3.777293303902469
1768913366.3477914,0.28724955559976684,3.6577022482535355,3.6689641650023286
1768913366.367717,0.28441464385125736,3.808390092995541,3.81899552108452
1768913366.3879392,0.28145084308069346,3.722263405174335,3.7328888859127414
1768913366.407829,0.22975967763876082,3.612864868223852,3.6201632650358215
1768913366.4279118,0.31913350010141117,3.6455564574391417,3.659498336556966
1768913366.447883,0.317145207818748,3.7829101462881987,3.796181009611185
1768913366.4678051,0.3151325946013761,3.835247490839876,3.84817253617529
1768913366.487861,0.2864269905425012,3.774994484883752,3.7858451872486785
1768913366.5078745,0.3687430995887211,3.73612621291257,3.754278965701233
1768913366.527727,0.36785962027560315,3.7709505791491047,3.788850613393761
1768913366.547802,0.2188056912130112,3.366407787532946,3.3735111267742495
1768913366.5677865,0.21512537621680616,3.504955932065762,3.5115516532176194
1768913366.5878606,0.26304835585017383,3.3776783196484885,3.387905734895662
1768913366.6078162,0.2603587230054506,3.536951796875403,3.5465214898637187
1768913366.6277611,0.2526074136756846,3.4917397425028778,3.5008651694713953
1768913366.6478045,0.24981374944895007,3.6362088504100623,3.6447800637643706
1768913366.6677954,0.2973082462737804,3.5036441929596673,3.516235888583471
1768913366.6879563,0.2954833483216541,3.6697267360144217,3.6816035536372516
1768913366.7077715,0.33309293308297216,3.565468738343636,3.5809940276654437
1768913366.7277806,0.33198463982025617,3.5977659357495853,3.6130504465778874
1768913366.7477953,0.2921184974586982,3.544662256082118,3.556678749374295
1768913366.7679803,0.29026949528510715,3.578064411707043,3.5898191199860667
1768913366.7878616,0.2883937071685194,3.5330300761841755,3.544781015740798
1768913366.807983,0.3198569503294725,3.7077807257033957,3.7215516090162812
1768913366.8277988,0.28270564496827677,3.5141312260419646,3.5254844710394244
1768913366.8480847,0.28082632377478556,3.687801901924969,3.6984789159823905
1768913366.8677564,0.2752652168636015,3.2295650343689815,3.2412746336639984
1768913366.8879142,0.27332024125450394,3.3744492235915313,3.3855001871033634
1768913366.9078257,0.29433524990643567,3.281541642536311,3.2947152822417594
1768913366.927728,0.29282672431435375,3.4058636912807962,3.4184287288252078
1768913366.9478962,0.25865446169090844,3.4073475898870917,3.417150820327073
1768913366.9680574,0.2564932209563445,3.47083219865082,3.4802966717778308
1768913366.987707,0.17026571342111108,3.283113591182987,3.287525705721136
1768913367.0079367,0.16644933500913162,3.2635031370004857,3.267745110368462
1768913367.0278435,0.20087854698876206,3.222309574157247,3.228564879686604
1768913367.047776,0.19782647758141492,3.244052301975236,3.2500785610786544
1768913367.0682993,0.1826785309199922,3.1086494801551794,3.1140123692959465
1768913367.0877357,0.17950708909273627,3.21123169997985,3.216244988490464
1768913367.107799,0.13955041928942125,3.2229878492355315,3.2260075938912065
1768913367.1277769,0.1355996149412413,3.302018041616158,3.3048011139448046
1768913367.1478262,0.13165891233345528,3.253607500207057,3.2562702336569735
1768913367.1678193,0.12767647876889832,3.270196101281039,3.2726875536880287
1768913367.1877396,0.15184742776384053,3.1904776136436137,3.194089078983168
1768913367.2079282,0.15465760478645363,3.1316467352554174,3.135463322884546
1768913367.227719,0.15137394632088264,3.1846742966949595,3.188269820396996
1768913367.2477171,0.06484300036973811,2.836455451900923,2.8371965292019192
1768913367.2677836,0.05989152743687076,2.8015380141178063,2.802178124175168
1768913367.287778,0.07484239320041519,2.700449691282728,2.701486612768782
1768913367.3077035,0.07030775040734816,2.685760027482452,2.6866801270322234
1768913367.3278203,-0.03954659799212579,2.4799215886278034,2.4802368877095184
1768913367.3479233,-0.04614294103300354,2.422398472833269,2.42283790877395
1768913367.3678796,-0.0034834254298573564,2.6143674788309372,2.6143697995160435
1768913367.3878996,-0.04803995518942594,2.4852211884602013,2.4856854573469542
1768913367.4080985,-0.05441409386262874,2.6271166395962737,2.6276801045132014
1768913367.4280314,-0.060691938899881115,2.572365083170192,2.573080961136011
1768913367.447853,-0.004105896639643003,2.4076841584827484,2.4076876594350844
1768913367.4677238,-0.05766375334496765,2.2903343763435835,2.2910601615651607
1768913367.4878724,-0.06376541640709543,2.346745125706125,2.347611278162342
1768913367.5081291,-0.08487517577772563,2.270640615431141,2.27222635314108
1768913367.5279334,-0.09116924810033966,2.287383049343493,2.2891992150582086
1768913367.5479014,-0.09761392506863509,2.2214598324424273,2.223603441606089
1768913367.5682206,-0.07278529774524134,2.3517449056463207,2.3528709698581616
1768913367.587828,-0.10165673401711728,1.996033390614489,1.9986203711608166
1768913367.607761,-0.10787216707833347,2.067964396113897,2.0707759772667083
1768913367.627779,-0.06695670648138119,1.9998000956229038,2.0009206938297703
1768913367.647889,-0.0722921375638006,2.0720577420913475,2.073318460756629
1768913367.66785,-0.12325400541127474,2.1058050172908658,2.1094089979653794
1768913367.688621,-0.09580012603128829,2.044383635458207,2.0466270087822367
1768913367.7080228,-0.10128079745151397,2.11776459010939,2.1201850530209874
1768913367.728376,-0.10695112873274815,2.1863947514173017,2.1890090344633877
1768913367.7477996,-0.1325441839807474,2.0875951362268648,2.0917986073007087
1768913367.768281,-0.17765346835976425,1.7671639824923648,1.7760713093337577
1768913367.7877333,-0.1842288321969141,1.6752450574331696,1.6853445538129295
1768913367.8077934,-0.12202068544399125,1.7854172583043937,1.789582027716919
1768913367.8278873,-0.12744204087197697,1.7726199698609122,1.777195271018724
1768913367.8480585,-0.13292683662402482,1.7181565001907702,1.7232908353039733
1768913367.8683221,-0.18834447976899993,1.8547201221623553,1.8642586662299299
1768913367.8879025,-0.22093533807678634,1.618322802610031,1.6333343555618638
1768913367.9077976,-0.22785849931226276,1.6632378569583803,1.6787732617981328
1768913367.9279833,-0.2348334312536302,1.6266276001771107,1.6434914329233055
1768913367.9477673,-0.27145557006317267,1.495208463931168,1.5196501166813778
1768913367.9678907,-0.17888566338978673,1.5351838725966722,1.545570963510676
1768913367.9878986,-0.16185269599986152,1.4606841901242849,1.469623964992903
1768913368.0078344,-0.1670499700633259,1.4599735536577363,1.4694993943102381
1768913368.027767,-0.13856953697289653,1.4297076456162037,1.4364071388399289
1768913368.047811,-0.14311552453077692,1.3892817558761763,1.3966337567781006
1768913368.0677335,-0.1268150453613014,1.3789704482933116,1.384789353293939
1768913368.087975,-0.13103138152691418,1.3379922460933171,1.3443929758633417
1768913368.1077054,-0.17878388525757838,1.4079866349967443,1.4192920918391851
1768913368.1277595,-0.1837353858483851,1.3305311712910068,1.3431574329876128
1768913368.1477883,-0.1919095094998149,1.331819122788004,1.3455747603385952
1768913368.1677985,-0.19693896122013788,1.255079394446395,1.2704366339217381
1768913368.188114,-0.25268047461351595,1.2878211014689196,1.312375941428192
1768913368.2079232,-0.2588581396208324,1.3322283469353122,1.3571440250857507
1768913368.2278225,-0.2390864724146986,1.3033714774039877,1.3251186925713327
1768913368.2478886,-0.24479027628766403,1.3279583463033653,1.3503316810627526
1768913368.2677498,-0.21991767483505986,1.293018686577187,1.3115872474001313
1768913368.2883465,-0.22512905266251193,1.2926592414778266,1.3121169936140413
1768913368.3076916,-0.2299900339970289,1.2618947578310151,1.2826822660266848
1768913368.3278062,-0.248209682857918,1.3169927775352566,1.3401783548261246
1768913368.3477256,-0.25957965401334193,1.218709995443863,1.246048012627309
1768913368.3679862,-0.2650642651378081,1.221047616707911,1.249486433268131
1768913368.3877838,-0.2040792034498906,1.2450804594829283,1.2616947617656824
1768913368.410217,-0.207099320689476,1.0295146040010392,1.0501382996926925
1768913368.427919,-0.21086586567765653,1.0463261809744435,1.0673625861442546
1768913368.447729,-0.22244474376132095,1.000715427873339,1.0251404935962483
1768913368.4677758,-0.22670879481329886,0.9583538129727733,0.984803994957957
1768913368.4877417,-0.35022995633298937,0.9302537078935726,0.9939984825756768
1768913368.5077555,-0.35678470832271836,0.8885818439514601,0.9575348669855862
1768913368.527883,-0.2592704642824847,0.9474236957492099,0.9822590457289496
1768913368.5478024,-0.26382330490720607,0.9095861636302265,0.9470742976555291
1768913368.5681841,-0.3108812120807508,0.9453758922096593,0.9951797353222213
1768913368.5881135,-0.31613607196718063,0.8712239600722957,0.9268080732292375
1768913368.6078618,-0.36341303120533397,0.9430938080684736,1.010690339355702
1768913368.627745,-0.36972626009958076,0.9675667275553239,1.035800598416192
1768913368.6479034,-0.291572370723468,1.0641001366125837,1.1033238636539242
1768913368.667735,-0.296053913757207,0.9899925412138297,1.0333117397523248
1768913368.6879523,-0.30074654981292104,0.9946879915783318,1.0391596065160111
1768913368.7077394,-0.4217362885079794,0.9690830449846082,1.0568743752788814
1768913368.7278383,-0.3410810938650356,0.9867847290083763,1.0440691615004745
1768913368.7478151,-0.346106763424225,0.9107132418186635,0.9742630550892567
1768913368.767892,-0.34346551250627777,0.9128252109415036,0.9753042725281175
1768913368.787771,-0.34839597494664487,0.8556829372008237,0.9238901690004347
1768913368.8078992,-0.3971578730267895,1.024738290153859,1.0990099814899854
1768913368.8277977,-0.4029489344856906,0.9904123786737817,1.0692448380204655
1768913368.847904,-0.39943839152082894,0.8225199858838856,0.9143796562693062
1768913368.867796,-0.40515949991544675,0.8269617161004894,0.9208799597491528
1768913368.888008,-0.47788715703045015,0.8214221647844338,0.950321265495933
1768913368.9079087,-0.48498740691844566,0.8654258416734666,0.9920557808438526
1768913368.9279616,-0.3907805165588457,0.8815828447968372,0.9643120471932738
1768913368.9477262,-0.5294032767445311,0.7351515568114046,0.905933574226101
1768913368.9680312,-0.5371630053331699,0.754169772484429,0.9259136784969636
1768913368.9879525,-0.47220503634528177,0.7317199463218564,0.8708568632072146
1768913369.008033,-0.4783527622485343,0.6711913293199991,0.8242082053129235
1768913369.0278087,-0.43900756143387754,0.6537251554521615,0.7874542639843107
1768913369.0478787,-0.4443269629422203,0.6149032230109945,0.758638532943566
1768913369.0679111,-0.449698917033608,0.5958643217109814,0.7465141699052253
1768913369.087958,-0.7596136344381048,0.6182896199679395,0.979436025365805
1768913369.1082458,-0.7709767425427129,0.5975478122538087,0.9754324812466958
1768913369.1282237,-0.7821247608569275,0.5598884786908731,0.9618701836091429
1768913369.1477144,-0.7931118161528203,0.6064570474122624,0.9984069827866912
1768913369.1680715,-0.8041654402820245,0.5479901413419217,0.9731265335771714
1768913369.1878314,-0.8153874558807481,0.590882367461699,1.0069750122941588
1768913369.208682,-0.8265841236126289,0.5721057367801334,1.005259313543126
1768913369.2285519,-0.838083317680838,0.5900252059934088,1.0249455551796325
1768913369.2478142,-0.8488748440513789,0.6180895466624343,1.0500586595788954
1768913369.2679453,-0.8600525310235109,0.6197956951168107,1.0601118147654414
1768913369.2877872,-0.8711161046119575,0.6230317089955681,1.0709863575826954
1768913369.3078172,-0.8822620683632931,0.6454651601455854,1.093165874986245
1768913369.3281615,-0.8934906076565472,0.6460184083894469,1.1025721064622034
1768913369.3478332,-0.9043289911925391,0.5701251229316338,1.0690433013255947
1768913369.3678005,-0.9153454090564359,0.553086105628525,1.0694678387497316
1768913369.3877783,-0.9265075104613452,0.5747770846705889,1.0903141125399143
1768913369.4077556,-0.9377106262802359,0.6775243352577442,1.1568666489726984
1768913369.4278083,-0.9486230149937568,0.5798564809755056,1.1118089598061092
1768913369.4478366,-0.9596800478774817,0.5618030925878683,1.1120290055279218
1768913369.4680068,-0.9706805373310695,0.48322412846504736,1.0843091182334208
1768913369.4877207,-0.9817673467208555,0.5870539945757347,1.1438966367791432
1768913369.5079596,-0.992894119522923,0.5881018503942057,1.1539941590061404
1768913369.5283875,-1.0041937421547193,0.6272944988889178,1.184020042110351
1768913369.5485635,-1.015300871653719,0.5876900650309675,1.1731221046919644
1768913369.5677662,-1.025885299077177,0.6167359423594716,1.1969978569156647
1768913369.587772,-1.036951584238003,0.6590134831824717,1.228644521035274
1768913369.607802,-1.0479315349378995,0.6414283584864116,1.2286540770240721
1768913369.6278913,-1.0588819380283345,0.5835577119237385,1.209037039063862
1768913369.6477902,-1.06979529101574,0.526204764930581,1.1922052756614945
1768913369.6679895,-1.0807610544803614,0.4477399032338507,1.1698356627447124
1768913369.6878035,-1.0916762784212044,0.43097146930771757,1.1736666921340249
1768913369.707875,-1.102718989371295,0.47326467364375624,1.1999869252784303
1768913369.7277384,-1.1136895897610248,0.47592490085513184,1.2111189097673467
1768913369.7478538,-1.1245930822780914,0.35767132066857066,1.1801010017521965
1768913369.7679672,-1.135568684772881,0.29961603609960985,1.1744300774949752
1768913369.787821,-1.1465380945643682,0.3831014707144744,1.2088491796543046
1768913369.8079557,-1.1575668465054818,0.42536436407815614,1.2332460607503515
1768913369.8285367,-1.1689592996728666,0.44196544637247026,1.2497196886017663
1768913369.8477216,-1.1794959762900508,0.4304106650196262,1.2555732151678995
1768913369.8678944,-1.1905219268971987,0.47249605451198473,1.28085712706469
1768913369.8878896,-1.2013864630980717,0.39525877074531657,1.264736703652738
1768913369.9077647,-1.2123768658151726,0.4372324397277412,1.288809478206183
1768913369.9278557,-1.2233041264021733,0.39825753630802474,1.2864999226190112
1768913369.9478214,-1.234246255042443,0.37799098663516695,1.290829579791121
1768913369.9676583,-1.2451153181847552,0.33819973211942234,1.2902291325125057
1768913369.9878488,-1.256048162646752,0.27657335146183115,1.2861375531517267
1768913370.0080216,-1.2671042342609424,0.36718753828126793,1.3192345616875973
1768913370.0279741,-1.2779273599549081,0.2671989350470998,1.3055625638825685
1768913370.047799,-1.2888482347046735,0.29784354206338115,1.3228153868360522
1768913370.0679615,-1.2997291955226684,0.2333520274866725,1.3205109429407027
1768913370.0879061,-1.3107189125087264,0.2963699645453364,1.3438077330826246
1768913370.1079102,-1.3215935845158076,0.24811262019747637,1.3446819233315357
1768913370.12772,-1.3324539418489092,0.253604238743522,1.356373332477964
1768913370.1479151,-1.3435025785206278,0.30726922345559515,1.3781921325325364
1768913370.1679897,-1.3543550555839148,0.2551444397162719,1.378178617488981
1768913370.1877763,-1.365133793635632,0.2031499460373496,1.3801667200381955
1768913370.2078974,-1.37598748417401,0.14911414423511893,1.3840435631202124
1768913370.2277443,-1.3868513492378831,0.11107613284387341,1.3912924107356033
1768913370.2478437,-1.397725288043974,0.0037712654061827777,1.397730375745041
1768913370.267918,-1.4085770629754657,-0.0696519550589958,1.4102981022408452
1768913370.2878063,-1.4194320768302227,-0.043851172984101794,1.4201092725937117
1768913370.3076978,-1.4302340934041986,-0.03685060691080366,1.4307087506426401
1768913370.3282063,-1.4411989690285332,-0.08316966478847654,1.4435967793916467
1768913370.3477676,-1.4519329583309672,-0.11156961052722458,1.4562132719766396
1768913370.367916,-1.4627516027584337,-0.17436822445031375,1.4731077791765006
1768913370.3878355,-1.4735765127646605,-0.19171908605015453,1.4859959444519235
1768913370.4084947,-1.4847043166088785,-0.26153808130378664,1.5075639541091128
1768913370.4279442,-1.4952352363265435,-0.29346269896597654,1.5237613880253333
1768913370.4477026,-1.505937816517347,-0.2852797553072488,1.5327208636947558
1768913370.4679646,-1.516818187636249,-0.32661818019737865,1.5515852699673203
1768913370.488027,-1.5275550338891035,-0.38202117698967974,1.5745998098655165
1768913370.50785,-1.5383098440889211,-0.4249799803433376,1.5959339460370858
1768913370.528097,-1.5490878086995594,-0.4424447119762345,1.6110339419817747
1768913370.547962,-1.55985203904863,-0.5169384605105023,1.6432783561159492
1768913370.567879,-1.5706492040850866,-0.606440373150205,1.6836593623651062
1768913370.5877545,-1.5813471453545658,-0.6818970593260794,1.7221040600493887
1768913370.6077714,-1.592100898936983,-0.7723772771653401,1.769562638246325
1768913370.6277792,-1.6028473556360776,-0.8245500669184711,1.802498948217397
1768913370.6478326,-1.6135575873396784,-0.8780782164558616,1.8370055639207385
1768913370.6680174,-1.6243386148603176,-0.9846113001063284,1.899456592824224
1768913370.6878161,-1.6349884166193105,-0.9909491706712625,1.911849204653281
1768913370.708438,-1.6460550703983055,-1.1035350411570093,1.9817383484823046
1768913370.7280855,-1.6564839181067796,-1.1123353726766254,1.9953017196038385
1768913370.7483554,-1.6673330896428054,-1.212248797531636,2.0614428876237927
1768913370.7682204,-1.677953059453553,-1.2635469231519671,2.100494536231014
1768913370.7878995,-1.6884311266308445,-1.3156582575769526,2.140503753817387
1768913370.807884,-1.69908002432882,-1.3721640439805096,2.1839659092271035
1768913370.8277526,-1.7096752880305468,-1.4516786469090963,2.2428465137842486
1768913370.8479328,-1.7203797190236096,-1.5446421093372713,2.3120609039481743
1768913370.8680146,-1.731159854022958,-1.639781664158395,2.3844912132970557
1768913370.8880565,-1.741631715179898,-1.6717081854529496,2.414102170296623
1768913370.9078856,-1.75215290211561,-1.737332509443302,2.4674610515184865
1768913370.92786,-1.7628862509951864,-1.8555336155323907,2.559447778783261
1768913370.947924,-1.7736424544599467,-1.9933440958663144,2.6681881944097943
1768913370.967877,-1.784165364878115,-2.0447405754442443,2.7137078085340574
1768913370.9879253,-1.7946698512507107,-2.117071206331044,2.775397335097126
1768913371.0082643,-1.8054359185999682,-2.2128110446458376,2.855894181421559
1768913371.0277905,-1.8157624057923853,-2.270134679712431,2.9069751595639772
1768913371.0478356,-1.8263474757488432,-2.3669521518605166,2.98965007841575
1768913371.067807,-1.8368742516608467,-2.448628340056292,3.061027240019505
1768913371.0880694,-1.8475462063699228,-2.5499944446595393,3.14895199272177
1768913371.1077034,-1.8579974914675454,-2.664981059405692,3.248734942295351
1768913371.12788,-1.868651712651324,-2.7607725332887316,3.3337252741874526
1768913371.1477735,-1.8792427992071246,-2.879188242881755,3.4382086086100645
1768913371.1678712,-1.8898467182533563,-2.991561177385398,3.538496700087834
1768913371.187874,-1.9003360877490296,-3.08313528100474,3.621739969597136
1768913371.2083735,-1.9110088065894781,-3.1732885978630936,3.704283356357942
1768913371.2280924,-1.9213458078574461,-3.261389723255519,3.7852652007921574
1768913371.2477577,-1.9316766235662342,-3.369836135357893,3.884220662783729
1768913371.2677488,-1.9420555901514434,-3.4633320474010834,3.9706735934591566
1768913371.2878487,-1.952710707072337,-3.5907674016423154,4.087381758315713
1768913371.3079886,-1.9633651635683322,-3.724257983054841,4.210095045228957
1768913371.3281617,-1.9739027177673252,-3.8356182667372565,4.313729178719702
1768913371.3478281,-1.984336290884399,-3.9521854386570094,4.42237043415105
1768913371.368046,-1.994935621867415,-4.072514003239476,4.534880201502258
1768913371.3879793,-2.0052537687689265,-4.171955732343319,4.628850538718469
1768913371.4078028,-2.0156775169228123,-4.293159704859994,4.742802557946268
1768913371.427729,-2.0260716942748034,-4.407113524436184,4.850527407159957
1768913371.447854,-2.036502718698012,-4.5237842616074975,4.961044987583976
1768913371.4677908,-2.0469951521036123,-4.650698919351408,5.081258662102535
1768913371.4878435,-2.0575622956272244,-4.783452761336028,5.207204904775693
1768913371.5078013,-2.0680898796886726,-4.916587027348005,5.333837619196651
1768913371.5280778,-2.0785954010086227,-5.041054524946251,5.452778151050643
1768913371.5477815,-2.089013477967394,-5.174971093142375,5.580708120479749
1768913371.5677092,-2.099386545882484,-5.3010602993260285,5.701636972495088
1768913371.5880022,-2.110088837032084,-5.44399876557361,5.838629758747715
1768913371.6080222,-2.120573890500537,-5.579663010244468,5.969042882486517
1768913371.6280935,-2.1311398192156816,-5.717776688783768,6.102026482394658
1768913371.6484482,-2.1417503215901945,-5.858529335396227,6.237744817939402
1768913371.6678562,-2.1519435122541095,-5.995566582633062,6.370061187046702
1768913371.6876698,-2.162263445190571,-6.130434600932938,6.500585481533427
1768913371.70772,-2.1730260716475236,-6.281816631069159,6.647049156914439
1768913371.7279186,-2.1833635114424204,-6.417130374109318,6.778394976793146
1768913371.7479422,-2.1939684858166535,-6.565708609581401,6.922573745557931
1768913371.7680137,-2.2042303316429823,-6.705228078465117,7.05823738189443
1768913371.7878036,-2.214706511227486,-6.852363441591919,7.201375539890894
1768913371.808368,-2.2252609177026414,-7.001857287488567,7.346957984513833
1768913371.827802,-2.235565248341888,-7.148255879921717,7.489680507500258
1768913371.8477256,-2.2460244120769794,-7.299997540345844,7.637708409510088
1768913371.8677983,-2.256388578588698,-7.449978802864887,7.784180983296936
1768913371.8878126,-2.2670385958753703,-7.605772493516406,7.9364500387969015
1768913371.908175,-2.2774528147787416,-7.7602834807587,8.087570155818122
1768913371.928083,-2.2879024322633366,-7.9166050161702355,8.240578409408421
1768913371.947857,-2.298339423219783,-8.074087690773986,8.394835087280407
1768913371.968201,-2.3090366751531066,-8.234341013026015,8.551960142914863
1768913371.987706,-2.319314217896971,-8.389823003018277,8.704501620616407
1768913372.0080607,-2.329928788552036,-8.549966458956597,8.861743316583162
1768913372.0278058,-2.340424341698831,-8.70688419218111,9.015953551082088
1768913372.0479517,-2.3508320217758385,-8.865665486993887,9.172046430425505
1768913372.0681086,-2.361638191758035,-9.024398172239717,9.328295520613276
1768913372.087854,-2.3717579574345167,-9.18118064525255,9.482579493440273
1768913372.1079311,-2.3824706142585184,-9.339088104679234,9.63819136844494
1768913372.1278336,-2.392803517301787,-9.497853704824085,9.794627796432716
1768913372.1478567,-2.403509894082936,-9.655560387942591,9.950211365401273
1768913372.1678755,-2.4140625534564055,-9.814312699052126,10.106850734367073
1768913372.1879303,-2.4247367044725077,-9.973071328986816,10.263600723872448
1768913372.2077343,-2.435281050381403,-10.129856357389889,10.418473190237574
1768913372.2277331,-2.445894142082816,-10.288061470114537,10.57481002038005
1768913372.2478008,-2.456583236406431,-10.446286567638946,10.731248960425201
1768913372.2680125,-2.467178504332288,-10.605440284112468,10.888633219652265
1768913372.2878737,-2.4778073311296054,-10.763061791743747,11.044592717845857
1768913372.307989,-2.4885107372330784,-10.92255322843957,11.202448603650007
1768913372.3278434,-2.4990014200404786,-11.07960105007322,11.357929720074338
1768913372.3479912,-2.5096902717750034,-11.239333451032374,11.516126157859569
1768913372.367803,-2.520260656950163,-11.3959982823742,11.671353418984731
1768913372.3878956,-2.5309350650280247,-11.555121706886489,11.829051946979849
1768913372.4080827,-2.541686578081252,-11.713494472695356,11.986080402828234
1768913372.4277313,-2.5523429832387365,-11.870428403922077,12.141726615137078
1768913372.4480605,-2.5631626307849626,-12.029052745714385,12.299102106699955
1768913372.4677286,-2.5738052543604253,-12.18662446499333,12.455452193242415
1768913372.4884515,-2.5849199275376527,-12.349778454395029,12.61740222488056
1768913372.5077255,-2.595228668953834,-12.502577152069092,12.769089524613726
1768913372.527971,-2.6060590949778013,-12.66281356525499,12.928201398296759
1768913372.5478206,-2.616662760944224,-12.819873136901023,13.084191654464128
1768913372.5677462,-2.627412000813468,-12.97794366381254,13.241235424351865
1768913372.587774,-2.638150568445236,-13.13624792915517,13.398539027745578
1768913372.6079006,-2.648924648700871,-13.294969431972568,13.556290569015552
1768913372.6278195,-2.6596658489473315,-13.45271617533237,13.713110329976416
1768913372.6481209,-2.6704903496790915,-13.612385659103687,13.871862241238588
1768913372.6676965,-2.681124124851442,-13.768964294358636,14.027573001491863
1768913372.688361,-2.6922376621601734,-13.93209691168,14.18983678503728
1768913372.7081783,-2.702916366843617,-14.088664664604405,14.34559963604951
1768913372.7283735,-2.7137740194617286,-14.247959610619194,14.504100195963254
1768913372.7477846,0.5379428469574064,-2.3292272056946484,2.3905400817264577
1768913372.7677505,0.5974641179361578,-2.3255110334578255,2.4010341394814265
1768913372.7877717,0.6080329680617774,-2.4070575488237544,2.4826659327423486
1768913372.807796,0.5398942808521985,-2.26110573707696,2.3246687911913937
1768913372.8280022,0.5483832891753218,-2.3370145245927922,2.4004918496017478
1768913372.848329,0.26414953928878826,-1.9013546359811784,1.919615698746392
1768913372.8679254,0.2649504435389698,-1.96256175907671,1.9803654702407247
1768913372.8878374,0.2657468746644702,-2.02448341999286,2.0418507583121546
1768913372.9077876,0.2665478275183992,-2.0866059469094225,2.1035617704342666
1768913372.9277656,0.2673321979342257,-2.1485676751516607,2.165134997813983
1768913372.9477875,0.2681237104341303,-2.2105841926038963,2.2267853054767506
1768913372.9680014,0.26891942073796404,-2.2726338120263776,2.288489042668893
1768913372.9878497,0.2696997650343611,-2.3345523260853476,2.350079259618725
1768913373.0079548,0.27047480619476627,-2.3964930133047186,2.4117079805823147
1768913373.0282474,0.2712510816648732,-2.459889605245417,2.474799793781068
1768913373.0477939,0.2719930294561518,-2.5202949652551716,2.534929371789932
1768913373.0679789,0.2727970312363135,-2.5824843331526726,2.596852624087542
1768913373.0879302,0.27349093187462026,-2.644670346780769,2.6587738777412344
1768913373.107753,0.2741917333024685,-2.7060619477612207,2.7199177141473716
1768913373.127808,0.2749661039780802,-2.7680645233229093,2.7816878983120605
1768913373.1481829,0.27562477275454267,-2.8306481415057103,2.8440354984362846
1768913373.1678474,0.27631704383534716,-2.8920999116136166,2.9052698682685905
1768913373.1877503,0.27686167806589324,-2.954194904214585,2.9671400238055643
1768913373.2080142,0.27754147254092554,-3.016680173607842,3.029420495543467
1768913373.2277308,0.27805431623888266,-3.0781390519178125,3.0906721317086614
1768913373.2482922,0.2787648221731779,-3.140199052972177,3.152548162735757
1768913373.2678602,0.2792446201340115,-3.202204742253599,3.214357287108144
1768913373.2882023,0.27984991904434564,-3.2652231268842336,3.2771936234419803
1768913373.3077433,0.2802663997679984,-3.326065227328,3.3378524759610593
1768913373.3279219,0.2810201627235437,-3.3880297631806364,3.3996643963860618
1768913373.3477345,0.2814964849702781,-3.4498406744127657,3.461306249074668
1768913373.3679416,0.28204491364046513,-3.5121794525047534,3.523486035151416
1768913373.3878057,0.2825275393023754,-3.573665159938244,3.584815823138016
1768913373.4082406,0.28296104176361847,-3.6359198185288637,3.646913746982086
1768913373.4281878,0.2833855128076771,-3.6987966771487297,3.7096366678902335
1768913373.447837,0.2838600504533243,-3.7593567857368946,3.770058351101399
1768913373.4679372,0.284348462490958,-3.8216827797402004,3.8322465104796897
1768913373.4878254,0.28491792953444517,-3.8831258732654934,3.893564533200149
1768913373.5078044,0.28543467779442555,-3.944851833159337,3.9551648437035074
1768913373.5278537,0.28600040554043704,-4.006764362093243,4.016958661140262
1768913373.547744,0.2862353918965923,-4.06866128514282,4.078717366132914
1768913373.5679297,0.2869535880701716,-4.130558153613359,4.140513618150307
1768913373.5878112,0.28705009971915985,-4.192380177630257,4.202195772871117
1768913373.6079314,0.28770738760803427,-4.254377073732297,4.2640942562733315
1768913373.6280465,0.28830086341062555,-4.3160497037791306,4.325667859803297
1768913373.6478055,0.2885967118733873,-4.377746737422354,4.387249087881402
1768913373.6680212,0.2891282027485863,-4.439814339839726,4.44921863812862
1768913373.6878219,0.2893420648588858,-4.501211625539739,4.510501627135379
1768913373.7083642,0.28957582089903333,-4.564998706389231,4.574173952243695
1768913373.7278948,0.2897521375226504,-4.625332346377773,4.634399164470779
1768913373.7479775,0.2901999187920179,-4.687455643885084,4.696430176874454
1768913373.7682133,0.2903873685093744,-4.749812923736336,4.758681291522108
1768913373.7877438,0.2907410999647838,-4.810491215429058,4.819269251756833
1768913373.8078306,0.29090875681749184,-4.872453482854494,4.881130078923731
1768913373.8278008,0.29146710413051324,-4.934102983671249,4.942704252356573
1768913373.847959,0.29195995603733726,-4.995938207195188,5.004461927724297
1768913373.8679616,0.29244915706083485,-5.057591213857089,5.066039419107397
1768913373.8878934,0.2927396139519992,-5.119573777797918,5.127936441483339
1768913373.9077232,0.2931583197178209,-5.181115735823385,5.189402862412637
1768913373.9278595,0.2933115647346345,-5.242922350282688,5.251120494246997
1768913373.9477851,0.29373489062001235,-5.30465136578939,5.312777644371989
1768913373.96789,0.29402939201807543,-5.366541387816115,5.3745901937276885
1768913373.987809,0.2947236730385203,-5.428342289079955,5.436337190688517
1768913374.0081422,0.2953608253910388,-5.490782699564615,5.498721003198267
1768913374.0277507,0.2953913177058607,-5.551669452600583,5.559522438259824
1768913374.048095,0.29571197502702495,-5.613981091122623,5.621763892556921
1768913374.0678551,0.2958446114007999,-5.675500977204196,5.683206434429483
1768913374.087751,0.296297736454477,-5.736910011535638,5.7445564519017385
1768913374.1077433,0.296523545071811,-5.798662332518191,5.80623897711309
1768913374.127833,0.2969402978062562,-5.860409363571918,5.867927355472516
1768913374.1479352,0.2973104785919608,-5.9221890802530375,5.929647293300749
1768913374.1677778,0.29774573809121263,-5.983793101631971,5.991196241794275
1768913374.1878445,0.29808631092574767,-6.045538023215082,6.052882407489893
1768913374.208033,0.2987593774689039,-6.107659151619012,6.114961772405538
1768913374.2278008,0.29926774440859516,-6.168870564954382,6.176125422140001
1768913374.247811,0.2998411585904349,-6.230643817932018,6.237854367193845
1768913374.2684357,0.3001542565522759,-6.294267186611766,6.3014198395428345
1768913374.2878404,0.30067006696568976,-6.3539388169999125,6.36104873266566
1768913374.308292,0.30119558588896533,-6.417121795042581,6.424186400889183
1768913374.3277142,0.30156235840343726,-6.477301709570215,6.484317797024377
1768913374.3477716,0.30201286670580185,-6.539042657170864,6.546013339732516
1768913374.3679156,0.3025978852571689,-6.600712732599298,6.60764512201288
1768913374.3879988,0.30304504683255196,-6.662642376825296,6.669530698773189
1768913374.4078379,0.3034767674453741,-6.724167727054219,6.7310125367537825
1768913374.4280417,0.30413655721515753,-6.786024630599405,6.792836619008033
1768913374.4478333,0.3047678654406121,-6.84762376545954,6.854402576818166
1768913374.4678035,0.3053781788713559,-6.909168812226138,6.915914220691949
1768913374.4877894,0.3060577994564523,-6.970740423123075,6.977456085363075
1768913374.5080934,0.30673206885818183,-7.03340233817806,7.040087571383941
1768913374.5277753,0.30738757348422263,-7.093929011483606,7.100585605448419
1768913374.547879,0.308094049075342,-7.155778085576001,7.162407552847393
1768913374.5678208,0.3087377990111604,-7.2172982056208195,7.223898699275604
1768913374.5878,0.30941955838575586,-7.278894926478461,7.2854685377006145
1768913374.6082377,0.31015077425071724,-7.3418564336191245,7.3484045475628825
1768913374.6284306,0.3108526529569692,-7.404233633597798,7.4107560392143
1768913374.6478777,0.3115535182299143,-7.464206268055191,7.470705509307393
1768913374.667745,0.31224941342692736,-7.5253121879479,7.531787518395794
1768913374.6877503,0.3130143595903023,-7.586960894371163,7.593415147483181
1768913374.7079027,0.3137757093907416,-7.64871063398494,7.655143993305284
1768913374.7278857,0.3145572478599191,-7.710324136467706,7.716737947577181
1768913374.7484357,0.3153829146414592,-7.773432159065525,7.779827370478207
1768913374.7680368,0.3161582447061161,-7.833651345308622,7.840028662929188
1768913374.7882793,0.3169953783488372,-7.896434838097129,7.902795025951803
1768913374.8078997,0.31781356953039464,-7.956415616433182,7.9627605091701374
1768913374.8279736,0.31865869050934825,-8.01828865295074,8.024618139393036
1768913374.847921,0.31954827970197974,-8.07988226207783,8.086198641642465
1768913374.8679469,0.32044420313733957,-8.141535145969987,8.147838917184659
1768913374.8877742,0.32131173642829547,-8.20283286305248,8.209123473985533
1768913374.9079156,0.32222366268018277,-8.26472568714744,8.271004701521198
1768913374.9279916,0.32312447916279974,-8.327447789589117,8.33371442499483
1768913374.9479265,0.3240257528629743,-8.39042929312162,8.396683655550671
1768913374.9680145,0.32499455147816436,-8.456719257521481,8.462961778185292
1768913374.9878736,0.3259798107153635,-8.524239847036904,8.530470550139995
1768913375.0077734,0.3269908028599866,-8.594458773481005,8.600676984646013
1768913375.0278265,0.3279605536258895,-8.663691244856299,8.669896430231118
1768913375.0479722,0.3288345425127175,-8.728159991235213,8.73435223636811
1768913375.0678916,0.32990284393552394,-8.803992661929955,8.810171546442966
1768913375.0879092,0.3307958363739908,-8.86983669144739,8.876002975343617
1768913375.1080065,0.331924016936773,-8.951493879895478,8.957645685939227
1768913375.1278172,0.33284737352989524,-9.019953178245416,9.026092327901667
1768913375.1477845,0.334000911195082,-9.105595141228743,9.111718799691287
1768913375.1680927,0.3350336322402886,-9.18321636421984,9.189325890771704
1768913375.18781,0.3360930564338642,-9.2636260007854,9.269720881720785
1768913375.2083278,0.3371232802445503,-9.34207357707054,9.348154407447621
1768913375.227933,0.3382524942946098,-9.429936879236031,9.436001499378447
1768913375.2478552,0.33934160773364574,-9.515087504025173,9.521136640968622
1768913375.2682097,0.34031716827480607,-9.590210904381214,9.596247233451988
1768913375.2877905,0.34137001512247056,-9.673330980018358,9.67935254736636
1768913375.3080313,0.3424172495140798,-9.755978406200018,9.761985670702751
1768913375.3279839,0.34360449054826714,-9.853245529136593,9.859234833564681
1768913375.3478174,0.34476446464194443,-9.948989769862468,9.954961575862958
1768913375.367928,0.3458582933190729,-10.03870990797464,10.044665976304328
1768913375.3877878,0.3470760252674735,-10.142575318709737,10.148512002407811
1768913375.4078526,0.34826695580885036,-10.244683276226404,10.250601216645848
1768913375.4278865,0.34941800710190085,-10.343618920924518,10.349519086653
1768913375.4477382,0.35044860774314635,-10.429332508214232,10.435218770757194
1768913375.4677515,0.3516100826849132,-10.531065171558513,10.536933296640841
1768913375.4879675,0.3526485139116926,-10.618655050007119,10.62450921433107
1768913375.5078447,0.35356018689178215,-10.690923787900738,10.696768495412847
1768913375.5281925,0.3547040542436516,-10.786029763464073,10.791860498747644
1768913375.5477974,0.3559029461936484,-10.902091661453415,10.907899408311456
1768913375.5680354,0.35699970845262785,-10.993088811208132,10.998884052618461
1768913375.587811,0.4068448916501206,-2.0964202207850917,2.135532839358461
1768913375.6087048,0.5376616368827583,-2.1896844690722084,2.2547279458665264
1768913375.6277392,0.5418840121593544,-2.22341953517223,2.2885001009437196
1768913375.647874,0.48875043775799865,-2.0621151934048925,2.1192442193574417
1768913375.6677735,0.49197664458454415,-2.120405145247574,2.17673126471989
1768913375.6878402,0.2772264276816697,-1.8801807287840084,1.900508896347477
1768913375.7078493,0.27548908682379625,-1.9584307106537953,1.977712083542733
1768913375.7277575,0.11202470627503713,-1.7102882159691486,1.7139531255255909
1768913375.7477245,0.10624212587762882,-1.7338599987110257,1.7371119377982513
1768913375.7677057,-0.3598960324795486,-1.2203818216991138,1.2723430924590144
1768913375.7876868,-0.37610226529620594,-1.2256414659780308,1.2820491086872274
1768913375.807896,-0.35200839123529004,-1.1974220579197983,1.2480903381938913
1768913375.8277712,-0.3670858050872795,-1.2450436764181543,1.298031488248806
1768913375.8478224,-0.3106578399964265,-1.303064033889223,1.3395835808066996
1768913375.867755,-0.324089047392619,-1.3739073210467403,1.4116143373689876
1768913375.8879662,-0.3379759727562197,-1.3750600229395396,1.41598652000893
1768913375.9077785,-0.4927828965106501,-1.1966843704007708,1.2941748202831467
1768913375.9280176,-0.4691964817594383,-1.2150457905996994,1.3024905419040413
1768913375.9480553,-0.5122950164490049,-1.0909074039817117,1.205207512398012
1768913375.9677505,-0.5285870698883612,-1.1165368160518732,1.235337505320881
1768913375.9880207,-0.6791294612612372,-0.9446286150570291,1.1634173995336063
1768913376.0077422,-0.6984482762154793,-0.9580737782850779,1.185637111086617
1768913376.0284154,-0.7476672906422561,-0.8227388993937517,1.1117129458956452
1768913376.047925,-0.7670874295331068,-0.8259340816557064,1.127204609548845
1768913376.0679755,-0.7871918967014871,-0.8069760503244119,1.1273337695774364
1768913376.0878224,-0.6479907702815586,-0.9228178740482065,1.127601377718624
1768913376.1077816,-0.6647532430061598,-0.9284492619982192,1.1418909344557582
1768913376.127823,-0.6617714419481676,-0.9627500254667076,1.168258983665139
1768913376.1478443,-0.7391958754596666,-0.8669832976324194,1.1393290045768902
1768913376.1678514,-0.7566738909314001,-0.9070185102886192,1.181201911285048
1768913376.1879654,-0.7742180324495148,-0.9719490561904323,1.2426176119786287
1768913376.2080395,-0.6897019353206749,-0.9429916173458395,1.1682987417478488
1768913376.2277827,-0.6553999847376734,-0.926520197383411,1.1348959494832718
1768913376.248603,-0.6703198325432261,-1.018975614787438,1.2196884772072811
1768913376.2678618,-0.6842797442993164,-1.0293915814017325,1.2360767760617046
1768913376.2879357,-0.7024689674574883,-0.9339878424812511,1.1686727258491028
1768913376.3077292,-0.6546269196308098,-0.8909868910399918,1.1056193033365658
1768913376.3283553,-0.6683056857189468,-0.909612512739681,1.1287282280942867
1768913376.3477974,-0.7042971150557572,-0.8395350035552447,1.0958345899223876
1768913376.3680482,-0.7261319834580678,-0.7386129727998174,1.0357686908711479
1768913376.3877811,-0.7401211714819632,-0.7437142902759089,1.049233193354286
1768913376.4078562,-0.7034904665463791,-0.794163839858447,1.0609406397439751
1768913376.428053,-0.7164478793357042,-0.8430773631430437,1.106380135418589
1768913376.4477181,-0.7291868400359667,-0.9228529363142535,1.1761679258275486
1768913376.4679067,-0.6886783909410361,-0.9792093830544939,1.1971336358197848
1768913376.48785,-0.6143486488450458,-0.9607697077009245,1.14039584950729
1768913376.5077472,-0.6244193875075015,-1.0452334587201495,1.2175436561878714
1768913376.5278475,-0.6011666662223712,-0.9234608642058078,1.1018989646499615
1768913376.5477295,-0.6106452207361996,-0.9777935680163061,1.1528086776486464
1768913376.567737,-0.5957346303046515,-0.8705045509917344,1.0548354957250636
1768913376.587818,-0.6048331039218914,-0.893134426559433,1.0786622212284236
1768913376.60774,-0.569032983186901,-0.9216126245519085,1.0831289700160556
1768913376.6277635,-0.577273833854172,-0.914321531817416,1.0813089025794804
1768913376.6477382,-0.5854587555912167,-0.9559131109259926,1.1209513058731075
1768913376.6678982,-0.639438168021179,-0.838941874136168,1.0548481591686016
1768913376.687887,-0.6484703825029364,-0.9626417216732559,1.1606864009238478
1768913376.7077868,-0.6234127998388853,-0.8265998301948265,1.035331250509263
1768913376.727983,-0.6318851302007344,-0.850354951531628,1.0594254864610142
1768913376.7477586,-0.6656663916113061,-0.8761382251818972,1.1003317384069686
1768913376.768419,-0.674901018342996,-0.9331878738921979,1.1516644444194037
1768913376.7879643,-0.5788743744172509,-0.9923861334895054,1.1488802284395072
1768913376.8078673,-0.5857419550430134,-1.1081257112956635,1.2534098411661414
1768913376.8277485,-0.6142623140600861,-0.9398759296928638,1.1228022772022137
1768913376.8482256,-0.6217758713190943,-0.9814476375967001,1.1618281712451126
1768913376.8678489,-0.5631697619517403,-0.9027016532592267,1.0639691986019713
1768913376.88786,-0.569205749255584,-0.9464685310492751,1.104444595827325
1768913376.9077659,-0.5858106587862499,-0.9813892612407304,1.1429343857047118
1768913376.929624,-0.5923372327435409,-0.9853521905747744,1.149687930164
1768913376.9477825,-0.531910645783336,-1.0706165992233299,1.1954701324709764
1768913376.9692118,-0.4832768480418549,-0.8837853415379797,1.0072899492056266
1768913376.9877996,-0.4869881106698941,-1.0109144074927503,1.1220986405883626
1768913377.0078838,-0.4909442202792257,-1.056441283711946,1.164943952882078
1768913377.027812,-0.5150020460337197,-0.9371856485551788,1.0693661895144753
1768913377.047768,-0.508800365357924,-0.9659913613457158,1.0917953663498057
1768913377.0677178,-0.5129178119083972,-0.9522866499837006,1.0816351258673496
1768913377.0880225,-0.4449862972634131,-1.0114625997041822,1.1050200882122212
1768913377.1077428,-0.4477245227128194,-1.080364447421057,1.1694633758651136
1768913377.1279595,-0.48372614405477066,-1.002512526668542,1.1131138075549332
1768913377.148018,-0.48716810376598385,-1.1122204930504989,1.2142352270002874
1768913377.167788,-0.44908783519548934,-1.0607969102987163,1.1519418251890474
1768913377.1878285,-0.4517422980037361,-1.2148474270415877,1.296119352064177
1768913377.2077434,-0.4093879348477203,-1.1681454231951953,1.23780540107513
1768913377.2277856,-0.41118933955091086,-1.3261858487874925,1.38846878916471
1768913377.2478538,-0.43726738666574316,-1.2145975428360032,1.2909105152971467
1768913377.2677393,-0.4394704873961168,-1.2652871674766448,1.3394349276740738
1768913377.2877386,-0.39055936015528514,-1.1458042457258122,1.2105387161624377
1768913377.3079174,-0.39178955460050024,-1.1955654520258117,1.2581239228199033
1768913377.3280218,-0.5544967593161223,-1.2786222293000806,1.3936791098930879
1768913377.347782,-0.4336818509506638,-1.2176131402614097,1.2925407951709862
1768913377.3677826,-0.435582657755494,-1.2700023664901048,1.3426236489157364
1768913377.3878438,-0.4374975999416232,-1.3464789352243471,1.4157717587794907
1768913377.4080079,-0.4394382949947445,-1.446972674117812,1.5122287970910817
1768913377.4278367,-0.5220523567379566,-1.461907350491975,1.5523246324780526
1768913377.4478893,-0.525569296450847,-1.6358338888068396,1.718189627817822
1768913377.4677315,-0.5002069947437396,-1.3736887922204026,1.4619261046518433
1768913377.48778,-0.5031017482158486,-1.45221987667873,1.5368975044805782
1768913377.5077865,-0.407495396591779,-1.485224149813443,1.5401114483804592
1768913377.5279174,-0.4085373461075411,-1.6130826671069074,1.6640127565873186
1768913377.5478582,-0.3790687957996959,-1.4873091011081332,1.5348555352827558
1768913377.5685112,-0.37949514794897465,-1.5611388633841945,1.606602352197117
1768913377.5879521,-0.37253212540962666,-1.3943067787876515,1.443215707313155
1768913377.6090026,-0.3727682849675569,-1.3901705978690329,1.4392812391805843
1768913377.6278386,-0.27054527993765054,-1.2247656408641552,1.254290884738435
1768913377.6481814,-0.33692483530494155,-1.208962178878454,1.2550330253040358
1768913377.667919,-0.3365350592577585,-1.3292848369159271,1.371223549886825
1768913377.6878173,-0.2373984226145588,-1.2352125046805043,1.2578187241327605
1768913377.7078083,-0.23509032162544552,-1.3508613954327684,1.3711651866177619
1768913377.727968,-0.23075297182579702,-1.2311861122292695,1.2526237172242352
1768913377.7478063,-0.2284208945010603,-1.3419783509577499,1.3612795449443682
1768913377.7683666,-0.22600820905711283,-1.425412725071753,1.4432190226565351
1768913377.7877693,-0.3024000820637801,-1.2714688634162856,1.3069349181459964
1768913377.807841,-0.16133461146621397,-1.063355899391635,1.0755252789348781
1768913377.8277717,-0.15776938247853056,-1.0444869746593053,1.0563352774004118
1768913377.84775,-0.033837962311348835,-0.9514635056732217,0.9520650242086204
1768913377.8679063,-0.06859290652276062,-0.8271465829017024,0.8299858170060517
1768913377.8878238,-0.0635009121814536,-0.8285364097609966,0.8309662737725996
1768913377.9078379,0.062043197860873534,-0.685573589968566,0.6883752651448125
1768913377.9282649,0.06963439641295144,-0.6817930794448364,0.6853398808931733
1768913377.9477587,0.0768192747031593,-0.7334190265076626,0.7374311285871833
1768913377.9678912,0.11203735047567365,-0.8724975551381111,0.8796614983182964
1768913377.9879262,0.19660784416966404,-0.7788476097341168,0.8032796795497755
1768913378.0081122,0.20599214046009295,-0.8724838650555757,0.8964713362476497
1768913378.0277817,0.20387524365211562,-0.6882560197179576,0.7178171519629599
1768913378.047905,0.21306324936941812,-0.777676722028755,0.8063355580756962
1768913378.06786,0.1963698388663372,-0.6932170228967267,0.7204935492078969
1768913378.0879028,0.20511696881242358,-0.6826392129456251,0.7127897768247096
1768913378.1077325,0.3379346287127385,-0.7074107855929783,0.7839833115931047
1768913378.1283588,0.34938016218858536,-0.7172654514218169,0.7978322038713811
1768913378.1477687,0.3602192445176259,-0.6159076562099424,0.7135125402534097
1768913378.1677916,0.3713514614116823,-0.5822898430293266,0.6906253464706533
1768913378.18777,0.21664838631638117,-1.1658422402286817,1.1858012701945142
1768913378.2077901,0.22464975838575085,-1.2166553412224361,1.2372217801460894
1768913378.2277539,0.3150020668848901,-1.8457244690500239,1.8724115780970125
1768913378.2478383,0.3246216081129937,-1.838271822383192,1.8667143545336249
1768913378.2678761,0.36446096847856235,-2.043525042417842,2.0757712775094403
1768913378.2878368,0.3745895349888202,-2.209792257478121,2.241316385728126
1768913378.3079457,0.3331111275390334,-2.1235616264471067,2.149529484470731
1768913378.3277576,0.34221865859835143,-2.38482125160742,2.409250093371636
1768913378.3477962,0.3484746317631202,-2.041940231009691,2.0714619175834135
1768913378.3679879,0.35765811578072026,-2.076911193862527,2.1074817757160513
1768913378.3877792,0.3595166868868961,-1.9042244669054202,1.9378655960905447
1768913378.4084084,0.3687708837857758,-1.9311722241603917,1.9660666631873742
1768913378.4277387,0.5444368014696301,-1.7257972332895974,1.8096374004823481
1768913378.4479308,0.5567036153654321,-1.7530341295120353,1.8393062753644271
1768913378.4677227,0.8245427757994884,-1.236728454180538,1.4863943146093195
1768913378.4880657,0.5953211109030005,-1.7492616183240441,1.8477887959473174
1768913378.507914,0.6077268086413288,-1.7534697194465343,1.8557984618371903
1768913378.5278025,0.6199983068412356,-1.8073603793531605,1.9107457814533046
1768913378.5477889,0.343733250385056,-1.5931232145719303,1.629783459306259
1768913378.5676782,0.5544302581773475,-1.5198651329965758,1.6178327891600228
1768913378.587728,0.5653040126314143,-1.6606063472865298,1.7541898606893978
1768913378.6078346,0.7364508652555763,-1.7848602728678538,1.9308252304643205
1768913378.6277547,0.7503129214523678,-1.8311125712935672,1.9788741063664779
1768913378.6478274,0.6888594814992877,-1.747961248890534,1.8788017226079028
1768913378.6677523,0.7013117618937907,-1.743235144225026,1.8790175505917501
1768913378.6878955,0.7541658648999781,-1.137036852264445,1.3644115783691404
1768913378.7078857,0.9801080558908148,-0.8945852267920955,1.3269870116985838
1768913378.7277718,0.9974134435720313,-0.8498147008814723,1.310350565021622
1768913378.7477293,0.9517986950092698,-1.09013348254551,1.4471737164515361
1768913378.7677748,0.9679744729866991,-1.0505724102724958,1.4285226528059116
1768913378.7881331,1.019341731255118,-0.7213819031875168,1.248779169959455
1768913378.8078272,1.0359432906445518,-0.7265427121767907,1.2653232053703392
1768913378.8278108,0.9044155033312984,-1.0004823997093428,1.3486780322946508
1768913378.8478978,0.9184707605226802,-1.0579734219694226,1.401034010839423
1768913378.8689678,0.9331286989742751,-1.1086435667745942,1.4490754731897568
1768913378.887975,0.9626374155065804,-0.8990174184207271,1.3171572086721681
1768913378.9079874,0.9770480272814438,-0.9507897568717452,1.3633136137319224
1768913378.9277925,1.0268878311761371,-0.8650808732679369,1.342707538934539
1768913378.9479413,0.9105519095998721,-0.7004208480290375,1.148779415044372
1768913378.9679635,0.9229450078700164,-0.6756109371637704,1.1437996441542955
1768913378.9878035,0.8505425354946304,-0.48247751933143945,0.9778584567031439
1768913379.008835,0.8618238504007169,-0.46890087918804824,0.9811260793714749
1768913379.0278044,0.8427226184514488,-0.33576967142772496,0.9071508606071808
1768913379.0480294,1.0195849623600202,-0.012978806892379069,1.0196675658757777
1768913379.0681887,1.033154217055273,0.05299313633361713,1.0345124014324658
1768913379.087768,1.0463287845332163,0.01672129615734974,1.046462386848156
1768913379.1077583,0.9485838346759317,-0.3408405705796831,1.0079601112948762
1768913379.1279964,1.1181986645116693,-0.0012614411125166924,1.1181993760279787
1768913379.1478398,1.1325697145470153,-0.03579405532594926,1.1331351961287695
1768913379.1679208,0.984624178646651,0.03782784037040443,0.9853505562401031
1768913379.18813,0.9958330599702149,-0.018771579221775525,0.996009967578699
1768913379.2079117,1.0058522199922546,0.26271955402284597,1.0395961968616998
1768913379.2282858,1.0174537473625267,0.16858533434406908,1.0313259150132659
1768913379.247844,1.1061129042363456,0.49449893715879156,1.211616670308451
1768913379.2677243,1.1188471795215584,0.49536556904930684,1.2236037177627772
1768913379.2886565,0.8395210308009229,0.6567969869655936,1.0659164335181845
1768913379.3081555,0.8465416248228673,0.6532907652367168,1.0693089106994833
1768913379.3279376,1.6828979150826027,-0.7965610456610595,1.8618955105091186
1768913379.3484151,1.7062001221770446,-0.8209015371311708,1.8934091450558912
1768913379.367902,1.621728589417223,-0.8063916497949357,1.8111518739719688
1768913379.3878129,1.842684906553873,-0.3074972646497809,1.8681654724912762
1768913379.4077709,1.8676417767135267,-0.31870022713874846,1.8946386570805391
1768913379.4277732,1.643974933512878,-0.2705624281431813,1.666090516611089
1768913379.447715,1.6642054183790742,-0.3053064468140221,1.6919786349208055
1768913379.4677854,1.6383031806534722,-0.33250994507572074,1.6717057681642251
1768913379.4877846,1.6576819315058076,-0.3199202471311704,1.6882708167131524
1768913379.5078917,1.6010939714733237,-0.17906798574430383,1.6110764255635865
1768913379.527839,1.618909212476509,-0.11859627832923181,1.623247398111223
1768913379.5478232,1.7512762987083579,0.12423332226228112,1.7556772461867725
1768913379.5678577,1.7713068192469554,0.18792454954360238,1.7812477324145377
1768913379.587845,1.9227465774239247,0.7635371397968154,2.068802398694597
1768913379.6078851,1.9452989507877887,0.8361276256812609,2.117379846499785
1768913379.6278787,1.957460384487199,0.48271987318824117,2.0161025848918612
1768913379.6478286,1.979824005206794,0.4767955141468132,2.0364275223792268
1768913379.6681511,2.002501368283296,0.5698791512053951,2.082012002115995
1768913379.6878126,1.9458697593920369,0.673264656131078,2.059051824921297
1768913379.7079809,1.810040544389396,0.3826111180949816,1.8500373077382395
1768913379.7279866,1.827684833659701,0.35012205645177197,1.8609184038005822
1768913379.7477195,1.8038126021602467,0.5156827926784491,1.8760779958138107
1768913379.7677655,1.8516359169921988,0.7942762247430828,2.0148027919098346
1768913379.7877104,1.8692708720830398,0.7976347124535597,2.0323372573785483
1768913379.808065,1.8858505090398736,0.905141722759776,2.0918206617027395
1768913379.8277688,1.9034214596586032,0.9559479259615422,2.129988190164223
1768913379.8478894,1.9210762531057226,1.0559151215935607,2.192142950233097
1768913379.8677993,1.9569963050030634,0.9997767386758589,2.1975868731390302
1768913379.8880203,1.844999236472917,0.8437402859830776,2.028772991927991
1768913379.908032,1.8606722586021665,0.8196835289099766,2.0332196982859476
1768913379.9278119,1.8497968439205463,0.7756882671811951,2.005851602592021
1768913379.9479055,1.8648557266554593,0.7042250488856432,1.9933940405041968
1768913379.9677656,1.8751658381043452,0.6742381564503326,1.9926976720032354
1768913379.9877179,1.8900608466313331,0.5823505325777063,1.9777416784712532
1768913380.0077345,1.9296251489219447,1.0980697976126024,2.220182536590408
1768913380.0277104,1.9450257068673094,0.9721049850281922,2.1744224755762938
1768913380.0484388,1.9608031431839186,1.0811654629757577,2.239122087928999
1768913380.067925,1.9845700798903216,0.9186203278094887,2.1868657271676946
1768913380.0877793,1.959770315674254,1.043100152279976,2.220080543107496
1768913380.1081583,1.9782345349550028,1.0990606503478233,2.2630391486741046
1768913380.1278734,1.99286026953469,1.1332661511913145,2.2925497210149777
1768913380.1479056,2.014416528020674,1.13756447356565,2.3134231951550848
1768913380.1678479,2.029321994319199,1.067405407993384,2.2929243471255596
1768913380.1877685,2.10340207621732,1.2010812013928458,2.422167695799491
1768913380.2080343,2.119536206308035,1.2453400187325627,2.458313546337708
1768913380.2277558,2.1186278701915575,1.4622761180959714,2.574264069186811
1768913380.2479584,2.134486760909439,1.4292897034991654,2.5688329624610473
1768913380.267967,2.0591888341336864,1.2285060795211535,2.397808549914126
1768913380.2884123,2.0735323769551743,1.1757521991286914,2.3836798761657003
1768913380.307726,2.1319217278432134,1.2848245667273908,2.489149336804889
1768913380.327906,2.14678506903721,1.353854962550951,2.5380325829793704
1768913380.3482924,2.2073806517859453,1.4744234297509955,2.6545157358881175
1768913380.367843,2.2226987874209394,1.5595498997728932,2.7152505942332756
1768913380.3878934,2.250543525795342,1.5400648205137841,2.7270397527141923
1768913380.4082913,2.266788645744674,1.5327196494615265,2.7363406747556924
1768913380.427758,2.2822834223237924,1.6172179756119718,2.7971792220836487
1768913380.4477756,2.3709644696711782,1.6789851250728702,2.905247591283589
1768913380.4678442,2.344082426724065,1.8736495341732216,3.0008807040907364
1768913380.48777,2.3605691969594944,1.813133045257949,2.976531265322163
1768913380.5078435,2.3976683079596848,1.8944059326020941,3.05574657857491
1768913380.5278187,2.4145092951550566,1.8383433406804102,3.0346929621650656
1768913380.547676,2.4687709267674376,2.0860290983587895,3.232080953202091
1768913380.5678506,2.5255615888651493,2.3002890630850956,3.4161075967978474
1768913380.5877507,2.543839369852079,2.3881944287127013,3.4892107085906705
1768913380.6078188,2.524910532246283,2.2541140526496726,3.3847013691315424
1768913380.6277432,2.542442650593248,2.3205806597551124,3.442253510418007
1768913380.6481981,2.560129751251349,2.480231712811271,3.5645215236377834
1768913380.6678698,2.456705111860766,1.9539189545138953,3.1389806127868156
1768913380.6877692,2.523375138989204,2.220597962610036,3.361320782611595
1768913380.707768,2.5396679567787093,2.3178609398077548,3.438370641303091
1768913380.7277653,2.5899135009061487,2.498696735980417,3.5987688617880327
1768913380.747804,2.6068821394402684,2.579762950012924,3.6675620468087593
1768913380.7677927,2.6727342426255887,2.691411142001389,3.793046567996839
1768913380.7878513,2.69064754768174,2.723638905891015,3.828549740506053
1768913380.8078957,2.708544617342276,2.757222624672938,3.865034352517729
1768913380.8281631,2.67468679816208,2.752933331010137,3.8383057972560093
1768913380.8477068,2.686146743343646,2.8698657615373904,3.9308413623574614
1768913380.867806,2.7030131797889845,2.893913760054307,3.959926400925226
1768913380.8877647,2.8012907693867493,3.044615037229132,4.137258838841626
1768913380.9083824,2.8201239485753486,3.12571934763546,4.209895548052334
1768913380.9281995,2.8314023467978924,3.333447891520205,4.373638541870271
1768913380.9483998,2.7461535871293,2.96584390758024,4.041978427482506
1768913380.967785,2.761865013599572,3.0476699015853654,4.112929634989482
1768913380.9877882,2.7780878631011103,3.120124833896771,4.177672935284552
1768913381.007858,2.771142897043801,3.0905306722277786,4.150977329716099
1768913381.027786,2.746718155964704,3.2415808281013057,4.248800641759988
1768913381.0477622,2.7616584078424786,3.3317281582532736,4.327489997920828
1768913381.0678415,2.798714252420764,3.417914974497048,4.417572211022053
1768913381.088052,2.814140951975844,3.4959282176081032,4.487861784887774
1768913381.1079316,2.8402024464760505,3.4404694413809302,4.461342837537209
1768913381.1277645,2.855574118834043,3.4872035569894955,4.507204476838721
1768913381.147945,2.754641888219868,3.519961097445748,4.469695522053711
1768913381.1683385,2.768165890232766,3.544655265740044,4.497479666300536
1768913381.1877835,2.7811768834128827,3.6642651253287255,4.60019388347171
1768913381.2077134,2.6707815165209965,3.3573919791157785,4.290122936516057
1768913381.2277536,2.6808425715808233,3.4013677535886586,4.330845124078306
1768913381.2479389,2.691823393517601,3.4642063515501924,4.387099135876611
1768913381.2677302,2.5538734483589964,3.397579438830981,4.250390056618347
1768913381.2878363,2.5618156905394414,3.37701970464828,4.23876889177469
1768913381.3078046,2.5000057994556775,3.3791785584153295,4.2034362998582395
1768913381.327762,2.5065384125094794,3.37317850939505,4.202507355095307
1768913381.347796,2.386964280231792,3.360096643734785,4.121631707265976
1768913381.3677847,2.3910363750364807,3.3564023388287794,4.1209818741221
1768913381.3876843,2.462732307015828,3.420031773499243,4.214459366011717
1768913381.4087799,2.468376231393912,3.4877371795071923,4.27284353247661
1768913381.4278562,2.4848325567503973,3.4682430250842025,4.26650940654441
1768913381.4477453,2.4905548657643775,3.580073949590364,4.361168768107715
1768913381.4680588,2.436662370311271,3.674934756402159,4.409361515083963
1768913381.488239,2.34695628754394,3.8556168104182653,4.513755066950571
1768913381.5077922,2.349587471857667,3.9304020884773756,4.579150779895528
1768913381.5278893,2.4119907578139808,3.989160705063046,4.661663066610366
1768913381.547839,2.4159737664245946,4.129480486915149,4.784301237575328
1768913381.5679688,2.419869341401116,4.234635594251245,4.877284720574826
1768913381.5878975,2.46486047675383,3.9792816575150454,4.680835361310928
1768913381.6081927,2.3452911204199203,4.253070082948248,4.8568503754995325
1768913381.6278193,2.34752580998911,4.355859043647335,4.948169907823427
1768913381.647916,2.4193216526847356,4.217221327939882,4.861900141712108
1768913381.6679983,2.4227526196567486,4.255564734176563,4.896893041799144
1768913381.6878746,2.2680204481489272,4.238787265747501,4.807414506518533
1768913381.707778,2.2683819020840446,4.276869337037791,4.841194871082603
1768913381.7280154,2.230519810927269,4.33110133885538,4.871720172010487
1768913381.7479234,2.2301103137612057,4.374051162197045,4.909757181476638
1768913381.7677746,2.2630810704761366,4.503807851139566,5.040418741685438
1768913381.7876832,2.2633723834929333,4.568535716531503,5.098467724677925
1768913381.808023,2.3483894448027285,4.547580393588003,5.118146189843241
1768913381.8278332,2.35027030050361,4.610767880395908,5.175224722881114
1768913381.8477542,2.154943256137801,4.689437954929776,5.160872869031919
1768913381.867908,2.1530689024672705,4.765353294911453,5.229177538016381
1768913381.8877804,2.3361929925309983,4.686995465063049,5.236957531608646
1768913381.9077623,2.3376971008330703,4.7148596492254775,5.262578193921486
1768913381.9278512,2.1401043664906614,4.886522144751158,5.334617640526437
1768913381.9479449,2.13785247295785,4.939451262571275,5.382247854888231
1768913381.9678304,2.135772482214568,5.027290941872316,5.462158759136942
1768913381.987856,2.203790500752583,5.387303624840978,5.820629941632784
1768913382.0078814,2.202872117228545,5.440821590674702,5.869853928882299
1768913382.0277796,2.2067638003922307,5.56029939868813,5.982201590867124
1768913382.0478952,2.2060475411806117,5.651151925535867,6.066478701803606
1768913382.067836,2.2054492981390554,5.765941226186605,6.173336604341314
1768913382.0879128,2.0301053999628493,5.99380409749271,6.328271129943685
1768913382.1079552,2.196630504486028,6.084732286477692,6.469092097917805
1768913382.127722,2.19582830375192,6.158331704749912,6.538096919233149
1768913382.1477263,1.9177067971722852,5.455108891269912,5.782370826532387
1768913382.1678524,1.911778519765183,5.561712710695339,5.88111769861356
1768913382.1877866,1.9931311874350186,5.609701869435174,5.953261878522615
1768913382.2078195,1.9889259000163357,5.7230512213495075,6.058806938494235
1768913382.2278304,1.989037531193988,5.643268190636647,5.983539602271359
1768913382.2483528,1.8751401361999824,5.683801388588993,5.985127296500406
1768913382.2677715,1.8687558882174236,5.752164832258764,6.048111178477276
1768913382.2877705,1.7616609300161539,5.5688414830100434,5.840842806927685
1768913382.3077347,1.7531942094643544,5.6333066063972765,5.899816374920371
1768913382.32789,1.7448624601309661,5.7238888651651685,5.983932548544986
1768913382.347925,1.6396657173496236,5.263348645256968,5.512834355046415
1768913382.367793,1.6099992884204157,5.163864758899781,5.409029206513987
1768913382.3876889,1.5994438103427635,5.232257894369194,5.471265226218935
1768913382.4078765,1.5026561202457491,4.988959653013886,5.210344886388275
1768913382.42794,1.4904837734151446,5.06395569557667,5.278748825770861
1768913382.447782,1.6879598084077965,5.812983672417886,6.053097346862763
1768913382.4677298,1.6799536119398608,5.911269716362629,6.145352211049884
1768913382.487752,1.5378221303549373,5.81094292588336,6.010986158067848
1768913382.5078096,1.5270756922035749,5.883744429657231,6.078684782355598
1768913382.527783,1.5678625600323954,5.878966162444296,6.084442139285767
1768913382.5477667,1.5580946980144685,5.948812394611153,6.149473798160301
1768913382.5677898,1.5496930767301067,5.974560350749542,6.172270248199904
1768913382.587726,1.539974650326168,6.04256959293166,6.235717216894098
1768913382.6077309,1.4944331131975312,6.272543800668366,6.448111045967215
1768913382.6277523,1.5733467106633263,6.557969260799986,6.744062625565737
1768913382.6477778,1.564844654396861,6.660568259630246,6.8419228535250465
1768913382.6679685,1.426557111315986,5.722848824611404,5.897971164833068
1768913382.6879876,1.415526153970391,5.8064758258463485,5.976527069185937
1768913382.707739,1.4047043369661978,5.892606772460383,6.057723074649221
1768913382.7278144,1.3328679177949254,5.947256064469016,6.094783965215705
1768913382.7478106,1.4254520034080675,6.013294425928802,6.179937157198807
1768913382.767885,1.4153640864712238,6.104158773709749,6.26610004962658
1768913382.787734,1.3558671716829878,6.044280682879716,6.194489870899824
1768913382.8077917,1.3447185843528056,6.1092384918653195,6.255482636982749
1768913382.8277414,1.424513820467464,6.0037387694320685,6.1704229057889135
1768913382.847846,1.4152335054623586,6.086049482055415,6.248430536783638
1768913382.8678231,1.405939061348222,6.167028297174809,6.325259098438541
1768913382.888066,1.3966555995717287,6.257422880544198,6.411395165622933
1768913382.907732,1.3874067189697086,6.329573133786923,6.479845172517589
1768913382.927789,1.3781479752865362,6.415202562686787,6.561563515054129
1768913382.948005,1.3688250500311328,6.498980807900878,6.641568606816969
1768913382.9679914,1.359586556306633,6.580316136426376,6.7193032421079995
1768913382.9878614,1.350398956964828,6.667004236854503,6.802390964742293
1768913383.0080202,1.341170891435861,6.75399121313464,6.88586499048121
1768913383.02784,1.331973516977702,6.842935347100742,6.971364114327317
1768913383.0478616,1.32276137037547,6.931499300857823,7.056584173716777
1768913383.0677297,1.3135757023603793,7.021479821749551,7.143294758937761
1768913383.0878239,1.30436833066421,7.11605369688526,7.234611044071001
1768913383.1092246,1.2950960812029377,7.209524195798647,7.3249240944431175
1768913383.1279285,1.2859961597942167,7.3036637072951756,7.416015754585894
1768913383.1478138,1.2768052126542666,7.3985499866948,7.5079140549611205
1768913383.1679926,1.2676226965516575,7.493749092075632,7.600206757437409
1768913383.1879332,1.2584542371362626,7.590216930146077,7.693835201877043
1768913383.208003,1.2492956684413867,7.686820437504053,7.787679250304061
1768913383.2278333,0.902582828183031,5.969606575478526,6.037454631525386
1768913383.2478335,1.1075138810150755,5.92174262344437,6.024418867821102
1768913383.2682948,1.096923035249044,5.987788952068524,6.087434326526558
1768913383.2877843,1.083743373749667,5.922020848455624,6.020367981252424
1768913383.3077524,1.0733356311446833,5.983824138218374,6.079325677590371
1768913383.3280447,1.1471497207609387,5.815928220418467,5.927982249206033
1768913383.3478265,1.1383686977184109,5.873531675970309,5.98283023664985
1768913383.3678253,1.130238068952508,5.8099668549699715,5.918881055432619
1768913383.3877764,1.1214061938626,5.865197128106793,5.9714394582199
1768913383.407931,1.1176143133392218,5.807442225627192,5.914004308197485
1768913383.4277546,1.1089975006439672,5.860218488313951,5.964229722873794
1768913383.447721,1.097351176916443,5.803889807188121,5.906717912636599
1768913383.468337,1.0884320089840158,5.856320099113535,5.956607200534727
1768913383.4882607,1.0482528739285597,5.799478626655684,5.893452844363446
1768913383.5077174,1.034962680454264,5.7955442190101,5.887230294835974
1768913383.527742,1.02560099798442,5.843536832982494,5.932855983882444
1768913383.547802,1.0161829866820073,5.891483689035667,5.978478729626398
1768913383.5679383,0.9821258077208616,5.780941314983853,5.863774687816593
1768913383.5879233,1.0548817066593184,5.746857046321185,5.842870983163665
1768913383.6078408,1.046669933679574,5.7897726430661365,5.883620076829047
1768913383.627816,1.0389820026003602,5.738599453229288,5.831895685480917
1768913383.6478271,1.0307362050010398,5.78006671518963,5.87125100437232
1768913383.6677182,1.0161020341203122,5.73241804628686,5.8217763613126445
1768913383.688245,1.0074706300754617,5.77331220162014,5.860557213084831
1768913383.7077258,1.0233358879133003,5.812702695283143,5.902095302792324
1768913383.7280269,1.0153465304484963,5.85299878054218,5.940414404898201
1768913383.7479298,1.0013473205146863,5.811581278380647,5.897217429561707
1768913383.7677531,0.9934311727303151,5.849727277003698,5.933482511162683
1768913383.7878127,0.9553926096272871,5.802877209402361,5.880999825364031
1768913383.8077595,0.9468639442996114,5.839499604235183,5.915767655755039
1768913383.8278942,1.0301945443597287,5.767942291345239,5.859220005727513
1768913383.8478575,1.0234432598966499,5.802334267699017,5.891902838671236
1768913383.8680632,0.9862323086784539,5.757952914833751,5.84180416790256
1768913383.8878276,0.978981285951139,5.790667378379233,5.872838584983241
1768913383.9078918,0.9513696358130838,5.751149582850104,5.829307481018997
1768913383.927815,0.9436974971271599,5.782545351493084,5.859043924409369
1768913383.9478843,0.9120818899255291,5.743789369688162,5.815755298950675
1768913383.9682865,0.9038206907754,5.774175162512471,5.8444837794667235
1768913383.987858,0.8894964273017073,5.738780660232916,5.807306377353088
1768913384.00797,0.8811507649277259,5.767776196229615,5.8346952722764955
1768913384.027827,0.9641202320857454,5.705396905269414,5.786283925679319
1768913384.0479085,0.9576226766600036,5.7324332023876075,5.811869889346225
1768913384.0679479,0.9201879489101901,5.696011822956969,5.769861051063978
1768913384.0878003,0.8957785924135497,5.691121546718001,5.76118770273494
1768913384.10781,0.8882708891214417,5.7164896437507196,5.785091098640524
1768913384.1278172,0.8604724866361031,5.688334560817374,5.753048146508693
1768913384.1478086,0.8526842859240203,5.712581686594184,5.775868767334748
1768913384.1686485,0.8986781060491974,5.6724272004206355,5.743174442968284
1768913384.1878984,0.8920907418468892,5.694677793707623,5.764128821065301
1768913384.2078843,0.8674208056727216,5.6718540704604266,5.737799878935516
1768913384.2278495,0.8602145633508844,5.694000620699168,5.758611999737737
1768913384.2480288,0.8528980607657765,5.716361437587313,5.779638672719369
1768913384.26776,0.8157054189855047,5.666424369081817,5.724835409082656
1768913384.2877634,0.8144517749031852,5.665753573326377,5.723992946126293
1768913384.3079138,0.8067424098563202,5.686221332119597,5.74316518600264
1768913384.3280747,0.7572400764626251,5.660589859284666,5.711014803731254
1768913384.3480585,0.8294323246994708,5.6342188350297135,5.694943359003665
1768913384.36797,0.822655032157295,5.652746442536181,5.712294079049079
1768913384.3880734,0.7647963014833592,5.629249532431572,5.68096503079747
1768913384.4079232,0.7569917480901828,5.6468746412915,5.697387973548724
1768913384.4278216,0.7278300611790185,5.628588140649967,5.675450735846565
1768913384.447881,0.7196173037624084,5.645591028219396,5.6912693770182425
1768913384.4679196,0.7114377467284081,5.662579683226149,5.707096664360569
1768913384.488435,0.7573611660264141,5.602786492037843,5.653743221191303
1768913384.507868,0.70757572595083,5.60250884158711,5.647014142714411
1768913384.5278866,0.6994805345440712,5.617830930801418,5.661209887053754
1768913384.5477297,0.69072850927012,5.603210584466531,5.645624387735717
1768913384.567753,0.6825701838828053,5.618009903980848,5.659323045837965
1768913384.5877507,0.6389362824934578,5.607151582935849,5.643437644477571
1768913384.6077743,0.6301648389661662,5.621375533703539,5.656586480837184
1768913384.6278315,0.6900269737956335,5.592615203322353,5.63502280714088
1768913384.6478722,0.6825963431283146,5.605987484644398,5.6473917382843
1768913384.6677604,0.6638480508152266,5.596638682922411,5.635872495164761
1768913384.6878273,0.6561632325682015,5.609616290654049,5.647861995139899
1768913384.7077572,0.6226412065798811,5.604515573607639,5.63899608857302
1768913384.7280052,0.6144973508794646,5.61711657413305,5.650628779316341
1768913384.747823,0.6063008828389594,5.629742281385099,5.662296258175335
1768913384.7677817,0.5981050578525524,5.642378981881645,5.673990679883829
1768913384.7878573,0.5974447361462212,5.608490107829475,5.640221760034787
1768913384.807964,0.5894879304087348,5.620152997256966,5.65098360753896
1768913384.8277588,0.6133105526689625,5.608622187158282,5.6420557133281894
1768913384.8478186,0.606043719209679,5.6197529936344,5.652336923703
1768913384.867963,0.5813803853700433,5.616673713879123,5.646682810347481
1768913384.88792,0.5735819092010899,5.627749866250827,5.656904167797875
1768913384.9077687,0.5663547786741046,5.620162388925252,5.648626648417913
1768913384.9279191,0.5058601619319041,5.551656251556569,5.574655293278402
1768913384.947735,0.49714558869489556,5.563870725043429,5.586037162546817
1768913384.9679234,0.5820488243427976,5.53422114219504,5.564744781626325
1768913384.987836,0.5751158738055538,5.548038642914221,5.577767568801392
1768913385.0080884,0.5681200277186409,5.56523359405314,5.594156354828908
1768913385.0278783,0.5174117949043205,5.5650418185804575,5.5890433356752025
1768913385.0478218,0.5028345487671116,5.581148644366088,5.603754346323833
1768913385.0678048,0.49489738875415845,5.597893571560771,5.619727383416129
1768913385.0877926,0.47247791291742436,5.60154233578378,5.621433261880177
1768913385.107746,0.46425325877280266,5.621199192969623,5.6403378848543735
1768913385.127932,0.45143174947270714,5.617344285715166,5.635454502406068
1768913385.1478398,0.443187703088156,5.643775320635523,5.661149636777247
1768913385.1679397,0.5322392721647767,5.627008146998431,5.652123435419755
1768913385.1877427,0.5259480052267563,5.658032295667315,5.68242472567973
1768913385.2084482,0.5162826463373297,5.669203072625859,5.692662931316025
1768913385.2287302,0.5098715987271892,5.703955376057873,5.7266985235166805
1768913385.2480297,0.50417107575506,5.8143850572419105,5.836202709596885
1768913385.2680523,0.5739354517867125,5.824518916932778,5.852727784249443
1768913385.2877913,0.5689667070326944,5.856937414908394,5.884508390330109
1768913385.3078096,0.560340659122007,5.866346263393229,5.893046761760251
1768913385.3278363,0.5551805605278345,5.890327678148733,5.916433521197804
1768913385.347752,0.5291085059405329,5.910908299888348,5.934542336250335
1768913385.367946,0.5235378190453785,5.935820907727958,5.958864128052523
1768913385.3878791,0.5179691917314991,5.961198822468269,5.983659706616016
1768913385.4080932,0.5013701753907066,5.9644831096392075,5.985518425161073
1768913385.427916,0.48981690440165615,5.984701110008697,6.0047121476368
1768913385.4479125,0.4841105864058861,6.043149059039301,6.062508854396655
1768913385.4679127,0.4629534786573771,6.072558141978895,6.09017966164506
1768913385.487814,0.45690980182288254,6.113533793732266,6.1305841495006215
1768913385.5077899,0.4264799848127495,6.167508959481335,6.182236807396529
1768913385.5277038,0.42002687782046244,6.230111452603335,6.244254262115761
1768913385.547716,0.5151597484847499,6.280183230036766,6.301276931645989
1768913385.567745,0.5105258331412724,6.331942893500717,6.352490647994597
1768913385.5876815,0.5013050454518793,6.393384383935668,6.413007923692905
1768913385.607977,0.48078792955745164,6.467561460360248,6.485407333139941
1768913385.6278152,0.4756829375366596,6.496721721432873,6.514112939057875
1768913385.6480947,0.47411239964906027,6.527976013179433,6.545170234313775
1768913385.6678548,0.46911701221736846,6.568814940799584,6.585544814031986
1768913385.6880112,0.46404344266110664,6.604713956315678,6.620995601979196
1768913385.7079887,0.4500942630559117,6.627914117910819,6.643179238891376
1768913385.7277873,0.4428567843947486,6.657669548319607,6.672382329131526
1768913385.747837,0.43762739187248434,6.71842070547266,6.73265879945218
1768913385.7678027,0.4323372881375177,6.7560867046140345,6.769905692916012
1768913385.7879155,0.515122168973043,6.702705680013125,6.722470846485517
1768913385.8080876,0.49419508500416653,6.668758197165449,6.6870445395782765
1768913385.828179,0.49023852821275726,6.750189986244649,6.767968577419797
1768913385.8478017,0.44471793641217083,6.652800271578251,6.667647673391145
1768913385.867671,0.43997509778901855,6.749151622278205,6.763477338409214
1768913385.8878226,0.5174413816151541,6.658927050189046,6.679001051291068
1768913385.907729,0.5141906035830796,6.728826824087971,6.748444443379448
1768913385.927768,0.48734793091682926,6.673502747924353,6.691273939417127
1768913385.948073,0.4835970965182531,6.699930935373487,6.717361140398477
1768913385.9677727,0.46215762513227276,6.748445722351256,6.764252311821971
1768913385.98863,0.45794969204856006,6.759848199230554,6.775342470834071
1768913386.0078206,0.4387846142831937,6.833031830869604,6.847105661475429
1768913386.0280704,0.5171253409546481,6.8180056737235795,6.8375887551961165
1768913386.0479083,0.5142567188811578,6.901824547325319,6.920956729743133
1768913386.0683048,0.4974398675704249,6.893879308054341,6.911802828196727
1768913386.087761,0.4942945326395516,7.005575254255618,7.022991650859057
1768913386.1078825,0.4911958470156341,7.025430719918841,7.042581214335038
1768913386.1277723,0.598905767346311,7.096231857667096,7.12146015195831
1768913386.1478822,0.5978495238760115,7.143136331950068,7.168111376787044
1768913386.1678476,0.5956468612119724,7.225706750300802,7.250216081236079
1768913386.1879256,0.5958836941372752,7.285809983304258,7.3101371047166195
1768913386.2078955,0.5948689907079878,7.317201345802591,7.341342155976738
1768913386.2277434,0.5989504965512182,7.396254417370226,7.42046636700063
1768913386.247852,0.5979401202187778,7.476177856674468,7.5000511819584865
1768913386.2679918,0.42412284299814496,6.60410281603755,6.6177076235466865
1768913386.2877924,0.4198251885118175,6.6691233239652306,6.6823243784753545
1768913386.307772,0.4204312513244953,6.663982043244019,6.6772313955537745
1768913386.3279128,0.41616070450023124,6.730474915594254,6.743328727076384
1768913386.347801,0.5300589071465147,6.647038274285933,6.6681391905738945
1768913386.3679285,0.528030241888467,6.724384003353542,6.745083851287974
1768913386.38773,0.510480187137958,6.542595924929117,6.562480587274867
1768913386.407809,0.5082914599748731,6.554045502558974,6.573725934194162
1768913386.427833,0.4810024633180907,6.402793403538432,6.4208353613928875
1768913386.4478316,0.4783041440835183,6.422549780687298,6.440335436889443
1768913386.4677393,0.43683911971117106,6.218374556840168,6.233699587377241
1768913386.488505,0.43340230994392903,6.223327365294175,6.2384005207973035
1768913386.5077693,0.38967792092392306,6.068986804181165,6.081484170116757
1768913386.527908,0.38542140931242597,6.093529845387604,6.105706809156975
1768913386.547966,0.38099234773557444,6.188564299680859,6.200280901726753
1768913386.5677176,0.3201900340257404,5.780075882155668,5.788937628042561
1768913386.5877445,0.31469117697032134,5.883414511932024,5.891824577843039
1768913386.6078987,0.3093111575393245,5.928243105432646,5.936306908279593
1768913386.627772,0.35826188242307566,5.6428102483175735,5.654171829270416
1768913386.6478236,0.3559494840928962,5.565324337740137,5.576695707985929
1768913386.6678095,0.35172581571379213,5.580241082295618,5.591314835168854
1768913386.6878772,0.32678346626687615,5.484169297292649,5.493896642201484
1768913386.7077973,0.3222398990573333,5.4599519192900345,5.469452761794677
1768913386.727887,0.27592637677381093,5.257251319253456,5.264487325389978
1768913386.7476816,0.27054995590824005,5.255775091134996,5.262733993585181
1768913386.7677183,0.2662946282711658,5.3000203558611965,5.30670600293526
1768913386.788101,0.2609019992574533,5.299563446380343,5.3059817730017915
1768913386.8078382,0.21417235000558166,5.246300153186162,5.250669966092714
1768913386.8284624,0.20788185635123713,5.202165444333591,5.20631733343431
1768913386.8479009,0.30574868301436187,5.303222422377516,5.312028832599901
1768913386.8678317,0.30168357264776835,5.261574861824659,5.2702165993999435
1768913386.8879225,0.27339596441246095,5.193452681560302,5.200643816775276
1768913386.9078712,0.2688738340712844,5.1629902417093305,5.1699865932741025
1768913386.9278831,0.25377612307937425,5.231567198319052,5.237718746856598
1768913386.9479804,0.2490622981136077,5.171745143463415,5.177738874960676
1768913386.967738,0.28124040471601575,5.499692480853064,5.506878748365225
1768913386.987763,0.27721022118248917,5.518270072180908,5.525228510772702
1768913387.0079255,0.3430239430628468,5.428149486723502,5.438977135062345
1768913387.027734,0.34037120308567137,5.430607394974903,5.441263569635833
1768913387.0482576,0.3179818620349435,5.392411064350998,5.401778369344514
1768913387.0677407,0.31502611923412127,5.380437388092407,5.389651931524182
1768913387.0877893,0.29490407723901124,5.353695316501664,5.36181144359852
1768913387.1079948,0.28436883678025315,5.324671867996184,5.332259946510646
1768913387.1278465,0.2808580737321029,5.452519910725648,5.45974858710913
1768913387.1478748,0.3612007292228795,5.4103482112780945,5.4223918831149795
1768913387.16779,0.3593302788197478,5.542047401404339,5.553684150965849
1768913387.1878963,0.3283779910203396,5.441706638727037,5.451605565973429
1768913387.2078826,0.32596911454107136,5.542537915672064,5.552115129416636
1768913387.2278197,0.3943908837150548,5.474564435369576,5.488752128323062
1768913387.2478495,0.3933223684373851,5.492665309282888,5.506729944832312
1768913387.2676883,0.3566219165064636,5.410522267234079,5.422262479405487
1768913387.2879813,0.35485042545669754,5.41044334997461,5.422067508592205
1768913387.3076916,0.2932225578413511,5.170310132845373,5.178618188110662
1768913387.327788,0.2903183658374958,5.168250235509824,5.176397903020005
1768913387.347775,0.28225041352165636,5.320132080945349,5.327613973875832
1768913387.3678243,0.2792371068780408,5.303859987797189,5.311205525303424
1768913387.387848,0.35150961880646237,5.3148627271051865,5.326473957514994
1768913387.4078832,0.34998271604181797,5.387244808340103,5.398601163867859
1768913387.4277968,0.31881272527448024,5.328448982098131,5.337978091807753
1768913387.4477735,0.31673572025691776,5.4733506389978395,5.48250752246677
1768913387.4677615,0.294644936201363,5.51627576862731,5.524139208417355
1768913387.4883134,0.2921174148332598,5.518204429871762,5.5259309364038565
1768913387.5078359,0.37091270360190154,5.682097975582728,5.694191218936593
1768913387.5288398,0.3699615555313036,5.6300645134952525,5.642206835865704
1768913387.5477238,0.3704164118407628,5.716936472005532,5.728924065049915
1768913387.5688841,0.29537896205331826,4.9931042061567155,5.001833498304754
1768913387.5878065,0.29319650704608524,5.085410458913252,5.093855487483751
1768913387.6079626,0.2838176741200562,4.997457359778021,5.005510217244835
1768913387.6278265,0.2813548588193229,5.009612884583685,5.0175075296374105
1768913387.6497204,0.27877691826449424,4.941974006945909,4.9498306693750695
1768913387.6677177,0.24230463770256028,5.132244844792165,5.137961530057219
1768913387.6879754,0.23912259811741776,5.050188298966667,5.055846266645205
1768913387.7077963,0.23609319332946233,5.223694674377413,5.229027256293033
1768913387.7278912,0.2922480226344696,4.9812058103665855,4.989771561100126
1768913387.7478988,0.2643213294974751,5.125062138396583,5.131873701451885
1768913387.768056,0.26183777793348684,5.161078856372093,5.167716515410285
1768913387.7879632,0.33104716843654336,5.229249196967235,5.2397174915936375
1768913387.8079631,0.3299063328238032,5.165300224538317,5.1758250161740245
1768913387.827731,0.31980905725531583,5.313994103339294,5.323608847711045
1768913387.847916,0.31846871486890804,5.227897465801679,5.237588589731525
1768913387.8678346,0.38118819085127564,5.2522903490208,5.2661046654298005
1768913387.887824,0.3811111509118822,5.226890688845369,5.2407663545027265
1768913387.9077492,0.34599327759296805,5.183630448069607,5.195164672105577
1768913387.9278438,0.41628009404295896,5.102546206600781,5.1194986968640235
1768913387.9477937,0.4169489337209079,5.1608886943181815,5.17770398231419
1768913387.967816,0.39357743807921375,5.1057930933160875,5.120939983198325
1768913387.9881837,0.3938230263518474,5.227768536265188,5.24258146764065
1768913388.0081224,0.3939672389902862,5.160093044081524,5.17511066635064
1768913388.028034,0.3486183667287379,5.375774988596024,5.387067058579761
1768913388.0480144,0.32584921415094226,4.835736553637144,4.846702562211264
1768913388.067755,0.3248533179134929,5.024297521121799,5.034788501904529
1768913388.0881417,0.3236941247149774,4.946569623266978,4.957149273947942
1768913388.1078782,0.32114520887790476,4.936302695185592,4.946738172137452
1768913388.1278343,0.3622844030380328,4.975916249079315,4.98908734204325
1768913388.1477878,0.36207636592379444,5.170500373994173,5.183162491397937
1768913388.1677246,0.4164431959725887,5.048985222953707,5.066130349396545
1768913388.1877081,0.41722308252566154,5.131018233465632,5.14795330327976
1768913388.207975,0.3882332024615357,5.001356873902214,5.016402655252314
1768913388.2278333,0.38839110052925674,4.992519009962066,5.007603589722627
1768913388.2483747,0.41543738578331213,4.85365508607703,4.8714018430127375
1768913388.267818,0.4161793341808442,4.98671321666583,5.004049754295902
1768913388.2887292,0.4279707596089306,4.812353907094931,4.831346509847134
1768913388.3078105,0.42896278254231046,5.017715282319271,5.03601784381537
1768913388.3279157,0.4298297356752293,4.959187265670087,4.977779820126137
1768913388.3477585,0.42824589032623017,5.247350054311454,5.264796020271224
1768913388.3679082,0.4835681558327771,5.0226061957511305,5.045831067221053
1768913388.387853,0.48559793111700156,5.228202066629837,5.250704924123771
1768913388.4078012,0.4686317101464089,5.1202987153677135,5.141699584218336
1768913388.4279184,0.4703021579890103,5.299967532874751,5.320793171072862
1768913388.4478748,0.3425876773578478,4.768551746457229,4.780842193099217
1768913388.4677615,0.3416866168786319,4.821532113492774,4.833624071604665
1768913388.487788,0.3407420974294547,4.802359759732816,4.814432930144697
1768913388.508275,0.3398315939286275,4.876141232711332,4.887968784022629
1768913388.5277853,0.354473111293637,4.683059562206676,4.69645590310455
1768913388.54795,0.353881285604723,4.756747815134549,4.769893263070837
1768913388.5679567,0.3177521200312664,4.579666275361632,4.590676377558001
1768913388.587828,0.3165301892655711,4.699940257357827,4.710586989266758
1768913388.6083136,0.31522773035092955,4.744721428555273,4.755181379986865
1768913388.6277254,0.3216541603754831,4.716232436992152,4.727188360814893
1768913388.6479712,0.388293427721341,4.68252825172368,4.6986000696166945
1768913388.6677582,0.3884875228030664,4.773940029527392,4.789720864611804
1768913388.687888,0.4092815748564812,4.653903347747736,4.67186555646613
1768913388.7078257,0.4098081188113375,4.645733431650706,4.663773344857224
1768913388.7282925,0.34917929748107923,4.578165324212041,4.591462067534362
1768913388.7477655,0.3484842669490903,4.498109403377315,4.511588355453373
1768913388.7677522,0.39579545381172476,4.611099854166888,4.628055305023474
1768913388.7877762,0.30282058342724383,4.39306948969104,4.403494049842865
1768913388.8079495,0.3012964671916597,4.40569480346921,4.415985310489356
1768913388.8286996,0.3498048370885549,4.327941507361173,4.342054941521382
1768913388.8482156,0.349289792205534,4.369594253734888,4.383532513990508
1768913388.8678901,0.34884149842606194,4.506280626126912,4.5197627672733995
1768913388.8892505,0.3248650259643555,4.381257168448586,4.393284837246152
1768913388.9078007,0.3733592888471161,4.469138887491326,4.484707298615556
1768913388.9279168,0.37343691181528493,4.555188569823031,4.570470220201913
1768913388.9480643,0.3734980240914131,4.617909262811626,4.632988963246254
1768913388.967795,0.25945210629731386,4.324892910380687,4.332668240440668
1768913388.987925,0.31629314753599536,4.37297886461093,4.38440252548875
1768913389.0079172,0.3153286905211462,4.378660400729295,4.389999896125353
1768913389.0278678,0.22231565530421915,4.2580725022849215,4.2638721469233
1768913389.0478208,0.2195998231050258,4.26424962804067,4.269900346911243
1768913389.06774,0.28768755388508227,4.18640257015136,4.196275802188209
1768913389.0879989,0.28624839361231913,4.1178194555956935,4.127756680295975
1768913389.1078882,0.21304235496500945,3.911379708792184,3.9171773346837733
1768913389.128367,0.19201563655628417,3.8481134489013264,3.852901130355849
1768913389.147886,0.1889186909077688,3.75738712716522,3.762133476521163
1768913389.167884,0.19705212638435465,3.8950066680672677,3.8999880108535043
1768913389.1877148,0.19420677360345673,3.944378193216327,3.949156315218981
1768913389.207898,0.17521513821223,3.8283357243046456,3.832343246976438
1768913389.2278345,0.17202787448406143,3.8506094193063003,3.854450218857406
1768913389.2478964,0.16880526921894612,3.8249643095189585,3.8286873975306372
1768913389.2678442,0.17272833423711764,3.7590211725241574,3.762987543552758
1768913389.2878973,-0.03537541830999247,1.9436365014727537,1.9439584023527492
1768913389.3077083,-0.0423244248910557,1.9752890213709424,1.9757424110675295
1768913389.3277383,-0.0819923120945577,1.5635705570672833,1.5657188847843364
1768913389.34783,-0.08968827950393965,1.4677902326880332,1.4705278489898679
1768913389.367776,-0.07755442852718963,1.4454530862884791,1.4475321461180297
1768913389.387742,-0.08486196588837036,1.35128549835028,1.3539475807084274
1768913389.4078555,-0.18343462577548486,1.4105095529485698,1.422387240132787
1768913389.4280255,-0.19262698594907068,1.2681679926665579,1.2827140029405426
1768913389.4477937,-0.20888984168405544,1.1969219444645338,1.215013212726327
1768913389.4679608,-0.3803839542408832,0.9101844020435985,0.9864722998479953
1768913389.4889069,-0.393229914974491,0.8503723361004001,0.9368900021004052
1768913389.507773,-0.287367314256582,1.1095143280192703,1.1461247826406575
1768913389.527773,-0.2972364630766119,1.1846101077050415,1.2213314956469616
1768913389.547903,-0.38739643362844434,0.8555397012506276,0.939161422335932
1768913389.567816,-0.3987714470273377,0.8788414274657352,0.9650807850093628
1768913389.588218,-0.39320687733691373,0.8176854561268856,0.9073153550703744
1768913389.6080818,-0.404142761081158,0.865235580518247,0.9549680524127757
1768913389.6278267,-0.41521435479958335,0.7211311736313606,0.832125669604404
1768913389.6478457,-0.47740812281162137,0.6282422890485977,0.7890544274481563
1768913389.6677995,-0.37280937443211193,0.7175846855701238,0.8086498689972292
1768913389.6877854,-0.3827549275881209,0.5498703922569455,0.6699692402445017
1768913389.7079954,-0.3973404244026324,0.7434411471011186,0.842961536529094
1768913389.7280712,-0.4073537708926881,0.6520966220827074,0.7688739163166936
1768913389.747727,-0.4776077657656843,0.4860013565503185,0.6814003936661899
1768913389.7679636,-0.48874222296971104,0.44228013034754676,0.6591514804759356
1768913389.7877817,-0.6307571257638183,0.5678971058817313,0.8487412294514033
1768913389.8086276,-0.6447350132568114,0.47205863426001127,0.7990760861762087
1768913389.8278353,-0.4856090273508533,0.5816038217573678,0.7576800993344208
1768913389.8479204,-0.49584458224332206,0.5169036966202238,0.7162759812528318
1768913389.8677537,-0.5146885630014003,0.5218519180451224,0.7329623054781327
1768913389.8879516,-0.5163303326705488,0.23347162336874572,0.5666621668632176
1768913389.9078426,-0.5265403217156652,0.2343388727037663,0.5763327317205819
1768913389.9279578,-0.5417744970869942,0.174894968758611,0.5693047126020836
1768913389.9477694,-0.5521118040534225,0.1276767715294671,0.566682276203617
1768913389.9680583,-0.7125480650065261,0.08131200699827268,0.7171724948899195
1768913389.9877443,-0.7257345772601573,-0.011939387352559505,0.72583278074315
1768913390.0077927,-0.7389820967331804,-0.08245252802623981,0.7435677229883538
1768913390.0279338,-0.8644739268450529,0.04501873633742548,0.8656453412433549
1768913390.047897,-0.7239544421415393,0.3315883884914155,0.796279406790607
1768913390.0677085,-0.7361536156967102,0.3673588269981737,0.8227239231217321
1768913390.0878694,-0.6891814361680854,0.33995530158283316,0.7684664332506527
1768913390.107857,-0.7002899935078687,0.47148392815836826,0.8442174894651828
1768913390.1278243,-0.693161688419677,0.317993254110593,0.7626223416296308
1768913390.147727,-0.7038669379366119,0.4738768856016955,0.8485210480759006
1768913390.1678202,-0.6949777399104199,0.4520794995403694,0.829077760451736
1768913390.1877208,-0.7053912498032336,0.464623894227417,0.8446609842925255
1768913390.207906,-0.8166889156904885,0.4155821975263849,0.9163456487115357
1768913390.2278461,-0.829065198028413,0.38124477333022133,0.9125221530316421
1768913390.2477162,-0.7029478272504909,0.49695743351438026,0.8608730095440242
1768913390.2678583,-0.7329556217308498,0.3047533431006402,0.7937874674986203
1768913390.2876606,-0.7430491985360462,0.2493382019453949,0.7837675997350383
1768913390.3079991,-0.8286004063118919,0.3149247818967995,0.8864289320599701
1768913390.3279624,-0.8402528135260079,0.2373852644322325,0.8731417722271299
1768913390.347735,-0.7411342099148049,0.26866303368430744,0.7883271800302825
1768913390.3677526,-0.7505785162275879,0.31426645039320666,0.8137146372440115
1768913390.387895,-0.7600888788746578,0.26364004334352,0.8045130056395032
1768913390.4077613,-0.9082869286200994,0.5907613976855011,1.0835055023844873
1768913390.427949,-0.9205047389336626,0.5436664622970708,1.0690660394128806
1768913390.4478226,-0.9579493121649417,0.8767871651263555,1.2986233547906014
1768913390.4678998,-1.055788357213903,0.6420194512249826,1.235669062079188
1768913390.4879186,-1.0699695062263261,0.6438373105164557,1.2487438595113376
1768913390.5078237,-0.99312736392187,0.7271181545643302,1.2308544884215353
1768913390.5280223,-1.0057037861811224,0.6804555717452594,1.2142734002926245
1768913390.547928,-0.9760036941076919,0.6826588986530084,1.191052636461546
1768913390.5679913,-0.9876627825288826,0.6625953417367705,1.1893318960172399
1768913390.5877876,-1.078197522902698,0.5770616910783133,1.2229105011012362
1768913390.6078594,-1.0101064193724687,0.3724202252621951,1.076574104575163
1768913390.6277342,-1.021749377486937,0.32618742469606543,1.0725530413106827
1768913390.6478217,-1.185318131416481,0.3861681080838286,1.246637429393848
1768913390.6677709,-1.199940152457943,0.31862610003849046,1.2415228395428453
1768913390.6878488,-1.1399228402479267,0.43343964349828523,1.2195466396472177
1768913390.7078443,-1.1531040797654883,0.3690925915032688,1.2107346364395513
1768913390.7279854,-1.4771045103050127,0.5234142773671691,1.5670993076749178
1768913390.7477455,-1.4960425499929129,0.6073066180410684,1.614609748423989
1768913390.7678685,-1.5152261544505012,0.5683562325235556,1.6183136612471714
1768913390.7880406,-1.3001885020976514,0.7344669013944483,1.4932956071156496
1768913390.8077066,-1.2659705814427662,0.7342717495002002,1.463501457188417
1768913390.8277428,-1.279756613714311,0.7868261740576168,1.5022890595779719
1768913390.8477337,-1.3669534074896967,0.6807445750991068,1.5270804807784548
1768913390.8677378,-1.382124710120058,0.7058978147232233,1.5519537490387645
1768913390.8876991,-1.3956528177689276,0.7188439022650757,1.5698991507641595
1768913390.9081802,-1.411020187550557,0.6722573515858405,1.5629804593904613
1768913390.9282045,-1.278938874451824,0.65696434998776,1.4378062462442354
1768913390.9478562,-1.3349281308450345,0.6610128683559706,1.4896211352735316
1768913390.967944,-1.348195331611017,0.6380731494046428,1.4915656191294098
1768913390.9878263,-1.3613124652349298,0.638106167590756,1.5034464104587713
1768913391.0079808,-1.433552123895576,0.8441074915689946,1.6636072701357183
1768913391.0277705,-1.4614478551468217,0.8171740249979731,1.6743963749496813
1768913391.0479445,-1.4760999148902907,0.8129479618876445,1.6851573657900316
1768913391.067749,-1.3312007760236393,0.8699947111457069,1.5902786873713177
1768913391.0879598,-1.3428570073518125,0.8816177967003869,1.6063981080830214
1768913391.1078403,-1.3808924422423101,0.8590782639446086,1.6263085195079112
1768913391.1277587,-1.3929479315417703,0.8269391944051172,1.6199173964217686
1768913391.148021,-1.4051339756115024,0.7507933497508841,1.5931390847782059
1768913391.1677673,-1.5836857533118325,0.9083299147793387,1.8256844741975287
1768913391.1876974,-1.3299829249852753,0.7927018253745572,1.548299313667917
1768913391.2078404,-1.3401144280477482,0.7784845635377504,1.5498209238258158
1768913391.2277348,-1.5248418964199937,0.9310893818403585,1.7866365735799723
1768913391.247829,-1.5383475535214988,0.9390959077766521,1.802335795413395
1768913391.2682683,-1.3563434981734752,0.9560475606905943,1.6594259921249563
1768913391.2878199,-1.365822808555848,0.9653626394797765,1.6725420682526182
1768913391.3077533,-1.3276363450083943,0.9788732158560958,1.6494881137212547
1768913391.3283803,-1.2520431730692332,0.8794125422468202,1.5300256621018777
1768913391.347781,-1.2590246437553247,0.880883155652187,1.5365865375874466
1768913391.3678207,-1.2662556440766015,0.9109326917916736,1.5598723425750818
1768913391.387701,-1.2144259452605248,0.8740929907346562,1.49628504402516
1768913391.407777,-1.072990390375995,0.8487871992986271,1.3681184479175907
1768913391.4278398,-1.076199445431593,0.7855750290622385,1.332416366093349
1768913391.4476979,-1.1204073502016039,0.766832900551842,1.357698540823599
1768913391.4679644,-1.124416812662961,0.7021631863224673,1.32564939136472
1768913391.4878106,-0.966933831682531,0.6768945958623025,1.1803166222500856
1768913391.5077293,-0.9678539458516022,0.6790613974595594,1.1823136817360467
1768913391.5278254,-0.9686726477274105,0.5796229011813399,1.1288442789105613
1768913391.5480137,-0.9685698219787365,0.672646729021146,1.1792290371724945
1768913391.5678296,-0.7851974744449215,0.7300767668052845,1.0721693706236626
1768913391.5879207,-0.7825251886082092,0.73010099615753,1.0702304122928534
1768913391.608156,-0.7391595695219695,0.8089447958146732,1.0957867273751525
1768913391.6279368,-0.654967273857309,0.5812485261192641,0.8756894306430174
1768913391.6477745,-0.6500219352975728,0.621610879425571,0.899404581814121
1768913391.6677663,-0.6160296022532239,0.6816626134898804,0.9187798373288997
1768913391.687691,-0.610430634049556,0.6570714501168613,0.8968659038812982
1768913391.7079,-0.584816599496996,0.5611722388472042,0.8105089368415462
1768913391.72794,-0.5788237554932402,0.5181765609261184,0.7768808713158779
1768913391.7478144,-0.37892322407866597,0.5839688957761542,0.6961339533309604
1768913391.767749,-0.36922609305128273,0.5532731845854411,0.6651609764344493
1768913391.7877026,-0.3499421525112627,0.5368155613235572,0.6408045388286054
1768913391.8077226,-0.3399722310848371,0.4748798811769941,0.584030837760711
1768913391.8277414,-0.2592359358458475,0.5922975929379746,0.6465444370141862
1768913391.8477058,-0.24797149844428656,0.546903216761196,0.6004939571256722
1768913391.8677533,-0.3259366869486706,0.37601195476366733,0.49761402112909753
1768913391.887726,-0.3163684787003527,0.36389184318951706,0.4821890582075039
1768913391.9077644,-0.3067404985316874,0.285864812500634,0.41929515196993483
1768913391.927782,-0.10948878013538965,0.2681045181651367,0.28959942271367844
1768913391.9477832,0.037442219281486944,0.2389271607307073,0.2418431473487727
1768913391.9678974,0.053226147835031434,0.19371644065954463,0.20089569979260258
1768913391.9877095,0.21507968252027265,0.2582151609020542,0.3360570474676807
1768913392.0078838,0.10107769695105784,0.3345863319848501,0.3495206923373868
1768913392.0278273,0.11712337082083468,0.25361546026283754,0.27935405076133346
1768913392.047941,0.18493188417194406,0.29325000373079213,0.34669203404678184
1768913392.0678968,0.20202048017798968,0.2230563615240424,0.3009425440639622
1768913392.0879602,0.2829167947366342,-0.012934546781353973,0.28321231478254943
1768913392.108209,0.3015937346764752,-0.11128099252867685,0.32146887888918824
1768913392.1278198,0.3694504968448047,0.10288871017096746,0.38350978644555916
1768913392.1478899,0.3887823389880316,0.021292034425565376,0.38936494171790065
1768913392.1677666,0.46937187560091365,0.027630055176071977,0.4701844080296074
1768913392.1878133,0.48987931194476286,0.004137527458770052,0.4898967844403006
1768913392.207766,0.5887163911915498,0.1657892315929601,0.6116151229080149
1768913392.227801,0.6107698745234352,0.1508084467926274,0.6291128891140108
1768913392.2478936,0.6059607819678343,0.047426561502742715,0.6078139090371679
1768913392.267779,0.6273770611714725,-0.017638813408158427,0.6276249713185426
1768913392.2879364,0.648888390072212,-0.11980789712806406,0.6598561017257899
1768913392.307774,0.7112161263030106,-0.3820783190330239,0.8073488838095715
1768913392.3277445,0.6814162311029239,-0.26032126992632776,0.7294485887206648
1768913392.347714,0.7026870143287787,-0.31541351743710955,0.7702303078224999
1768913392.367881,0.5803229771033441,-0.39341391474066967,0.701105745280744
1768913392.388414,0.5993349844940316,-0.485783641476333,0.771484393856718
1768913392.4079201,0.722224605267388,-0.4106680199752333,0.830816828840156
1768913392.4279237,0.8086479501197857,-0.4889412950570815,0.9449735960570684
1768913392.4477172,0.8302309018374197,-0.549419652177809,0.995562807945817
1768913392.4678483,0.7761515335920697,-0.6202010155679201,0.9935091860716745
1768913392.4878018,0.796521896325563,-0.6932379767891597,1.0559479266463845
1768913392.5081973,0.8199651940824036,-0.7558547047763824,1.1151947158407747
1768913392.5277753,0.8399118968416951,-0.835177314785799,1.1844716719234074
1768913392.5477822,0.889790684471965,-0.8581068623473946,1.2361532467217722
1768913392.5677524,0.9107574279256139,-0.9471968340930363,1.314024708686085
1768913392.5877638,1.1280070368560233,-1.3792500768089226,1.781777384965396
1768913392.6078255,1.1528244502440916,-1.4769664620665957,1.8736152601721914
1768913392.627851,0.9232037453330937,-1.0457163464142418,1.394929328874765
1768913392.6477633,0.9430450318387629,-1.1282867054760946,1.470498154310257
1768913392.668143,0.9632254878728335,-1.2360205529979265,1.5670195110212117
1768913392.6878085,1.091289578900608,-1.4154488509931458,1.7872907974906833
1768913392.7079165,0.9385919336340576,-1.4350453866968618,1.714733238659257
1768913392.7279332,0.9318006929295792,-1.3951772628348813,1.677728263478766
1768913392.7477112,0.9497865337761482,-1.4804151493331457,1.7588983694681142
1768913392.76789,0.9680221286991192,-1.5819178917209147,1.8545972764451901
1768913392.7878807,0.9877737424264049,-1.626054792970855,1.9025643631610878
1768913392.8080215,0.9459878468168582,-1.5090333552030817,1.7810319125273038
1768913392.8278348,0.9629045717149289,-1.5957180033345946,1.8637331247782383
1768913392.848026,0.9529200355183481,-1.5974002646993526,1.860038762970775
1768913392.8678916,0.9693075257359631,-1.692286918702134,1.9502287288056082
1768913392.888226,0.986067755076137,-1.8005898265034688,2.0529133788128235
1768913392.9078476,0.9489294609330092,-1.6142095914083754,1.8724688854080875
1768913392.927976,0.9736895352871712,-1.8323975670290302,2.075030639480212
1768913392.947789,0.9891378439874282,-1.9297665989100086,2.16850012697182
1768913392.9679532,0.9884754196262231,-1.7946074914287102,2.0488288614467747
1768913392.9878182,1.0039191774147231,-1.869315937519584,2.12183783288115
1768913393.007809,0.912757131634006,-1.7620185942494153,1.9843979207380318
1768913393.0278616,0.9260396409109352,-1.8502520599821057,2.069053431404438
1768913393.048008,0.9393785063384023,-1.9445844578581326,2.1595927143593476
1768913393.068045,0.9518315555526987,-1.914786064932816,2.138314519570675
1768913393.087849,0.9338939730898449,-1.849935010064426,2.0722976365463537
1768913393.108286,0.935559159617457,-1.972025900041837,2.1826949149113672
1768913393.127836,0.9477323098076165,-2.0628032782839885,2.270099974880501
1768913393.147785,0.944738511427421,-2.100354768085385,2.303046027936287
1768913393.167818,0.9568364015870557,-2.1985537539559203,2.3977436285882887
1768913393.1878169,0.9078650415594098,-2.0306247309207652,2.2243326485741064
1768913393.2077806,0.9188041721505508,-2.1232475929647165,2.313521438800972
1768913393.227802,0.8914255472212568,-2.0103406327610447,2.199115496277718
1768913393.2478082,0.9016594391653477,-2.102708142472748,2.287874838503445
1768913393.267806,0.9411986399591755,-2.0824888150320735,2.2853040376708504
1768913393.2878559,0.9519429195187405,-2.172424683685117,2.3718398614380027
1768913393.3078115,0.8890898171746823,-2.0454605955372926,2.2303339998528218
1768913393.3277504,0.8985076630172709,-2.1316126547805787,2.3132419956678687
1768913393.3477817,0.8851715505887078,-2.132006425481137,2.3084583756837533
1768913393.3680859,0.8942103108058336,-2.2170576667257897,2.3905975774979504
1768913393.3878849,0.9108401841926846,-2.169955957726991,2.353367523277022
1768913393.4080062,0.919970457819499,-2.252038738398946,2.432698937910348
1768913393.4278913,0.9290652309801847,-2.3338752811156986,2.5119984138568134
1768913393.4485037,0.8817544905431242,-2.1076019066891405,2.28461742501292
1768913393.4678173,0.8895406856397267,-2.1812552430327194,2.3556648884478713
1768913393.48779,0.8786767900833797,-2.1060702101827413,2.2820176668138235
1768913393.507812,0.8863379878608512,-2.179203714475852,2.3525568766579426
1768913393.5279295,0.8685795864851901,-2.1012901008534595,2.2737305438427673
1768913393.5478103,0.8757095403077539,-2.171168485270698,2.3411193456162533
1768913393.567797,0.8599744193520764,-2.089304853857614,2.25936955239574
1768913393.5880063,0.8668098502429777,-2.157588605939308,2.325198466573849
1768913393.607894,0.8578634776542353,-2.0782564104638794,2.248350385043939
1768913393.6276662,0.8643248004505422,-2.1429345193556735,2.310676462623013
1768913393.6478138,0.8525627345828517,-2.0571623209566354,2.2268318371990015
1768913393.6678,0.8586838729793194,-2.119129185363729,2.286492181918649
1768913393.68781,0.8451299422803092,-2.0226326042264873,2.192096546920035
1768913393.7082334,0.8509730042425914,-2.0826146878151857,2.2497642080567477
1768913393.728067,0.8445096181693115,-1.995266148631062,2.166629525104259
1768913393.7477756,0.821261615630581,-1.9836041686804844,2.146894533812676
1768913393.7678442,0.8261256570521653,-2.037785545746299,2.198875515278756
1768913393.7878528,0.8310066835304977,-2.0920612389073963,2.2510647115112232
1768913393.8083692,0.8208867353217267,-1.9468599269433255,2.1128460917361997
1768913393.82798,0.8131093519260385,-1.9223636567655014,2.0872539009527356
1768913393.8477533,0.8174366566129619,-1.9711151631539074,2.133892610697603
1768913393.867921,0.8230014692291716,-1.9095944083062992,2.079394676964443
1768913393.8878064,0.8273501699101485,-1.9562985253435023,2.1240556075375037
1768913393.907956,0.8607274890161853,-1.9947216079079215,2.172502267755519
1768913393.9277596,0.865666418255467,-2.04145286179053,2.217410231465525
1768913393.9478192,0.8805750650263934,-1.9687068084442991,2.156668482349843
1768913393.9678884,0.8858180011196934,-2.0140938972791993,2.200283563126581
1768913393.9877744,0.8717600140180816,-1.9725591622323844,2.156607328780029
1768913394.007825,0.876577998580964,-2.0158551056873524,2.198194894617394
1768913394.0278082,0.8894501725363445,-1.9604994868736494,2.152830659261609
1768913394.047683,0.8943947374889506,-2.001682816896942,2.1924132926773647
1768913394.0677629,0.9034945796402171,-1.9520725545071258,2.1510206213561105
1768913394.0878477,0.908536685431315,-1.9916485771962744,2.1890872444520033
1768913394.1078763,0.9047424121564513,-1.9652273794699937,2.163487343474228
1768913394.1277783,0.9095710833918415,-2.0032071432402994,2.200036002994399
1768913394.1478052,0.9241804818994753,-1.954612332278332,2.162086707932521
1768913394.1680486,0.9292661827101676,-1.9914080266645033,2.1975535413255662
1768913394.1877244,0.934185366479414,-2.0270521226644753,2.2319593649846836
1768913394.2078528,0.9388449332075475,-1.9437397559186156,2.1586000202325684
1768913394.2278395,0.9247743853904642,-1.9581675131042466,2.1655548188053753
1768913394.2484295,0.9294293120640383,-1.9918856964480192,2.1980553846156927
1768913394.267973,0.9335232771500351,-1.9468568363795242,2.1591010282843714
1768913394.2877874,0.938103022518855,-1.9786168840255804,2.1897401797040006
1768913394.307809,0.9389709873997478,-1.9383519997038334,2.1538047706174086
1768913394.3279555,0.9435256131388905,-1.9690442992688446,2.1834321686583844
1768913394.3478298,0.942880159862199,-1.9308032949173093,2.14872621790802
1768913394.3679464,0.9433799420188487,-1.9290975523036593,2.14741311379703
1768913394.3878443,0.9477199173292132,-1.957616811377223,2.1749566942560525
1768913394.4078207,0.9431935272413696,-1.9263291253948385,2.14484449999865
1768913394.4279091,0.9474058690238301,-1.9539048884998333,2.171479263995939
1768913394.4478927,0.9384556381108192,-1.925514598223197,2.1420330185766567
1768913394.4678943,0.9424150025450388,-1.951921817126328,2.167520430629366
1768913394.487743,0.934428693875043,-1.926512617245523,2.141169738330713
1768913394.5078287,0.9381640753516078,-1.9519439416401347,2.165695496505906
1768913394.5278966,0.9221644080489716,-1.930248666892794,2.1392164714010873
1768913394.5482802,0.9255541663292836,-1.955050724889766,2.163070468501083
1768913394.5678556,0.928839139984503,-1.9790645810372478,2.186192755427409
1768913394.587939,0.8939802144990661,-1.9400206525304444,2.1360900627455877
1768913394.607813,0.8965601654924432,-1.963016194929386,2.158066892360587
1768913394.6277845,0.9086871932221243,-1.92021167552927,2.124364680078453
1768913394.6478124,0.9114679373928357,-1.9420845812764842,2.1453359461228927
1768913394.667779,0.8967951690329774,-1.9253475752454605,2.12395971258978
1768913394.687818,0.8992719826923316,-1.946518839625135,2.144207474073108
1768913394.7078211,0.9014511051087517,-1.9110779519836072,2.113015152207775
1768913394.727851,0.9039376625046374,-1.9311409502653891,2.132230913265788
1768913394.7479086,0.8718213549529203,-1.9272216902181718,2.1152437018460386
1768913394.767874,0.8736294515182663,-1.9466781295935078,2.133725417854365
1768913394.7879248,0.8643759177133589,-1.920822614477439,2.106348794338382
1768913394.8078845,0.8659494288255986,-1.9394547319920186,2.123994602330621
1768913394.8279867,0.8660278816908029,-1.9092907434130684,2.0965198388636073
1768913394.8477492,0.8675679594463331,-1.9268071197099683,2.113116144660037
1768913394.8677704,0.8473351385832364,-1.919431169482479,2.0981403316886955
1768913394.8880253,0.8484458680827155,-1.9367148228928102,2.1144088290298453
1768913394.9078784,0.8269204930295925,-1.9312704779005276,2.1008577202186816
1768913394.9277852,0.827605753765106,-1.9479670111919578,2.116484528730895
1768913394.947707,0.8056543216379459,-1.9437125548583811,2.1040668672568357
1768913394.967741,0.8104912330163885,-1.9320093504951679,2.0951267668561697
1768913394.9877715,0.8108542399314368,-1.9478388362941725,2.1098722071705254
1768913395.0079038,0.8026820811945277,-1.9272112637121985,2.087688142048507
1768913395.028122,0.802904155160464,-1.9425085639566362,2.1019026151129863
1768913395.0479116,0.7824979463971937,-1.9307805600778174,2.083318652364596
1768913395.0678387,0.7823066009685115,-1.9452084276799226,2.0966257284112255
1768913395.0877886,0.7741310720414069,-1.9274530461780621,2.0771023474834043
1768913395.1079092,0.7737585299413745,-1.9413679125180163,2.089883162861407
1768913395.1277282,0.7594587469634625,-1.9283747385768546,2.0725363014240945
1768913395.1478214,0.7588095912681407,-1.9417856766021977,2.0847838280402065
1768913395.167904,0.7317527350123884,-1.9454494366381478,2.0785176390191635
1768913395.1880891,0.7305886083471324,-1.958665474124043,2.090485626396929
1768913395.207982,0.7301274766907937,-1.9386538810193734,2.0715851424960414
1768913395.2288017,0.7191411959767384,-1.9455367879162129,2.074193205293612
1768913395.2478518,0.7178971256740371,-1.9574051785381936,2.084900792848231
1768913395.2682838,0.6830872380619603,-1.9288116642249484,2.0461971094822053
1768913395.2879214,0.6811946582681359,-1.9402094133068744,2.0563167873500543
1768913395.307828,0.6793228710869816,-1.9517331546933772,2.0665773322842824
1768913395.3279283,0.6353613243354068,-1.950925573910002,2.0517784011430944
1768913395.3479016,0.6426159858275303,-1.9396529114056271,2.043332748713585
1768913395.3682373,0.6400741777655548,-1.9507283127653103,2.0530552606460564
1768913395.3884437,0.6260456461558742,-1.9421535160901762,2.0405620380503406
1768913395.4083433,0.6233793215900512,-1.9525466513349645,2.0496439213252278
1768913395.427814,0.627827309143573,-1.9258560444977473,2.0256082134102265
1768913395.4477236,0.6252289801565809,-1.9356632132328322,2.0341345463588416
1768913395.46778,0.6086047722594294,-1.9318207757077737,2.025421259460149
1768913395.4877517,0.6058286545010619,-1.9412429122970032,2.0335811769285037
1768913395.5078244,0.5577700317459345,-1.9728189208871623,2.0501516780287865
1768913395.5277305,0.5541469534264928,-1.9826269153577663,2.058613205896852
1768913395.5477538,0.5432156192513338,-1.9911637699117026,2.0639322584832076
1768913395.5677567,0.5394351806694646,-2.0009586511614064,2.0723961585086896
1768913395.5879815,0.5266566444119305,-2.0167588518320194,2.0843904354861253
1768913395.6078572,0.5227388010619565,-2.0265400613600733,2.0928737359030958
1768913395.6277268,0.5143670320958257,-2.074456674059018,2.1372748855154478
1768913395.6481283,0.5102094270088449,-2.0852842431149536,2.146793896486619
1768913395.6678061,0.5309517622152445,-2.0677091690406098,2.134790617726732
1768913395.687899,0.5272848305140343,-2.0779145934777947,2.143771991205735
1768913395.7077324,0.5132482870589883,-2.0843870105889923,2.1466469234788246
1768913395.7279205,0.5287474336962494,-2.071964638902445,2.1383665058877326
1768913395.7478058,0.5252374041803429,-2.0816672547739543,2.1469077507774372
1768913395.7679982,0.5217228735181411,-2.091841982654655,2.1559215285229154
1768913395.7880387,0.469404340161232,-2.118623537657596,2.1700014121836393
1768913395.8086736,0.4775103415915891,-2.1111364156170414,2.1644660061251333
1768913395.8282568,0.47333613197762825,-2.1254791347711883,2.1775464739433743
1768913395.8484864,0.47611625194647467,-2.117941224426122,2.1707974837582573
1768913395.8677802,0.4721665929529375,-2.133605485680814,2.1852262262814
1768913395.8877757,0.45895910238219917,-2.1308702671654416,2.17973657884369
1768913395.907822,0.45465920578031827,-2.1544526192040685,2.2019039674327447
1768913395.927951,0.45683465520800215,-2.1471776852896642,2.195238008600638
1768913395.9477148,0.4526770009240856,-2.176606141160555,2.2231803257728475
1768913395.9679601,0.4248186357914884,-2.1866408748265815,2.227525350872151
1768913395.9881113,0.42018754833131067,-2.2087149139209163,2.248328078094778
1768913396.008221,0.3926511609253581,-2.2257464217574707,2.2601154988500514
1768913396.0279253,0.3876617852973433,-2.2473347776802424,2.2805252164251613
1768913396.0482886,0.41909506725380374,-2.221055020858481,2.26024911925149
1768913396.0682309,0.4146598185974346,-2.2538367068125105,2.291663733215395
1768913396.0883658,0.41759044747984764,-2.2449808395268906,2.283488723788511
1768913396.107753,0.4285063339541749,-2.247484900200398,2.287969854449057
1768913396.1277995,0.4244702974765512,-2.284470006302964,2.323570150251052
1768913396.147784,0.38818747267712406,-2.314193211964488,2.3465250342252832
1768913396.167721,0.3835546506125823,-2.351534511724573,2.3826096469707885
1768913396.1877403,0.3244320769653073,-2.2610172710556853,2.2841749654035093
1768913396.207795,0.31868075305813937,-2.311678531631726,2.333541312249842
1768913396.2277408,0.33568657791759027,-2.2885368887415645,2.3130254148463094
1768913396.2480557,0.3303421615139456,-2.3343406082744345,2.357598782471853
1768913396.267814,0.3183343521492611,-2.3237229236586696,2.3454263974158485
1768913396.287794,0.31295132720427554,-2.3537480704572538,2.374461731083523
1768913396.308181,0.333609993401909,-2.3165641732825257,2.3404626031265217
1768913396.3277662,0.328784693959552,-2.357034787368523,2.379855534238886
1768913396.3478317,0.33646315477221644,-2.333974884822309,2.3581022491615125
1768913396.3679087,0.29724833897879943,-2.353140285100011,2.3718401667031057
1768913396.3877943,0.29196538721923004,-2.3800846503638393,2.3979255055634305
1768913396.4077191,0.3049881652698855,-2.369531132043372,2.389078392744247
1768913396.4278045,0.2999541120251237,-2.4209234700546176,2.439434958588171
1768913396.4478574,0.2948941607222808,-2.4806667475250954,2.4981333187611976
1768913396.467786,0.2330774715289451,-2.364322686379147,2.3757834230125927
1768913396.487809,0.2269175516736187,-2.431865408697753,2.4424293114189077
1768913396.5076864,0.2434196785228443,-2.4034362529200095,2.41573155829499
1768913396.5278604,0.2732255779448284,-2.3945244857312957,2.410062183681162
1768913396.5477712,0.26831951806527277,-2.423352048009722,2.438161297446847
1768913396.5678172,0.2279161576221198,-2.2985647025939357,2.30983667537685
1768913396.5880787,0.22221149241680183,-2.3405327246268204,2.3510575029996925
1768913396.6081066,0.17463273274661262,-2.3296743517626624,2.3362104307205143
1768913396.6284647,0.18155149458083697,-2.290126646478315,2.297311690235905
1768913396.6477973,0.17548299420904212,-2.3576806780278012,2.364202288469031
1768913396.6677022,0.18270199966275902,-2.352061246945363,2.359146483383969
1768913396.6880038,0.17670615869602269,-2.406015843732405,2.4124960739475743
1768913396.7079358,0.10697803696197783,-2.3084798330796374,2.310957256231198
1768913396.7278194,0.09982298160393599,-2.3450528996342346,2.3471765442205728
1768913396.7477329,0.15545472708504438,-2.3428539960600006,2.3480057536188874
1768913396.7677681,0.14939579025245964,-2.4180581891212647,2.4226688812385335
1768913396.7877512,0.12677481709469496,-2.3666207678926874,2.370013863518601
1768913396.8078253,0.12047896711924644,-2.4049956006634954,2.4080114245428503
1768913396.827945,0.061425245152334385,-2.397297565743827,2.3980843770525055
1768913396.847851,0.05424885414078029,-2.416730428531258,2.417339219547903
1768913396.8681273,0.07571225660466863,-2.3566251342716082,2.357841039866947
1768913396.8877363,0.06912513814697008,-2.3858000646312885,2.3868012554711164
1768913396.9077458,0.06299440489546493,-2.4022705232060257,2.4030963280136497
1768913396.9279132,0.05630657564647268,-2.42073431354088,2.4213890739026778
1768913396.9477444,0.05007370637000974,-2.356629529135656,2.3571614526085765
1768913396.9678097,0.04332939825201709,-2.4073678996979933,2.4077578036939697
1768913396.9882267,0.03745000175144175,-2.373239832255159,2.3735352965636887
1768913397.0081995,0.030708009784156887,-2.459973608607367,2.4601652661782003
1768913397.0278587,0.0014790798195948307,-2.3487853789948545,2.3487858446987278
1768913397.048692,-0.005895219641513405,-2.4237624789613417,2.423769648303124
1768913397.0679107,-0.06341464831777399,-2.4768084144528366,2.4776200958834753
1768913397.0878608,-0.0427194683792943,-2.4004123334582594,2.400792436591955
1768913397.1076996,-0.050328838381001106,-2.466272708990184,2.4667861818736054
1768913397.1277502,-0.09472711890353114,-2.313017655361305,2.3149565656981284
1768913397.147902,-0.10301251257585808,-2.3387783463261123,2.341045862641545
1768913397.1679084,-0.06853566119510146,-2.2739082518006946,2.2749408507613427
1768913397.18775,-0.07600985183139031,-2.326087373511056,2.327328933946165
1768913397.2078037,-0.08346695226356304,-2.366065623987412,2.367537384949836
1768913397.227806,-0.15896157998632676,-2.366090534599932,2.371424298145556
1768913397.2477965,-0.1716825918287379,-2.3091787027085395,2.3155520277851083
1768913397.267796,-0.18071917286884098,-2.446817785372348,2.4534825644900837
1768913397.2880368,-0.14574472625290913,-2.4067077516364463,2.4111166970964915
1768913397.3079252,-0.15382086041657794,-2.5057391751934492,2.5104560683665516
1768913397.3278177,-0.18352111616858913,-2.357286688226642,2.364419702711491
1768913397.3479147,-0.19406748102332017,-2.360622078458629,2.3685858195339
1768913397.3677816,-0.20261260627044464,-2.4453769041758857,2.453756318727787
1768913397.3878098,-0.24903693650487368,-2.3148488731856194,2.3282063270750863
1768913397.4078913,-0.25817154865509384,-2.3226667947658424,2.336971028498813
1768913397.4277647,-0.28977362537078544,-2.388719946133447,2.406231853960941
1768913397.4477706,-0.2993689519310263,-2.4134717659147196,2.4319678727828205
1768913397.4679277,-0.42116468008646724,-2.2982863937884233,2.336557304160403
1768913397.4878871,-0.4329207642493005,-2.3690865793448754,2.408317173577891
1768913397.5077455,-0.36992481286290846,-2.4907914417155315,2.518111668154332
1768913397.5277898,-0.3801469025066867,-2.4659590656836947,2.4950883313247707
1768913397.5478075,-0.42116272906075125,-2.4523707744010164,2.4882725854468077
1768913397.5679493,-0.43213483672367303,-2.509313759122602,2.5462513738498402
1768913397.587751,-0.44315715620927243,-2.618975367219292,2.6562041034530677
1768913397.6079137,-0.47912789681979884,-2.5081241748968655,2.553478102160472
1768913397.6277204,-0.4712159933444121,-2.4252974635510967,2.4706501774008687
1768913397.6477232,-0.6433353239090858,-2.33803034808113,2.4249260292919406
1768913397.6677496,-0.6575539884540323,-2.3929124350560222,2.481613823619128
1768913397.6877518,-0.6718585305115169,-2.502911382341656,2.5915167900047487
1768913397.7077365,-0.5880025349601837,-2.5456779722088108,2.6127042158095057
1768913397.7279074,-0.6199239053758276,-2.4310212216501057,2.5088184128329396
1768913397.7477512,-0.6326801644727854,-2.5249351185339464,2.602994725949967
1768913397.7682865,-0.6340198944905288,-2.410266641713232,2.492261324734098
1768913397.7880409,-0.6467492397395448,-2.5799168132935115,2.6597472328434195
1768913397.8078008,-0.6592731386356688,-2.735397482202929,2.8137235928514106
1768913397.8277416,-0.7925126875373253,-2.6023978954636053,2.7203954062270133
1768913397.8477554,-0.7328187817490102,-2.528906927626453,2.6329439066340115
1768913397.8679066,-0.7461542684100188,-2.566530353292169,2.672793341550468
1768913397.8878117,-0.7410062351483945,-2.471566116840423,2.580257605442225
1768913397.9077897,-0.7540106156623755,-2.5287417184170398,2.6387623399984923
1768913397.9278054,-0.8464677249449297,-2.5995386477092097,2.7338816342898373
1768913397.947826,-0.8609242436515057,-2.6394980512778092,2.7763538167903365
1768913397.9677775,-0.8754847519920053,-2.7207571186325703,2.8581450014931553
1768913397.9878962,-1.044259857880396,-2.6708138482976196,2.867703831123208
1768913398.0078537,-0.9367515922216441,-2.7422266451958857,2.8978113325667127
1768913398.0278318,-1.006457433959054,-2.579021301609476,2.768448562015715
1768913398.0480669,-1.0225985964529305,-2.636664332433271,2.82802169217163
1768913398.0680182,-1.0552906783233245,-2.558070026673633,2.7671936464805174
1768913398.0881686,-1.0718256223318634,-2.636778809406807,2.8462980614165945
1768913398.1077986,-1.0660132500043655,-2.608532291250513,2.81794694124668
1768913398.1282876,-1.0823385704555963,-2.6645824551708692,2.8760139849277992
1768913398.1478777,-1.1453656825411749,-2.7884866753051476,3.0145514567008753
1768913398.1682286,-1.1623712551336407,-2.8274652879841,3.0570683488459927
1768913398.1876953,-1.1714243653846532,-2.8348527996705615,3.0673482749138317
1768913398.2078745,-1.1881462533020182,-2.852529448984182,3.0900834578628498
1768913398.228406,-1.2838450922879567,-2.9394430259474102,3.2075821928335273
1768913398.2479663,-1.301506093622166,-2.98503272379512,3.2564303268860746
1768913398.2680776,-1.2256319670278455,-3.005272176046075,3.245586937784483
1768913398.2877917,-1.241918437451863,-3.1423474267257046,3.37886205038509
1768913398.307804,-1.3346981594427163,-3.099472242975674,3.3746329225260085
1768913398.3278947,-1.3526031219552332,-3.213610259551226,3.486664036843232
1768913398.3477836,-1.3704388823066964,-3.3538574920663446,3.62304606750005
1768913398.3684168,-1.4646092006219775,-3.272513458340553,3.5853067435808885
1768913398.3877392,-1.3899047867545433,-3.3109987543633395,3.5908979472603755
1768913398.4077888,-1.5135007182877651,-3.2337945855736265,3.5704498100299467
1768913398.4278915,-1.5328624369320227,-3.225735279449513,3.5714192338120156
1768913398.4478178,-1.5067853643693505,-3.1643821609610985,3.5048133466543563
1768913398.4678078,-1.5252673924396625,-3.2053976121266743,3.5497907642940127
1768913398.4879205,-1.5081206070708788,-3.1347011503565865,3.4786174074650327
1768913398.5077147,-1.5257349950927488,-3.1513062017307867,3.5012280777346665
1768913398.5278995,-1.7741668260798482,-3.252325658310109,3.7047658649993696
1768913398.5481725,-1.7967941825491833,-3.3199965938523692,3.7750293664598056
1768913398.5678234,-1.6152871225694891,-3.4582193884833057,3.8168617773271105
1768913398.5877697,-1.633573812905637,-3.55559429819138,3.912903553059047
1768913398.6078708,-1.61552869910913,-3.6094832859838784,3.954529373951117
1768913398.6278918,-1.6330141163639702,-3.656262632115948,4.004371553596324
1768913398.6477404,-1.6487812037599756,-3.6523047112905016,4.007219629866447
1768913398.667881,-1.666329328785444,-3.670730065444254,4.031242072280816
1768913398.6877558,-1.5782254464870225,-3.6821042778422215,4.006081311311984
1768913398.7083514,-1.5941392984402056,-3.8588464213630633,4.175161770099208
1768913398.7279353,-1.6094036288318834,-3.9064812604797607,4.225017855462481
1768913398.7478523,-1.5830388649898635,-3.6213760156096058,3.95226217431244
1768913398.76794,-1.5977778110256036,-3.635116258956698,3.970763673342586
1768913398.7878718,-1.6070994719370648,-3.618411251135439,3.9592510270307346
1768913398.807895,-1.6217305013738184,-3.66061269177213,4.0037601199684
1768913398.827812,-1.545491857288287,-3.5356938678393153,3.8587143206022567
1768913398.847872,-1.5584064321847058,-3.6046548433522396,3.92710671456448
1768913398.8678486,-1.7102050665148945,-3.9085719673292623,4.266349281683973
1768913398.8878915,-1.7257760156876811,-4.009875823161958,4.3654790084825335
1768913398.9077935,-1.7100859293888524,-3.843191775733212,4.206485101715818
1768913398.9282248,-1.7252288034434882,-3.964678593382089,4.3237819987891655
1768913398.947828,-1.5701358084560284,-3.883850188149477,4.1892265086749125
1768913398.967807,-1.5309290527779529,-3.6208282059564434,3.9311754809076325
1768913398.9877253,-1.5416027295704153,-3.760639635862999,4.064351048647588
1768913399.007839,-1.5186623241326804,-3.4344015002752437,3.7551895983868673
1768913399.0278234,-1.5286854463688293,-3.4548371063492875,3.7779331155206792
1768913399.0477648,-1.3714555280191572,-3.215672771945308,3.4959178539497646
1768913399.067797,-1.3782481755944547,-3.2036920632464323,3.4875795144537745
1768913399.0884213,-1.3852822285652988,-3.2144990457176066,3.5002872693106553
1768913399.107684,-1.3725330397279498,-3.293061067774355,3.56764602241254
1768913399.1278226,-1.2775014775174358,-3.02788225772649,3.2863476675047787
1768913399.1479118,-1.2820693177245024,-3.124886566773733,3.377664546791688
1768913399.1677406,-1.2785911938882473,-3.0951859126902153,3.3488761212091043
1768913399.1877606,-1.2829745581372172,-3.161824220307725,3.412206927627916
1768913399.2079825,-1.2926855752449438,-2.9594507998535207,3.2294558416550605
1768913399.228626,-1.2973170620870427,-3.0731731263043898,3.335779462707577
1768913399.2478542,-1.2253218601932474,-2.9909575267556763,3.232219142930113
1768913399.267809,-1.3806251186180853,-2.8314971684197383,3.150159032958209
1768913399.2879112,-1.3865011366448665,-2.940705975274425,3.2511747161498743
1768913399.3077824,-1.366760031345926,-2.8149491399122484,3.1292126235807984
1768913399.32777,-1.3721015189303625,-2.781864617009319,3.101843536611641
1768913399.3478434,-1.4326227233398885,-2.7127113963493965,3.067769708976489
1768913399.3677647,-1.439012715583301,-2.706789753341188,3.065529051306361
1768913399.3882108,-1.3144310888069113,-2.766002805548342,3.0624337719407784
1768913399.4078474,-1.3182482183857855,-2.7640737791358534,3.0623328071559524
1768913399.4277754,-1.2287512862863643,-2.8918635965870463,3.1420860562396697
1768913399.4478233,-1.2308747170727288,-3.058153420669062,3.296567140750929
1768913399.4677498,-1.2329413060812662,-2.973240883945514,3.2187428630144534
1768913399.4883258,-1.2350971833481024,-3.1076379264360705,3.3440811195511237
1768913399.5079846,-1.514244915587305,-3.310229736378016,3.6401316695942847
1768913399.5277872,-1.3810774098553924,-3.1049040059673576,3.3982059528941186
1768913399.5477192,-1.3857404028031028,-3.2964001585037384,3.575825844325249
1768913399.5677576,-1.5478602324415438,-0.11417661614222574,1.5520655910262553
1768913399.587798,-1.555516296796622,0.008855018754843513,1.5555415008790427
1768913399.6079197,-1.6396555456741946,0.6382059461394931,1.7594820653101146
1768913399.6278224,-1.648754873758806,0.743369544796419,1.808588099561161
1768913399.6478393,-1.4538462056512937,-0.1337441279569287,1.4599850278169373
1768913399.6678398,-1.4590604800005558,-0.04636923047319641,1.459797105708231
1768913399.688172,-1.3024226283530929,1.0624054690069595,1.6807766310316419
1768913399.707774,-1.304489206283776,1.1087999466590013,1.7120541495589092
1768913399.727888,-1.0825033599653398,0.12445536611426178,1.089634187464254
1768913399.7480009,-1.0803119017960072,0.15517506889162647,1.0913996092942433
1768913399.7677662,-1.313884095894455,-0.8438949593517648,1.561553751832996
1768913399.788573,-1.0499705477820644,-0.9725111595122851,1.4311590081418968
1768913399.8078494,-1.0472110115217217,-1.1091112181069285,1.5253781815612095
1768913399.82789,-1.0443417724464497,-1.2099251868074887,1.5983018160997404
1768913399.8478038,-1.0414988089167265,-1.2001862994125112,1.589077380832179
1768913399.8679261,-1.0095683788531011,-0.5402337021121877,1.1450243510414608
1768913399.887783,-1.006186968092812,-0.5189362425933393,1.1321250101630556
1768913399.9077787,-0.7134654404263413,0.7518174775354041,1.036466330476032
1768913399.9278603,-0.7044919176840556,0.825424317119209,1.0851885390907292
1768913399.9477923,-0.29754302594862825,0.805850350973893,0.8590265656284517
1768913399.9680095,-0.28080324316345806,0.8792852446878427,0.9230346704739079
1768913399.9878883,-0.7437751197732029,-0.8361227269363987,1.1190632883323453
1768913400.0077944,-0.7364293294856171,-0.7689099617306763,1.0646833738606543
1768913400.0278099,-0.5972160786346034,-0.7348790638595535,0.9469499897453859
1768913400.0477798,-0.5873649995376217,-0.7514185113161975,0.953743897401436
1768913400.067744,-0.5457145233811832,-0.7037722015625079,0.890561425574503
1768913400.0877345,-0.5351928888849526,-0.8034093866845247,0.965348678419267
1768913400.1080458,-0.42852925409146736,-0.6429082529626289,0.7726372650472206
1768913400.127755,-0.4162571129060222,-0.8269843488118482,0.9258364311392232
1768913400.147959,-0.3856973187924354,-0.6957658276421359,0.7955202754413114
1768913400.167925,-0.3730266292909733,-0.7370825226097111,0.8260989718531796
1768913400.1879463,-1.0384569871367595,0.3170708354761871,1.0857839696931997
1768913400.2077944,-1.0388067806929486,0.37991674167004597,1.1060995697561917
1768913400.227711,-1.083205368658048,-0.23203125714358208,1.1077781253397492
1768913400.2478936,-0.6131717544964743,-0.002315873292653592,0.6131761278632691
1768913400.2677755,-0.6052472213809471,0.05190960902339903,0.6074691815214327
1768913400.287981,-0.47003851971495736,-0.2503615931358638,0.5325571681363008
1768913400.3078084,-0.4596974149873596,-0.2321552717020161,0.514992993666028
1768913400.3278582,-0.7864861723940817,0.6921677769091588,1.0476911428271503
1768913400.3477468,-0.7825908253364909,0.840879920546179,1.148706855850786
1768913400.3677595,-0.8041156370885403,-0.029398956734231874,0.8046528794874037
1768913400.387947,-0.800662288170513,-0.11909649993413751,0.8094714794203707
1768913400.4077573,-0.9722338360850695,0.04934536171548487,0.9734852832742372
1768913400.4277427,-0.9721857962010871,-0.03854086104428944,0.9729494438588148
1768913400.4478116,-0.8126868981250291,0.5737782895686578,0.9948273819936885
1768913400.4681034,-1.1883093660566857,0.3082903047948413,1.2276489976734142
1768913400.4877543,-1.19248718145946,0.392239012190565,1.2553394443852057
1768913400.5077844,-1.0500368804987192,0.5540850783907629,1.1872605967110925
1768913400.5277798,-1.0514703691661151,0.5593101344704685,1.1909734521624318
1768913400.5478044,-1.1522255147869829,1.2890914514550147,1.7289824773954547
1768913400.568035,-1.1555833939458835,1.4190710185378421,1.8300643529716425
1768913400.5881295,-1.1589428857035566,1.5770738463092648,1.9571179139325219
1768913400.6083846,-1.162298984083778,1.7067905856345114,2.0649632034524927
1768913400.6278985,-1.3607920591950595,1.284191600351246,1.8710700400522222
1768913400.6478484,-1.3678132926889481,1.4025177720457833,1.959073583243072
1768913400.667816,-1.163135135492111,1.3882725684150898,1.8111278440877887
1768913400.687872,-1.1661327693648795,1.4794776577973998,1.8838046012546745
1768913400.7081165,-1.2876447310926369,1.1489898915846801,1.7257481636885506
1768913400.7279394,-1.2928552518917313,1.0905267071132307,1.691367257951761
1768913400.7478943,-1.371272911887408,1.0955522600826626,1.7551706906874902
1768913400.767757,-1.377967102262798,1.0424853409304689,1.7278799208780244
1768913400.7877574,-1.3922675032380174,1.3080630600546712,1.9103501693805283
1768913400.8083751,-1.3993292422949986,1.2995514179923866,1.9097005567229428
1768913400.8277495,-1.6731516964206197,1.6228224792885726,2.3308773881351
1768913400.8477538,-1.679270275608371,1.969452012541879,2.5881827385729688
1768913400.8679101,-1.6913054551313214,2.0540967045893836,2.660794508105038
1768913400.8877382,-1.7312003702057805,2.157289035506718,2.76603519582057
1768913400.907734,-1.7436646561672147,2.2938805507863975,2.881363290951496
1768913400.9281156,-1.7561227593005637,2.484126054329458,3.0421783970589016
1768913400.9477522,-1.76244320223155,2.0072747025127136,2.6712090469373044
1768913400.967916,-1.7748246957648397,2.027654492646036,2.6946957977189947
1768913400.9877565,-1.7872250411705992,2.1023983555939836,2.7593934466457544
1768913401.0076518,-1.8040414971644094,2.4172033645317548,3.0161959201939847
1768913401.0277524,-1.8165739341780407,2.477358864567801,3.072010384453111
1768913401.0477815,-1.9598302380694244,2.4987160711988494,3.1756127859861425
1768913401.0678587,-1.9748881112937757,2.5077548001595282,3.1920239958140435
1768913401.0877824,-2.0553759881253617,2.1951362998210477,3.007190354359755
1768913401.107973,-2.071815710597547,2.1534268180327985,2.9882549086886283
1768913401.1279414,-2.0967554665799364,2.4647773771715364,3.2359714160742286
1768913401.1479867,-2.113277481170206,2.555301250926515,3.315947254617857
1768913401.1678777,-2.0239454282386538,2.8120827988068626,3.464702694869155
1768913401.1877642,-2.0383394108682866,2.880120367214168,3.5284445416558197
1768913401.2077875,-2.0505219877754373,3.0154009233629075,3.6465440009642562
1768913401.2279117,-2.0649043875674296,3.1337354166933267,3.7528825976352254
1768913401.24781,-2.026080347579801,3.5525424146166777,4.089689374818041
1768913401.2678165,-2.039499862353768,3.58007720865621,4.120256364412374
1768913401.2878726,-2.04825186186691,3.128458734180551,3.739330119301028
1768913401.3077686,-2.061741481790984,3.003144760312683,3.642753956710665
1768913401.3279746,-2.1268704894287573,2.9632838587380483,3.6475511382652854
1768913401.3478022,-2.141140824992903,2.9331544234207314,3.6315119308745074
1768913401.367719,-2.1559798025982664,3.18168933778356,3.843357380127074
1768913401.3879454,-2.1703568082451117,3.2082116632102675,3.8733797581768687
1768913401.4077754,-2.2193526688030505,3.3055415009766413,3.9814734562975715
1768913401.427713,-2.197158703978025,3.5593838183813773,4.182908023973464
1768913401.4478993,-2.21137649319172,3.730660318055616,4.33682054082893
1768913401.4678094,-2.1960621709301233,3.544227963917617,4.169441319746081
1768913401.4878988,-2.2098144940692332,3.6662100248190406,4.28069807908501
1768913401.5077229,-2.2555397198607374,3.6917727917924346,4.326273890322752
1768913401.5286427,-2.2706576283351105,3.690901933078411,4.33343318221458
1768913401.5477233,-2.2105538426340146,3.717435035490645,4.325028500978617
1768913401.5677783,-2.223434028622716,3.8410794847173158,4.4381922544605565
1768913401.5879977,-2.1720265233876948,3.714593639006324,4.3030111690821675
1768913401.608048,-2.183611924113657,3.8368287918422546,4.414681892621601
1768913401.627723,-2.2317610989640366,3.711721613853374,4.3310085363106205
1768913401.6485643,-2.2443824129707672,3.904417237363152,4.503523773565649
1768913401.667758,-2.1966301024472616,3.712475009472051,4.313659061971863
1768913401.6881745,-2.2078137267649787,3.898050788869746,4.479870690622656
1768913401.7078297,-2.2473923134286715,3.8955763912024715,4.497364520488899
1768913401.7280037,-2.2594143404141986,3.874379570185397,4.485060781699542
1768913401.7479491,-2.2425962786287816,4.246935186507766,4.802675977756298
1768913401.7677348,-2.2538030432045066,4.272338188748808,4.830372838259935
1768913401.7878063,-2.189125803066174,4.315602483237278,4.8390801372754595
1768913401.8079698,-2.21687901670718,4.755084617665524,5.246463789627818
1768913401.827887,-2.2269165889885247,4.890752188109342,5.373882624305131
1768913401.8478267,-2.181959044677432,4.882121769947485,5.347528237348992
1768913401.8677442,-2.1910161578253686,4.998412225260502,5.457533928202873
1768913401.8881636,-2.2713506129712115,3.9936512073531496,4.594375210302045
1768913401.9082172,-2.2818883183611915,4.053320943258864,4.651497067239126
1768913401.9277782,-2.325352102032724,4.270622944827835,4.862662103757363
1768913401.9478016,-2.336545741042362,4.316600590583416,4.908409789189193
1768913401.9679842,-2.2959022277636554,4.436446382966267,4.995320164752664
1768913401.9879081,-2.306107318164493,4.467230476694819,5.027353090325251
1768913402.0077558,-2.291004324668185,4.5166382586778475,5.064456730529029
1768913402.0278187,-2.2797577053113853,4.6916191740363615,5.216184972670377
1768913402.047876,-2.2888932054841558,4.819662090189688,5.335557587518212
1768913402.0677886,-2.2726353976563454,4.867980973639547,5.372346825214959
1768913402.087802,-2.281308937397574,4.977122802636515,5.47504537518863
1768913402.1078603,-2.2899519525822365,5.104818712221672,5.5949132280835
1768913402.1279109,-2.286027367087385,4.932917755345908,5.436873982729359
1768913402.1477673,-2.3001445319748623,5.000375702246711,5.504036885013866
1768913402.167835,-2.3087197500009182,5.092323280002947,5.591238080434804
1768913402.1877656,-2.4004133389652984,4.867927026241503,5.427586731752426
1768913402.2077703,-2.410613690167393,4.923213005692084,5.48170453988886
1768913402.2278194,-2.431998656959375,4.858399295662974,5.433107875199118
1768913402.2477927,-2.442166097791321,5.047174497396007,5.606972949494756
1768913402.2678974,-2.524536875865728,4.8743078323222235,5.489277118332036
1768913402.2878737,-2.536177806160013,5.02781918863095,5.631266612230698
1768913402.3077052,-2.5260314286883276,5.028722419668888,5.627511346305906
1768913402.327968,-2.602321726206478,5.045498079195788,5.677070479909039
1768913402.3478482,-2.614786974721063,5.14858444822184,5.774515801661877
1768913402.3678942,-2.5420918995379234,5.121333197183766,5.717541861873232
1768913402.3878443,-2.552936689289136,5.209736014947161,5.80162348700397
1768913402.4077282,-2.511121869724002,5.231131481265237,5.802626096767773
1768913402.427802,-2.5209618506775415,5.321517592892661,5.888446157012701
1768913402.447797,-2.625446144827192,5.475059308487872,6.072004767031038
1768913402.4682622,-2.637348570752061,5.571294363826631,6.164002625896125
1768913402.487912,-2.6487989151134568,5.63082847231734,6.222729704668672
1768913402.5079136,-2.729991842073529,5.570562850966681,6.203549462554325
1768913402.5285747,-2.7608581850309597,5.818563018120685,6.440342654990815
1768913402.5479422,-2.7738700892633115,5.911528318956115,6.529971082472707
1768913402.5677798,-2.7286701065489956,5.936639361269201,6.533707022521357
1768913402.5877426,-2.7408085365109445,6.04917788141789,6.6411282531544815
1768913402.6077821,-2.734775050464024,6.193481515163306,6.770392001598583
1768913402.6290016,-2.7470970661477456,6.360676928877403,6.928546260536248
1768913402.647854,-2.7888018559042282,6.366830407299439,6.950823348842035
1768913402.6679711,-2.8011787715687135,6.498500989132339,7.076518749783765
1768913402.688011,-2.8151232845072247,6.645824602101044,7.217472116251385
1768913402.7082453,-2.827521190297971,6.781665420628478,7.347507193527073
1768913402.7277982,-2.9639833465949743,6.724079430845535,7.34836318313217
1768913402.7479644,-3.093032348506222,6.946087460454841,7.603616252625714
1768913402.7676933,-3.1098017800974747,7.105341500064256,7.756077935660058
1768913402.7878036,-3.09211672972642,7.301559860920037,7.9293103276926065
1768913402.8093004,-3.10857272420224,7.391615246105005,8.018678215772603
1768913402.8277917,-3.2189602954320935,7.510125422290876,8.170905044247423
1768913402.8478553,-3.2370641907615676,7.600425186455496,8.261056082004158
1768913402.867845,-3.2551463697453378,7.704153249228007,8.363608980341962
1768913402.8878055,-3.366982007378125,7.936697671034764,8.621353592065267
1768913402.9078825,-3.366770250196869,6.898837003024347,7.6765287670866345
1768913402.9278986,-3.3863390953295314,6.963710917258879,7.7434205754116014
1768913402.9477916,-3.48192800111899,6.899682047476183,7.728482060614596
1768913402.967758,-3.5028109336508284,6.950798577701946,7.783526533948939
1768913402.9877381,-3.5682261347535116,6.978455885757633,7.837798434394912
1768913403.0077565,-3.5899980422695803,7.010774881235584,7.876487185215452
1768913403.027818,-3.5768555988459863,6.7953219166064756,7.679211933871091
1768913403.0489147,-3.680376804057966,6.754450425519053,7.6920591502303495
1768913403.0689979,-3.702603563045936,6.844382512557026,7.781699372455664
1768913403.0877552,-3.601986931614179,6.593388338100773,7.513127154023324
1768913403.10781,-3.622273854535498,6.682126023264502,7.600768123554364
1768913403.127941,-3.9512421746394235,6.544922676427419,7.645150591261308
1768913403.1478605,-3.9773271685610316,6.630436872972602,7.731870700693876
1768913403.1680264,-4.013554048488459,6.425669666751638,7.576136664973131
1768913403.1878595,-4.039637507144954,6.496747969698099,7.650255248742271
1768913403.2078445,-3.932655200920705,6.225739487922233,7.363803983051345
1768913403.227765,-3.956261572643859,6.275875418023581,7.418801648091902
1768913403.2478747,-3.9800845228911474,6.3825637508486395,7.52184770139656
1768913403.2680893,-4.252331510722888,6.0699295039806955,7.411232519654347
1768913403.2877774,-4.07750815240266,5.981109200254039,7.238766469383695
1768913403.308023,-4.101940782718569,6.017071926096989,7.282243661726402
1768913403.327694,-4.3291779667219785,5.832098856997284,7.2632746709277125
1768913403.347919,-4.525092553339417,5.759372583936866,7.324399987500099
1768913403.3679483,-4.5565465532660685,5.809961602091263,7.38361498927563
1768913403.3878262,-5.717098392758188,-12.886861656331984,14.098099779116254
1768913403.4078214,-5.7704295721076235,-13.155159850027538,14.365099655986754
1768913403.4278774,-5.666544821260154,-13.806108806919745,14.923751894207342
1768913403.4479914,-5.7169361572068,-14.081487164438897,15.197751142449855
1768913403.4679708,-5.767212769800759,-14.371280707608982,15.485297940596658
1768913403.4879434,-5.791542300392148,-13.951806970129326,15.10612061215522
1768913403.5081232,-5.804036975062349,-14.022662502529645,15.17636019827356
1768913403.5277815,-5.852208843754971,-14.302135445033478,15.453136466070791
1768913403.547747,-5.861237442647196,-14.135110371886903,15.302138725828954
1768913403.5678134,-5.909658961016746,-14.394166195344432,15.560079996411393
1768913403.5878892,-5.819313751448281,-14.257338848990337,15.399224772459299
1768913403.6078448,-5.864833438126511,-14.498564790022332,15.639841822328068
1768913403.6277914,-5.9414154292029275,-14.344907511597157,15.526647700603215
1768913403.6479237,-5.987635548138547,-14.589418364742158,15.770317297974957
1768913403.6678202,-5.895625353096105,-14.400684191933436,15.560787367606792
1768913403.6888266,-5.939188310985146,-14.63623944218417,15.795362066198107
1768913403.7078784,-5.965980039225307,-14.489768988727796,15.66991777818673
1768913403.7279935,-6.009150187844262,-14.73203409506353,15.91045928181154
1768913403.7479482,-6.029959842629063,-14.606639439055382,15.802352084619784
1768913403.7678154,-6.0583761097404105,-14.631270829835199,15.835971936798188
1768913403.7878559,-6.100943446006616,-14.83738295261415,16.042738039807794
1768913403.8078315,-6.069624698894003,-14.712403500602761,15.915249314728705
1768913403.8279903,-6.111094275275391,-14.920911640760693,16.123866702273734
1768913403.8478165,-6.085751189343354,-14.789044189067337,15.992254236497756
1768913403.8679135,-6.125902212973913,-14.979094236159924,16.18332296095824
1768913403.8895683,-6.089122280926974,-14.84806388744424,16.048127970505067
1768913403.9081573,-6.126236259884671,-15.006896306859133,16.209185898025478
1768913403.927763,-6.120539137925813,-14.863276255084717,16.074140113046383
1768913403.9477751,-6.15798511976402,-15.045524535261283,16.2569551047047
1768913403.9678895,-6.098594274706754,-14.929135074748242,16.126745679385042
1768913403.9877727,-6.134187011880419,-15.08390302526259,16.283500261683553
1768913404.0077655,-6.169709500159281,-15.268343463065342,16.467775424218228
1768913404.0277836,-6.235043289488353,-14.980372954597964,16.226131352871636
1768913404.047917,-6.161600296545939,-15.009131335324248,16.224652281494578
1768913404.0678825,-6.19551436429699,-15.174362484202298,16.390414120460058
1768913404.0879722,-6.183852995511733,-15.069677527066737,16.28911350073661
1768913404.1084957,-6.217647175307418,-15.226075377994775,16.446656432630526
1768913404.1277866,-6.203441959195664,-15.116903667058647,16.340240776079174
1768913404.1479251,-6.235791049128187,-15.255072887317105,16.48036221706746
1768913404.1679158,-6.278691815204968,-15.146853554557357,16.39661988074154
1768913404.187756,-6.341995021152899,-15.161562731923546,16.434533316233264
1768913404.2079566,-6.375177569251224,-15.29211915475534,16.567793977555343
1768913404.2278292,-6.311748520506406,-15.187399235274398,16.446740252029524
1768913404.2480192,-6.343363473236905,-15.30909192570978,16.57125691501488
1768913404.2680132,-6.274472959803945,-15.208456094930703,16.45193446725174
1768913404.2878814,-6.30365533559344,-15.328036341209064,16.573616644154086
1768913404.3078945,-6.343873329246688,-15.22521682591628,16.493997581353398
1768913404.327856,-6.373130990449521,-15.34554259401338,16.61633160857435
1768913404.3477554,-6.3540183921289,-15.24448257259224,16.515683414063762
1768913404.3678436,-6.382531158029988,-15.356174166073671,16.629756131766094
1768913404.3882823,-6.3349673024521,-15.262246836540506,16.52476896124808
1768913404.4079652,-6.361485402045665,-15.364258415451353,16.62915912417726
1768913404.427714,-6.401548190714426,-15.26306273178205,16.55116017662669
1768913404.4481394,-6.428900826491395,-15.358104801483158,16.649388845546305
1768913404.4678013,-6.464579154304431,-15.262878581049623,16.575471221721894
1768913404.487849,-6.415199806517589,-15.266575634493165,16.559683576724638
1768913404.5079286,-6.441351045920569,-15.353028150904642,16.649518812844185
1768913404.5277488,-6.470418438337232,-15.260569961897854,16.575623980084536
1768913404.547877,-6.496427325293932,-15.342831366114929,16.661513806430246
1768913404.5678895,-6.46152392581277,-15.260896541765224,16.57245469754896
1768913404.5878417,-6.486436728389318,-15.340065607980279,16.655073529964895
1768913404.6081817,-6.511616419797917,-15.420521947847018,16.738985797909425
1768913404.627878,-6.540961554003937,-15.252143073747717,16.59554296770757
1768913404.6476855,-6.515977056283371,-15.254185119251723,16.587589356214846
1768913404.667801,-6.540107982614541,-15.327684653360599,16.66466109037698
1768913404.6877491,-6.584288134049143,-15.249615993123019,16.610347322373897
1768913404.7077193,-6.608701307389332,-15.319767469422743,16.684430115753813
1768913404.72777,-6.54229698947086,-15.250915782174907,16.59494146098235
1768913404.747767,-6.565045817226534,-15.31850089913602,16.666022212247128
1768913404.7678132,-6.587842412210783,-15.386096091432833,16.737132985757384
1768913404.7877195,-6.57350960719311,-15.245379454097723,16.602187303343047
1768913404.8078806,-6.573845311629354,-15.243875913047376,16.60093958285546
1768913404.8279872,-6.595417715635169,-15.306335953170905,16.666836987114458
1768913404.8479524,-6.555415584719934,-15.2442252502792,16.593971103073518
1768913404.868024,-6.605783027483327,-15.240962509669771,16.610939396293826
1768913404.8877656,-6.6265539696567775,-15.299056325053755,16.67250257009851
1768913404.907845,-6.5536943126722305,-15.242381792167429,16.591597627779837
1768913404.9279265,-6.572876620331594,-15.299035541841754,16.65122204454192
1768913404.947974,-6.596714914952184,-15.238657568641724,16.605220027553813
1768913404.967778,-6.615826760227157,-15.292359347252244,16.662095250202803
1768913404.9877884,-6.619309775508425,-15.235184003461463,16.611023253354062
1768913405.0077822,-6.6382262832128855,-15.287176954703408,16.666248151025275
1768913405.0278137,-6.640103093408787,-15.2321239658516,16.61651496560478
1768913405.0478613,-6.658816116409271,-15.282221792737719,16.6699170662178
1768913405.067826,-6.591157833995259,-15.233378622595257,16.598168147478784
1768913405.0878859,-6.608111150000484,-15.281473866783127,16.64904130909454
1768913405.1080034,-6.613487785119544,-15.230976958323044,16.60484506970459
1768913405.1284518,-6.630546888148447,-15.278066831177,16.654833476617107
1768913405.147818,-6.087894296544955,3.8470182239158888,7.201528044869752
1768913405.169257,-6.101146895407697,4.533075696274636,7.600840000124905
1768913405.1878803,-6.1067909391251884,4.84245704381253,7.79373375189011
1768913405.2081118,-6.647608434904059,-14.341411529884333,15.807175034562846
1768913405.2281544,-6.663863929747894,-14.382661706528673,15.851436535489183
1768913405.247766,-6.701386727961573,-15.196881783761391,16.6088470408791
1768913405.2678149,-6.7180294599716275,-15.253016854148008,16.666926620645146
1768913405.2878275,-6.64790747220526,-15.238111407503233,16.625122947710274
1768913405.3080919,-6.663075021824573,-15.293515656124484,16.681972001852397
1768913405.3279717,-6.6786127916182165,-15.236374708277182,16.635834306442074
1768913405.3477726,-6.693443604854592,-15.288574214711268,16.689598221949595
1768913405.3678725,-6.697774518450166,-15.234068281643303,16.641424816095853
1768913405.3878562,-6.7125318669975185,-15.28460238505675,16.69362615295849
1768913405.4080029,-6.657536250122547,-15.235013753244644,16.62613704331975
1768913405.4281921,-6.67109262587236,-15.28370892962095,16.676187677894003
1768913405.4477644,-6.674157683630902,-15.231608883917094,16.629680994492695
1768913405.467856,-6.687522307881419,-15.278391079228342,16.677895208576405
1768913405.488036,-6.691909924360211,-15.229619919819115,16.634992676220264
1768913405.5082583,-6.70534808090399,-15.275409599336236,16.682320921070197
1768913405.5277636,-6.707043688881854,-15.22633093617831,16.63807647604105
1768913405.5481033,-6.720918214108112,-15.226454967193654,16.643787805325637
1768913405.5677752,-6.733622179288511,-15.268141073727342,16.687054848014558
1768913405.5880013,-6.746664353395283,-15.310684406671747,16.7312443320297
1768913405.6078787,-6.1564927923923465,4.13434684363876,7.415876706518568
1768913405.6279104,-6.148778804589318,4.681467994840673,7.728106066461847
1768913405.6482732,-6.150066120859304,5.020943422736245,7.939344188612795
1768913405.6679199,-6.191998568300619,4.622447336179967,7.7270864914011534
1768913405.687731,-6.194029087325962,4.940133793554217,7.922809996008769
1768913405.7084508,-6.23544254846492,4.548802693912982,7.718312621509749
1768913405.727777,-6.238196086029251,4.844365567277585,7.8982889385724135
1768913405.747775,-6.24914008754526,4.501095247373193,7.701403135772774
1768913405.7677665,-6.2521058549310915,4.793532559684813,7.878247395329882
1768913405.7877748,-6.268715454877057,4.456463975396062,7.691349986719974
1768913405.8077383,-6.271911087994116,4.740722209929338,7.862017283587008
1768913405.8279788,-6.174815500926875,4.396889823321679,7.580302539405439
1768913405.8486292,-6.176198066522188,4.678655840825257,7.74824128649855
1768913405.8679554,-6.198275843863753,4.233711130584567,7.506193001372972
1768913405.8879719,-6.200011094973444,4.498812819380582,7.660251586052306
1768913405.9077282,-6.238878723109965,4.02826423360478,7.426339640591031
1768913405.9276776,-6.251549628493598,3.973686531141169,7.407567576829197
1768913405.9477332,-6.254168096957963,4.224462643747074,7.54723149329748
1768913405.9677985,-6.729791891041952,-14.385387184434911,15.881733637825507
1768913405.9878376,-6.741539259945659,-14.50148651834009,15.991918672723047
1768913406.0078273,-6.761234146291244,-15.188303772121845,16.6252476268844
1768913406.027794,-6.773098154109127,-15.306898989872511,16.73845916718013
1768913406.048146,-6.232465772808901,3.306294340749652,7.055154986030258
1768913406.0677314,-6.233671989735371,3.5518983052245403,7.174583475454746
1768913406.0877988,-6.223667401550227,4.231311458627438,7.525824379098333
1768913406.107795,-6.224783581282135,4.469390434884431,7.663118261728452
1768913406.1287665,-6.237231928610103,4.403844786170033,7.635241386619698
1768913406.1477225,-6.238427743241361,4.64336783557367,7.776814615514736
1768913406.1678317,-6.255285824441868,4.423104290927796,7.661099941515401
1768913406.1892512,-6.257004334007361,4.664196877730291,7.804155031136675
1768913406.207915,-6.273906841477436,4.430030142031278,7.680304298323279
1768913406.2278032,-6.308870603354393,4.380507961451379,7.680540234267908
1768913406.2477841,-6.311237971907247,4.630643177114543,7.827808184402667
1768913406.2680333,-6.3137426764331925,4.861314574358879,7.9684205445676515
1768913406.2878473,-6.226032738240673,4.364695852403003,7.603555322454663
1768913406.3077886,-6.229886590452551,4.383874865880934,7.6177323246228
1768913406.3277516,-6.230719034205175,4.5928474475366485,7.740549551520911
1768913406.3477736,-6.256152988503231,4.420280212318474,7.660178024757138
1768913406.3679566,-6.257462279140031,4.623986886472039,7.78055839263004
1768913406.3878615,-6.27301633449848,4.47135413224165,7.703488930919498
1768913406.4078345,-6.274669792756039,4.649492395019358,7.809562122133863
1768913406.4278448,-6.289479456434013,4.516268116299834,7.743011657695727
1768913406.447847,-6.291254178918074,4.723692345882519,7.867219872502816
1768913406.4677498,-6.181946795116982,4.63157570476497,7.724503847278882
1768913406.4877267,-6.18156391967298,4.841352280625905,7.851778422632953
1768913406.507841,-6.2007433054975705,4.752548087838946,7.8125495753879575
1768913406.527744,-6.200738686989749,4.954020074885179,7.936716901004893
1768913406.5477488,-6.221553126583371,4.931243486428372,7.9388214257118515
1768913406.5679536,-6.221917058017218,5.1438619586464895,8.072890915059867
1768913406.5878265,-6.235366366749413,5.125123192212705,8.071349420198974
1768913406.607746,-6.235992663336408,5.330060479742762,8.20348396810167
1768913406.6276546,-6.253725509603051,5.344307731105744,8.226220752825478
1768913406.6478174,-6.254732276426349,5.5364778948691935,8.353099025520095
1768913406.6677504,-6.262019532225819,5.494127751107143,8.330565909196284
1768913406.6884499,-6.263103201885334,5.706796126383871,8.473133053692493
1768913406.7078836,-6.142053819317004,5.706145581736315,8.383610351116962
1768913406.7281008,-6.14078177679789,5.895486670575437,8.512694280495788
1768913406.7479072,-6.180375304485283,4.608109700919627,7.709196710423281
1768913406.767991,-6.179890310401333,4.77068865285019,7.8070810467822
1768913406.7878265,-6.194347134239848,4.709580963426006,7.781393787139297
1768913406.808042,-6.194109967024027,4.886037594071055,7.889256090041828
1768913406.8278365,-6.2126545680395955,4.756923697026501,7.824666116909751
1768913406.847807,-6.223988412759526,4.698058078946687,7.798062674493011
1768913406.8682802,-6.224334107804948,4.878898654853572,7.90860209960749
1768913406.8878486,-6.2397786849109895,4.6732977727003515,7.795803365208462
1768913406.9078972,-6.240428635860138,4.849397919456017,7.903139233272281
1768913406.927914,-6.255284538994383,4.7018342536136615,7.825332581573572
1768913406.9479427,-6.2562140882325,4.875225347005568,7.9314586868926185
1768913406.9678414,-6.2572711930363445,4.980010636664986,7.99712127734092
1768913406.9878216,-6.139220931811661,4.845703594520167,7.821181303073091
1768913407.0078592,-6.147154077297983,4.857326664418437,7.8346107481426
1768913407.027761,-6.146130869626093,4.964613909147481,7.900779451008073
1768913407.048015,-6.162966884681695,4.510549938881191,7.637226039133862
1768913407.06803,-6.162241930482505,4.654201429857046,7.722358225275498
1768913407.0878236,-6.17215965635969,4.5769077732251375,7.683985918011748
1768913407.107711,-6.189788037602618,4.281339962933139,7.526177504461132
1768913407.1277788,-6.189645644108327,4.417188450519205,7.604161163930539
1768913407.1478002,-6.088199085240597,4.019037781668381,7.295123905185048
1768913407.1679053,-6.0861188572923,4.147650595238929,7.3650423084511045
1768913407.1880968,-6.109866942502014,3.8010599329011683,7.195730030273894
1768913407.2077603,-6.10830543785818,3.9443043250939454,7.271102525141742
1768913407.2277274,-6.127247976535769,3.709115399439689,7.1624510338516325
1768913407.247764,-6.126090606181274,3.80658812281267,7.212426724194911
1768913407.2678714,-6.140187256448029,3.498633372013643,7.066989105412172
1768913407.2880247,-6.139332361127567,3.5570013063830643,7.095326640402049
1768913407.3077157,-6.0399817660103565,3.249503886847151,6.858619047911345
1768913407.3277545,-6.037228610392677,3.3010869217634635,6.880792407795898
1768913407.3478405,-6.053516417187027,2.9129890182122367,6.717928701123431
1768913407.3682637,-6.0510956478269575,2.9453463375557263,6.729845732801256
1768913407.387799,-6.031816398193135,3.8692429000442985,7.166160037359955
1768913407.4079473,-6.029112974829795,3.9054548126520245,7.183507538586414
1768913407.4279206,-6.052130540666755,3.5594380187583567,7.021245123954418
1768913407.4482973,-6.049894851492992,3.6715582166458987,7.076833151370846
1768913407.4678855,-6.056777713141896,3.7453771126465654,7.121264352792213
1768913407.4877393,-6.060565900147715,3.726432330524723,7.1145454488683395
1768913407.5077882,-6.058626327084173,3.839904667945845,7.172992459925617
1768913407.5278788,-5.944490730229045,3.8483981354146977,7.081464414260822
1768913407.547881,-5.940406273745972,3.9630981744817433,7.141048511090022
1768913407.5677395,-5.939897797436931,3.9633115038778257,7.140743933286392
1768913407.587787,-5.935874193951727,4.039771156239205,7.180136032221416
1768913407.6077807,-5.939642078108225,4.076929803289694,7.204214366395932
1768913407.6277351,-5.935766180652577,4.127280330218149,7.229644740620698
1768913407.6478126,-5.939360194158522,4.160958575640535,7.251867055052186
1768913407.6682174,-5.9355456900070385,4.252070446034956,7.301424909988806
1768913407.6879113,-5.938908434244625,4.360509559143992,7.367813583806805
1768913407.7084434,-5.935180181620302,4.481336420065006,7.436984597140123
1768913407.728027,-5.819425560768582,4.523254604254944,7.370586548724618
1768913407.748489,-5.8133949417488395,4.6504168252525915,7.4445911504489874
1768913407.7679276,-5.807730715138935,4.789326211127914,7.52777401468489
1768913407.787849,-5.80193717988464,4.9153660303607225,7.604163218379249
1768913407.8077939,-5.8103710270815245,4.920100487741784,7.61365879730799
1768913407.8278332,-5.734961042414611,4.0243638879376675,7.006088984629732
1768913407.8479083,-5.728055362727851,4.103344495973893,7.046137544152437
1768913407.867881,-5.7241275617733605,4.075044231831605,7.026494277720396
1768913407.8878536,-5.717282152830571,4.138514824239927,7.057947305380553
1768913407.9078307,-5.725797796699418,3.994083521619409,6.98122221293375
1768913407.9278266,-5.719231742807175,4.039485653261899,7.0019323097871995
1768913407.9477317,-5.726869364476674,3.955652043023747,6.9601879143640515
1768913407.967759,-5.720521078944804,4.046251940808951,7.006890621606136
1768913407.987805,-5.724387333937925,3.786345297280725,6.863309774386467
1768913408.008012,-5.718174912293724,3.888725693955454,6.915179813310329
1768913408.0278168,-5.717058364067728,3.7471420694794872,6.835629453607018
1768913408.0479138,-5.697089960341876,3.5515412996384867,6.713440222364837
1768913408.067735,-5.690722020249098,3.631237556721949,6.750570591075688
1768913408.0877745,-5.567606374113947,3.5028620421922803,6.577863119866947
1768913408.107827,-5.559001313666436,3.546683908835657,6.59404749410701
1768913408.1277924,-5.553691537664619,3.3678105800672853,6.495047174481548
1768913408.1477916,-5.545082342671324,3.4260059130794502,6.518086736417417
1768913408.1678073,-5.536653267309545,3.416204421957371,6.5057652935692785
1768913408.1878326,-5.5360203785675735,3.222706912279069,6.405728801187789
1768913408.2077968,-5.531371074189603,3.2439618736761453,6.412437492735964
1768913408.2278762,-5.523108494939034,3.229556584986028,6.39802806984264
1768913408.2477257,-5.526346657832535,3.129933183772877,6.351140772917843
1768913408.267802,-5.5181893661050525,3.1472393481510643,6.352600207375341
1768913408.2878146,-5.504457850944126,3.0442967904210647,6.29021455762746
1768913408.307785,-5.4960234715993925,3.132841909617092,6.326213119317488
1768913408.327796,-5.4844089246303245,3.0652060304623596,6.282852000624204
1768913408.3480222,-5.4757395147898364,3.1722574295393215,6.328265199333721
1768913408.3677769,-5.363076910902588,2.9954460177194804,6.1429057291584686
1768913408.387777,-5.3454046530864545,2.8378686897823115,6.052012029539028
1768913408.4080143,-5.334510392614252,2.921123705358333,6.081937588541654
1768913408.4277697,-5.318815135343082,2.7895599717429533,6.005950322796984
1768913408.4479454,-5.308004788755409,2.814390182058151,6.007970284073954
1768913408.467909,-5.213626915818265,2.6630667181640817,5.854385532465204
1768913408.4877648,-5.201311384523413,2.6869594258657656,5.8543480486747415
1768913408.507831,-5.1982237255521415,2.686947389502979,5.851599454409885
1768913408.5283504,-5.185641984542138,2.708747932566286,5.850487001440842
1768913408.5479274,-5.1738080188885975,2.6962882269836363,5.834231707713237
1768913408.5678194,-5.187261118903062,2.7222269043941907,5.858173540847952
1768913408.5877545,-5.185617788610236,2.562025518471337,5.783995730189402
1768913408.607834,-5.173498448640243,2.664470059049254,5.8193201401583785
1768913408.6277518,-5.056345309470934,2.7485506700513653,5.7550984938963925
1768913408.6483994,-5.041868904561164,2.830918073241129,5.782260733327758
1768913408.6677656,-5.037849217541521,2.8498813897221247,5.788069511863885
1768913408.6880758,-5.009235961159911,2.723335688185184,5.701666614694402
1768913408.7079356,-4.995161429290139,2.764694646400102,5.709218352147804
1768913408.727972,-4.903919477397389,2.7041656711603643,5.600083768827004
1768913408.747916,-4.888498523196238,2.7249447066053527,5.5966723564407745
1768913408.7678998,-4.896206896119611,2.735905464737776,5.60874501841466
1768913408.7877579,-4.881464646684046,2.7153001472687386,5.585834940864601
1768913408.807853,-4.884330545455751,2.7439721127307166,5.602327001587461
1768913408.8277578,-4.869618218877487,2.7679406000309292,5.60131027197415
1768913408.84791,-4.875729470779938,2.725712196047006,5.58589696001559
1768913408.8681645,-4.861092431970905,2.7480736583980487,5.584096029273319
1768913408.8877842,-4.876766399317847,2.8609163177207186,5.653997938672797
1768913408.9078178,-4.862760553328121,2.9097637552203395,5.666847916628607
1768913408.927797,-4.7528743774394435,2.7767147936025047,5.504539934702207
1768913408.948695,-4.733038612368702,2.8277166666167837,5.513405123227876
1768913408.967852,-4.717357423421588,2.925131545833807,5.55066262897889
1768913408.9877667,-4.760950969852124,2.3303889499917467,5.300694935155155
1768913409.0079098,-4.744946035301844,2.504496826327429,5.36535341156674
1768913409.0277689,-4.631889511918733,2.620684222346707,5.32187807487918
1768913409.0477414,-4.615268146729759,2.63734865951087,5.315666281666122
1768913409.0677783,-4.609897258166303,2.598119208997165,5.291632654957187
1768913409.087941,-4.593391511301933,2.615184274307925,5.285682015093996
1768913409.1078608,-4.6120051586172295,2.516607863660809,5.253942017433325
1768913409.1279283,-4.5962068037385775,2.5332885261112743,5.2481108733771835
1768913409.1477287,-4.524731415201798,2.448123541454681,5.144560550128522
1768913409.167771,-4.506989168509984,2.5603072681450953,5.183447180437254
1768913409.1877508,-4.513627110526327,2.4408606580773444,5.131338075495319
1768913409.207892,-4.495992200311269,2.5769432696196297,5.182140723687237
1768913409.2278423,-4.4304292909282506,2.361134885203729,5.02032485483171
1768913409.247811,-4.411828925827921,2.4969809856241767,5.069432760510847
1768913409.2678218,-4.393592293726749,2.6365587009893723,5.1239725826020805
1768913409.2879918,-4.375044191312213,2.7514511765367473,5.168316481486035
1768913409.3077748,-4.383532921987603,2.5709674892906484,5.08185347182882
1768913409.3277898,-4.392084393672259,2.4315169278891915,5.020227075715908
1768913409.3477893,-4.375756195466942,2.418262776502189,4.999523691151329
1768913409.3677864,-4.215094642307619,2.480157586552476,4.8906241419418235
1768913409.3877578,-4.195740127823026,2.4939753644651788,4.880998703009825
1768913409.4078553,-4.210853929750771,2.394797385833485,4.8442074002763755
1768913409.4277658,-4.191896602424859,2.4351395812943046,4.847876020053244
1768913409.447802,-4.211364139624327,2.442195879896989,4.868255193834807
1768913409.4677138,-4.193642407569142,2.4324906206153294,4.84805602916714
1768913409.4878333,-4.128485810523784,2.5319738650020938,4.843065841050467
1768913409.5080693,-4.108315412953553,2.6526728513205278,4.890289233618468
1768913409.527729,-4.011594716736857,2.692803749016001,4.831571607879334
1768913409.5483963,-3.9889996459854973,2.8673248491780754,4.912603176156863
1768913409.5679135,-4.032865688025349,2.3794554569917175,4.682500820016996
1768913409.5880299,-4.01237065530582,2.498011032861207,4.72643389839058
1768913409.6077237,-3.9392919571578084,2.4815820646320823,4.6557782021088405
1768913409.6279283,-3.9177042196171765,2.602727827079754,4.703466646449353
1768913409.6479416,-3.965631776006325,2.095803221062816,4.4853791951504345
1768913409.667911,-3.9461506239633035,2.1570753004847596,4.497230102959753
1768913409.688251,-3.926742736621549,2.1602446291130804,4.481736870591803
1768913409.7077832,-3.971318220177353,2.202363433028083,4.541120246927168
1768913409.727794,-3.90589683767631,2.202089700616689,4.483885497660695
1768913409.7478294,-3.8860557911684896,2.3213132488402692,4.526579813867809
1768913409.768206,-3.80723200853417,2.2565935929731076,4.425746288554554
1768913409.7877593,-3.786399537606221,2.3760529119869602,4.47017325155819
1768913409.8077972,-3.779869398450135,1.8781081518810403,4.220746722974716
1768913409.827927,-3.758804746110106,2.014390303138825,4.264549379800823
1768913409.8479855,-3.759918336896246,1.861524250393014,4.1955045506982716
1768913409.8677652,-3.6944043539353717,1.9034900538879178,4.155947294616097
1768913409.8877845,-3.6741868907774426,1.8988377454844212,4.135847445450228
1768913409.9077594,-3.69276710814436,1.7940800132762007,4.1055148287431615
1768913409.9278524,-3.6725124898909414,1.8714039388098094,4.121832200684282
1768913409.9477637,-3.6305634470770607,1.7742963837631578,4.040930412749901
1768913409.9678416,-3.6103864728235626,1.7934906693042425,4.03131483067606
1768913409.9883306,-3.5881386128320973,1.9766932785717586,4.096590658394785
1768913410.0079172,-3.5585756167988976,2.072625760078102,4.118159535741055
1768913410.0277512,-3.5498453075934266,1.677061717162708,3.926058801268239
1768913410.0478294,-3.529701980136356,1.6868543418785134,3.9120676935979652
1768913410.0677338,-3.510247866952264,1.642038450536237,3.875323258836915
1768913410.0877118,-3.4417174856160626,1.6235116957643445,3.8054184365295454
1768913410.107931,-0.9003104142433855,2.0237256794378435,2.2149547326325334
1768913410.127826,-0.8303368143638556,2.1008146355803383,2.258955811510368
1768913410.14777,-0.7809453996050622,2.016773272429216,2.1626951124809892
1768913410.1677392,-0.7680920445837456,1.745908811692102,1.9073969087992584
1768913410.1879086,-0.6994297392239727,1.7840538598205082,1.916259412201638
1768913410.207973,-0.7100268579885352,1.8111792589142244,1.9453813114621386
1768913410.2279441,-0.6418145582626483,1.9894100598778746,2.0903775528696165
1768913410.2478504,-0.7205894516665416,1.9405120743972848,2.069984605917334
1768913410.2677124,-0.6569502432463964,1.9195283023931964,2.0288352633444653
1768913410.2884085,-0.7093375369228454,1.7529745018824947,1.8910524438888388
1768913410.307912,-0.6500175696602218,1.7075713841952265,1.8271077890998613
1768913410.3279185,-0.7184238730469649,1.5419284439857304,1.7010808880638384
1768913410.3477736,-0.6608992112743388,1.4322360048479812,1.577367344991632
1768913410.3678446,-0.6850391410001392,1.3848630398512238,1.5450321238887499
1768913410.3877451,-0.6280423462468957,1.3312482280195326,1.4719575514546779
1768913410.407973,-0.670736640653582,1.4224885567386298,1.5726923841513325
1768913410.427796,-0.6153829882039321,1.42973707465711,1.556548850765652
1768913410.4477663,-0.5587065165248951,1.5481631340627438,1.6458924816883878
1768913410.467784,-0.6744135393583557,1.588846780566378,1.7260555362403633
1768913410.4882307,-0.7151647038418658,1.3053574007300188,1.488428196878121
1768913410.507817,-0.6653071040409422,1.3676225769871593,1.5208632600507987
1768913410.5278926,-0.687442832639977,1.2882267091582325,1.4601731754612959
1768913410.5478003,-0.6494176376610244,1.1022047346149364,1.2792961131469165
1768913410.567976,-0.5989815640524454,1.205234872417238,1.3458714692589742
1768913410.587793,-0.6610381997910258,0.9682035155694351,1.1723436139391785
1768913410.6080008,-0.6141039541540412,0.9283857954364567,1.113114482735631
1768913410.628084,-0.6052226319226376,1.0163992833473063,1.1829462952223497
1768913410.6478868,-0.5602495541771674,0.9261972720508069,1.082460599610938
1768913410.6677935,-0.6548710437565922,0.8825502764628688,1.0989772856777045
1768913410.68776,-0.6114568194131985,0.875806928388398,1.0681372654392436
1768913410.7079859,-0.7122426560634071,0.790199836546698,1.0638164234465854
1768913410.7279196,-0.6713366443466305,0.8410801616243138,1.0761546024250308
1768913410.7492588,-0.5826601016812626,0.8382673922655179,1.0208746323750293
1768913410.7677271,-0.5421451805088412,1.0164934571713093,1.152033135470089
1768913410.7878222,-0.5618587563128355,1.035433824982781,1.1780528290207866
1768913410.8077822,-0.5212649220148534,1.0599172313848033,1.181161147477167
1768913410.8279016,-0.4803839631625293,1.112278617616071,1.2115826324562664
1768913410.8479693,-0.5647715712378865,0.826866554913896,1.0013367202463346
1768913410.8678925,-0.528648200099424,0.7759380372186877,0.9389082793708607
1768913410.887753,-0.49068791214728413,0.7931934697680987,0.9327006527338858
1768913410.9077663,-0.5110669316717178,0.752987152648604,0.9100434389094821
1768913410.9278011,-0.47447250588444956,0.7126121512265797,0.856119288952213
1768913410.9477808,-0.5104379980048472,0.6205116337994863,0.8034809502954654
1768913410.96792,-0.4754995130357612,0.5522312125409305,0.7287380180844639
1768913410.9878485,-0.6220059779292535,0.39764801543763983,0.7382515701041349
1768913411.0079618,-0.5896016560572759,0.4415316954636337,0.7366005368749559
1768913411.027879,-0.5606652151490099,0.6627186887476268,0.86806770697536
1768913411.047816,-0.5276710964190516,0.7645309510645744,0.9289479862359284
1768913411.067823,-0.5666153614205552,0.4081635917497497,0.6983197587264753
1768913411.087796,-0.4805298507807805,0.4141011835883317,0.6343411761352532
1768913411.1078238,-0.44817354421197075,0.4799350967608351,0.6566560917514978
1768913411.12772,-0.512193423989429,0.28669438293624694,0.5869716967496903
1768913411.1478395,-0.4829735737387698,0.20786658075646525,0.5258060367905479
1768913411.1677494,-0.48457317821886836,0.22558205054987024,0.5345076487567033
1768913411.187829,-0.4554930230579275,0.20516182486840862,0.4995650792817541
1768913411.2079833,-0.4270281392229257,0.09938467105615922,0.43844081074773983
1768913411.2277062,-0.5179399981920291,0.3405493395498125,0.6198674813175575
1768913411.2479742,-0.5082028373426221,0.2039182198403724,0.547588133788487
1768913411.268385,-0.4815393987142955,0.15641956180413974,0.5063074874314267
1768913411.287918,-0.6539120788238952,0.1142742226139366,0.6638219676884818
1768913411.3077872,-0.6301279465948272,0.23956660040131172,0.6741315784827582
1768913411.3277583,-0.5376750601883973,0.19849162547918509,0.5731434338226041
1768913411.3476982,-0.5132764535297676,0.23733623448399466,0.5654920034334149
1768913411.368215,-0.5519420462258405,0.18576220349916106,0.5823638198247137
1768913411.388031,-0.5286112347670493,0.2833838327460233,0.5997801548765769
1768913411.4080043,-0.5932774046317475,0.17291956628667404,0.6179637976866879
1768913411.4278533,-0.5362844487418502,0.14865031368148252,0.5565050994554797
1768913411.4478962,-0.5147915309370931,0.09933905179230917,0.5242886299888175
1768913411.4678106,-0.5981702088554607,0.03833007977272662,0.5993970251657652
1768913411.4880161,-0.5788103737144108,-0.04084756124423583,0.5802499219982864
1768913411.5079362,-0.6093943692131429,-0.15963394427404376,0.629955945597129
1768913411.528062,-0.5914898991260715,-0.29538815051099543,0.6611463228593779
1768913411.5479774,-0.701626523812381,-0.12154826751748149,0.7120770746580365
1768913411.5678341,-0.685675261462982,-0.16543292577241653,0.7053499961805845
1768913411.5878952,-0.6698632644721892,-0.2390916523745883,0.7112535492526902
1768913411.6079426,-0.9152386256613824,-0.2259486075864936,0.9427165614185481
1768913411.6278906,-0.9033567926660686,-0.18953246998756534,0.9230254882913655
1768913411.647844,-0.7899920583368137,0.6030174275361893,0.9938397608003008
1768913411.668496,-0.8099439408753777,0.6126432165235198,1.0155495547303546
1768913411.687724,-0.7975083622087372,0.6382650050042782,1.0214704128881922
1768913411.7077503,-0.8381723521637918,0.5559651045621785,1.0057982349470582
1768913411.7277606,-0.8258990135078734,0.6237446323411633,1.034971761396267
1768913411.7477732,-0.8333505985519155,0.4214951068849633,0.9338797273925602
1768913411.7679403,-0.8206710056940822,0.5627732058309958,0.9950952621675137
1768913411.7877433,-0.8432877809469224,0.3494165235081099,0.9128122415890784
1768913411.8077168,-0.8323082285153343,0.3810072636870938,0.915370702085587
1768913411.8277638,-0.9581628531490766,0.4120368247609356,1.043000670236531
1768913411.8478618,-0.949742840055234,0.4439405083398582,1.0483771445339858
1768913411.8678741,-0.9852885155612687,0.3498642883323497,1.0455613225187848
1768913411.887733,-0.97776182898479,0.38214312528340244,1.049786436577006
1768913411.9081595,-1.1878670638614472,0.48984097307160956,1.284901685074215
1768913411.927765,-1.1838441836723503,0.6022306347590058,1.328220158203108
1768913411.9479234,-0.9989585232198749,0.5944026438986647,1.162425324133708
1768913411.967825,-0.9908151915747454,0.7755714472786819,1.258263014512168
1768913411.9877107,-0.9847209186808682,0.7304625601074943,1.2260713027416015
1768913412.007767,-1.134198722734483,0.6046825504999891,1.285320088356089
1768913412.0278773,-1.093290625692159,0.5411238600166968,1.2198768069381933
1768913412.0478456,-1.089046262686368,0.5351729794572719,1.2134380413570027
1768913412.0677116,-1.0976243238522794,0.6375077284248452,1.2693286651271922
1768913412.0884135,-1.0937787177886236,0.6048265246227746,1.2498667962525405
1768913412.1077962,-1.1472989493801773,0.6220873345191178,1.3051005827207187
1768913412.1279302,-1.1452506756515437,0.5227714340750786,1.2589237794105057
1768913412.1477509,-1.1067597817039725,0.5048155534677594,1.2164522010421885
1768913412.1680071,-1.241022954071008,0.5111476886010413,1.3421661343117395
1768913412.1877823,-1.240316924507895,0.48470815242966037,1.331663646065514
1768913412.2078764,-1.3326341115528324,0.5440289994993428,1.4394030802976847
1768913412.2277946,-1.333567223079886,0.5369966318199948,1.4376254453295607
1768913412.2482948,-1.3847596945250054,0.6133175641832604,1.514502507794779
1768913412.2678373,-1.3860401005118284,0.6748656678665794,1.5416065742892522
1768913412.2878468,-1.3017667610351369,0.7298049694125615,1.492384666738164
1768913412.3077915,-1.3017087289745075,0.7611721251334167,1.5079219539381175
1768913412.3282883,-1.2706091603156144,0.7342125343508803,1.4674861784275495
1768913412.3478835,-1.2697741284775188,0.7867153061142043,1.4937360242777868
1768913412.368029,-1.2700920165735812,0.7063958401661852,1.453316487750702
1768913412.3878183,-1.4665601087789906,0.8046029317952756,1.6727774599495886
1768913412.4077742,-1.6205700594671293,0.8067136857254491,1.8102580723140094
1768913412.4278815,-1.6264746886119394,0.85261659814672,1.8364027271082426
1768913412.4479086,-1.5586879922445447,0.847070043615255,1.7739887023196286
1768913412.4677217,-1.5624171049147129,0.9717399472860899,1.8399526447388928
1768913412.487727,-1.4487898288913672,0.9459904548419322,1.730286077199699
1768913412.5079014,-1.4508795334819953,1.0029281011434428,1.7637789534803177
1768913412.5279112,-1.4581154091823474,1.0256012721966208,1.7826829544331015
1768913412.5487943,-1.341846436794172,0.872320331344488,1.6004670007264046
1768913412.5677793,-1.342336166762288,0.8531541948086883,1.5905151570223197
1768913412.5877347,-1.3009270009581342,0.8876579130981668,1.5749119443663249
1768913412.6078932,-1.300885021462332,0.8394906425188946,1.5482397675882886
1768913412.6278343,-1.1784343875721044,0.8616811864192897,1.459863717215205
1768913412.6481497,-1.1760196652766308,0.8098837084702346,1.427912418309631
1768913412.6682334,-1.296211360440096,0.8948807249212294,1.575111235046436
1768913412.6879256,-1.2965084002884004,0.8148323955718748,1.5313020162240327
1768913412.7078257,-1.1921534750585274,0.9614920629349868,1.531566810550914
1768913412.7279046,-1.1903296441685607,0.897008364167247,1.4904726321447344
1768913412.747732,-1.1885192261165605,0.8330040516600814,1.4513695948761016
1768913412.7677925,-1.1214770877814177,0.9735196292895143,1.4850762024322803
1768913412.7878199,-1.0226391960091716,0.816031042085438,1.3083186106072675
1768913412.8080053,-1.0171382598093412,0.8143538698647248,1.3029744682577737
1768913412.8276987,-1.0837667914580242,0.8603515635508803,1.3837468233646157
1768913412.8485134,-1.0565603004371282,0.6605250291727138,1.2460389169778805
1768913412.8677433,-1.0530126947956964,0.5584534690451015,1.1919337282287983
1768913412.887803,-0.8729249953049775,0.6083321904366557,1.0639859497895894
1768913412.9078074,-0.8652003506841245,0.5784266598068406,1.04074446796475
1768913412.9278429,-0.9177677298776106,0.562545349652817,1.0764547721203679
1768913412.94774,-0.9116384651075375,0.48466851393553334,1.03246707427603
1768913412.9677596,-0.7878581207015167,0.5390742321837916,0.9546315761380775
1768913412.9876835,-0.7793725410210369,0.47713757743809815,0.9138281159501961
1768913413.007828,-0.7600230394124555,0.3329810330487746,0.8297658638483365
1768913413.0277488,-0.7511875897124599,0.28245519869694746,0.8025358149073144
1768913413.0478895,-0.5688763550582576,0.433133473669324,0.7149999394106434
1768913413.0677652,-0.5561934399605264,0.43872418236908395,0.7083996406341161
1768913413.087834,-0.5478925725722171,0.33071554807057524,0.6399680029621975
1768913413.1078172,-0.5354105720167899,0.3183015741342814,0.6228807050500983
1768913413.1282077,-0.5229966339165573,0.273700256547853,0.5902857863123675
1768913413.1481616,-0.5372838393734619,0.29779946424273085,0.6142950797093735
1768913413.1677468,-0.4673539364010909,0.3148076451482851,0.5634922850522476
1768913413.1878855,-0.26463914478649286,0.26547440962765734,0.3748473544264112
1768913413.2080574,-0.24815352210144237,0.21789221526179858,0.3302380777606438
1768913413.2278955,-0.17640979875369744,0.2679979346654964,0.32084779893477794
1768913413.2478595,-0.1593220766175072,0.18466749381797776,0.2438967145550093
1768913413.267702,0.07985096896672883,-0.26931497592997644,0.2809034238044978
1768913413.2881207,0.10128298806837865,-0.39953157658102256,0.4121695335142771
1768913413.30773,0.10476236022191454,0.04737591252217044,0.11497664635296391
1768913413.327838,0.12640621938398855,0.008103463941743883,0.12666569554069557
1768913413.3480203,0.1474290324605505,-0.07746423032044447,0.16654136600674596
1768913413.3677971,-0.0706816744774994,0.3515906313279764,0.35862497284008016
1768913413.3878162,0.022267033479598686,0.20717235135184708,0.20836555364223414
1768913413.408006,0.040716401985287476,0.15574083840335717,0.16097525939475338
1768913413.427851,0.12457277188971427,0.30927507950125843,0.3334208306281965
1768913413.4478116,0.14462671268851368,0.3118418691299851,0.3437473452487578
1768913413.4677813,0.16735427600892483,0.22206814613910453,0.2780678248703544
1768913413.4877703,0.18731524579911285,0.19841551433096605,0.2728657502069541
1768913413.5078235,0.2065023893176926,0.10579316374490944,0.2320246329359732
1768913413.527929,0.2657847312266147,0.06660188262491573,0.27400243451908757
1768913413.547904,0.17397682150516136,-0.14829219488002998,0.2286012018414942
1768913413.5682492,0.2955598535171,-0.05767550385876419,0.3011346721259642
1768913413.5877564,0.31523159761217545,-0.11220546702834788,0.3346057784381109
1768913413.6078544,0.4721910089531236,-0.102223058472104,0.48312928147604556
1768913413.6277559,0.4948232388925181,-0.17079740578265934,0.5234709080456798
1768913413.6479473,0.42412336774858994,-0.09537373296366702,0.4347145960395516
1768913413.6679068,0.44533958489923564,-0.13238144994088508,0.46459896057425115
1768913413.6877358,0.49286691341344746,-0.14687235191479253,0.5142852147346658
1768913413.7078826,0.5146662249190381,-0.1952990355446218,0.5504752822398781
1768913413.7278554,0.5355919706427303,-0.2887672778243875,0.60847785478115
1768913413.7477515,0.5020327956637796,-0.22935498160244272,0.5519426016424598
1768913413.7677207,0.358394891283478,-0.5727979862695811,0.6756807168867432
1768913413.78781,0.3754711866529148,-0.6521533070129344,0.7525174734545734
1768913413.8077998,0.47758468049544667,-0.7266797053484879,0.8695691583820708
1768913413.8278334,0.49620716006754084,-0.8211563327002231,0.9594369538619897
1768913413.8478222,0.5774629936778454,-0.7137898810814676,0.9181282608664624
1768913413.867809,0.5977540202551266,-0.7694509620400982,0.9743534531757965
1768913413.8879025,0.6170876833046943,-0.8868524837132394,1.0804186858596516
1768913413.9076486,0.6369997600785846,-0.956967776509666,1.1495895004818149
1768913413.92782,0.427143725640708,-0.9513350267629441,1.0428279318757605
1768913413.9479156,0.6135896977676262,-1.0007219412250272,1.1738554940263106
1768913413.9677289,0.6327711676780482,-1.0563414968099067,1.2313637596288252
1768913413.9878237,0.5761896647831745,-1.2252813236551336,1.3539973603744666
1768913414.0077577,0.5935545126588221,-1.3109717507988776,1.4390809188125337
1768913414.0278618,0.610460996341282,-1.4305239614348615,1.5553332222688743
1768913414.0478888,0.630568245361458,-1.1897772409246112,1.34654602412261
1768913414.0679257,0.6977915366319428,-1.3748272944974218,1.5417727194013613
1768913414.08775,0.7160752563049773,-1.4698986917877868,1.6350430993743514
1768913414.107765,0.6465253350624063,-1.2646055955287245,1.420289520175417
1768913414.1277032,0.6635113302569609,-1.330002414513233,1.4863222086715893
1768913414.1479082,0.6703762946376791,-1.3157896197184087,1.476721605371459
1768913414.1680226,0.6873601361830055,-1.383111193028837,1.5444936157508622
1768913414.1877897,0.6434976146229628,-1.4271905368596354,1.5655548564413633
1768913414.2079291,0.6592048592029377,-1.4994129906073574,1.6379225753370836
1768913414.2278037,0.5969987433595186,-1.5397256414847558,1.6514122897140153
1768913414.2477164,0.6110158727756163,-1.6183564829365853,1.7298607177014635
1768913414.267985,0.594324523785842,-1.5986837486051417,1.7055824130271324
1768913414.2878025,0.6073459458896618,-1.689717002043455,1.7955535761940744
1768913414.3079875,0.620132509696277,-1.7964684148467818,1.9004902249483715
1768913414.327752,0.5750001496157463,-1.8161811541797093,1.9050299621936848
1768913414.3477805,0.6324433239254585,-1.7174185407265465,1.830166932825851
1768913414.3680272,0.6452216168192217,-1.810203520022375,1.9217564150308457
1768913414.3878572,0.6149379759769512,-1.9459695155458654,2.0408199503465365
1768913414.4079921,0.5546806665563249,-1.9035298535034535,1.9826993077696495
1768913414.4279068,0.5653275011591311,-1.998223462317977,2.0766540850427813
1768913414.4478388,0.5249372336360422,-1.9619775852116241,2.0309887109805156
1768913414.4677997,0.5344324292682363,-2.059189571948732,2.1274115057214367
1768913414.4878542,0.5308981886608746,-1.9906051138029213,2.0601848474886273
1768913414.5077171,0.540126349062486,-2.088250167540748,2.156971310700616
1768913414.5279384,0.5090065094184986,-1.993995299590022,2.0579370450568955
1768913414.5477812,0.5174032967839405,-2.088122140406428,2.1512694495991
1768913414.5677607,0.5604090539804067,-2.046964230894975,2.1222914197505185
1768913414.58772,0.5693818225219738,-2.138001944773917,2.2125207288691096
1768913414.6078942,0.5478232216715491,-2.123820085598309,2.1933358243081256
1768913414.6277955,0.5562217292946212,-2.2130200085253353,2.281850163852345
1768913414.6477475,0.5161563483768481,-2.054557602424291,2.1184013589613215
1768913414.6677752,0.523691684406653,-2.1392687672053903,2.2024358875247985
1768913414.6878576,0.5311805290263992,-2.224000485896539,2.28655437627991
1768913414.7077727,0.5234602530191571,-2.1065172254439943,2.1705818246689397
1768913414.7277846,0.4703907150486213,-2.028804859105641,2.0826225248792958
1768913414.7479157,0.47644399053085773,-2.107245401321215,2.160435617532348
1768913414.768439,0.4545175908599072,-2.052398538710559,2.102124164292474
1768913414.7880228,0.450786023850673,-2.048673330110617,2.0976821620077777
1768913414.807876,0.45594121342493643,-2.121848154703706,2.1702815443437116
1768913414.8277526,0.45966557693712495,-2.042286662450463,2.0933769976389804
1768913414.8477345,0.4648141796290557,-2.1131466848235885,2.163663821661109
1768913414.867739,0.4403464754187678,-2.048700367631197,2.095489970089557
1768913414.8878827,0.4449115919707648,-2.1166681792718123,2.1629217521241513
1768913414.9078867,0.41889633009709915,-2.023420893083035,2.066326751976503
1768913414.9278183,0.4228516298001833,-2.0882361424427778,2.1306181467895566
1768913414.9479046,0.3971509699058652,-2.005109455597186,2.0440628223766537
1768913414.9677372,0.4005099270716975,-2.066591923548927,2.105044032831767
1768913414.987861,0.4085973707245757,-1.9681601898798586,2.01012595236989
1768913415.0078812,0.4120317893343789,-2.0271883900544125,2.068637949036392
1768913415.027711,0.3886988076463077,-1.945428115239114,1.983879359897792
1768913415.0477972,0.39159005403915315,-2.0020599357124347,2.0399967540678254
1768913415.067808,0.39438262273196767,-2.0588535261318857,2.0962861195883176
1768913415.0878615,0.3945125745660141,-1.9458116302672064,1.9854024962142633
1768913415.1076825,0.39721351624260803,-1.9988346023447061,2.0379201027067615
1768913415.127871,0.41171862638935075,-1.9608429963731169,2.003601128903015
1768913415.14786,0.4147218157651913,-2.012362748218873,2.0546527723414956
1768913415.167849,0.395715050764455,-1.9196000796074149,1.9599629759335528
1768913415.1878521,0.398304694075453,-1.9682361440839689,2.008133498600397
1768913415.2080135,0.39648465987069315,-1.9069468286964444,1.9477284957067824
1768913415.2277484,0.39896732097035204,-1.953248898329262,1.993578737353189
1768913415.2478354,0.40148815318278885,-1.9997127846087395,2.039618581518065
1768913415.2679427,0.4005999158868603,-1.8987655520611106,1.940564586480567
1768913415.2877772,0.4091485307972361,-1.8886867710026447,1.9324958574894626
1768913415.3078904,0.41157175752031905,-1.931964152673702,1.9753168856678616
1768913415.3277743,0.417728410358269,-1.8786372882190676,1.9245194427460426
1768913415.347892,0.420177476697816,-1.9196425993219766,1.9650895198580085
1768913415.367872,0.39966342874107197,-1.8889940201738185,1.9308105200991408
1768913415.3879724,0.4040525981077877,-1.8806735353384436,1.9235881702069322
1768913415.40781,0.4060282548760916,-1.919163103323001,1.9616436885719324
1768913415.427949,0.40819904552620934,-1.9575783462034746,1.9996848357411823
1768913415.4476995,0.4094012914159698,-1.8472915134094823,1.892113990468798
1768913415.4677403,0.4083427132934605,-1.8355376712665485,1.8804101451913329
1768913415.4879131,0.410507335500613,-1.8701159742780487,1.9146409662779462
1768913415.5077455,0.4053202470244782,-1.8146195159105503,1.8593354969373934
1768913415.5278602,0.4073785459121544,-1.8473627700250077,1.8917469396681923
1768913415.547862,0.40365683797456253,-1.8053165575416603,1.8498937039131986
1768913415.5678458,0.4054089172968065,-1.8368294812118027,1.8810366645210796
1768913415.5877762,0.4130949679038285,-1.7980419797892413,1.8448854743836756
1768913415.6083155,0.4148346773087488,-1.8292362246882234,1.8756846683836488
1768913415.6277094,0.40837360648925125,-1.7677168721032679,1.814274494776245
1768913415.6477447,0.4099867052864925,-1.7962412751915835,1.8424363807777893
1768913415.6679826,0.4040983689881097,-1.745427987475729,1.7915954764629274
1768913415.687741,0.4055018125143015,-1.772179185472389,1.8179798638527225
1768913415.707737,0.39995224667681784,-1.7270978457065045,1.7728025181237428
1768913415.727788,0.40138940955539737,-1.7525334126505019,1.7979117944325425
1768913415.7477734,0.3967963126334797,-1.7180787781859213,1.7633042850774094
1768913415.7677557,0.39809502336444746,-1.742339726110922,1.7872401542075487
1768913415.7877367,0.3929066539003119,-1.7101450630212351,1.7546999103137388
1768913415.8078184,0.3942401746695491,-1.7331980532531457,1.7774703393092022
1768913415.8278124,0.39563142934044637,-1.7561440934872117,1.8001573000635207
1768913415.8479373,0.3861989126497658,-1.700681751955111,1.7439805106608752
1768913415.8686175,0.38312393019764557,-1.6980873464848436,1.7407712607295731
1768913415.887902,0.38393957956754177,-1.7185192213666944,1.7608855485139545
1768913415.907778,0.3745523600605204,-1.6926499055789392,1.7335954468339196
1768913415.9279072,0.375167274391377,-1.713104373684608,1.753703817328225
1768913415.947979,0.3602655872082281,-1.6914760982660209,1.7294168625093636
1768913415.9677796,0.36067509566084366,-1.7107769112937241,1.74838330032223
1768913415.9878402,0.3430840114601774,-1.696317820459324,1.7306648395710473
1768913416.0077658,0.3432527502812287,-1.714929621056685,1.7489442689100336
1768913416.0278165,0.35391321014933463,-1.6812393517696336,1.7180862371420662
1768913416.0480337,0.3543614035803283,-1.6989248885185955,1.735487764628533
1768913416.0679183,0.35024770660554383,-1.6826338240266239,1.7187001023275998
1768913416.088831,0.35064502311167356,-1.7002494985926493,1.7360300370954247
1768913416.107811,0.3394564138954581,-1.689060561759991,1.7228337813694452
1768913416.1291237,0.3281593782636332,-1.6987290339188803,1.73013551729954
1768913416.1479707,0.32813058543678153,-1.714026191879805,1.7451519898132286
1768913416.1682532,0.32806827501731306,-1.730681030109066,1.761500956869514
1768913416.1877573,0.3197212089014225,-1.7028041898745112,1.7325598865481036
1768913416.2080019,0.31948210682530953,-1.7182915204666944,1.7477398450253638
1768913416.2278411,0.31386649788382914,-1.7021516996040695,1.73084736096482
1768913416.248137,0.2981887568866587,-1.7114774306652656,1.7372597763173445
1768913416.2677794,0.297564258331098,-1.7261436419027536,1.7516039393417218
1768913416.2880414,0.2890317559579505,-1.711793633600312,1.7360232717295858
1768913416.3079815,0.28827701349143964,-1.7259371286550067,1.749846452857345
1768913416.327788,0.2856358037398684,-1.7078574785961784,1.731578753500694
1768913416.347701,0.2848719598965491,-1.721346763339037,1.7447597866735352
1768913416.3677275,0.257650424814049,-1.72573243433491,1.744859930287344
1768913416.387711,0.25639254779231535,-1.7390643161600412,1.7578628599252635
1768913416.4078288,0.24400209912728743,-1.7342131243440857,1.7512944312781324
1768913416.4277587,0.24254458590892458,-1.7471636656771494,1.7639185782841977
1768913416.4477994,0.26220094146986017,-1.7168761268137,1.7367823607264363
1768913416.467764,0.2611382262955415,-1.7290073452779673,1.7486164740325265
1768913416.4878037,0.2423299025348138,-1.730290374399999,1.747177312525498
1768913416.5078113,0.2409231354054323,-1.742226383313394,1.7588054832433442
1768913416.5278025,0.25299153617775716,-1.716566123181991,1.7351092105782944
1768913416.5477564,0.2518623176388637,-1.7277458740814833,1.7460069966789962
1768913416.5677555,0.24430361351407848,-1.7196283461227342,1.7368954788256104
1768913416.5882819,0.24303362312810617,-1.730676091099694,1.747657024211241
1768913416.6077495,0.22416824785975953,-1.7326989831303052,1.7471397109244893
1768913416.6278012,0.22257515683212947,-1.7448430510812472,1.7589818001745676
1768913416.6478608,0.2020348341298438,-1.7512926479327238,1.7629078288172313
1768913416.6679792,0.19136374692658864,-1.761910922512362,1.7722726038920045
1768913416.6879334,0.1892286145541845,-1.776120081107642,1.7861718873277324
1768913416.707797,0.19216100439495964,-1.7664376909573942,1.7768590173800989
1768913416.7283163,0.19005754374407824,-1.7819760352310734,1.7920827157449757
1768913416.7479675,0.14931001453671655,-1.8077180573797467,1.8138737705302868
1768913416.7679596,0.14650136369748523,-1.8247363390480498,1.8306079199565652
1768913416.7877536,0.14782080707412393,-1.8243756318491702,1.8303544566802092
1768913416.807792,0.14502540529248076,-1.8525566632963315,1.8582245717092123
1768913416.8284705,0.1640129135096804,-1.8286445630892842,1.8359850690879633
1768913416.8478444,0.16161899487501574,-1.867698769977011,1.8746784777337286
1768913416.8677757,0.13530954068006396,-1.8794679153733505,1.884332326506367
1768913416.887774,0.13243042091751067,-1.9133702448373455,1.9179477339628712
1768913416.90784,0.1602956272656142,-1.8931924304178107,1.8999663856794344
1768913416.927967,0.15794368037860518,-1.933402139969207,1.9398427877044697
1768913416.9477663,0.10123748118533371,-1.8501787303537682,1.8529464001557714
1768913416.9677997,0.09790458617903997,-1.8777657367903995,1.8803163218615322
1768913416.9881089,0.07077087792122871,-1.8805131453773392,1.8818443631444963
1768913417.008351,0.037686587320365894,-1.9063402100849203,1.9067126882282168
1768913417.027799,0.033488717203680185,-1.9223768030121047,1.9226684755669627
1768913417.0479848,0.029132053194577234,-1.9495718117188652,1.9497894567291387
1768913417.0677817,0.0669599494404014,-1.9170479943511811,1.9182170491044404
1768913417.0878987,0.04951271099423926,-1.9130642998512517,1.9137049208055454
1768913417.107831,0.04557369810006773,-1.9545247514981412,1.955056000777826
1768913417.127758,0.02906399283577632,-1.9199466255612645,1.9201665971169388
1768913417.1479647,0.024819170924352485,-1.9690011148101956,1.9691575308667322
1768913417.1678054,0.017948193806745283,-1.9680708001795253,1.9681526394515751
1768913417.1880815,0.01361369621507491,-2.0156735264341314,2.0157194988122833
1768913417.2078893,-0.021607647545709208,-1.9076909611378134,1.9078133277759053
1768913417.2278073,-0.026462461643791624,-1.950301977246328,1.9504814955100664
1768913417.247942,-0.07730160358030447,-1.9652913679615818,1.9668110480929255
1768913417.268049,-0.08298441653738275,-1.9984944135668226,2.0002165718856166
1768913417.2877085,-0.07007363885556983,-1.9743283123136575,1.9755714615436608
1768913417.307746,-0.0646470790835093,-1.9423477221500747,1.9434232474105102
1768913417.327896,-0.06969208204313593,-1.957069340341894,1.9583098297270949
1768913417.3478835,-0.07484927826084431,-1.9976173868880895,1.9990191692061807
1768913417.3678527,-0.11664400336914882,-2.0139853213152357,2.017360329240965
1768913417.3877647,-0.09326982640556292,-2.0191388458305504,2.021291898578642
1768913417.4080093,-0.09866071664978615,-2.0693403338754717,2.071690940853316
1768913417.4277692,-0.12037711616032043,-1.9382872131053208,1.9420216194941464
1768913417.447849,-0.12616200150909596,-2.0029651728836964,2.0069345615664194
1768913417.4678183,-0.17605572119175472,-2.003144347576052,2.010866204945082
1768913417.4878385,-0.18270793823865794,-2.0710048067612465,2.0790486046082735
1768913417.5081825,-0.1677583754523635,-2.087809979535198,2.0945389428657513
1768913417.5277903,-0.17402896807991675,-2.1764525427414974,2.1833991280883325
1768913417.5481367,-0.20876116637348197,-2.058952466431176,2.0695087541754056
1768913417.567751,-0.21555320806874534,-2.1415770061259494,2.152397560553373
1768913417.5878298,-0.21528612856466323,-2.0970289298201,2.1080508650539707
1768913417.6078444,-0.22178547839215923,-2.12798077124096,2.1395071771781717
1768913417.627749,-0.24147748276722758,-2.0220997552079005,2.0364672338870196
1768913417.6478302,-0.24811718478408928,-2.033046866639612,2.0481312700455327
1768913417.667931,-0.2750356593471185,-2.014367511194184,2.0330570784085613
1768913417.6880994,-0.28235473158575464,-2.072905431225223,2.092047112579421
1768913417.7076857,-0.23668513936130875,-2.108158522581393,2.1214033589883474
1768913417.7279196,-0.24316392195240255,-2.1900083553429397,2.2034666526660125
1768913417.7477474,-0.31028510813132315,-2.0794346227842713,2.1024569433788725
1768913417.7678144,0.19797677177645923,-0.9838913188982445,1.0036119417216773
1768913417.7878098,0.20039956650253843,-1.0252394032593486,1.0446414792884642
1768913417.8081954,0.11571120072132302,-0.935194296266241,0.9423255561329534
1768913417.8279572,0.11642019674249571,-0.9780483813397325,0.98495294225198
1768913417.8479106,0.16775960699097514,-0.9789269882119225,0.9931975301959988
1768913417.8678517,0.1696393699591522,-0.9888108753772933,1.0032569277630468
1768913417.8878171,0.09437851972038402,-0.8854605543171115,0.8904761076166935
1768913417.9077346,0.09463471229893905,-0.9181716843304741,0.9230357364036145
1768913417.9278615,-0.09115589216293196,-0.7739527230525436,0.7793023894461426
1768913417.9477296,-0.09426854886779112,-0.7698502889240366,0.7756004297717103
1768913417.9680245,-0.022410864312635725,-0.7916558079620142,0.7919729573156074
1768913417.988017,-0.024578292223168208,-0.8755312740907684,0.8758761923694534
1768913418.0078795,-0.0877326628158257,-0.8286763423363332,0.833307566551918
1768913418.0289688,-0.0679786643234207,-0.8039604583580449,0.8068292988027107
1768913418.0478973,-0.07090896244155642,-0.9080437523618734,0.9108081780254114
1768913418.0677605,-0.159292929217014,-0.8201793053310382,0.8355048355287006
1768913418.0879474,-0.1637802734400703,-0.8833289096513859,0.8983840718723871
1768913418.1078308,-0.1681696103544854,-0.9350268582978813,0.9500296014257587
1768913418.1279635,-0.19036210059637093,-0.8452448048951862,0.866415898714794
1768913418.1478028,-0.17997202276637547,-0.7751266360572799,0.7957457074368015
1768913418.1678061,-0.18444016999865465,-0.8269672991780546,0.8472857193526743
1768913418.187834,-0.1885873882777246,-0.8223238620376403,0.8436715813003975
1768913418.2082047,-0.30796556280351817,-0.8243019346626799,0.8799525369936293
1768913418.2277732,-0.26188862808380187,-0.7989721037506694,0.8407984753146179
1768913418.2477725,-0.26710793376210695,-0.7800834469542881,0.8245464404693926
1768913418.2678802,-0.2894519284163528,-0.8047443581347338,0.8552168735552579
1768913418.2889261,-0.29603505257764495,-0.9192544780844347,0.9657461094060569
1768913418.3078263,-0.304953400247981,-0.8435679360289665,0.8969969002281869
1768913418.3277452,-0.3116590497157895,-1.0111731580941736,1.058112715602593
1768913418.347787,-0.35876728967044247,-0.8570107751523626,0.9290755818902617
1768913418.3677351,-0.3660842777168144,-0.9966446972563965,1.0617524904424458
1768913418.3878481,-0.4038389786974711,-0.802921056486138,0.8987592245224705
1768913418.4078128,-0.4116066171047674,-0.9113990133297563,1.0000340837905894
1768913418.428001,-0.3724581867440997,-0.8780299336637256,0.9537618493535108
1768913418.4480908,-0.37936277541845154,-0.9898086972985531,1.0600176284482488
1768913418.4677403,-0.4261092081830521,-0.8805436079924824,0.9782259978526466
1768913418.4880674,-0.43325576347186134,-0.8914778143935749,0.9911827531477385
1768913418.5079923,-0.4385697699038341,-0.9402709208193745,1.0375224564374577
1768913418.528126,-0.44571106143608874,-0.9711701277871896,1.0685643487374408
1768913418.5478268,-0.4673250484044301,-0.9492499372254493,1.058049216335763
1768913418.5678446,-0.545969868251429,-0.8482045814518173,1.0087289571705251
1768913418.5881217,-0.5553364792558725,-0.947116360811215,1.0979198541371715
1768913418.608009,-0.5444507113142955,-0.9119583088420882,1.0621179473659053
1768913418.6279712,-0.553538007844749,-1.050703333971656,1.1875949739485625
1768913418.6478546,-0.5644628286458357,-1.0363019394997757,1.1800593183115224
1768913418.6679103,-0.5732816401733632,-1.122617422784602,1.2605243817155634
1768913418.6878834,-0.6057370605199066,-1.0824166408043414,1.24038025249415
1768913418.7077453,-0.6148005337028712,-1.132389264707303,1.2885205248911178
1768913418.727743,-0.6141673758590457,-1.02547300766639,1.195322740945699
1768913418.7478487,-0.622975471063703,-1.0554725322726632,1.225610339353055
1768913418.7680027,-0.7910529696287684,-1.0524594543085133,1.3166000545806864
1768913418.7878973,-0.7789062128297738,-0.9691558379623935,1.2433655643620705
1768913418.8076785,-0.7902838940984683,-1.0200644410539725,1.2903798267076994
1768913418.8278055,-0.6696085303207582,-1.0614178147344981,1.2549834107724624
1768913418.847988,-0.6787336182574475,-1.1332038280231327,1.320920224842942
1768913418.8677802,-0.6874404637821563,-1.1468336635048573,1.3370870738261582
1768913418.8878157,-0.8745820349192729,-1.2691743619443177,1.5413297171015363
1768913418.9079096,-0.809418698743315,-1.2355500081273725,1.477072257020242
1768913418.9278395,-0.8203163724638888,-1.290796946390981,1.529403709863617
1768913418.9477584,-0.7765591449258445,-1.2685466506547503,1.4873650226004858
1768913418.9679232,-0.7871046640907543,-1.4514050748480951,1.6510937113102404
1768913418.987908,-0.8412904461383609,-1.3961787254107696,1.6300566395230944
1768913419.007758,-0.8517970447486168,-1.4317317013832183,1.6659573434479533
1768913419.027728,-0.8277940597681878,-1.4412281827159923,1.6620414194725532
1768913419.0478172,-0.805883517350468,-1.302976976320826,1.5320565408493658
1768913419.067781,-0.8154956631744095,-1.403201500933319,1.6229626085889315
1768913419.088076,-0.9493685264639148,-1.3916192700230239,1.6846082012562087
1768913419.1077473,-0.9611690569471636,-1.473491994083603,1.7592682037316463
1768913419.127881,-0.9728807909881994,-1.5105709507180283,1.7967530800382652
1768913419.1478393,-0.917665021449436,-1.6107020974244817,1.8537719218499935
1768913419.1677635,-0.8452715480754178,-1.5187976010485276,1.7381686175214923
1768913419.1878767,-0.8542056924410846,-1.5789014882656005,1.795159400901792
1768913419.207951,-0.910342749292526,-1.646275935594466,1.8812092858868494
1768913419.2277668,-0.920639510428069,-1.8263171909895064,2.045241205888693
1768913419.2477932,-0.9303494952288832,-1.8654524044572076,2.084577380805955
1768913419.2677588,-0.933703498221667,-1.7971821441367712,2.0252569915433996
1768913419.287742,-0.8840413333635736,-1.6233227450884615,1.8484333403768671
1768913419.307789,-0.8923767891397666,-1.633848020023466,1.861664762069154
1768913419.3277502,-0.7949424912814733,-1.5702101739713719,1.7599697596515689
1768913419.3477407,-0.801452392080912,-1.6301777044329193,1.8165366180736346
1768913419.3678305,-0.9823570103266538,-1.7373749080349596,1.9958699523785126
1768913419.3877816,-0.991884404762586,-1.7267331532583108,1.9913417725173694
1768913419.4077322,-0.8110477536079229,-1.7321528849938388,1.912629623221636
1768913419.428099,-0.8175184362754302,-1.845605778620758,2.0185631235432195
1768913419.4477682,-0.8216839225503433,-1.694390498013096,1.8831154049433045
1768913419.4678464,-0.8281752443575119,-1.8340385901769087,2.012354786220543
1768913419.4879105,-0.7556220858911114,-1.873008378533966,2.019684411670514
1768913419.507904,-0.7603809727690706,-1.9630897125099045,2.105207933462027
1768913419.527792,-0.7497789669097829,-1.9044728955863455,2.046749986989945
1768913419.5478613,-0.7017103841820856,-1.6820949313899956,1.8225917868455581
1768913419.568279,-0.7051064333224861,-1.7371961664421045,1.8748401539901747
1768913419.5877023,-0.640612054700167,-1.5698973194868024,1.6955711127401933
1768913419.6078136,-0.6425236488633163,-1.5995469816687322,1.723771210431994
1768913419.6278734,-0.6442153232111654,-1.5758989115193147,1.7024895776444058
1768913419.6479707,-0.6954306763088051,-1.8264412833900954,1.9543570777171149
1768913419.6679692,-0.583984477943106,-1.5087936136504918,1.617867744616658
1768913419.6877565,-0.5849467259313939,-1.6233966439538623,1.725566381156784
1768913419.708244,-0.6144301404568855,-1.7023585048088152,1.809847749507337
1768913419.7279532,-0.6162802372949653,-1.9068292371897186,2.0039458751877164
1768913419.7479417,-0.5789969003398245,-1.5970357088089833,1.6987526205466574
1768913419.7678063,-0.580027423934392,-1.7701947970413983,1.8627993536579306
1768913419.787971,-0.5361398407123407,-1.6479971010155583,1.733014822139366
1768913419.8081994,-0.5363324692859879,-1.822325326601732,1.8996110427096686
1768913419.827806,-0.5445452666074971,-1.4873892112622595,1.583936934718045
1768913419.8482203,-0.5444339881739241,-1.541064024995413,1.6344071391835107
1768913419.8677735,-0.4032587090014168,-1.4566672825217508,1.511455311398518
1768913419.8879938,-0.4537074220586782,-1.1727561460641425,1.257460696388699
1768913419.9078321,-0.4516849144717576,-1.1629228992352048,1.2475611934999313
1768913419.9278789,-0.4306817729518144,-0.9774995310643906,1.0681723282242532
1768913419.9477515,-0.4283004613547745,-0.9652867646617764,1.0560396882825533
1768913419.9684258,-0.4338638708544894,-1.023906087980678,1.1120348625095964
1768913419.9876583,-0.4319695184206974,-1.0781096700794794,1.1614293459197134
1768913420.0081673,-0.4302628322559424,-1.2144972381772754,1.2884601842358712
1768913420.0279102,-0.4285537010170237,-1.3289673502160584,1.3963568643422355
1768913420.0477233,-0.5665718709047345,-1.1646925818839655,1.295188208406805
1768913420.0677292,-0.567480322011959,-1.2772688781584192,1.3976586503802935
1768913420.0879102,-0.38087742122557644,-1.426904269529361,1.4768626897584503
1768913420.1077428,-0.3781205721321014,-1.5125777688760023,1.5591236878347443
1768913420.1277418,-0.349547233350065,-1.3006263269054523,1.346778419259179
1768913420.14912,-1.3386952277853101,-0.6411715230173076,1.4843199907107285
1768913420.1678007,-1.353441928811085,-0.6603778653577743,1.5059561679273274
1768913420.18771,-1.4111976384009852,-0.32693690996200075,1.4485739600462308
1768913420.2077367,-1.4278797334807467,-0.3600868216699151,1.4725838014949741
1768913420.2280374,-1.569950129404559,-0.9984397320789622,1.8605443578187812
1768913420.2478147,-1.58880487417852,-1.044944058217106,1.9016332488197236
1768913420.2678072,-1.4032769092221935,-1.3797509927052793,1.9679682126059344
1768913420.2878914,-1.4181764510709,-1.364130879089367,1.96775951316648
1768913420.3079207,-1.3839117035962145,-1.6833220035095184,2.17917061536032
1768913420.3280425,-1.3979207125367463,-1.6689497170320182,2.1770566084786354
1768913420.3477266,-1.277073322494708,-1.9504470940530236,2.3313429901512897
1768913420.3677738,-1.2883876479763825,-1.9398214516568277,2.3287013539237096
1768913420.3877642,-1.3000663894959037,-2.025699941276568,2.4069966491843746
1768913420.4080684,-1.6594578529737551,-1.7937502628151707,2.4436326178756413
1768913420.427951,-1.5526408600425479,-2.069014457523097,2.586796177844953
1768913420.4478538,-1.567865495374947,-2.02613603065437,2.561919090506797
1768913420.4677975,-1.4695932492754769,-1.9324293176714313,2.427753567830172
1768913420.4879458,-1.406862322307965,-2.342953088692604,2.732890552097536
1768913420.5082543,-1.4198928119567227,-2.5852734415222827,2.949531211037923
1768913420.5277774,-1.3638303848375637,-2.6558189392721703,2.9855330439978274
1768913420.547832,-1.3748332196317938,-2.7738264835527993,3.095848791957064
1768913420.5677652,-1.1327982098799811,-2.6347355067013405,2.8679370590339075
1768913420.587809,-1.1386186902931974,-2.653400419795533,2.887383990683627
1768913420.608195,-1.020973799654307,-2.6281101890208234,2.81945928596524
1768913420.6282184,-1.0245530543631176,-2.6778285163594093,2.867136990838148
1768913420.6479833,-1.0709833659611587,-2.1140834626781935,2.3698848616198456
1768913420.667773,-1.0749514475240964,-2.0604743400431165,2.324021325313145
1768913420.6878562,-0.8844487180241783,-2.775720582787775,2.9132240367891926
1768913420.7077513,-0.8858237309622802,-2.9926439407254186,3.120993662008383
1768913420.7279077,-0.8215705371868763,-2.9339601748251383,3.0468180869611317
1768913420.7479568,-0.8218344597780722,-3.181807183847658,3.286230185860887
1768913420.7679179,-0.8211890034837697,-3.2056722548036554,3.309182071851082
1768913420.7885687,-1.2583206337131005,-2.9505271639129145,3.207644207547983
1768913420.8079886,0.9190675391468314,-1.9844670728423441,2.186960151605162
1768913420.8278189,0.9545856811920256,-2.0720920898037463,2.2814029568149725
1768913420.8477666,0.9902845930210261,-2.1274106161763644,2.3466016928730613
1768913420.8678036,0.9463503320362298,-2.3148437678723717,2.5008159909522814
1768913420.8878875,0.9812663320568823,-2.2771513556615073,2.4795769621085384
1768913420.907837,1.0156663843673142,-2.2423210781356975,2.4616218275326958
1768913420.9278543,1.050187143866207,-2.2380966888792155,2.47223983988487
1768913420.9479141,1.085016735996738,-2.1695803293119695,2.425765883742792
1768913420.967925,1.1199891917381783,-2.0689833787991603,2.3526725253119114
1768913420.9879746,1.1548138587591632,-1.9692053008626704,2.2828413359950948
1768913421.0078795,1.1893941670857715,-1.9646203841139194,2.296604393092894
1768913421.0286562,1.2251330923397064,-1.953467440574558,2.30585908835097
1768913421.047797,1.2578272614596493,-2.0844356730938713,2.4345433853060374
1768913421.0677533,1.2925535187062982,-2.0165663521682458,2.395252481768295
1768913421.0877094,1.3262605495849586,-2.204383050770769,2.572600178790097
1768913421.107827,1.3612002469720217,-2.1039181623762886,2.505860679753268
1768913421.1277921,1.3949619603886845,-2.2913477910627087,2.6825721929781117
1768913421.147812,1.429544391699471,-2.255360416530655,2.670252380636096
1768913421.1679456,1.4634183890007502,-2.410808743667026,2.820211371476779
1768913421.1883168,1.4985736375560994,-2.4653309251353015,2.885061440872031
1768913421.2083838,1.5325639963899873,-2.588771513869066,3.0084032897952335
1768913421.2278988,1.5663437356950982,-2.5883841416033952,3.0254198324951895
1768913421.2477016,1.6004929689115637,-2.585919450361903,3.0411440523749214
1768913421.2678518,1.6353096661733288,-2.5172635472829015,3.0018083667614794
1768913421.2878876,1.669816831018872,-2.5127692223297906,3.0170013944050087
1768913421.3078775,1.7039377939464329,-2.6352755720529224,3.1381652834575005
1768913421.3277488,1.7386356555489737,-2.53601025759955,3.074768604203631
1768913421.3479145,1.7735369661969531,-2.4668209837407744,3.038196691508121
1768913421.3677952,1.80768336846692,-2.526653109745947,3.106717737037077
1768913421.387772,1.8419517975968178,-2.5545587102954705,3.1493740058965063
1768913421.4078467,1.8763358704396236,-2.581785603754401,3.1915910142829857
1768913421.4278848,1.9102336644148052,-2.7052528795266824,3.3117043640474644
1768913421.447902,1.9445948489686908,-2.7325189891534087,3.3538200835345258
1768913421.468156,1.9790130244896116,-2.8841431813024805,3.4978242439197986
1768913421.488125,2.0136178422556372,-2.8164435828319334,3.462226345853983
1768913421.5078468,2.0471003832110632,-2.8796468947488556,3.533126974420762
1768913421.5282607,2.0823975125852323,-2.870388701043339,3.546196652118778
1768913421.547813,2.1151901076759008,-3.0619626402441327,3.721511037449816
1768913421.5678062,2.1498840465983,-2.993675673215826,3.6856607888168584
1768913421.5877488,2.1841445170379563,-3.021224400676452,3.728040256025913
1768913421.6078193,2.2177076308359736,-3.208240247801889,3.9001323853792496
1768913421.6277606,2.252221789946449,-3.171596724152245,3.8899265766544793
1768913421.6478283,2.2858130191791624,-3.3550980889755273,4.059756685479586
1768913421.668372,2.321217205611747,-3.1887103581791116,3.944099778655044
1768913421.6878743,2.354646661587557,-3.3697541673893383,4.110912800043713
1768913421.7079473,2.388921243138263,-3.4217934660786753,4.17320203565751
1768913421.7277617,2.422489417689901,-3.536358505005353,4.28652381945362
1768913421.747943,2.457206506721182,-3.4930850428355846,4.270773575495966
1768913421.7680333,2.491844607897846,-3.4496865681952364,4.255540737520462
1768913421.7877743,2.5260942891808793,-3.4375430041039863,4.265894309860069
1768913421.8078778,2.560330883901357,-3.483646330496086,4.323318862984541
1768913421.827874,2.594777587508835,-3.4685327311497716,4.331695976831184
1768913421.8478415,2.6290570934423036,-3.482742121286716,4.363649147670329
1768913421.8678613,2.6632456985633244,-3.52539191153938,4.418287652571223
1768913421.8878167,2.697305706485881,-3.5961724924709664,4.495321420081788
1768913421.9078696,2.7325662302526754,-3.400127765521429,4.362085169341271
1768913421.9280336,2.766159351004691,-3.6145304302418175,4.551534662758792
1768913421.9477985,2.8007973145353504,-3.507362161106869,4.488435688107013
1768913421.9679227,2.8343513446742867,-3.7449824503255904,4.696641470061729
1768913421.988067,2.869171187163434,-3.6353988919192624,4.631227526759685
1768913422.0077908,2.9024188851337245,-3.8414737806459023,4.814660547969172
1768913422.0281737,2.9383395654776523,-3.6417586539948736,4.67934242132353
1768913422.0479121,2.9712960577657084,-3.8173564124189525,4.837438396747822
1768913422.067855,3.0058959745682996,-3.7897601351221013,4.837116133781222
1768913422.0879173,3.0394068350049572,-3.9573605613899403,4.989859368912049
1768913422.107947,3.074395899986411,-3.844000753027931,4.922220224566608
1768913422.1278005,3.108623832148312,-3.869257219051363,4.963334922910356
1768913422.1477904,3.1437507417907895,-3.700807687059889,4.85583630934072
1768913422.1679194,3.1774928387836168,-3.8604178517477266,4.99992867255261
1768913422.1877787,3.2118237241100323,-3.855070989655829,5.017707043066784
1768913422.2078738,3.2455002980046355,-4.00974285923451,5.158615122446172
1768913422.2278523,3.2799570264272475,-4.000854762896228,5.17348595523356
1768913422.248158,3.313808514091913,-4.123525142396339,5.290064883160016
1768913422.2678769,3.348655559026491,-4.007047566660333,5.222061303209444
1768913422.2884,3.3841584983901822,-3.9892468397360723,5.231311412119406
1768913422.3079305,3.41816439327442,-3.8513097700863916,5.149411108526098
1768913422.3281808,3.452838665803842,-3.862255135711397,5.180647602896681
1768913422.3479185,3.487399569156647,-3.746170739242725,5.118178480916072
1768913422.3679457,3.5220288390229473,-3.705240387615408,5.112092866226679
1768913422.3878117,3.5568414507181094,-3.5872205338706245,5.05166034726896
1768913422.4077613,3.5907955677348204,-3.673875182381664,5.137233853445251
1768913422.4282627,3.6261562279779715,-3.5270961003537273,5.058598214014817
1768913422.4479053,3.6594377508501994,-3.713210043600345,5.213387908092207
1768913422.467887,3.6938886720189994,-3.6688898429942753,5.206300625328588
1768913422.4877353,3.7279486277649823,-3.7233227429899536,5.268845530068332
1768913422.5077991,3.762798449635206,-3.62653424721006,5.225935592672813
1768913422.527965,3.7967110577377796,-3.750988089434234,5.337127176958201
1768913422.5480132,3.8316682982648094,-3.6283939920253765,5.2770185625306825
1768913422.5678234,3.8653190712023404,-3.7502612345064286,5.385643030246454
1768913422.587883,3.900374963252591,-3.5789850904189286,5.293586603750678
1768913422.6078324,3.934872466941142,-3.5755349249096753,5.316735025402367
1768913422.6278439,3.969790386491288,-3.42829044432953,5.245227457733345
1768913422.647923,4.004288898736175,-3.4232951500362674,5.268138121652051
1768913422.667918,4.03887610603778,-3.347128321611038,5.245549370776489
1768913422.687927,4.072848916197735,-3.4350132731772547,5.32798409166891
1768913422.7078393,4.107785719205914,-3.309531000685169,5.275120753064163
1768913422.7278216,4.1415470737359055,-3.417808783467123,5.369714056103496
1768913422.7479036,4.176727432667844,-3.2448445618345403,5.2890517370571555
1768913422.7679372,4.210456614209881,-3.3722000095519284,5.394411719971489
1768913422.7878356,4.245510771498387,-3.221981448934031,5.329683496060894
1768913422.807827,4.2792215118453,-3.3451694288358844,5.431564715167975
1768913422.8279355,4.314296671301007,-3.2162293613918322,5.3811975500884435
1768913422.8479285,4.34815219497388,-3.3557858822772424,5.492515489131316
1768913422.8679426,4.383138518508731,-3.1829651593077273,5.416933678549312
1768913422.8884716,4.417947852257705,-3.3126172745400844,5.521928687772946
1768913422.9077802,4.451864348225082,-3.166810012595935,5.463312349744924
1768913422.9277964,4.486425640034554,-3.1237225598253318,5.466777629858488
1768913422.9479058,4.521447185868247,-2.9926040068882145,5.4220995376919525
1768913422.9678805,4.555427116969393,-3.0772564959578546,5.49740154617933
1768913422.9877965,4.590540044036548,-2.902941142416985,5.431401768626613
1768913423.007824,4.624654428665901,-2.9626581924100748,5.492246548511242
1768913423.027777,4.659378766171467,-2.8726796145682556,5.4737645779304
1768913423.0477889,4.693410543361105,-2.9492049981394786,5.5430959444685834
1768913423.0679858,4.728658372812067,-2.77353553004869,5.482035146112083
1768913423.0879478,4.763303925707648,-2.7426432961882483,5.496467641930427
1768913423.1077435,4.7977603041487376,-2.671547412586335,5.491417805427131
1768913423.127962,4.832248741219507,-2.718634401644806,5.544510880756221
1768913423.1477933,4.8668226729306925,-2.6053921686507664,5.520328910691735
1768913423.1677594,4.901078907872458,-2.6110186083118805,5.5531966140362075
1768913423.187824,4.935768532018626,-2.5542388286379065,5.557512662638461
1768913423.2080035,4.970163294084019,-2.6131862553766965,5.61527074816075
1768913423.2279713,5.00468457336374,-2.516586326885914,5.60179207214389
1768913423.2478576,5.038833121761428,-2.5910332175937185,5.665976735182918
1768913423.267878,5.073794464301419,-2.434093981318732,5.627450912790604
1768913423.2877693,5.108139251666678,-2.42916384384057,5.656317140564177
1768913423.3078547,5.143466814345326,-2.251239848830572,5.614564250877743
1768913423.327814,5.178044202169589,-2.1878930577318627,5.621300364834935
1768913423.3477824,5.212881995817107,-2.085675632190693,5.6146399301316015
1768913423.3677785,5.247210433959636,-2.094317717142303,5.649724244473443
1768913423.3878994,5.282451768162213,-1.9163973984342775,5.619330535898895
1768913423.407979,5.317122275435838,-1.8848985797200797,5.641332462084358
1768913423.4277627,5.3515201201402505,-1.8356449233504293,5.657593117297154
1768913423.4485962,5.387300488476188,-1.8298705759346632,5.689589869033376
1768913423.4677272,5.420160594234567,-1.8551379822998868,5.728846114241935
1768913423.4878488,5.455285218216204,-1.6770494101789808,5.707243777540073
1768913423.5079594,5.489904398140804,-1.655475118508015,5.734077795838218
1768913423.5283117,5.525383055436181,-1.5766927432789402,5.74593925446569
1768913423.5477412,5.559092041719751,-1.5400765859616712,5.76847815449961
1768913423.5681703,5.594913517200155,-1.3908732349117514,5.765204733618996
1768913423.5879617,5.629324543751031,-1.2657840698808371,5.769879039498302
1768913423.6079628,5.664196049222485,-1.187110306967682,5.787257361214941
1768913423.6280787,5.698743472945243,-1.157904592369519,5.815188751490912
1768913423.6484027,5.734190928828824,-1.0575799299105526,5.830902238625888
1768913423.668014,5.7680580243437145,-0.9971688625979098,5.853617609028688
1768913423.6878283,5.80251862539613,-0.9321708914847164,5.876917982157008
1768913423.7078922,5.837477205909468,-0.8162759037992942,5.894272345305734
1768913423.7277353,5.872015096840801,-0.7487568341142605,5.919560633540221
1768913423.747819,5.906653504471175,-0.7099963220140779,5.949172244871981
1768913423.7679665,5.941404258577228,-0.6536001462960499,5.977246666741958
1768913423.7879932,5.9760827208494645,-0.5808672902849494,6.004246122150433
1768913423.8076942,6.010789014442016,-0.4476015583405868,6.027431603192669
1768913423.827887,6.045946343776256,-0.3408322647012625,6.0555457082316595
1768913423.848136,6.0811093097917155,-0.21877638271828914,6.085043429859049
1768913423.8685462,6.116674564203755,-0.12301910368507407,6.117911524715659
1768913423.8877769,6.150112104978968,-0.06678414551844725,6.150474699232691
1768913423.9082668,6.185428299130852,0.02972250312751612,6.185499710684735
1768913423.9278328,6.219708282314466,0.10765056120423822,6.220639819216247
1768913423.9477506,6.2541619901311245,0.14623362337128043,6.2558713598830655
1768913423.9678338,6.289105841842461,0.27178435334370477,6.29497569690459
1768913423.987801,6.323895367221027,0.34262398401240546,6.333170123246344
1768913424.0078402,6.358794442264241,0.4694530634147114,6.3761001354840765
1768913424.028349,6.394435335918868,0.5476717611705126,6.41784602676252
1768913424.0478973,6.428087694313893,0.6164513826029179,6.457578781006295
1768913424.0677903,6.462546722751576,0.6527872003400716,6.495432339165343
1768913424.0878143,6.497709682118648,0.8354812620666223,6.55120294696805
1768913424.1078207,6.53242668709982,0.9141258530127558,6.596076447213163
1768913424.1281958,6.567727525400983,1.060077125472418,6.652729391750396
1768913424.1477737,6.602010214231894,1.1262817736118862,6.697391246029502
1768913424.1678975,6.636705046119241,1.1846282522125549,6.741602032538317
1768913424.18779,6.671444812522079,1.2814249121827714,6.793395740871452
1768913424.2079058,6.70654400871522,1.4288703789131958,6.857069570929665
1768913424.2278013,6.741381086605253,1.5515989536366064,6.917635308959648
1768913424.2478762,6.776051722076738,1.6276687740643965,6.9688006556597255
1768913424.2678206,6.810911628120537,1.7295436489254854,7.027078940755257
1768913424.2880855,6.845849076967725,1.8218548752021846,7.084123429960677
1768913424.3078957,6.880815567270361,1.9714674622350188,7.157674680050884
1768913424.3278518,6.915422480394012,2.0532498976918205,7.213799499896732
1768913424.3477755,6.950253712338213,2.181465219589448,7.284560190577709
1768913424.3677516,6.985187806484277,2.3109518485904985,7.35753675752697
1768913424.3877392,7.019963271817497,2.4084938631184727,7.421639106447171
1768913424.408037,7.055083895943959,2.5199159806668874,7.491607659803612
1768913424.427944,7.089667175714083,2.619347027561439,7.558065857955502
1768913424.447854,7.124523964754116,2.731925376402252,7.630351105066286
1768913424.467984,7.159385558720862,2.8457608713290696,7.704229780789798
1768913424.4879367,7.194296314960814,2.9415983496955107,7.772444938266858
1768913424.5077846,7.228963708469855,3.047545374375865,7.845090764755623
1768913424.5278158,7.263957401154628,3.1945528522144926,7.935379326244011
1768913424.5477846,7.298988092616648,3.3328845922291137,8.023923409484778
1768913424.5677793,7.333997993292708,3.4810303699058665,8.118195550849242
1768913424.58855,7.37023477626523,3.5999912903602294,8.202456823899709
1768913424.6084237,7.40493971027186,3.7298348273053676,8.29124839525033
1768913424.6279485,7.439087712153194,3.8663375695238855,8.38382920810178
1768913424.6477926,7.473719732620879,3.9628384025766294,8.459348370099365
1768913424.667771,7.508844589130247,4.132330785711069,8.570817043097236
1768913424.6882515,7.544581917394381,4.22953418338583,8.64925868018199
1768913424.7078257,7.578776673298455,4.378166455190957,8.752496636565601
1768913424.7278786,7.613708615206219,4.482773256771978,8.835372937737006
1768913424.7477903,7.648923119641997,4.662519766661077,8.957963801260815
1768913424.7677996,7.683712322256416,4.745888830747681,9.031217849493537
1768913424.7879002,7.718931927429851,4.9109835427957975,9.14875234433128
1768913424.807765,7.75366357312665,5.013839644436764,9.233519739804366
1768913424.828339,7.789686119770603,5.177366251288028,9.353305893881748
1768913424.8479204,7.823798565029858,5.302123877192564,9.451155569307849
1768913424.8678815,7.8588916426546405,5.440896271264592,9.558531795503319
1768913424.8880317,7.894031300172928,5.5880102694913205,9.671690076716187
1768913424.9077852,7.929033376736536,5.762232215978727,9.801677937999449
1768913424.9280202,7.964282023373485,5.917971881365581,9.922307157937801
1768913424.9478436,7.999201174521952,6.072588667868693,10.043084812924794
1768913424.9681256,8.034351826369875,6.222798782308331,10.162383281248104
1768913424.9877834,8.069301054821118,6.379114971925105,10.286239708385967
1768913425.008053,8.10430719332642,6.49986510822567,10.388842164020582
1768913425.0278435,8.139254178500769,6.65236965225909,10.511968444232505
1768913425.0477612,8.174244349878888,6.7943715275055325,10.629287612314608
1768913425.0678968,8.209448849460077,6.928485549965707,10.742390908358576
1768913425.087761,8.244168305943688,7.072685614778983,10.862283040973844
1768913425.1079564,8.279468122227595,7.2320496600895865,10.993276794158549
1768913425.127931,8.314654227408912,7.412156822693298,11.138830445139549
1768913425.147737,8.349641678417461,7.571137115431135,11.271141618249006
1768913425.1678016,8.38481059738555,7.746784900549763,11.415678913205944
1768913425.1886022,8.421309559718772,7.920256523547259,11.56066252856659
1768913425.2078931,8.455134130305696,8.079962288320836,11.695088017716975
1768913425.227876,8.490326290721923,8.25697101465186,11.843277032127757
1768913425.2479558,8.525590083050028,8.416643541044031,11.980215973061554
1768913425.2686598,8.562017390011167,8.57949865860077,12.120888540853185
1768913425.287699,8.59548444489593,8.719635420778673,12.24395339397149
1768913425.3077607,8.63063082405384,8.879012420730426,12.382433120699398
1768913425.3283489,8.666844865998849,9.05339976635102,12.533086102818224
1768913425.3477836,8.700990086545088,9.209950969195603,12.670060194850809
1768913425.3678095,8.73620988470822,9.377465708017489,12.816326550721058
1768913425.3878365,8.771430444493785,9.552855386305609,12.969002971480133
1768913425.407973,8.806770907516782,9.723158149695443,13.118651539753348
1768913425.4280322,8.842002816801585,9.903289754378882,13.276150111064311
1768913425.448017,8.877583348878545,10.082633162826,13.433948697698835
1768913425.467957,8.91260572510855,10.265736470367756,13.594847777385237
1768913425.4878247,8.947691200687153,10.43532360175876,13.746168793386676
1768913425.5079808,8.98302051776322,10.618247689574957,13.908337126332498
1768913425.527854,9.018213754208025,10.785853655071925,14.05926094733344
1768913425.5479188,9.05350494605027,10.970057150214195,14.22350539378821
1768913425.5681763,9.089120740672442,11.143285913110375,14.380018664099365
1768913425.5880044,9.124272513686938,11.320110336730053,14.539506420087498
1768913425.608077,9.159494065170822,11.498820280798753,14.700993142642039
1768913425.6277015,9.194702475992097,11.678951522242123,14.864066142240379
1768913425.647759,9.230219300802286,11.86530126951719,15.032708423877224
1768913425.6678033,9.265486802444471,12.053994506249573,15.203553178220135
1768913425.688034,9.301299768343343,12.24466177224911,15.37679808339053
1768913425.7083924,9.33734821437697,12.437491498572001,15.552403880223133
1768913425.7279065,9.371755319551268,12.62428340087213,15.72266927576463
1768913425.7479331,9.407378077136867,12.813837716358258,15.896326597908109
1768913425.7678185,9.442520090915227,13.001071239712388,16.068261855204323
1768913425.7877786,9.477876790602465,13.195266661636687,16.246390698537983
1768913425.807914,9.513349728286048,13.389573225429722,16.425117783803703
1768913425.8278532,9.548724099450409,13.583628557651927,16.604008453372998
1768913425.8479185,9.584177896758534,13.77788747680787,16.78352314862091
1768913425.8678498,9.619597545197461,13.971205852027381,16.96264277438198
