timestamp,delta_x,delta_y,dist_error
1768915876.4084322,-1.0785940129420133,-0.08080412991589636,1.0816165458080886
1768915876.4280052,-0.3347986964111762,-0.07044598080080977,0.3421298047957982
1768915876.448161,-0.3342364827741984,-0.07239766714676676,0.3419874977620688
1768915876.4679039,-0.2550416015394368,-0.07569720141664593,0.2660381266249503
1768915876.4881487,-0.25445222301022974,-0.08017140933612055,0.2667834115341272
1768915876.508091,-0.13387832671545863,-0.07899764650786256,0.15544785144192985
1768915876.5284379,-0.13310159335064808,-0.08648424881763184,0.1587310916173367
1768915876.5480382,-0.06338973233733891,-0.07466677644636555,0.09794583028741448
1768915876.568113,-0.06254354831557274,-0.08881240273273061,0.10862475921751504
1768915876.5881045,0.24701071242882167,-0.09502531074145448,0.26465846243055224
1768915876.6088858,0.24876115520663378,-0.11239331366591987,0.27297320252461554
1768915876.628046,0.0583616863434715,-0.10824227496042838,0.122973478935349
1768915876.6479511,0.05944455419864725,-0.12517087743346966,0.13856912925085657
1768915876.6679747,0.09853220408483954,-0.11661711384397666,0.15267005758535457
1768915876.6881475,0.21564135983482702,-0.131931317663474,0.2527984743858907
1768915876.707956,0.21751605467811896,-0.14691863581163123,0.2624848940253232
1768915876.7282028,0.21945898712017375,-0.15730661228371368,0.2700141057352212
1768915876.748065,0.2212372367943216,-0.18529101291355765,0.28858044703499736
1768915876.7680368,0.47083489298492487,-0.1683662098115848,0.5000326759907239
1768915876.7880125,0.4740588984785279,-0.20431487465413944,0.5162135287181187
1768915876.8079507,0.3696988192534385,-0.1792014542832483,0.4108410619383337
1768915876.8285794,0.3723238790673302,-0.20073182406217516,0.42298739474725716
1768915876.8479679,0.4075729252340403,-0.21694702155234769,0.4617160377810884
1768915876.8679936,0.4104474082579901,-0.23685185643160978,0.4738838220922941
1768915876.8879714,0.47070366470122704,-0.2249786773016389,0.5217061866640649
1768915876.9079888,0.527408513595159,-0.2562910737845332,0.5863828567704584
1768915876.9279969,0.5311925584787773,-0.28289659918184196,0.6018272343554095
1768915876.9482026,0.5727045943411688,-0.25239692741774267,0.625855223953112
1768915876.968003,0.576810825817281,-0.28008009038672377,0.6412141497277248
1768915876.9879532,0.5489700299600284,-0.23984938065494088,0.5990791426805587
1768915877.0079703,0.5527308429215918,-0.2843699461623279,0.6215928337723808
1768915877.0282009,0.5695971183057174,-0.2661824063832059,0.6287240655884992
1768915877.0484068,0.5734280915228254,-0.33728998692052414,0.6652701041113731
1768915877.068064,0.6330362291231011,-0.29876627863018523,0.6999972547295631
1768915877.08803,0.6374889435853597,-0.3754535550601963,0.7398361475360052
1768915877.1080315,0.642110679048826,-0.39722905872587777,0.7550477132239998
1768915877.1280644,0.6460602779360622,-0.4228901862132908,0.7721593050157032
1768915877.1479607,0.6459434752948163,-0.33094731561534996,0.7257886048905363
1768915877.1680355,0.6504476109646657,-0.37385450155607636,0.7502328191590817
1768915877.1880822,0.6582877944321308,-0.4117592681398694,0.776458959119798
1768915877.2088728,0.6630087372036575,-0.44215550698696315,0.7969203711584282
1768915877.2282567,0.6696652383187851,-0.3910075518375997,0.7754601453373271
1768915877.2480254,0.6755873695492876,-0.4303994413550898,0.8010380596534094
1768915877.2684247,0.6803048676010255,-0.46969810894725583,0.8266988728855731
1768915877.2880476,0.6847623907357523,-0.5421693993466867,0.873411237249722
1768915877.3080173,0.6297818227071545,-0.5391439393740916,0.8290363873655727
1768915877.328155,0.6265893589223472,-0.50475120386134,0.8046042521104335
1768915877.34816,0.6302309621348847,-0.5838187558345478,0.8590898703265345
1768915877.3679407,0.6204158231431189,-0.524952384266947,0.8127058504489224
1768915877.3878856,0.6238984074657148,-0.5867387618112634,0.8564529160730726
1768915877.4080026,0.6574633778429759,-0.525240415395321,0.8415079246028199
1768915877.4283829,0.6613965079692721,-0.6254772383715634,0.9103115491274759
1768915877.4480572,0.6505298301183127,-0.5544722408264171,0.8547681122508192
1768915877.4679585,0.6542482291509546,-0.6057292341227463,0.8915989291256965
1768915877.488074,0.6580388016878669,-0.6169980438821225,0.902054128465232
1768915877.5085719,0.6428339017363274,-0.6890991098482493,0.9423868677009457
1768915877.5280719,0.6176538507046989,-0.7882584301546771,1.0014228038147814
1768915877.5481658,0.5851343980042019,-0.7849688105252417,0.9790599048194919
1768915877.5684757,0.5876198923212983,-0.8353637130613158,1.0213371974775436
1768915877.5882807,0.5680007019063862,-0.7991068791624807,0.980406345191088
1768915877.6080592,0.5700864676628972,-0.8404815815559159,1.0155825271966297
1768915877.628049,0.5932070500374862,-0.7962415374396157,0.9929225499294392
1768915877.648022,0.5956457543007907,-0.8362647065407627,1.0267095616688615
1768915877.6680253,0.5794602722330309,-0.7894527469114534,0.9792904812681564
1768915877.6880007,0.5815978498502874,-0.8280712374398855,1.0119081150112894
1768915877.7080162,0.5837932415463267,-0.8267147624954649,1.0120631637418194
1768915877.7280645,0.5722769611941851,-0.7949180155419948,0.979487402546288
1768915877.748011,0.5681224200307513,-0.8326281845195154,1.0079845126775815
1768915877.7680144,0.5699501407821495,-0.8624513473308828,1.0337627820203468
1768915877.7881663,0.5610821620010793,-0.8425747219488158,1.0122970683465053
1768915877.8079665,0.5626851524513128,-0.895264212022548,1.0574084310792642
1768915877.82843,0.5454312965826511,-0.8604120982089611,1.0187267926368575
1768915877.8480656,0.5466914022546427,-0.9114476422452125,1.0628303222309308
1768915877.8680089,0.547960805274232,-0.969945185117151,1.1140263489921272
1768915877.8879778,0.5492252327823661,-1.0445459802875279,1.1801375603122193
1768915877.9079814,0.5839475361906694,-0.8675369016063907,1.0457604891522578
1768915877.9279315,0.5858522841672447,-0.8827682256661724,1.0594822504930324
1768915877.9479618,0.6597041278949589,-0.7652161464309359,1.0103292963782946
1768915877.967945,0.6628677171044282,-0.7778288840521377,1.0219644725943413
1768915877.9879627,0.6675543349033288,-0.7458647852109537,1.000971062451861
1768915878.0083675,0.6707450181099874,-0.7659924873616171,1.018156849416535
1768915878.028017,0.6297113422743577,-0.7545816594861852,0.9828173052108404
1768915878.048202,0.6321176442877046,-0.7742382443790623,0.9995086669354146
1768915878.0679705,0.6607539994368443,-0.7583708176908295,1.0058439963020323
1768915878.0882864,0.6903239461065158,-0.7439711416785317,1.0149089664686828
1768915878.1080453,0.6936042293948452,-0.7782465796443989,1.0424752111022224
1768915878.1280434,0.6438461015885311,-0.7526092767854404,0.9904335040951779
1768915878.1481056,0.6461651553134309,-0.793491860736276,1.0233077450092654
1768915878.1684365,0.6485823086143996,-0.8334783392235061,1.0560990261345562
1768915878.1879575,0.6647918501149546,-0.8221956076299626,1.057333353860204
1768915878.2080953,0.6638480748694129,-0.7756901736752799,1.0209747852147042
1768915878.228042,0.666392623151588,-0.7980500178578955,1.0396936852716965
1768915878.2482035,0.6689905189207883,-0.8040844365210602,1.0459923974204097
1768915878.268036,0.670844111998733,-0.7494224815113242,1.005816026119071
1768915878.288142,0.8901890463294919,-0.8665479532641593,1.242313122168205
1768915878.308059,0.9172550073933337,-0.845479032371335,1.247474064967971
1768915878.3280475,0.9241405370924347,-0.8599365676457937,1.2623496475509164
1768915878.3479474,1.0286171092614478,-0.8327067446029353,1.3234249808631373
1768915878.3679562,1.0372804406248084,-0.8694908834587904,1.3535010561210303
1768915878.3880646,1.0060461106464533,-0.8096655771955783,1.2913896095455875
1768915878.4080698,1.0139580191404658,-0.8603649886705234,1.329788997664399
1768915878.4279442,1.0220917909699425,-0.828145082726766,1.315483145924974
1768915878.4479537,1.0299830391725353,-0.8779623020278458,1.3533967876292328
1768915878.4679663,1.0275159059640668,-0.7631139986781221,1.2798952738359768
1768915878.4879804,1.0352609722994126,-0.7789101056496657,1.2955563412872089
1768915878.5080264,1.0531176132678808,-0.7507751338715927,1.293336773240035
1768915878.52822,1.0611123986694637,-0.7420449469496613,1.2948321226721202
1768915878.5479138,1.058477582647229,-0.7190581482054736,1.2796169010557052
1768915878.568236,1.0951922862112662,-0.6508713499499814,1.2740014356202158
1768915878.5879912,1.1034560683957715,-0.6406960305226501,1.2759728439143734
1768915878.6079526,1.1117596782706392,-0.64610390656754,1.2858692936337937
1768915878.628008,1.1327100906230787,-0.601106156747244,1.2823263083469767
1768915878.6482832,1.0578308826733511,-0.6427484477469823,1.237793093945283
1768915878.6679413,1.064655911592887,-0.6795987829084236,1.2630703526804403
1768915878.6880302,1.0805158805957398,-0.6679210743272153,1.2702886009683028
1768915878.7079535,1.0875728323846203,-0.7114670433596415,1.2996153352157767
1768915878.727908,1.096736496755565,-0.6267272986277574,1.263177758734263
1768915878.748091,1.1039480492758116,-0.6437164217175675,1.277917104936286
1768915878.767938,1.0737528653864312,-0.5596856041590801,1.2108646462047217
1768915878.7880428,1.0802799006182575,-0.5508804349635046,1.2126309897513639
1768915878.8080564,1.0509069430394395,-0.49851029723755325,1.163149998658975
1768915878.828077,1.0567359962947094,-0.48096878411888455,1.1610434691094775
1768915878.8481958,1.1237836717549006,-0.5092762490139924,1.2337957848496193
1768915878.867935,1.1548055807605164,-0.4317454577305406,1.2328747177335528
1768915878.8882005,1.1622910733538514,-0.4292200842791638,1.2390118723993973
1768915878.9080205,1.1252146397154195,-0.4678418470820176,1.218599187309353
1768915878.9280899,1.1318554850922766,-0.48971182488437637,1.2332536278337312
1768915878.9479918,1.1186179214838528,-0.4547932382605,1.2075358975336206
1768915878.9679856,1.1248947230069126,-0.5073781810661477,1.2340262381614062
1768915878.9879968,1.1311731024536704,-0.4883067343320131,1.2320698253381004
1768915879.0081055,1.0568019289774693,-0.4348243082855936,1.1427609094498048
1768915879.0280862,1.0615489913659222,-0.43874103154311195,1.1486426571521366
1768915879.048145,1.0548618938614052,-0.43913443402556895,1.1426165876040077
1768915879.0679758,1.0589371109547616,-0.34681450092519506,1.114283672593837
1768915879.0879827,1.0635007687497853,-0.34825972223407,1.1190704710883654
1768915879.1080673,1.0416438505130758,-0.348682887929723,1.0984542173648926
1768915879.1282983,1.0457529445417542,-0.3503729656370904,1.102887317937367
1768915879.1481886,1.0425170575750875,-0.35201514578756177,1.1003438000001893
1768915879.168249,1.046530034627336,-0.3857228251652083,1.1153507122114206
1768915879.1879413,1.0461547846758241,-0.3007023891617884,1.088513555426724
1768915879.2079587,1.0587700260308068,-0.29327696828847594,1.09863795135147
1768915879.227932,1.0628746280658339,-0.324580340347689,1.111330226497195
1768915879.2480507,1.0580688185724034,-0.21342611671774048,1.0793796052049602
1768915879.2679276,1.0619707136864895,-0.21056840183579484,1.0826453013704316
1768915879.2879922,1.0423154575366957,-0.19647725403123395,1.0606718740362568
1768915879.3080485,1.0457618221191174,-0.18588941426060202,1.0621547264575186
1768915879.3279793,1.0491892537878071,-0.22291086632987978,1.0726077309957043
1768915879.3479397,1.0526729292936041,-0.2293821544595589,1.077374804258985
1768915879.3681223,1.056139559657937,-0.21144573985905546,1.0770979855050349
1768915879.3881457,1.0439041591602187,-0.22382618657400688,1.0676301116530318
1768915879.407937,1.0403235879443318,-0.1899720499873152,1.0575266178256464
1768915879.4279537,1.043364212435239,-0.1799445939864528,1.058767650004266
1768915879.4480596,1.0381024171608546,-0.2368460053308148,1.0647782204554963
1768915879.46828,1.0410655114178016,-0.2520032236692751,1.0711316556816513
1768915879.4879801,1.0499392411281114,-0.18509944733971762,1.066130487072827
1768915879.5082772,1.0041542131083503,-0.09335683653978566,1.0084845971218233
1768915879.528018,1.00629981511978,-0.12110631962207519,1.0135610778648256
1768915879.5479817,0.9884911444509599,-0.10064531044746228,0.9936016410881348
1768915879.5680485,0.9901298262822591,-0.0713894227841656,0.9927001171447462
1768915879.5880637,1.0892512486173043,-0.018907679694920576,1.0894153399717676
1768915879.6080263,1.0927755446427903,0.0028408170165850066,1.0927792371795269
1768915879.628156,1.0963038401804988,0.02468480274741469,1.0965817112651421
1768915879.648076,1.102458473957129,-0.014382443359115094,1.1025522851442737
1768915879.6681132,1.0415411073333283,-0.003582154538579241,1.0415472673365689
1768915879.6883333,1.043934507205146,0.0017142650500356904,1.0439359147180984
1768915879.7080228,1.0315536730302826,0.03814702664415304,1.0322587737500983
1768915879.7279594,1.0337054553636384,0.003313960382445247,1.0337107674692974
1768915879.7479722,1.035705991371464,0.032201526611201015,1.0362064653720506
1768915879.7680085,1.0401151099607497,0.09057970594304976,1.0440517827662534
1768915879.788137,1.1024033821752288,0.0498849401521575,1.1035314786109947
1768915879.808184,1.1056988813422373,0.03133032108952616,1.1061426694694712
1768915879.8281035,1.0340135242915305,0.07095404819938977,1.0364451000287824
1768915879.8480713,1.035780875407518,0.06895743962322909,1.0380737692184285
1768915879.8679552,1.0061176909040672,0.019773989661970415,1.0063119887079175
1768915879.8880472,1.0531530603263244,0.08831970702608682,1.0568499132440123
1768915879.907964,1.0551648279369026,0.10313016440775824,1.0601927395176238
1768915879.9280334,1.0539566117785133,0.16974274040233173,1.0675378857122295
1768915879.948026,1.055900069624551,0.19346179460663393,1.0734767920200003
1768915879.9680247,1.076848227645021,0.16450067137582147,1.0893404317591995
1768915879.9880836,1.0791427898666708,0.17918968434511262,1.09391869162974
1768915880.0080051,1.0372059575566464,0.09738978768661655,1.0417681935712204
1768915880.0280087,1.0386082000258614,0.077914055893058,1.0415265686801591
1768915880.0480118,1.0310209126875554,0.19038414354912359,1.048451355339871
1768915880.068007,1.0322183739061381,0.17225323069087217,1.0464922106317252
1768915880.0880277,1.0191968759978516,0.178477477458713,1.0347059881936538
1768915880.1080034,1.0201269231632635,0.18420708281833065,1.0366249026156888
1768915880.128574,0.9802369019762851,0.24855274319602838,1.0112580531923274
1768915880.1481502,0.9803954201315443,0.2705216014938969,1.0170334884799666
1768915880.1679351,1.026331306813723,0.11623472079569908,1.0328922797970843
1768915880.1883883,0.9590435577919696,0.17029899634842405,0.9740463510016141
1768915880.2078977,0.95865596655987,0.16725991758451908,0.9731377817407043
1768915880.2279782,0.9782990046671289,0.1614800756954451,0.9915365638136103
1768915880.2479959,0.9783123632469359,0.16757469259259006,0.9925605058026971
1768915880.2679727,0.978390775427068,0.19770233181328267,0.998165678354645
1768915880.2881021,0.99790177504848,0.21941518916808844,1.021739192691841
1768915880.308014,1.0128651174891552,0.2438359042032383,1.0418021378385296
1768915880.3281114,1.0135341007980785,0.25795578450918333,1.0458453806573502
1768915880.3480392,0.9479699295847721,0.22214808717653778,0.9736512517493892
1768915880.368028,0.947354902490837,0.2352279905238075,0.9761216721286807
1768915880.3879502,0.9528742803339365,0.24946452392246066,0.98498829577705
1768915880.4080462,0.9521814095678434,0.21477962076361745,0.9761043603129577
1768915880.4282644,1.0049200342183096,0.26108750263491576,1.0382826971521126
1768915880.4479568,1.0051484576227796,0.20197213409950532,1.0252395645965684
1768915880.4680836,0.9681285573808109,0.25010947979077436,0.9999138240355825
1768915880.4880362,0.967647859662724,0.20772774428975982,0.9896934859124631
1768915880.508002,0.9720214306787316,0.26568335830029,1.0076771847057213
1768915880.5281138,0.9717557654227691,0.2565249648355117,1.0050444394235771
1768915880.5480068,0.9918270659384489,0.2974486809474479,1.0354692880648122
1768915880.5682032,0.9920925803797116,0.320803291361357,1.0426708204379531
1768915880.588011,0.8941881438374379,0.2562255589878184,0.9301741630781102
1768915880.60801,0.8925620950655442,0.277677178471361,0.9347575669614072
1768915880.6280534,0.995717005307192,0.291597371349269,1.0375362073854224
1768915880.6481998,0.9961046729078422,0.3122145334947133,1.0438881330459509
1768915880.6681802,0.9793460085958958,0.2814885100620952,1.0189967545825112
1768915880.6880648,0.9623833528599057,0.31947096304404,1.0140233794593496
1768915880.7079387,0.9619750531428588,0.30829414919952836,1.0101689389898438
1768915880.7283413,0.9062228601656852,0.2783695547830378,0.9480134394179134
1768915880.7479458,0.9048542188082689,0.2814492135765523,0.9476153318293148
1768915880.7682254,0.9034907697761776,0.2942816012149061,0.9502090464126085
1768915880.7881215,0.8885803915025883,0.21094812671481744,0.913276641728772
1768915880.8082473,0.8868844844213848,0.19747989413087375,0.9086046430066966
1768915880.827987,0.9033726304789105,0.24485694716477813,0.9359685005774719
1768915880.8481,0.9128238666320374,0.3350195924360442,0.9723608069071258
1768915880.8680842,0.9116676722606016,0.32494260785280016,0.9678458777322154
1768915880.8880618,0.9106471988134242,0.3302507971353963,0.9686815316270362
1768915880.907925,0.8893999516814597,0.3223912669171449,0.9460276967591513
1768915880.9279451,0.9234600005808118,0.3975471783499911,1.0053965047118238
1768915880.9479234,0.9226938171716241,0.3960872450875259,1.0041160221646541
1768915880.9678965,0.9496130616958245,0.42965401290333993,1.0422895652107724
1768915880.9880688,0.9492556335975688,0.38073307918978205,1.0227628931018444
1768915881.0082889,0.8769163857428193,0.3271029163479291,0.9359373191980163
1768915881.0279818,0.875233113691448,0.2906544183953681,0.9222326139509364
1768915881.0481277,0.8899655532362172,0.3646449932725675,0.9617716241737416
1768915881.0680604,0.8886510017426223,0.3381668721716169,0.9508193499989895
1768915881.0879629,0.9018820437230928,0.4135870243508908,0.9921922432177984
1768915881.10807,0.9147895994797062,0.5042599618312611,1.044565996202397
1768915881.1279967,0.9140915827714242,0.5130734545459523,1.0482403309610278
1768915881.1479278,0.8899254214736227,0.5251912260158527,1.0333407374477401
1768915881.168153,0.8887985407037451,0.5420413865795961,1.0410435681191437
1768915881.188052,0.8863271053185371,0.47119833488337637,1.003794604697198
1768915881.2079332,0.8852009504604728,0.49401731874204824,1.0137227598871432
1768915881.2283728,0.888272730128306,0.5216916422472391,1.030141064456813
1768915881.2483053,0.8872703257494676,0.5601682919406983,1.0493031717532002
1768915881.268353,0.8861879971908158,0.5588145980117432,1.047665462500361
1768915881.2880423,0.9711527721941215,0.6236765234263428,1.154170746819333
1768915881.3079317,0.9700916461712992,0.6103934756277116,1.1461492036642607
1768915881.3279426,0.970626695256928,0.6174654663892651,1.150382451069512
1768915881.3479629,0.9774527508448037,0.6220720276978913,1.158614469000901
1768915881.368052,0.978188727784651,0.6619728968573417,1.181127132589314
1768915881.387965,0.9234956470959452,0.5909896906754328,1.096409150221669
1768915881.4085839,0.923093483959917,0.6079215245161764,1.1052918890950614
1768915881.4279854,0.8903189445157462,0.6464282021470975,1.1002441744879912
1768915881.4480026,0.9140434387951843,0.6836480294892251,1.1414245644058245
1768915881.4679658,0.913494838842948,0.6962851839021651,1.1486017055160485
1768915881.4880788,0.9561782867944848,0.7819041347350577,1.2351724543775315
1768915881.5080287,0.9564620576730052,0.798054274542598,1.2456766405788429
1768915881.5280373,0.9062244413417879,0.7768299859246559,1.1936111448528524
1768915881.5480325,0.9055246392387168,0.7863867520395216,1.1993243915020142
1768915881.5680053,0.906501581376808,0.8211664377426189,1.223135084736578
1768915881.5886524,0.9058518965456803,0.8405829880232538,1.2357780618822733
1768915881.6079967,0.906353869234972,0.802253348619427,1.2104081012816663
1768915881.6280644,0.905744751285519,0.8293674813482355,1.2280977052332531
1768915881.6481888,0.8720681417369285,0.8434156529500978,1.2131994096082224
1768915881.6679893,0.8708685482484897,0.8842716448345289,1.2411077190102378
1768915881.688193,1.0646960571555286,0.3999178897816016,1.1373266956727508
1768915881.708831,1.067222150491023,0.4280606667259228,1.1498691459885884
1768915881.7290428,1.070369470581731,0.3746326123136434,1.1340372118067201
1768915881.7483785,1.0729988818066216,0.42431857836553544,1.1538513146434464
1768915881.7694094,1.0757225584839076,0.47598685342823366,1.1763258508881265
1768915881.7883074,1.0183840377784596,0.3508399823353816,1.0771233641542877
1768915881.8083444,1.019723453443236,0.36140606073870174,1.081873496412989
1768915881.8279762,1.010216354672834,0.3070234460034795,1.0558411242437569
1768915881.8481078,1.0304873637105902,0.3857529931352204,1.1003224884005522
1768915881.8679621,1.0319672478645743,0.38122712799972014,1.1001320483415156
1768915881.887972,1.0097706697378341,0.3533612605924592,1.069813528588177
1768915881.907972,1.0108111600688374,0.35207518249463554,1.0703719612584868
1768915881.9280016,1.0036719625400257,0.3415935204087788,1.0602091970805618
1768915881.9479518,1.0045743301929855,0.33884558022558764,1.0601820183917008
1768915881.968239,1.0055265567200689,0.3618788208178083,1.0686626863635715
1768915881.9879,0.9654944130838001,0.3218362183478014,1.0177219724150823
1768915882.0080206,0.906668045769784,0.36537612214328696,0.9775206677367314
1768915882.0279663,0.9057295532309626,0.39290452914148766,0.9872790854747472
1768915882.048346,0.9047769531648187,0.42207620958903913,0.9983835243428564
1768915882.068052,0.9782510325224023,0.45339952900410907,1.0782143643693003
1768915882.0882397,0.9419837409467666,0.35206157222014056,1.0056245416864995
1768915882.1081424,0.9417824732805258,0.37692539593704844,1.0144096712278945
1768915882.1282144,0.9751467334202344,0.358119957405977,1.0388267688082613
1768915882.1480925,0.9755978564367336,0.37999979066935907,1.0469914127597735
1768915882.1680162,0.9546539820139528,0.3555390796920559,1.0187110790422231
1768915882.1879344,0.9547120922707519,0.38208159630753435,1.0283294828822669
1768915882.2081304,0.9054249644797963,0.41181519432793756,0.9946789032560193
1768915882.2281997,0.9045374711592247,0.4502867215773634,1.0104188083958132
1768915882.2481923,0.9045304659699511,0.4228560250714324,0.9984901510816362
1768915882.2680118,0.9036799997927165,0.45544377973698147,1.011961747560881
1768915882.2879343,0.8929334058092282,0.4651079333595689,1.0068045773058827
1768915882.308077,0.8918825437444204,0.5018830354132611,1.0233968209212136
1768915882.3281577,0.9505640493111873,0.44385708837600113,1.0490858528950349
1768915882.3491032,0.9362548500586858,0.486590753020538,1.0551510342995956
1768915882.3679934,0.9361903749221336,0.5082966215033196,1.0652783080155788
1768915882.3879704,0.9360010354495085,0.5474307653076202,1.084333150451391
1768915882.407919,0.8905378500775121,0.5263432634386191,1.0344539107122621
1768915882.4283392,0.8894679637538874,0.5663711888080414,1.0544807167778465
1768915882.4480128,0.8885636660969287,0.5992249296497771,1.0717349975723451
1768915882.4680345,0.8720214597034595,0.6085204777518545,1.0633525276345082
1768915882.4879515,0.9010869538813997,0.5168456584633834,1.0387911884145475
1768915882.5080526,0.9003541498486844,0.553970074926804,1.0571283928947117
1768915882.5280488,0.922359233860701,0.5402635779480445,1.068939329403368
1768915882.5481577,0.9220289723501409,0.5766287635613025,1.0874916812644102
1768915882.5679262,0.9080243530683543,0.5764479773256888,1.075546603512875
1768915882.588022,0.9075278548597938,0.6121956874890238,1.094710174944299
1768915882.6081502,0.924654098411497,0.6108574156239381,1.1082111639628682
1768915882.6285808,0.9416358427396425,0.630469528662104,1.1332121985327428
1768915882.6482522,0.9419653121407627,0.6646772621059824,1.152863613805705
1768915882.66809,0.9515974798397631,0.6424033939535789,1.14813757198363
1768915882.687957,0.9522116609577833,0.6759540772805028,1.16774182157535
1768915882.7082357,0.9715666077513934,0.6587037399727169,1.1738110113436466
1768915882.7280393,0.9725180501225854,0.6910397048374595,1.193032787259461
1768915882.747872,0.9545570071928209,0.7298765690071658,1.201623437673628
1768915882.767949,0.9550368220011698,0.7627626120832698,1.2222528927231822
1768915882.7881627,0.9435640193846204,0.7643342390813572,1.2142981049599548
1768915882.8079762,0.9437653159011878,0.7961914779478025,1.2347525424370565
1768915882.8279808,0.9439714152866303,0.8284344028830102,1.2559401230784744
1768915882.8479831,0.9774618633725696,0.8094392050344972,1.26910343195291
1768915882.868125,0.7938810567708927,0.5639844802971723,0.9738201201021371
1768915882.8880877,0.7911991656158173,0.5896306232747115,0.9867423126503141
1768915882.908114,0.8131765609881567,0.6206023034832349,1.022938579988663
1768915882.928039,0.8109785682276833,0.6463190597165358,1.0370219694285605
1768915882.9480903,0.7994304405254189,0.5644326466716105,0.9786078079942875
1768915882.9680583,0.7970524686758289,0.5881839106972819,0.990582127148164
1768915882.9880302,0.771821085942404,0.5637497372485569,0.9557832154589914
1768915883.008053,0.7690418365695204,0.5867129583733348,0.9672938756745085
1768915883.0279868,0.7524526834562268,0.5071660088166947,0.9074152309386989
1768915883.047945,0.7493765014814786,0.5281202965855023,0.9167748843844815
1768915883.068224,0.7222080921093799,0.4855654178386999,0.8702633528473676
1768915883.0880716,0.7188343561986332,0.5052342015148916,0.8786264451016107
1768915883.1081908,0.6583947253215285,0.43562680166094303,0.7894645810019305
1768915883.1279695,0.6539759095671291,0.45348591068591837,0.7958228204096629
1768915883.1479707,0.6302575197307982,0.41583209205943383,0.755076731176205
1768915883.1680324,0.6260056586868328,0.36313575586193103,0.7237061986008904
1768915883.1880908,0.6213314670759196,0.3788312407273917,0.7277127873892072
1768915883.208513,0.6163575620485695,0.39479258526347927,0.731954800294033
1768915883.2280126,0.6260931307675999,0.47917182384114376,0.7884150208853349
1768915883.2479386,0.6214687838499653,0.4960992884626414,0.7951968016240344
1768915883.2680285,0.7235838780401636,0.5964200982023886,0.9377049440519065
1768915883.288049,0.7153157820108234,0.5949511716461551,0.9303996800498636
1768915883.3079612,0.7125742767845731,0.6130316729685354,0.9399840062456695
1768915883.3280373,0.6902630119727191,0.540553090613928,0.8767329521980565
1768915883.3479571,0.6873122792201434,0.5568654722409452,0.8845887877092492
1768915883.3680985,0.7060494836612046,0.613431468881652,0.9353095960122267
1768915883.388466,0.7032613495438138,0.6304720324830839,0.9444953729402474
1768915883.4080298,0.7081570001295516,0.6444740961312316,0.9575140716546434
1768915883.428188,0.7054251960041784,0.6616140452585242,0.9671390034741035
1768915883.4479766,0.7588043175418144,0.7053781447783756,1.0360223547062495
1768915883.468031,0.7572071001449374,0.7229953607094224,1.046940726171856
1768915883.487918,0.686605773445103,0.6217176348312794,0.9262614671831859
1768915883.508218,0.6856463939425737,0.6379327246632798,0.9365196947863781
1768915883.5279956,0.682962673298712,0.652966585030569,0.9448827304410884
1768915883.5479383,0.6832268089307829,0.6608917844375704,0.9505665800872743
1768915883.5679784,0.6805057682941513,0.67597640723422,0.9591830919167087
1768915883.5879772,0.6778259141314733,0.691082320125842,0.9680096812835521
1768915883.6080909,0.6986790630565458,0.646299457023666,0.9517643727849127
1768915883.628013,0.686726566061715,0.6384279863210196,0.9376479457945968
1768915883.6480978,0.6844198641361896,0.6520013973737839,0.945270528791397
1768915883.6682565,0.6523555644456391,0.6485132513079552,0.9198571734705359
1768915883.6879375,0.649531813129852,0.6614328605328375,0.927030207307402
1768915883.7079668,0.6273614676744177,0.6329590853143543,0.8911899992732096
1768915883.7279484,0.6241897835462875,0.6452329271228372,0.8977407287892567
1768915883.7480814,0.6010618270779786,0.6405998892726288,0.8784324322942672
1768915883.7680397,0.597350774300043,0.6524881046520861,0.8846291167881218
1768915883.7883108,0.5741658119504716,0.6202961475535798,0.8452417939752841
1768915883.8080244,0.5700271258856608,0.631368231299481,0.850621400941513
1768915883.8279822,0.5374571265345536,0.6004589319421836,0.8058604667136409
1768915883.8480954,0.532722778072515,0.6108036854020344,0.8104780690296348
1768915883.8679945,0.5210276433582828,0.5823757769677922,0.7814290439587753
1768915883.8880994,0.5842584168539542,0.7067558689883704,0.9169851449255846
1768915883.9081957,0.5807353530328376,0.7186111564487305,0.9239348161178669
1768915883.9282045,0.5867888512687558,0.7044894980764767,0.9168569184302162
1768915883.9478953,0.5835652897354182,0.7156377340846518,0.9234098839788306
1768915883.9679654,0.5800319562032346,0.7270022252268262,0.9300372603835332
1768915883.9879417,0.5627498885130073,0.7176678943334043,0.9119948703684383
1768915884.0079527,0.5678250519408092,0.5375401774030966,0.7819045542354484
1768915884.027971,0.5643649943045552,0.5446731748022611,0.7843320177995764
1768915884.0480266,0.6358955716447299,0.6790988547527039,0.930343179995324
1768915884.0684016,0.6337278998148177,0.6888952757031657,0.9360490114784803
1768915884.087962,0.624273644387686,0.6859373978016912,0.9274846073008643
1768915884.1079862,0.6221218249702225,0.6952240994895025,0.9329373578195215
1768915884.1281328,0.6423237119949545,0.680932396152329,0.9360815558062927
1768915884.1481667,0.6408421571097114,0.7042277152524914,0.9521635076281657
1768915884.1680071,0.6390674126890881,0.7132821736600672,0.9576944278956391
1768915884.187945,0.6416371347087477,0.7481396915874683,0.9856019535115806
1768915884.208051,0.6399742414251706,0.7577035061001407,0.9918072558940918
1768915884.2279634,0.6351131099697935,0.7935348046944828,1.0163986170381254
1768915884.247993,0.6332651958255122,0.8037291499588193,1.0232327959645597
1768915884.2679508,0.6380203330601775,0.8460118797849407,1.0596254272786534
1768915884.2879155,0.6362535926420749,0.8568760242127524,1.0672652692843523
1768915884.308246,0.568965698278542,0.7259930416450366,0.9223816251067671
1768915884.3279617,0.5660358211944425,0.7339111062709787,0.9268344311597183
1768915884.3480048,0.5629792877128443,0.7420930112896453,0.9314760951299798
1768915884.3679352,0.5624630216969284,0.7663621856876439,0.9506185620049622
1768915884.3879604,0.5710910703817886,0.7596389769195078,0.9503664482320141
1768915884.4082296,0.5683058816933049,0.7677768371555036,0.955223977316165
1768915884.4280658,0.5515861976273178,0.7586797730284243,0.9379991105621709
1768915884.4492638,0.5279581673663567,0.7470622393687361,0.91479058586076
1768915884.4680152,0.5247213138594458,0.7538446780421619,0.9184847608049214
1768915884.4879732,0.580284388313079,0.8847003828379272,1.0580287041065848
1768915884.5080373,0.5779255320077621,0.8945316392097542,1.064981114430554
1768915884.5279994,0.6123694065150798,0.8687478775710034,1.0628824793079215
1768915884.5480278,0.6106973095070907,0.87780755871818,1.0693443383597119
1768915884.5681455,0.6020057767430573,0.8785699563026448,1.0650333907205176
1768915884.587962,0.6001849686643208,0.8874693891402057,1.0713654433812403
1768915884.6079621,0.5987495436227588,0.8987612903068332,1.0799411432770147
1768915884.627982,0.5968796301803929,0.9075853356231871,1.0862672021020132
1768915884.6479952,0.5454541360826513,0.8454257375912473,1.0061137571623677
1768915884.668145,0.5425744482197732,0.852952348415922,1.0108979872020856
1768915884.6880646,0.5363718449171568,0.8631167608157337,1.0162014066221712
1768915884.7079926,0.533411189118989,0.8705819862420974,1.0209997509532356
1768915884.7281601,0.5305033211518697,0.8782872010410347,1.0260712359605735
1768915884.7481837,0.5499877920225227,0.8630729326080484,1.02341656151074
1768915884.768038,0.5823669473635846,0.84052245898663,1.0225601524812666
1768915884.7881777,0.5741073698178345,0.8341472338008966,1.0126207976023598
1768915884.8080711,0.5721802492608714,0.8404873635611807,1.0167641053608538
1768915884.8279364,0.5656122564634798,0.8279229592416097,1.002683225700467
1768915884.8481095,0.5635628932109531,0.8339773383564495,1.0065392866134972
1768915884.868055,0.5553449345378632,0.8208581194474842,0.9910681351853281
1768915884.8879664,0.5531090550375477,0.8264076948707828,0.994424107162618
1768915884.9079795,0.589274555942003,0.794118348609123,0.9888723142440208
1768915884.9280767,0.587832922006168,0.7990342399565087,0.9919693850201149
1768915884.948155,0.5391220227053162,0.8075170472568534,0.9709461040533087
1768915884.9680374,0.5366629701862338,0.8123576485193649,0.9736180424976842
1768915884.9881709,0.5272787400144419,0.8020204196896383,0.9598227040815199
1768915885.0079901,0.5247045221253732,0.8065831275022877,0.96223239246566
1768915885.0283163,0.5073039042431695,0.7807384661007148,0.931079912633529
1768915885.0479746,0.5045262522697673,0.7847375271043457,0.9329307185826934
1768915885.0679104,0.5416735111372581,0.8094976523628095,0.9740105963739129
1768915885.0880103,0.5396759332659622,0.8140295998591416,0.9766751263308191
1768915885.1080983,0.5118366265954954,0.767467775463647,0.9224876794297989
1768915885.1281881,0.5093481692610753,0.7710089228468462,0.9240618575826313
1768915885.1479976,0.5895055315310316,0.8213451768722706,1.0110018156645544
1768915885.1681864,0.5885409433301327,0.8257388020684893,1.0140143052331294
1768915885.1882126,0.5887847555769659,0.8272223391102855,1.0153641153413486
1768915885.20795,0.5749479129415542,0.8214081240675188,1.0026347335295986
1768915885.2279236,0.5736229376758657,0.825383251222874,1.0051371976139039
1768915885.2479942,0.5817212328107557,0.8550015162181168,1.034131125843403
1768915885.2679563,0.5807318155978796,0.8596227855926024,1.0374009712534469
1768915885.2879157,0.5620186911337128,0.7917861435665081,0.9709738958013108
1768915885.3079867,0.5605463537939896,0.7948538618372272,0.9726278200983614
1768915885.327997,0.5739215816508472,0.8354234990466107,1.013567168294185
1768915885.3480709,0.5729231641203671,0.8394132237585179,1.0162949927094793
1768915885.3680131,0.5894446058223288,0.8803413120337122,1.0594554115234291
1768915885.3879685,0.5888147018799685,0.8850598595409718,1.0630304361215068
1768915885.4080014,0.5194421140228869,0.7585078819991082,0.9193227490252479
1768915885.427985,0.517460100686201,0.7606585230702905,0.9199817087973265
1768915885.44822,0.5185094343512624,0.7734569333460737,0.9311754191624577
1768915885.468032,0.5166199042323365,0.775834747977342,0.9321028278135918
1768915885.4879951,0.5146659486226486,0.7780900194856191,0.9329014509018526
1768915885.5083482,0.49928958229304077,0.7607522884247917,0.9099638077033155
1768915885.5283663,0.49709911339279533,0.7626547951059397,0.9103569986735897
1768915885.5479693,0.48205051456732373,0.7562440381024889,0.8968153342579398
1768915885.5681345,0.4796489853686905,0.7580467960583928,0.8970496609327763
1768915885.588194,0.461280678150221,0.7419858348927075,0.8736834914407826
1768915885.6083856,0.4585237238503559,0.7433746041931357,0.8734127360491709
1768915885.6279435,0.44381813617480037,0.7280846607124065,0.8526909235839054
1768915885.6479619,0.4408815754633193,0.7291312658703273,0.8520615978042223
1768915885.6681929,0.4380104843998318,0.7303838166189962,0.8516535117188837
1768915885.6880968,0.5075263383403472,0.8730828080202642,1.0098794847751438
1768915885.707934,0.5023191620106702,0.8719450128661279,1.0062865625582078
1768915885.7280126,0.500697613479812,0.875592919541381,1.0086431781831364
1768915885.7481973,0.4607268347962019,0.7036511087521298,0.8410672381857638
1768915885.7680767,0.45843397256864216,0.7039838673052508,0.8400922524527431
1768915885.7879279,0.4514745974259471,0.6920336830374083,0.8262807819253943
1768915885.8080335,0.44906276678100454,0.6920883689358508,0.8250113204831175
1768915885.827983,0.5113605869642155,0.8199985535605308,0.9663784340214497
1768915885.8480287,0.5102001536575962,0.8225086976327862,0.9678970784509151
1768915885.8679922,0.4896765730422936,0.7919098812789791,0.9310770141367101
1768915885.8881524,0.48301377301349224,0.7860620858822749,0.922602789819282
1768915885.9079533,0.481408228675436,0.7879033077240898,0.9233339076190057
1768915885.9279404,0.482332997746711,0.7909474399475975,0.9264140399815771
1768915885.948044,0.48077702132906674,0.7928768352590492,0.927254129205395
1768915885.9680119,0.48727799616965806,0.8051548893333447,0.9411239245543107
1768915885.9880052,0.48587656329913087,0.8072613712391199,0.9422032457268646
1768915886.0080822,0.4870841706847291,0.8093711216309138,0.9446335807400211
1768915886.0279577,0.4857241543190436,0.8114485965886367,0.9457149565247543
1768915886.0482492,0.4976245358738183,0.8334875990803017,0.9707377382817043
1768915886.0680227,0.4965238890846142,0.8358961316585951,0.9722439587642155
1768915886.0879927,0.5049401931324708,0.8587531081895534,0.9962035431907857
1768915886.1081457,0.5039987580072709,0.8616039065494743,0.998186375309835
1768915886.1279943,0.5154501650268182,0.8879811213321247,1.0267421022186787
1768915886.1480234,0.5147513856981358,0.8913015225541443,1.029265462932419
1768915886.1682372,0.530360555026947,0.9236517443342507,1.0650891338945279
1768915886.187943,0.529997210843242,0.9275402387087652,1.068282705057762
1768915886.2080164,0.5486816818418008,0.960664003724558,1.1063123049305945
1768915886.2281346,0.5486848227549297,0.9652014389810084,1.110256210310313
1768915886.2480218,0.44536169712423646,0.8622681034854178,0.9704912794836023
1768915886.2679787,0.5511026694501218,0.6366097000845929,0.8420131011551101
1768915886.2879484,0.5512064398564176,0.6346688297470866,0.8406146934188832
1768915886.3080502,0.5782373489489623,0.7026407420701908,0.9099793646761845
1768915886.3280811,0.5788557035085309,0.7020435139225896,0.9099115456598699
1768915886.3480756,0.5600276525969723,0.673264991431898,0.8757378148516077
1768915886.3680198,0.5602617565973844,0.6721281694455534,0.875014006783787
1768915886.3879719,0.5230982408891645,0.5642822803899517,0.7694454246945799
1768915886.4080951,0.5226115999581993,0.5611511743357127,0.7668203993564714
1768915886.4279811,0.49225999000450615,0.5148692047371242,0.7123273094202378
1768915886.448859,0.49119203294027947,0.5138476393968681,0.7108509054209177
1768915886.4679284,0.5531831294364153,0.7019236702670764,0.8937048805809831
1768915886.488421,0.5256560943897766,0.6617584316682041,0.8451263523598557
1768915886.5079381,0.5253021658064791,0.6657616418099188,0.8480453579298789
1768915886.5281558,0.5249392589924866,0.670515415868385,0.851558658313527
1768915886.5479472,0.5068257801891332,0.6463642906277158,0.8213763861123559
1768915886.5680478,0.5061329469164975,0.6493725125826497,0.8233196341957852
1768915886.587966,0.49822442603886197,0.6444813932962781,0.8146065584113998
1768915886.6083121,0.4973748123450654,0.6525926027703388,0.820523497010204
1768915886.627986,0.496556715267779,0.6585078803104718,0.8247431114647256
1768915886.6481225,0.4942203651724244,0.7214875012704169,0.8745272916499487
1768915886.667923,0.4933609919205242,0.7354120769263002,0.8855709972881101
1768915886.6880112,0.5128819033184018,0.8381379728895979,0.9826103542864744
1768915886.70791,0.5124127783385128,0.8585560938347356,0.9998426984607895
1768915886.7279441,0.4847513758246038,0.722353527805712,0.8699301785184854
1768915886.7479744,0.4837615013426737,0.7480507937134249,0.8908452054967814
1768915886.768037,0.4941134326274996,0.7835528113122514,0.9263385409332072
1768915886.788205,0.49334443627695745,0.8076056860256386,0.9463697358360375
1768915886.808115,0.594387838420332,0.9770277438994617,1.1436258631262528
1768915886.827976,0.5948256247252528,0.9951789054972133,1.159395781334579
1768915886.8481226,0.596012875968768,1.012589562145707,1.174976157071707
1768915886.8679392,0.5982091961998797,1.0351488261639208,1.1955698786464342
1768915886.8881583,0.5994217394482768,1.0679463659324249,1.2246696951551754
1768915886.908036,0.6153001559719322,1.134574854669193,1.290679814201301
1768915886.9282846,0.6168108372938728,1.175206153932101,1.327239659309143
1768915886.9479604,0.5334364373041507,0.9471553116004134,1.087040761396104
1768915886.9682443,0.5333036090802072,0.9993403162230017,1.13273730718409
1768915886.9882028,0.5331619168212804,1.013602054935772,1.1452732229990195
1768915887.0082939,0.5545054662546824,1.0370456495486255,1.1759846901018964
1768915887.0280807,0.5291039371805062,1.050621838744764,1.1763321063319414
1768915887.0481262,0.5288743244353149,1.0803152486280805,1.2028254601002017
1768915887.0679345,0.5074957630149581,1.0655807118641318,1.1802602268038198
1768915887.0881298,0.5068559518742735,1.0809731799111013,1.193903669329102
1768915887.1080701,0.41266316923213164,0.933121692568406,1.0202974979791108
1768915887.1285439,0.4102058020461481,0.9458430244035068,1.030964512893192
1768915887.1485083,0.5292471726892825,1.0672032653767722,1.1912285168809738
1768915887.168371,0.5291709133665081,1.104501690903577,1.2247227607756805
1768915887.187983,0.4895006917579867,1.0795131655158112,1.1853099180187074
1768915887.2080343,0.48867471766311055,1.135435471898048,1.2361297223703764
1768915887.2279897,0.4541080016948742,1.1190976107036548,1.2077224596263583
1768915887.2481263,0.45083490198252285,1.0209317346923168,1.1160437785980684
1768915887.2680995,0.44932186204897295,1.0720980100287125,1.1624475380948087
1768915887.2883463,0.40600135120790415,0.9784959501547057,1.0593825662393186
1768915887.3081124,0.40370858726588366,1.0237980774101132,1.1005194804004423
1768915887.327974,0.373175751043189,0.9903388564266935,1.0583152610234718
1768915887.347952,0.3703141058658812,1.0161930477545305,1.0815640745272044
1768915887.3679678,0.3674390446396656,1.0219939026336835,1.0860400492367384
1768915887.3879993,0.3737619772025258,0.9950986847791627,1.0629766733336912
1768915887.407939,0.35101499796321933,0.9763466625527135,1.0375279920430778
1768915887.4280348,0.34794119442353555,1.0026414335761737,1.06129775232993
1768915887.4479613,0.3908111571253674,1.1170634751706556,1.1834543371393806
1768915887.4679856,0.3886306845275007,1.153793314688139,1.2174862717810646
1768915887.4880893,0.42131846363385894,1.1725414155750187,1.24593844913682
1768915887.5081086,0.4197941155456302,1.18758570551773,1.2595979149700043
1768915887.5280597,0.4375776546427961,1.204977405690535,1.281969091697371
1768915887.5481968,0.4324703843934521,1.107072291079291,1.1885451994152223
1768915887.56804,0.43127153270910545,1.1683027451605286,1.2453619711854413
1768915887.5880382,0.4397357397928563,1.1542489051456917,1.2351753138243975
1768915887.60798,0.43870545707871966,1.1900745997918074,1.2683611595836097
1768915887.6280673,0.40229100963543596,1.1362157385268716,1.2053315979055983
1768915887.6483102,0.40056348882216763,1.1700165344953568,1.2366850041825166
1768915887.6679614,0.3772223826995633,1.172862330986984,1.2320319693326782
1768915887.688101,0.3750759394763983,1.1982814402004198,1.2556115523134115
1768915887.708004,0.4046508696973823,1.166475900818586,1.2346693296333962
1768915887.7280123,0.40313814188883246,1.2073297324143129,1.2728571971031144
1768915887.7479641,0.4016002735001556,1.2080455952342035,1.273050250320136
1768915887.7681055,0.40011351635205483,1.2970047928774147,1.3573180388967765
1768915887.7879295,0.39814546784453286,1.3197889090552932,1.3785363898100416
1768915887.8080468,0.39664944011446845,1.400595753000914,1.4556782754672541
1768915887.8279963,0.4271026899541768,1.4014836070103458,1.4651187694125085
1768915887.8481548,0.42621875145487254,1.4820459211177583,1.5421162525547596
1768915887.8680992,0.3993106503571451,1.3704881979190997,1.4274757077177138
1768915887.8880339,0.39793062433693316,1.4413742765224926,1.4952954847808244
1768915887.9079413,0.38546911385464067,1.436991278873033,1.4877937939422374
1768915887.9281468,0.3838529724174593,1.4756340644052006,1.5247422721452732
1768915887.9480019,0.35772846399736924,1.398267783995971,1.4433026188969935
1768915887.9682386,0.3556156979858198,1.4349644912314972,1.4783726241205941
1768915887.987915,0.39028995318430226,1.378813931878141,1.4329878248951955
1768915888.0079172,0.3889435912956489,1.4551862753678897,1.506268307184689
1768915888.0283859,0.39496641831169654,1.344032638760301,1.4008648063417641
1768915888.0482545,0.3937720900290578,1.4344276478154034,1.4874942472840302
1768915888.0684338,0.40030605417168497,1.3737312633643457,1.4308677510347017
1768915888.088245,0.3992784569859622,1.4639844084228342,1.5174563039238549
1768915888.108069,0.42983689577187945,1.414599378595426,1.478462430665511
1768915888.128167,0.42938919286626587,1.4953679689712445,1.555795758310045
1768915888.1480176,0.4288828561440692,1.4800629956512168,1.5409500236511073
1768915888.167981,0.4140124779274752,1.4842818482903635,1.5409409258774023
1768915888.187996,0.39262635481360264,1.4235938916436952,1.4767447385447012
1768915888.2079988,0.3914752000481758,1.454160959085323,1.5059339053161351
1768915888.2281914,0.38958977702740083,1.3571981212789828,1.4120081213532238
1768915888.2480075,0.38843998169092453,1.4018740999858768,1.4546946798511562
1768915888.2681584,0.3548010387741447,1.3344728297345458,1.3808336287963652
1768915888.287978,0.35304399668620645,1.393594071403597,1.4376176471675017
1768915888.308289,0.38720974784204754,1.3552381379117264,1.409468623018741
1768915888.327999,0.40127021230856785,1.3465176243090689,1.4050364749219508
1768915888.3479698,0.400457541203983,1.3626955273126171,1.4203187467836054
1768915888.3681438,0.3996259261930546,1.3466313890909198,1.404676823675324
1768915888.3881466,0.3680317211134936,1.3291932238237671,1.3792033838432893
1768915888.4080353,0.3666357563071523,1.328791412081726,1.3784441935113168
1768915888.4279335,0.32801217694448326,1.1972475296093368,1.2413676471454855
1768915888.448057,0.3258898859554271,1.2019698015696765,1.2453656578103833
1768915888.4680474,0.29029516240629305,1.1747068653175514,1.2100444209782895
1768915888.4881618,0.2875262241182972,1.1869227043598078,1.2212521589256353
1768915888.5079503,0.3081332869707667,1.2241980236713803,1.2623814493647798
1768915888.5281644,0.3058009364887164,1.2043188524706352,1.2425369657171426
1768915888.5480142,0.30350447092710375,1.2568999280754225,1.2930245137153213
1768915888.5681362,0.28311492532846105,1.150006050685361,1.1843428462893173
1768915888.5879133,0.3441588377555085,1.283601402201508,1.3289386236161924
1768915888.6079402,0.34273269735866596,1.311397327170388,1.355444079093042
1768915888.6279879,0.3212778477813951,1.2251287374445665,1.2665543331367837
1768915888.6480772,0.31946389250176654,1.2347571398754806,1.275414588706691
1768915888.668176,0.324304354493008,1.237046468089126,1.2788499828185116
1768915888.6880052,0.3226325247837012,1.2148924325464647,1.2570025332937766
1768915888.7079601,0.31901430619167326,1.1154013555385056,1.1601251275151705
1768915888.7279687,0.31728556459902735,1.122869039397111,1.1668354678957589
1768915888.7480228,0.27822506803365954,1.073336823586493,1.1088106805713396
1768915888.7679589,0.27578101824348766,1.0805576088964033,1.115195012617671
1768915888.7879896,0.28631170140927686,1.0907314913549016,1.1276832784949693
1768915888.8079748,0.2841154091594289,1.1304627594678394,1.1656189841734184
1768915888.8279266,0.32335509031272625,1.157034998749082,1.201369428095055
1768915888.8481061,0.32194573376544344,1.2133380418979076,1.2553239659173319
1768915888.8681107,0.33089947759155725,1.1169626761387814,1.1649463868167813
1768915888.8879538,0.32969877676774684,1.1959510817668164,1.2405644978723867
1768915888.908081,0.3377247171604829,1.1353839919512758,1.1845483501150735
1768915888.9279363,0.3367036819661835,1.1894194650163032,1.2361585793130483
1768915888.9480896,0.33567300569968794,1.1709592050510227,1.2181222543936983
1768915888.9681683,0.33464203070720333,1.1764930836092424,1.2231603592727427
1768915888.9881546,0.3235956652476142,1.095170391587645,1.141977382077807
1768915889.0079768,0.3223877110605957,1.1166396999540833,1.1622469856947082
1768915889.0278583,0.2890331135329518,1.0767128915308222,1.1148321808717294
1768915889.0479488,0.28719446959617256,1.0812234615557283,1.1187157088309694
1768915889.0685728,0.2853508978269623,1.069585869385247,1.1069955134865037
1768915889.0880632,0.26649315256913875,1.1206894171278754,1.151938961068969
1768915889.1082704,0.26430263484924654,1.1009806016422004,1.1322606448961632
1768915889.1284142,0.23201191279608557,1.107785304569602,1.1318205726614374
1768915889.1479802,0.2293334075086697,1.0806254794143955,1.1046923728165816
1768915889.168183,0.28107758295920915,1.1321319995427954,1.1665022383308825
1768915889.187959,0.27940151326939366,1.1123563119437587,1.146909660931648
1768915889.2079473,0.24309854003544373,1.1498532521269684,1.1752699271207145
1768915889.22822,0.24071175524583244,1.1204217961017067,1.1459874127988072
1768915889.2481222,0.31078791046985255,1.1002605527819103,1.1433120349677826
1768915889.2684872,0.33342651483342167,1.0680659463818918,1.11890040066782
1768915889.2881663,0.3329389948618813,1.0722922143638811,1.1227907050225503
1768915889.3080225,0.31360455735064297,1.1002616475349143,1.1440819513598388
1768915889.3280406,0.31274905778605144,1.095799587071708,1.1395563646316882
1768915889.348033,0.3118857272268616,1.0831503369939794,1.1271589769761847
1768915889.368197,0.2695161117963729,1.058733733368601,1.0924999096981434
1768915889.3881385,0.29710569934837827,1.0390207988407547,1.0806646181905695
1768915889.407971,0.2960449972702974,1.0492911978904305,1.0902544007611732
1768915889.4280756,0.3109869971633825,1.0785912961298396,1.1225293299026735
1768915889.4481244,0.31023488757890316,1.0811262297688962,1.1247575783987422
1768915889.4680543,0.2989344457530203,1.0692705784123646,1.110270855564523
1768915889.4880047,0.297996328947957,1.0872913149047498,1.1273882275124922
1768915889.5080552,0.33565953070539245,1.1140996851684366,1.1635658249732905
1768915889.5280585,0.335450511571578,1.1080095338545113,1.1576753313542294
1768915889.547953,0.3291170294265773,1.1819210358226033,1.2268884847363066
1768915889.5679955,0.32878996413028694,1.1687055858834756,1.214073962733751
1768915889.5880766,0.3542655927217828,1.1165380551211932,1.1713929053568375
1768915889.6082263,0.35444677739525443,1.1181275960405346,1.1729628463993502
1768915889.6279306,0.3484940240703389,1.1027470652914462,1.1565029938662654
1768915889.6482658,0.3485542370892918,1.0869023532030937,1.1414231387138256
1768915889.6679413,0.3412987053629646,1.0794763371667702,1.1321457365487104
1768915889.6880736,0.3412212123576368,1.0638841971002153,1.1172651881278612
1768915889.7079833,0.33644734225503403,1.0813535945971722,1.132485059794919
1768915889.7280464,0.3363063975689402,1.082157226235019,1.1332105961993422
1768915889.7481828,0.3361696170135462,1.0831535679371112,1.1341215380804337
1768915889.7679982,0.3239783930560147,1.1410025992095751,1.1861066269818088
1768915889.7881079,0.3237734485009205,1.0522492922196256,1.100934974887655
1768915889.8082333,0.32342052529469845,1.0525267127797815,1.1010964159858625
1768915889.8280458,0.3276882089975863,1.0756430508442731,1.1244498811177053
1768915889.8480995,0.34890130309409173,1.0970298973082175,1.1511762310301727
1768915889.867963,0.34907690039335204,1.1051359093357094,1.1589564532334662
1768915889.8880804,0.31609784047703693,1.0843299198062255,1.1294641294619416
1768915889.9080238,0.3155800702625233,1.0598496081662676,1.1058354184403256
1768915889.927988,0.3406870648676288,1.002014329295189,1.058347954257487
1768915889.9479613,0.34074506088370216,1.0166403382006741,1.0722242180502262
1768915889.9683316,0.321704088046737,0.971794780492526,1.023659423665166
1768915889.9880326,0.3213718432692678,0.9698519324663277,1.0217106403258005
1768915890.0081618,0.3209843524995115,0.9433713415301155,0.9964840402986194
1768915890.0279765,0.24835239414193633,0.9929160715745375,1.0235043902529406
1768915890.0481186,0.3191195922263286,1.0667053774144726,1.113417116963652
1768915890.0680819,0.31877322465026103,1.0504052728843198,1.0977101648691736
1768915890.0881686,0.32770026685021314,1.068240668040516,1.117374417887464
1768915890.1080039,0.3274957271182348,1.0435971390618637,1.0937771436352144
1768915890.1279619,0.32740899222666564,1.0582739908694063,1.107763732905867
1768915890.1480336,0.37951540768418646,1.0470952139692857,1.113750569825703
1768915890.16803,0.37033617756108295,1.0650502904919137,1.1275996655229479
1768915890.1883564,0.37098053548832266,1.0470804257863329,1.1108573156693395
1768915890.20789,0.3594717982939202,1.0196371299442557,1.0811474693720666
1768915890.2280612,0.3313888526020694,0.9751038882969216,1.0298767715608947
1768915890.2480762,0.3313397307682109,0.9876402979021375,1.0417386309558523
1768915890.2680137,0.32155939035414294,0.9599540266027304,1.0123794618203807
1768915890.288249,0.3213239169955193,0.971111256888084,1.0228910659929031
1768915890.3080003,0.3155758849091901,0.991194234384186,1.0402183181489697
1768915890.3282018,0.31519370550006953,0.9794714926054948,1.028937061638709
1768915890.3479044,0.31980364956705465,1.0001397484266419,1.0500256619051336
1768915890.3683197,0.31949891025785404,0.9890338554205651,1.0393591875882098
1768915890.3879178,0.28389270966274016,0.9544234651721042,0.9957505819585443
1768915890.4079955,0.282965688128612,0.9592573420316663,1.000122106994819
1768915890.4279943,0.33610818053117053,0.9252727037125428,0.984427897438656
1768915890.4480097,0.3362663713837377,0.9451423961299157,1.003179555954857
1768915890.4679909,0.315647923277387,0.9373492119978919,0.9890688331468118
1768915890.4885705,0.3154219548824624,0.9642454043848403,1.014524622421338
1768915890.5079746,0.28854823988791223,0.8783095547282374,0.924493245334614
1768915890.5280128,0.28773488739569264,0.880363827493877,0.9261921151598521
1768915890.547988,0.2656382660060075,0.866038363491743,0.905862095137077
1768915890.5679734,0.2708194105424768,0.8807074927950591,0.9214059045783969
1768915890.587956,0.2696498908231362,0.8593316623474205,0.900645307284566
1768915890.6080403,0.2920932591606282,0.8735116054215042,0.9210542855082601
1768915890.6280062,0.29135078113554136,0.8448881286105525,0.8937120495636901
1768915890.6480854,0.2537349104404547,0.864287704064826,0.9007633652485395
1768915890.6680238,0.25234497273232903,0.8605906599839184,0.89682454767632
1768915890.68793,0.2696809426947566,0.8866257535236279,0.9267324520400014
1768915890.7079363,0.2686663141544492,0.899275670672405,0.9385511814624927
1768915890.7279503,0.31738335496184145,0.8859749081840378,0.9411077153751044
1768915890.7482889,0.3173175276937297,0.9057063663579936,0.9596845499658005
1768915890.768043,0.302438051613539,0.8797990346945115,0.9303306490238769
1768915890.7883196,0.3019958582307556,0.8507306679441298,0.9027425811211056
1768915890.808059,0.2984709651730879,0.8747441951027883,0.9242631248283032
1768915890.82816,0.29426951223281406,0.8608222740470808,0.9097304729013564
1768915890.8479536,0.29371149956637654,0.8563074598908589,0.9052783609709583
1768915890.8680408,0.2931110427860316,0.8269120445185729,0.8773241207062537
1768915890.8885195,0.31778799606793695,0.8298745351120811,0.8886399464757184
1768915890.907981,0.3267481993552971,0.8564682245728412,0.9166799907737071
1768915890.9280238,0.3268010989143427,0.8285330874331533,0.8906548350641428
1768915890.948091,0.3058305855132356,0.8468603069217329,0.9003914295876766
1768915890.967953,0.30552399683732656,0.8755488784179755,0.9273245123161737
1768915890.988287,0.33410719511953546,0.8990846440193683,0.959156303707627
1768915891.008127,0.3343394852625352,0.9362033238289236,0.9941124458299179
1768915891.0279467,0.3135863908327253,0.9189049488833594,0.9709390967500608
1768915891.0479245,0.31338259097645127,0.9306759003953688,0.9820215272099916
1768915891.0680325,0.3204182900259924,0.9100548073903396,0.9648148180026306
1768915891.0880077,0.3203348163936771,0.8813371139588937,0.937747035737977
1768915891.1079552,0.3475104214404382,0.8735029024152268,0.9400908538739946
1768915891.1288524,0.34795182553513593,0.8522752183853575,0.9205669561563908
1768915891.1479816,0.3287800549941139,0.8552573786046138,0.9162758908863466
1768915891.1679366,0.32883759173090243,0.8429558613900818,0.9048252571559188
1768915891.1879241,0.29399055545562836,0.8559399201789102,0.9050213222090339
1768915891.2080142,0.2933764590332635,0.8278942145190955,0.878338532201045
1768915891.228058,0.30979176585977874,0.8259824672579015,0.8821666364196564
1768915891.2479784,0.30949776714540544,0.8467507652564397,0.9015407513420333
1768915891.2680297,0.3092009165552496,0.8512228877265557,0.9056409947590397
1768915891.2881548,0.32172496773432213,0.8953644971234369,0.9514118653731178
1768915891.3079205,0.34613503875653373,0.87995996970999,0.9455892413447784
1768915891.328073,0.3465476078551486,0.8844809223970396,0.9499482862737549
1768915891.3479624,0.375581147581454,0.8369560449022169,0.9173639515028719
1768915891.3681033,0.3765406579463024,0.8408016451922764,0.9212655825790265
1768915891.3881528,0.3601666350911147,0.899577239365922,0.968999078749856
1768915891.4081132,0.358927674556509,0.8138175762613855,0.8894538340996115
1768915891.4280038,0.35952161191673004,0.8003085933256262,0.8773537678645066
1768915891.4480412,0.3434666014999044,0.7950366753970988,0.8660557843305279
1768915891.4679277,0.3437324444515404,0.7822650067945185,0.8544533540362863
1768915891.487962,0.35774851710139,0.7991062727705023,0.8755311740134716
1768915891.5079625,0.35827400402393506,0.8027551671499573,0.8790768569046159
1768915891.5280228,0.3326485146009006,0.8149945073782998,0.8802676191494171
1768915891.548027,0.33267882402370363,0.7956943849633067,0.8624411598572561
1768915891.5680356,0.3856533359964236,0.8518964512942127,0.9351235529558879
1768915891.5885108,0.35438097615136,0.7698160616553213,0.8474683740650741
1768915891.6081436,0.3547743451839619,0.7905968302153745,0.8665495853944578
1768915891.6280494,0.35517738716168223,0.8106576427182626,0.8850518572651717
1768915891.6479301,0.3555827544285515,0.8224717098015999,0.8960462090042917
1768915891.667994,0.3722777953572941,0.8512930222889423,0.9291343103738711
1768915891.6879764,0.37299670625462067,0.8552673079090969,0.9330641515216784
1768915891.7084358,0.33496684010685807,0.8077609958676177,0.8744601822931786
1768915891.7280414,0.3349471944497723,0.8030335072965933,0.8700876030095138
1768915891.7479537,0.33210084009167173,0.8339386739284871,0.8976328201793858
1768915891.7681644,0.3320351293377095,0.8135408842903873,0.8786899894310249
1768915891.7879798,0.3686240960555892,0.8043267664753904,0.8847741358457295
1768915891.8090134,0.36927550622263705,0.7757089019935401,0.8591208879593188
1768915891.82799,0.4183718542318753,0.8331048117611912,0.9322545981613968
1768915891.8479831,0.4199389915937055,0.8308719909972844,0.9309656395831855
1768915891.8679492,0.4143370002873421,0.8354969013854889,0.93259327792552
1768915891.8879087,0.4157650632718911,0.8338899255739554,0.9317902101928397
1768915891.907977,0.4410188722885783,0.845428917897439,0.953544808035744
1768915891.9280772,0.4336502114747619,0.8090248903253565,0.9179181766791966
1768915891.9480093,0.4353599657654056,0.8223118940265541,0.9304488974945341
1768915891.9680197,0.4574864322872947,0.8257823919456744,0.9440394030836196
1768915891.9882655,0.45962992162684746,0.8539002205434283,0.9697449414659596
1768915892.008178,0.46173456835141924,0.8832804119687667,0.996686057782683
1768915892.0279355,0.4854478596804086,0.8369756095513843,0.9675679797575988
1768915892.0479465,0.4996466743895901,0.7949938924657474,0.9389686300864462
1768915892.0679154,0.502406322093102,0.7913163525597655,0.9373332824068549
1768915892.0879848,0.5050660993708782,0.8104187009783326,0.9549189680957865
1768915892.1079206,0.5078278145326838,0.8076596552258986,0.9540457053478408
1768915892.1280174,0.5487662636414807,0.7806760939918469,0.9542534128004982
1768915892.148595,0.5523372762769627,0.809095204918453,0.9796486703849944
1768915892.1679347,0.5184398145464038,0.8561845423341046,1.0009154868612882
1768915892.1881576,0.5741290706015298,0.8146895472495341,0.9966660664974138
1768915892.2079594,0.5779016901323571,0.8277741113501085,1.0095446215394823
1768915892.2280104,0.5963413923939022,0.8380990556847872,1.0286073514330092
1768915892.2479174,0.6004311423342545,0.842474333510963,1.0345436478513408
1768915892.2680268,0.6090016472683187,0.7916497289205875,0.9987954243365181
1768915892.2879765,0.6131729278835613,0.7703490869826597,0.9845906536750775
1768915892.3080883,0.6220520232144526,0.7995946389839688,1.013064808527617
1768915892.3279357,0.6262966445498568,0.7704970484437537,0.9929316132720046
1768915892.347961,0.6321931557991177,0.808122109773354,1.0260260866780067
1768915892.3679368,0.6364983985065135,0.7933732745346482,1.0171388125753469
1768915892.3879406,0.6407995295899845,0.7633013791513701,0.9966208067952069
1768915892.4082267,0.6483301579391306,0.8446471981132735,1.0647820823877445
1768915892.428192,0.69801062522972,0.7823192405539086,1.048447531865295
1768915892.44796,0.7032802296101613,0.8039646263354179,1.068158322421901
1768915892.4680562,0.7107697204410154,0.8205599436982105,1.0855930253542574
1768915892.487992,0.7161054202919498,0.8114839380171803,1.0822722183588476
1768915892.5079226,0.7533987027143837,0.750440917049219,1.0633772497253215
1768915892.5283518,0.7594147898428603,0.7490683029739218,1.0666837139247543
1768915892.5479667,0.7731966105649464,0.7689711932708292,1.090481405008579
1768915892.568276,0.7793680228443294,0.742451653272064,1.0764055799180439
1768915892.5879653,0.7949704985682651,0.7497557961916019,1.0927542484551496
1768915892.6080828,0.7845192874083673,0.7381777320006666,1.0772079076656373
1768915892.6279626,0.7904662068747942,0.7060074624477446,1.0598506315716987
1768915892.6482923,0.789510129307586,0.7042406906851602,1.057960866334853
1768915892.6679728,0.795309377386048,0.6769263577268241,1.044388002393501
1768915892.688164,0.7796954224940092,0.6952464331728834,1.0446494889185214
1768915892.7081456,0.7852072611517229,0.6780727923871721,1.0374647727711659
1768915892.7279818,0.782681360525173,0.7036837065234884,1.0525021952186946
1768915892.7482626,0.7879579687345781,0.6598255538649269,1.0277390340088675
1768915892.76799,0.7932470272496096,0.6357593183610302,1.0165779641145212
1768915892.7880325,0.7934774792873909,0.701841996467774,1.0593340824037254
1768915892.8083222,0.8396140209832993,0.6892949858508901,1.0863145408908614
1768915892.828607,0.8457087798072067,0.6649622067325245,1.0758243707155843
1768915892.8481011,0.8441111265670566,0.7232150789029212,1.111559105197229
1768915892.8680325,0.8158120012374902,0.6660205695789667,1.053153654727272
1768915892.888077,0.8210196871115056,0.6286727456200136,1.034070958740299
1768915892.9079456,0.8281296784064557,0.6098054578749394,1.0284266919482614
1768915892.9279866,0.833359473449033,0.5687540365879808,1.0089445803027894
1768915892.9479835,0.8509080181358772,0.5701611582867336,1.024269594270374
1768915892.9679554,0.85642344958901,0.5323479825023067,1.008392532439732
1768915892.9888697,0.8898082816831838,0.6506199134979722,1.1022998911331205
1768915893.0086722,0.8957596447589391,0.6096790554954055,1.0835561323200706
1768915893.0283213,0.9016971907662736,0.5684335496491215,1.0659148766212478
1768915893.048365,0.9076200923933115,0.5200493038898664,1.0460523460096909
1768915893.0682201,0.9183877401467592,0.550832641879067,1.0709120601671007
1768915893.0880134,0.8858577044781583,0.6084344857182096,1.0746796713414162
1768915893.107999,0.8913757780865,0.5749510328404615,1.060716488004041
1768915893.128011,0.920764507918108,0.5725048815304401,1.0842366524047502
1768915893.1479478,0.9268814759686419,0.5374340979965435,1.0714218031117186
1768915893.1681383,0.9326552569242875,0.49463794079728807,1.055704750744587
1768915893.1879642,0.9232157104624209,0.48617994062660586,1.043407007218335
1768915893.2082858,0.9287396429496501,0.4424109950462505,1.028729708389943
1768915893.2279499,0.9110174346452128,0.41435533783265655,1.0008212189087318
1768915893.247978,0.9146587543340695,0.39045656590521816,0.9945134321558697
1768915893.2679772,0.9199905440434726,0.3475116006930943,0.9834362784368296
1768915893.288,0.9516298223241627,0.36601390099373177,1.0195908465935573
1768915893.3080115,0.957312276323728,0.32425718396572734,1.0107371150568782
1768915893.3280141,0.9673808146758045,0.39977556208978626,1.046731169234502
1768915893.3483613,0.9731668651954686,0.3599099382424775,1.0375880257405052
1768915893.3682334,0.9853964341769785,0.41356373197078256,1.0686632270693632
1768915893.388062,0.9912664633957669,0.3762836943264354,1.0602823303578635
1768915893.4079678,1.0174053031004457,0.27815035784949593,1.0547422302860128
1768915893.4282155,1.0007244310562755,0.23698582089057396,1.0284024825991456
1768915893.4479442,1.0065609226382968,0.19841368967612283,1.0259302526163034
1768915893.4682174,1.012420043230033,0.15918589413086792,1.0248582793850796
1768915893.488083,1.0226616904773944,0.24060804262098223,1.0505851528286427
1768915893.507995,1.0286200797417324,0.204064678357474,1.048666611178704
1768915893.5282116,1.0462712091712785,0.20306886079835884,1.065795667736866
1768915893.5481148,1.052463125997493,0.16733304385293124,1.0656824006942696
1768915893.568215,1.0585523483452333,0.13135678956213503,1.0666713084878956
1768915893.5881279,1.0691268307978192,0.13578532779225228,1.0777150994467128
1768915893.6080792,1.0731325489647463,0.1638297951634744,1.0855660594504968
1768915893.6279573,1.0792050473104726,0.12997282841009117,1.0870034361791678
1768915893.6482089,1.0920653676485537,0.15990074193535264,1.1037096604129397
1768915893.668038,1.091243432613076,0.114818146444291,1.0972672582256666
1768915893.687968,1.0976618194642538,0.08147863631783281,1.100681715159196
1768915893.7079787,1.1006716466180941,0.07801974454697103,1.103433348330637
1768915893.728211,1.1071965585034973,0.04468956158896731,1.1080980895557047
1768915893.747996,1.1130942408894815,0.012704888517282242,1.1131667455029222
1768915893.7680204,1.0851537779338543,0.044420513295696296,1.0860625689920307
1768915893.787931,1.0992402591770536,0.04907054081478002,1.100334978709434
1768915893.8080113,1.1050335252979915,0.018197537468386926,1.1051833523910954
1768915893.8279977,1.1119878378021308,0.021841639236871657,1.1122023236014262
1768915893.8481262,1.1176411006304974,-0.008190921658941974,1.1176711148706369
1768915893.868052,1.1230923744080419,-0.03783418843920394,1.1237294635579982
1768915893.8881285,1.1242708537218769,0.020447238344232233,1.1244567764411506
1768915893.908095,1.1273826549993777,-0.011464623701757048,1.12744094674181
1768915893.9279337,1.1330146604347173,-0.03997103781711964,1.1337194999752696
1768915893.94809,1.138509990914166,-0.0684348326387827,1.1405649151756654
1768915893.967964,1.1498676691882133,-0.033246036216711516,1.1503481888404299
1768915893.988159,1.160559574045037,-0.013298419058966005,1.160635762354868
1768915894.0079834,1.166384570760576,-0.03953015239611979,1.1670542403233852
1768915894.0285711,1.1767591965948676,-0.0355616153645979,1.177296409260615
1768915894.047989,1.1824871275552782,-0.06064727531238745,1.1840413416924045
1768915894.0681987,1.218795038405452,-0.07335639454561083,1.2210006168149459
1768915894.0883715,1.2254151873584713,-0.0992700345968327,1.2294295104550133
1768915894.1082098,1.1858602456088487,-0.07850852557816346,1.1884561879614814
1768915894.128181,1.1912663292351477,-0.10289948718218511,1.1957022085919806
1768915894.148041,1.1989664896439818,-0.07953400874178307,1.2016015570211909
1768915894.1680946,1.2045413575788646,-0.10318335959035352,1.2089527235646091
1768915894.1880572,1.2064521165343722,-0.10900496088984113,1.2113664973858498
1768915894.2080927,1.2119899475047937,-0.13231735259565092,1.2191913363580773
1768915894.2279177,1.2211628653657345,-0.10729243184389503,1.2258672071962884
1768915894.2480998,1.2269715849956437,-0.13004937043827525,1.233844442844443
1768915894.268209,1.2364857747796951,-0.10610254731822266,1.2410297425041668
1768915894.2879827,1.2420338946939775,-0.12728228091544658,1.2485387357241782
1768915894.3079934,1.246868783829484,-0.12217240508850757,1.2528399182072414
1768915894.328118,1.2525096489685539,-0.14316050248703682,1.2606646462210602
1768915894.3479815,1.2680105319059636,-0.12739416257172387,1.274393966433377
1768915894.3679452,1.217417926653394,-0.12864955386450383,1.2241965184751116
1768915894.3879364,1.2221766362006496,-0.1485028644773685,1.2311656390724681
1768915894.4081304,1.2537631559030036,-0.11039635747488674,1.258614081775499
1768915894.4280634,1.2590655143002403,-0.12912042219122633,1.2656690138922455
1768915894.4480708,1.2552223831543916,-0.11888216035301724,1.260839481941294
1768915894.4681017,1.2605550966494297,-0.1373585490626592,1.2680167675111602
1768915894.4880047,1.255206392944999,-0.12797681497558244,1.261713578456414
1768915894.5079544,1.2603174546469655,-0.14581335244081295,1.2687244067321457
1768915894.5279405,1.2564141509824347,-0.13451551210432733,1.2635944530527197
1768915894.54797,1.2612335010844293,-0.15164987268163976,1.2703179240418694
1768915894.5679832,1.2580089129654506,-0.13979923364755464,1.2657528395500277
1768915894.5882986,1.2629596695177396,-0.15675411740115663,1.272650376242656
1768915894.6079729,1.260815641956756,-0.14448080597470359,1.2690668959112938
1768915894.6280553,1.2654278884500343,-0.16052801910138292,1.2755692791000128
1768915894.648132,1.2622795089492218,-0.14670247503749678,1.2707758161435148
1768915894.66817,1.266660624172701,-0.16218724001168638,1.2770018941458876
1768915894.6879714,1.2631161087002272,-0.14731838209846515,1.271678029126128
1768915894.7079597,1.267390053925099,-0.16215603687756186,1.2777214598980886
1768915894.728152,1.2715816799470772,-0.17703597663006398,1.2838464494628599
1768915894.7481325,1.2650477284073895,-0.1478549985574844,1.273658845903066
1768915894.767994,1.2666599506374112,-0.14767021206574604,1.2752387706152566
1768915894.7880836,1.2704496819180022,-0.16121355045085117,1.2806374206365057
1768915894.808128,1.270541278839651,-0.14737709541542188,1.2790602603038617
1768915894.8282487,1.2748470736747035,-0.14723685115202834,1.2833213750242451
1768915894.8479857,1.278432047499022,-0.15969892797986773,1.2883680559803012
1768915894.8679671,1.2803855901862746,-0.1467117015076802,1.2887635868986729
1768915894.888134,1.284152619536551,-0.15904980167442595,1.2939647559633376
1768915894.908119,1.2862140649312632,-0.1462588154856217,1.294503094602041
1768915894.9286785,1.2901201907773474,-0.15842109794892778,1.2998105057764087
1768915894.9479754,1.3120642366722546,-0.14950920130894474,1.320555020599439
1768915894.9679484,1.316254104562388,-0.16097815700426388,1.326061399336329
1768915894.9881308,1.3194301425648658,-0.1488338450378155,1.3277979569714222
1768915895.0079799,1.3235702501717304,-0.159806352533284,1.3331827622084114
1768915895.0279906,1.2716606868916553,-0.13246617399349425,1.2785414306303224
1768915895.0480115,1.2748172675657705,-0.1428242200255827,1.2827929776506315
1768915895.0679307,1.3246278013293706,-0.1430932422143396,1.3323342253436614
1768915895.0879672,1.3285490604227346,-0.15316526806583397,1.33734894671952
1768915895.1085658,1.3116458573648417,-0.1611027707166297,1.3215025379752117
1768915895.1282425,1.314965156513094,-0.17085020617992797,1.3260177811007021
1768915895.1479354,1.3088067355968183,-0.16033550690803722,1.3185911215835853
1768915895.1681287,1.311996606788978,-0.1698716533199942,1.3229480242350642
1768915895.1879306,1.3060064004201266,-0.15827736507739942,1.3155624052982742
1768915895.2079911,1.3043251877650839,-0.15679491326182138,1.3137156618778676
1768915895.2279875,1.3073189093100563,-0.16577092065650056,1.317787057447044
1768915895.2481182,1.285031310639459,-0.14905993839299114,1.2936476856383612
1768915895.2683911,1.287564198178852,-0.15769072739864498,1.2971846167525514
1768915895.2880988,1.2833767483447893,-0.1472697857702876,1.2917988496638597
1768915895.308036,1.2856873172138512,-0.15534662195302928,1.2950383973445605
1768915895.328004,1.281329922348942,-0.14555227411749705,1.289570406921437
1768915895.348108,1.283504144571195,-0.15329578038759273,1.2926261970949204
1768915895.3679852,1.2792600106955516,-0.14520031713921178,1.287474002480093
1768915895.3879762,1.2812943303464137,-0.1526173602310763,1.2903515875999716
1768915895.4080966,1.2776959291036576,-0.1449920739225803,1.2858964144706329
1768915895.4279013,1.276754853520594,-0.1447512228413821,1.2849341899500024
1768915895.4479277,1.2786676897162645,-0.15180427011525843,1.287647310854007
1768915895.46801,1.2805387897869616,-0.1588301565205974,1.2903513516749667
1768915895.488198,1.2721158503485612,-0.14442812944461814,1.2802883352131715
1768915895.5080478,1.2714601391020381,-0.14435669311190757,1.279628750916288
1768915895.5279558,1.273099283301646,-0.15085706033278967,1.2820060989696638
1768915895.5485055,1.268559840101916,-0.14597901689462667,1.2769314552053765
1768915895.568091,1.2699824426134942,-0.1520241826433324,1.2790491611564079
1768915895.5881493,1.2705486085153626,-0.12520894936290006,1.2767031947954408
1768915895.6080291,1.2719491827209448,-0.13069140775822774,1.278645755276381
1768915895.627956,1.269952770369466,-0.12502120834360753,1.2760918233045682
1768915895.6488283,1.2713133740846267,-0.13039652150290237,1.2779831563625925
1768915895.6683936,1.2684581823457952,-0.12750322177964435,1.2748502782382674
1768915895.6897469,1.2696923782570508,-0.1325580735107046,1.2765932704886531
1768915895.7079184,1.2696087478539742,-0.11876281550612688,1.2751513553199394
1768915895.7280219,1.27084540420277,-0.1235473747667637,1.2768367143824855
1768915895.748025,1.2669121242252477,-0.12608001144283776,1.273170255619552
1768915895.7680464,1.2646327912504103,-0.13381599721068937,1.2716928944581294
1768915895.7879887,1.2657157159856909,-0.13862651167403506,1.2732845649861941
1768915895.808032,1.263203401217154,-0.14211229849404994,1.2711721906295181
1768915895.8279476,1.2642174136400754,-0.14689669359160717,1.2727231857473753
1768915895.848,1.2652133149137925,-0.15166796407412697,1.2742715187751543
1768915895.867992,1.265924878061012,-0.13873329015571834,1.2735041117684773
1768915895.8879952,1.2659830878646061,-0.13851688388773198,1.2735384194758987
1768915895.907965,1.266942746134426,-0.14282719284410916,1.2749680501872858
1768915895.9279673,1.2651644657423788,-0.14558484264956384,1.273513278998887
1768915895.9483364,1.266075407169191,-0.14988500756440182,1.274916645169877
1768915895.9679794,1.2642872173569422,-0.15294713820965455,1.273505003939397
1768915895.988496,1.263459162550948,-0.1601881213048859,1.2735734331561457
1768915896.0080884,1.264254546818112,-0.16441866381219938,1.2749011946657114
1768915896.027951,1.2650488522621492,-0.16867217668433376,1.2762440604356253
1768915896.04811,1.2592078924430203,-0.18450818232081545,1.2726538357833697
1768915896.0679939,1.2622911118956717,-0.17133596430482,1.2738661090691885
1768915896.0880294,1.262996613854936,-0.17548100165982738,1.275129024276591
1768915896.1079543,1.2585526319372216,-0.18898729110743062,1.272662926134109
1768915896.128065,1.2591586344905301,-0.19331628496929554,1.2739119486237604
1768915896.1479554,1.2290902071417342,-0.191734780524909,1.2439553703226842
1768915896.168042,1.2291036690167023,-0.19594222312470144,1.2446241135352352
1768915896.187986,1.2291665087765826,-0.17741932705280838,1.241904957679888
1768915896.2079399,1.2291612251130757,-0.18114317747556363,1.242437188781558
1768915896.2279563,1.229189820532833,-0.18491943416322165,1.2430216458424141
1768915896.2481675,1.2141232561925395,-0.18934728636791576,1.2287992822599094
1768915896.268197,1.23411776280332,-0.19918484624994548,1.250088499044082
1768915896.2884712,1.2342052410188789,-0.20304839247133977,1.2507962370600834
1768915896.3079917,1.2269971186862225,-0.1902987864670802,1.2416664436937705
1768915896.3282266,1.2177310778393124,-0.2025546809106924,1.2344623836693145
1768915896.348025,1.217471754945226,-0.20616409323957896,1.2348040765363169
1768915896.3683028,1.2171914043083694,-0.20979570155489213,1.2351393245756082
1768915896.3879821,1.209696877183204,-0.20586036112765704,1.227088025754634
1768915896.407988,1.2042790881693137,-0.21545117743942477,1.2233999068423818
1768915896.428097,1.2037879847866195,-0.21908592973241703,1.2235620772659423
1768915896.4479554,1.1972234098049723,-0.23024679489352806,1.219162614069094
1768915896.4681861,1.1966208418090445,-0.23406441222986452,1.2192979898795446
1768915896.4881406,1.227260319045493,-0.21328535979878893,1.2456558655616503
1768915896.5079842,1.2272285317083398,-0.21649921977799025,1.2461788720739435
1768915896.5279436,1.2226859452429688,-0.23438288201363022,1.2449482945390573
1768915896.5480962,1.2224306918796926,-0.23770789505935674,1.245328004913972
1768915896.5680082,1.2276446692161735,-0.21732149198129314,1.246731753318196
1768915896.5880063,1.2275070717370018,-0.2201778535117871,1.2470973892769588
1768915896.6079068,1.2275403934541806,-0.22331222527649075,1.2476873677005722
1768915896.6280727,1.2501863506815094,-0.25500155769825916,1.2759277823838184
1768915896.6479554,1.249115122794493,-0.25964604385789336,1.2758152915234073
1768915896.6679087,1.2493918399981938,-0.26309940993183467,1.2767933542122436
1768915896.6880066,1.2583563130773525,-0.2547919963792591,1.2838923522167098
1768915896.7079482,1.2588652606202375,-0.2581163802413098,1.2850547887717998
1768915896.7279987,1.2611330944724428,-0.2656845020050458,1.2888153229145394
1768915896.7480054,1.2616919846140753,-0.2691238247835628,1.290075306757531
1768915896.767984,1.2674203688356518,-0.278339857754883,1.297623777431081
1768915896.7883756,1.2680032974449063,-0.28181543985041735,1.2989427641236697
1768915896.8084009,1.277856943364093,-0.2714076312292679,1.3063615387760408
1768915896.828227,1.277062014678985,-0.29065976277989236,1.3097215303396412
1768915896.848165,1.277742111124519,-0.2940559969808003,1.3111421859971235
1768915896.868002,1.278503198334747,-0.2975686076447257,1.312675704204126
1768915896.887939,1.2857124262980153,-0.313253780117174,1.3233232310719965
1768915896.9079492,1.277596573399852,-0.3014420393156829,1.3126767718786834
1768915896.9279642,1.2783763909456418,-0.3050135453748961,1.3142600426815723
1768915896.9479642,1.2811797443918864,-0.31036089704663006,1.3182357239339435
1768915896.967951,1.2819987042718402,-0.31397110934213934,1.3198858038694903
1768915896.9881482,1.2828439590869576,-0.3176305073645711,1.3215815383753566
1768915897.0081875,1.23513548811694,-0.3096045245106218,1.2733478062192278
1768915897.0279524,1.2319334533146498,-0.31359771797436764,1.271221287626387
1768915897.0480025,1.2315948473346856,-0.3167288287400112,1.271669382715636
1768915897.068594,1.2317712355425052,-0.3053082586104843,1.2690443292043334
1768915897.0880187,1.2313848882752139,-0.3079763232704966,1.2693140504885994
1768915897.1080053,1.2244629727518659,-0.31389721529581394,1.2640573695093127
1768915897.1280544,1.2239386622549695,-0.3166957407972095,1.2642476186260259
1768915897.1480033,1.2144526821615316,-0.3236113843696131,1.256829202916194
1768915897.167973,1.2137451318378683,-0.3264817004101097,1.25688804026564
1768915897.188111,1.2575758121917295,-0.3254844178063241,1.2990138681493781
1768915897.2080832,1.2578683920104403,-0.3285024321527761,1.300056437063107
1768915897.2281322,1.2485086001263195,-0.3290518923459196,1.29114246791197
1768915897.247986,1.2486096171754186,-0.33199922256596714,1.2919943730091676
1768915897.2678847,1.2464739094820598,-0.3351008225202943,1.290732260491411
1768915897.2879484,1.2464508457585048,-0.3388069902939499,1.291677160734886
1768915897.3084948,1.2466170239949905,-0.3429227260467247,1.2929230451010778
1768915897.3284233,1.2502908565145363,-0.35291120920907737,1.2991433898801419
1768915897.3480136,1.2508201526868965,-0.36698153997625127,1.3035438255198832
1768915897.3680148,1.2507826603901084,-0.3827968619560167,1.308048432228689
1768915897.3880754,1.2509347629839722,-0.39372175083094874,1.3114322698176808
1768915897.4079697,1.264161834332509,-0.42409242546121284,1.3334014881934504
1768915897.4280381,1.2705775793921017,-0.4066609523447191,1.3340691569089687
1768915897.4481406,1.271091430194549,-0.4206815073824579,1.3388974398988152
1768915897.4680295,1.2260857335501871,-0.41740315714812226,1.295187871164844
1768915897.4880044,1.2257756521419343,-0.42937247950885293,1.2988020155295281
1768915897.50795,1.230652581164886,-0.43825581992260787,1.3063590391710211
1768915897.5283036,1.230408470985914,-0.4532624520823134,1.3112405789715196
1768915897.5481367,1.2286961723306429,-0.4696589257523396,1.3153987191870056
1768915897.5683236,1.2283906654153405,-0.4864075160898853,1.3211873063984059
1768915897.5882945,1.2291063546661292,-0.47942826175373376,1.3193005302996232
1768915897.608072,1.2287231847620883,-0.5110844835526454,1.3307772218144416
1768915897.62798,1.225238163562691,-0.517426749909843,1.3300146611871384
1768915897.6485286,1.2248129881139982,-0.5501917870135422,1.3427128726387842
1768915897.66804,1.2164373383016251,-0.5868332053043321,1.350589874411214
1768915897.6881995,1.2159512973021218,-0.6136848007632185,1.3620376617768337
1768915897.7080777,1.256178160844161,-0.5690615487319537,1.3790629492619357
1768915897.7284336,1.2563992518563096,-0.6009213588929683,1.3927115852317973
1768915897.74802,1.248355299137482,-0.6277426268033448,1.3973015989365345
1768915897.7680275,1.2485079322903458,-0.6538943887410156,1.4093792706787274
1768915897.7880163,1.2488021807178993,-0.658899708632001,1.4119687364106603
1768915897.808088,1.250720435173338,-0.6616244695118958,1.4149376472541402
1768915897.8279982,1.2106296181395697,-0.6170725615676691,1.3588239836551477
1768915897.8479428,1.209958873615952,-0.6489662345743774,1.3730104331211868
1768915897.8679855,1.2145732871500607,-0.6295808995261236,1.3680498451835104
1768915897.8879414,1.2137324697471326,-0.6994844034216374,1.4008657818465686
1768915897.9083576,1.2226075201448814,-0.6532272312499021,1.3861727756528872
1768915897.9280493,1.221929637256289,-0.734287836851431,1.4255843243222195
1768915897.948086,1.2179927213753197,-0.686463414471782,1.3981195545201113
1768915897.9679496,1.2172659472478333,-0.7606047252783199,1.4353591656602447
1768915897.988607,1.2170186455562777,-0.7624781278396995,1.436143195877615
1768915898.008114,1.2239206285201285,-0.7731075991701806,1.4476453518772432
1768915898.0280855,1.2236508758707219,-0.8007192476194644,1.4623517974575972
1768915898.0479882,1.228320016447452,-0.8070553780903067,1.469730739322668
1768915898.0681634,1.2280580393850733,-0.849811035463004,1.493420685571555
1768915898.088203,1.213420842295077,-0.8123049935190405,1.460215581005785
1768915898.108181,1.2713921826094197,-0.7807229575508101,1.491967298048864
1768915898.1281633,1.2716628323667885,-0.8717446287493145,1.5417733481210534
1768915898.148151,1.2723745759703529,-0.9018517283456831,1.5595748143310826
1768915898.1681054,1.2540061743186988,-0.8923866429674767,1.5391183858872526
1768915898.1882598,1.2543158288155194,-0.9229141506275855,1.5572664280224502
1768915898.2080164,1.2546208117006379,-0.9541807393495167,1.5762405477902026
1768915898.2279696,1.2503817482487083,-1.0318726221257482,1.6211772341869852
1768915898.2479408,1.2420905790401333,-0.9639017408520747,1.572226310859195
1768915898.2681706,1.2418108285694358,-1.060056006396481,1.632731720353826
1768915898.287988,1.2160744184211962,-1.0217427931204055,1.588330987682334
1768915898.3080468,1.2154806277613752,-1.083569307478827,1.6283475060850285
1768915898.328018,1.2415311678765177,-1.0490104521352528,1.6253684411535243
1768915898.3483999,1.238410565739955,-1.037676859864261,1.6156837545863076
1768915898.3681982,1.2381634705430318,-1.1120816053670035,1.6642638843593336
1768915898.3880496,1.2382132575212248,-1.1459843176107327,1.6871431851834804
1768915898.4083571,1.2167179373731276,-1.1025728807391255,1.641971222788905
1768915898.4280112,1.2002165181276336,-1.0466745898505492,1.5924972173995269
1768915898.4479585,1.199350357207031,-1.1123396163741885,1.6357691467588296
1768915898.4680889,1.1726776910541024,-1.1276779235203422,1.6269082538026327
1768915898.4882786,1.1711114808637848,-1.241625764918246,1.7067913289912704
1768915898.5080745,1.178571556590787,-1.1805142653183767,1.6681261476953766
1768915898.5281441,1.1771301874969289,-1.3100007972708045,1.7611750529594434
1768915898.548327,1.1885356375993497,-1.1822668183207385,1.6764163538769044
1768915898.568018,1.1872513339189852,-1.336354632237227,1.787570819015097
1768915898.587919,1.1865428118867194,-1.345571513506453,1.7940029382361917
1768915898.6081643,1.173418257422961,-1.327122637411887,1.7714866360163775
1768915898.6284316,1.1799748144300781,-1.2498608272952332,1.7188637672300915
1768915898.6480026,1.17891745822977,-1.3268969453099988,1.7749653170673356
1768915898.6680229,1.1523138041232226,-1.2304073887160394,1.685742995055876
1768915898.688195,1.1508980987624664,-1.2684335283992265,1.7127434278672247
1768915898.7081897,1.1517218961294016,-1.1958281250100642,1.6602614946414282
1768915898.7283723,1.1205466416987422,-1.2361031072767634,1.6684051270724383
1768915898.748269,1.1184080265996896,-1.3075952074145416,1.7206515453211584
1768915898.7683191,1.116430551232626,-1.3675008242539954,1.7653542647471476
1768915898.7880979,1.126578991175743,-1.352019163078733,1.759868188442155
1768915898.8081167,1.1247815762778186,-1.422382433596809,1.8133685179077073
1768915898.8279426,1.0931517834371267,-1.397786086848022,1.7744821121154413
1768915898.8481874,1.0908124925637033,-1.441329950750803,1.8075685106972714
1768915898.8679461,1.1834468335611719,-1.2752068631948985,1.7397410588375892
1768915898.8879673,1.1828594615667298,-1.3389938274283546,1.7866339792215886
1768915898.9079895,1.138746665028108,-1.281115457375389,1.7140597370683408
1768915898.9280095,1.1373659805837284,-1.3324126876895352,1.751834736527746
1768915898.948136,1.1499541393066355,-1.3170678249067151,1.748445646256403
1768915898.9681845,1.148800734742479,-1.379809474453491,1.7954434867008426
1768915898.9879735,1.1476016550090793,-1.4544458578166028,1.8526743674751514
1768915899.0080383,1.1768307702778313,-1.3905267817879183,1.8216737887838697
1768915899.0280616,1.1765929906756671,-1.2768649453915941,1.7363050292149098
1768915899.048081,1.1757067465086979,-1.4070214184909022,1.8335745487648485
1768915899.0681205,1.1551644051767798,-1.2404236545872696,1.6950090400487725
1768915899.0884962,1.1539669122400622,-1.3423774867009532,1.770202517043299
1768915899.1079924,1.1525641183364388,-1.2436502289580438,1.6956031195017445
1768915899.1280408,1.1516762266725964,-1.2725037966573556,1.7162820408051278
1768915899.147958,1.224812704679995,-1.1957669551039798,1.7117315129611208
1768915899.1680634,1.2252861897623477,-1.2354638655600891,1.7400279336628506
1768915899.1879342,1.2208941000730162,-1.2518622985535095,1.748639933815071
1768915899.2081757,1.2210942325448126,-1.3399738967098256,1.812898554419943
1768915899.2279563,1.2416040470540326,-1.2203393555321895,1.7409218110879283
1768915899.2479959,1.2420520985513188,-1.342441759928009,1.8288912746017314
1768915899.26855,1.2874033689286288,-1.11044680797943,1.700146919439755
1768915899.2879152,1.2886444275616016,-1.2427377081316924,1.7902517900837245
1768915899.308075,1.3054244980335585,-1.0930662421304072,1.702623543168383
1768915899.3280954,1.3070979842676491,-1.1855218316107785,1.7646436336275737
1768915899.34804,1.300588091365367,-1.0515968267252571,1.6725385703714095
1768915899.3684886,1.3020488920242108,-1.1643654222048059,1.74673356687494
1768915899.3881106,1.304000732825278,-1.1238492412555279,1.7214688577721897
1768915899.4082375,1.3084669891044018,-1.1226690438368832,1.724085741361363
1768915899.4279535,0.7843493741864225,-1.1817697426755314,1.4183735987002946
1768915899.4481761,0.7756267066073297,-1.2722532170117706,1.4900419578653925
1768915899.4679666,0.7149089318932988,-1.294058549064945,1.4784053264612138
1768915899.488096,0.7053863183232933,-1.3370530937274818,1.5117145344025507
1768915899.5082855,0.6657616286567809,-1.2760602032242696,1.4392943369736761
1768915899.5280855,0.6293414503996819,-1.1524022400894183,1.3130504880446465
1768915899.5479348,0.6187600425035704,-1.1910839301803768,1.3422164203037277
1768915899.5681078,0.6081676512911061,-1.2050456055531589,1.3498158406019392
1768915899.5879467,0.6511320132947152,-1.1936709800600638,1.3597144212571926
1768915899.6080236,0.6416302681625088,-1.220324983780427,1.378724942496143
1768915899.6280444,0.633958995953809,-1.222247150152893,1.376877665084168
1768915899.6481652,0.6242879322467798,-1.2851352642097535,1.4287435283018548
1768915899.6681254,0.5260159915506879,-1.2723856719670135,1.3768290095701796
1768915899.6880894,0.5147926928194062,-1.3230998669213094,1.4197199633827238
1768915899.7079294,0.5171648322997491,-1.261998113784936,1.3638543554809524
1768915899.7282147,0.5061731540540539,-1.286979743799854,1.3829418363894292
1768915899.7479863,0.4947225974797813,-1.1936361697342637,1.2920981983406004
1768915899.7681484,0.4835504474441097,-1.2401897594577789,1.3311242145973239
1768915899.7880266,0.4725511548304975,-1.2875829398116643,1.371559120426708
1768915899.8081021,0.5010728961742359,-1.0864835236179915,1.1964616560399264
1768915899.827924,0.49105077101125727,-1.0821025483592923,1.188308371121076
1768915899.8479376,0.5598768529064533,-1.0725364636662016,1.20987460354949
1768915899.8680253,0.5513339472782788,-1.0431376209094319,1.1798750855823839
1768915899.8880322,0.620778666346613,-1.00136008198034,1.17817153520816
1768915899.908399,0.6136209843510656,-0.9698248435747252,1.1476458250046966
1768915899.9280987,0.5414465892714879,-1.1621305531288555,1.282073255141572
1768915899.949088,0.5331851865280102,-1.1214429363190246,1.241740996566009
1768915899.9679344,0.5427712612892202,-1.1311905063415693,1.2546683241872278
1768915899.9893796,0.5789771966014101,-0.9195227995959505,1.0866171235357938
1768915900.0080938,0.5720493747635484,-0.9621285268025991,1.1193443568691033
1768915900.0282133,0.540994875559923,-0.9272168865430569,1.073502030772507
1768915900.047976,0.5333441681328523,-0.9534607549396379,1.0924941248772866
1768915900.068008,0.5205340453084275,-0.9021923034726034,1.0415885198917845
1768915900.088098,0.5128384718441996,-0.8910758290932566,1.0281145030577716
1768915900.1080723,0.49889379513887144,-0.8884285535891019,1.0189211518368289
1768915900.12827,0.4909445729837141,-0.9002125286568254,1.0253824508410885
1768915900.1481342,0.48333614730680385,-0.8419369169169861,0.9708097668241005
1768915900.168093,0.42465540456547424,-0.8291169574769,0.9315401987044994
1768915900.1879644,0.4974763622378702,-0.8269630997678425,0.9650651270059775
1768915900.2080433,0.49013648770645024,-0.8739535157629139,1.0020122375977116
1768915900.2280722,0.5806765573633565,-0.8273173365223412,1.0107617125622539
1768915900.248381,0.5753784788095828,-0.8382094124759454,1.0166884542673331
1768915900.2679398,0.597445122088788,-0.8091518920258869,1.005816811490422
1768915900.2883203,0.5925183660090987,-0.8292311431368562,1.0191674557236163
1768915900.3079221,0.5135381239569896,-0.8413140083920805,0.9856625515225859
1768915900.3280628,0.5755172541794058,-0.680444188201732,0.891192685739575
1768915900.3480525,0.5706544773390461,-0.6622958606503864,0.8742324287863816
1768915900.368121,0.6104647445340379,-0.6508574184047271,0.8923466722140416
1768915900.3880117,0.6065105412035601,-0.6217179272379019,0.8685552473159255
1768915900.4080892,0.5297604361209283,-0.6042465368462033,0.8035919343607589
1768915900.4280887,0.5243635238477182,-0.5994562698555943,0.7964326240248949
1768915900.4479814,0.6400923126409002,-0.5946357681128687,0.8736760643517466
1768915900.4680018,0.6369391578903694,-0.6260943774548453,0.893132498756295
1768915900.4880092,0.6534214169507435,-0.42767038483617625,0.7809363009848118
1768915900.5079484,0.6507295672891871,-0.44429918720256545,0.7879408210603338
1768915900.527976,0.6480974008364728,-0.4125883552813927,0.768283405967353
1768915900.5480015,0.5852949364319591,-0.6071565284995395,0.8433322077998108
1768915900.568013,0.6249115121085382,-0.5772018706347444,0.8506917170338665
1768915900.5881155,0.6218784253478773,-0.631713046488148,0.8864503082612654
1768915900.6079278,0.6492934755002397,-0.4956989162906371,0.8168839776485352
1768915900.6280577,0.6468974826569551,-0.5353577180552769,0.8396929434914044
1768915900.6481626,0.576039599550441,-0.4174576961797971,0.7114018191922032
1768915900.668164,0.6856280579272653,-0.3388962293801905,0.7648114068874915
1768915900.6879818,0.6842163451978189,-0.3178996249633377,0.7544615156439006
1768915900.7080312,0.7602233379722372,-0.16938709620969483,0.7788655288045574
1768915900.7279713,0.7602975381985513,-0.13327615150644911,0.7718904579998042
1768915900.7483978,0.6659300942728394,-0.26105294112447996,0.715270248596972
1768915900.7681832,0.6641588879386777,-0.30005360869577746,0.7287929723311689
1768915900.7880325,0.5919093887420335,-0.26002526706386675,0.6465058885985517
1768915900.8082645,0.5887740987508145,-0.23566805785684064,0.6341879633467109
1768915900.827842,0.7842132246524782,-0.13946894053587489,0.7965186545800655
1768915900.8479474,0.784953003088386,-0.11361735026220376,0.7931331031662214
1768915900.8680556,0.707688420823976,-0.23031071664753178,0.744221692220156
1768915900.8880334,0.7069390188926705,-0.23038175556287044,0.7435311222330654
1768915900.9082122,0.6673463679279827,-0.02543965433345985,0.6678310795397864
1768915900.9280543,0.6658641397364999,-0.010795155268549905,0.6659516408601313
1768915900.9480646,0.9964625562369687,-0.5268269943480748,1.1271576233855407
1768915900.9681206,1.0013467534388134,-0.47420932220664636,1.1079574910122403
1768915900.9882848,1.0274059176665895,-0.4539942424397232,1.123242490215156
1768915901.0079465,1.0578494455553173,-0.28461916484379124,1.09546954246025
1768915901.0279555,1.0636450674771392,-0.27588057994783277,1.098840718193861
1768915901.0481591,1.0061974319885774,-0.3103028580299725,1.0529582783007012
1768915901.0680425,1.010777165491339,-0.361751170337846,1.0735615434242727
1768915901.088026,1.0017387580700807,-0.3049608182792518,1.0471301925287697
1768915901.1080303,1.0060731602916848,-0.3069943953204941,1.0518691756190472
1768915901.1280086,0.9562069590161808,-0.26108909954714044,0.9912110100141689
1768915901.1479495,0.9595083971879408,-0.28769026500230943,1.0017095651191867
1768915901.1680572,1.0578278605284073,-0.22350204302845533,1.0811812733061932
1768915901.1879206,1.0629428150211726,-0.20182095445599746,1.0819330504530604
1768915901.209471,1.0401749477038886,-0.20284228837511087,1.05976833118566
1768915901.2282584,1.0447702251928672,-0.16979787651662015,1.0584782200494764
1768915901.2484853,1.048786458371952,-0.14346252964139783,1.0585530372520269
1768915901.2680867,1.053273495525488,-0.12520228453385407,1.0606887707659474
1768915901.2881877,1.0578619991824296,-0.06892495277836197,1.0601050223585142
1768915901.310067,1.0632092581716681,-0.11614819255819864,1.0695346321164572
1768915901.3287547,1.0678692620676953,-0.07249428527140278,1.0703271379657788
1768915901.3480039,1.0717337709730774,-0.20369339674283182,1.0909190051148643
1768915901.3680155,1.122284152079184,-0.0904917675708452,1.125926497603724
1768915901.3879364,1.1277350060412201,-0.09671584721079274,1.1318746392390335
1768915901.4080575,1.052108328137369,-0.19263008752722843,1.0695972535289895
1768915901.4280438,1.056013221577136,-0.17645744181182899,1.07065454415348
1768915901.4479167,1.1239322205752962,-0.11530050700020489,1.129830891488554
1768915901.4681005,1.1291011712689984,-0.10851955337154173,1.1343041692707398
1768915901.4879215,1.0959421366611612,-0.09160198718426749,1.0997636523205967
1768915901.5079668,1.1014445834923603,-0.11830312693449674,1.107779671390994
1768915901.5280387,1.1058521724573533,-0.07471018309426469,1.108372969169957
1768915901.5480456,0.9819315796905459,-0.08158729853957691,0.985315236092773
1768915901.5682116,0.9839061085765739,-0.06123249260410102,0.9858096411806938
1768915901.5880551,0.9858277464567036,-0.01922197336481446,0.9860151266303882
1768915901.6081877,1.0050398522817399,-0.10982373038157256,1.0110224312197162
1768915901.628104,1.1038215135124387,-0.0004789980952084605,1.1038216174419064
1768915901.6481133,1.1079621934701636,0.04242687146507684,1.1087742157813423
1768915901.6679776,1.1121259925130802,0.03782615315804705,1.1127690870463376
1768915901.6882985,1.091200136006289,0.012897711433454973,1.091276357198471
1768915901.7079873,1.1630506512674668,-0.11913752989866389,1.1691366765455755
1768915901.728286,1.1681106513561483,-0.12489283360173253,1.1747683659755037
1768915901.7480032,1.2278706789528246,-0.10386422088393132,1.2322557285774316
1768915901.7680676,1.2184374367794546,0.060838322974142045,1.219955363481793
1768915901.787937,1.2242017453310574,0.022666286926659396,1.2244115622757934
1768915901.8085432,1.230089136848143,0.08240532392898103,1.2328462686010977
1768915901.8280184,1.2283262633233423,0.07007847999845218,1.230323698271629
1768915901.8479471,1.301678039632846,0.23924069981158347,1.3234809523785167
1768915901.8679707,1.3085852058941427,0.28737992494793474,1.3397695556878788
1768915901.8880873,1.3155152396008936,0.33583413981334687,1.3577057542363025
1768915901.9080007,1.2754641068713244,0.09901139901196387,1.2793013503672117
1768915901.9281693,1.2814985038728948,0.10627381141049952,1.2858975614022223
1768915901.9488199,1.321318923020427,0.10883484415343503,1.325793618793575
1768915901.9722242,1.3277936628861358,0.137348588584997,1.334878513568509
1768915901.991067,1.3344797647639848,0.19285589526655578,1.3483432941590228
1768915902.008422,1.3410070212023801,0.25806700958196593,1.365612833986507
1768915902.0281172,1.342456750442267,0.24463182529355265,1.3645639804547336
1768915902.0492885,1.349406575503496,0.2919232234174096,1.3806220606605137
1768915902.0680299,1.3556015066891238,0.2928722198354823,1.3868776377493386
1768915902.0893123,1.3583570675710674,0.2048636636766581,1.3737186916233222
1768915902.1079948,1.3471688524718324,0.23933823781987584,1.3682641225848893
1768915902.1279836,1.3267774003528914,0.22147970177561405,1.3451362490044612
1768915902.1484,1.332555314740678,0.17979177860526185,1.344629596021771
1768915902.1679473,1.3996577909392336,0.31924040980718793,1.4356031384023777
1768915902.1883953,1.4066282747033985,0.26789866399047924,1.4319122868957244
1768915902.208149,1.3117566388240305,0.29136850113095747,1.343726565544575
1768915902.2281091,1.3166661952723056,0.19021580687322803,1.330335267125277
1768915902.2479916,1.3176869405375786,0.26531241030414776,1.344131521959321
1768915902.2680583,1.322530808776398,0.24869997495768104,1.345711491259068
1768915902.2880092,1.3423530912763633,0.28611161021736464,1.3725056193547558
1768915902.3079402,1.3474533129393012,0.29409333885711675,1.3791741450996045
1768915902.3280046,1.4045149495315663,0.3378973561251222,1.4445888227222325
1768915902.3479946,1.4106080935517602,0.32485696276863507,1.447531429659817
1768915902.3679767,1.4383689781364029,0.4078479002686901,1.4950736527070294
1768915902.3879564,1.4448683326022864,0.4009979588516366,1.4994811974680078
1768915902.4080622,1.3956592873410414,0.3704195531397758,1.4439790482169659
1768915902.4280005,1.4010673946550443,0.3772679254330509,1.4509724090850356
1768915902.4479244,1.4104860844131069,0.44100432891954533,1.4778213059936565
1768915902.4687343,1.4306712036238038,0.5260375733875886,1.5243148039345042
1768915902.487995,1.4362551469763558,0.5160548215924905,1.5261524911046507
1768915902.508088,1.45192437187383,0.5876158212028759,1.5663258712570465
1768915902.5282524,1.4579359149180486,0.6243188116163054,1.5859858481543658
1768915902.5481856,1.5285389540309835,0.7609612429858821,1.707481580374076
1768915902.5681221,1.5356643766196296,0.8086700372856459,1.735572616407082
1768915902.5879421,1.5683537550915663,0.8714466237975795,1.7941997434059611
1768915902.6081824,1.5760947950494193,0.9316975436953463,1.8308836980840189
1768915902.627976,1.526929415680697,0.74389167227908,1.6984958818193117
1768915902.6483796,1.4918972020586072,0.6500985308306451,1.6273860517094472
1768915902.6679597,1.497548072338657,0.6426249118067044,1.6296063961091347
1768915902.6881313,1.5033654162917371,0.6909581607576314,1.6545485048252884
1768915902.708057,1.4497788748137845,0.72350791901132,1.620284695579272
1768915902.7282276,1.5435404745193304,0.8762726906796185,1.7749284562793675
1768915902.7480414,1.5498420509026247,0.8881636165013731,1.7862936467509625
1768915902.7679255,1.5293525531869758,0.9487820675762499,1.7997518283623954
1768915902.787969,1.535195523480212,0.9961791545006005,1.8300814744636955
1768915902.8079588,1.5410516937094778,1.0596461821051406,1.8702113126421973
1768915902.8279839,1.5654613997310003,1.0117120571402491,1.8639288292772065
1768915902.847975,1.5692862176402165,1.0915578216538009,1.911585130432105
1768915902.8680182,1.5754438426955777,1.1399412890256926,1.9446052154391045
1768915902.8879933,1.6036635526788579,1.1433915341136167,1.969538268344453
1768915902.9081361,1.6101951248472002,1.1554505182209827,1.9818663527440057
1768915902.928196,1.5618341132094138,1.1548638868659786,1.9424305378498947
1768915902.9487512,1.5674280559805804,1.1662240334527123,1.953691174898882
1768915902.9679854,1.4729222615814146,0.9583510385636309,1.7572526004471012
1768915902.987966,1.450515413422846,1.014330849911648,1.7699892761425804
1768915903.0080464,1.4535579073906504,1.038445031979153,1.7863926428923935
1768915903.0280058,1.4576404945234667,1.0629945960870835,1.8040713185971773
1768915903.048089,1.4607555070873774,1.119478154329192,1.8403907165345068
1768915903.0680315,1.4175795899108468,1.0993800413900132,1.7939254079081748
1768915903.0881517,1.419815300333526,1.167028896039973,1.8378878995339893
1768915903.1080897,1.4768129715318898,1.244750635130286,1.9314193476669175
1768915903.1279495,1.480053782608168,1.2899771830672861,1.9633136102637696
1768915903.1479692,1.4353341346383128,1.2705190152965535,1.9168731429826122
1768915903.167994,1.437661992574264,1.3161708152704072,1.9491479214934333
1768915903.1879852,1.4399748456553183,1.3473221324391496,1.9720051938776517
1768915903.2083778,1.4026821810871748,1.3329907923142699,1.9350405043652443
1768915903.2280977,1.4042117790719852,1.3611091972553684,1.9556147287586232
1768915903.2481315,1.4058045011321985,1.4243863976799247,2.0012903100997472
1768915903.26794,1.3699594129554264,1.3293025018201252,1.9088829022468665
1768915903.2885578,1.3860058175080703,1.4274237916367358,1.9896107174763633
1768915903.3079503,1.3871267582358466,1.4679814382178566,2.0196757527796527
1768915903.3279974,1.3748033277574643,1.468140493258879,2.0113479803254886
1768915903.3479989,1.3757370585671205,1.5359871566316592,2.0620157612521592
1768915903.3680422,1.3465060608198172,1.5715367903339192,2.069494251066559
1768915903.3882875,1.3468264469023608,1.620970058659859,2.107483193087761
1768915903.4084685,1.41882596742966,1.6512026329412013,2.1770478315564556
1768915903.4279602,1.4204790745365896,1.6962514483587476,2.212471418404196
1768915903.448114,1.4551306025087476,1.7098337907181467,2.2452030336339424
1768915903.4679492,1.4574547747295263,1.7683366952046882,2.291547313059308
1768915903.4879587,1.4353555625092642,1.7552370054125621,2.2673999506033216
1768915903.5082982,1.4372534778578376,1.816473260055739,2.3163058226650413
1768915903.5280337,1.3943968181315884,1.8414843005378199,2.309849976847579
1768915903.547979,1.3954192672168189,1.9086789594310414,2.3643710160409865
1768915903.5680304,1.3552438387216073,1.9618075481963473,2.3844023818460345
1768915903.58799,1.353705790287352,2.031210816851587,2.4409704523308746
1768915903.607986,1.3538896424824165,2.095024313735486,2.4944225863241396
1768915903.6279378,1.272448612498563,1.8295319565086672,2.228522526548913
1768915903.6480265,1.2710650989631371,1.8871310324195925,2.275273614166702
1768915903.6679387,1.2454554734169299,1.9525962113089612,2.315986032056821
1768915903.6885607,1.2435218736922489,2.0095716905363563,2.3632022828687838
1768915903.7079813,1.252147988988638,1.9969880419952961,2.3570820575874096
1768915903.7279825,1.2504618902150115,2.0491615183797,2.4005661555742006
1768915903.7479496,1.299516046882983,2.006719230484043,2.3907454958863448
1768915903.7679791,1.2988169457254528,2.065711488844409,2.4401002876208544
1768915903.788044,1.250199631902065,2.061095836600437,2.4106254722083467
1768915903.8082237,1.2485931485709876,2.124023740893943,2.463830696809241
1768915903.8280025,1.277938267127308,2.0548239452930925,2.419799095118894
1768915903.8484454,1.2354273062711307,2.117871490591684,2.4518687321594896
1768915903.8681252,1.2336861006438995,2.1796984689551575,2.5046091133123762
1768915903.887934,1.239604380926144,2.142568719217227,2.475322148282812
1768915903.9079196,1.2379282593924055,2.2039528345358956,2.5278201028279526
1768915903.927946,1.2362592277242308,2.2661807843008877,2.581455447081723
1768915903.948042,1.1455209195119302,2.182482243921031,2.4648421698092635
1768915903.968148,1.1838272582563207,2.182926808089052,2.4832672886470624
1768915903.9881504,1.1812673273470804,2.2414454900714738,2.533667378252217
1768915904.0083623,1.1347089752508763,2.197162601884777,2.4728703883616663
1768915904.027995,1.1313929899755362,2.2525123657256465,2.5206868221801635
1768915904.0479634,1.0942113628409516,2.2551290364172196,2.5065724560567384
1768915904.0681403,1.0901652126844268,2.3105760978450114,2.5548428708787476
1768915904.087945,1.099653468657677,2.318597864760841,2.566151556242225
1768915904.1080031,1.0871942877887655,2.346834028634417,2.5864302382544495
1768915904.1282392,1.0832215926398943,2.401080548527613,2.6341140482672674
1768915904.147976,1.0871737623499083,2.403478027271042,2.637925968846881
1768915904.168089,1.0833543352748263,2.456531745372585,2.6848100178191454
1768915904.18796,1.1067893490641612,2.4721807180450597,2.708626989062107
1768915904.2079933,1.1035375195390784,2.5241031944531844,2.754794364971591
1768915904.2280114,1.1002722580340738,2.5763736571195786,2.8014817977097604
1768915904.2481158,1.1344886240855863,2.5456149631059954,2.7869732647746632
1768915904.2678792,1.107340502908256,2.6011204906514642,2.827018004234855
1768915904.2880397,1.104319710007222,2.6519912449433267,2.8727303363118666
1768915904.3090675,1.101300622025074,2.7029534239411888,2.918701812804489
1768915904.3282077,1.1533760455733535,2.678705758747416,2.916460327940189
1768915904.3488355,1.136005877845861,2.7066864722063677,2.9354149644173475
1768915904.3691018,1.1338451917822667,2.7537441659698274,2.978038255385687
1768915904.3891113,1.1315614881513558,2.8032218536678357,3.022992583905599
1768915904.4080505,1.199464093021669,2.7401753979283754,2.9911996459381016
1768915904.4290488,1.1716096705209507,2.784519872760635,3.0209634459650636
1768915904.4480321,1.1701889176616052,2.830962867768358,3.0632813879402727
1768915904.468054,1.2131403258089712,2.792451803921571,3.0445847873443648
1768915904.4879222,1.2125361596828392,2.837304045654898,3.0855369364225833
1768915904.5082078,1.2402644235458993,2.8422301231187994,3.10105271046423
1768915904.5279884,1.2402064739530523,2.885797262505374,3.141009063711624
1768915904.5481088,1.1683187501899703,2.8768741296491225,3.105056112196662
1768915904.5680876,1.166882733160305,2.920037610676923,3.1445564012616245
1768915904.5882018,1.1912198935114173,2.8555456604765546,3.0940500729244564
1768915904.6080394,1.1720962048418193,2.887721012157753,3.116527259220107
1768915904.6282377,1.1707969728729375,2.9291574472399766,3.1544775958009037
1768915904.648091,1.1160011935344154,2.8854105183036634,3.0937117711751454
1768915904.667951,1.1136927620765362,2.9247557362807832,3.129617817754911
1768915904.6879616,1.1113771388134408,2.9640443922795896,3.165551816679239
1768915904.7079773,1.1229605524446828,2.8888936123972364,3.0994752307602687
1768915904.7279994,1.178944771220368,2.88746036210636,3.118868082545852
1768915904.7479784,1.178007616893731,2.923833033872894,3.1522216856411003
1768915904.7681713,1.177065170794933,2.960457289147204,3.185873471618626
1768915904.7882216,1.1918785461648482,2.916793248347375,3.150913728176775
1768915904.8078465,1.191855336110953,2.9426489839793177,3.1748546714976835
1768915904.8280494,1.1912426537822467,2.9775795316853753,3.207029611291712
1768915904.8479667,1.1945159569522892,2.966823075550572,3.1982663324108884
1768915904.8683143,1.1939928621720566,3.0009555313672642,3.2297605261321776
1768915904.8879857,1.2426665902474077,2.942302806360983,3.1939577421808254
1768915904.9081047,1.243093445793994,2.97447661661883,3.2237854236577514
1768915904.9279542,1.2361904160433663,2.9951044206454043,3.2401878395067025
1768915904.9479978,1.2364789841540818,3.0271558439089077,3.269946908065414
1768915904.9680743,1.1190493435393751,2.7137058268116725,2.935382555604555
1768915904.987929,1.1170779046853103,2.738957936886246,2.957998246309197
1768915905.0080655,1.1064035559373042,2.7264744317059915,2.9424125569568282
1768915905.0280163,1.2097251979884223,3.0219286934032326,3.2550711332721893
1768915905.0481055,1.2096294803782257,3.051859067872165,3.282841337919586
1768915905.0680788,1.2095405024318202,3.0815719551833585,3.3104492054697965
1768915905.0880163,1.181709671205656,3.0476463830042455,3.268728533062946
1768915905.1080887,1.1810988676600302,3.0763541315020078,3.295291986698186
1768915905.1282158,1.1752457291544491,3.0745855584888258,3.2915465787929867
1768915905.1483846,1.1772420077164238,3.1201726914989276,3.3348727666146214
1768915905.168043,1.1766157369695949,3.1480731673571416,3.3607721225216283
1768915905.187983,1.1767881146018513,3.1499902259512123,3.362628241458807
1768915905.2080054,1.176177022195246,3.1779181951924684,3.388592103348444
1768915905.2279735,1.1875634150247345,3.1970312032990016,3.4104714306929287
1768915905.248312,1.187174345488333,3.225271147012444,3.436823664131842
1768915905.2679439,1.2144997565067854,3.2844052544839553,3.5017606334866547
1768915905.2881894,1.2146600395564506,3.3129461837556367,3.5285990744424782
1768915905.3079972,1.1680609687543524,2.978972697845016,3.1997882369359023
1768915905.3278606,1.1673921832100989,3.00042847743212,3.219530331835013
1768915905.347907,1.1758124852103409,3.0050629065643317,3.2269084388599234
1768915905.3679588,1.1753139729990467,3.026346560311179,3.2465576289716633
1768915905.3880615,1.1760751678271673,3.0170392897539013,3.2381597978324703
1768915905.4079654,1.1756267908415707,3.0375855004861023,3.2571496778790894
1768915905.4281988,1.1679437867214075,2.9975652073157573,3.2170623029483125
1768915905.4481184,1.1673497239290809,3.0170475967997525,3.2350087448587312
1768915905.4679315,1.1667571871306435,3.0363324648305685,3.252789137141399
1768915905.4881306,1.1564208557357214,2.9580515837768218,3.1760633444352306
1768915905.5079365,1.1485406448816597,2.9343340754896374,3.1511048982102774
1768915905.5279846,1.134216920471142,2.8914908469104095,3.1059889472516993
1768915905.5480154,1.1330068357834888,2.9071362014715305,3.1201194502516136
1768915905.56794,1.1007121475118442,2.7959826509094103,3.0048437922571862
1768915905.5883038,1.0989335042481772,2.8094679130587963,3.0167473877118263
1768915905.608075,1.097268652381975,2.8226623607391055,3.02843545386614
1768915905.6278746,1.0914239347262242,2.7610538570077665,2.968943348498037
1768915905.648185,1.0895587476394961,2.7730059941414584,2.979379215222897
1768915905.667988,1.0852188146306092,2.7343961352856407,2.9418739096523687
1768915905.6880066,1.0833297514447182,2.7452876613568176,2.951306099672357
1768915905.7080388,1.0783338171515946,2.7047414918309087,2.9117744347466923
1768915905.728128,1.0747147056706396,2.6896248389889106,2.896393183442271
1768915905.7479715,1.0728111424860767,2.699158320883301,2.904544609510386
1768915905.7680247,1.0712419776575266,2.6740962116187834,2.880685669018669
1768915905.7879577,1.069262750960057,2.6828443588609865,2.8880749097734437
1768915905.8079407,1.0561415423720315,2.627532631120225,2.8318479276129125
1768915905.827946,1.0540191131808054,2.6351775816841254,2.8381538326808586
1768915905.8480937,1.0517713404651676,2.642681179803917,2.8442902050799455
1768915905.8679955,1.041893816082656,2.5796404714918637,2.7821013076719625
1768915905.8879683,1.0859478646453793,2.8726879033178925,3.071094032197127
1768915905.9080088,1.0919066358954899,2.8981309307815852,3.097002259196067
1768915905.9283133,1.0907083496198196,2.910406662722444,3.1080720143441956
1768915905.9482827,1.11360071504409,2.9468127482021895,3.1502082352621787
1768915905.9681115,1.1129288258773538,2.9593865587325077,3.161736765683598
1768915905.9879606,1.0183516807703412,2.679149829485876,2.8661618856167177
1768915906.0081165,1.015793723401959,2.686105530402262,2.8717590095550207
1768915906.0280552,1.0311317661687527,2.705892852822103,2.895701788885732
1768915906.0479653,1.0289039230374706,2.713028644015674,2.901580208453908
1768915906.0679758,1.0319507141786186,2.704003324989964,2.8942280936461353
1768915906.0880177,1.029844036105949,2.710915528124252,2.8999382302608074
1768915906.1079423,1.024433882356209,2.678708636253239,2.8679164453060872
1768915906.128384,1.0222838691799934,2.6849522069409293,2.872983233982159
1768915906.147933,1.0151778460201581,2.6511092327527876,2.83883184127507
1768915906.1682856,1.0129532691913097,2.656653697966439,2.8432170505404817
1768915906.1879532,0.9991640087905189,2.6102421626917263,2.7949405833319463
1768915906.207969,0.9967591710762425,2.6147226727823227,2.7982679465495317
1768915906.2279804,0.9799733111843816,2.576768133175671,2.7568245687354342
1768915906.2481606,1.0772522240626432,2.8521957081689635,3.0488510478449693
1768915906.268118,1.0765515759305364,2.86117277357115,3.0570039149244392
1768915906.2880301,1.0787091888818139,2.8751472481248683,3.0708443810421366
1768915906.3080034,1.0779689513384278,2.8841025672190757,3.0789713669161216
1768915906.327935,1.0875062532206914,2.9338348337588975,3.1289066273334534
1768915906.3480783,1.08686035821699,2.9434654492338943,3.1377148195935933
1768915906.3680062,1.0382407029651828,2.6205140047613718,2.8186942733194957
1768915906.3881247,1.0368124366281584,2.623914527617684,2.8213307989298158
1768915906.4081042,1.0367106854990649,2.6311249360387468,2.828000614298526
1768915906.428035,1.0354052431259553,2.6346524479368263,2.8308051043673474
1768915906.4480605,1.0157320787804167,2.6199404940913134,2.809946591742096
1768915906.46831,1.0141118683083274,2.623176062236773,2.8123789813849465
1768915906.488108,0.9997746500685929,2.618993784237558,2.803333336011746
1768915906.5080876,0.9727985627121982,2.5929264179634472,2.769405071958176
1768915906.5279365,0.9703259931990433,2.5952819221634975,2.770743724812233
1768915906.548071,1.0508727505421938,2.8760046478278944,3.061982408858641
1768915906.5679784,1.0500601801631526,2.8837666249639806,3.068995980645856
1768915906.5882235,1.0490856393755912,2.891438221514303,3.075873155313445
1768915906.6081364,1.036492981076169,2.892744336578005,3.0728305349667893
1768915906.628001,1.0301628059172825,2.9154055827117293,3.09205839505047
1768915906.6480944,1.0289075275092783,2.9232751400607846,3.0990624783412573
1768915906.6681874,1.0305548754987603,2.959410403558774,3.133712381203191
1768915906.6880195,1.0294938901890929,2.9678211918091986,3.1413086916902078
1768915906.708007,1.0304629872299775,3.0253532886996,3.196031365537018
1768915906.728083,1.0296616582872264,3.0350456805696826,3.204950142153773
1768915906.7480807,0.9795259194848442,2.754499427467966,2.9234804810129966
1768915906.7679572,0.9775993800734528,2.7583741319103847,2.9264873824283555
1768915906.7881365,0.9832797336836783,2.8255234772150235,2.991725581494119
1768915906.8080883,0.9815526174565563,2.83061217894225,2.995965762222928
1768915906.8279855,0.9800940687990769,2.903871813896071,3.064809275507236
1768915906.8483617,0.9781907135392698,2.9101868664419595,3.0701864226241597
1768915906.8679214,0.9862452830130437,2.9835118494436053,3.1422957712532216
1768915906.8887508,0.9699635945065388,2.981064857822524,3.134896658777203
1768915906.90807,0.9679898366523334,2.9881058291175115,3.1409840448286683
1768915906.9279957,0.9660610745596563,2.995472751113015,3.1474006739593756
1768915906.9479136,1.0090671436735603,2.960953743748032,3.128172561265923
1768915906.9679763,1.0080720247423198,2.967565556604441,3.1341114434258883
1768915906.9879503,0.9191291590503812,2.9837665931299746,3.1221245159818847
1768915907.0080056,1.0747305353580638,3.2542128811566204,3.427090194248862
1768915907.027969,1.0750770425284533,3.2660389143095365,3.438429995965592
1768915907.0482154,0.9388733941468361,2.9460911733958017,3.0920763981825305
1768915907.067989,0.93661473276677,2.951492894710867,3.0965395952844688
1768915907.0879734,0.9127476399559182,2.9394730097828017,3.077922973286801
1768915907.1079664,0.9099332789900161,2.9445051147760033,3.0818969715348317
1768915907.1279662,0.8831847451987689,2.9106296966561196,3.041673967605389
1768915907.1480975,0.8799491643876691,2.914926208352229,3.044848983454723
1768915907.1679828,0.9524053270574031,3.139470369790631,3.280754503128913
1768915907.1880417,0.931551514403042,3.115447662155482,3.251738359649598
1768915907.208038,0.929531607682395,3.123330970129775,3.2587152926655647
1768915907.2279098,0.9173308993780227,3.1333275005850307,3.2648487261856602
1768915907.2479959,0.915050502931076,3.1412758007169117,3.271839097370788
1768915907.267995,0.9753230160297139,3.170755161659214,3.317369934268086
1768915907.2881238,0.9742142146865753,3.180201641142901,3.326075136617539
1768915907.308186,0.9822607833811565,3.2380883113683048,3.383792570295733
1768915907.328074,0.9813259636328304,3.2511594032006865,3.3960327018331475
1768915907.3479927,0.9803030968598363,3.26419660339133,3.4082214756826588
1768915907.367982,0.9182482672782055,3.045992685985535,3.1813914131142056
1768915907.3880062,0.9110689169199346,3.049406725360825,3.1825976729793375
1768915907.408087,0.9087057793516626,3.058020741918673,3.1901782162493593
1768915907.4279795,0.8419615277956709,3.102090805877392,3.214322103056423
1768915907.4482086,0.8384323587324385,3.1160906161721726,3.2269164148403213
1768915907.4679825,0.8142892064319855,3.1095215430328373,3.214372588592827
1768915907.487976,0.8499725286496236,3.0693827702852587,3.184896213376983
1768915907.5079772,0.8468744617425468,3.0930263767816832,3.2068689591904054
1768915907.5280364,0.8055374513302984,3.0300066136584984,3.135256076353246
1768915907.5480485,0.8016313573125409,3.0516223984212196,3.155156429651757
1768915907.5679848,0.7588448819466505,2.990458124728189,3.0852366765954056
1768915907.588144,0.7541204694945101,3.013621198932226,3.106543161323262
1768915907.60798,0.8970133067870503,3.264585594559488,3.3855800059603327
1768915907.627986,0.8950930042589733,3.2862009283298868,3.4059224928981524
1768915907.6479163,0.8761017072936317,3.2635349187218043,3.3790848416752355
1768915907.6679645,0.8738318692408302,3.2826312659072556,3.396947182929519
1768915907.6882715,0.8615803434335423,3.2876639192082795,3.3986842651024536
1768915907.7084796,0.8591436449971039,3.330422665781523,3.4394538716910006
1768915907.7283664,0.7819673148767268,3.203808247089462,3.2978569049693425
1768915907.7480242,0.7781199066527633,3.2295549265618178,3.321971645395098
1768915907.7682097,0.8756713232995912,3.2412602292729815,3.3574645404405983
1768915907.788259,0.8736638701642245,3.2804000106341267,3.394747823888942
1768915907.8079839,0.8616276473145272,3.324979042662841,3.4348053564596452
1768915907.8279612,0.8593926226221478,3.355161337884141,3.4634756073992885
1768915907.8480916,0.9022343945285738,3.361812714479184,3.4807774461898937
1768915907.8680105,0.924183407011639,3.3725567067356383,3.4968920071891234
1768915907.8879547,0.9232382543124138,3.399953029460656,3.523073867628172
1768915907.9080296,0.9171881725753872,3.422369537499831,3.5431408940541704
1768915907.9280348,0.9161146236504765,3.465659178711599,3.584697971469034
1768915907.948228,0.915054888957662,3.4902411281488064,3.6082001860244355
1768915907.9681034,0.9040451746469633,3.4983490468151803,3.6132732710321176
1768915907.988499,0.904523907099058,3.3776529999740514,3.496670314277206
1768915908.008131,0.9032801070581433,3.4221265397473175,3.539331152329479
1768915908.0280492,0.9159583639428379,3.3953989155183226,3.516776012199219
1768915908.0480273,0.9149223142334111,3.4525559036841837,3.5717257886274996
1768915908.068067,0.945198129016509,3.386239443398914,3.515681594104747
1768915908.0881376,0.944740151694077,3.444843832555442,3.5720418509471883
1768915908.1081183,0.8982912553989819,3.277585196428589,3.3984543397512508
1768915908.128197,0.8808173223847486,3.295230364587029,3.410921035601587
1768915908.1479783,0.879177136743218,3.3419931100333784,3.4557011423562916
1768915908.1680546,0.8775549953650015,3.370021447369055,3.482405393634907
1768915908.1879601,0.9279505639632966,3.280318793161511,3.4090443872041902
1768915908.208036,0.9273395538142581,3.3006248190799248,3.42842279253811
1768915908.227927,0.90136506433656,3.265544305281379,3.3876597510615047
1768915908.248085,0.8553927528023955,3.095182656506598,3.211207317923603
1768915908.2679763,0.8534497836914163,3.10501034573665,3.2201654896005825
1768915908.2879558,0.8249554823150609,3.058738275736225,3.168032731405326
1768915908.3079557,0.822387372447982,3.10446683727964,3.2115471869693812
1768915908.327993,0.8395653873608626,3.0210667152451194,3.1355564318979066
1768915908.3480656,0.8373534072717739,3.0594279873334926,3.17194898104448
1768915908.368105,0.7878017848747665,2.991115515614986,3.0931219956549683
1768915908.3885064,0.7845391332446079,3.061103850243457,3.160040891122695
1768915908.4082425,0.7783551631054748,2.9231597252893717,3.025012320551238
1768915908.4279606,0.7751871377557542,2.9699298108201972,3.0694296179812386
1768915908.4480166,0.9104086113598764,3.2166197734795663,3.342975711365243
1768915908.4679968,0.9098755970782961,3.2527306248331858,3.377592355493225
1768915908.4881146,0.9093646798763573,3.2810136462414405,3.404701847126879
1768915908.5083132,0.8835011827558055,3.1463550494607446,3.268045966200297
1768915908.527965,0.9330939543840375,3.1600521843029465,3.2949346177467413
1768915908.5489824,0.9145310627758618,3.134621087618262,3.265304951719371
1768915908.5679724,0.914063431050407,3.1992338645413536,3.3272525116095184
1768915908.5879686,0.8729071974238356,3.0729525336769896,3.194527234121845
1768915908.6081595,0.8716369394276415,3.136251290551236,3.255122595488391
1768915908.6282556,0.9037944287149204,3.117135054543791,3.245516186624533
1768915908.6482902,0.9030951056470025,3.192362377849289,3.317643489187941
1768915908.6684656,0.9025108744854666,3.250023262703717,3.373007128169141
1768915908.6880074,0.940968853815966,3.2771838188789477,3.409597654646914
1768915908.7080956,0.9089023544726957,3.1458359733984906,3.2745056820066814
1768915908.7279637,0.9084693565300357,3.1831898914906223,3.310289180274463
1768915908.7479124,0.9565925126731543,3.1211923433091524,3.26449243822589
1768915908.768036,0.9571810573189912,3.1263445738693143,3.2695911015067933
1768915908.787999,0.9071333503595218,3.0305750442067936,3.1634278897903614
1768915908.8079643,0.9067464944727572,3.0345426149414134,3.1671182622589424
1768915908.8279693,0.8816935103116967,3.043047484200132,3.1682047656713284
1768915908.8479578,0.8808009087607644,3.0584903338796483,3.1827933271434747
1768915908.8679457,0.8319139254943304,2.9547494523584845,3.0696294736733534
1768915908.8880622,0.8298593290314471,3.0472822789387024,3.1582583481270774
1768915908.9079509,0.8916244357300671,3.0623409252738067,3.1895024811085815
1768915908.9284897,0.8908537474531333,3.135567700479008,3.259663357409551
1768915908.9479394,0.9124701716285009,3.0615832407347003,3.1946664542733307
1768915908.967993,0.9103090946192125,2.8977240483298345,3.0373454377162132
1768915908.9879591,0.9099228738954184,2.969305701741142,3.1055975249266528
1768915909.0081818,0.8590404998272321,2.9439849443477684,3.0667569080202224
1768915909.0280128,0.857755007255758,2.9904069995397506,3.1109930368563443
1768915909.047989,0.8695235241645831,2.851449798813995,2.981079857070583
1768915909.068096,0.868513495530518,2.8823749407918715,3.010382200190465
1768915909.0882745,0.8815794817214455,2.814311581097236,2.949157855742937
1768915909.1080549,0.880953172697549,2.821211808400859,2.955556556783565
1768915909.128025,0.8422706642711313,2.803961281799495,2.9277326964260926
1768915909.1479714,0.8408382800799497,2.8217411764705655,2.9443560043305395
1768915909.168024,0.805885826177098,2.727856624175578,2.844407447411802
1768915909.1882124,0.8038636372921084,2.719675248946432,2.8359884003804274
1768915909.2080164,0.7292502046934781,2.674724429204426,2.7723557912411643
1768915909.2279701,0.7256530551936167,2.7248850340430515,2.819852975824029
1768915909.2481506,0.7219725877471708,2.7989060192691753,2.8905223268744296
1768915909.2681816,0.7834830303627445,2.8277799954861074,2.9343117356098682
1768915909.288016,0.8335915472806277,2.8360280488819747,2.95599897864377
1768915909.308158,0.7718430693030294,2.6726309454943067,2.7818515227173632
1768915909.3279684,0.7693462908119657,2.730515982723439,2.836831198202367
1768915909.348122,0.7757212586106728,2.644485645093404,2.755911427852064
1768915909.3680155,0.7735388302566861,2.6399583880003767,2.750953037092496
1768915909.387976,0.7509483795955145,2.5102331890925385,2.6201515476091886
1768915909.4080696,0.7483623249457318,2.5027007711156326,2.6121939665999085
1768915909.4279957,0.8598088037079801,2.716958602431353,2.849760555951934
1768915909.4481473,0.8593319650657956,2.737527744760424,2.8692350164315465
1768915909.4679286,0.8225108384040825,2.7262994788498585,2.8476714922317137
1768915909.4880967,0.8214448131024412,2.7105763281574884,2.832312767287652
1768915909.5080476,0.7611592142016548,2.580549426464305,2.690464400766034
1768915909.5280824,0.7588579028436271,2.597746186453654,2.7063167896502307
1768915909.5482209,0.7583690187288568,2.55343705396388,2.6636749721246975
1768915909.5680366,0.7562024143918518,2.545260516458291,2.6552199886588665
1768915909.5879307,0.8504579770732588,2.6453751837603754,2.7787206829083737
1768915909.6081333,0.8499646457440211,2.672402531486565,2.804313675270753
1768915909.6279798,0.8495126948188736,2.7125711041763845,2.8424837403002177
1768915909.6488945,0.7725874921102014,2.480054112995134,2.5976065591904427
1768915909.668027,0.7847064604600533,2.534556919292264,2.653251402754748
1768915909.6884015,0.7620369149021142,2.3809833813258034,2.4999564239848637
1768915909.707998,0.7601476784771095,2.3666117978213155,2.4856942480283406
1768915909.7280009,0.7375784890963808,2.310338872801754,2.425219110669504
1768915909.7480285,0.7352357964614233,2.3058066341865153,2.4201892303406383
1768915909.7680967,0.701741387359893,2.227035449874049,2.3349792011342405
1768915909.7879865,0.698798075007464,2.22103219412024,2.3283691195668923
1768915909.8081021,0.6958681706940513,2.2152815681403135,2.322004508420966
1768915909.828044,0.6009363231076379,2.1800786296254984,2.2613861447749075
1768915909.847977,0.6753736430691308,2.1702377729050326,2.2728971707264423
1768915909.868091,0.67223154629602,2.163955143993687,2.2659649417085594
1768915909.8888013,0.6652915762213805,2.0282927526281913,2.1346157433494146
1768915909.9080622,0.6620406003161119,2.0834928859848905,2.186147378933215
1768915909.9279695,0.6523786489272307,2.06540327881486,2.1659844426300237
1768915909.9480247,0.6489254950782253,2.117134499078193,2.214353807626413
1768915909.9679642,0.67631954909367,2.0590207094269397,2.167250427231538
1768915909.9879882,0.6734332566149346,2.146217176140544,2.2493911439044316
1768915910.0080976,0.6708264850748187,2.0893922955361397,2.194440324484495
1768915910.0279708,0.6967131523216011,2.1844611572148978,2.29287587191251
1768915910.047997,0.1863000005499914,1.098681893678573,1.1143651078986914
1768915910.0679572,0.17425486778621468,1.1546556149831826,1.167730426151251
1768915910.0879796,0.17119504461573076,1.0127742789560514,1.027141413543399
1768915910.1080499,0.15945087890886833,0.9830865796780879,0.9959336353030618
1768915910.128082,0.13910757593588796,0.9288887116907487,0.9392471221085843
1768915910.1478832,0.12718545990090202,0.9837878686907517,0.991975156842799
1768915910.168016,0.18246954116214897,0.8976979672182059,0.916055005880992
1768915910.1881003,0.17179611201667333,0.9763701556556725,0.9913690457943135
1768915910.2080443,0.20064541215073006,0.9696957889980826,0.9902365902236446
1768915910.2281067,0.1907309710912578,1.0359262169305001,1.0533382316508557
1768915910.2481816,0.12396190042693522,0.8780259562431958,0.8867334055928172
1768915910.268017,0.11305338205017168,0.8821075518594554,0.8893226637393562
1768915910.2881558,0.09911986282078167,0.8153047735941223,0.8213078722689644
1768915910.307874,0.08833676626066422,0.8089911779043186,0.8137997973705868
1768915910.3280256,-0.014870184117423135,0.6520181470125523,0.6521876926233493
1768915910.3480353,-0.027557863099432645,0.6071398037962918,0.6077649028797293
1768915910.3680928,0.08331924214793152,0.7321027128827424,0.7368286627991454
1768915910.388115,0.07307032334654173,0.7148774581652066,0.7186021516435328
1768915910.408397,-0.01759465626254053,0.591230209225027,0.5914919544924226
1768915910.42811,-0.029203560281240715,0.5984326870075751,0.5991448312488447
1768915910.4480066,-0.019678785700012913,0.6478023347359425,0.6481011645537794
1768915910.4680643,-0.031073014497263296,0.6546620087121249,0.6553990218797564
1768915910.48816,0.027792243248097814,0.6810065856736269,0.6815734579013567
1768915910.5084934,0.017656971896008677,0.6990347728821393,0.6992577367143824
1768915910.5279503,0.03841275314220027,0.670854794496476,0.6719536404417144
1768915910.5485804,0.021990157484492845,0.5646663748841778,0.5650944009199097
1768915910.5680797,0.012655426830451955,0.5589563819499723,0.5590996304334892
1768915910.588045,0.0031331383536608026,0.5157153274778405,0.5157248448073056
1768915910.608208,0.0001263924494433466,0.5857752026147729,0.5857752162505935
1768915910.6279283,-0.01977229876535025,0.5221779641126432,0.5225521696474823
1768915910.6480231,-0.02932833652668898,0.5161863620982503,0.5170188698100376
1768915910.667952,-0.08186167752369677,0.4363757255250684,0.4439877341487303
1768915910.688175,-0.0923462960226592,0.4049476742568423,0.41534378203499117
1768915910.7080255,-0.004455271445517606,0.4592090910616804,0.45923070319540693
1768915910.728245,-0.012892838902986536,0.5022340025698453,0.5023994612181683
1768915910.747911,0.05411563625242022,0.5004282975537371,0.5033457887769955
1768915910.7679677,0.04727752198799673,0.5692917528743839,0.5712514892550514
1768915910.7884707,0.040047785127309,0.5161115556728308,0.5176629820574702
1768915910.8080187,-0.049609569204855264,0.4861704037450707,0.4886949670646674
1768915910.8280551,0.0009195618242183734,0.5165656077985057,0.516566426274674
1768915910.848447,-0.006503631882932681,0.5713486397192908,0.5713856537722598
1768915910.867929,0.027973415954790193,0.5660685285976439,0.5667592884716415
1768915910.8879337,0.02135381464946129,0.5502893715609993,0.5507035299079561
1768915910.9083555,0.016164654594466588,0.4846738243088984,0.4849433080560771
1768915910.927928,0.009694678510897559,0.4705183560946833,0.47061822129351605
1768915910.947972,-0.01452541966917642,0.4623017605358819,0.46252989699168806
1768915910.9681299,-0.02144259881388899,0.45949883270035596,0.4599988720604466
1768915910.9880538,-0.03268952127913216,0.3891118640600699,0.39048258290705
1768915911.00812,-0.039645290941490385,0.398393526376041,0.4003612755401959
1768915911.028622,-0.04705014040222788,0.2976644673145552,0.30136000201341795
1768915911.0479922,-0.09184579788000369,0.505230020780413,0.5135104911158009
1768915911.0680778,-0.06043971111356916,0.3871234496935936,0.39181312380031375
1768915911.088016,-0.06718525852884272,0.4341942110646002,0.43936143650256565
1768915911.1080594,-0.056002814399949696,0.4169753551782738,0.42071933880766976
1768915911.1280718,-0.062336486978036176,0.4877543115880888,0.49172157374019426
1768915911.1480763,-0.058452254283492766,0.38518743666367106,0.38959726307348685
1768915911.1679342,-0.06448778452858817,0.4674217887273554,0.4718493434672619
1768915911.1879776,-0.07103296498277734,0.40512443958985456,0.4113046239312636
1768915911.2079668,0.005002558529198842,0.4777992712024035,0.4778254588794804
1768915911.2279599,0.008798471000920904,0.4700663423208242,0.47014867784014064
1768915911.2481048,0.004002846525017034,0.42115276504280175,0.4211717871409482
1768915911.2679543,-0.006444132747833509,0.3985931099046953,0.39864519827832895
1768915911.2880135,-0.01115505722495258,0.398795075060447,0.3989510586452422
1768915911.3081155,-0.07920259820835107,0.311625867315398,0.3215334084399746
1768915911.3281434,-0.0852605682258949,0.2758326306529122,0.288709204264617
1768915911.3480568,-0.016325468771981377,0.3244611514973761,0.3248716050405578
1768915911.368063,-0.020545182008994245,0.38737525392136285,0.38791969768809503
1768915911.3879738,-0.025302398680591143,0.3061435849356551,0.3071874118127991
1768915911.4080706,0.012150499405607307,0.4971069845754821,0.49725545622902345
1768915911.4279592,0.039883852932137254,0.39285501468274653,0.39487439051690015
1768915911.4480593,0.037095931659470005,0.4558088036039354,0.45731583570715656
1768915911.4679952,0.04042419203633818,0.37597487957743714,0.37814180590759744
1768915911.4879997,0.037779628724897374,0.4378400724271747,0.4394669832531503
1768915911.508053,0.05363558234722443,0.40715855551168323,0.41067610719408343
1768915911.5283,0.051008716747145466,0.39473735238842766,0.3980194298709753
1768915911.5479293,-0.006211698946494759,0.2997236437311446,0.29978800478884404
1768915911.5680113,-0.009782864043714645,0.3005566548792009,0.3007158246934685
1768915911.5879974,-0.013557299071160878,0.2533186136053933,0.2536811391433416
1768915911.6080804,-0.06384863707685096,0.3958911569687864,0.4010068037111786
1768915911.6279137,0.0035081661479567927,0.34841722180729184,0.34843488298623787
1768915911.6479301,0.0005232947402845634,0.36438162265873286,0.3643819984148454
1768915911.6680095,-0.04643405588229199,0.29026641791074503,0.2939569950050774
1768915911.6879792,-0.04997603041405729,0.366230483479572,0.3696246347926878
1768915911.7079382,-0.04645984611193865,0.29477860121558574,0.2984173939892954
1768915911.7280412,-0.0499617545184754,0.34546753453772805,0.3490615910325006
1768915911.7480934,-0.043956123045292506,0.30728376896292553,0.3104117514225798
1768915911.7679753,-0.04718655512690717,0.36992828813049794,0.37292560832410715
1768915911.7885802,-0.05103716817608184,0.321661149807807,0.3256849518032943
1768915911.8081264,-0.07989042266030977,0.3591662079547837,0.3679440780464633
1768915911.8280163,-0.04550742646635497,0.2510354975872988,0.25512692314315516
1768915911.8481035,-0.048721170023810934,0.2642598591271046,0.26871364973585965
1768915911.868182,-0.10918861680580183,0.2758127775202732,0.29663924602690717
1768915911.8880463,-0.1136592133997556,0.24344673534155215,0.2686721603350651
1768915911.9085705,-0.056731036578939964,0.24831871273604023,0.2547166928299068
1768915911.9280114,-0.0598427268654913,0.24270673976750334,0.24997542576675089
1768915911.9480867,-0.11885685313129857,0.2563625356141661,0.28257512488327713
1768915911.968107,-0.12276893900088237,0.3206839066862148,0.34338080958454176
1768915911.988098,-0.12729229299438038,0.2652809031373611,0.29424018322646067
1768915912.0079958,-0.16596231942503792,0.3807548105455494,0.41535252162773195
1768915912.0279489,-0.10466691453511623,0.2500896910556807,0.27110886479535695
1768915912.047963,-0.10802497492456875,0.31366159804595695,0.3317423598158625
1768915912.0680535,-0.14798930054028037,0.32503644664409403,0.3571407631752786
1768915912.087964,-0.1522271048996453,0.35294307878845155,0.38437209619169643
1768915912.1079257,-0.15324207476182472,0.2737451564019251,0.313718893487184
1768915912.1285014,-0.1576492200682964,0.2633906955723755,0.3069656904317516
1768915912.1479242,-0.26826696468061206,0.280381469915274,0.3880475911673702
1768915912.168169,-0.2747481847850407,0.25982202143965205,0.37814553794493183
1768915912.1880064,-0.1490564153380466,0.2752928786730964,0.3130558799983613
1768915912.2089937,-0.15309258467864884,0.2648237551685133,0.3058904391855717
1768915912.2280056,-0.14941216239648059,0.26988141076248384,0.30848009684117517
1768915912.2485528,-0.1532146561694805,0.2855199156810091,0.3240314076067668
1768915912.2680511,-0.158217413736506,0.2875298060959284,0.32818613529981866
1768915912.2879393,-0.1618766300713559,0.30724264203328033,0.34727810821710176
1768915912.308193,-0.17541132823478311,0.3709821831961655,0.4103619308879469
1768915912.3280354,-0.12025460012494715,0.3475401592973961,0.36775716332339525
1768915912.3480208,-0.12294475024646356,0.37941746660915143,0.39883959881294617
1768915912.3681,-0.1256668558314784,0.4105922578097294,0.42939278152742727
1768915912.3879433,-0.15637919798492383,0.3473735816126391,0.380949942597188
1768915912.4081075,-0.09617096964395322,0.38550384988353326,0.3973186047459695
1768915912.4282048,-0.09836600210295243,0.3799054246784568,0.3924334364829743
1768915912.44802,-0.12294918044911662,0.4336822533481781,0.4507735549500023
1768915912.4680548,-0.12572604868601267,0.37961539983561643,0.39989359973692074
1768915912.4881923,-0.1662722091364962,0.3675483699430879,0.4034082941375298
1768915912.5079105,-0.1355758771934017,0.3372676200017626,0.36349727093667933
1768915912.5279794,-0.1383471997539334,0.30703129454394773,0.33676128564472363
1768915912.5482345,-0.1452624959370009,0.3248837126798527,0.35588006335069167
1768915912.5681324,-0.14807096898392513,0.32004918619319334,0.3526421606086882
1768915912.587952,-0.17532431910715263,0.39367981908974503,0.43095523761629934
1768915912.6080744,-0.17868995351421957,0.35442619701096145,0.3969232024139768
1768915912.6279645,-0.13033155147817588,0.3752552346719238,0.39724401123162195
1768915912.6480691,-0.1324725436756914,0.4197787436305287,0.4401853796208287
1768915912.6679456,-0.10598801674174474,0.44494084616039054,0.4573902231954381
1768915912.6881895,-0.10760862842689212,0.47702621283368973,0.4890129084619031
1768915912.7079282,-0.10689103272930878,0.46324007753134744,0.4754125180400564
1768915912.727995,-0.1084725696898774,0.5072101752665885,0.5186795352325835
1768915912.7479322,-0.11024386119252239,0.4795101010206748,0.49201996495212863
1768915912.768624,-0.14499510191137477,0.48163572166845103,0.5029876220796885
1768915912.7880116,-0.10219607166125433,0.49739610925023214,0.5077863000911517
1768915912.8082108,-0.12264307391521412,0.46784100312952237,0.48364917842234617
1768915912.827986,-0.12453780316839125,0.4407444864897503,0.4580014921254325
1768915912.8481429,-0.12648096173404744,0.39013459718216925,0.4101249048761402
1768915912.8679166,-0.09142737196810236,0.5317084927424309,0.5395117103450318
1768915912.887969,-0.0926831886685553,0.48322136042870767,0.4920295282158806
1768915912.9081209,-0.08159677201519466,0.46392478525595315,0.47104589965106575
1768915912.9281068,-0.08245787903642166,0.48701346081076924,0.49394474673395183
1768915912.9485688,-0.08182089512470658,0.4921039950944808,0.4988597005841993
1768915912.9682114,-0.10323666538797849,0.487227788397135,0.4980449044682545
1768915912.9881992,-0.10453502077723076,0.474781598995321,0.4861534092377116
1768915913.007968,-0.06893985238105516,0.451946161273467,0.4571739668180422
1768915913.028067,-0.06945868651783538,0.49783599391408107,0.5026581203653273
1768915913.047973,-0.03545500241829491,0.47145220973184987,0.472783505695287
1768915913.0681045,-0.03523468828366494,0.5525140400957715,0.5536363858719899
1768915913.0880358,-0.05336329564846087,0.4820841513811116,0.48502862836673005
1768915913.1079924,-0.05363221218814529,0.5032140498970454,0.506064021837139
1768915913.127979,-0.054032546789425706,0.4520698141252222,0.45528741796338323
1768915913.1482108,-0.01908975899019727,0.5226558816843596,0.5230043877039265
1768915913.1680357,0.02116943059110421,0.4642123781894574,0.4646948212062013
1768915913.18818,0.019098916259050247,0.4549253503787156,0.45532608427309257
1768915913.2081366,0.020136343562844328,0.43836092410208405,0.4388231672458896
1768915913.2280765,0.05337401799756136,0.4957998325089559,0.49866447608899583
1768915913.2480655,0.05509325706897461,0.5104390220107717,0.513403605524719
1768915913.267985,0.04997181411349216,0.506681686694411,0.5091399746997742
1768915913.287974,0.05161112134587409,0.537986827161367,0.5404567827733621
1768915913.3079548,0.05565395352941893,0.5206888414049633,0.523654687849825
1768915913.3280706,0.05726151692825909,0.5149425508025596,0.51811650422272
1768915913.347953,0.09059380133732631,0.5173708091201608,0.5252426020139614
1768915913.3680353,0.09275302866667556,0.480041896681513,0.48892059365138785
1768915913.3880186,0.14537762401875132,0.5017480452978109,0.5223846805999498
1768915913.4082038,0.1485002372050931,0.4743388677505376,0.49704092578864256
1768915913.4281042,0.1511771348865133,0.48339214742858694,0.5064804974607766
1768915913.4482026,0.20354988802685547,0.4285116460253029,0.4743993968114419
1768915913.4680166,0.20762135765323275,0.39124965957418745,0.44292541614891456
1768915913.4885044,0.2117537050511652,0.3512973238176116,0.41018220503126623
1768915913.5081267,0.21581713846455874,0.331231457483387,0.3953369647295827
1768915913.5279868,0.23103741200403183,0.47561765325001737,0.5287631207152921
1768915913.5479708,0.2011027583343522,0.4619623618988733,0.5038368220176751
1768915913.5682626,0.18432641498422808,0.4284195332848295,0.46638988385355123
1768915913.5881133,0.18757634805292545,0.4043793557243571,0.4457662500514349
1768915913.6079037,0.21215437558559314,0.3562400927216647,0.41462812584586345
1768915913.6279423,0.21591566876990043,0.3501018973608865,0.41132823214076375
1768915913.6479652,0.25648837961192283,0.36582841504563746,0.4467848678399404
1768915913.6680982,0.26087497505772783,0.32640291231406415,0.4178452031296671
1768915913.6879716,0.2841422478489698,0.38835035729707457,0.48119935268600567
1768915913.7083492,0.2699996130452953,0.31479871661596803,0.4147264436079158
1768915913.7280593,0.2743148085410406,0.2613196477901898,0.37886220780924645
1768915913.7484956,0.27871602318256805,0.19875608890564145,0.3423252904121649
1768915913.7679963,0.2666720404210844,0.36607890945302834,0.4529103057876504
1768915913.7880313,0.28151092006929557,0.27264529955580663,0.3918977640764704
1768915913.8080678,0.28585972807182736,0.25066023722950526,0.38019250211077404
1768915913.827951,0.30403401633151794,0.2677755691119881,0.40514249160008237
1768915913.848519,0.3088584416951502,0.26900339129332806,0.4095807143087524
1768915913.8681734,0.31345570523776,0.23566978281932194,0.3921667064912674
1768915913.887979,0.30646057845638375,0.24620092906030244,0.3931068348655075
1768915913.907957,0.32096139863593853,0.27445926039023405,0.42230806886477096
1768915913.9280324,0.3255793662316888,0.2407069077261692,0.4048971957706335
1768915913.9479454,0.3301083720676182,0.19210389200285505,0.3819364379471768
1768915913.9680693,0.3346600837909397,0.14216055754553913,0.36360279950052277
1768915913.9880686,0.4672047972316048,0.10225706451811511,0.47826439319699193
1768915914.0080748,0.4741572621318634,0.051515803398778814,0.4769475728339607
1768915914.0279672,0.41794211103793644,0.17638532085501524,0.4536379499027539
1768915914.0483894,0.45429977047500925,0.060104698015511104,0.45825850366052334
1768915914.0679524,0.4604745121500373,0.003212569348619354,0.46048571849910236
1768915914.0879917,0.43759344887772,0.11233245233630385,0.45178159142287516
1768915914.1081338,0.4435474972273211,0.0731584512660568,0.44954036669499264
1768915914.1280928,0.47413453578420195,0.023675719466009326,0.47472528657691476
1768915914.1479568,0.4805226005113358,-0.014553764521947343,0.4807429475966726
1768915914.1681314,0.4777806460133077,-0.03696800021464419,0.4792087006146316
1768915914.1879258,0.48407644690834084,-0.0781239189317251,0.490340038300621
1768915914.2080157,0.44245826516404296,-0.10510861902585944,0.4547715230810938
1768915914.2279878,0.4477483706990848,-0.15935280572135113,0.47525984487956874
1768915914.2480001,0.4528562591408084,-0.2237879469498676,0.5051334839852173
1768915914.2679868,0.5483992302705724,-0.1594108891822632,0.571098544343475
1768915914.2880793,0.5296847819198495,-0.021629511033625093,0.5301262151082817
1768915914.3080528,0.5361304240845781,-0.07606680557105427,0.541499760423672
1768915914.327928,0.494552443479938,-0.0867277939122495,0.5020994220160614
1768915914.3480368,0.4999638064660301,-0.14575883565739822,0.5207777318090727
1768915914.3681104,0.5300522389175262,-0.07360812463035771,0.5351387969425133
1768915914.387947,0.5632292989837107,-0.1153163505653243,0.5749131272995833
1768915914.4082034,0.5700301231001564,-0.173101399231129,0.5957335273906902
1768915914.4279778,0.5706698846407344,-0.19641332055634209,0.6035249039831228
1768915914.4480696,0.5773021684744278,-0.2552227631410169,0.631202386363211
1768915914.4679837,0.5767362283888403,-0.21408249668553658,0.6151877701346942
1768915914.48806,0.5832538954861668,-0.2710375321861278,0.6431535201282309
1768915914.5080335,0.5756267069790314,-0.2979963564216117,0.6481881935272192
1768915914.5279484,0.5816499062493787,-0.35368914398402573,0.6807441692824581
1768915914.5480006,0.5873465350861871,-0.3923268285431636,0.7063259110867209
1768915914.567942,0.5933056673260334,-0.44771687907614677,0.7432778879334935
1768915914.587966,0.6409166592916081,-0.3965319783272516,0.7536655584499262
1768915914.6081321,0.6477966825821749,-0.4501841990626918,0.7888639648571789
1768915914.6281734,0.6545639010298293,-0.5040802769384989,0.8261663428933558
1768915914.6479762,0.6063986575647631,-0.40518247862311085,0.7293093807702699
1768915914.6679265,0.6268589024621911,-0.4455430186585563,0.7690647990068726
1768915914.688068,0.6332022539592589,-0.49690692953888416,0.8048984973540747
1768915914.7079768,0.6271309635431801,-0.49481606490038743,0.7988342653630363
1768915914.7284608,0.6330797550768601,-0.5453460060155848,0.8355789864311617
1768915914.7480826,0.6654509179142141,-0.5390413572445159,0.856382221308266
1768915914.7680812,0.6440953445638392,-0.5907621757991599,0.8739901379556684
1768915914.7880676,0.6499739147874793,-0.6397165536743739,0.9119777184499518
1768915914.8079858,0.66387231939722,-0.6137228821372638,0.9040919380907643
1768915914.8279777,0.6698052106392233,-0.6608675337333576,0.9409489451305341
1768915914.8481455,0.6378561477159447,-0.5739258390111637,0.8580508923506187
1768915914.8679538,0.6430832095349217,-0.6185036425617838,0.8922459135507043
1768915914.8881862,0.6328702183783537,-0.6378034902880234,0.8985087676443952
1768915914.9080162,0.6378799820847457,-0.682076271195168,0.9338730702145447
1768915914.9280787,0.6608569234614841,-0.6702397961542665,0.9412509004701619
1768915914.9480941,0.6662638583733052,-0.7138118694256832,0.9764399182271647
1768915914.9680045,0.6749042081019229,-0.6637701976223287,0.9466184898707974
1768915914.987911,0.6804820454822289,-0.705948355927724,0.9805197068191617
1768915915.0079925,0.6857442511360741,-0.7470879902684935,1.0140935080995201
1768915915.0281212,0.6775935001852637,-0.7103079183767349,0.9816670975447874
1768915915.047975,0.6858316831164557,-0.7050002679894103,0.9835601026025257
1768915915.0681086,0.7015273486664377,-0.6985003654561996,0.9899714043695435
1768915915.0880144,0.7068314860465713,-0.7365109678553345,1.0208129874947742
1768915915.1080387,0.7120306664690644,-0.7741724584422283,1.0518225446351983
1768915915.1280048,0.7014164902849015,-0.7315247982790485,1.013466143164532
1768915915.1483586,0.7157548280044934,-0.7265209562918304,1.0198714005907499
1768915915.168082,0.7207789821683536,-0.7614092372909553,1.0484590443921222
1768915915.1882966,0.6913621539354119,-0.7314459383257752,1.0064764222710267
1768915915.2079897,0.695875971691994,-0.7658443050054675,1.0347757571027572
1768915915.228093,0.6889987814501941,-0.7567794979180782,1.0234424894975735
1768915915.2481084,0.693271629429311,-0.7903287864786588,1.0513063982057758
1768915915.2682798,0.6971158671167768,-0.7500393969890062,1.0239773577680356
1768915915.2882833,0.7012553667511184,-0.7816745579509519,1.0501305651894253
1768915915.3079195,0.706180364146268,-0.7389389778942572,1.0221161967981747
1768915915.3282616,0.7104204167395431,-0.7695157649890145,1.0473068705432111
1768915915.3479426,0.702522158608105,-0.7547998279433052,1.0311450739826256
1768915915.3680532,0.7064472503240603,-0.7841873544250042,1.055470285858637
1768915915.387923,0.7104546515214865,-0.8139016756208051,1.0803618604184761
1768915915.4083397,0.6977386440255875,-0.7689610216911849,1.0383353351624978
1768915915.4280386,0.7019076997963363,-0.7602537385224224,1.0347270973405034
1768915915.447974,0.6981768810068393,-0.767039883659967,1.0372083398707965
1768915915.4680037,0.7017296599381984,-0.7942972453780985,1.0598738744078064
1768915915.487976,0.6961077597822515,-0.7722873784872544,1.039708520788293
1768915915.508072,0.6994608874937812,-0.7985644433647003,1.0615793438740044
1768915915.5281515,0.6962267625513595,-0.7734586427945089,1.0406584343607996
1768915915.548015,0.6994108125041698,-0.7984530249113906,1.061462537086398
1768915915.567952,0.6967973124565465,-0.7739023965821676,1.0413699698389083
1768915915.5879529,0.699869587852688,-0.7979950063285184,1.0614204963756557
1768915915.6081865,0.6977463650791759,-0.7740094847439085,1.0420847722017308
1768915915.6279323,0.7006873106179743,-0.7969606782958429,1.0611828447590075
1768915915.6481261,0.6991123513344025,-0.773479688220668,1.042606784880215
1768915915.6681423,0.7020073142218288,-0.7958714336710848,1.0612377717338437
1768915915.6879659,0.703585105390566,-0.7728179147120464,1.045121777510798
1768915915.7080898,0.7064376777025763,-0.7942822772055731,1.0629856670532674
1768915915.7280197,0.7259870276727102,-0.7814575051533339,1.0666456753343772
1768915915.748111,0.7291442636440693,-0.8022276071385921,1.0840758695129982
1768915915.768214,0.7412749997590348,-0.7792839289197335,1.075533387273651
1768915915.7886226,0.7419213915357037,-0.7792387196692943,1.0759462502607255
1768915915.8080385,0.7450687180311307,-0.7981486179520623,1.091864740216177
1768915915.8279936,0.7488351818541444,-0.776545239644884,1.0787847972592401
1768915915.848106,0.7520879494229892,-0.7951577370498253,1.0944917132886278
1768915915.867999,0.7538019608864636,-0.7739575784523645,1.0803831401313728
1768915915.888044,0.7570096976977012,-0.7921779407134864,1.0957233100383623
1768915915.908092,0.757475500345144,-0.7707590486201177,1.080665833943553
1768915915.9279428,0.7605737253816405,-0.787865557608006,1.0950819734640331
1768915915.947969,0.7592955863042079,-0.7677505033647698,1.0798011959605844
1768915915.967934,0.762310047405831,-0.7841864253373476,1.0936475474572454
1768915915.9881833,0.7599040594319145,-0.7635668068383978,1.0772596938744574
1768915916.008067,0.7627997335276678,-0.7792048262583222,1.0904235850045352
1768915916.0280914,0.7426111127184836,-0.750974846656554,1.056141318689795
1768915916.0483203,0.7450731055122257,-0.7656637530866721,1.068351494288467
1768915916.067943,0.7405198099713424,-0.7481300040280257,1.052648132989826
1768915916.0883954,0.7428996315051877,-0.7624207445498232,1.0645117445150385
1768915916.1079743,0.7386225956797923,-0.7459735648281853,1.049780881075296
1768915916.1284606,0.7408588271144075,-0.7597342813580195,1.0611635029456685
1768915916.1481972,0.7355789304967183,-0.744274290921231,1.04643231177033
1768915916.1684296,0.737642160694224,-0.7573403163386168,1.0572040067960011
1768915916.1879392,0.7351187528445027,-0.7439683720796904,1.0458912560293072
1768915916.2083328,0.7370829516316373,-0.756639701386872,1.0563119403380905
1768915916.227974,0.7289554820418968,-0.7419688648771796,1.0401412842715476
1768915916.2483356,0.7306603178553852,-0.7540626764515128,1.049988104744883
1768915916.2680109,0.7201155189260123,-0.7396491115683066,1.0323018787359952
1768915916.288174,0.7215742475550811,-0.7512281200144724,1.0416396128388936
1768915916.3080068,0.7074983493390582,-0.7368708225841942,1.0215343966276413
1768915916.328144,0.7086035580531321,-0.7479834994506263,1.0303389335242863
1768915916.3479729,0.7028795313645005,-0.7131828587712494,1.0013338232858768
1768915916.3680701,0.7038903350986462,-0.7233357125588764,1.009294881047329
1768915916.3880458,0.6950604150121654,-0.7141481228076607,0.9965523176565239
1768915916.4080725,0.6907328093117906,-0.7168910406289051,0.9955122189073085
1768915916.4281588,0.6915008862753482,-0.726508435530338,1.002989522685223
1768915916.447927,0.6864935651981265,-0.7205210053835671,0.9952004492851583
1768915916.4682553,0.6871344418970596,-0.7299361422369781,1.002477188261651
1768915916.487954,0.6822900407831365,-0.7247878710130529,0.9954080357921006
1768915916.5079813,0.6828150356124638,-0.733788124022908,1.0023379588818877
1768915916.5280151,0.6833632980723571,-0.7427581334111846,1.0092943286776144
1768915916.5480056,0.6838471341506717,-0.7124637118029042,0.987548198075445
1768915916.5680025,0.6887548317192898,-0.701314572334498,0.9829676228571249
1768915916.5882056,0.679756100290115,-0.7123947889780826,0.9846698386996282
1768915916.6081884,0.6800856231797422,-0.7203633788788313,0.9906764620629204
1768915916.6279602,0.6695889159342229,-0.724148738511948,0.9862761843573095
1768915916.6481547,0.6697419605692462,-0.7320351585595795,0.9921843412967605
1768915916.6680512,0.6706851773956467,-0.7121911722238856,0.9782815918598604
1768915916.6881042,0.6708473340443042,-0.7194899436881084,0.98371841736478
1768915916.7079492,0.6639901402148773,-0.716228360267765,0.9766606218919773
1768915916.7279222,0.6641278281701816,-0.723204083934819,0.9818808070076749
1768915916.7479653,0.6579616628310981,-0.7249610128928552,0.9790209497095036
1768915916.7680397,0.6580169033422287,-0.7318450683670701,0.9841663727121027
1768915916.787973,0.6576231436914292,-0.7231570301414028,0.9774580755006997
1768915916.8079898,0.6576730154764845,-0.7297340630869105,0.9823673437748546
1768915916.8281279,0.6524036089662868,-0.7326452018727121,0.9810196026682355
1768915916.8480008,0.6523101198096938,-0.7390630166371057,0.9857599276532172
1768915916.8679497,0.67930730355823,-0.7463056828718191,1.0091732185082625
1768915916.8885698,0.6798364389474828,-0.752939209089126,1.0144432149236118
1768915916.9085095,0.6768646810753322,-0.7669997131660882,1.0229537411261922
1768915916.9280596,0.6772939278264708,-0.7734821436706163,1.028105875504999
1768915916.947976,0.6809883397005946,-0.77596806350933,1.032410555154582
1768915916.968015,0.67877770167685,-0.789445402218222,1.0411355393882187
1768915916.9881282,0.6791060370515359,-0.7960367290012229,1.0463553332777582
1768915917.0080225,0.6794685173719741,-0.8025557719651495,1.0515575272966504
1768915917.0281172,0.6394936832638463,-0.766903547554362,0.9985455533854357
1768915917.0480664,0.6463416093963495,-0.765551092110206,1.0019111490886765
1768915917.068058,0.6461330150204806,-0.7712224315580194,1.0061172456715572
1768915917.0880067,0.6416505726025828,-0.7788496832720604,1.0091195600394491
1768915917.1081388,0.6413473385532292,-0.7845357038649308,1.0133225938999646
1768915917.1282113,0.6409954693357254,-0.7901386176451695,1.0174449502568412
1768915917.1478615,0.6481570803793113,-0.810289522019012,1.0376303341458517
1768915917.1680732,0.621181549548038,-0.7912153937935447,1.0059265961663284
1768915917.1879451,0.6204865536947116,-0.7965801831363386,1.009724492860039
1768915917.2079759,0.6184746148226645,-0.7773623320756808,0.9933796074563763
1768915917.2280962,0.6177860045178728,-0.7823613407295511,0.9968695074312875
1768915917.2481039,0.599976903769786,-0.7818889597505745,0.9855570153152046
1768915917.2680671,0.5989918485900804,-0.7867949208970906,0.9888566540337486
1768915917.2879539,0.5979804527446998,-0.7916409971284484,0.9921068945427606
1768915917.3084345,0.5868914556227339,-0.7745338241575421,0.971773752190847
1768915917.328019,0.5856984539018713,-0.778825711353619,0.9744804603318186
1768915917.3479755,0.6219457293352713,-0.8080898035255988,1.0197184026977366
1768915917.3683226,0.6214692675285753,-0.8130624326922753,1.0233741104493432
1768915917.3879478,0.6233319207863807,-0.789775069517777,1.0061249146617175
1768915917.4080408,0.6228493487954024,-0.7939977061832106,1.009145018676234
1768915917.428278,0.6282648798894991,-0.8212324451662951,1.033992015586377
1768915917.448331,0.6278668740106411,-0.825748275238313,1.0373413254753436
1768915917.4680152,0.6373395557562833,-0.8178823173911045,1.0368862977359956
1768915917.488062,0.637125589330424,-0.8221647255415636,1.040136458597849
1768915917.5081456,0.6299590481842616,-0.8405604859894122,1.0504238825331313
1768915917.5280588,0.629608460644134,-0.8450739814008372,1.0538296103997737
1768915917.548026,0.6293293120838245,-0.8498189571796715,1.0574722894855657
1768915917.5681703,0.6389830524306921,-0.8376158521879855,1.0535177535904412
1768915917.5879498,0.6346718125730213,-0.85413334287027,1.064120330168288
1768915917.6081173,0.6344816210170338,-0.8587945910030044,1.0677523481334144
1768915917.628039,0.635104690793467,-0.8672665970031659,1.0749461933256552
1768915917.6484299,0.6348531050313982,-0.8716645137729149,1.0783494283111479
1768915917.66804,0.6347222684024223,-0.8765231387408985,1.0822038489832277
1768915917.688041,0.6423443214011243,-0.8866981891298309,1.094915478857794
1768915917.7079742,0.6036289859033385,-0.8468190068669603,1.0399376822742012
1768915917.7279983,0.602771717157494,-0.8504304382085088,1.0423846090750335
1768915917.7479525,0.587039898343321,-0.8423817148734365,1.0267535224191093
1768915917.7679818,0.5858711098864698,-0.8456965442604822,1.0288088269322564
1768915917.7881892,0.5759784677731238,-0.8527151567944884,1.0290161971345857
1768915917.8080373,0.5747375727299353,-0.8563220610224853,1.0313150584090658
1768915917.8278592,0.5622681106153905,-0.8597370803097082,1.0272746835556996
1768915917.848559,0.5607399819715668,-0.8634302620346368,1.0295344310797354
1768915917.8683395,0.5451178211091624,-0.8664274740619469,1.0236454497042256
1768915917.8882418,0.5846716064829117,-0.886711680977049,1.0621198108539605
1768915917.9079485,0.5837602055057378,-0.8907131464056164,1.0649628569635161
1768915917.9280274,0.5792924546334667,-0.8926350248750143,1.0641320574199822
1768915917.9479737,0.5782809801783331,-0.8965952563410653,1.066907655670965
1768915917.96841,0.5719874692735738,-0.901585865559765,1.0677203463375315
1768915917.9881682,0.5708430754221013,-0.9054028111718502,1.0703345585541242
1768915918.0079849,0.5786186783076246,-0.8857283074155724,1.057976469229688
1768915918.0279255,0.5775745854234459,-0.8889351687482705,1.0600934562408078
1768915918.048086,0.5766027073238038,-0.8924166110815186,1.0624867480714113
1768915918.0684648,0.5799658654356104,-0.8981712887269246,1.0691454854059204
1768915918.0879614,0.5766350345179045,-0.9012133395648743,1.069903475292579
1768915918.1078901,0.5314052313310711,-0.8830392465931016,1.0306065354487821
1768915918.127971,0.5296247753816434,-0.8864007804462126,1.0325738454336868
1768915918.147976,0.5229061453594387,-0.8917250202199298,1.033733209556944
1768915918.1679535,0.5210129122663157,-0.8965492457808502,1.0369450346370528
1768915918.1880362,0.516638218481053,-0.900498406260521,1.0381774551939638
1768915918.208205,0.5146494966924795,-0.9077150971312964,1.0434609729194002
1768915918.2281444,0.5030659162697547,-0.9188815641486041,1.0475775126664915
1768915918.2479458,0.5008710897696853,-0.9326899193571094,1.0586700780873348
1768915918.2680204,0.5522741516684062,-0.9579204740305425,1.1057207482759637
1768915918.2881498,0.5511660100875244,-0.9682132835056958,1.1141009528012629
1768915918.3080478,0.5581495097656992,-0.9647209883672172,1.1145480970545465
1768915918.3279474,0.5572258047370313,-0.9763239935078225,1.1241481831875613
1768915918.3479395,0.5611779565846857,-0.98322792356376,1.1321032853198805
1768915918.368084,0.5603117168782018,-0.9979555385899115,1.1444931092292687
1768915918.387932,0.5262079788800377,-0.9672621437826567,1.1011316414634698
1768915918.4079938,0.5246112225385633,-0.9898535345886792,1.1202798555499904
1768915918.4279292,0.5230061633440894,-1.0143557521787976,1.1412506468230887
1768915918.4479806,0.5237324988248547,-1.0507421510244352,1.1740335592583304
1768915918.4685957,0.5197261828387303,-1.0706835169655715,1.190159022412502
1768915918.488092,0.5180061751218676,-1.1130279406427235,1.2276650985165982
1768915918.50819,0.526081417884168,-1.0498516123440886,1.1742870459067916
1768915918.5280645,0.5245646786350534,-1.0930195743470161,1.2123777843466241
1768915918.548134,0.524865467298743,-1.089293464000603,1.2091501186689602
1768915918.5680778,0.5234729822549964,-1.116831174165938,1.233424434142525
1768915918.5879107,0.5061657820235718,-1.1336774307536412,1.241542716096273
1768915918.607953,0.5086450932127055,-1.1229231599781677,1.2327514972875577
1768915918.6279876,0.5070369339729885,-1.1529030896744192,1.2594729003013723
1768915918.6480992,0.5054224927132781,-1.1841245432655079,1.2874792542422777
1768915918.6680532,0.4986397489446306,-1.1921130867917586,1.2921978219017936
1768915918.6883466,0.48548122097221447,-1.2298483304178927,1.3222023036390271
1768915918.7082455,0.48339069569603266,-1.2855959197654965,1.373471307892228
1768915918.7279677,0.49824355685154587,-1.1949114797269509,1.2946273928537628
1768915918.7480295,0.49633065853884695,-1.2699655990599137,1.3635089825157776
1768915918.76813,0.48461556359691915,-1.2139889903072074,1.3071424991436367
1768915918.7880008,0.48246094537873674,-1.300208576309286,1.3868348516402251
1768915918.8079844,0.4807922599777408,-1.3146398660994087,1.3997996909530932
1768915918.8280501,0.4417965379637888,-1.2966230096404274,1.369823130950047
1768915918.8479784,0.43753084334137105,-1.313446319264708,1.3844040134530888
1768915918.8680747,0.434883688257957,-1.3546994577726217,1.4227910750360642
1768915918.887982,0.4545913833205839,-1.3024985089888723,1.3795490899955527
1768915918.9079251,0.45247085808938403,-1.3373994574415136,1.4118665610407375
1768915918.9279983,0.4284522980234696,-1.3766531986754664,1.4417854906694634
1768915918.9480536,0.425952817270443,-1.4061693055863174,1.4692678171503428
1768915918.9680007,0.3859520564963038,-1.4294816863162136,1.4806677147243983
1768915918.988287,0.38273729940842494,-1.452095276880275,1.5016885607530135
1768915919.0081053,0.43199205257205964,-1.467687163177919,1.5299420715970484
1768915919.0280988,0.42959634180363415,-1.524008298055918,1.583399605101113
1768915919.0481265,0.38837068275027353,-1.5086554362192217,1.557842422215329
1768915919.067991,0.385281853974041,-1.5672074502094944,1.6138715249343174
1768915919.08854,0.3974940354315626,-1.5108746691907022,1.56228799336287
1768915919.107963,0.3869659954770145,-1.4557422984426793,1.5062962262220176
1768915919.128094,0.38404867120836195,-1.5054004388522415,1.5536163822364355
1768915919.1484337,0.327032921280068,-1.5479903024913941,1.5821581805269576
1768915919.1681592,0.32301971185245515,-1.6297920796087393,1.661494495025675
1768915919.188364,0.31911973433440344,-1.6636666168695662,1.6939964630800999
1768915919.2081022,0.3405429433647402,-1.6286417679991168,1.6638640283228703
1768915919.2279217,0.35982065896823623,-1.6283431590631423,1.6676247630351588
1768915919.2479842,0.35671003781710886,-1.7043943085385234,1.7413219145402135
1768915919.26832,0.32369310323743206,-1.7004696490862088,1.7310038279989022
1768915919.2881148,0.32029711198061084,-1.7352298444955103,1.7645432420802367
1768915919.3081396,0.3157101033181804,-1.7193080383279318,1.748054060947835
1768915919.3283997,0.3123205118409156,-1.7192925566251862,1.747429826168519
1768915919.34816,0.3035746015033254,-1.722050415229555,1.7486037776666805
1768915919.3681917,0.299982530191336,-1.755993951477576,1.78143320841558
1768915919.3879592,0.26782530884721223,-1.7277507293069174,1.7483858208872805
1768915919.4079785,0.22856803749792487,-1.7209352873730035,1.7360476983917392
1768915919.4279273,0.223679107089509,-1.79175649061155,1.8056643277744004
1768915919.4487455,0.24756968100665544,-1.6919796503825992,1.7099958725864106
1768915919.4679995,0.24311874598329797,-1.827500914336004,1.8436014527406464
1768915919.4883113,0.23881401454877038,-1.8619977621828552,1.8772500632358122
1768915919.507994,0.23437475056966772,-1.9765923734257917,1.9904393822444326
1768915919.5280032,0.22995697593457443,-2.0669592333782054,2.0797116827167157
1768915919.5479484,0.2100943690342426,-2.033271280558277,2.0440968040293477
1768915919.5680954,0.20544984916957942,-2.097388212010266,2.107426618509746
1768915919.587931,0.16027219564835882,-1.9834873147903815,1.9899520357617426
1768915919.6081672,0.15490048597359596,-2.0322620230908583,2.03815678765207
1768915919.6280797,0.18055996581306133,-1.9502813875477196,1.9586218093009873
1768915919.6479385,0.18791921366428677,-1.925743656150349,1.9348907617918685
1768915919.6679611,0.18344450100702214,-1.9586315814625719,1.9672034863867771
1768915919.687977,0.12580052359673177,-1.9943226724515988,1.9982864393253783
1768915919.7081964,0.1203096910785133,-2.0132788520076694,2.0168703869383195
1768915919.7283504,0.14198440861746808,-1.9924064553873144,1.9974591499601424
1768915919.7481256,0.13717881301229262,-2.01162239977993,2.0162943004521505
1768915919.7680962,0.1670810779038686,-2.047145645787035,2.0539526240053188
1768915919.7880368,0.16261474373189289,-2.143531182609599,2.1496905558006936
1768915919.8079934,0.09591341395621267,-2.0847688743271915,2.0869740396900487
1768915919.8280585,0.08702463504622593,-2.027759092823545,2.029625636819139
1768915919.8480172,0.08124246313286032,-2.1538920349470185,2.1554236790070074
1768915919.8680537,0.07577695078317803,-2.151708742993711,2.1530426519104475
1768915919.8879125,0.02469782689706168,-2.118914360608742,2.119058293263164
1768915919.9080305,-0.01740533221057594,-2.1560866677653623,2.156156920195027
1768915919.9282143,-0.024551944974018247,-2.1832855632439614,2.183423607244254
1768915919.9479191,-0.03156499993402051,-2.211509958075439,2.2117352110701827
1768915919.968044,-0.03873463845106928,-2.2548668380221573,2.2551995098944078
1768915919.9883683,-0.05196823143537699,-2.1923563940897406,2.1929722423653
1768915920.0081716,-0.059160702608378135,-2.2676789765445857,2.268450556965132
1768915920.0279207,-0.08681839081313747,-2.2910297031606746,2.2926741010767038
1768915920.0480044,-0.09450589114334318,-2.347949855704641,2.3498510353561226
1768915920.0679414,-0.03267778713026992,-2.251116259021643,2.2513534261424457
1768915920.0887408,-0.03917500233991311,-2.287031805461195,2.2873672988830247
1768915920.107946,0.017586351086858243,-2.3319887427751653,2.3320550542760876
1768915920.1285355,-0.008310810837461546,-2.164286953685419,2.1643029102853615
1768915920.1479442,-0.01381034302308759,-2.2621863088790457,2.262228463629219
1768915920.1679473,0.008793488800735716,-2.2287574944367536,2.228774841578504
1768915920.1879933,0.0038145792883381713,-2.2744005196762664,2.2744037185422505
1768915920.2083914,0.02645233249928891,-2.1650466752857698,2.165208265285494
1768915920.2280083,0.022104315866340207,-2.1936601465343815,2.1937715102701927
1768915920.2482212,0.0177757181195769,-2.189209292567149,2.18928145810835
1768915920.2680671,-0.033639668113381704,-2.3366812727969606,2.336923404373965
1768915920.2882795,-0.039097464870817666,-2.4142417545625,2.4145583159725805
1768915920.307992,0.019187462568007962,-2.302755388386685,2.3028353257373206
1768915920.3279262,0.01490455294134585,-2.394502995408622,2.394549381557884
1768915920.3481193,0.010687965985633707,-2.453187608147685,2.453210890524145
1768915920.3682854,0.0065066978224861405,-2.52853941470155,2.5285477865398964
1768915920.388078,-0.006321327118372744,-2.3998748798986056,2.399883205146635
1768915920.408422,0.04562195491906429,-2.2764370076301184,2.2768941153419067
1768915920.4279695,0.04248374715488157,-2.298461768886205,2.2988543607205356
1768915920.4480968,0.10023891743136193,-2.31707075557296,2.3192379625427093
1768915920.4682205,0.0979575150044637,-2.4324433259222467,2.4344149622793423
1768915920.4882739,0.12250373981150242,-2.2870789516850767,2.29035746063987
1768915920.5080137,0.120815149645083,-2.385623518187442,2.3886807804545156
1768915920.527902,0.14462896948931991,-2.2312920731760055,2.2359744753985047
1768915920.5479367,0.14340253361009603,-2.3250087027292996,2.3294269154478267
1768915920.5680566,0.20531386889700542,-2.2636891059217517,2.272980895878862
1768915920.5880854,0.20517103741859466,-2.389001897766592,2.397795909189896
1768915920.6081855,0.21778627329159594,-2.2308772076802397,2.2414825398787794
1768915920.6280813,0.21817591676095394,-2.2583257363288336,2.268840201957743
1768915920.6480174,0.21606014647403804,-2.274342527722354,2.284582220078956
1768915920.6680088,0.21636920324119546,-2.3170197982816854,2.3271004227880954
1768915920.6880453,0.19872808404059927,-2.2051225858551224,2.2140592742821563
1768915920.7080035,0.19865380284968237,-2.261079342477645,2.2697892250968548
1768915920.7281213,0.19866237028910216,-2.285531904868237,2.2941496955385268
1768915920.7480917,0.19851266873346463,-2.3575012330614986,2.365844319378215
1768915920.7682538,0.28585518986889724,-2.170132091018294,2.1888779047819034
1768915920.7879713,0.28725566797163216,-2.2875810183826375,2.305546081614153
1768915920.8080688,0.3386094712404395,-2.1206619266470295,2.1475249430784316
1768915920.8280451,0.34115483375862676,-2.169935959487537,2.196590241459243
1768915920.8481028,0.3725640451316997,-2.2197367109865,2.250785425984907
1768915920.8679965,0.37575994417419545,-2.2231991107249134,2.254730543008153
1768915920.8880966,0.3877547203830999,-2.147852325695848,2.1825726416723086
1768915920.908021,0.39103935855794303,-2.1667187950112945,2.2017225339712096
1768915920.9279125,0.4612070533377054,-2.2192417147639714,2.2666595983069406
1768915920.9488087,0.4207962336876466,-2.0748290155115416,2.1170698887600055
1768915920.9679568,0.424384108883359,-2.0922977822316957,2.1349032487221513
1768915920.9883838,0.5421004745038784,-1.9588127170252878,2.0324419265596054
1768915921.0082006,0.5478990730497637,-2.017866405166472,2.090927598781998
1768915921.0281157,0.5537386166124584,-2.0455482824004467,2.119173006424746
1768915921.0480022,0.5408414965046884,-2.128934547401002,2.1965590889978217
1768915921.0681012,0.5632760739687983,-1.9517939451644892,2.0314476463562787
1768915921.0881798,0.569321256885719,-1.9275361699378482,2.0098563082868894
1768915921.108179,0.5752288218076883,-1.9209307370172022,2.005208990069542
1768915921.1281576,0.7420106164505881,-1.669334785313512,1.8268164605080313
1768915921.1481643,0.7510355677368957,-1.657486670400182,1.8197023071261307
1768915921.1679432,0.6768384301279698,-1.805435905908145,1.928136165015443
1768915921.187909,0.6084217171611384,-1.9244689212182635,2.018355175544754
1768915921.2079358,0.6143152189173889,-1.9486207797408737,2.0431608187882446
1768915921.2280142,0.639999007452727,-1.796779631899149,1.9073583237420588
1768915921.2480683,0.646451547156876,-1.7523011168464535,1.8677416328076126
1768915921.268061,0.6228554054625011,-1.8523020341896546,1.954218944227332
1768915921.2882423,0.6284948130530201,-1.9215184641485759,2.0216920977484314
1768915921.3079798,0.5976111568757221,-1.822825932412584,1.9182892051768798
1768915921.328615,0.5041630946056864,-1.697910635899504,1.7711806665224867
1768915921.3480663,0.5072814068999828,-1.6856786023621426,1.76035416216397
1768915921.3679392,0.6333999644020073,-1.6896099406111604,1.804432671594181
1768915921.3880103,0.6389384507175779,-1.6913279117312774,1.80799127453831
1768915921.408021,0.7146177372482035,-1.6707232405211072,1.8171391407393909
1768915921.4279919,0.7214741367142681,-1.6893201100295863,1.8369342296603794
1768915921.4482365,0.674222525753652,-1.7123694981545396,1.840322067585906
1768915921.4679887,0.6799885586379668,-1.7790336704983138,1.9045590672502763
1768915921.488034,0.6858788769324049,-1.7825267929137656,1.9099297372619475
1768915921.5081847,0.7120966604142007,-1.7024938339958533,1.8454178140916917
1768915921.5280418,0.7182872698005748,-1.7368016705164475,1.8794724378575725
1768915921.548047,0.6570020254980132,-1.6156589949454538,1.7441346420092245
1768915921.5680473,0.6133220131860202,-1.5302821480768376,1.648613764524976
1768915921.5880263,0.617340580674587,-1.5745121962935373,1.691212005877659
1768915921.608095,0.7087735524348201,-1.3575515352757508,1.5314392314292535
1768915921.6279483,0.7144870535638361,-1.3831516831279478,1.5567916778586681
1768915921.6480095,0.7279341241014734,-1.5072458944532379,1.6738214586321685
1768915921.6679661,0.7338338803853452,-1.5352162468404753,1.7015878139444842
1768915921.6880088,0.8089816432336279,-1.3227927454946773,1.5505585918056521
1768915921.7094715,0.8162984298181623,-1.3458766464652916,1.5740797546580214
1768915921.727901,0.7948952316326292,-1.4401012545483143,1.644916427246053
1768915921.7479444,0.8278148917346799,-1.207081295299833,1.4636675675987436
1768915921.768079,0.8350340329108764,-1.2443196130646506,1.4985369984010286
1768915921.788202,0.787940843921945,-1.0702426000157867,1.3290109090631943
1768915921.8080733,0.7940420275721941,-1.1218171728999193,1.3744004187150587
1768915921.8280308,0.8141619260402068,-1.0687501314365306,1.3435350703495241
1768915921.8479173,0.8205990166017214,-1.039757431953234,1.3245671985028529
1768915921.8679912,0.8270941151319122,-0.9780328598193861,1.2808719491706921
1768915921.8880668,0.9163249379561288,-0.8851503514927197,1.2740261130243713
1768915921.9081743,0.9003016778838551,-1.0282098185447364,1.3666596292245865
1768915921.9279594,0.9077536412252212,-1.0979267312100154,1.42459109230093
1768915921.9480374,0.9125532825011732,-1.070092951650219,1.4063614110800764
1768915921.9679708,0.9200076556338207,-1.1384618365017074,1.4637313413313522
1768915921.9882154,0.9214210288739558,-0.8603878570687016,1.2606680677491644
1768915922.0080156,0.9286861156986851,-0.9100983998365262,1.3002834302091666
1768915922.028113,0.8504282382371758,-0.9481753501322183,1.2736815469298208
1768915922.0481195,0.8561249998022384,-0.9662395666142691,1.2909565892691022
1768915922.0679417,0.7965746259170209,-0.913272502228855,1.2118571689692625
1768915922.0880992,0.8010852063341954,-0.8653405736280906,1.1792166112188605
1768915922.1080008,0.8557769188740699,-0.7214124821422478,1.1192810658044008
1768915922.128122,0.8322667816300835,-0.8097451519576166,1.1611869818955778
1768915922.1479683,0.8370931767649873,-0.8280061824956944,1.1774205811168716
1768915922.1679733,0.7948937096155887,-0.6984880239359459,1.058178401390037
1768915922.1880274,0.7988108091078014,-0.7618746393538984,1.1038802810260238
1768915922.208047,0.8070210615815504,-0.7191069600307536,1.080924518086663
1768915922.2280881,0.8110178139153822,-0.7499398968977289,1.104608411812558
1768915922.2480304,0.8150910336784938,-0.6854921081309548,1.0650224521074174
1768915922.2683313,0.892059520560557,-0.6392132158552037,1.0974350657540892
1768915922.2879107,1.255467184137528,-0.34091633941169164,1.3009311284322784
1768915922.3079655,1.267850807778833,-0.38107383188799027,1.3238817681859796
1768915922.3279908,1.3873117574171459,-0.23437455959891373,1.4069702720580255
1768915922.3479922,1.4016999419711755,-0.2733183653124218,1.4280986156911755
1768915922.368129,1.3832477880764977,-0.14102377716099923,1.3904179763449833
1768915922.387961,1.3968547434827396,-0.22790622922720516,1.415324847415177
1768915922.4080136,1.4119158299789671,-0.16656078568178323,1.4217063009891067
1768915922.4279797,1.4256514436439236,-0.2363403653366536,1.445108579675405
1768915922.4481697,1.4591794796197228,-0.024063936978564016,1.4593778903375896
1768915922.4679854,1.4732363397133397,-0.04391346543222063,1.473890669316495
1768915922.4880106,1.4683617200958239,0.021111463385405926,1.4685134779528037
1768915922.5083635,1.5151768139893453,0.08657507846656465,1.5176481877768626
1768915922.528006,1.5294567781681652,0.1457210389561041,1.536382978778075
1768915922.5479617,1.5760500454555655,0.3581048367853654,1.6162217731207447
1768915922.5680015,1.5911666466452064,0.4226289604919877,1.6463373091935594
1768915922.587927,1.581976227854666,0.36558978440934453,1.6236701253523604
1768915922.6080759,1.5965388935754412,0.3482357789531303,1.6340760681321378
1768915922.6279547,1.6110755946827195,0.3464610963117831,1.6479077228533887
1768915922.6479928,1.6836909528924495,0.4108715505531535,1.7330985707413866
1768915922.6680183,1.6149900773065318,0.4434775684705876,1.6747732095824623
1768915922.6880107,1.6288911237986867,0.36295987585939393,1.6688397660272885
1768915922.7083154,1.692892379334227,0.4822490947679796,1.7602411191119347
1768915922.728074,1.7075619185188886,0.44863065333013985,1.765513287597501
1768915922.748095,1.6045378652736373,0.4918707333474668,1.6782367471309452
1768915922.7680893,1.6172309098208075,0.5231547338618476,1.6997431250756385
1768915922.7880147,1.5947908218469569,0.5633972335854303,1.69138233651029
1768915922.808328,1.607028287888624,0.6440403233641607,1.7312792542490811
1768915922.827995,1.6314468942870421,0.5423732471498077,1.7192404451101835
1768915922.8479767,1.674550064522191,0.7053658404604235,1.817046748842669
1768915922.868012,1.6874717772079166,0.7828836225364402,1.8602332556185055
1768915922.8880093,1.6259505170904456,0.6787209666996628,1.7619242987893695
1768915922.908171,1.6373569657341203,0.6593909257283865,1.7651442508109596
1768915922.9282784,1.80065043182381,0.8500564626739635,1.9912151986566005
1768915922.9479535,1.8147326578747747,0.8636961975981468,2.0097825109455854
1768915922.967997,1.7287174007725135,0.7470044295356892,1.883209884606497
1768915922.988001,1.7410877279778478,0.7600975514967434,1.8997722927515308
1768915923.0081418,1.7535493983890356,0.7742062762440369,1.916854415641993
1768915923.0280094,1.5401334393654609,0.5289508548773476,1.6284348368685682
1768915923.048028,1.6217847001971353,0.5867659968898646,1.7246680691946694
1768915923.068127,1.631517105387081,0.7082243543956359,1.7786033288312926
1768915923.089943,1.5887898515558512,0.6727010698832672,1.7253347274743402
1768915923.1084447,1.596557992322239,0.7003282183748034,1.743403864943532
1768915923.1280408,1.6853859135253624,0.6973959928547728,1.823975561338368
1768915923.148313,1.7100181839348843,0.9267747613592192,1.9450125057902319
1768915923.1679585,1.7200538087811073,0.8775536839325824,1.9309804694211798
1768915923.187899,1.699382652451312,0.9041821983150307,1.9249537259898633
1768915923.2080204,1.7091484081448134,0.9228068711640383,1.9423595966070526
1768915923.2280705,1.7187910540619522,0.8977181223756379,1.9391081751065455
1768915923.248258,1.7036167957970223,0.8753877210085061,1.9153625894368356
1768915923.2681108,1.704228436260142,1.0101812298995387,1.981126114158065
1768915923.2880063,1.71336276767651,1.078557306367676,2.0245734950303005
1768915923.3080997,1.7534086925017722,1.1965831635681212,2.1227937512333757
1768915923.3280835,1.763163515921504,1.266986513179802,2.1711748912642186
1768915923.3480613,1.6929051444014551,0.9126321654711642,1.9232330325245295
1768915923.3680778,1.701237862457276,1.0054495401642178,1.9761424651260946
1768915923.3879504,1.7094557645465154,1.0697853555834644,2.016601030933524
1768915923.4079795,1.8465066736512807,1.26364968861499,2.237498029356781
1768915923.428075,1.8467663982699338,1.3898829326889022,2.3113460788810505
1768915923.448159,1.8570369243693343,1.3939199765242911,2.3219817052303826
1768915923.4681938,1.9186303910961067,1.4180469743855149,2.3857912312693066
1768915923.488189,1.8518897556068754,1.3481530473498253,2.290635786413963
1768915923.5078964,1.8615272393200653,1.318476479996363,2.2811540699904915
1768915923.528344,1.768500773795088,1.3639217990000994,2.2333556950699753
1768915923.5480194,1.776325869692591,1.3996538644048861,2.2614960834550812
1768915923.567949,1.8697717613831408,1.6685998454222783,2.5060470633667404
1768915923.5880034,1.87938154583205,1.736650855105058,2.5589121101263315
1768915923.6080017,1.9405575259769718,1.7554172798358252,2.616725690241924
1768915923.6280694,1.9511506860180434,1.8234724249533834,2.670588078329201
1768915923.648014,1.9481030898903182,1.9091528684605805,2.7276308995154506
1768915923.6679897,1.9584436964333107,1.9776935518860377,2.7833026240908447
1768915923.6880493,1.9984458534945113,1.9466771280678543,2.789863378427681
1768915923.7079504,2.0092743830410047,1.9800202991034617,2.820933166738725
1768915923.7279782,1.8574343901697012,1.7044185114506085,2.520933354129101
1768915923.7479138,1.865147252520025,1.7334252268858492,2.546279107008353
1768915923.767961,1.8729631188727003,1.808401620403096,2.6035182475515506
1768915923.7879813,1.9427045206328808,1.8331814957442383,2.6710775448920447
1768915923.8080752,1.9780184529769331,1.8446173311704577,2.704657112976002
1768915923.8279173,1.9873663263615045,1.8554997434817189,2.7189159996616934
1768915923.8480322,1.8888595369506154,1.8438335376499282,2.639604603892777
1768915923.8679547,1.8961446104321322,1.8570538243483803,2.6540560073588817
1768915923.8879194,1.8697697622317353,1.9893943508068297,2.730151799218909
1768915923.9084444,1.8765628286392566,2.010333579053839,2.75007802596617
1768915923.9284286,1.8885361462319923,2.0619898770098786,2.7961350161456795
1768915923.9484153,1.87186379277554,2.2115660685101304,2.8973951290925757
1768915923.9680083,1.8781916283148674,2.291800574437243,2.9630986594548165
1768915923.9879284,1.8989637761388989,2.309442303154519,2.9899142420289175
1768915924.0080256,1.90568586451504,2.382309500388736,3.0507437076645534
1768915924.027991,1.8744434365533051,2.4480568746083513,3.083264610466473
1768915924.048132,1.8805005313164327,2.550010488154257,3.1684121793065523
1768915924.0681221,2.0930865759874644,2.6675761363234223,3.390718781860437
1768915924.0882494,2.1030819706043937,2.699681513750246,3.4221680336836298
1768915924.108002,2.112953294922317,2.7666889418233147,3.4812554240288787
1768915924.128104,1.92618526472724,2.657883185893777,3.282458332394975
1768915924.148016,1.9324463388115847,2.7509167686224565,3.361828657185627
1768915924.1680949,1.906466739278145,2.5059354638037235,3.148702586260415
1768915924.187938,1.8996898002755769,2.6409523594614797,3.253221588243908
1768915924.2079484,1.9050791017068318,2.674525632675028,3.2836585912052225
1768915924.2280264,1.8297047421364387,2.727460866464771,3.284335887434982
1768915924.2479875,1.8335754860622655,2.77270138355005,3.324134778469254
1768915924.2680051,1.968083009458596,2.887929316567803,3.4947798885783037
1768915924.287955,1.9744716393215715,2.9434831592598982,3.5443802509510522
1768915924.308022,1.9162473168532914,3.13349709401389,3.6729835035759324
1768915924.3284779,1.9845183517245677,3.3680702483517493,3.909246767110489
1768915924.3480048,1.9907491321133743,3.4581967946177876,3.990264048570582
1768915924.3681135,1.9971769852013188,3.5457917386101485,4.069564468565869
1768915924.3880055,1.9944328440845214,3.4848069573692086,4.015176446893949
1768915924.4081223,1.9859113605244647,3.7256029516452642,4.221843351566711
1768915924.4280372,1.9918509442409573,3.775270397979174,4.268505213998388
1768915924.4479468,1.8643450039668656,3.357099220207033,3.840038732634201
1768915924.4681356,1.8677942499925335,3.4024501805185032,3.8814072951979113
1768915924.4880872,2.021492812496156,3.963530760672306,4.449270646046294
1768915924.5079873,2.027787263364787,4.032491686842057,4.513636049784558
1768915924.528022,2.034084896802528,4.126393786753759,4.600502912808575
1768915924.5482259,1.866490765829917,3.848099386199422,4.276874637512388
1768915924.5679326,1.8725826795844551,3.9793277645125826,4.397910338933754
1768915924.5882614,1.875696140070605,4.072030169328389,4.483265072444006
1768915924.6081047,1.9282965238524246,4.125791428950855,4.554171977330861
1768915924.6280286,1.9652460343453624,4.225717529238054,4.660351983747573
1768915924.6481829,1.9699385298093017,4.299954506763399,4.7297216166981855
1768915924.6679513,2.025962528465009,4.389346740533938,4.834344730713796
1768915924.6879349,2.031614417505412,4.484742559808026,4.923451326982862
1768915924.7080784,1.9901571499612638,4.6342373133714325,5.043498880557625
1768915924.7280262,1.994947419812548,4.715832089877001,5.120438214423686
1768915924.747978,1.999736007601968,4.803446321750123,5.2030799211654095
1768915924.7680578,1.9924030405618403,4.767934963680723,5.167482336102288
1768915924.787951,2.0074821792927366,4.9225753049540515,5.316176476860168
1768915924.8082829,2.012233989927369,5.035010591841893,5.422215164504178
1768915924.8280592,1.8557741934706764,4.5909296797691965,4.9518211984821745
1768915924.8483667,1.8398479127714988,4.6421088765393925,4.99341718302962
1768915924.8680074,1.84121458442395,4.709259541957717,5.056401544519113
1768915924.8879437,1.8425515827025534,4.7929247035402796,5.13489274948624
1768915924.9081028,1.8438772071013796,4.884921101622513,5.221334822049329
1768915924.9280133,1.7674272238871238,4.708917071245139,5.029681796654859
1768915924.9480839,1.7673405933109876,4.787532310005645,5.103328168177392
1768915924.9680276,1.7186822140011626,4.724442016777296,5.027347304753737
1768915924.9880435,1.7176235019457717,4.810552988225016,5.1079986831397175
1768915925.0079648,1.7509183636974308,4.690224527745659,5.006388042990663
1768915925.0279455,1.750495938542956,4.777845824480735,5.088422815899184
1768915925.0481713,1.7500382000206285,4.872189602468499,5.176955207835354
1768915925.0679812,1.6394010681921245,4.706799786242353,4.984134838681689
1768915925.0880356,1.6362870226468162,4.70296580784747,4.979490195819728
1768915925.1082795,1.6337539828602636,4.786090668108304,5.057253796267809
1768915925.128095,1.631246927465354,4.868925938170495,5.1349202846543385
1768915925.147876,1.5538007289110987,4.695926903826432,4.946314404811482
1768915925.1682248,1.5510043542970358,4.684093471603408,4.934201673803578
1768915925.1880345,1.5472840965548311,4.756581512953968,5.0019152096798845
1768915925.208103,1.4226737598134886,4.702009598152998,4.912524288793366
1768915925.228326,1.4165390927468264,4.778187332147663,4.983739277126804
1768915925.2481976,1.4734345739071932,4.663411506944346,4.890645798530702
1768915925.2680633,1.468529146093277,4.740154103653197,4.962422672375428
1768915925.2882247,1.4635132119566467,4.819696332043467,5.036997484085624
1768915925.30794,1.409417280867116,4.673823269943981,4.881708822766542
1768915925.3280156,1.444571660033884,4.656911876752087,4.8758194704898274
1768915925.3481717,1.4393986621786496,4.730275684564418,4.944428840691619
1768915925.3680222,1.3323467218286011,4.677556885134969,4.86360835191743
1768915925.3879972,1.3397794310950901,4.662712307206139,4.851380729622968
1768915925.4080327,1.3330478571490494,4.731531776824063,4.91573082507022
1768915925.4279788,1.32943668568398,4.649134577387564,4.835478696044793
1768915925.4480822,1.3227459221214517,4.715150129223787,4.897172400029227
1768915925.4679463,1.2859372741648363,4.642437265135971,4.817245938688375
1768915925.4880784,1.2785488124398208,4.70615669299751,4.876740498000333
1768915925.5081518,1.2712537943028468,4.76945673892595,4.935970400439567
1768915925.5283623,1.2748448232055627,4.626880339235093,4.799296927348242
1768915925.5480473,1.3330607998796045,4.601953136541205,4.791140132275102
1768915925.5680962,1.3271225804980575,4.659770196721162,4.8450709623202215
1768915925.5880222,1.2573285112673325,4.617441371525043,4.785565776866597
1768915925.608025,1.250227454709272,4.673376934141796,4.837718538430837
1768915925.6282823,1.2065682396275705,4.629007243304873,4.783671704396839
1768915925.6480882,1.1989479293295375,4.682277962414133,4.833342844714477
1768915925.6681018,1.1912386161788513,4.736474773998019,4.883978165941704
1768915925.6879194,1.1819443594947587,4.624394431230289,4.77305104985639
1768915925.7079875,1.2219983741239728,4.607732088031742,4.767019511333994
1768915925.7281337,1.3044423396837457,4.875511718778341,5.04699755671672
1768915925.7480595,1.2994757196243243,4.92882683210269,5.097251326621888
1768915925.768023,1.3340988718803173,4.941424379014585,5.1183488249114095
1768915925.787952,1.329751796995557,4.994408486690368,5.168399749781134
1768915925.808078,1.3164316531973903,5.014076044313018,5.184009150811146
1768915925.8280544,1.3118566672772551,5.066485658883817,5.233569035290848
1768915925.847979,1.2994390842207977,5.088621147106725,5.2519146139653055
1768915925.867902,1.2947307862102806,5.1402810670875745,5.300831751472561
1768915925.8880434,1.3008843401673136,5.173384412008513,5.334435897159625
1768915925.9079778,1.2965354333514145,5.224532467115186,5.383005074294137
1768915925.928023,1.2741715434346659,5.355560406765523,5.505046811119155
1768915925.9480417,1.2693053955958962,5.408635463971432,5.555580416969799
1768915925.9679527,1.3480273868285042,5.405886834851955,5.57142623632992
1768915925.9879296,1.3715683340402844,5.477658965246086,5.646764333180805
1768915926.0079644,1.3690515460588655,5.52976186746244,5.696715584142135
1768915926.0280511,1.3663102994537473,5.58218483176908,5.746963661832758
1768915926.048035,1.3230815161136835,5.684977003520096,5.836909133165773
1768915926.0678687,1.4069839574309304,5.718396371624859,5.888943956218326
1768915926.0880044,1.4051995167996436,5.771426689460778,5.940029605467817
1768915926.1081295,1.4165066030693974,5.822941234342565,5.992756926085533
1768915926.1280136,1.4149337331807492,5.875293181549608,6.043269598359495
1768915926.148028,1.4478455567728967,5.974601868549282,6.147529930300428
1768915926.167947,1.446984253255762,6.028237595544031,6.199468681871101
1768915926.1881125,1.2353230093075442,5.474132667418502,5.6117868275463785
1768915926.2086186,1.2304717451820897,5.516863122373142,5.652418900496688
1768915926.2281692,1.3956033829765235,6.000784211138658,6.160934990017872
1768915926.2480862,1.394155135977533,6.050701640850065,6.209239799666156
1768915926.268064,1.224172668692746,5.416868490309604,5.553473054232222
1768915926.2883136,1.2194333231588173,5.454526957811435,5.5891754278356505
1768915926.3082585,1.1997387844888137,5.358768099235412,5.491426835749504
1768915926.3279936,1.194646300918535,5.393729036348432,5.52444501301683
1768915926.3479407,1.1736036813546928,5.306224473219121,5.434460760837162
1768915926.3686783,1.1516051724272853,5.252232195793866,5.3770007914910085
1768915926.3879673,1.1459703496777986,5.282756334177133,5.405623232211923
1768915926.4079416,1.1403084689539393,5.313721233172643,5.4346974845190665
1768915926.4279547,1.2131377418289628,5.691055429578746,5.8189187211360505
1768915926.448085,1.2036161709792887,5.686993024906631,5.812966673943651
1768915926.4679828,1.1993919269676643,5.723586405360859,5.847904097546987
1768915926.4882026,1.1985869949409191,5.717652594957158,5.841931357099451
1768915926.5078478,1.1945115639233665,5.752962598751534,5.8756647742175225
1768915926.5282385,1.2483930050549217,5.772094768590602,5.905553582236051
1768915926.5479708,1.2452363510370008,5.807273576249326,5.9392794141501355
1768915926.5680943,1.1499156988411576,5.2858170469162395,5.409451725259378
1768915926.5879686,1.1450198872933224,5.310642585316124,5.432678456458687
1768915926.6081905,1.1534837797866628,5.345330966373165,5.468371601336069
1768915926.6280832,1.145463700900039,5.329787211970665,5.451487761608353
1768915926.6486251,1.140629816562275,5.3546283542145545,5.474767683672921
1768915926.668001,1.1257003179360077,5.293214500994566,5.411591351842855
1768915926.6879914,1.1209083023624624,5.315794427043272,5.43268863573916
1768915926.7080004,1.116065059509553,5.338373653962304,5.453790836324483
1768915926.7281046,1.2113724826733638,5.717853353765001,5.844764346570347
1768915926.7479382,1.2281529658071912,5.654472856630793,5.786313419941526
1768915926.7680402,1.2255488814583904,5.682038206684908,5.812704038833472
1768915926.7879858,1.2229269586944864,5.70949570902345,5.838997482244614
1768915926.8080812,1.224727030344937,5.683808087523005,5.814260974074817
1768915926.8279536,1.2023491882906967,5.677785878493964,5.803696757464915
1768915926.847935,1.199403724588132,5.703693972588173,5.828438403851802
1768915926.867945,1.1971311374486981,5.705495563114525,5.829734349090766
1768915926.8880405,1.1941369956311612,5.731028639043711,5.854114145272043
1768915926.9079614,1.193045227676257,5.73443033748114,5.857221885049698
1768915926.9282923,1.1902395790578586,5.759717758716572,5.881413003320791
1768915926.9482133,1.187275920771869,5.78466151219623,5.9052462203306195
1768915926.9679115,1.1583623132269758,5.69380222643289,5.810437766849989
1768915926.9880013,1.0927993387811425,5.698396577864784,5.802235254922157
1768915927.008496,1.0882199547742326,5.721318760730057,5.8238913993867145
1768915927.0279906,1.1176886420831675,5.6905180593905484,5.799243371759085
1768915927.0480797,1.1138061775930912,5.711933794070465,5.819514745156055
1768915927.0681565,1.096113574404744,5.723054493210277,5.827076256601478
1768915927.0884144,1.091906673754435,5.744487384704488,5.847340891141757
1768915927.1079376,1.093775337457908,5.806342257851789,5.9084646824827995
1768915927.128605,1.1013367730363144,5.906465430195894,6.008267351386855
1768915927.1479933,1.0975568206280621,5.929445335098649,6.030170226156995
1768915927.1680098,1.093674402724646,5.9530319819178175,6.052661685317583
1768915927.1879544,1.103619534530479,6.035199545971633,6.135275840310155
1768915927.208228,1.1467994287441188,6.104063040499803,6.2108561835034894
1768915927.228002,1.1442531367481497,6.12926280362549,6.235156594414048
1768915927.248022,1.0610903356674157,5.875608301469438,5.970652025762627
1768915927.2680838,1.056948084058866,5.895747598150631,5.989739476262272
1768915927.287942,1.0401308596575054,5.935221788435356,6.025672566869996
1768915927.3079348,1.0356834048561414,5.955832903482229,6.0452117985473395
1768915927.3279393,1.0658847259039226,5.990117552723696,6.084210593360802
1768915927.3480043,1.0621560085466932,6.011012235806106,6.1041333115768825
1768915927.3680086,1.1178108356232017,6.022224135656213,6.125086497700817
1768915927.388019,1.1151178051600468,6.042964396206905,6.14499035094517
1768915927.4079294,1.1077721218662093,6.07261072355541,6.172824319047492
1768915927.4279287,1.1050682540200716,6.093538844120207,6.192930767483583
1768915927.4480977,1.0456040289944932,5.822098603861406,5.915244706564087
1768915927.4681034,1.0418260644179096,5.837347332345839,5.929588976223022
1768915927.4881053,1.0868620418848092,6.18330590241229,6.278100109180857
1768915927.5084977,1.1522216921077992,6.194835930844725,6.301079831096301
1768915927.5280802,1.1507698631407652,6.21588833962775,6.321513990226806
1768915927.5480154,1.1492001768597766,6.237358743947343,6.342342244564773
1768915927.567963,1.1197964831699232,6.25372151048656,6.353186357603721
1768915927.5879393,1.092189270798723,6.295383844666869,6.389423695055796
1768915927.608203,1.0895421475859601,6.317527232109832,6.410791871509755
1768915927.6279492,1.0706839760519278,6.330492645842263,6.4203972864330865
1768915927.6480134,1.0676873908723354,6.352155473244679,6.441260398470171
1768915927.667987,1.0955089964362192,6.3560868348800454,6.4498046337705555
1768915927.6880627,1.0932256668933458,6.377513623417251,6.470534937362369
1768915927.7080283,1.1219131631327668,6.379210683541217,6.47711495116591
1768915927.7279968,1.120298441151134,6.400179651358734,6.497489374128445
1768915927.7480838,1.0864089296728743,6.4465029691426565,6.537406587756191
1768915927.7679257,1.084137226574091,6.467851853468222,6.558083647259775
1768915927.7879853,1.1875550922135467,6.450680423612813,6.559082635904498
1768915927.808072,1.1872702461715874,6.4714977877141,6.57950562381649
1768915927.8279405,1.1662817892024224,6.474324380987298,6.578532465685015
1768915927.8479774,1.1364983612097475,6.498810973824149,6.5974368203514935
1768915927.8680177,1.1351075956528147,6.519264410060664,6.617346726747234
1768915927.888693,1.1601996538373236,6.500271653252064,6.602998924945889
1768915927.9079406,1.1593875709466495,6.519706934484187,6.621990490119022
1768915927.9280405,1.1585190894468107,6.539468506854263,6.641296171136429
1768915927.9480004,1.1398679162013476,6.514670675991166,6.6136399118038165
1768915927.9685118,1.1318608376950288,6.521270197629001,6.618766799517254
1768915927.9881194,1.130614199558092,6.5394750815095435,6.636491754679323
1768915928.0079637,1.1609535083617462,6.522468149813587,6.624983306689168
1768915928.0280075,1.1602769546979268,6.540460234096514,6.6425795204424105
1768915928.0479553,1.1512475408000227,6.536426204113717,6.637035363927373
1768915928.0680652,1.1504649460880125,6.554005274572681,6.654213306718069
1768915928.0880418,1.1584868859161528,6.6111960946775525,6.71193009998759
1768915928.1079834,1.1578188790999726,6.629487325879083,6.729832595302183
1768915928.128026,1.150251468810312,6.618133664835149,6.717348557810931
1768915928.1480658,1.1493946980343015,6.636390701459398,6.735190399260151
1768915928.1679769,1.145688535500376,6.621997867106735,6.720376326690578
1768915928.1879938,1.1447582286382183,6.640474779684073,6.738425387407295
1768915928.2079897,1.1393870317213293,6.6273830690247415,6.724612193401977
1768915928.2283216,1.1361445758568711,6.63022072174952,6.726860435326849
1768915928.247965,1.135142419995382,6.649899096867927,6.746088222977656
1768915928.2680054,1.1298372059847837,6.640256666712013,6.73569155409011
1768915928.2879102,1.1288047830131402,6.664007675622347,6.758934719236967
1768915928.3081486,1.1277114949471942,6.688357945590965,6.78276235940681
1768915928.327993,0.9941860667452769,6.372162444855245,6.449252682205437
1768915928.3479736,0.970394020195557,6.3809530510702785,6.454318429888193
1768915928.3680305,0.9664488154507944,6.408155432331512,6.48062337725362
1768915928.3879323,1.074248234259801,6.681307864769618,6.767117854200757
1768915928.4080539,1.0725189147710679,6.723761854679868,6.808764227155304
1768915928.4280279,1.0308665038436269,6.626764144991935,6.706466191825429
1768915928.447982,1.0282732372731997,6.656992418184359,6.735940461899611
1768915928.4681623,1.0075151728310705,6.637292566329549,6.71332551233279
1768915928.4882076,1.004546326218307,6.660665873578537,6.7359916271453635
1768915928.5081723,0.9939882690820117,6.650558296824812,6.724428476721125
1768915928.5281377,0.9829018026260574,6.66949712167041,6.7415345292874855
1768915928.5480304,0.9796281892900132,6.69665431434473,6.76792807254063
1768915928.5683725,1.0247777617657348,6.369188073968207,6.451102710590526
1768915928.5879614,1.02249445838684,6.394282514753822,6.475518805155172
1768915928.6081624,1.0048189238911363,6.359002229800012,6.4379010887409
1768915928.6279528,1.0022298367495792,6.388507890676848,6.466645012285075
1768915928.6480742,0.974300831711773,6.3460234683988865,6.420379737378755
1768915928.6679678,0.9713124966268845,6.39179328082972,6.465173571603743
1768915928.6881115,0.9682851180080521,6.436217507225145,6.508645932148047
1768915928.708006,0.9581883528622979,6.348452279112603,6.420356007242198
1768915928.7280324,0.9288495581175658,6.311610046647623,6.379591121894757
1768915928.748048,0.9250793335956335,6.330598015219444,6.397831117163542
1768915928.7680492,0.9041401663789665,6.3053444376776895,6.369838139090566
1768915928.7880754,0.8999820920583526,6.315045380935107,6.378853026155687
1768915928.8079362,0.7866531952085578,5.946318784226065,5.998127235493724
1768915928.8283174,0.7701016247804049,5.943335710156145,5.993020597003373
1768915928.848042,0.7639393364784566,5.991436901895199,6.039943663579213
1768915928.8679485,0.9158294538442091,6.50729211958425,6.571422549047646
1768915928.8880115,0.9125176758300122,6.547232685023037,6.610517705939238
1768915928.9081235,0.88430249846843,6.518346989443934,6.578057341160102
1768915928.9279766,0.8805480118021345,6.570732336422122,6.629471188412542
1768915928.9485397,0.8515143375259548,6.5926161156460665,6.64738022948052
1768915928.9679263,0.8473198435315228,6.641985805074853,6.6958140918082645
1768915928.9880025,0.8846818433909087,6.656089440645104,6.714624978797609
1768915929.0081346,0.8811175435292298,6.682240631261877,6.740082193831326
1768915929.0280216,0.9258043489538725,6.7260674509669265,6.789484299083298
1768915929.0482802,0.9231297862187016,6.753348918156792,6.8161492217067625
1768915929.0680537,1.007742126087778,6.773409716239122,6.847964907673991
1768915929.0880942,1.0082868639650038,6.824749228065389,6.898829206903408
1768915929.1081836,1.0074044878629318,6.901867144995315,6.9750006372280815
1768915929.1279716,0.9934119026110435,6.96095626305403,7.031484857723894
1768915929.1479456,0.9922371837319177,7.035404551134484,7.105030037016315
1768915929.1679788,1.0200470740969703,7.055304620662149,7.128661818582114
1768915929.1881602,1.0193961846680522,7.117555725862548,7.19018553947494
1768915929.2081938,0.9785230258089481,6.866292718090669,6.935667451842198
1768915929.2279634,0.9770985366243985,6.902055423327084,6.970874451383582
1768915929.2480881,0.8734654525632364,6.921218322412166,6.976116753847758
1768915929.268038,0.870074526455304,6.941846142613642,6.996160200374654
1768915929.287943,0.9400339075340269,6.9335261356899345,6.996959941403773
1768915929.308006,0.9380190484723976,6.995154176920106,7.0577660555008395
1768915929.3281229,0.9079003844365174,6.9301383431814365,6.9893562338525514
1768915929.3480353,0.9053435227550561,7.026711266288888,7.084794853345136
1768915929.3681037,0.9198718902534513,6.985399762292662,7.04570607771264
1768915929.388601,0.917582371263086,7.057903258592905,7.117299755926339
1768915929.4079776,0.930112744866143,7.001229018918323,7.062741499836055
1768915929.428006,0.9281220248859627,7.075071402710702,7.135688183107022
1768915929.4479504,0.9261493183508136,7.132150248697787,7.192031683042114
1768915929.4679513,0.9362823678639689,7.039764111884502,7.101753545663913
1768915929.4879653,0.9345483804077077,7.067397603433047,7.128919242096508
1768915929.5080733,0.921340600962496,6.710714521112038,6.773666502481939
1768915929.5280948,0.9193648810538568,6.7515481487904765,6.813856044117111
1768915929.5479536,0.9174449147780108,6.73384944730801,6.796060149135117
1768915929.568176,0.9076117652780749,6.736654561803384,6.7975196801140285
1768915929.5879462,0.9054570638717983,6.850535991986714,6.910115474579331
1768915929.6083,0.9534441993466927,6.704856188705136,6.772307756775782
1768915929.6281955,0.9522685498651104,6.767826753689651,6.834492984780919
1768915929.6481087,0.923374759065301,6.711160329331836,6.77438513163197
1768915929.6680884,0.9216430012720362,6.785583036852696,6.847887482415054
1768915929.6880748,0.8833718700962803,6.651545200815292,6.709947795576829
1768915929.7079751,0.8809084954669859,6.748164062290286,6.805418281705544
1768915929.7280297,0.94511271144575,6.683781353434842,6.750271936585935
1768915929.7480226,0.8627517152362845,6.575481650071687,6.6318398241040635
1768915929.7681115,0.860057531881073,6.59175081346201,6.647621961643309
1768915929.787967,1.04055510296087,6.989719099454614,7.066748050665067
1768915929.8080328,1.0413587956618977,7.037699229663186,7.11432629196217
1768915929.8280761,1.0421670567576669,7.074949717244387,7.151295384454999
1768915929.8479466,1.0229330818698203,7.1482067074032045,7.221028404718254
1768915929.8681698,1.0139009257271931,6.977322287760579,7.050604328316189
1768915929.888036,1.0140783271115343,7.074851214887815,7.147158495956062
1768915929.907931,0.8718449730863251,6.601416874422771,6.658740001457453
1768915929.9279406,0.8692497513044181,6.718159793432481,6.774161655897764
1768915929.9482348,0.9027582440661872,6.398713773668312,6.46208251298001
1768915929.9680552,0.9008753841945039,6.500958937214211,6.5630818645810685
1768915929.9879563,0.9216919673115265,6.352238840921238,6.418758008736191
1768915930.008239,0.9202866714736297,6.38725874747438,6.453216396873733
1768915930.027938,1.0313339820203655,6.559575202916806,6.640156370537597
1768915930.0479279,1.0321273818900725,6.572278927578068,6.6528292653828105
1768915930.0679886,0.9257310447504408,6.159854273658809,6.22902742327624
1768915930.0880277,0.9065248326313271,6.126954735783288,6.193654947324279
1768915930.1082752,0.9049027211239563,6.131111842571812,6.1975302630016955
1768915930.12834,0.9042358575707489,5.935008383171759,6.0034962309004385
1768915930.1480289,0.9026844315924155,5.923789558556123,5.992171719593647
1768915930.167959,0.9148061061754563,5.8220441084277805,5.893476716877274
1768915930.1882591,0.9133628107097167,5.922810672181512,5.9928221968030035
1768915930.2079847,0.9120975042400288,5.881160497732125,5.951467941384349
1768915930.2281795,0.8534893214264704,5.797341902423508,5.8598308128634935
1768915930.248088,0.8510441952662187,5.84235574676377,5.904015319597331
1768915930.2679923,0.8023671392740424,5.727328562563859,5.78325907164348
1768915930.2880063,0.9970842230318554,6.061049332669251,6.142515442460801
1768915930.3080394,0.9974786130789366,6.173336181938488,6.253402529725777
1768915930.328012,0.9986869526765801,6.134967812917342,6.215722459616277
1768915930.3479848,0.9990766587234944,6.281892503556422,6.360843308575088
1768915930.3679876,0.8641729926082207,5.68774786399913,5.7530227468331905
1768915930.3879557,0.8619973572507198,5.796218386216163,5.859964763086679
1768915930.4079475,0.9217248324179479,5.706813974753251,5.780770053300416
1768915930.4280095,0.9208094665931218,5.733970102857375,5.80743516659719
1768915930.4480186,0.904174252533079,5.596321996018993,5.668893274887944
1768915930.4679694,0.858539399657703,5.502769495487126,5.569341255591028
1768915930.4879446,0.856476017189084,5.509508749835344,5.575682723445829
1768915930.5079439,0.9006731889723374,5.532802605546232,5.605632601702753
1768915930.5280535,0.8994969841560377,5.539719386957831,5.612270994057775
1768915930.5480466,0.8982783062413491,5.595019633325702,5.666669975635064
1768915930.5680413,0.900203921716644,5.374908918468531,5.449771828481132
1768915930.5880191,0.899044689090052,5.426177038260855,5.500152598204014
1768915930.6081765,0.8642823423174922,5.41380100563379,5.482355816238421
1768915930.627964,0.8571013444031211,5.456751691837239,5.523654744908139
1768915930.6479955,0.855226172626048,5.47456337496849,5.540961645138052
1768915930.6678991,0.9410597171109409,5.373141839243418,5.454928653593654
1768915930.688069,0.9408212137335045,5.4371871875923645,5.517984149046602
1768915930.7079659,0.9124208550495002,5.243228794265468,5.32202593057792
1768915930.7286346,0.911649076220287,5.270479514100259,5.348743623200107
1768915930.7480972,0.9988218082786794,5.328184605317885,5.420995867277488
1768915930.7684963,0.9997604085758682,5.3874683025434145,5.479446649568349
1768915930.7880065,0.8692065383554028,5.03029265752717,5.10483733596787
1768915930.8079839,0.8676299223343197,5.051863393412164,5.1258272920405465
1768915930.8281124,0.8899399076320968,4.833196412288615,4.914446113139889
1768915930.848523,0.8888864681769457,4.752316596006425,4.834731862470367
1768915930.8679504,0.8788423696092047,4.839677746546471,4.918825530656424
1768915930.888801,0.7897867010168453,4.61490031051321,4.68199400993615
1768915930.9079943,0.7869650797568523,4.6015596505457275,4.66836858595026
1768915930.9281044,0.7839770279957532,4.64776197817069,4.7134182273753495
1768915930.9482043,0.7445509888100718,4.441352377042078,4.503328448158692
1768915930.9680555,0.7409426171745968,4.43769607297944,4.499126848409888
1768915930.9880636,0.8120962996788034,4.492132680073718,4.5649486760902676
1768915931.0079093,0.8618956055389771,4.4551661606443975,4.537771430316686
1768915931.0279834,0.860658026699767,4.4985563589962805,4.580146455517401
1768915931.048092,0.7732037917962757,4.318579320666993,4.387251013167668
1768915931.068002,0.7703594759820508,4.309829707501947,4.378137255717511
1768915931.0879064,0.8116823020440526,4.435911257458805,4.509560604260829
1768915931.1080527,0.8097136672310125,4.3793578854973045,4.453584142257573
1768915931.127925,0.803307077972439,4.308156822934183,4.3824100073492644
1768915931.148639,0.8048159636308224,4.103967876099659,4.182138336230995
1768915931.1682193,0.8028242339274129,4.094614829422772,4.172576823967416
1768915931.1879377,0.7883349346423422,4.022357656447827,4.098881931156593
1768915931.2080867,0.786099105315007,3.9769382612020685,4.053885757737875
1768915931.2281733,0.741710089848342,3.9193775239301623,3.9889414676668
1768915931.247958,0.7386334590902575,3.922509046812941,3.991447933922852
1768915931.26803,0.7899254188741289,3.9702691731671074,4.048088372897076
1768915931.2880273,0.7879105381261653,3.941528068027287,4.0195082444419965
1768915931.3081908,0.7859490553474482,3.8484175217386802,3.9278535282297415
1768915931.3279762,0.8130239330611372,3.957201875716681,4.039858240199255
1768915931.3479736,0.8115018541998503,3.993862349761528,4.07547196386044
1768915931.36795,0.7554639649768392,3.690637822772354,3.7671651598060296
1768915931.3884811,0.8248815432433285,3.7159539890791677,3.806408229464737
1768915931.4083166,0.8237500781960945,3.7011834160326025,3.7917440407341365
1768915931.4279473,0.8305012316463484,3.751152082924891,3.8419883192167372
1768915931.4480233,0.8295514985725856,3.7015874975703467,3.793402917032822
1768915931.4680705,0.7836855312005372,3.625316928284164,3.7090545752680417
1768915931.4880474,0.7819062590676794,3.5749578167310174,3.659467282184036
1768915931.507943,0.7113620185542223,3.502512294032069,3.5740213053768057
1768915931.5280287,0.7082386642672087,3.450684005348851,3.522615805099016
1768915931.5479467,0.775303213432797,3.44437970969377,3.530558972359669
1768915931.5680265,0.7734852503404452,3.4240961730394,3.510372349867929
1768915931.5883389,0.7330520701748748,3.3882893421637554,3.4666799684724525
1768915931.608278,0.730478288210954,3.400786853354635,3.4783544603012104
1768915931.6279259,0.7044690464325679,3.287407504218069,3.3620417511046594
1768915931.648661,0.7013963067989415,3.245642878883844,3.32056538505728
1768915931.6679652,0.7267012635483713,3.3520631026541388,3.4299302865536627
1768915931.6883008,0.7867603395081565,3.049638069746493,3.1494895123289592
1768915931.7079408,0.785433601454185,3.073548970417713,3.1723192172051466
1768915931.728039,0.7841658962073682,3.0314690902234176,3.1312491114177905
1768915931.747978,0.7965586132501801,3.2197672479060797,3.316836859875948
1768915931.7679312,0.7954892820767704,3.2298145507145266,3.3263351048723724
1768915931.7880354,0.7415953090682531,3.160101124601259,3.245951743347116
1768915931.8080018,0.7306658153556557,2.955958437458486,3.0449241070528115
1768915931.8280656,0.7283801431457175,2.976183706969719,3.0640181283016252
1768915931.8479757,0.7262327419117106,2.885611779900408,2.9755956277230617
1768915931.8681374,0.8243329417249744,3.0412868580492756,3.151023730751037
1768915931.8887813,0.7538655851739662,2.8432911190048316,2.9415332240043512
1768915931.9079432,0.7522428372740118,2.837591116889067,2.935607710999172
1768915931.927989,0.7873947115670402,2.7664183066561057,2.8762928709027142
1768915931.948089,0.7862956697168779,2.81930749284865,2.926902051563744
1768915931.9679873,0.7841929093647837,2.642740914284537,2.756635278583562
1768915931.9878564,0.783084177373417,2.711058210112231,2.82188898567423
1768915932.00795,0.7644110039726321,2.7144017343976365,2.8199824394303143
1768915932.027968,0.7629884005238031,2.7673423100266037,2.8705983279095753
1768915932.0480504,0.7469515433792712,2.6489405412234257,2.7522395606294396
1768915932.068094,0.7453657217277491,2.6055681617301625,2.7100840401265467
1768915932.0879066,0.7591507299749028,2.641549153428239,2.748470804065212
1768915932.1084514,0.7578002064020674,2.643506223351631,2.749979328235363
1768915932.1280603,0.8116368116226828,2.5912876300911067,2.7154237046627214
1768915932.1480443,0.015849646455233013,1.2034400970169723,1.203544464654703
1768915932.1680572,0.0003948189774618527,1.1810170273144145,1.181017093309238
1768915932.1879315,-0.01494171955363155,1.0792878791240401,1.079391301154168
1768915932.2080324,0.014387940860582371,1.1129369459640701,1.113029945030249
1768915932.2279923,-0.13601262085785393,0.8872509142967284,0.8976155178878109
1768915932.248077,-0.15320133013129444,0.8471030504428576,0.8608450648192115
1768915932.2681534,-0.17191390962205555,0.7848613901194659,0.8034686017647489
1768915932.2885585,-0.18940111241491775,0.694361925889655,0.7197299948655739
1768915932.308049,-0.052227411940695245,0.8598002591415801,0.8613850406049268
1768915932.3281784,-0.06639634447152165,0.8081768488323631,0.8108996815561029
1768915932.3481836,-0.11250154967458337,0.7598833335373447,0.7681661794605451
1768915932.3687558,-0.12771921461805658,0.7503234477953873,0.7611159399816894
1768915932.3887374,-0.1076446189405561,0.7479720588655592,0.7556782151355438
1768915932.4080055,-0.12112842576333349,0.7335388991973015,0.7434725362536886
1768915932.428024,-0.1403911703632551,0.698754278057669,0.7127181924294193
1768915932.4479308,-0.15440452089260892,0.7114692456801419,0.7280310732521973
1768915932.4679308,-0.11836060572060703,0.6866007701833037,0.6967279602562644
1768915932.4880419,-0.13148091060593348,0.6363545739890866,0.6497956399442807
1768915932.507947,-0.14461725153252158,0.5384530958369842,0.5575355467207925
1768915932.52798,-0.23527084887743466,0.663778560293955,0.7042402639990306
1768915932.548111,-0.3752131865996351,0.5934624109120803,0.7021271740673704
1768915932.568171,-0.39207425076069846,0.5330735881058988,0.6617323238634036
1768915932.5879877,-0.3603823493598659,0.6259044504554774,0.7222408315998962
1768915932.608384,-0.4612645291792876,0.5361891493631659,0.7072932699904512
1768915932.627957,-0.47884054937326814,0.47664774212812566,0.6756340294863288
1768915932.6484077,-0.4469359436273207,0.49807446032081404,0.6692009457030929
1768915932.6680877,-0.46338521392588694,0.44172507561509433,0.6401928607164413
1768915932.6885443,-0.48445704228992714,0.3928257151010308,0.6237071975446015
1768915932.7081404,-0.5006988057316317,0.4640849329872858,0.682696212884542
1768915932.7281678,-0.517140219110043,0.5487650142135356,0.7540404810392909
1768915932.7479625,-0.45176411206261,0.6342556610472576,0.7786983090505669
1768915932.7680585,-0.3521427821026637,0.5908692388702239,0.6878451834752366
1768915932.7880056,-0.36521251237541286,0.5018142669541927,0.6206430034362225
1768915932.8082569,-0.4325779187686871,0.4451253156822146,0.6206933240074683
1768915932.8279488,-0.44639891827110156,0.37548394937373497,0.5833182583040815
1768915932.8481705,-0.48753681345589617,0.39731605722514307,0.628929402877352
1768915932.8679433,-0.5020700043176424,0.3129182786075255,0.5916013339422203
1768915932.8879158,-0.5166084183786069,0.24414218592612968,0.571392741368347
1768915932.9079654,-0.5441765236717642,0.4265119729012432,0.6914047670819148
1768915932.928081,-0.6113718302035552,0.31124939735891366,0.686040598013508
1768915932.947933,-0.6270533254886621,0.2628120388261912,0.6799014934226645
1768915932.9680274,-0.6427941182699134,0.2772926770423536,0.7000539316536337
1768915932.9879951,-0.4926281082718388,0.5899119410785998,0.7685561471269434
1768915933.0080519,-0.5054017877707361,0.5136887342901812,0.720629643310976
1768915933.028141,-0.49016038061247547,0.6107977191654681,0.7831545520903934
1768915933.0484114,-0.4956303891713679,0.4488650232065732,0.6686772702346021
1768915933.0679872,-0.5071317312199757,0.549646317051889,0.7478593896307483
1768915933.0879843,-0.45667819155253775,0.34419148525353127,0.5718590290978435
1768915933.1079438,-0.4673916246623945,0.3441570418643036,0.5804300132396158
1768915933.128584,-0.5684708873392084,0.3857017671493539,0.6869679780996792
1768915933.1479263,-0.5806354408524601,0.328071171787224,0.666909445825873
1768915933.1686509,-0.5936408818420792,0.2136028942468089,0.630900699813255
1768915933.1879427,-0.5299151749523946,0.49510399332165145,0.7252158691368198
1768915933.2080753,-0.5735108531534489,0.4760251254376979,0.7453285307384743
1768915933.2279453,-0.5852998547151546,0.3569288821673773,0.6855466044368059
1768915933.2482204,-0.5217477901109302,0.3417995558632101,0.6237368779172248
1768915933.2679417,-0.5316854402760445,0.4340419735056029,0.6863540210169747
1768915933.288431,-0.5421562343518193,0.3938989733333096,0.6701416146155826
1768915933.3079917,-0.5080827554335476,0.5272231357668833,0.7321969142633774
1768915933.328227,-0.5176262014577028,0.45753262658558747,0.6908494690059744
1768915933.3479853,-0.5451069067583927,0.6126946052125546,0.820083056191427
1768915933.3681507,-0.5018201909504288,0.4810923493028243,0.6951786479770762
1768915933.387986,-0.5103243798330152,0.5570458158144538,0.7554674139685589
1768915933.4081392,-0.5256452964173346,0.5041520273921112,0.728335255475968
1768915933.4279506,-0.5344710071618032,0.46704152740855154,0.7097795755166987
1768915933.448165,-0.5364577968708368,0.405135636201587,0.6722513306375649
1768915933.467996,-0.5451112633064594,0.4005283939009301,0.6764386769725861
1768915933.4881687,-0.7200970059908891,0.4115094336226819,0.829385140931222
1768915933.5080535,-0.7320229556020214,0.3760361079093806,0.8229585420784903
1768915933.528022,-0.7327966092114495,0.3783787376539651,0.8247189458114843
1768915933.547983,-0.7445177351991309,0.3599575594175084,0.8269680178869387
1768915933.5680199,-0.7902608832094788,0.3962922202647392,0.8840587013164805
1768915933.5880337,-0.802492658413512,0.49314704713017044,0.941906830265495
1768915933.6085227,-0.7226174015946658,0.4799132653845053,0.8674633429600614
1768915933.6285517,-0.7330278752794092,0.5459521707122938,0.9139987082278128
1768915933.648007,-0.6665470324631884,0.5925594843241759,0.8918585588242207
1768915933.6680412,-0.6755451454281707,0.6752246431518456,0.9551385042134495
1768915933.6880538,-0.6845438795270655,0.773564609852146,1.0329581446572114
1768915933.7079988,-0.5784588514378095,0.5805415012975903,0.819538331950135
1768915933.7279925,-0.5854360786931735,0.5007850052241611,0.7704031565959493
1768915933.747991,-0.5634115729253534,0.5405318063406899,0.7807734845473109
1768915933.7679467,-0.5697578541905773,0.5260425643956239,0.7754642428686027
1768915933.7879858,-0.5117577361495039,0.5180410223124845,0.7281912395157122
1768915933.8079038,-0.5169449427994114,0.45625957931045225,0.6894961041212906
1768915933.827962,-0.5657769688221445,0.6021556523740879,0.8262535979562432
1768915933.8479297,-0.5717161757760498,0.5915191331812206,0.8226507585624983
1768915933.8681374,-0.5776670702876984,0.6272460942526514,0.8527232299228037
1768915933.8880255,-0.5362137746728646,0.7506452204404113,0.922493067247096
1768915933.9079623,-0.5247515148855222,0.6334714088375435,0.8225874896868252
1768915933.928171,-0.5293319865685832,0.7321693186773164,0.9034734435593824
1768915933.9480698,-0.5185188828166438,0.8128039886366274,0.9641121074755938
1768915933.9679954,-0.5229331258115603,0.8014181633965238,0.9569378907185703
1768915933.9879773,-0.4576638006318662,0.6676799287131976,0.8094767702752594
1768915934.0079985,-0.4608575091108402,0.5892478720801817,0.7480659719936941
1768915934.0279577,-0.5467129383164192,0.6604791352108528,0.8573958974542908
1768915934.0482066,-0.5515136860404077,0.5835978034506919,0.8029655920911867
1768915934.067976,-0.5778176957534376,0.6797730194918312,0.892168508497612
1768915934.0881295,-0.5830221690000577,0.62021758800595,0.851225414339498
1768915934.1079566,-0.45586405331660895,0.6410507440926345,0.7866117794744549
1768915934.1282597,-0.5168938917449883,0.6189787593565734,0.8064204857627828
1768915934.1480615,-0.5205575132346782,0.5782487017825844,0.7780434985900957
1768915934.1680555,-0.5242775049931198,0.535157851271177,0.7491734298672064
1768915934.1880515,-0.4628992168754327,0.6277106279826601,0.7799335340054782
1768915934.2083106,-0.4652229230006367,0.6752716997983441,0.820014778302075
1768915934.2279456,-0.40645750336721476,0.8463213882428242,0.9388650564595376
1768915934.2483819,-0.4075916916159783,0.8879402650145307,0.9770204201082237
1768915934.268069,-0.3913394286723215,0.7742054537247789,0.8674909988067714
1768915934.2880538,-0.36424535190665974,0.6394160685055343,0.7358855787747716
1768915934.308029,-0.3644007590824374,0.6850190432621694,0.7759117236204609
1768915934.3280199,-0.3109376198059476,0.7150287174007826,0.7797103757924452
1768915934.347977,-0.31031050656204384,0.6639574451225716,0.7328929658664252
1768915934.3680565,-0.2658410965957555,0.6765464965162984,0.7269020914729243
1768915934.3879282,-0.2644087438483972,0.6112483579161605,0.6659853893883033
1768915934.4080422,-0.27309140204432014,0.6110728347629646,0.6693197466501178
1768915934.4280038,-0.27173928829485117,0.5844678121105744,0.6445501254334793
1768915934.447965,-0.27038622599118534,0.5569620678595104,0.6191247501433764
1768915934.4679427,-0.18266392507674234,0.6406723247630506,0.6662035253897517
1768915934.4879863,-0.2083422863079738,0.733388038278175,0.7624070585674975
1768915934.5079951,-0.20585115646803875,0.7183597746233161,0.7472720150093207
1768915934.527958,-0.17644730936823183,0.6649327847261972,0.6879456818579675
1768915934.5480833,-0.173619214382855,0.5864362721543177,0.6115971982450318
1768915934.5679836,-0.12621801271819988,0.7627423444044013,0.7731150436267903
1768915934.5883155,-0.13226861648434174,0.5678388202821427,0.5830402325106712
1768915934.6081257,-0.1286122441565306,0.541405040826028,0.5564714975439552
1768915934.6279619,-0.12505100032550642,0.4809115410845717,0.4969040782995723
1768915934.647955,0.018046548641141635,0.637884048515744,0.6381392773279929
1768915934.6681547,0.024202780584378303,0.5581744123884125,0.5586988895936389
1768915934.6880665,-0.017251661269573892,0.4879009846619464,0.488205889610784
1768915934.7082074,-0.011894376008952379,0.43798972454507634,0.43815120105702576
1768915934.727938,-0.03460854104270705,0.665719100593746,0.6666180855695791
1768915934.7480495,-0.029906263698677882,0.5893248479716462,0.5900831814627653
1768915934.7679179,0.061232723069040595,0.6845879190909248,0.6873209332907679
1768915934.7879336,0.0678435728009763,0.6634438318074416,0.666903642465493
1768915934.8080788,0.027220853957819702,0.6401415903027772,0.6407200874996518
1768915934.8279777,0.03280070911714428,0.5890646436778706,0.5899771529050292
1768915934.8480947,0.038693290334023356,0.5696915690039699,0.5710040757394627
1768915934.8679616,0.11857081968480776,0.49963139104499454,0.5135080975002083
1768915934.8879745,0.11148922442851605,0.4846976255158424,0.4973546374010881
1768915934.9082751,0.1181518199149788,0.40289490487613655,0.41986206892784766
1768915934.9279594,0.15084457659219097,0.5881258811671657,0.6071623657523023
1768915934.9479506,0.15813574068945047,0.533429558320325,0.5563757778455296
1768915934.9681199,0.2878438928790257,0.3364107375314944,0.44274856407924806
1768915934.9879491,0.2972950397781522,0.2641417542412299,0.3976873231702607
1768915935.0079541,0.3595983325259562,0.3836487777358766,0.525830148825341
1768915935.027962,0.3702409156419858,0.32685466237993666,0.4938747877093124
1768915935.0480058,0.3238348500783992,0.4906190791908269,0.5878572028914455
1768915935.068202,0.33316224599871247,0.4217148975214329,0.5374388681054053
1768915935.0880933,0.32248175871914775,0.4485255384894362,0.5524216174117677
1768915935.1079805,0.33162887906379557,0.39683766749580407,0.5171632699376667
1768915935.1280234,0.38040787895295536,0.34855400274531334,0.5159457793211087
1768915935.1479332,0.390191612333851,0.2754559652660511,0.47762483513354104
1768915935.1679795,0.3764805147753695,0.1967754178014509,0.4248036523577249
1768915935.1882784,0.38574342134173123,0.11607368633464077,0.40282885667208224
1768915935.2080977,0.4507228427104558,0.279062095968607,0.5301195472224981
1768915935.227979,0.4610063504999372,0.20207772434882543,0.5033510324607181
1768915935.2479966,0.47171579540572206,0.1514611697984538,0.49543544240593956
1768915935.2686276,0.5517790881776602,-0.1487176161067918,0.5714692393214679
1768915935.2880108,0.4506840105512945,0.1204759430283815,0.46650887474428304
1768915935.3079805,0.4599990910650781,0.04012595054177304,0.4617458778241326
1768915935.3279562,0.38956365054719855,0.06290052137305935,0.394609064032572
1768915935.3481057,0.3976665521727525,-0.0027872919441662702,0.39767632028239563
1768915935.3680763,0.4618361955370075,-0.03821042995643076,0.46341418673315593
1768915935.3879943,0.5326699628645505,-0.14257419111463498,0.5514206101608046
1768915935.4080057,0.5434165259749474,-0.1946295075414426,0.5772193395135901
1768915935.4279587,0.5058601971568206,-0.1791881822990291,0.536659057263704
1768915935.448027,0.5158316928643966,-0.22900587465852418,0.5643810999594732
1768915935.4679935,0.5381207692789893,-0.26085306503230576,0.5980119429126476
1768915935.487982,0.5479398129262834,-0.32909488905709416,0.6391724998724456
1768915935.5079849,0.4926775388425406,-0.18763631504726952,0.5271987708677452
1768915935.5279603,0.5012539090704405,-0.2542106284662271,0.5620307153382204
1768915935.5479398,0.5223313691886223,-0.23440287525013304,0.572516171967212
1768915935.5680108,0.5311668793164426,-0.3013212016778102,0.6106821761467481
1768915935.588115,0.5595998075852685,-0.3790690363358671,0.6759033059233195
1768915935.6080413,0.5689128171619826,-0.446890045343336,0.7234448881277359
1768915935.6281564,0.5776740498990792,-0.5252296055133456,0.7807518468979171
1768915935.6479666,0.5430576215099684,-0.44710425316845814,0.7034300203157303
1768915935.6686702,0.5348171129832721,-0.3677481652523795,0.6490516600288866
1768915935.6880252,0.5427771180268544,-0.433746157886155,0.6947968979022137
1768915935.7080915,0.5341523112383303,-0.36081792603877183,0.6445993075951685
1768915935.7282026,0.5420362530199718,-0.43084223343737804,0.6924076326133609
1768915935.747952,0.5688127257592588,-0.4229050737897353,0.7087994204447259
1768915935.7680163,0.5769028474152698,-0.49325079396422566,0.759021238900589
1768915935.78823,0.5849425051450211,-0.563994184856238,0.812555951843924
1768915935.80821,0.542514439491232,-0.5043858988394803,0.740761130192855
1768915935.8279274,0.567370317009882,-0.5005119612006617,0.7565852892627682
1768915935.848055,0.574989993233973,-0.5671299318891272,0.8076198684800729
1768915935.8680277,0.5614996780888327,-0.6149344671255488,0.8327222149990028
1768915935.8880816,0.5690968888169132,-0.6817293205531811,0.8880462461848437
1768915935.9080286,0.5081254701756232,-0.6328775528718626,0.8116190549576047
1768915935.927958,0.514404739789207,-0.6975211661180118,0.8666879562450565
1768915935.9480197,0.5181578081324733,-0.6621772668159185,0.8408128488649832
1768915935.967945,0.5240643158648172,-0.7243898741181347,0.8940828244003717
1768915935.9881766,0.5425621253215219,-0.6753009642438794,0.8662592291814963
1768915936.00806,0.5486222149914896,-0.7351086967579565,0.9172628471879527
1768915936.0279937,0.5543354635487412,-0.7945042482953539,0.9687748999159522
1768915936.0481784,0.55382046295894,-0.7255390791275858,0.9127562985448854
1768915936.067993,0.5309913967256471,-0.6710366549661018,0.8557114324962292
1768915936.0881422,0.5274109795745286,-0.7103319456552128,0.8847224504860743
1768915936.1081567,0.532501880374592,-0.7657999895963226,0.9327421276366819
1768915936.1280441,0.538075578998255,-0.7475446894027993,0.9210582996578637
1768915936.1478992,0.5431829999159907,-0.8009081723662721,0.9677301648501081
1768915936.1679573,0.5407402435788448,-0.7034656183483836,0.8872789230134919
1768915936.1879373,0.545719140518961,-0.7543077392155695,0.9310153305769229
1768915936.2081575,0.5341570153536173,-0.7288788400846098,0.9036526326938746
1768915936.2282343,0.5388042213448477,-0.7783183496924586,0.9466200095112188
1768915936.2481284,0.5283220712291201,-0.7354477053605013,0.9055426761162911
1768915936.268093,0.5239063352185034,-0.7309306997887663,0.899298357596509
1768915936.2881362,0.527971460956928,-0.7773713556650819,0.9397127689850554
1768915936.307991,0.5087183394020807,-0.738831772432329,0.8970321826999895
1768915936.3281636,0.5122104378092464,-0.7835735700590352,0.9361341102084688
1768915936.348623,0.5073595011947426,-0.7226973535140715,0.8830091325851737
1768915936.368195,0.5107059483469708,-0.7646878401611819,0.9195477467578026
1768915936.3879864,0.5139714553120072,-0.806601740250434,0.9564376740021124
1768915936.4080176,0.48578813494222006,-0.7192675209252073,0.8679492374030489
1768915936.42836,0.5131756296989978,-0.7382031922258303,0.899051266574587
1768915936.4481828,0.5165387536031338,-0.7780268378454345,0.9338833141145874
1768915936.468016,0.5047362541173638,-0.7478433785764782,0.9022352271448448
1768915936.4886932,0.5077324564858723,-0.7872928627097622,0.9368149758852655
1768915936.5080059,0.5041526983683843,-0.7547123164135883,0.9076125956698085
1768915936.5282147,0.5071389319342134,-0.7924005868810813,0.940791468059132
1768915936.5479572,0.5461736856096829,-0.7604536692877808,0.9362667771451224
1768915936.5679228,0.5497296945757176,-0.7962451715359027,0.9675789943423487
1768915936.588025,0.5532447197163141,-0.8319679238242728,0.999124790087031
1768915936.60806,0.5589480059446357,-0.7765865626456616,0.9568226390670784
1768915936.6279714,0.5643708293467375,-0.7808067877345035,0.9634177042123516
1768915936.648161,0.5680232328888792,-0.8146255626042986,0.9931088562438178
1768915936.6679935,0.5292757767782017,-0.750883740090158,0.9186725417775111
1768915936.6880682,0.5320121455265544,-0.7824379927037164,0.9461744740870939
1768915936.7080364,0.5341425962074426,-0.7518740067113399,0.9222921636072764
1768915936.7281353,0.5369142930503956,-0.7824184924684694,0.9489234191642856
1768915936.7481043,0.5163958259891882,-0.7291327911847745,0.8934759517076863
1768915936.7680264,0.5186684410445214,-0.7578645363154433,0.9183548372716158
1768915936.7880688,0.5208776743782345,-0.7864628916313325,0.9433119481798135
1768915936.8082545,0.5254640059196316,-0.7187202188555695,0.8903208267298391
1768915936.8280153,0.5276707090121281,-0.7453273159412852,0.9132081827478346
1768915936.848001,0.5298805213627861,-0.7719204565348328,0.9362876471131308
1768915936.8679373,0.5697089740416125,-0.7439013023485135,0.9369938434906395
1768915936.887997,0.5598012155095557,-0.7295310828121089,0.9195613093616891
1768915936.9082153,0.5625214779045961,-0.7548688221163928,0.9414124238118814
1768915936.9279642,0.5575619567784346,-0.7176136624839557,0.9087599816399453
1768915936.9481418,0.5600946899620126,-0.7415914404632495,0.9293352066353671
1768915936.96805,0.5537465250804439,-0.7034046179145399,0.8952168846386704
1768915936.9879835,0.5560706943035488,-0.7260539316233316,0.9145320818259622
1768915937.0080934,0.5513076640062518,-0.6926230243346261,0.8852495660718926
1768915937.0281625,0.553452574858739,-0.7138908633977632,0.9032994616740188
1768915937.04795,0.5507903131960216,-0.6801330029200869,0.8751861920595334
1768915937.0680363,0.5147653911223663,-0.6951399847437916,0.8649872867776506
1768915937.088038,0.516071587427707,-0.7151896322203104,0.8819444956376655
1768915937.1080186,0.5117908478473562,-0.6907473031436187,0.8596869830004976
1768915937.1279633,0.5129627975045682,-0.7101684716319596,0.876053702534146
1768915937.1479945,0.5141266215330903,-0.7295484298621968,0.8925060753201774
1768915937.167967,0.5112292497982566,-0.6799945024954681,0.850733724071961
1768915937.1881115,0.5107205856076522,-0.676950519394758,0.8479961805764551
1768915937.2080443,0.5117398804508597,-0.6946043863865654,0.862758922776993
1768915937.2281196,0.5078951171828326,-0.6693648730941799,0.8402420980827793
1768915937.2480078,0.5087906967444937,-0.6860914672317957,0.8541600988702442
1768915937.2681403,0.5033349641738167,-0.6646136344301041,0.8337010070944196
1768915937.2879694,0.5041358652391041,-0.6803888455876557,0.8468069153121525
1768915937.308008,0.4990282005650385,-0.6624642376661072,0.8293901441093431
1768915937.327943,0.4997601028681814,-0.6776568670751164,0.8420089013263917
1768915937.3480346,0.4966393239822797,-0.662037482148623,0.8276135848904754
1768915937.368036,0.49729192971236824,-0.6765715194188235,0.8396715335449609
1768915937.3880389,0.4925053450993756,-0.6623276338800839,0.8253722854280033
1768915937.4079902,0.49300555126393,-0.6764421542804193,0.837035519953954
1768915937.4280536,0.5021422354904532,-0.6409424732610631,0.814219920349139
1768915937.4479654,0.5027790999808299,-0.6540772140009619,0.8249871667200609
1768915937.468036,0.49559798643962794,-0.6431248898033068,0.8119279451081415
1768915937.488287,0.4960576438646437,-0.6558721056806984,0.8223389842677866
1768915937.5079837,0.49438341083616255,-0.6412072496176666,0.8096676440813542
1768915937.5279362,0.4947249010988495,-0.6534737965713582,0.8196223097089606
1768915937.5480494,0.4951236538271627,-0.6656548445061823,0.829604607384572
1768915937.5680704,0.4840737856441786,-0.6665959461594824,0.8238189032694878
1768915937.58793,0.48426922868583244,-0.6785210986160237,0.8336111606253043
1768915937.6081653,0.4928521154202924,-0.659266362464189,0.8231253515419268
1768915937.6280816,0.4932489760895521,-0.6705144975402977,0.8323966865774451
1768915937.6480663,0.4889087231249506,-0.6689486840061463,0.8285674875236323
1768915937.6680422,0.48921151941895336,-0.6799490423062711,0.8376506496537898
1768915937.6880467,0.48354825926693545,-0.6794952352784396,0.8339860273446944
1768915937.707957,0.48370832573889,-0.6902722267400616,0.8428816591893569
1768915937.7279549,0.4768894181558072,-0.6899373440500067,0.8387115450879175
1768915937.7479594,0.47670282206122006,-0.7006101543114251,0.8474079117434591
1768915937.7679558,0.4784304666840732,-0.6841314437135164,0.8348242591881722
1768915937.7880483,0.47837019840338324,-0.6942258824694072,0.843082215807521
1768915937.8080626,0.4799285511607041,-0.676574784440092,0.8295088023398965
1768915937.8280356,0.4799991176950281,-0.6860338780045279,0.8372822909616188
1768915937.8479967,0.4593485961046323,-0.6998689532822269,0.8371485438747752
1768915937.8682132,0.45898844169760555,-0.7094583285502978,0.8449861002178548
1768915937.888167,0.4615022909610489,-0.6909508423148605,0.8309015772387918
1768915937.9089282,0.46125339144461197,-0.6998630097091301,0.8381902668715966
1768915937.9279034,0.4524138287521523,-0.6949137158470862,0.8292064549426679
1768915937.9479399,0.45893190345417567,-0.6817102882863768,0.821795235544456
1768915937.9680157,0.4585212733169606,-0.6899892834211396,0.828448531485345
1768915937.9879494,0.44813248721118404,-0.6871919596633695,0.8203996072159373
1768915938.0080726,0.4476178361959572,-0.6952327606194011,0.8268677758379657
1768915938.0283706,0.429174543049338,-0.7077302604354312,0.8276913131944852
1768915938.047926,0.42808637967688645,-0.7156319252951793,0.8338986754795503
1768915938.0679536,0.42974597279268434,-0.7004506058964388,0.8217740884405025
1768915938.0880435,0.4288169445808492,-0.708074512679433,0.8278003910761771
1768915938.107953,0.4171442592242368,-0.7066271734871652,0.8205676665054489
1768915938.1280468,0.41610597540941974,-0.7140889807786479,0.8264788292756886
1768915938.1480339,0.416883107801827,-0.6989341390227004,0.8138184418295725
1768915938.1680067,0.415842168377073,-0.7058924890627409,0.819273406815904
1768915938.1881256,0.416367192452065,-0.6905164552704441,0.8063340585326123
1768915938.2080557,0.41523732507236555,-0.6969721660742234,0.8112904759797493
1768915938.2280278,0.4002770911092003,-0.6965433145640265,0.803364387268121
1768915938.2482326,0.39893526844189586,-0.7029569943888987,0.8082684482070802
1768915938.2679949,0.3841421948837861,-0.7032689551348756,0.8013441515021074
1768915938.2880454,0.3825433287988649,-0.7094837759937356,0.8060438119648619
1768915938.3080184,0.38101262793642277,-0.7157845665067732,0.8108749399853891
1768915938.3280866,0.3592322177392261,-0.716130993967834,0.8011812446526695
1768915938.3480306,0.5174229481626645,-0.27156023228846493,0.5843555998242067
1768915938.368158,0.5693817867336195,-0.25325197026406343,0.6231630440796365
1768915938.388061,0.57156847315671,-0.25043234542193993,0.6240247424102882
1768915938.408214,0.5944964826114388,-0.23965634369185196,0.6409845793068035
1768915938.4279437,0.5969485896259276,-0.2365804063839274,0.6421198543427608
1768915938.4480507,0.5946349257589592,-0.23927257669471658,0.6409696255599729
1768915938.4681969,0.59691607284302,-0.23612650785824485,0.6419225231534279
1768915938.4879725,0.5696232740496138,-0.22724420928640576,0.6132785704663136
1768915938.507997,0.5714595830626755,-0.22414896817642926,0.6138475502995225
1768915938.5280352,0.5441351157741205,-0.22721296622170506,0.5896683442731018
1768915938.5480204,0.5451439159678719,-0.22399020480748888,0.589367034170123
1768915938.5680397,0.5125916050730237,-0.22888486384990436,0.5613719217158335
1768915938.5882235,0.5129916637058745,-0.22581371029635555,0.5604928891516175
1768915938.608175,0.487830691649628,-0.20964856884322103,0.530972038937424
1768915938.6284962,0.466361303750353,-0.20621450138952113,0.5099189016099107
1768915938.6481283,0.46610177143122156,-0.20317687753249203,0.5084601310773303
1768915938.6680722,0.4658868372480365,-0.20017089149888,0.507068960718791
1768915938.6880562,0.4834413525057213,-0.23813128871411138,0.5389082036647842
1768915938.7079492,0.4952356573318376,-0.20977890968975466,0.5378341261425492
1768915938.728307,0.4955003013621959,-0.2068975950729044,0.5369610446736136
1768915938.7479353,0.47115453199193824,-0.1996537317225524,0.5117110567569195
1768915938.7680705,0.47064505505822996,-0.19648522741345786,0.5100129532104872
1768915938.788144,0.44936612058848513,-0.21168109452288064,0.49672809072081847
1768915938.808002,0.4485975898122021,-0.2090136536258118,0.4949005000879748
1768915938.8279383,0.44410375340226826,-0.21473583730240442,0.49329466205093625
1768915938.8479846,0.44340283613448495,-0.2123263823881114,0.4916183151085071
1768915938.8680096,0.4444662174981543,-0.21772527930756524,0.4949287986636804
1768915938.8880627,0.44379827426864726,-0.21546270015833535,0.4933366836181455
1768915938.9080093,0.4494347515460262,-0.2219900496942948,0.5012695662620201
1768915938.9281907,0.4489352451004144,-0.21993051784084727,0.499912279276187
1768915938.9479196,0.45616961618674123,-0.22660224397599293,0.5093518388176431
1768915938.968217,0.455730308163113,-0.22462324741103146,0.5080804238070222
1768915938.9879577,0.46422576822663686,-0.23145865142887345,0.5187279356337808
1768915939.0089262,0.4817567814357201,-0.2252904140356211,0.5318320854514569
1768915939.028018,0.48178260408379514,-0.2267769340465211,0.5324868593808706
1768915939.0479746,0.4817463180462508,-0.2312909568702537,0.534392198372204
1768915939.068001,0.49652596908724556,-0.24197973852441912,0.5523515473268583
1768915939.0879617,0.5065467161279968,-0.2534417629425505,0.5664117784999578
1768915939.1081614,0.5071335193413048,-0.25979340542838614,0.5698043698881007
1768915939.1281607,0.5215823716390109,-0.2708085522234498,0.5876950249593205
1768915939.147904,0.5225435218852409,-0.27644615079587354,0.5911634347235002
1768915939.1680124,0.5705635560932243,-0.2991743972443519,0.6442422615043716
1768915939.1879733,0.5723580978596681,-0.3097584750848874,0.6508026621583936
1768915939.2080257,0.5916084666019529,-0.32304075508834984,0.6740592757340894
1768915939.2280378,0.5938644409435484,-0.32972498260056327,0.6792595515472234
1768915939.248007,0.5552273131503768,-0.32778785004855493,0.6447652626403197
1768915939.2679796,0.5566982398724536,-0.33525639800886076,0.6498536625140798
1768915939.2880833,0.5717789790854045,-0.3689283262804466,0.6804699191412058
1768915939.3079286,0.584694662164364,-0.38821932378194823,0.7018419275885511
1768915939.3279421,0.5864519595392076,-0.4154018466883187,0.7186686267532776
1768915939.3479648,0.5989529883643644,-0.42585169712982385,0.7349111172236774
1768915939.3681378,0.6009051827224501,-0.459692476660992,0.7565739961969469
1768915939.387983,0.5826126474154288,-0.4517811357992425,0.7372541567142693
1768915939.408018,0.5841448277849988,-0.48942324918333213,0.7620763063297112
1768915939.4279797,0.5858948720237873,-0.5105462220400305,0.7771294910779788
1768915939.4479887,0.6033006857412178,-0.5044906514310945,0.7864366057077923
1768915939.467944,0.610392425761727,-0.5136674283344416,0.7977675979625922
1768915939.4879756,0.6125536767293464,-0.5324042305536878,0.8115887330329968
1768915939.5079126,0.6373346189428991,-0.498512501522816,0.809141601129015
1768915939.528306,0.6398443656444579,-0.5407833519484004,0.8377633591841471
1768915939.548124,0.6270309459046071,-0.5719683135811007,0.8487140618976655
1768915939.568116,0.5862313554253024,-0.5041546764369969,0.773200581904256
1768915939.5879295,0.5875731043092971,-0.5520013125763654,0.8061932783109113
1768915939.6080422,0.58901917825223,-0.5851099393545667,0.8302392627914179
1768915939.6280131,0.6192338081712042,-0.5804425097190293,0.8487426089640706
1768915939.648022,0.6082645703893707,-0.5845559669127418,0.843618080676473
1768915939.6680317,0.6100680063020169,-0.607688494443142,0.8610855233900349
1768915939.688002,0.6150541235697731,-0.5937590837456863,0.8548926391370432
1768915939.708024,0.616900817149991,-0.6239586171206604,0.8774343132562423
1768915939.7280893,0.6034081495390983,-0.5836260943644085,0.8394765112576125
1768915939.7482054,0.6049530041339799,-0.6279396108583057,0.8719382386933191
1768915939.7680776,0.582835953636536,-0.6530392593494412,0.8753045316363197
1768915939.7880595,0.5838704884568,-0.7146456939773778,0.9228343379020907
1768915939.8080103,0.5849723555329966,-0.7564731723593461,0.9562658193395995
1768915939.8282301,0.5751364590777843,-0.7030417927698238,0.9083224696887884
1768915939.8480575,0.5806610685584698,-0.7043106702064463,0.9128092882448763
1768915939.8682466,0.5816534158958404,-0.7473485272344771,0.9470219202229911
1768915939.8881273,0.5916398580772425,-0.7407526932806974,0.9480254607700505
1768915939.9087603,0.5928507621318102,-0.7936842680947862,0.9906597516712914
1768915939.9280398,0.5780327984959711,-0.7671790968682934,0.9605652933604952
1768915939.9483802,0.5860799047799022,-0.7010830005627398,0.9137871899216325
1768915939.967929,0.5870422167637306,-0.7926838005404928,0.9863904763845779
1768915939.9879177,0.5685321911365494,-0.7671187927725267,0.9548298772992521
1768915940.0081546,0.5692194935653079,-0.8049903675474894,0.9859109106298539
1768915940.027937,0.553016322583557,-0.8141628040118309,0.9842195509540784
1768915940.048054,0.5534049180356732,-0.82413252720416,0.9926990609958214
1768915940.0680487,0.5076291022588563,-0.7806679599051787,0.931198028929747
1768915940.0879426,0.5070796409358239,-0.8606679959876136,0.9989390179430069
1768915940.1079028,0.4575541015637322,-0.8109009524680815,0.9310832994804685
1768915940.1280265,0.45609069194441165,-0.8720927693734275,0.9841567546238487
1768915940.1483715,0.4784694641136332,-0.8680678731937714,0.9911986988290213
1768915940.1679676,0.47750254968253947,-0.920832790637423,1.037276102716355
1768915940.1879973,0.4764991169798287,-1.0199405884285149,1.125757617076812
1768915940.208146,0.47944409592524617,-0.8918057449422214,1.0125137667358044
1768915940.2280772,0.47944068210049395,-1.0263972089044024,1.1328524167338545
1768915940.2480824,0.4785796205043833,-1.0470608007943962,1.1512492231147529
1768915940.2679892,0.42274849187647856,-1.0044730846664134,1.0898084534463368
1768915940.288569,0.36224217039766193,-0.922487476972961,0.9910613175713943
1768915940.3081744,0.3592146993108535,-1.0404177974497006,1.1006836027901357
1768915940.32854,0.3421797543609173,-0.9664855050058136,1.0252712888210809
1768915940.3480597,0.3389257374725635,-1.062129333273779,1.1148943340612703
1768915940.3685331,0.3355552959143201,-1.0796656871414942,1.1306083993173153
1768915940.3879619,0.3288085820645802,-1.0862073970996384,1.1348839558092676
1768915940.4082048,0.325388024264321,-1.185186261412344,1.2290418384152786
1768915940.4279494,0.34042499724488695,-1.0804981811430654,1.1328572276340272
1768915940.447958,0.24724650153203076,-0.9896491674912973,1.0200668150842112
1768915940.4679961,0.24247484504344285,-1.0466529906165256,1.0743726230900332
1768915940.488142,0.15317867918349715,-1.0498195002007495,1.0609357618433608
1768915940.5080426,0.14679306204221532,-1.0800879634164389,1.090017528198882
1768915940.5280783,0.24059284006887205,-1.0402487701244212,1.0677089577397845
1768915940.548099,0.23607815445555502,-1.142898213843143,1.1670258018642892
1768915940.568292,0.23157915781935934,-1.2482073344819247,1.2695079583014812
1768915940.5882432,0.22710222770403998,-1.325962020865374,1.3452697508698856
1768915940.6080596,0.17076334333586973,-1.3218240712049063,1.3328086864377637
1768915940.6281223,0.10002207873565294,-1.2845947128950268,1.2884828258973642
1768915940.6480556,0.16240424187184366,-1.2235019113466876,1.2342333915621333
1768915940.6679468,0.15704379531822643,-1.269140883727566,1.2788202908918593
1768915940.6880322,0.06549876367663632,-1.2126598795806123,1.21442746658153
1768915940.7080615,0.05850034134377491,-1.2414428308917147,1.242820418366939
1768915940.7281196,0.039083189276145736,-1.2673050515734108,1.267907563439654
1768915940.7480745,0.03184933258141043,-1.3471743422158236,1.347550773926726
1768915940.7682312,0.0908425209351057,-1.3380747668996005,1.3411548924055212
1768915940.7882688,0.08483643895218673,-1.469766009244494,1.4722123974836558
1768915940.808033,0.09161582091145937,-1.3377114776596377,1.3408450529809968
1768915940.8280876,0.08584991901323791,-1.4185478304613532,1.4211432566427609
1768915940.8479621,0.04439905478801909,-1.3835079594657733,1.3842201956232316
1768915940.8679385,0.05122233674480525,-1.313218707512485,1.3142172961661858
1768915940.8880289,0.04502994786843062,-1.393106998985612,1.3938345693904035
1768915940.9080343,-0.04664958229832106,-1.3128817679202678,1.3137102877217852
1768915940.9281483,-0.05453177520445662,-1.3742403873815086,1.375321910251352
1768915940.9480143,-0.06232128963723249,-1.4007483462948267,1.4021340423760273
1768915940.9681368,-0.027325943732547264,-1.3862354774604269,1.3865047804356148
1768915940.9883342,-0.08006467272936191,-1.428786652646461,1.4310281795268527
1768915941.0082903,-0.08799272684439696,-1.549552373604219,1.5520487358713906
1768915941.0279377,-0.10095987476061674,-1.4555081759010795,1.4590054648378008
1768915941.0481544,-0.10907027083060716,-1.5768120342649032,1.5805798035473198
1768915941.0683453,-0.1070009689665784,-1.4426831280950685,1.4466457117933051
1768915941.088341,-0.1148558084729987,-1.5256514661461908,1.5299687097761208
1768915941.1079586,-0.10299384110545551,-1.5028326101803149,1.5063577216342188
1768915941.128096,-0.11055172866458329,-1.6258798430216563,1.629633992237169
1768915941.1482244,-0.11799893933306371,-1.6505690405517113,1.6547815285745502
1768915941.167962,-0.08794459729916193,-1.8068865102440386,1.8090254594935893
1768915941.1880057,-0.09992390641742899,-1.5266277136728652,1.5298944287851233
1768915941.2079468,-0.10677856668898345,-1.6050422151315025,1.6085901201544146
1768915941.2279432,-0.06259683382442038,-1.53257718529168,1.5338550102540365
1768915941.248013,-0.06848525842086917,-1.5898171089042177,1.5912915101845853
1768915941.2681096,-0.1669521037440952,-1.6503845491902096,1.6588074527052108
1768915941.2880192,-0.1746352688109143,-1.749347317496118,1.7580425234741976
1768915941.3078938,-0.1333228120338098,-1.6531749814486574,1.658542279080148
1768915941.328155,-0.1400903999172155,-1.7086861233696489,1.7144193152041203
1768915941.3484344,-0.14690418653688142,-1.662972769400744,1.669448792802715
1768915941.3688412,-0.17169552862896698,-1.6682287777368714,1.6770410279479258
1768915941.3881123,-0.1785632095123889,-1.7655058542653306,1.774512817997244
1768915941.4081872,-0.18559926317815056,-1.7800544955684834,1.7897041916713052
1768915941.4280016,-0.14907017343497841,-1.7495145848880753,1.7558539800746613
1768915941.4480493,-0.08319792528152858,-1.6535398624019437,1.655631592874269
1768915941.4679277,-0.08807833693051603,-1.702251039955573,1.7045282034822058
1768915941.4880064,-0.09926916726225243,-1.6113583587397793,1.6144132456869573
1768915941.5081625,-0.10439171650395196,-1.7156405882996808,1.7188136195341006
1768915941.5280876,-0.048932636018212516,-1.6495394488300295,1.6502650684402698
1768915941.5479739,-0.052789159339646674,-1.7129903512783402,1.713803559022001
1768915941.5680308,0.013083913818873971,-1.682118163151795,1.6821690472737836
1768915941.588071,0.010584651267001921,-1.683968075553228,1.684001340357212
1768915941.6081312,-0.025302149314395894,-1.6393417163925825,1.639536965690285
1768915941.628131,-0.028588873348919575,-1.719827313041123,1.7200649145778217
1768915941.6479678,-0.04389713158861541,-1.6000777936639947,1.6006798255548627
1768915941.6680365,-0.006329468968615748,-1.596869638044263,1.596882181967424
1768915941.6887631,-0.009192003971591811,-1.6887298040106533,1.68875482053816
1768915941.7079432,-0.011855742046187001,-1.8083951107757277,1.80843397316491
1768915941.7279394,-0.014624533666136585,-1.9041115002260298,1.9041676612835263
1768915941.747987,-0.04533269606814205,-1.6352889736104141,1.6359171985600642
1768915941.7679844,-0.048580681638584755,-1.6857316052654752,1.6864314772973685
1768915941.7880578,-0.06075007093665663,-1.5129030334689677,1.5141222407052917
1768915941.80817,-0.06405216153387339,-1.4800150007192743,1.481400378611817
1768915941.8280532,0.017429491468992753,-1.5949517633385908,1.5950469944643473
1768915941.8479989,0.015612214480593689,-1.644440224402656,1.64451433343539
1768915941.868371,0.12392579713561847,-1.5916706448132407,1.5964877214547866
1768915941.8879437,0.12408774106165632,-1.701300487322034,1.7058197781840774
1768915941.9079568,-0.03496972070600057,-1.6434248490987797,1.6437968597127817
1768915941.9281096,-0.03783740136546421,-1.7293405715180226,1.7297544569216674
1768915941.9480016,-0.02102109381253059,-1.4913315055395646,1.491479649810878
1768915941.9682536,-0.023538611239467433,-1.5721162517220213,1.5722924585291316
1768915941.988046,-0.030279189267000794,-1.6132205295277382,1.6135046656865988
1768915942.0081255,0.04368505953743529,-1.384682049454585,1.3853709837110562
1768915942.0279396,0.04277096659291002,-1.3608698459035473,1.3615418073172914
1768915942.0481737,0.032789659774422164,-1.4919878252792662,1.492348093632875
1768915942.0680091,0.031659545378273424,-1.4922319366332428,1.492567747045928
1768915942.087966,0.03051451923816062,-1.4909751393284711,1.4912873639845172
1768915942.1080103,0.02927270332404086,-1.529821469161626,1.5301015060013938
1768915942.1280572,0.05520977988601217,-1.4112992575812724,1.4123787432004604
1768915942.1480224,0.05441566888350091,-1.4667824160423146,1.4677914433021362
1768915942.168304,-0.07900594347788958,-1.5435572809332263,1.5455778914783966
1768915942.188024,-0.08212731963159281,-1.5213723445486096,1.5235874465836226
1768915942.20818,0.11560549898890937,-1.726946157255874,1.7308112726283316
1768915942.2280378,0.11624248760463918,-1.7467554831087666,1.7506190429945219
1768915942.2479858,0.2052431008159633,-1.5797739700984588,1.5930506981992751
1768915942.2684474,0.2077496631135317,-1.5137707220560346,1.5279599868706755
1768915942.287955,0.33636925644392834,-1.7224653679788702,1.75500177224048
1768915942.3085217,0.3413396575690619,-1.6754922640761603,1.7099085030516756
1768915942.328328,0.2661324127143343,-1.6515033482741144,1.6728089461913347
1768915942.34813,0.2691846435352353,-1.6857630766696081,1.707119656900996
1768915942.3679588,0.40900918215291304,-1.6314327648991611,1.6819219296602077
1768915942.3879414,0.37731461620413564,-1.0791965095357572,1.1432547510487048
1768915942.4080863,0.38245385574848745,-1.0401704166066477,1.10825333176153
1768915942.4280071,0.38752283716779357,-1.021219498067544,1.0922743302668532
1768915942.4484127,0.24275234943364865,-1.371061857255314,1.3923861962745634
1768915942.4682143,0.24470279996264388,-1.437788780732573,1.4584635882702102
1768915942.4880576,0.461960461300289,-1.1229629943038244,1.2142707088539142
1768915942.507951,0.3405072641150909,-1.451798727093017,1.491195741981598
1768915942.528038,0.3442494130949145,-1.4769340576137742,1.5165229536527565
1768915942.5480437,0.3426809352513166,-1.289939865633925,1.3346816400686665
1768915942.5680718,0.3466159069717405,-1.2298656133463641,1.277776198658306
1768915942.5879452,0.45343095849834114,-1.3326487997740966,1.4076762616681666
1768915942.6080477,0.45932885993610384,-1.2737078599412186,1.353999525127775
1768915942.627947,0.45091468092609444,-1.2462591626935176,1.3253248469987382
1768915942.6482728,0.4562637371633643,-1.2663134018260491,1.346003799955461
1768915942.6679955,0.29244340260119706,-1.0689798456961865,1.1082603729402258
1768915942.6887698,0.4445574125554167,-0.5822500348491513,0.7325615306169201
1768915942.708186,0.4492399044873533,-0.6318343417367167,0.7752619732591535
1768915942.7279303,0.25480474656301144,-1.022159610434219,1.0534399499136506
1768915942.747942,0.2559264199250729,-1.034589664399089,1.065773946996775
1768915942.768065,0.33406270565555696,-0.702651344162958,0.7780210811822023
1768915942.7879694,0.33679079941868917,-0.6697388316400295,0.7496520160578716
1768915942.8082345,0.5163336013102705,-0.6023051927503431,0.7933296496766407
1768915942.8281248,0.5225850880728455,-0.5290566897002442,0.743637112570832
1768915942.8480082,0.52876563867209,-0.47555884697007755,0.7111605427551595
1768915942.867939,0.7688811601207495,0.2051917992960739,0.795790118616077
1768915942.8880756,0.3968290514821613,-0.6183357096617712,0.7347192293272023
1768915942.9080093,0.3997663457117039,-0.6493253541934454,0.7625198664704631
1768915942.9283946,0.5494212234248983,-0.37041109126053406,0.6626221074477758
1768915942.9481983,0.5552440835363699,-0.395898467410305,0.6819322464878542
1768915942.9679985,0.46825464609961953,-0.5388144567036743,0.7138511275796625
1768915942.9879677,0.45108218144281675,-0.5370715144352651,0.7013707621743293
1768915943.0079267,0.4547204925245516,-0.5431377744610515,0.7083568086552673
1768915943.0279324,0.44286969154040656,-0.3691548217964158,0.5765490838954116
1768915943.0479653,0.4464649838649284,-0.3112264018394004,0.5442360287774145
1768915943.0680683,0.4754586257662148,-0.06368611391295431,0.4797049363106776
1768915943.0881093,0.4795462559266034,-0.0026776866135609367,0.4795537316910628
1768915943.1079495,0.5505698127768427,-0.04852822342528995,0.5527043578713149
1768915943.1284914,0.5559940459455063,-0.004427217285440932,0.5560116719815748
1768915943.1479893,0.34396197241353266,-0.2951869214864402,0.453260584082986
1768915943.1682599,0.3450182704897101,-0.2768146388384256,0.4423391812251756
1768915943.1879563,0.48118967240504384,-0.23595905444983067,0.535929264181507
1768915943.208064,0.48498393789279737,-0.17837593516295414,0.516746934445927
1768915943.228123,0.4882619217404429,-0.24014007418682404,0.5441203538300362
1768915943.248017,0.46603430193781814,-0.01060447170539014,0.46615493712157535
1768915943.2679987,0.45595734180335556,-0.19945078211546274,0.497672293814767
1768915943.2884815,0.459009333441608,-0.15813527536971606,0.485485667659474
1768915943.3079631,0.39985179038842567,-0.39328758230328376,0.5608534359980258
1768915943.3282251,0.4016813841909097,-0.33633635439141685,0.5238989193449762
1768915943.3479342,0.30554505493494366,-0.298540085843193,0.42718141749198174
1768915943.3679717,0.30547681629797974,-0.26325463580777964,0.40326057155372425
1768915943.388007,0.4087073991945954,-0.1290274538170646,0.4285905061885122
1768915943.4079573,0.46240282221417794,-0.01475548071419297,0.4626381893042808
1768915943.4280694,0.4653942378870589,0.04378462857349774,0.46744934523196796
1768915943.448054,0.4720489013712712,0.012622176792721262,0.4722176242293492
1768915943.4684815,0.47485915708564097,-0.026176046457806024,0.4755800715718087
1768915943.4880378,0.45982588927794976,-0.014726136235658771,0.46006163449986626
1768915943.5081103,0.4621762114330311,-0.09661897923963458,0.47216742535238365
1768915943.528153,0.49134844787656773,0.17683291952480218,0.5222003242610802
1768915943.5479474,0.49406744225479027,0.07743140660235426,0.5000982505714349
1768915943.5680435,0.5009536916789397,0.21785121421983433,0.5462725992980193
1768915943.5879734,0.5038991410966418,0.16077163072821676,0.5289251947534201
1768915943.6080253,0.5072938898810017,0.24454410518912262,0.5631597553921502
1768915943.6279483,0.4994415431710024,0.055608956496300266,0.5025278212075822
1768915943.6480894,0.5315134561048017,0.20362394057595168,0.5691829786598943
1768915943.6679728,0.5349582485101724,0.183353569358486,0.5655076118369836
1768915943.6879363,0.5109404053826825,0.14588325481086706,0.531358656546435
1768915943.708002,0.5135761261263655,0.023288395125124595,0.5141038675933769
1768915943.7283244,0.5591971397557611,0.19551368951239745,0.5923909552801886
1768915943.7480035,0.5628266890051591,0.1516712707179675,0.5829048431928775
1768915943.7680786,0.604917958457164,0.25732492564623044,0.65737497200823
1768915943.7883987,0.609301795770694,0.15697567755384156,0.6291979352102803
1768915943.8079967,0.6817539311956183,0.22222421107436574,0.7170578935401968
1768915943.8279657,0.6875235097698515,0.1819788280876331,0.7111995995206996
1768915943.848027,0.6859136509395318,0.25752725894856354,0.7326648794959114
1768915943.8680456,0.6364536356682102,0.11490033698012425,0.6467420798072667
1768915943.8880794,0.641290655712557,0.1737569512653181,0.6644134128818137
1768915943.908184,0.6179530696894576,0.1053082419345408,0.6268618844354532
1768915943.9284115,0.6223120611684315,0.16364474258365647,0.6434686497809919
1768915943.9481196,0.7316205778142839,0.2737508094380132,0.7811582269612695
1768915943.9679708,0.7378327721034114,0.29071689570029946,0.7930406755239124
1768915943.9879317,0.7442219762784937,0.36864447919281673,0.8305209822847404
1768915944.0079732,0.899646888956408,0.7915318574232124,1.198285110532875
1768915944.0279748,0.7652778228654774,0.3809776966044005,0.8548649902058919
1768915944.04821,0.7715044697719358,0.3626792846209703,0.8524995075489806
1768915944.0679636,0.8037668883338108,0.3501652267071762,0.87673080063193
1768915944.0886335,0.8020578920529144,0.5826866783734452,0.9913731019945232
1768915944.1079347,0.8084152354588893,0.5513225890687465,0.9785150944873142
1768915944.1279714,0.7993154530001332,0.5546223661523939,0.9728880523684563
1768915944.1479692,0.8055988397699573,0.5313199815545957,0.9650338923778156
1768915944.1680415,0.8120053137757649,0.5650642719478931,0.9892675376419066
1768915944.1880352,0.8608554633191711,0.6978551965735456,1.1081850044605217
1768915944.208036,0.8573072539966168,0.8243003355878962,1.1893051631122846
1768915944.227949,0.8643426642574327,0.8799547661639799,1.2334539439113004
1768915944.2479963,0.8846928236028075,0.9227001803578325,1.2783023957447177
1768915944.2682896,0.8920341809003257,0.9291692169359216,1.288052954499864
1768915944.2879822,0.8542606505589566,0.7190482374921814,1.1165982388191484
1768915944.3080115,0.8605925652883241,0.6871378560329795,1.1012620018066264
1768915944.32797,0.8688394356672284,0.7123813434755455,1.1235520208261702
1768915944.3480368,0.875183442546258,0.6659225156732695,1.0997267183203905
1768915944.368,0.8816266856693835,0.6886797116112113,1.1187248804193475
1768915944.3880289,0.8771274215432799,0.7582454830375376,1.1594346579993162
1768915944.4079387,0.8613058700573508,0.7008682248315239,1.1104341810182816
1768915944.4280977,0.9003187424549044,0.836314474238808,1.2288188384936627
1768915944.448014,0.9068554274090644,0.8987226462233551,1.276749451167294
1768915944.468318,0.9134907635687481,0.9485396644810287,1.3168875693160738
1768915944.488024,0.9431732019663455,0.9976730843795849,1.372926535617592
1768915944.5080638,1.031924764716754,1.1883598615610147,1.57387035063408
1768915944.5279355,1.0404361376838491,1.2387824593151429,1.6177420493098889
1768915944.5481515,1.010674395206561,1.4153502730740755,1.739160466609395
1768915944.5679643,1.0184832842256384,1.4392966668918135,1.7632025112201168
1768915944.588347,0.8923547940299352,1.065957230606859,1.3901661396794458
1768915944.6080832,0.8975545645241495,1.1128967997643286,1.4297354591755147
1768915944.6279747,0.8060023815813091,0.9809094611377844,1.269575996175243
1768915944.6479447,0.8093992973321005,0.9538342378287616,1.2509704136293842
1768915944.6679547,0.8062576463535877,0.9314521453284428,1.231931203980395
1768915944.6883283,0.8096072744668579,0.9509569859413212,1.2489127783717549
1768915944.7082205,0.7889729492586807,0.9053401023661145,1.2008825985974763
1768915944.7281234,0.791859118432496,0.8969842775854957,1.1965039313267063
1768915944.747913,0.8071395994241193,1.1927931489527843,1.440218674072527
1768915944.767933,0.7352687073687536,1.0835923277239843,1.309500822732846
1768915944.7879455,0.7369752704190327,1.149627506790278,1.3655679966878387
1768915944.808006,0.7217757961646063,1.13444528384559,1.344591537221826
1768915944.8279712,0.7231691825249559,1.2001121708073619,1.4011576960049041
1768915944.8479412,0.7080481554604604,1.1247890632952853,1.3290909025945687
1768915944.8682203,0.7091678786314394,1.153106183993664,1.353725582105563
1768915944.8881612,0.6564861396422308,1.1177172243124538,1.2962506875859678
1768915944.9080346,0.6565742452645775,1.129896466243192,1.3068112962373728
1768915944.927983,0.6886404494230517,1.021053105444345,1.2315742416594802
1768915944.947925,0.6893941074090361,0.9826156840148883,1.2003323780529909
1768915944.9681954,0.6900840526055777,1.0610354813038683,1.2657062424774042
1768915944.987984,0.5779657640714149,0.8021736173023584,0.9886996190626377
1768915945.008159,0.5055021416792388,0.8804243944079388,1.0152238814719061
1768915945.0280483,0.5027345281043757,0.906043420453944,1.0361740613894037
1768915945.0480509,0.5297751729490489,1.154963880406342,1.2706704131742699
1768915945.0680246,0.5275985285958674,1.185368304247664,1.2974814927741771
1768915945.0881467,0.4278125929254257,1.2928682756620375,1.3618120255302881
1768915945.1081784,0.4238109646218928,1.3030720562834759,1.3702600182449263
1768915945.1285486,0.41964248620381084,1.3860193814126092,1.448153839161678
1768915945.147954,0.5061973676348166,1.3687355060772468,1.4593398029920772
1768915945.168025,0.5038962939425109,1.4167240610241016,1.5036683610868522
1768915945.18803,0.5261516101556003,1.5645127519994695,1.65061675383424
1768915945.2081575,0.5243815899852939,1.5852713322638934,1.6697488580062705
1768915945.2280607,0.4523059990526589,1.7735269216933638,1.8302946371418352
1768915945.248194,0.4491921125117829,1.8112491659846128,1.8661181889748444
1768915945.268091,0.37314175584868803,1.820566601177667,1.8584126342880487
1768915945.2879982,0.3685739164758608,1.9090498884734792,1.9443040422184383
1768915945.3080416,0.42986266381368576,1.9776900600326641,2.023867555768658
1768915945.3280709,0.42654647657171985,2.057878628746611,2.1016199340812745
1768915945.3480008,0.3542389406784632,2.1074566140736692,2.1370209655723675
1768915945.3679705,0.3495829656792,2.197894581635783,2.2255221503901055
1768915945.3880033,0.458579928696507,2.020760077458899,2.0721406423442854
1768915945.4079816,0.4563159854689044,2.0518740523690475,2.1020017615073097
1768915945.4279919,0.29716433639197093,1.898556704420411,1.9216722412323524
1768915945.4479532,0.32214872164483666,2.28516830330641,2.307763846950918
1768915945.467934,0.31742665138644577,2.3359482865082555,2.3574168227641175
1768915945.4880195,0.3126786517262389,2.3972252011739847,2.417531096881484
1768915945.5079625,0.3156352867142982,2.5204759259801612,2.540162303409916
1768915945.5279047,0.3128164415233269,2.621760969824571,2.6403569283304846
1768915945.5479257,0.30818670577965623,2.7036125118219303,2.721121029961623
1768915945.568031,0.23384413346480426,2.7599130190874845,2.769801969759661
1768915945.5880446,0.22778954729238043,2.8727733403183393,2.8817901975507265
1768915945.6080854,0.32931674204012906,2.844324877135918,2.8633256055297274
1768915945.6280515,0.3254187678441315,2.932056801752651,2.9500600778914956
1768915945.648188,0.2708795199799676,3.0645516427197776,3.0765000382319294
1768915945.668554,0.26583164738626563,3.172585129244627,3.1837026976550815
1768915945.6879663,0.06133505402103834,2.5914264507514844,2.5921522020333216
1768915945.7079053,0.05272221386094866,2.647752436090631,2.6482772880984857
1768915945.727927,0.14156215999844324,2.521291480256984,2.5252624761715126
1768915945.7479842,0.1350083036917452,2.543472477250681,2.547053098111117
1768915945.7686799,-0.019937143006468316,2.554429217413059,2.5545070202379074
1768915945.7879615,-0.029198582262358608,2.590977162953422,2.591141681991221
1768915945.80808,0.0845637394446449,2.777997298736139,2.779284083683089
1768915945.8284028,0.07735755396329991,2.8317243702965875,2.832780806996332
1768915945.8480911,-0.06771386309372962,2.332942718252422,2.3339252117199636
1768915945.8683872,-0.07783339768971165,2.407467807155843,2.4087256548406852
1768915945.8882775,-0.07656901578364173,2.280410673383404,2.2816957845994774
1768915945.9079514,-0.13166867092215784,2.271122888346543,2.274936441502037
1768915945.928033,-0.14244767662560176,2.3520469669167454,2.3563565679154532
1768915945.947977,-0.18978241572763466,2.226037889189133,2.234113257967247
1768915945.9681656,-0.20102583982995081,2.268077512503197,2.2769688164316233
1768915945.9879847,-0.23520638149230133,2.1124607477509727,2.125514632432179
1768915946.008062,-0.2468695337999911,2.1594816053514307,2.173546726106853
1768915946.0280273,-0.33204460340591124,2.027645662192601,2.0546533892750527
1768915946.048133,-0.3452100212426623,2.092232957832806,2.1205208578573735
1768915946.0679972,-0.3870600764170089,1.9472322103248025,1.9853283818256255
1768915946.0884762,-0.4010006578536125,2.0041852548013104,2.0439080368651674
1768915946.1081028,-0.41686548964443504,1.8778298144884147,1.9235440334544172
1768915946.1279948,-0.49738942107091855,1.87112928211792,1.936109766152835
1768915946.148078,-0.5125253890236694,1.9318458493678108,1.9986772275966675
1768915946.1679604,-0.5394345330052102,1.8199560377519681,1.8982174782538466
1768915946.188035,-0.5547848701911634,1.8783238845410573,1.9585420259546216
1768915946.209173,-0.5258676418002148,1.771614905321254,1.8480141096455285
1768915946.227917,-0.5392456591990384,1.8132958265253976,1.8917789605182287
1768915946.248098,-0.553591591748452,1.864437413043511,1.9448883046619836
1768915946.2679558,-0.38579322167306784,2.3758977965323353,2.407016150642968
1768915946.2885184,-0.3968351242985825,2.4377878939170046,2.4698760964075457
1768915946.3079596,-0.41767414732859065,2.399738541364247,2.4358154199888933
1768915946.328032,-0.36674659675658183,2.467112059481522,2.494222319736493
1768915946.3483627,-0.37645865711215265,2.519971209909464,2.5479356387646948
1768915946.3682046,-0.527186867975926,2.2997753276355937,2.359426318274777
1768915946.3879628,-0.5395162613786368,2.356165531424203,2.4171457977878537
1768915946.4083304,-0.6002122023667801,2.4188454188846116,2.4922014060522986
1768915946.4279737,-0.6136127127073906,2.482740329440297,2.5574440569884294
1768915946.4479449,-0.38813480701176517,2.855540927553605,2.8817985039464094
1768915946.4679856,-0.3970120822880381,2.9248268767156596,2.9516488362000253
1768915946.4880767,-0.42275641910061146,3.0782214795929335,3.107116101357991
1768915946.507975,-0.43183705079679424,3.148846410125408,3.178319831766549
1768915946.528238,-0.4445324552236434,3.2190042387475195,3.2495534143666047
1768915946.548033,-0.45364074846559665,3.292458126234841,3.3235629137535923
1768915946.5682118,-0.5743529678141776,2.7688497371564615,2.8277924603104028
1768915946.5879598,-0.5854751561046176,2.833429440192596,2.8932859435192113
1768915946.608165,-0.4944089056658133,2.975533530663288,3.0163288875888847
1768915946.6281214,-0.5037200163085317,3.045003086196502,3.086385855620792
1768915946.648358,-0.5134495307053566,3.1187483608163156,3.1607312063312194
1768915946.6683078,-0.43344270570263277,3.431115582694467,3.458384987380036
1768915946.6879647,-0.4309666798969727,3.4422310372259446,3.4691046096684692
1768915946.7079992,-0.4385315055618769,3.5193871102081715,3.546603376876218
1768915946.7279835,-0.4438323402447768,3.4400145101483233,3.4685280705622326
1768915946.7481024,-0.47974899136546445,3.101831878181958,3.1387131272580477
1768915946.7682135,-0.48770105987294843,3.1681810384086475,3.2054989340090714
1768915946.788007,-0.4276917753911912,3.42363725936368,3.450248156066534
1768915946.8079062,-0.43432227441534943,3.492824520426076,3.519724274505458
1768915946.8279638,-0.46471940269636813,3.446531180161962,3.477720704580958
1768915946.8481176,-0.4720787538839515,3.514468479801966,3.5460325781625537
1768915946.867988,-0.4701662589908495,3.5108036265667337,3.542146018363385
1768915946.8880134,-0.4772493853595249,3.576882671596426,3.6085809707131182
1768915946.9081316,-0.4759045033533521,3.6255281111197917,3.656629483668238
1768915946.9284172,-0.4829054508548658,3.6915985380047793,3.7230494813075428
1768915946.9479735,-0.4883599358117259,3.756113504791273,3.787728090528861
1768915946.9679878,-0.4950429628589649,3.82179245559999,3.8537209432906767
1768915946.9884193,-0.44982504392321976,3.956658561432608,3.9821463486289
1768915947.008768,-0.45545758757094823,4.0224733785861595,4.048176588973152
1768915947.0279546,-0.5138637209315275,4.090702938319129,4.122851737967587
1768915947.0489357,-0.433035852726415,4.190761092195057,4.213074718255351
1768915947.0680006,-0.43805713950055114,4.25631410287788,4.278797003811298
1768915947.0880268,-0.5770842190925457,3.58332117021855,3.629492637389156
1768915947.107947,-0.584962425325834,3.636765584087584,3.683509868677833
1768915947.127991,-0.5975052296767305,3.5919295706589374,3.6412869345967698
1768915947.148066,-0.6053880626855063,3.643618394778006,3.6935686961537297
1768915947.1682985,-0.6134686916112979,3.695659611687528,3.746230612368343
1768915947.1882012,-0.6260179272996308,3.548008446212844,3.602813120285065
1768915947.2080243,-0.614606376939083,3.4949944716612222,3.548623304257116
1768915947.228058,-0.6220367249592128,3.540909836155823,3.595131729851222
1768915947.248243,-0.6650390504566666,3.148107453720911,3.2175856599017627
1768915947.2679298,-0.6732776438324352,3.185275982440807,3.2556544457295837
1768915947.288,-0.7154168511062083,2.9706915143432866,3.0556225788270925
1768915947.3089995,-0.795349666501301,2.699866956344298,2.814580372624586
1768915947.3279312,-0.8051843560170054,2.7255693517438964,2.8420151544881254
1768915947.3480408,-0.728728714965014,3.2094623620298144,3.2911539303564266
1768915947.3679938,-0.7375403078699119,3.245154819542009,3.3279115836406428
1768915947.3881412,-0.7463779075487211,3.280825522563493,3.3646539332271344
1768915947.4080687,-0.7790550394168261,3.1038418377101173,3.200118889660269
1768915947.4283533,-0.783564605239496,3.1224002300112055,3.219216781603587
1768915947.4482682,-0.7925630955018057,3.1535925197308856,3.2516614277710403
1768915947.468274,-0.8021798702234281,3.1835316196767103,3.283042204674362
1768915947.4880326,-0.8109847621153101,3.214219060173299,3.3149510480796773
1768915947.5079594,-0.8324482636872512,3.16241762537339,3.270146074564283
1768915947.5279937,-0.8415505322100495,3.1919482206610894,3.30102116649447
1768915947.5481303,-0.753230453311485,3.2590761818877034,3.3449863490220038
1768915947.5682929,-0.7605817373282415,3.289442118523052,3.3762277811591255
1768915947.5880134,-0.7981062988497165,3.3841021317807574,3.476941314228162
1768915947.608152,-0.806197745036787,3.4158307657420757,3.5096801313356885
1768915947.6280987,-0.8144316628639716,3.447613168557748,3.5425041275188613
1768915947.648556,-0.8228391984885434,3.480068599340754,3.5760231826271465
1768915947.6681628,-0.8041737178410587,3.4857512756273685,3.577311465892247
1768915947.688181,-0.8118976329316482,3.5170387672304706,3.6095345207605427
1768915947.7082202,-0.8196730684231893,3.5484154544458164,3.641856144392334
1768915947.7280715,-0.827357544499996,3.5795489108688834,3.673920373625927
1768915947.748,-0.8101131215297285,3.5289380557983847,3.620730184829674
1768915947.7680924,-0.8174033803410523,3.558710128675976,3.651378652801427
1768915947.7880352,-0.7962048109536963,3.6044762227282483,3.691367082965214
1768915947.808037,-0.8029285968610992,3.634602791287403,3.7222347833111646
1768915947.828009,-0.8096536178623845,3.664595169375257,3.7529717206936315
1768915947.8479757,-0.789477620570746,3.689394513722661,3.772917543661525
1768915947.86812,-0.795691908100521,3.719429734706047,3.803588195905564
1768915947.8884635,-0.8019893338403472,3.749716890516499,3.8345226105238193
1768915947.9079764,-0.8080934348606537,3.7792222151405497,3.864652060778141
1768915947.9279878,-0.8142856629536251,3.809155882630108,3.8952188230017817
1768915947.9481304,-0.8205411979724906,3.839241443459617,3.9259473657638373
1768915947.968011,-0.8502812791197514,3.057481546617815,3.17351093609743
1768915947.9879677,-0.8569029936953836,3.0723988180662367,3.189657855924193
1768915948.0081403,-0.8509460000283031,3.0469994165106336,3.163592031090657
1768915948.0281837,-0.857356796317152,3.061207945914326,3.1790021648813354
1768915948.048183,-0.8630089832732386,3.052683775841743,3.172327653395486
1768915948.0682151,-0.8690136561732889,3.0662552429803647,3.187021485606936
1768915948.0880527,-0.7166032511362538,3.757076086000019,3.824805999724989
1768915948.1079748,-0.7194932805309953,3.783543282129564,3.851346563018837
1768915948.1280892,-0.823307149748177,3.382034688085035,3.4808035414594873
1768915948.1480584,-0.8281858064857281,3.400469572692103,3.4998692896834345
1768915948.168082,-0.8515503699942713,3.424704343244791,3.5289853883626545
1768915948.1881287,-0.8567175539261875,3.443186443459062,3.5481682389122327
1768915948.2080276,-0.8354552902412485,3.49547469654474,3.5939294506398745
1768915948.2281744,-0.840242163043367,3.5148221685581653,3.61385967756687
1768915948.2479627,-0.9082193973443069,3.574595196715535,3.688169368954499
1768915948.2679474,-0.9143079612454129,3.59461089197627,3.709068146140103
1768915948.288362,-0.9336709011094125,3.6346753005175465,3.752679828038995
1768915948.3079324,-0.9401175627200373,3.6548627927125388,3.773836650583748
1768915948.328085,-0.9466714651751367,3.6753869767710334,3.7953466629538544
1768915948.3480275,-0.7645757718214679,4.006572487395832,4.078872296065865
1768915948.3679955,-0.7675413792852372,4.033016072500892,4.105403562375519
1768915948.3880014,-0.770501285121237,4.059410871916533,4.1318868398599236
1768915948.4080162,-0.7695692142323187,4.03978564030367,4.112432953264755
1768915948.4281292,-0.7724699406421189,4.065439235113832,4.138176649636718
1768915948.4480386,-0.7753738005498675,4.0908796101754845,4.163712347836804
1768915948.4680302,-0.7782658774929693,4.116453916216479,4.1893783095351855
1768915948.488005,-0.7628280565727913,4.073639880134024,4.144447914609733
1768915948.5081024,-0.7956099303814635,3.7949137417005154,3.877417370914434
1768915948.52797,-0.7983872440873296,3.81296947602441,3.895658919440359
1768915948.5479999,-0.8213616862587587,3.8837679445664577,3.9696710779226785
1768915948.5682137,-0.8246917052145716,3.9031613601903885,3.989333905846063
1768915948.5879278,-0.9024864594339402,3.9212315704429273,4.023746865609207
1768915948.6079628,-0.936370383889788,3.919327424618775,4.0296298784373175
1768915948.627984,-0.9417099532769341,3.938219186460877,4.049245361386418
1768915948.6479867,-0.9881860361305934,3.8848228030412137,4.008535873985973
1768915948.6679893,-0.994342272211996,3.902339358734821,4.027029801856277
1768915948.6890638,-1.0101641411348845,3.8833866606778997,4.012620533811518
1768915948.7079294,-1.0162654615124664,3.8994518520170693,4.029704732913133
1768915948.7279778,-0.9309213831339104,3.8567866480994297,3.967545572584389
1768915948.7481432,-0.9355376200715995,3.872549682593611,3.983951767118311
1768915948.7681184,-0.9437612807668666,3.8577470439092885,3.9715107465378425
1768915948.7881064,-0.9484059023807231,3.8729234354853688,3.987356228480518
1768915948.808303,-0.9691911735264936,3.8764120474592936,3.9957354632819744
1768915948.8280127,-0.9740660251548997,3.8912353067320353,4.011298646787474
1768915948.848023,-1.123807075499585,3.144469083655057,3.3392556297782
1768915948.868103,-1.131521120222748,3.144832194952283,3.3422013075095487
1768915948.8882139,-1.0393334462358974,3.864099844816252,4.001434945513118
1768915948.9084451,-1.0452202876413001,3.8783840283128157,4.016758409559742
1768915948.9279299,-1.017157333105751,4.201661485820072,4.323027675335255
1768915948.948237,-1.0224420646568966,4.221990570897656,4.344029483823582
1768915948.9679463,-1.0484069980236517,4.2205032227696115,4.348770479907354
1768915948.9884424,-1.0584058697648775,4.310432965852968,4.438474438167326
1768915949.008187,-1.0640340437398625,4.33273288861394,4.461473156964446
1768915949.0282876,-1.1910588119749095,3.685369424646666,3.8730567888560037
1768915949.047933,-1.1989253680166532,3.70025820718066,3.8896443073733233
1768915949.0679858,-1.1331660632676304,3.7276543818777306,3.8960842544372296
1768915949.087989,-1.1397450631498258,3.7486361233027203,3.918072433468331
1768915949.107998,-1.1865780447528995,3.712209893857498,3.8972387343275634
1768915949.128019,-1.1939842385038137,3.733167895001344,3.9194567090432697
1768915949.1479747,-1.0512039527261436,4.47706621221646,4.598820676955921
1768915949.168002,-1.055758776981298,4.506304256974715,4.628326333741117
1768915949.1880398,-1.0603537643961245,4.531081076658911,4.6534982356207575
1768915949.208037,-1.0649187897505628,4.557540795138944,4.680302354348438
1768915949.227936,-1.0686137194158232,4.615352646964915,4.737448188336182
1768915949.248334,-1.111809324996334,3.8750902402189595,4.031432046430776
1768915949.2681158,-1.116954760096461,3.9130518142541,4.0693442269165985
1768915949.288278,-1.0005685830213877,4.7250159842507,4.8297943580191935
1768915949.308048,-1.0033958152674751,4.77817457174973,4.882392384908448
1768915949.3279157,-1.039084571392829,4.83758201357816,4.947918399145397
1768915949.347925,-1.0425953883930736,4.893117418520031,5.0029594457003785
1768915949.3681023,-1.0597763505367763,4.706766197901725,4.8246009114606885
1768915949.3881145,-1.06354774055026,4.756141146217001,4.873603635829234
1768915949.4084122,-1.101546119541521,4.84680653158383,4.970406161279042
1768915949.4279728,-1.1059323737037885,4.882678377852727,5.0063594114642465
1768915949.4481523,-1.1125234607633445,4.921256256116383,5.045440673431161
1768915949.4682024,-1.1169978212266714,4.958414423319876,5.0826723016550766
1768915949.4881024,-1.1287962231863546,5.02723644334057,5.152405959426268
1768915949.5084682,-1.133553836320826,5.0586449702512155,5.184094254051096
1768915949.527927,-1.184484931890176,4.337983821314001,4.496788652789554
1768915949.5480018,-1.1067469781585895,5.072935217946615,5.19225968140522
1768915949.5680313,-1.1107182721680777,5.1474882215242594,5.265959558414688
1768915949.5881739,-1.1147390298388429,5.197077363222601,5.3152851498265665
1768915949.6079893,-1.1660548001142002,5.227261392437644,5.355739487852121
1768915949.6279273,-1.210453425875539,4.795989447162103,4.946383757201223
1768915949.6478574,-1.2161481458538546,4.869098136519593,5.01867840927493
1768915949.6679766,-1.2218805126981018,4.908112602681424,5.0579206506144
1768915949.6880958,-1.253628948411624,4.7920666758393295,4.953331057579883
1768915949.7079635,-1.259766101609326,4.813057253852332,4.975191529943798
1768915949.7281783,-1.3032197656788993,4.720958993606544,4.897533621831572
1768915949.7482767,-1.3101656202406322,4.739909067263774,4.917649023506035
1768915949.7682853,-1.3346736658624103,4.701551602757892,4.88732455109561
1768915949.7881298,-1.2583134549567454,4.643537774001825,4.811007774833356
1768915949.8079798,-1.2640107981055504,4.725897947856261,4.892017447973734
1768915949.8280318,-1.321170891326117,4.207280955424412,4.409841897615424
1768915949.8480315,-1.3278718918067542,4.251876551806241,4.4544020892652
1768915949.8682485,-1.337392952649844,4.88814082240437,5.06779445217084
1768915949.8880217,-1.3441314129519648,4.966325248092961,5.145004929553504
1768915949.9083223,-1.3042281973836165,4.831510129122943,5.0044481532600695
1768915949.9280186,-1.3100673612854346,4.896662682320766,5.068883695207277
1768915949.9484618,-1.3882690150371104,4.88783171649461,5.081160275653854
1768915949.9680023,-1.395466729526302,4.962237113518267,5.154718669723202
1768915949.9880269,-1.4028622083696398,5.046229347896187,5.237599928138891
1768915950.0079997,-1.3003409645421538,5.006284700976085,5.172404965902576
1768915950.028084,-1.3043923323084565,5.027202290513298,5.193669437529428
1768915950.047962,-1.3095417810370455,5.083393303847096,5.249360642771572
1768915950.0679655,-1.3239503766804623,5.0982908194642675,5.26739156316919
1768915950.0882003,-1.3291824683948088,5.100426194741427,5.270775408067833
1768915950.1080985,-1.2375241449100325,5.103365044762331,5.251266589056143
1768915950.1283047,-1.2410698063790493,5.169454199173604,5.316343760674185
1768915950.148118,-1.2697901136668555,4.813852043567188,4.978507650905247
1768915950.1680088,-1.2738257781237412,4.908611163190006,5.071202585620703
1768915950.1879847,-1.2854211386637968,5.301586883319079,5.455193029133308
1768915950.208807,-1.289730468687941,5.40746989529266,5.559148797285285
1768915950.2280614,-1.2107119224520457,5.392007644206707,5.526261828248015
1768915950.2480276,-1.213282717425241,5.528836147252839,5.660396107656459
1768915950.2679837,-1.23511336435682,5.198896254802953,5.34359684959644
1768915950.2879288,-1.237982052646669,5.306234732257121,5.448736238476502
1768915950.308105,-1.354027235162838,5.026442158708505,5.205622972172009
1768915950.3281274,-1.3590003082439646,5.093246388948259,5.271436295388732
1768915950.3479404,-1.3789418736554606,5.046457649286165,5.2314639917483206
1768915950.368111,-1.384187495135564,5.084507675435297,5.26955342730768
1768915950.3880217,-1.3101942903962591,5.0039942321289885,5.172675067483666
1768915950.4080942,-1.3139102017421007,5.061601093698666,5.229356141053457
1768915950.4280155,-1.3373388982591428,4.949442576618928,5.126934478618309
1768915950.4484046,-1.3414275764157857,5.0270306179955675,5.202928480868599
1768915950.46817,-1.3660527923470887,4.985529978991714,5.169294865153699
1768915950.4883876,-1.3704812843896075,5.054234703764013,5.236745878080652
1768915950.5080934,-1.3596176537544453,4.926052209016451,5.110239772296071
1768915950.5279748,-1.3637518653293945,4.994042478051213,5.176898629755976
1768915950.54802,-1.3574449975189997,4.819923554461987,5.0074264839483
1768915950.5679655,-1.3613637944872323,4.920251730217313,5.105113952660326
1768915950.5881937,-1.354158034537143,4.715204075055791,4.905802019234391
1768915950.6080518,-1.3578067473011797,4.792358567464362,4.98099787213021
1768915950.6279197,-1.3942869770839976,4.644383056875114,4.849157674633261
1768915950.6482368,-1.3986412425483037,4.661030745464096,4.866354378332783
1768915950.6678412,-1.377167601402477,4.551907154248525,4.755675487588651
1768915950.688006,-1.4028413071840071,4.429181698209142,4.646032097273173
1768915950.7081473,-1.4070966653676995,4.478574791799975,4.694417236615753
1768915950.7279477,-1.4112658949172094,4.55474826617472,4.768375320208979
1768915950.7480862,-1.3815182916343345,4.831647069350364,5.0252767279904305
1768915950.7679555,-1.3850821588465982,4.864214727804363,5.057572293595419
1768915950.7880182,-1.3886038333869166,4.987634068737151,5.177326936723655
1768915950.807972,-1.2669602710024965,4.805650878676797,4.969856003550384
1768915950.8279233,-1.2680620046312128,4.943316361404758,5.103367309583086
1768915950.848042,-1.2736633414708372,4.868024166437312,5.031886086988093
1768915950.867955,-1.274909037353415,4.92720001690309,5.089468838699695
1768915950.8883717,-1.3455476575734167,4.329357538266439,4.533633773580058
1768915950.9078739,-1.3480532469155526,4.393698352989407,4.5958495159852
1768915950.9286182,-1.2468620065562952,4.880456619039304,5.037213681562273
1768915950.9479406,-1.2474134932005652,4.9571211006201885,5.111662159144787
1768915950.9683483,-1.2606537352072253,4.924708675009519,5.083503061256671
1768915950.9882452,-1.2614028715821322,5.030729915465059,5.186461287505261
1768915951.0080378,-1.2126205407958346,5.027358527816141,5.171535781870377
1768915951.02804,-1.2124146537777332,5.135603986725513,5.2767771983632175
1768915951.0480316,-1.2067126043146676,5.16587911358188,5.304946967270587
1768915951.0682416,-1.2064047490053929,5.262730601775321,5.399235668618771
1768915951.088113,-1.320699148890208,4.689655979115852,4.872075476050877
1768915951.1080568,-1.2540863925184103,4.633682088162619,4.800389814802432
1768915951.1281545,-1.2546458599775905,4.705228578550866,4.86963162984334
1768915951.1481864,-1.2552675554663097,4.7478473816739175,4.910982732149874
1768915951.168014,-1.2064683100326512,5.021773957289636,5.1646664423973645
1768915951.1879632,-1.0978107548314604,5.151082176680891,5.26676713405322
1768915951.208079,-1.0953399066633018,5.217968288150956,5.331694155451736
1768915951.227988,-1.08853951352641,5.260427678865824,5.371872823986621
1768915951.2480927,-1.0860188295327915,5.297472149735324,5.407647184804235
1768915951.267994,-1.096840433902074,5.0848701960815355,5.201823127369938
1768915951.2880409,-1.0943905539070422,5.2337942092808944,5.346989106925802
1768915951.3080096,-1.0378202255457216,5.32120453709296,5.421465534902023
1768915951.3279464,-1.034336290571959,5.510101275752998,5.606341733345282
1768915951.3481057,-1.152107129318701,4.841962217056253,4.977142649033406
1768915951.367955,-1.1510530727075565,4.937711501998159,5.070100398725297
1768915951.387971,-1.0827169691095695,5.186813239428417,5.298613744736233
1768915951.4081826,-1.0803376966924612,5.288561567618224,5.3977785239284595
1768915951.427926,-1.1737669096130317,4.8123074944163236,4.953385930746568
1768915951.4485333,-1.1733506239548337,4.835139279899462,4.975472192944292
1768915951.4679892,-1.2141621487144512,4.54433705460853,4.7037420198453725
1768915951.4888213,-1.27289614323767,4.279795913570979,4.46507756408421
1768915951.5079682,-1.274345152039699,4.297403371996872,4.482368939319605
1768915951.528015,-1.275767914511315,4.385987391170879,4.567764132177414
1768915951.5479062,-1.1615032068333115,4.485491271056741,4.633435188087806
1768915951.567916,-1.247860100395172,3.9901812531283447,4.180753671645237
1768915951.5881286,-1.24882193699349,4.0536532442422555,4.241657795587939
1768915951.607972,-1.1866164244385176,4.415461064256483,4.572128054715031
1768915951.628166,-1.1863756129048415,4.487568744745211,4.641741088612057
1768915951.648075,-1.1166673450072198,4.189538969813302,4.335802433113135
1768915951.6681619,-1.1151350306410923,4.20032456534685,4.345831633970548
1768915951.6881473,-1.1693400972992838,4.017563210275679,4.184276569696668
1768915951.7079601,-1.1688929147576679,4.086611993570308,4.250495057303722
1768915951.7279668,-1.2049305392552827,3.967745244078639,4.146668533454138
1768915951.7481678,-1.2052008727564023,3.9760549827678844,4.154698830202511
1768915951.768131,-1.1227126647705514,4.324946924885225,4.468293816515467
1768915951.7880607,-1.0964046261384288,4.158127608221708,4.3002474708408736
1768915951.8080246,-1.094630600993641,4.229358585367077,4.368717225485063
1768915951.8281386,-1.1458284944862416,3.911508097709685,4.075882547035064
1768915951.848175,-1.1450829862957215,3.9553436669921833,4.11776135412424
1768915951.8683326,-1.06200426921006,3.9344935953329614,4.075302800962953
1768915951.8880174,-1.0597251168366322,3.978852030928353,4.1175576264670655
1768915951.9080803,-1.0573993061399047,3.981448803838088,4.119469367553167
1768915951.9280124,-1.1058837017048972,4.00305551291876,4.153002793305803
1768915951.9480343,-1.0686873293923065,3.82121551359422,3.9678433196557545
1768915951.9681573,-1.0666561496343294,3.840559400597183,3.985931741897762
1768915951.9881675,-1.0808219319211974,3.847590211172408,3.996514291433424
1768915952.0080988,-1.079182446170837,3.969380568134955,4.113467739852916
1768915952.0280733,-1.0654278865268658,3.9564578051604222,4.0974009988532885
1768915952.0479527,-1.063567233737238,4.077894743442293,4.214309053602236
1768915952.067977,-0.9487134916660207,4.124346264820845,4.232054985631778
1768915952.088236,-0.9446726701602648,4.224960054780929,4.3292833030701745
1768915952.108348,-0.9921400147746843,3.9037950438475058,4.0278974109683405
1768915952.1282492,-0.9901791578014669,3.701031218896407,3.831199139667664
1768915952.1479378,-0.9871868189019904,3.734950787266106,3.8632104781791967
1768915952.167983,-0.9932042024583461,3.7070373239409413,3.8377832545457977
1768915952.1880713,-0.9903757604730844,3.7975965452219107,3.9246125499485975
1768915952.2083244,-0.8204027031960981,3.9504044991056624,4.034694077865845
1768915952.227835,-0.8144351961126812,3.927546405983863,4.011100280449725
1768915952.2479525,-0.8651366395898002,3.709254401167561,3.808809475117081
1768915952.2681162,-0.8601465593792107,3.7569794810827393,3.8541856370559815
1768915952.2880125,-0.8552327458744862,3.8065706505079504,3.9014616705697027
1768915952.3079743,-0.9355368994890702,3.5406964893887416,3.6622071105107343
1768915952.3279834,-0.9160512437028385,3.4729230561839373,3.59170494824721
1768915952.348016,-0.9123233496751841,3.414367015013001,3.5341527991261694
1768915952.3679583,-0.8431646655430102,3.411244046633401,3.5139027588867733
1768915952.3879352,-0.8382963349776075,3.4736009486436714,3.57332398414349
1768915952.4081104,-0.8178118495459687,3.3718747930224087,3.4696333871286327
1768915952.4282355,-0.8125587827724536,3.370807677925571,3.467361558450839
1768915952.4478872,-0.8347827498569517,3.378830563649622,3.4804250052704133
1768915952.468088,-0.8301465112648292,3.4585766206330266,3.556809732183398
1768915952.4879794,-0.8325842254171504,3.306397968763953,3.4096134707998607
1768915952.5079942,-0.7850470557004025,3.3456205482981556,3.4364917769229018
1768915952.5286152,-0.7795678337672471,3.3597635155110996,3.4490196995094218
1768915952.548159,-0.7804424956735703,3.20626779915375,3.299885405425986
1768915952.567999,-0.775165016323646,3.1404973827366494,3.234749544169963
1768915952.588007,-0.7735986441570932,3.1617147427485275,3.2549800270900406
1768915952.608038,-0.7684061937408201,3.155666120133155,3.2478726484170366
1768915952.6280823,-0.7318165513402938,3.186407321008634,3.2693649353036474
1768915952.6479986,-0.7260415426918643,3.1622783719371963,3.2445555663813415
1768915952.6679697,-0.7201525830476015,3.0778022080444014,3.160931219547987
1768915952.6879969,-0.7252832795652495,3.3444986920558115,3.422237183010546
1768915952.7079878,-0.7558427726191994,3.0811943625735587,3.1725473986807127
1768915952.7279413,-0.751071835702855,3.1953297765556936,3.2824139414963365
1768915952.7482533,-0.6520678109892577,3.11696712349492,3.1844428836260383
1768915952.7679482,-0.6456074997137097,3.2518631585129487,3.3153315136469232
1768915952.7878776,-0.572283841978537,3.170567242518281,3.221801582208267
1768915952.8080091,-0.5643077972013933,3.2015158123468073,3.2508686203365595
1768915952.8280246,-0.5901571247966156,3.0177737131122573,3.0749379856347585
1768915952.8490107,-0.6497379396743408,2.7488582921244973,2.8246028571170614
1768915952.8680356,-0.643877027515418,2.6593935015989523,2.7362294170827175
1768915952.8882062,-0.7118888909643765,2.5719694618553213,2.668672461317582
1768915952.9079764,-0.7073154950138288,2.5374571591942257,2.6341951416386538
1768915952.9281335,-0.6381609760817627,2.648980128594528,2.7247651555835612
1768915952.948016,-0.6323278281267677,2.5969504544058566,2.6728243759855044
1768915952.9679585,-0.6737523203221518,2.4882813166292816,2.5778840353720014
1768915952.988184,-0.6688023068929325,2.5112638227367956,2.598796358526757
1768915953.0082443,-0.6638646849754752,2.535752261687441,2.621212668329405
1768915953.027921,-0.6984235569498438,2.561830247756909,2.655328545250982
1768915953.0483315,-0.694091611215289,2.424529471039837,2.521925121945564
1768915953.0680006,-0.6898994760896545,2.370194071667619,2.4685585317097725
1768915953.088106,-0.6646873551457979,2.5056181357974836,2.592283071450333
1768915953.1080103,-0.6601058327429267,2.531524783418086,2.6161722878054534
1768915953.1284559,-0.6389334145131428,2.282101059886358,2.369856779578855
1768915953.1480334,-0.6341533805585979,2.306014168912907,2.3916211776326497
1768915953.1681974,-0.6100740146670638,2.280954921494069,2.3611322828803987
1768915953.188039,-0.6047767837571776,2.2220938952541367,2.302923411122779
1768915953.2079775,-0.6518058530360846,2.0651038217001956,2.165526417398978
1768915953.2280135,-0.6475224124283839,2.0833537278838827,2.181661758862896
1768915953.2479298,-0.6471622685902169,1.9830217920079685,2.085951684355448
1768915953.2679994,-0.6429459915798973,1.999386993618625,2.100220916556156
1768915953.2880015,-0.6124925963853997,1.970329245308129,2.0633333505624893
1768915953.3083208,-0.6077147236246176,1.9250802113620438,2.0187250940848473
1768915953.3280163,-0.6415537021477924,1.846726757863772,1.954991271323117
1768915953.3480566,-0.6374859670977138,1.683136704713914,1.7998159697596088
1768915953.3680725,-0.6334252011716516,1.5402673300783842,1.6654281532345194
1768915953.387983,-0.5833647606267832,1.8160679630298775,1.90746357508725
1768915953.408601,-0.5783276819805218,1.6775646092605907,1.7744536978993286
1768915953.4280412,-0.5899832932055943,1.8273196039654946,1.920202390712586
1768915953.4481165,-0.5853636319960618,1.69805986958482,1.7961230198285518
1768915953.46809,-0.5807494140907832,1.5686537917221957,1.6727057721701117
1768915953.4880185,-0.6204819085582935,1.8147127414759954,1.9178582150209815
1768915953.50811,-0.6166821910370199,1.692234963620609,1.8010985805452915
1768915953.5283246,-0.612912589595282,1.6492036207549967,1.7594130911175425
1768915953.5483446,-0.6299387497996701,2.150905371603005,2.241253387301363
1768915953.5680616,-0.6266448806029319,2.1575698864808732,2.2467290939129603
1768915953.5880706,-0.5905423091933117,1.9685627718418086,2.0552322510190604
1768915953.6082225,-0.5865943514342437,2.0491945250288506,2.131499738339833
1768915953.6280088,-0.6341881458744163,1.62133245907118,1.7409519083551475
1768915953.6480856,-0.6311623523866184,1.4955662626787696,1.6232942928296004
1768915953.667976,-0.6211343766711679,1.7191612487351864,1.8279286947349467
1768915953.688688,-0.594784246026527,1.6002451534469149,1.7072061534717136
1768915953.708005,-0.591354805309898,1.6803088263490578,1.7813304740192526
1768915953.7283013,-0.5877496882578751,1.7533210838513238,1.8492118643153928
1768915953.747982,-0.6165298457412483,1.5976939106426644,1.712522958326217
1768915953.7680345,-0.5246306689076947,1.4604601920981581,1.5518315989378242
1768915953.787997,-0.5199592251178261,1.4312794738604753,1.5227995692406302
1768915953.8080013,-0.5470396819545622,1.6881348094739401,1.7745567188992761
1768915953.8279593,-0.5429978505546008,1.7425684677701359,1.825209996294584
1768915953.8479683,-0.5562930887952988,1.6352610376249235,1.7272928708865662
1768915953.868403,-0.5525048704090864,1.5455894677028414,1.6413739471856235
1768915953.8879626,-0.6182282064840745,1.368905001992574,1.5020342938071702
1768915953.9079897,-0.6158357676611921,1.2778989424458853,1.4185483424385514
1768915953.928039,-0.5461646950676314,1.3717936254572836,1.4765207837966783
1768915953.9484415,-0.5424476331205529,1.3581743220795532,1.4624933927489532
1768915953.9679646,-0.5556077104279815,1.4286051022448496,1.5328445668256911
1768915953.9881132,-0.5319135977463741,1.255370062644983,1.3634097218564785
1768915954.0081215,-0.528194318328475,1.322039368299456,1.4236492999499937
1768915954.0280447,-0.5286361583637026,1.2268667995988025,1.3359110493918904
1768915954.0479605,-0.5249789581751844,1.1913902389026148,1.301926882693161
1768915954.067966,-0.5213016059910265,1.1551287381513848,1.2673112349032634
1768915954.0880125,-0.6965591857044385,1.1322683940919196,1.329370683988753
1768915954.1080432,-0.6841637619196689,1.0329473068301385,1.2389754605365313
1768915954.128073,-0.6836481375851081,0.995800859956681,1.2078882931438868
1768915954.1478574,-0.5757446726238435,1.1868998865306493,1.3191714326429318
1768915954.1679645,-0.5731410979026033,1.1918841303904546,1.3225273147960355
1768915954.1879716,-0.6060175489455343,1.1288492609847367,1.28123297009394
1768915954.2082443,-0.6041140970357841,1.0524446563258814,1.2135046752552143
1768915954.2279475,-0.554876642243552,0.8868036023455537,1.0460921169956925
1768915954.2479792,-0.5520726677840837,0.7498851177028834,0.9311884450885881
1768915954.2681005,-0.5492672648143371,0.613051311293294,0.8231199417308819
1768915954.288034,-0.5464774906536363,0.45703392588301317,0.7124027352552309
1768915954.308198,-0.561437297158366,0.9343135244843199,1.0900245871881988
1768915954.3281655,-0.566702648131545,0.9332506452026901,1.0918372855744316
1768915954.3480136,-0.5643967676475758,0.8116790669049048,0.9886185406832347
1768915954.3679068,-0.5620841297451514,0.6895009247471082,0.88957860481156
1768915954.3889017,-0.5478488739499289,0.9305451045479816,1.0798391455612355
1768915954.4080782,-0.5454195187305748,0.8214747170702359,0.9860543403879504
1768915954.4281666,-0.5428788671862924,0.7066573777555136,0.8911128514244259
1768915954.4481227,-0.5628377975555433,0.9677687516530227,1.1195368430887946
1768915954.4680233,-0.5607399982051379,0.8611867689072967,1.0276536364593314
1768915954.487937,-0.5586280023874275,0.7539467620653795,0.938350129258923
1768915954.5079827,-0.55651677457078,0.6266895765258027,0.8381233475478143
1768915954.52814,-0.5543997520629584,0.5189470985012792,0.7593847352497719
1768915954.547968,-0.5916843013384584,1.032014178599472,1.1895980738386904
1768915954.568037,-0.5903038661178822,0.9159919850024261,1.0897247225526285
1768915954.588266,-0.5889221505032958,0.8196616791420239,1.0092940937146857
1768915954.6080012,-0.5707619473081054,1.0370645646339336,1.1837533998744463
1768915954.6280522,-0.5690013434061011,1.1870732214667297,1.3163986333635216
1768915954.648034,-0.5882523535118166,1.0086963150198525,1.1676939185192414
1768915954.6681798,-0.5868659323367765,1.1555262989577904,1.2960141396298894
1768915954.6881704,-0.5725135834508079,1.091505461815606,1.2325404562970679
1768915954.7080052,-0.5709166436474284,1.1998930629530564,1.328792375247733
1768915954.7279396,-0.594471511513557,1.0486022131036359,1.2053891402062058
1768915954.747968,-0.5933372225466412,1.1327244273311954,1.2787156399810502
1768915954.768104,-0.5455453190670639,1.061557986387705,1.1935346889049783
1768915954.7879558,-0.5435282941971923,1.1245191512348511,1.2489861200537258
1768915954.8082151,-0.5415166297092266,1.0654763074524927,1.1951903706080627
1768915954.8280394,-0.7069257439760211,1.0446846090527608,1.2613920643034706
1768915954.8479507,-0.7389909542271457,0.7558762710764904,1.0570981825762673
1768915954.8679972,-0.7407684887539012,0.7480320676785199,1.0527534983110436
1768915954.8881788,-0.7320263781142993,0.8680914607483845,1.1355374949685293
1768915954.9080262,-0.733561488007174,0.9188493696940374,1.1757536395327166
1768915954.9280536,-0.8071448193120767,0.7605447216581402,1.1090135404873933
1768915954.9481566,-0.909911728740097,0.6110295516606459,1.0960367088293173
1768915954.9680574,-0.9147034703864032,0.7071698021980231,1.1561883790618728
1768915954.9884188,-0.9196246095476088,0.6322095254760396,1.1159741513978856
1768915955.008031,-0.89385928587663,0.7827208809255741,1.1881230577616049
1768915955.028221,-0.8604264397172895,0.7208973846061224,1.1225091078902292
1768915955.048004,-0.8639293472775129,0.7549729098859559,1.1473264625855262
1768915955.0679805,-0.9170508979370345,0.6478571409939944,1.1228095228239
1768915955.0879693,-0.9215702054098546,0.6212480607814967,1.1114138727422525
1768915955.107925,-0.9392482086593545,0.6357769795914106,1.1341955586441799
1768915955.1280062,-0.9440527043830982,0.572722193215303,1.1041948284856202
1768915955.147948,-1.149233524863451,0.5529101807002652,1.275322454358925
1768915955.1679642,-1.1579244352434364,0.4220216109435482,1.2324330561280878
1768915955.1882193,-1.166631855003403,0.29072675001179515,1.2023110779998252
1768915955.208078,-1.1753101231977432,0.1600379077561218,1.1861559836758617
1768915955.2280476,-1.2170135955644916,0.5299862835008717,1.3274063253156052
1768915955.2481024,-1.2263231043600804,0.4084349408051997,1.2925507561244516
1768915955.268061,-1.247438290288723,0.5219813732582921,1.3522451116964944
1768915955.2880187,-1.2569466193398688,0.4052784501191944,1.320668552666013
1768915955.3079827,-1.266472197617503,0.2884887705985264,1.2989140071996903
1768915955.328059,-1.0099440302684335,0.5760097695712538,1.1626582468276634
1768915955.347966,-1.014394518067554,0.4663426496794303,1.1164549723099166
1768915955.3679898,-1.0188634795872258,0.3562701277873783,1.0793568427495257
1768915955.388129,-1.0233512974334398,0.2460746684289985,1.0525210783642986
1768915955.4081423,-1.10084444981237,0.4996456666687097,1.2089269187604017
1768915955.428354,-1.1229011862153495,0.45653313247714955,1.2121590551793264
1768915955.4482536,-1.1288734205696558,0.35558728762940817,1.1835529218384255
1768915955.4682055,-1.0024184090562347,0.5492470639005118,1.143028872784133
1768915955.4879806,-1.005816329413381,0.4546441257405638,1.1037969784271964
1768915955.5080862,-1.030525227186081,0.5115163802005105,1.150491743160444
1768915955.5279462,-1.0344667263052165,0.41928512838368714,1.1162085050367412
1768915955.5479574,-1.0384545091179256,0.3266719819723445,1.0886240633538704
1768915955.5680015,-1.0423813769342556,0.23404700824777347,1.0683337198876988
1768915955.588112,-1.0187455972365052,0.30945316081840524,1.0647083406404145
1768915955.608127,-0.906559129520539,0.5031679203557822,1.0368352865292538
1768915955.627959,-0.9075684275468614,0.4199890300803464,1.0000356173995568
1768915955.6480703,-0.8511717877737066,0.36129155304576965,0.924675618043491
1768915955.6679463,-0.851085768033063,0.2781044678960374,0.8953709173365901
1768915955.6881793,-0.8511097345808305,0.19390744160481344,0.8729191693438608
1768915955.7079358,-0.7207131678264158,0.31535181689398595,0.7866856034634964
1768915955.7281044,-0.7183415675512762,0.23551209039000387,0.7559633274120472
1768915955.7480106,-0.7159827746065343,0.15613077965552957,0.7328084018958263
1768915955.768239,-0.7051102788798695,0.355835338124705,0.7898096563352277
1768915955.7879815,-0.7025964464189263,0.28193406473135685,0.7570525631529478
1768915955.8081636,-0.7000663921824225,0.20751838189579885,0.7301758913357548
1768915955.828003,-0.6866676795914334,0.32001685626482335,0.7575772505092164
1768915955.8481944,-0.6207195063056429,0.39404219834421994,0.7352291884740884
1768915955.8680124,-0.6165020212853689,0.3265912045299668,0.6976650751795449
1768915955.888005,-0.621703281771337,0.29180581721901167,0.6867791533878309
1768915955.908093,-0.6176127471539241,0.22414951330358157,0.6570300676234304
1768915955.9282048,-0.5003179853583816,0.261122379997353,0.5643606859168626
1768915955.947976,-0.49403273975375817,0.19615880460751622,0.5315511495365749
1768915955.967962,-0.45599601204563955,0.23517624895610734,0.5130694213014376
1768915955.9879322,-0.44905541071392663,0.1720778773086371,0.4808966185683776
1768915956.0080867,-0.3933493377219739,0.2529459255386932,0.4676594302833437
1768915956.0279586,-0.38561525455306356,0.19248616140869323,0.4309872931744943
1768915956.04834,-0.3779599074696752,0.13148040913860815,0.4001759483548971
1768915956.0679395,-0.3789154293839584,0.2987039055053975,0.48249448265177813
1768915956.0880942,-0.25320205944736396,0.22676545443423102,0.3399027128946601
1768915956.1080666,-0.24321744288964986,0.17010818822973395,0.29680215671147453
1768915956.1279888,-0.23345157319288512,0.1140429944008785,0.2598180932848053
1768915956.1481504,-0.14862783507191712,0.16448004524735715,0.22168427694073764
1768915956.1680279,-0.18780469320840165,0.1753531613635042,0.256942277547462
1768915956.1880312,-0.17726443628382071,0.12236089666467631,0.2153946828582459
1768915956.2080674,-0.12244696411657441,0.1048502209025175,0.1612043046716569
1768915956.2279537,-0.11109779813242449,0.05263506315736599,0.12293563610057438
1768915956.247948,-0.017059571847520827,0.1023468668942833,0.10375890397790864
1768915956.2681284,-0.004282703825828071,0.05198491275120798,0.052161026694367015
1768915956.28797,0.0036611695318323756,0.08398123437676563,0.08406100100394986
1768915956.3080633,0.016289937007789024,0.035043293680774745,0.038644462471546445
1768915956.3280048,0.12874784233885717,0.021016955602698673,0.13045198093443053
1768915956.3479345,0.10936454227304726,0.03514796953428778,0.11487376928166135
1768915956.3680599,0.1234120348299218,-0.01185055940452795,0.12397970035075129
1768915956.3879688,0.1802247015957722,-0.02554211198457601,0.18202566453639926
1768915956.4081607,0.19531102194584382,-0.07199506337868566,0.20815783541445385
1768915956.4280019,0.1631182664833717,-0.08802584622162613,0.18535403546611448
1768915956.4479449,0.17728626772094103,-0.13359879498415772,0.221988870765271
1768915956.4679353,0.2451875824362888,-0.10229862805245826,0.2656726555036613
1768915956.4880743,0.2602474685941878,-0.14686290321931494,0.29882680142799883
1768915956.508071,0.274832895350383,-0.19090910187912336,0.33463324034974185
1768915956.5279555,0.26999392296165103,-0.157594658091754,0.31262244752301266
1768915956.5479841,0.22142557852504063,-0.08684786186599958,0.23784835071079363
1768915956.5683935,0.23496974425286798,-0.12797722428210623,0.2675611157272497
1768915956.5880656,0.2697595080787343,-0.15376659574541307,0.3105066153337381
1768915956.6083684,0.2687881837954923,-0.14089069553180344,0.3034753298630956
1768915956.6279306,0.282153969801177,-0.17956529308980507,0.33444664321381834
1768915956.6479938,0.2958536628389222,-0.21885695584807685,0.3680051045003231
1768915956.6681788,0.3042480169058861,-0.20102886200768832,0.36466348754882294
1768915956.6879973,0.3196247629553004,-0.2012352484705744,0.37769778172666807
1768915956.708167,0.3333074466443384,-0.23901341477388804,0.4101478592293798
1768915956.7280266,0.3269534889503072,-0.19257765030842844,0.3794532057251513
1768915956.7480366,0.33970479557807454,-0.22862406712006322,0.409473213049719
1768915956.7684824,0.3526476949462536,-0.2653822788600779,0.4413481060159589
1768915956.7883992,0.36529847698918694,-0.30114318360285,0.47342390552345304
1768915956.8082428,0.34010505010131964,-0.21006763527466088,0.3997497423317607
1768915956.8280702,0.34854789504296846,-0.2223068445950238,0.4134077506441797
1768915956.8481576,0.36052671333220043,-0.2555752358716328,0.44192557316471215
1768915956.8682294,0.3724676556320905,-0.2889023774768402,0.4713774901327345
1768915956.8879957,0.3412869741885999,-0.1788973326380292,0.38533239466181884
1768915956.908008,0.3524100003555951,-0.20934342470289646,0.409899350837456
1768915956.9281309,0.36350376739445733,-0.23987099276611978,0.4355147323347026
1768915956.9479887,0.37461006276903985,-0.2702642872513472,0.4619258426320211
1768915956.9680555,0.38574461573141994,-0.3007422198272742,0.48912655964731394
1768915956.9881048,0.3498060726937807,-0.17255803321149354,0.3900520007886968
1768915957.0080562,0.3573004767963547,-0.190556051152595,0.40493856243851706
1768915957.0280097,0.36748782982896333,-0.2178388823736075,0.42720145569295936
1768915957.0481608,0.37766307165397206,-0.24525414085170727,0.45030988141059297
1768915957.0681646,0.38786929824924876,-0.2725879409406291,0.4740746545330351
1768915957.0880456,0.36232542457689065,-0.18900090270180225,0.4086576250566239
1768915957.1080315,0.401924560310003,-0.22026687198258177,0.4583239542871181
1768915957.1279993,0.41275203531585347,-0.24560304022694268,0.4802968832150556
1768915957.1480565,0.3815028792409336,-0.23643961020904936,0.4488297407090238
1768915957.1681483,0.39160877656629145,-0.2612194737695539,0.4707367070456587
1768915957.1880414,0.3893700639843244,-0.24230390893026854,0.4586068370729385
1768915957.2080874,0.39920158252616944,-0.26633902401065335,0.4798941333277012
1768915957.2280476,0.3937252396932365,-0.2470979308614547,0.46484078113641103
1768915957.2479327,0.40318981758723327,-0.2701602582960545,0.4853334875821133
1768915957.2682722,0.39142364320991574,-0.24537417900870828,0.46197506013628165
1768915957.2879262,0.4001046117369056,-0.2672767723083487,0.4811658480697782
1768915957.3079305,0.4298874282049282,-0.2308124235987794,0.4879319376882289
1768915957.3279583,0.43906773002079447,-0.2518605306142847,0.5061760547743466
1768915957.347904,0.4297615471636608,-0.2378696967424787,0.4911995318084721
1768915957.3680701,0.4385546058691858,-0.2583254761965481,0.5089815261689271
1768915957.3881147,0.44719344813295403,-0.27878538485295845,0.5269755884864623
1768915957.4080617,0.420850881241271,-0.24706923284376625,0.4880150305672578
1768915957.428279,0.42785721380012554,-0.24848338224374356,0.49477852282824153
1768915957.4480474,0.4313951961838761,-0.24776172416163966,0.4974813436201134
1768915957.4680548,0.43950804696588774,-0.2666090138794077,0.5140502792816274
1768915957.4880004,0.39289203630370273,-0.2535748052665614,0.467615583633442
1768915957.508114,0.39997918341668637,-0.2718155615277009,0.4835980217652866
1768915957.5279415,0.39080757818235146,-0.24479393637391667,0.46114491697317006
1768915957.547955,0.39735031636664364,-0.2620558060770968,0.4759837386039451
1768915957.567966,0.43252434891225355,-0.22414756302306493,0.4871544338412078
1768915957.5879693,0.43975535576730096,-0.24042725013535637,0.5011886227097285
1768915957.6079257,0.4309321731470358,-0.21553093238812515,0.4818258198450156
1768915957.6281595,0.43758663866269043,-0.23093529518778677,0.49478599100983267
1768915957.648025,0.4334561625135873,-0.21071929724209326,0.48196147880427853
1768915957.6681697,0.4399351174167415,-0.22544920519792822,0.49433819563215997
1768915957.6879778,0.43634579946524044,-0.1934774349680186,0.477316639719132
1768915957.7079418,0.4261420759497857,-0.21069807126463225,0.4753848400290327
1768915957.728088,0.43239097299639895,-0.22484176943429723,0.4873559015864261
1768915957.7480378,0.43845716297675386,-0.23880259172176466,0.49927082988960564
1768915957.7680838,0.37765093882658474,-0.188963906712047,0.4222885146869141
1768915957.787934,0.37876352052382134,-0.19522861630616095,0.4261173747976224
1768915957.8082209,0.38362831786688834,-0.2081096100922526,0.43644048400913465
1768915957.8279514,0.394943059054514,-0.18449418264081974,0.4359106827363164
1768915957.8480532,0.3999967896196138,-0.19673540320425786,0.44576030619598633
1768915957.8680487,0.3626139975274022,-0.18911223632609442,0.4089649729879803
1768915957.8879457,0.36655658654556156,-0.20065385244869116,0.4178823992972603
1768915957.9079237,0.3521117766347023,-0.1915650800979991,0.400848953045657
1768915957.9279842,0.3560525663757558,-0.2031167061098671,0.4099144134129515
1768915957.947972,0.3854376700616857,-0.18763539302619847,0.4286831443136957
1768915957.9683702,0.3696780106704368,-0.16572439404231254,0.40512517368579215
1768915957.9880044,0.37329638007618815,-0.17556935504356996,0.4125224670347072
1768915958.0079925,0.35930270222748795,-0.15262855347679327,0.3903766222052663
1768915958.028099,0.3625327528050548,-0.16190996928371426,0.39704512968913785
1768915958.0481675,0.36566979771709796,-0.17106599977046866,0.4037053098981153
1768915958.0686264,0.36886032676387215,-0.18030550451572225,0.4105703540430308
1768915958.0880084,0.36147695325698637,-0.1651716184055969,0.39742578082288227
1768915958.108087,0.3608611956692116,-0.1655049695692874,0.3970046567635495
1768915958.1280706,0.36401780335647205,-0.174402297925643,0.4036398427834099
1768915958.1479933,0.3670310778640048,-0.18308974900882635,0.4101629777419315
1768915958.1680126,0.35507398057524564,-0.1493357021254491,0.3851995373969844
1768915958.1880007,0.357692499764678,-0.15709173666967668,0.39066832238844146
1768915958.2079968,0.35476335868160735,-0.14871795948054078,0.38467398161964445
1768915958.2279332,0.3578137057897245,-0.15686384553985722,0.3906877449940396
1768915958.2480078,0.34980131249599855,-0.12731103828797874,0.3722486517019053
1768915958.2679503,0.35224850876232383,-0.13423656306950527,0.37695950285142593
1768915958.2880583,0.35455260824874046,-0.14097696539788274,0.3815521678470464
1768915958.3080757,0.34814316853764304,-0.10879383329148062,0.364746163738132
1768915958.328195,0.3503578292093191,-0.11490677040310082,0.36871964196763013
1768915958.3480697,0.3482002754516399,-0.10416902385023263,0.36344823201455834
1768915958.367983,0.3502811191985413,-0.10987220697657918,0.3671086546690053
1768915958.3881774,0.35237560352237207,-0.11561445091195388,0.3708574756121663
1768915958.4079897,0.3483774489163983,-0.09781670200234593,0.3618493527755901
1768915958.4280076,0.3504143375084766,-0.1031796911272913,0.3652892779601227
1768915958.4479592,0.35486471086431526,-0.11425137636394833,0.37280335301318124
1768915958.4681034,0.3569830361867953,-0.11978216778896655,0.3765430331919141
1768915958.4879487,0.3557495113709316,-0.10619821001172092,0.37126240672918953
1768915958.5083284,0.3577021984680898,-0.11123345326955736,0.3745981098659943
1768915958.5280387,0.3554667663743154,-0.09170239977363881,0.3671048244314645
1768915958.5482736,0.3109283581616391,-0.09405242512445522,0.32484196554768563
1768915958.5680096,0.3120266794491683,-0.09871827155947166,0.32727044753195117
1768915958.5880163,0.313072297362882,-0.10333008460261706,0.329683742031749
1768915958.6080675,0.2966633586590479,-0.09675135450560202,0.3120416205725377
1768915958.6279657,0.33326802889668083,-0.08567974102921028,0.34410550287304537
1768915958.6480386,0.33471921392582227,-0.08987070984213918,0.34657422965167267
1768915958.668045,0.327861677854828,-0.07888144330053226,0.33721738078420294
1768915958.6879618,0.3290877508407237,-0.08267012031937515,0.3393126825614189
1768915958.7079554,0.3198772296696578,-0.0749105455783079,0.328531629984047
1768915958.7282348,0.3209106439675915,-0.0785300488408982,0.3303794938894485
1768915958.7481036,0.31572355571612776,-0.0737559827193568,0.32422416415334143
1768915958.7679877,0.3166555703447027,-0.07722007239344464,0.3259351006117288
1768915958.7879663,0.3116104208108794,-0.0709424829546208,0.31958393302182764
1768915958.807952,0.31246052074308206,-0.07432504839229903,0.3211787506071278
1768915958.8281274,0.3082838609340819,-0.06811509443246866,0.3157191869398635
1768915958.8480074,0.3090006741392275,-0.07127731024809059,0.3171149185621825
1768915958.868152,0.3056632782052616,-0.0673989590852182,0.31300584551883065
1768915958.8879669,0.306235742822377,-0.07029258402954053,0.3141995823541512
1768915958.9079444,0.30282686296499894,-0.06895435662644278,0.31057819020496097
1768915958.9279628,0.3033077916033251,-0.07176372945505438,0.31168196821854216
1768915958.9479928,0.299962974446102,-0.07175565249527249,0.3084261008792465
1768915958.9680173,0.30035266790486126,-0.07447848947278946,0.30944914042814253
1768915958.9879754,0.30073126009546247,-0.07717889487686325,0.31047684714486945
1768915959.0080194,0.31251580335228457,-0.07267858396441973,0.3208555810828246
1768915959.0279882,0.3114028258477207,-0.07595630824826394,0.32053249555801855
1768915959.04825,0.31195068909138346,-0.07855822989979533,0.32169026704203857
1768915959.0679724,0.3097446474833374,-0.08215798320117873,0.32045542724107845
1768915959.0882277,0.3102177660179932,-0.08471501536525583,0.321576889999157
1768915959.1079447,0.3080670730505054,-0.09261953565242553,0.32168882461530485
1768915959.128015,0.30769239270117155,-0.10166954662178718,0.3240544788094306
1768915959.1480374,0.30808621284878523,-0.10440127521584497,0.3252948521175852
1768915959.16797,0.30784875498347464,-0.10838963534783197,0.32637274548545164
1768915959.1881673,0.3082183129801397,-0.11113870475806831,0.3276436175963518
1768915959.208201,0.30840132531572884,-0.11786982015622183,0.3301585557882123
1768915959.2280383,0.30877437151465803,-0.12065276943843184,0.3315097333072371
1768915959.2479532,0.30296888568126135,-0.10485374464929897,0.32060014575468554
1768915959.2679522,0.30320944374044334,-0.10729570959985679,0.3216338540513512
1768915959.2880404,0.30393432656580877,-0.11125889303375125,0.3236581779348506
1768915959.3079515,0.30414366595998854,-0.11370034542511576,0.3247016139371219
1768915959.3279493,0.29035725147794134,-0.1222864711862579,0.315057636823823
1768915959.3480706,0.290301799014017,-0.12484881394177094,0.31601006448124663
1768915959.3679826,0.29024079075566256,-0.12737340963289334,0.316960095437866
1768915959.3880606,0.2959001082094098,-0.14648883566321835,0.33017548820635645
1768915959.4082582,0.2922861769802655,-0.13620650630090037,0.322464605208752
1768915959.4280515,0.2922204706869257,-0.13872880350653283,0.3234787232737921
1768915959.4479585,0.2965808483645448,-0.1541028833455016,0.3342273152691599
1768915959.4679813,0.2966305843580481,-0.15692313106118316,0.3355809479673159
1768915959.4880033,0.2991426253960662,-0.16387891636572682,0.3410903246327226
1768915959.5079687,0.3002021115051733,-0.16773545190956352,0.3438844131092161
1768915959.5280163,0.30032275279994225,-0.17064818623083866,0.3454193962608501
1768915959.5479298,0.3183050016094855,-0.1468956473818439,0.3505658358558997
1768915959.5681248,0.3187362402509577,-0.14928133436307167,0.3519626509141779
1768915959.5882072,0.3279273044604869,-0.16332828064421712,0.366350166192015
1768915959.6081831,0.32860002620598927,-0.16599170782786654,0.36814565635110874
1768915959.6280305,0.3147334818010805,-0.18165224857749074,0.36339331856803525
1768915959.6479828,0.31503440197077104,-0.1844720362487653,0.3650706871043567
1768915959.6679602,0.3356447854974708,-0.16429753533800628,0.37369921347226115
1768915959.6882362,0.3363360661714969,-0.16670542221005036,0.37538333367632176
1768915959.7079864,0.34621853999151786,-0.18082734069903506,0.39059672883697216
1768915959.728192,0.3471745090371422,-0.18352932832864344,0.3926998269441225
1768915959.7479956,0.3531264748048064,-0.1791936439430346,0.39599074387875866
1768915959.7679195,0.35058313436578026,0.003450799924491932,0.3506001171161436
1768915959.7880075,0.35147624264684885,0.004557552153784172,0.35150579003308186
1768915959.808132,0.3644779938003285,0.034393216938988225,0.36609712008717665
1768915959.828106,0.3656277355606985,0.03603397585267665,0.36739908604540017
1768915959.8480408,0.3775535718227364,0.028223324362823377,0.3786069936414214
1768915959.8679826,0.3789366344047609,0.02923709078357284,0.3800628637100635
1768915959.8879695,0.3886614264616798,0.025298197147476387,0.38948389337447614
1768915959.9081817,0.3901076860733701,0.023781396182199543,0.3908318839832464
1768915959.9279306,0.41352020910199117,0.007249145760249931,0.4135837441800727
1768915959.9479394,0.4153633033469185,0.002074607434409792,0.41536848431636114
1768915959.9680288,0.4443223200818207,-0.015082852395678081,0.44457824571078797
1768915959.988021,0.44671933398474695,-0.022915744627978185,0.44730671212002915
1768915960.0080006,0.46584035350995223,-0.02895059897506247,0.4667390835780652
1768915960.0282023,0.4685091683396999,-0.03971228422644124,0.47018922396928553
1768915960.0479538,0.44135866196988327,-0.046676689175012775,0.4438199880674443
1768915960.0680006,0.45691395603559193,-0.04712879315379581,0.4593380959208893
1768915960.0879376,0.4593685871380736,-0.05600397561230519,0.46276986087429417
1768915960.1079605,0.4617950111087703,-0.06768785904337893,0.46672934185331183
1768915960.1280043,0.46879193649463113,-0.06028996637816597,0.47265289565204893
1768915960.147969,0.47300187458414056,-0.07073265387584637,0.47826131108885583
1768915960.1680965,0.475543590244077,-0.08433641236029032,0.48296411530467925
1768915960.1880345,0.5073112812142238,-0.08866910285029306,0.5150018891688584
1768915960.208037,0.5104082424676186,-0.10397282781038086,0.5208905095140153
1768915960.2279823,0.5054637576809852,-0.10497708223880586,0.5162497439460427
1768915960.2482438,0.5084125989782252,-0.12222605479280446,0.5228982494424774
1768915960.2681322,0.5098381270760489,-0.13922795268124677,0.5285067063228478
1768915960.2880116,0.5128465192514226,-0.13985899167557747,0.531575102747306
1768915960.3079557,0.5083327108389114,-0.11875892825168499,0.5220209075777763
1768915960.3279526,0.5109018808298872,-0.16228564068902163,0.5360572366915333
1768915960.3480518,0.5139826047498125,-0.14478507115506822,0.5339858001995748
1768915960.368061,0.5167077012983203,-0.17054839674202515,0.5441264597612117
1768915960.3879788,0.4750637396762142,-0.18353184770682152,0.5092833159232979
1768915960.408202,0.47682501723388226,-0.22607283547750434,0.5277035379840948
1768915960.4279544,0.49119821881308046,-0.19605269904182698,0.5288783895818849
1768915960.448151,0.4930903578348792,-0.2626871302048337,0.5586972609248952
1768915960.4681377,0.4889867021533384,-0.2557277100934652,0.5518194057773296
1768915960.4879425,0.49087716247643587,-0.30615444522212076,0.578524790281438
1768915960.508078,0.4930446107194345,-0.31126381289588423,0.5830764524296644
1768915960.5279276,0.4840871729997297,-0.28937818976018725,0.5639859287001344
1768915960.5480638,0.492854440889565,-0.3211940486660789,0.5882780947843232
1768915960.5679197,0.4947898824636914,-0.3449296018702741,0.603152930884713
1768915960.5879543,0.505165189517191,-0.3293734768129033,0.6030578379622966
1768915960.6080587,0.5071543435044673,-0.38034256403573163,0.6339290134965601
1768915960.6281621,0.5182349491834455,-0.45966535729586555,0.6927190651722415
1768915960.6481528,0.5204956116012821,-0.5013273502968785,0.7226650633951263
1768915960.6679523,0.48853445630513814,-0.39865068714310814,0.6305460216011431
1768915960.6890748,0.490085961768271,-0.4474120873037153,0.6635976384736451
1768915960.7079406,0.4946057082039378,-0.4984759512957382,0.7022201083763623
1768915960.7279706,0.4961483370501353,-0.5587179764416814,0.7472141256405033
1768915960.7483234,0.4977316966299633,-0.6208852747340874,0.79576087250616
1768915960.768022,0.4993495257045555,-0.6603677020711491,0.8279102914930424
1768915960.788166,0.5010969440308604,-0.6834622886121298,0.8474779332065215
1768915960.8082244,0.5028322993763434,-0.7070514863693838,0.8676186522160848
1768915960.8280208,0.5043582606499167,-0.7750605650174247,0.9247140825849571
1768915960.8487608,0.5061290097034218,-0.7911159085014701,0.939165030837218
1768915960.8678968,0.5076902172426239,-0.8528752458262483,0.992544982168086
1768915960.8881266,0.5091865296013064,-0.9350399964059513,1.0646927804800141
1768915960.9079752,0.5617512828898501,-0.8452437567619167,1.0148899015033062
1768915960.9280388,0.5210414971959703,-0.687794630312005,0.8628706132939318
1768915960.9479597,0.5225404860053113,-0.7797291484249178,0.938629908120402
1768915960.9683218,0.5239491755559448,-0.9057254026427262,1.0463561743297942
1768915960.9879186,0.5369269714386737,-0.8661811094841494,1.0190977809246267
1768915961.0081508,0.5390318702534346,-0.8675451310016702,1.0213666880575363
1768915961.02808,0.4981995152159987,-0.6735654703489677,0.8377906658634258
1768915961.0495803,0.4994160544816857,-0.7033277729381431,0.862604400441003
1768915961.0681434,0.5100346909994986,-0.7912650238417114,0.9414009368904294
1768915961.0885692,0.5114347994022516,-0.8126874332850638,0.9602220671589913
1768915961.1079159,0.5023556462353225,-0.7632289309396385,0.9137174597914675
1768915961.1280797,0.503268195840616,-0.8657490074899381,1.0013991316725221
1768915961.147941,0.5303656734351057,-0.7846237872476083,0.947059784318315
1768915961.1680222,0.5318530859964247,-0.8654418986215269,1.015803812246023
1768915961.1881244,0.5488701280133057,-0.9115093201622835,1.0640054784483257
1768915961.2080657,0.5506147529615726,-1.00846810963011,1.148992834755666
1768915961.2279668,0.5404075061914422,-0.9828722370142544,1.1216408101711788
1768915961.2479753,0.5580668614835699,-0.9379761352090314,1.091438432577758
1768915961.2679663,0.5599927043562094,-1.010983013302838,1.15571557146171
1768915961.2880106,0.5618227503820701,-1.1257978848028607,1.258199380175284
1768915961.308203,0.5638850803902973,-1.1615970504729183,1.2912296819521132
1768915961.327959,0.5780218029879848,-1.122175432310076,1.2622943022963333
1768915961.347991,0.5431011099179627,-1.046179511243466,1.1787495006742275
1768915961.3681293,0.5354098947284924,-0.9679699800157322,1.1061779411942874
1768915961.3881958,0.5367189105382986,-1.0284047461292762,1.160035995471968
1768915961.4079828,0.5781506575627363,-1.0530895922553432,1.2013558474310388
1768915961.4279826,0.5803922943659537,-1.0577186054932937,1.2064923803182737
1768915961.4479313,0.5814615137571333,-1.0616435982079349,1.2104481077669658
1768915961.46794,0.5834710547553639,-1.1693726241827627,1.3068553117791646
1768915961.4881978,0.6013090141832711,-1.0229782738681248,1.1866158094953334
1768915961.5080068,0.6035600720565564,-1.1617288545807811,1.3091595365525508
1768915961.528044,0.6183571409175,-1.008290683223966,1.1827999220493368
1768915961.5481737,0.6209223189823516,-1.1323025889684957,1.2913766604655588
1768915961.5680916,0.676313797063259,-1.1906700249874436,1.369341250566024
1768915961.5879745,0.6799204859744441,-1.3039989956317606,1.470613901694243
1768915961.6080048,0.6308305015217918,-1.2371993337005434,1.388743789530417
1768915961.6279695,0.6112674418211035,-1.1703745703361284,1.3203880188490023
1768915961.6479452,0.6136196206325852,-1.1677747292057117,1.3191765829473896
1768915961.6680577,0.6159289417373032,-1.1985207239401365,1.3475237982995414
1768915961.6879592,0.6413100931672703,-1.119122999205766,1.2898507366937935
1768915961.7079077,0.7558655325756564,-1.308668431508477,1.5112728962575679
1768915961.7280579,0.7607138543148179,-1.4095923547619544,1.601760336239432
1768915961.7479932,0.789696085800073,-1.310739904268959,1.5302480206067761
1768915961.767998,0.7950236017169819,-1.3942874882018383,1.6050234038926765
1768915961.7880406,0.7988696068635045,-1.2203116665889961,1.4585448955666271
1768915961.808073,0.8041360404505398,-1.3382004551955928,1.5612223511842136
1768915961.8281791,0.8088309350186021,-1.2285112215482166,1.4708661743724198
1768915961.8482795,0.814077104858139,-1.4021204917885708,1.6213153321139082
1768915961.868418,0.8302601706990798,-1.2229097153803195,1.4781204697252655
1768915961.8882296,0.8054838573395132,-1.2359499810229106,1.4752547576690185
1768915961.907969,0.8104089571174921,-1.2612185857363398,1.4991447557801196
1768915961.9284678,0.8155251009340251,-1.2656552023848913,1.50564414174711
1768915961.9480956,0.8418075561241648,-1.1738781351511927,1.444517164222627
1768915961.9680755,1.0038713229342768,-1.0307217100058903,1.438799804172659
1768915961.9879577,1.0122262763723366,-1.0526268669430374,1.4603511069564472
1768915962.0083513,0.8703489881745129,-1.019144039650837,1.3402096607517144
1768915962.0281687,0.8758631958300509,-1.040309569862183,1.3599192398655409
1768915962.048182,0.881311523049863,-1.1415774185812144,1.4421889624022985
1768915962.0681567,0.8998847691290129,-1.1101028515903182,1.4290279699219792
1768915962.0879104,0.8816542767152369,-1.0735563141189797,1.3891858850546233
1768915962.108073,0.8868925000480563,-1.2159842514346453,1.505056811678073
1768915962.128007,0.8490085894199813,-1.0289149255514083,1.3339720795171712
1768915962.1480517,0.8533957216709711,-1.2129806968299004,1.4831070186093342
1768915962.1681254,0.8714104216960649,-1.1247886596857857,1.4228512402912188
1768915962.1879425,0.8760437044715926,-1.2919985226926327,1.5609973589933637
1768915962.2080193,0.9093974631464107,-1.046843726748806,1.386681482608914
1768915962.2283423,0.9146904634455985,-1.16928934560383,1.484552531122074
1768915962.2482307,0.9461224760105684,-1.137921919314361,1.4798696003595884
1768915962.2680204,0.954611459503932,-0.959369543435221,1.3533931282104736
1768915962.287899,0.960381394895248,-1.0613404207801702,1.4313545725789858
1768915962.308604,0.8835094159253711,-0.9443436525664985,1.2932029315507394
1768915962.3282022,0.8876595941181552,-1.0258451438622638,1.3565757679598278
1768915962.348077,0.9567501890232892,-1.052386654889748,1.4222828817032613
1768915962.367925,0.962175033603674,-1.1573029914520712,1.505035218629167
1768915962.3880517,0.9825412056763047,-1.1221969668780343,1.4915472682158304
1768915962.4082801,0.9883562903999836,-1.2494428632609855,1.5930962385640821
1768915962.4279625,0.9940243003349255,-1.3352888116885238,1.6646562769163153
1768915962.4479935,0.9167515025210773,-1.0811258838385989,1.417485976678586
1768915962.4679916,1.0260512998580666,-0.8124825620897633,1.3087815645249494
1768915962.488013,1.0322986375489018,-0.817315239342955,1.3166794133529813
1768915962.5079696,1.050815796732341,-0.9206906717074057,1.3970988338808599
1768915962.5281014,1.0572962800941301,-0.9523223329660153,1.4229523005943379
1768915962.5480008,1.2622981096057717,-0.4045685362137288,1.325546007503483
1768915962.5682862,1.272570770152158,-0.45012740690837116,1.3498337110532213
1768915962.588041,1.0617871033805102,-0.8071547469469253,1.3337505907867968
1768915962.6081483,1.2334937969332933,-0.7090535945149226,1.4227663008967582
1768915962.6279233,1.24263729813904,-0.7325703720219519,1.4425001922671186
1768915962.6481643,1.0769457838954481,-0.6818115597028607,1.2746290536444824
1768915962.6680646,1.08277972636773,-0.7744113616183705,1.3312118136632483
1768915962.6879945,1.0987213648313583,-0.7119581083788029,1.3092261017957159
1768915962.708036,1.1047301466084753,-0.8254020219309552,1.3790276264938612
1768915962.7280471,0.9103488246380252,-0.8832678551388717,1.2684230707620612
1768915962.7479858,0.912527208698526,-0.9248364027076263,1.2992414242119539
1768915962.7679696,1.0593230779898528,-0.6013216258269978,1.2180940362915829
1768915962.7879975,1.0642616986670017,-0.6367987825195698,1.240228064780014
1768915962.8081524,1.0693020100842294,-0.5756568038767149,1.2144083105034023
1768915962.82806,1.1437067489573813,-0.377852027453077,1.20450707024121
1768915962.8482258,1.4732647914740835,-0.5049412295254978,1.5573935890043649
1768915962.868209,1.485759365406616,-0.5157799481192935,1.5727395991630055
1768915962.8882442,1.3960093365883022,-0.7134042327076475,1.5677332895256446
1768915962.908266,1.3515076377049584,-0.5986001911971055,1.4781390610074712
1768915962.9280803,1.360858501265389,-0.6796684137917168,1.5211459539348713
1768915962.9479487,1.5006557601434398,-0.11083091033931858,1.5047429020062952
1768915962.9679894,1.5125007928851266,-0.202545701685807,1.5260024278321225
1768915962.9880192,1.5244036338878644,-0.2460853850406597,1.544138742387204
1768915963.0081604,1.3950799403654246,-0.39457809349408457,1.4498068532999224
1768915963.0279412,1.2408819507814843,-0.4223930941637146,1.3108027852321869
1768915963.0479853,1.2469844161576864,-0.39553637797697583,1.3082122000819558
1768915963.0679202,1.4907606530644912,-0.14040153327927918,1.497357644409792
1768915963.0879529,1.5013768593462489,-0.132707288755201,1.5072304728438721
1768915963.108003,1.4150998495515568,-0.20995754765232988,1.4305907017791701
1768915963.1279671,1.4237798121149283,-0.2533175668272616,1.446139254376737
1768915963.1480422,1.409560336721229,-0.08177361407345174,1.4119303335562623
1768915963.168022,1.4176193006497013,-0.24242276145526098,1.4381979268675584
1768915963.1884198,1.425954561064533,-0.3037584537241411,1.4579491103703264
1768915963.2080266,1.1189046750168599,0.0017873608280947195,1.1189061025990137
1768915963.227972,1.2346460811087483,0.04952297564927832,1.2356388917132501
1768915963.2480452,1.2389384910300703,-0.007542312890954861,1.238961448568765
1768915963.2680993,1.414435238791317,0.3197383443016779,1.450124013162815
1768915963.2879875,1.35561988797587,0.3675762646967229,1.4045702513737452
1768915963.3079958,1.3619616285849072,0.367150449705246,1.4105810612851772
1768915963.3280191,1.3170524365597194,0.3536366787501457,1.363703054629316
1768915963.3479502,1.3223938600989942,0.3523274460997019,1.3685248081429349
1768915963.3680015,1.327652266891647,0.3033045099878233,1.361856882187509
1768915963.3879795,1.3285088435708772,0.18070300111249438,1.3407420788716566
1768915963.4079564,1.3716006496075348,0.6904170843643058,1.5355663751156836
1768915963.4281933,1.3773160313790502,0.5542486526693757,1.4846518175247538
1768915963.448017,1.4577089710249271,0.7444512482379757,1.636802708089656
1768915963.4679708,1.4647036794948285,0.5604189101881989,1.5682557902402967
1768915963.4879575,1.4056546618426466,0.6729591204443572,1.5584412103602778
1768915963.5079465,1.4115054675743839,0.5607534449695919,1.5188127307333334
1768915963.5283031,1.3523435987061876,0.9185399250378659,1.6347931988022737
1768915963.5480623,1.3571269219842854,0.9294276361031635,1.6448796956394274
1768915963.5680814,1.3621866673680962,1.0389176024314786,1.7131556559161143
1768915963.5879452,1.2442682861047705,0.7651459714682574,1.4607025451679772
1768915963.608007,1.359106700001654,0.899750582115157,1.6299454383524468
1768915963.6279807,1.3635980401099066,0.8379616799022713,1.6004934838905827
1768915963.648105,1.3611554761796478,1.0361639323784537,1.7106665148695186
1768915963.6681664,1.3655115363619972,0.9770058762347382,1.679036103880709
1768915963.6879776,1.403398323288851,1.3895435859084344,1.974932462376683
1768915963.7082129,1.4084947636165555,1.3854728528484372,1.9757005150364373
1768915963.7280436,1.3400557298357327,1.1663927992230008,1.7765757853648816
1768915963.747967,1.397912119659565,1.214743387436144,1.8519610664403654
1768915963.76796,1.40263931673615,1.207935824116344,1.8510823882360516
1768915963.787961,1.4053561734878295,1.4264966570543756,2.0024781364468534
1768915963.8080475,1.4100449871713878,1.4244680660241826,2.004329348428006
1768915963.8279753,1.429254139116591,1.8073346603938205,2.3041757677839496
1768915963.8480186,1.4342327240045405,1.810553635615726,2.3097895951897454
1768915963.8679688,1.4191982992328318,1.8622841093583347,2.3414153660796555
1768915963.8882916,1.4236878276812526,1.8198697178239627,2.3105871159816576
1768915963.908443,1.5695026243579824,1.9148381927818825,2.4758723295846212
1768915963.9280803,1.5765124151779704,1.8448566707164602,2.426703016583879
1768915963.9479547,1.5839254821561344,1.8968352890503617,2.4711948621689697
1768915963.9679377,1.5693880592227232,1.954029684198865,2.5062344038739037
1768915963.9880722,1.5902493197277847,2.2840371548822205,2.783113117316138
1768915964.0080733,1.5972115345674416,2.20144780255805,2.719826669760952
1768915964.0278444,1.6528867895811818,2.427506556606378,2.9368048660983486
1768915964.0480442,1.6609694120810985,2.41981602529766,2.9350177144535934
1768915964.068419,1.6780887386086376,2.745405181406575,3.2176437690861923
1768915964.087947,1.6862574962001844,2.8069974148557293,3.2745532260902497
1768915964.107973,1.5945650547971493,2.568248070336672,3.023001135422922
1768915964.128442,1.601119561016887,2.631573587093879,3.0803836437952095
1768915964.1486251,1.6041491682458937,2.7998016456193966,3.2267915657502693
1768915964.1683717,1.610215880151462,2.7868272509613483,3.218571314635227
1768915964.1879401,1.7468563383274285,2.868786470162437,3.358785923238003
1768915964.208943,1.7560637218618198,2.9403275414931542,3.4248044975592933
1768915964.2280378,1.545830612646816,2.4113568556233105,2.8643034350706578
1768915964.2485013,1.6523059204874107,2.7739946296736733,3.2288017994816793
1768915964.2679808,1.6585577947466663,2.758549272918817,3.218758774688755
1768915964.288065,1.6649767795135837,2.7252476660902616,3.193606506420264
1768915964.3079338,1.5696255987608212,2.813063043612214,3.2213426094754465
1768915964.328011,1.57424771805921,2.87510992916539,3.277882393039757
1768915964.3479846,1.5660273544658436,2.7834288632941266,3.193731033126322
1768915964.367973,1.5285958344696269,2.8185412462098043,3.2063655408801743
1768915964.3880816,1.532371854321784,2.950645574164408,3.3248267329672374
1768915964.4080236,1.5964517503845856,3.048452530270783,3.4411801784591787
1768915964.4279647,1.6012775315920382,3.131913496398777,3.517523543930631
1768915964.4481342,1.5982071287556074,3.317563743450563,3.6824577687005395
1768915964.4681108,1.6028028322819992,3.3544686136189448,3.717719273819071
1768915964.4880183,1.626244536394338,3.3794471972205855,3.7503779344160115
1768915964.5080054,1.7550205399196812,3.6549862751801676,4.0545063530959435
1768915964.5279453,1.7624290042758557,3.6993175748368543,4.097695268636945
1768915964.547936,1.7064620959901178,3.6687058076948524,4.04616054902236
1768915964.5679486,1.712487976695095,3.5928586143983594,3.9801065429686378
1768915964.5880766,1.7114816643787838,3.8552390856103074,4.218060916430934
1768915964.6082287,1.7175353991579503,3.8802165167659126,4.243348685218273
1768915964.6280007,1.6780129597059452,3.9711447723870386,4.3111156672255975
1768915964.647966,1.6832258308788908,4.019416801662139,4.357632456187859
1768915964.6682377,1.7491399473319595,4.132687291811969,4.48760457340624
1768915964.6881335,1.7555128787566772,4.203493735615094,4.555346864162584
1768915964.7082248,1.7620600332866792,4.348805290069453,4.692223674532397
1768915964.72818,1.8593890810938847,4.543284475935561,4.9090489490499305
1768915964.747982,1.7140485396426361,3.997360136848652,4.349350579100025
1768915964.7679727,1.7192145652009485,4.034810470283073,4.385817398422443
1768915964.7880306,1.8549985725776952,4.328346746816088,4.709098137110619
1768915964.8080735,1.8625737498278734,4.298840708127358,4.684998656072463
1768915964.827947,1.8655662500942274,4.468387066682123,4.842191695005755
1768915964.8479614,1.8731312180049995,4.490007895531331,4.86505821771935
1768915964.8685384,1.8096403796743328,4.639248018661711,4.9797008426615825
1768915964.8880825,1.8155417712923674,4.565343139963218,4.913099826882886
1768915964.9081025,1.8501240616870198,4.5458319029694785,4.907906553072133
1768915964.9279542,1.8566824941544244,4.410429292149985,4.785306304214403
1768915964.9479666,1.745310059303497,4.68709272338241,5.00149431677077
1768915964.968068,1.7498268207242005,4.6982939772378565,5.0135676118982655
1768915964.9879704,1.7403110077094288,4.815578153111751,5.120397968154603
1768915965.0080194,1.7445855305371563,4.849862414830444,5.154099738668684
1768915965.0281096,1.7923335481081168,4.9397136339398635,5.254829239186104
1768915965.0480318,1.7974482295441168,5.040234214074804,5.3511476405180165
1768915965.067911,1.819699086645759,4.75126831709855,5.087814401784316
1768915965.0881069,1.825202134048957,4.825527119584038,5.1591738497532615
1768915965.1081977,1.7976169792294898,5.134780502311951,5.440349033925776
1768915965.1279552,1.802366268084494,5.144870595597336,5.451441791835524
1768915965.1479435,1.793013717756215,5.266227264507663,5.563096960642141
1768915965.1681063,1.7975596998617078,5.282452361649831,5.579921489381978
1768915965.1880114,1.7762807301134516,5.514616495906278,5.793631704647268
1768915965.2080302,1.7802924219951426,5.472045327963169,5.754365401944586
1768915965.2279582,1.8490913537279363,5.835955531088953,6.121888254066645
1768915965.247966,1.8543873735792942,5.825743674230242,6.113758409450279
1768915965.2681851,1.7384170996585064,6.055348762354292,6.299947828841979
1768915965.2880323,1.7413931881105569,6.02923975801567,6.2756818191519805
1768915965.3079345,2.078513915157723,6.926764070848748,7.231893292126578
1768915965.3279405,2.087996389618798,7.001001688896352,7.305734293757932
1768915965.3478434,1.842636367994209,6.391314827031074,6.651632431432313
1768915965.3682954,1.8472754618648874,6.494233513281653,6.751851268877203
1768915965.3879774,1.8265095945239214,6.657917061117615,6.903911709430312
1768915965.408232,1.8564228594294894,6.959223646833443,7.20257590030526
1768915965.4280481,1.8609904308779048,7.0442840987811906,7.285960736111653
1768915965.4481168,1.8574768781338522,7.269709167257346,7.503258740661113
1768915965.4680882,1.8619620530218253,7.285092154170734,7.519273261536199
1768915965.4880714,1.8664224916595589,7.377103919192656,7.609546317090154
1768915965.5080254,1.9690372761850443,7.474137239763628,7.729154887426418
1768915965.5279539,1.932470615162031,7.631178498461395,7.872059956189627
1768915965.5480294,1.938040140818996,7.636994618013546,7.879066339547699
1768915965.568034,1.661140400155774,6.499582069148531,6.708498677247151
1768915965.5879521,1.661267887268719,6.538521773428471,6.746264001272739
1768915965.6082797,1.6613818103901357,6.672207301179796,6.87593919328932
1768915965.627978,1.6992155814034389,6.229369995145198,6.456964002416268
1768915965.6479785,1.6711875525610353,6.279899319232655,6.498461609914588
1768915965.6680205,1.671509438407249,6.29394281427809,6.512116395772369
1768915965.6880133,1.746396364356794,6.703599315823503,6.927347547838781
1768915965.7080688,1.748206176810708,6.656019061077856,6.881774086532546
1768915965.7283041,1.7499021119509908,6.8180600097216555,7.039041106399095
1768915965.7480009,1.796616020598468,6.255955785754793,6.508825694300773
1768915965.768026,1.65368535905461,6.35443107154682,6.566084793070467
1768915965.788046,1.6535470273652004,6.318655151820046,6.531433280630699
1768915965.808012,1.5784953534334458,6.140675395183109,6.340310866970027
1768915965.828207,1.5769222192224812,6.107272102358721,6.3075713406767475
1768915965.848207,1.5752611977767454,6.222538969755014,6.418834712885261
1768915965.8679495,1.5696316933454935,6.020822223953701,6.222061065692737
1768915965.8880835,1.5678608999138302,6.1666366823706795,6.362829227147171
1768915965.9080057,1.4429516949317915,6.037416223959681,6.207455537918746
1768915965.9283652,1.4985438117875094,6.071524349476071,6.253722210182306
1768915965.9479444,1.4957119938927428,6.130417644993344,6.310243645907845
1768915965.9680464,1.4928745184746082,6.131833669078063,6.310947509934632
1768915965.988064,1.3747905643965412,6.065125217037803,6.218986492532494
1768915966.0086818,1.3696943003004587,6.144198959510362,6.295017341542736
1768915966.0280437,1.436059718666425,6.030769680011154,6.1993911353388675
1768915966.04811,1.432373736912974,6.092663158593311,6.258772953724896
1768915966.0680187,1.425447097098423,6.070697146756551,6.235804941967352
1768915966.087998,1.3749476960947087,6.1883576531660225,6.339262702435878
1768915966.1078858,1.3703562985122781,6.225679729974026,6.3747128943256515
1768915966.128008,1.3329466053367254,6.157496251217978,6.300119581122422
1768915966.1479638,1.3276621228683214,6.23769654650674,6.377424630585714
1768915966.1679914,-2.1333173342452585,-12.873576873444385,13.049138836148284
1768915966.1879327,-2.2050007397241864,-13.175578272079179,13.35881323568337
1768915966.2079651,-2.267386721338153,-13.8750293505,14.059071164957414
1768915966.228104,-2.3392900384657795,-14.268645171031956,14.459132508587047
1768915966.2479436,-2.3000641925631258,-14.152334589474243,14.338021816915337
1768915966.2679744,-2.3693178587590076,-14.464704175553507,14.657466834419564
1768915966.2883372,-2.4394076546556716,-14.73809495502164,14.93861280738031
1768915966.308263,-2.5092176448679866,-14.983491419682125,15.192142321378006
1768915966.328241,-2.380809847577355,-14.482445366109896,14.67683478522121
1768915966.3481255,-2.394185901940281,-14.583143322423574,14.778369169004979
1768915966.3680224,-2.458181316418496,-14.919645631994314,15.120796313973546
1768915966.3879368,-2.496554822099152,-14.823712825635269,15.032473113784375
1768915966.4081802,-2.5612091541329676,-15.138586767907036,15.353716216625358
1768915966.4280186,-2.5208758820653916,-15.023967703056996,15.233988996821505
1768915966.447973,-2.5830830623857652,-15.254606364974393,15.471759223097465
1768915966.4680002,-2.5122645150354215,-15.156508140472972,15.36330732641021
1768915966.4882658,-2.53993195847686,-15.185411350716883,15.396362305563391
1768915966.5079434,-2.598258702337872,-15.379216978573993,15.597155611146958
1768915966.5281212,-2.6573504935352803,-15.59843825164679,15.823172486449423
1768915966.5479307,-2.5091405994317695,-15.358263986098663,15.561878396080983
1768915966.5685322,-2.56536597902869,-15.570031909910991,15.779955522180801
1768915966.588028,-2.5540138049182586,-15.477930097523103,15.687233874062201
1768915966.6089766,-2.6089907121254754,-15.693586652066632,15.908975282584386
1768915966.6280048,-2.621216830765715,-15.614955468005661,15.833433359246166
1768915966.648337,-2.622986241899561,-15.719092715192321,15.936434124797387
1768915966.6680226,-2.674095346332277,-15.949730109947392,16.172342950278985
1768915966.6879652,-2.7259103381551553,-16.159592265496222,16.38789215728327
1768915966.7081373,-2.6521274573538207,-15.931110945696258,16.15035838655394
1768915966.7281237,-2.701173125576253,-16.19168465473227,16.415449680487825
1768915966.748117,-2.694562029404731,-16.131270607240076,16.35477165644074
1768915966.7681034,-2.742804483646031,-16.34255163917488,16.5711185655829
1768915966.788117,-2.698082148695552,-16.27518466404305,16.497311390945242
1768915966.8080702,-2.7333310663186206,-16.32308799563697,16.550356504662076
1768915966.828189,-2.7802076065704284,-16.496679252693575,16.72931500994236
1768915966.8482845,-2.826322574440185,-16.648970348886618,16.88716414833752
1768915966.8680742,-2.7313300239979874,-16.449371651768452,16.67459119252992
1768915966.8880568,-2.7750349690466987,-16.613225150935882,16.843398380229583
1768915966.9081166,-2.765046205212038,-16.538950596182495,16.768493293671998
1768915966.9285874,-2.807810567551652,-16.724003315882054,16.95806849534724
1768915966.9479642,-2.818765910508646,-16.68173314310927,16.91820504415749
1768915966.968597,-2.8609774912956096,-16.85073629871522,17.091884214870483
1768915966.9883587,-2.787949148247896,-16.79821252987216,17.027994733730985
1768915967.0088956,-2.8283632744937246,-16.970539158376795,17.204616768138283
1768915967.028506,-2.8337292198442956,-16.92313709988182,17.158746766381157
1768915967.048269,-2.8723586828934953,-17.07773838688646,17.317609327332942
1768915967.0682342,-2.9149533141853685,-17.04526571702764,17.29271627558719
1768915967.0879962,-2.9536335237284415,-17.20066758120653,17.452418635583488
1768915967.1082683,-2.9935197985151536,-17.342341351235238,17.59880576422349
1768915967.1283581,-2.914696210774363,-17.20442569780308,17.44957643016957
1768915967.1480057,-2.9254972357827898,-17.23568065311477,17.482197277594356
1768915967.1687908,-2.9756569028738755,-17.264895665435432,17.519450800238918
1768915967.1879652,-3.0110594807244353,-17.37668210327644,17.635633249611093
1768915967.2080858,-3.0480225152881157,-17.49135483161274,17.754941146032717
1768915967.2281444,-2.9687088977392637,-17.347996943696238,17.60017700132616
1768915967.2481647,-3.003321930030938,-17.51596997128071,17.771582558967907
1768915967.269112,-2.9344186065890785,-17.44647318575157,17.691530153716066
1768915967.2880151,-2.965631494458526,-17.598392257193254,17.846522916214347
1768915967.3083022,-3.0535643599430387,-17.564614193165944,17.828065712664426
1768915967.3280127,-3.086395190868839,-17.702934744683553,17.969967552801602
1768915967.3479912,-2.981989168621853,-17.67350692647365,17.923311816790168
1768915967.3680987,-3.0127249577886985,-17.811875459795903,18.064866981701314
1768915967.3879282,-3.0620773598303788,-17.748980582844542,18.011180680004806
1768915967.4080477,-3.0933302036195607,-17.859950981789062,18.125852830157623
1768915967.4279995,-3.1015831838932284,-17.811624696327307,18.079651339819197
1768915967.4481406,-3.1323829698131895,-17.912550245530763,18.1843690945889
1768915967.4680204,-3.1275931766996017,-17.853676812290225,18.12555143427773
1768915967.4881618,-3.1579173514841647,-17.94151247410057,18.217308029923387
1768915967.508715,-3.1136332113457703,-17.898535153435155,18.167340818445318
1768915967.5279937,-3.141290652943856,-17.98970965232119,18.26191009563596
1768915967.5479453,-3.0955643559208017,-17.942987701092477,18.208056632249452
1768915967.5680707,-3.1226823405027373,-18.057707532321803,18.325718166624718
1768915967.588033,-3.1500182212766976,-18.120523553197625,18.392280680665056
1768915967.6080418,-3.1302610795340495,-18.05346349897745,18.32282944129964
1768915967.6280956,-3.161720365327608,-18.058701618815743,18.333389752742008
1768915967.6481204,-3.1880681475495365,-18.160236507476423,18.437949140858898
1768915967.668001,-3.1329038672619127,-18.12433123630078,18.393109291380096
1768915967.6881688,-3.1576786697528076,-18.225667303662824,18.497185819610937
1768915967.7080648,-3.162367888630841,-18.176251615001046,18.44930062183582
1768915967.7281902,-3.186954270453082,-18.255883690061037,18.53197147707161
1768915967.7479362,-3.185448495201765,-18.211801721040764,18.48828829400079
1768915967.7679498,-3.2094470686061447,-18.278290114237485,18.557921219425854
1768915967.7879949,-3.184912887110814,-18.23323825156489,18.509312446355583
1768915967.808107,-3.208109177316457,-18.294477147293847,18.573633424465957
1768915967.8279936,-3.208188293658626,-18.250708960841678,18.530538300354767
1768915967.8482845,-3.2311201038841,-18.31160640681661,18.594490214143843
1768915967.868506,-3.1787050882529844,-18.285355271119933,18.559590066301542
1768915967.88807,-3.199294666090308,-18.351412366900306,18.628199650543134
1768915967.9082234,-3.2208850204496255,-18.39734497839472,18.677162594168905
1768915967.9281504,-3.222738286815617,-18.329627721938405,18.610784359885535
1768915967.9479244,-3.184225372442622,-18.35092957155486,18.62514180785408
1768915967.9683154,-3.2041056256233,-18.40063981848014,18.67752228186565
1768915967.988199,-3.2110083436635066,-18.37053603913121,18.64905276275702
1768915968.0082102,-3.243206786135903,-18.375225916146732,18.6592421530744
1768915968.0280583,-3.262894351703536,-18.4155074077378,18.702336555490188
1768915968.0485585,-3.2830135310471587,-18.452589298023142,18.742364569246774
1768915968.0679853,-3.269297498271353,-18.380314525392624,18.668804680122463
1768915968.088619,-3.2889926092519097,-18.416965420475556,18.70834272945378
1768915968.1081076,-3.285084260159668,-18.380996693258723,18.672247267909047
1768915968.1280937,-3.3037410665221527,-18.41500121201395,18.70900784844296
1768915968.147968,-3.3111501349198016,-18.381753828137537,18.677595910989947
1768915968.1679735,-3.2957676024699185,-18.38458048326971,18.677657337988396
1768915968.1881518,-3.313644756043315,-18.413620460530247,18.7094003119745
1768915968.208365,-3.3195089024352193,-18.37962367342469,18.67698331449862
1768915968.2281425,-3.3368272598531012,-18.40707411871158,18.707078707640072
1768915968.2480202,-3.341252337680819,-18.37430166710094,18.67562392365208
1768915968.2679062,-3.358405459392287,-18.40078043534185,18.704748270408114
1768915968.2880754,-3.375825958868786,-18.427491946876465,18.73415758332275
1768915968.3080008,-3.3320934478995503,-18.374385586511465,18.674070055221904
1768915968.3281274,-3.3484129403414893,-18.39961528959726,18.701810394296793
1768915968.3479462,-3.394873009152268,-18.363117994511008,18.674294236425766
1768915968.368012,-3.412060411922459,-18.360079058760483,18.674438660868596
1768915968.3881161,-3.4288962138777244,-18.3835676137157,18.700611953987007
1768915968.407989,-3.3884919491735648,-18.362757446464954,18.672780690816197
1768915968.4279366,-3.4039691511448913,-18.38508121391562,18.697545754034646
1768915968.4479551,-3.3687821350613243,-18.3649789237791,18.67139908909771
1768915968.4679441,-3.383282612629824,-18.38648036876747,18.695166797544086
1768915968.4881222,-3.3914442710539596,-18.360325939792606,18.67092560263379
1768915968.507943,-3.405875131413807,-18.380896357104227,18.693778010380633
1768915968.5293338,-3.3829455038559617,-18.36199265677601,18.67102285922106
1768915968.5481772,-3.3961534588510505,-18.381049025215795,18.692159361172067
1768915968.567986,-3.447899838779277,-18.34948435747702,18.670607635627395
1768915968.5882132,-3.462641818886044,-18.36862613305781,18.692145793941172
1768915968.6080263,-3.4771611789262753,-18.387495417084054,18.71338124384578
1768915968.6280363,-3.3892526402051093,-18.357399789914343,18.66765010669218
1768915968.648214,-3.402021679255747,-18.375590247125512,18.687858851039632
1768915968.6679482,-3.399334556939145,-18.354818937452677,18.666945482769055
1768915968.687995,-3.4118237511628493,-18.372287187599206,18.68639820330876
1768915968.7081008,-3.4063140988468827,-18.352721188386113,18.66615522164754
1768915968.7280626,-3.4222851514378725,-18.349982839095073,18.666384380828436
1768915968.748037,-3.434399823306758,-18.36601973949393,18.684372700677166
1768915968.768078,-3.4865279673110035,-18.33912231979982,18.667599865205535
1768915968.7879107,-3.4994714518283367,-18.3544197810278,18.68504819207984
1768915968.8080325,-3.4688303360263544,-18.34112088856261,18.666266347317677
1768915968.8279538,-3.480967865404328,-18.35581006183058,18.682957482849936
1768915968.8479798,-3.491667339034307,-18.336825334406328,18.666303976711742
1768915968.8682406,-3.50399054779112,-18.35123728960218,18.68276906184667
1768915968.8880105,-3.470040721784708,-18.339331006887452,18.664732636473197
1768915968.9080172,-3.4813143060099936,-18.353035992654682,18.680296556663873
1768915968.9280293,-3.481480673406054,-18.337055154237543,18.66462695605914
1768915968.9479933,-3.4925561704219907,-18.350254964973562,18.67966289532789
1768915968.9679673,-3.48928551280062,-18.33516481025962,18.66422733491057
1768915968.988128,-3.5001922501668132,-18.347883107682584,18.67876228022916
1768915969.0081198,-3.4756574236471582,-18.33672290010092,18.66321519035879
1768915969.0292587,-3.4877854056988697,-18.335484685897267,18.664261188243675
1768915969.0481021,-3.4973776854124865,-18.346673783302993,18.677047132385745
1768915969.0681381,-3.5075361884957275,-18.35859693201913,18.690663215251334
1768915969.0882292,-3.512312790411876,-18.330437445526687,18.663903077385978
1768915969.1082067,-3.561205454804083,-18.32264017911616,18.66551171076454
1768915969.1281528,-3.571989653198221,-18.33334307316717,18.678077479253634
1768915969.1481097,-3.5783889571204055,-18.31955454074511,18.665769368010952
1768915969.1680117,-3.5891066491884445,-18.32986648488129,18.677946672287696
1768915969.1879673,-3.6326556992022594,-18.311092596306377,18.667948454488858
1768915969.2085025,-3.644358982420406,-18.321140115978775,18.680083713465393
1768915969.2283623,-3.65565567013698,-18.330915970766412,18.691877880670624
1768915969.247914,-3.6436484429514873,-18.308575148188794,18.66762164638814
1768915969.26794,-3.6095808154455398,-18.313528754648353,18.665862131457107
1768915969.2885382,-3.6199075046117066,-18.322855783756985,18.677011924135535
1768915969.3079624,-3.6215762909713822,-18.311304135018535,18.66600315966096
1768915969.3280494,-3.6315749515376545,-18.320025037146372,18.676500046590785
1768915969.3479927,-3.6356807601323817,-18.309144828321184,18.66662687616692
1768915969.3681214,-3.6456027312882635,-18.317524812974465,18.676780625908517
1768915969.3882482,-3.574247660925857,-18.31802158923499,18.66347130855654
1768915969.408416,-3.5826798456294107,-18.32629522477987,18.673207853555013
1768915969.4279494,-3.631986913429797,-18.309175522099515,18.66593788799195
1768915969.4480276,-3.6411477808621164,-18.31692412776956,18.675322397874254
1768915969.4679663,-3.656799936175781,-18.305713119457817,18.667386495840955
1768915969.487951,-3.662186110246742,-18.30476802140858,18.667515620019348
1768915969.5079978,-3.671332883231985,-18.31201906998016,18.676421701140118
1768915969.5280282,-3.6414962501836254,-18.30772839002909,18.666371199115765
1768915969.5480072,-3.6499538593749836,-18.3147291396056,18.67488866453251
1768915969.5680594,-3.6583604413982322,-18.32176600991812,18.6834341286975
1768915969.5880919,-3.696980707744175,-18.2995014346172,18.669210457568617
1768915969.6080446,-3.7094864701705212,-18.297635716437547,18.66986241737815
1768915969.6279929,-3.7186025736781656,-18.303955339770248,18.677868887570384
1768915969.647953,-3.7221709006698074,-18.295750438045342,18.670539368347917
1768915969.668555,-3.740689126511848,-18.293461175004396,18.671997132138735
1768915969.6879911,-3.749693347226356,-18.299152540791937,18.6793785739624
1768915969.7079227,-3.7583088346058453,-18.290790376238512,18.672918836747932
1768915969.728032,-3.7674810021133514,-18.2963903981051,18.680251997795896
1768915969.7479775,-3.7030928099393736,-18.29866988049087,18.669606738070527
1768915969.7680752,-3.7107830581240675,-18.304226436990536,18.676579353861452
1768915969.7880151,-3.707368151295242,-18.29790347740636,18.669704075793973
1768915969.8080978,-3.714899934335718,-18.30322248442891,18.676413864461015
1768915969.828105,-3.7224013430766156,-18.308530516100525,18.683108986941193
1768915969.8481228,-3.81109812024269,-18.28310917327861,18.676095682024705
1768915969.8681183,-3.7763203240441494,-18.28613735243908,18.67199546010165
1768915969.8882117,-3.7845736152612095,-18.287830612738265,18.6753245211305
1768915969.908353,-3.7980847029395166,-18.273909506783752,18.664437202145283
1768915969.928119,-3.8062566903725283,-18.274580286151476,18.66675854635726
1768915969.9479916,-3.77662689307434,-18.268771116918057,18.655050490733917
1768915969.9681642,-3.784477569398006,-18.26189201634145,18.6499053748214
1768915969.9879572,-3.792076696337877,-18.255073168386044,18.644772512799314
1768915970.0079868,-3.7691417887790752,-18.231679305251223,18.617211394659684
1768915970.0280259,-3.8568373543257533,-18.208276004180433,18.612267713047096
1768915970.0479567,-3.8653811933737297,-18.20335047731195,18.609221917370444
1768915970.0679915,-3.8819704819179606,-18.190688507064877,18.600291481144712
1768915970.0880182,-3.8907521410367756,-18.180769701790766,18.592426930676247
1768915970.1083755,-3.8513019912391346,-18.168926093686196,18.572625081704352
1768915970.1280608,-3.859140928186385,-18.14781802124428,18.553605246307306
1768915970.148646,-3.835747740591006,-18.132202297877473,18.533475683222566
1768915970.1682985,-3.842927995200309,-18.109990399667414,18.513234397380167
1768915970.1879609,-3.8524533208045515,-18.090687302386986,18.49633378974665
1768915970.208214,-3.8598100611004225,-18.07424202016331,18.481784500183124
1768915970.2280478,-3.8339388145287447,-18.052788043836433,18.455412295292504
1768915970.2484114,-3.8407310367734047,-18.024797677806685,18.429447800265198
1768915970.2679305,-3.850952695056269,-17.989620839007227,18.39718170239138
1768915970.2881615,-3.857722379048049,-17.96497683914939,18.374504477263656
1768915970.3079984,-3.8720341432057896,-17.934019645446895,18.34725344702652
1768915970.3280246,-3.8850036213742967,-17.910017332654515,18.32653742511325
1768915970.3479688,-3.8918916724263295,-17.89755431966065,18.31582024958492
1768915970.3680623,-3.9038151860794525,-17.864938656042785,18.28649245184096
1768915970.3883262,-3.911099335091331,-17.822670995353544,18.246761340511043
1768915970.408109,-3.9180786810958255,-17.795529580582233,18.221751112465423
1768915970.4279923,-3.8486127619470984,-17.744457210750955,18.157025689677088
1768915970.4479961,-3.8944288902757975,-17.715599361867454,18.138606262103306
1768915970.467952,-3.9010191010878597,-17.656420766029466,18.0822328348611
1768915970.4882119,-3.9549720619459623,-17.621702929326272,18.06007248435618
1768915970.5079896,-3.9621901624621723,-17.58882934316437,18.029583149548188
1768915970.5279908,-3.9649832316695783,-17.564827027703572,18.006783181361595
1768915970.5480583,-3.972169768541593,-17.535733581361605,17.979991237667743
1768915970.5679514,-3.893554707438819,-17.521629354132177,17.949018454595375
1768915970.5882592,-3.8992970403874287,-17.47518501602395,17.904932525799758
1768915970.6079276,-3.9011881431673947,-17.427432803748765,17.858742482536904
1768915970.6281407,-3.907927204403242,-17.38676216104853,17.820532917951244
1768915970.6479158,-3.913490969486395,-17.33029709200389,17.766671293896614
1768915970.6680899,-3.957388573453782,-17.28595220889339,17.73316294656565
1768915970.6879692,-3.963684284192193,-17.226411592707787,17.676539521810525
1768915970.7079353,-3.8936333972855035,-17.175959593489534,17.611756556052047
1768915970.7279897,-3.8985075865251377,-17.099898677162038,17.538668597456365
1768915970.7479858,-3.900498589917831,-17.05037895696269,17.490835080864123
1768915970.7680697,-3.905160899176653,-17.011492477549577,17.453972555329177
1768915970.7879138,-3.9070120958543924,-16.98123406459054,17.42489752835186
1768915970.808026,-3.911617399336699,-16.934125253961035,17.38002729559521
1768915970.827986,-3.9112101329288285,-16.917645241887154,17.363878749699683
1768915970.8480012,-3.9156848310917183,-16.883695600694494,17.33181366254993
1768915970.8679416,-3.913699702315361,-16.852775089921792,17.301244856697213
1768915970.888196,-3.918128974612424,-16.781007442632607,17.232351709833118
1768915970.9080074,-3.9193695788948717,-16.703393567551323,17.157063110231935
1768915970.928217,-3.925634549065305,-16.656592888763033,17.112939352279795
1768915970.9479675,-3.9298996776288138,-16.57987158638271,17.039256242488044
1768915970.967968,-3.9341897127857792,-16.501306569898972,16.96381346307429
1768915970.987992,-3.9342233612128377,-16.406967589156604,16.872068602502424
1768915971.0080354,-3.8651788338356767,-16.331671101309105,16.782821228234134
1768915971.0279248,-3.867909265973959,-16.273284444325636,16.726640687709473
1768915971.0479257,-3.8673348819928135,-16.21935297203143,16.67404239891524
1768915971.0681045,-3.8699996606382543,-16.17689018878206,16.633360260430045
1768915971.0881636,-3.7934919750700655,-16.14021692266784,16.580023633146435
1768915971.1079898,-3.794612873322514,-16.078836587686425,16.520534884558327
1768915971.128109,-3.795722906601807,-16.04050913477967,16.48349009423222
1768915971.1479418,-3.7968313678693786,-15.98684678290105,16.4315306193912
1768915971.1682706,-3.8838020065531205,-15.918405643654868,16.385345777921476
1768915971.1882975,-3.8865123383381825,-15.805858346393926,16.276674605776375
1768915971.2081413,-3.854125105035048,-15.721026847682438,16.18656743941758
1768915971.2281833,-3.8561604704096153,-15.643501755601314,16.111769634371363
1768915971.247889,-3.8681505896200816,-15.560410599947208,16.033994106988054
1768915971.267951,-3.8709358586691365,-15.468508559201652,15.945497843216602
1768915971.2880325,-3.8731400941051985,-15.376567725463172,15.856861265847062
1768915971.3080676,-3.922448074767863,-15.284887958505177,15.78015838967742
1768915971.3279831,-3.925573222554663,-15.211279488786513,15.709651454173498
1768915971.3480313,-3.9287421586495963,-15.169211135518879,15.669715422530833
1768915971.36813,-3.9357883225649495,-15.111260029257238,15.615396549299223
1768915971.3882773,-3.93910444546702,-15.034027561674655,15.541509854499056
1768915971.4082263,-3.9422380169777034,-14.957134820291841,15.467938537985304
1768915971.4280238,-3.9442149471834673,-14.808616178274484,15.324879923348119
1768915971.4487627,-3.947467449368196,-14.775065166518075,15.293300818942825
1768915971.4681823,-3.99088826993627,-14.629134319390108,15.163731734565616
1768915971.488015,-3.9948082869474586,-14.570928902275949,15.10862211866604
1768915971.508133,-3.9236222444902866,-14.483227891256075,15.005289123089794
1768915971.5285292,-3.926118341014123,-14.387563175450143,14.91363065639003
1768915971.5479865,-3.9276623714761842,-14.276079726994077,14.806518296878615
1768915971.5681026,-3.930137113578377,-14.190145078040786,14.724340225197572
1768915971.587948,-3.937003391257007,-14.100516689536175,14.639828093753607
1768915971.6079946,-3.939092302424566,-14.037019717881385,14.579244518397077
1768915971.6281245,-3.941697328775195,-13.986794668208468,14.531600150096972
1768915971.64803,-3.943766918552747,-13.934234871437003,14.48158136945831
1768915971.6679745,-3.9461452232347773,-13.766185437500319,14.32061184525663
1768915971.6881564,-3.948668274054724,-13.674628630322179,14.233321794850045
1768915971.7079396,-3.872481767444069,-13.575257541491023,14.116789024314121
1768915971.7280335,-3.873456633682171,-13.454651420700259,14.001118210541897
1768915971.7480764,-3.8774628836307405,-13.343930400918676,13.89586978056774
1768915971.7683814,-3.878549241690865,-13.24806913173736,13.804147200733302
1768915971.7882159,-3.879541662663016,-13.109129118772358,13.67114149458572
1768915971.8080053,-3.880647956285761,-13.03929266439198,13.604505935471943
1768915971.828131,-3.850546457926968,-12.868732435049047,13.432460031935227
1768915971.8480556,-3.8574757777769273,-12.824611927027743,13.392191398535116
1768915971.8680503,-3.8580566749658525,-12.723661442871066,13.295719680410398
1768915971.8880882,-3.8229884576667894,-12.683155195160008,13.246798347222162
1768915971.9080129,-3.8228005740132422,-12.521595855762932,13.092141421621422
1768915971.927978,-3.867190704498219,-12.395903397622142,12.985129378952587
1768915971.9484527,-3.8678939340747966,-12.245399379229784,12.841744797421175
1768915971.9680254,-3.7965990800923723,-12.084587122713966,12.666941639615398
1768915971.9881606,-3.7598582660136,-11.980498410504794,12.55662679005069
1768915972.0081556,-3.7584673026096413,-11.824791946758864,12.407730696985613
1768915972.0280359,-3.719229077325705,-11.765564918349856,12.339415819945849
1768915972.0479462,-3.717208633319259,-11.671155946133258,12.248817132384046
1768915972.0679874,-3.718746835227593,-11.542095936458132,12.126378545588892
1768915972.0880501,-3.716790910991993,-11.446047834756925,12.034390126282942
1768915972.1080055,-3.7147485846083126,-11.30026016418687,11.895177040513442
1768915972.1280155,-3.720212540394064,-11.116896518985108,11.72285671496195
1768915972.1480114,-3.7193158604958554,-11.050464556204055,11.659591647140054
1768915972.1684291,-3.717262819128836,-10.816098325377173,11.43704620305018
1768915972.1883316,-3.6732174540069416,-10.718828623536911,11.330746379880516
1768915972.2080398,-3.670489692202819,-10.513786060328862,11.13607614480669
1768915972.22803,-3.735047599895653,-10.38420099093402,11.03549775921328
1768915972.2483964,-3.733705675499406,-10.280138355184626,10.937175260230337
1768915972.2679245,-3.7280266304324217,-10.174847380278521,10.836314030572112
1768915972.2886343,-3.72659226101541,-10.087171336282267,10.753535020976802
1768915972.3079839,-3.71383299609107,-9.981511479457229,10.650029433639665
1768915972.3279786,-3.7122120608835756,-9.892789918423993,10.566352765029231
1768915972.3480768,-3.623676096945834,-9.831169430504033,10.477734527408757
1768915972.3684647,-3.6204758908810426,-9.795998949687199,10.443631604893175
1768915972.388001,-3.6921762734334758,-9.623673763159289,10.307631266873372
1768915972.408153,-1.3336868817506895,8.447110762913084,8.551748414182677
1768915972.4283493,-1.2857962582244329,8.943436379987645,9.035392979862605
1768915972.4479706,-0.9658503028022625,10.300248298526924,10.345432896632698
1768915972.4685502,-0.9116736382653587,10.896501174296276,10.934572998711387
1768915972.4881573,-0.8604898169278262,11.343039729584355,11.375631544312851
1768915972.5079286,-3.428003554194943,-7.9803069985504855,8.685419285140298
1768915972.5280268,-3.492555166909793,-8.501602008168263,9.19103793372647
1768915972.547953,-3.4907465744429342,-8.296489573883118,9.000947222183694
1768915972.5679376,-3.4847317560685296,-8.278537469476689,8.982067581870108
1768915972.5879383,-3.483045870365922,-8.188676670212097,8.898653501757947
1768915972.6080263,-1.0989226802026955,9.631481288922103,9.693970439191594
1768915972.6279802,-1.0514572455608342,10.103413539497787,10.157978513924391
1768915972.6480117,-1.0003841457982934,10.44810482095981,10.49588789902637
1768915972.667976,-0.9527595553224296,10.961704966074336,11.00303260621893
1768915972.6879807,-0.8630185237399802,11.07944658094809,11.113007581766542
1768915972.707992,-0.8144716828635162,11.631582858662753,11.660063632764775
1768915972.7279165,-0.897474719798764,11.093770283807114,11.130013476297306
1768915972.7481644,-0.8589262571968677,10.98301095073478,11.016545913273466
1768915972.7682211,-0.81366820800946,11.38232203486643,11.41136761558978
1768915972.7880027,-0.7681785463194297,11.846116882040274,11.870997576530163
1768915972.8079467,-0.7421786600532477,11.12815698233733,11.15287886543118
1768915972.8279936,-0.8164177919985756,11.076384690573015,11.10643218250812
1768915972.8479521,-0.7734338353883401,11.470714517999308,11.496760041470973
1768915972.8680847,-0.7304117669751969,11.82329745980357,11.845837419631142
1768915972.8879461,-0.7836523484560005,11.040721762994423,11.068498003392298
1768915972.9080966,-0.7424737148075339,11.394135992115999,11.41830119693877
1768915972.928067,-0.8049755967552132,11.013492503070655,11.0428711314841
1768915972.9479785,-0.8384452948717527,10.39446382149437,10.428224616340401
1768915972.9681666,-0.8004323774715207,10.697377062784643,10.727281482943184
1768915972.9881864,-0.8718721333837055,10.245591948008084,10.282622009101527
1768915973.0081115,-0.8362524727781251,10.62191716425233,10.654784955242683
1768915973.0280364,-0.8429987088307812,10.2771945224765,10.31171053103758
1768915973.0481093,-0.8082244856365,10.508592129951538,10.539626908617866
1768915973.0679967,-0.74145429987733,10.188532590712665,10.215476045237477
1768915973.088168,-0.7056492383626566,10.591236709614119,10.614717890112741
1768915973.1079643,-0.9187963929082523,9.68723586285492,9.730710430086988
1768915973.1282284,-0.8878660225735064,10.046029270475653,10.085187661977049
1768915973.1479385,-0.8502684281081856,9.625580027261257,9.663060967470319
1768915973.1680527,-0.9594246843600398,9.381350448185213,9.430282708202562
1768915973.188044,-0.9314384368942225,9.671064144043704,9.715814903544207
1768915973.208307,-0.7198356034002639,10.352558675701413,10.377554356868636
1768915973.2279837,-0.688664327565707,10.60394389413592,10.626282730383377
1768915973.2480237,-0.6570345268711726,10.833520904709001,10.853426627672375
1768915973.267959,-0.7767145669099328,10.181437234787705,10.21102099128053
1768915973.288101,-0.8158769530271273,9.594648918636533,9.629275314081223
1768915973.3079817,-0.7885401424054955,9.817125867272456,9.848743871685102
1768915973.3281085,-0.8346236551563518,9.619149291952336,9.655290246627166
1768915973.3480058,-0.808662645570624,9.834010453207462,9.867203092474327
1768915973.3684442,-0.8905586377807767,9.251303808141877,9.294068906451379
1768915973.387958,-0.8673171605534389,9.375836761932455,9.415867142403537
1768915973.4080608,-0.9074515322291186,9.298975044799793,9.343147497880695
1768915973.4280322,-0.8849125947004794,9.4654465046764,9.50672119256425
1768915973.4480083,-0.9132375228340421,9.176665305124008,9.221994843599662
1768915973.468059,-0.8915757599010384,9.331412340689816,9.373908662218835
1768915973.4880834,-0.9858895767963692,8.76896055361452,8.824208035199712
1768915973.5079813,-0.9661827684115245,9.077969885639462,9.129241282086497
1768915973.5282087,-0.966783758710055,8.825002551075062,8.877800451834164
1768915973.5480397,-0.9479089461195689,9.02799187771247,9.077619110437265
1768915973.5679605,-0.7856958397110663,9.408598016507646,9.441347074902549
1768915973.5881217,-0.7638471709054987,9.591620345295695,9.621987494732606
1768915973.6080873,-0.8167695078682216,9.238449670131022,9.274484607595577
1768915973.6280704,-0.796435180526281,9.388085931496011,9.421808024680468
1768915973.6479628,-0.8604904124018692,8.755227195742684,8.797411380565753
1768915973.6679964,-0.8495924983899688,8.249436066858113,8.293069566481398
1768915973.6882842,-0.830767898285525,8.467552899589112,8.508209412570999
1768915973.7081923,-0.8842499855232333,8.221089021505993,8.268506681162217
1768915973.7282,-0.8671751181659734,8.431222596019772,8.475700982762461
1768915973.747958,-0.7730378160605985,8.566601556015666,8.601409749836929
1768915973.7679684,-0.7542860557381765,8.825308442960761,8.857483647587252
1768915973.7879965,-0.8396239069552509,8.288302800244573,8.330722154391708
1768915973.80797,-0.8229154035892462,8.535018578493656,8.574598060358065
1768915973.828091,-0.8315072734949918,7.855137233951293,7.899024326464823
1768915973.8479328,-0.8153530267633574,8.016635310686024,8.05799244618597
1768915973.8681664,-0.8505690257950818,7.7933917963090416,7.8396698500905675
1768915973.8879712,-0.8355584878590153,7.903138594801323,7.947185516600922
1768915973.9080837,-0.8138351654008464,8.054891900380113,8.095900888922257
1768915973.927954,-0.798607233000951,8.262727337119035,8.30123102679209
1768915973.9481483,-0.8042385572848171,7.695252898080923,7.737164650079925
1768915973.9685798,-0.7893842181920271,7.865822817080492,7.905333391681512
1768915973.98806,-0.6355290360273066,8.205242922889276,8.229818259187644
1768915974.0081127,-0.6179675506188378,8.405252046015598,8.427938410469503
1768915974.0282733,-0.6463937900752675,8.180600819665809,8.206098628615475
1768915974.0481665,-0.6834977642619547,7.750270688166527,7.7803512088853894
1768915974.0682952,-0.6677520867050334,7.860704332813263,7.88901549353328
1768915974.0879722,-0.6524451483834564,7.925284770145776,7.952095532597284
1768915974.1079803,-0.6580063532373219,7.65647599456592,7.684698889108464
1768915974.127973,-0.6393993532858443,7.2142151692633405,7.242494876864715
1768915974.1479754,-0.624203965082204,7.332880338725165,7.359399748083157
1768915974.1679642,-0.5806473580635223,7.18680344742457,7.2102215740114275
1768915974.1881466,-0.5647223311852961,7.348582113002628,7.370249004130154
1768915974.2082348,-0.5130351020309357,7.582071716949979,7.599408959707899
1768915974.2280226,-0.49679863316061623,7.724836834291011,7.740795372462021
1768915974.248429,-0.5443059879634866,7.126639808424617,7.147395607321269
1768915974.2679877,-0.5294565156790758,7.113868023867603,7.133543471725744
1768915974.2879732,-0.5691015807586483,7.079094156862503,7.1019328841482885
1768915974.3079696,-0.5549897744845897,7.1828219058824985,7.204230991674819
1768915974.3280504,-0.46867324454732895,7.454460451063298,7.469179019585844
1768915974.3479373,-0.44862062581124496,7.121591833589331,7.135708143565678
1768915974.3680634,-0.4330388770163005,7.195923421917151,7.208941431521231
1768915974.3880453,-0.41743676650905504,7.318085090108479,7.329981094116243
1768915974.4079673,-0.35384168672652017,6.991150236887137,7.0000989688712645
1768915974.4279716,-0.37818511997808235,6.747607822922051,6.7581976381970135
1768915974.448119,-0.3623607961019977,6.784149150115505,6.793819620623188
1768915974.4679763,-0.4049575184553039,6.675576054253957,6.687847654356543
1768915974.4880354,-0.3903410100667273,6.6628792631077065,6.674303422746872
1768915974.5081873,-0.3907293397994105,6.595754759404624,6.60731793265534
1768915974.5282729,-0.37649854937779603,6.582450199650138,6.593208762701036
1768915974.547929,-0.30956392339624483,6.509349374796367,6.516706154632901
1768915974.5685153,-0.29386859330998694,6.486599426103783,6.493252718388829
1768915974.5879257,-0.3015757098770877,6.315218276973633,6.322414870491313
1768915974.6079354,-0.27199141054150344,6.414089277910698,6.419853627024321
1768915974.6279762,-0.25690446478072926,6.510001466431438,6.5150686103036355
1768915974.648053,-0.21783602979210126,5.934357595152907,5.938354368259322
1768915974.6681275,-0.20222929756523,5.972060653113283,5.97548367358305
1768915974.6880112,-0.2999262412780008,5.64857338862614,5.656530480506805
1768915974.7082436,-0.28632098592248456,5.653628542820394,5.660874085083776
1768915974.7280846,-0.3327630258597032,5.548282464530761,5.558252381603308
1768915974.7481072,-0.32043140741726706,5.553389254866831,5.562626043779124
1768915974.7681825,-0.3081670410578674,5.630977531665856,5.63940377055235
1768915974.7883425,-0.3250285453130014,5.740470443971091,5.74966472704052
1768915974.8081415,-0.28395178592469994,5.441576270415872,5.448979805751067
1768915974.827955,-0.2717739422422998,5.515637366511147,5.52232891401227
1768915974.847943,-0.2634912027133276,5.489482004156873,5.495802060470289
1768915974.8680081,-0.25126641904121694,5.441848552470303,5.447646324915094
1768915974.8880143,-0.23218330197961123,5.285967896711249,5.291064702947801
1768915974.9081888,-0.21979127527633568,5.209722443940773,5.214356733825163
1768915974.9280212,-0.28918521924897156,5.257902549917896,5.2658491542642185
1768915974.948029,-0.3033579681048949,5.010575337753179,5.019750120485393
1768915974.9683943,-0.2929075270719713,5.045679896875866,5.05417455586495
1768915974.988013,-0.32296224569816223,4.593115634170237,4.604456085251054
1768915975.0079823,-0.31348037478275204,4.646836374676408,4.657398226305081
1768915975.0280507,-0.30399233637269907,4.676537554009512,4.686407455037878
1768915975.048015,-0.3761425175833266,4.585466756757295,4.600868240980195
1768915975.0681145,-0.2907861053261528,4.351731072749109,4.361435530714728
1768915975.0878782,-0.28143301352145456,4.282591607930634,4.291828913344246
1768915975.1081173,-0.3248395431634742,4.090061516957308,4.1029408893253345
1768915975.1282182,-0.3164139180415205,4.087783443851874,4.100011128199517
1768915975.148199,-0.30798259570781883,3.9658144376973574,3.9777553259982863
1768915975.1679919,-0.32477920520033865,4.0597334774753,4.072703947043568
1768915975.187996,-0.3890802187958873,3.9765875391512893,3.995576538272238
1768915975.2080529,-0.38252087151017655,4.0695776581971845,4.0875156921091556
1768915975.2282739,-0.2815350601686827,4.114239704122159,4.123861095269745
1768915975.2479897,-0.27326235341728644,4.1153153369473205,4.124377848392287
1768915975.2679396,-0.3040187267039203,3.937070451571664,3.948791096883371
1768915975.2879922,-0.33864877073403465,3.5984302287241174,3.6143302423706634
1768915975.3080418,-0.3318104918739224,3.536468156634415,3.5520001724953265
1768915975.3283646,-0.25933686685013246,3.628344836997785,3.6376011142889384
1768915975.3480191,-0.25136419946800026,3.5730766405219327,3.581907402462784
1768915975.3683746,-0.3353224630967051,3.3211416017358797,3.3380267663753096
1768915975.3879805,-0.32910355449458584,3.215273765404069,3.232072792508954
1768915975.4084365,-0.5504181075563815,2.8644030351107563,2.9168073026303367
1768915975.427897,-0.5484887343946124,2.75241246326547,2.8065306447101013
1768915975.4483767,-0.5465308333470353,2.61181990544298,2.6683888716353135
1768915975.4679282,-0.30441859237116486,3.3169356476576386,3.330875676167341
1768915975.4880047,-0.3045747584739793,3.0136729358357206,3.0290246528690012
1768915975.5080256,-0.2981802013482361,3.0514652011096217,3.065999234517037
1768915975.528338,-0.291700915881975,2.966811416326717,2.9811171403306047
1768915975.5480618,-0.4051363590797318,2.775113472818477,2.8045303094220624
1768915975.567887,-0.32458822935444687,2.5739716784348587,2.594356899121672
1768915975.5881283,-0.31894871302821926,2.553755178078694,2.573595498734426
1768915975.60801,-0.3133909329911041,2.5847394434103474,2.6036689242686495
1768915975.6285005,-0.44947050222817764,2.751498491096333,2.7879683783857105
1768915975.6481438,-0.3895300503742518,2.6119101046047346,2.6407968597907874
1768915975.6679652,-0.38554071524883315,2.5242785768454175,2.553551248092606
1768915975.6879287,-0.4618773287158401,2.2082998904729116,2.256084899343186
1768915975.708085,-0.45936885336980726,2.137347068872387,2.1861546688795093
1768915975.7283854,-0.41923153639402977,2.175207813214989,2.215239064249914
1768915975.7481694,-0.4160521776101276,2.1779537166723504,2.2173366470748266
1768915975.7680674,-0.36140628793014995,2.209655721796691,2.239016059304691
1768915975.7884436,-0.3979774998721025,1.804305529604695,1.8476754408084035
1768915975.808553,-0.39452138623445776,1.8351282993720894,1.877057004822351
1768915975.8279552,-0.3898275136839393,1.824365877363494,1.865549877358757
1768915975.8482654,-0.3863318295220495,1.8056959361228584,1.8465616957557796
1768915975.868123,-0.35557415274739046,1.6787904629131551,1.7160333319811099
1768915975.8879843,-0.3515982080225897,1.5930690833619967,1.6314074917838672
1768915975.9080265,-0.3476095986667832,1.5279981938658578,1.5670388998179354
1768915975.9280224,-0.6025949332574848,1.4559532078788702,1.575728529005033
1768915975.94802,-0.5353356615957606,0.7526953497463591,0.9236528352719785
1768915975.9681625,-0.5349344428559181,0.673282273314125,0.8599208554934621
1768915975.9881918,-0.699087281528951,0.625789879986355,0.9382622240551282
1768915976.0079598,-0.7017880407993272,0.6752466458942032,0.9738914143785895
1768915976.0280752,-0.5830549040138043,0.7688030081337736,0.9648891575772243
1768915976.0480528,-0.5834666212137894,0.7942445445712816,0.985524071066698
1768915976.0679493,-0.5943429997057897,0.6907555983930307,0.9112556710444057
1768915976.0879986,-0.5949443376547947,0.7302256049200353,0.9419066827389717
1768915976.108126,-0.5177553281795025,0.834800436440456,0.9823249709436486
1768915976.1281798,-0.5168972334431768,0.7727030264674926,0.9296519332810709
1768915976.1480114,-0.6479960493121879,0.5549096879104969,0.8531258064676795
1768915976.1682334,-0.6497047776864642,0.41047561259361565,0.7685092886118696
1768915976.187978,-0.5764722054194727,0.5106638099071701,0.7701283856410548
1768915976.2081172,-0.5767308801384101,0.4084152192311714,0.7066976011030963
1768915976.2282,-0.7072394117061052,0.4634404361732296,0.8455558073544472
1768915976.248149,-0.7099513716635913,0.47571822910434247,0.8545986096578829
1768915976.267987,-0.6183140129083388,0.6221377331483087,0.8771360085903037
1768915976.2880192,-0.6192446855926413,0.5393345589562999,0.8211855741057046
1768915976.3080323,-0.7196307522984391,0.39900274492144505,0.8228436121818442
1768915976.328006,-0.6664147779233853,0.5775338181431977,0.8818469069706687
1768915976.3481283,-0.6681639157245866,0.5106698900495161,0.8409677490127653
1768915976.3681586,-0.8225993239589419,0.3955069982291135,0.9127406167284944
1768915976.3878946,-0.8272520903238645,0.2747140925905722,0.8716730198951123
1768915976.4081063,-0.7256800750852993,0.4156261764123308,0.8362754868432648
1768915976.4280922,-0.728332217728165,0.2970177487061636,0.7865668200650883
1768915976.447994,-0.7372266080263241,0.47008132267831426,0.8743451958540132
1768915976.4682677,-0.7659471629572772,0.33484704347997796,0.8359411456374091
1768915976.487974,-0.7691468460324069,0.3339225768674994,0.8385053119112783
1768915976.50804,-0.7263784593930567,0.42834273525576005,0.8432693313032419
1768915976.5279727,-0.7287288963881561,0.39142182592302577,0.8271981928413622
1768915976.548099,-0.8582452941917875,0.25635221960997256,0.8957128141884024
1768915976.568079,-0.8630552314775622,0.16623852045669985,0.8789195516453262
1768915976.5879734,-0.7595687318982338,0.33759877260734683,0.8312145269083536
1768915976.6081142,-0.7622979054143881,0.279212630739444,0.8118237430400792
1768915976.6279192,-0.783499735131437,0.328403250361168,0.8495413643836373
1768915976.6479585,-0.7866055085243252,0.22529541539182407,0.818233615929697
1768915976.6680863,-0.7897434887375225,0.10535138208556205,0.7967394126755947
1768915976.6880472,-0.8882956007395427,0.21802326590037602,0.9146601657266437
1768915976.7080865,-0.9330632127627803,0.21732728413859626,0.9580386774250085
1768915976.728086,-0.9387278998259106,0.13029252928985668,0.9477268662965681
1768915976.7479813,-0.8102193107960363,0.3837264024381626,0.8964938837019127
1768915976.7679362,-0.8133077210214592,0.2991317840203407,0.8665732936597523
1768915976.788029,-0.9182534502943942,0.2576486841120369,0.953714969685505
1768915976.808122,-0.9233096486628999,0.18196459794998265,0.941069509771253
1768915976.8281739,-0.7801870559935218,0.3732096711081385,0.8648568095057606
1768915976.8480446,-0.782376864801549,0.27547161624011807,0.8294565509601115
1768915976.8679347,-0.7695874294987457,0.364348273962817,0.8514778190782017
1768915976.8879247,-0.7333836715406099,0.26723269690060913,0.7805542415330008
1768915976.9079378,-0.7345408714147004,0.18048059152713547,0.7563884819962902
1768915976.9281209,-0.7343982028494956,0.2903258413124874,0.7897023581593083
1768915976.9479685,-0.7355101650776532,0.2173048281138672,0.766939757252259
1768915976.968257,-0.7275894792293732,0.29135292713694927,0.7837556879771521
1768915976.98801,-0.7285177675270774,0.2191999549123258,0.760780361100497
1768915977.0079548,-0.7376406808982582,0.2999415534446861,0.796290593689802
1768915977.0280662,-0.7387003053608502,0.24747180888132858,0.7790509850652974
1768915977.048118,-0.7397705334435215,0.18184425655576852,0.7617924755428033
1768915977.0679636,-0.679042247003563,0.32376663863071586,0.7522786780880343
1768915977.08807,-0.6829103493402023,0.32410217964874155,0.7559158472270722
1768915977.1080234,-0.6828059375854114,0.29887980295699457,0.7453543352107805
1768915977.1287837,-0.6594104471441979,0.34455915458450015,0.7440048042928866
1768915977.1482027,-0.6589154251831716,0.28431786206331555,0.7176393134664337
1768915977.1681356,-0.6562593549835025,0.33214104777091347,0.7355229545144889
1768915977.1880288,-0.6557736612573903,0.24071469024700676,0.6985575544646517
1768915977.2080293,-0.6409712062530499,0.3488358923160346,0.7297469198382505
1768915977.2283823,-0.6307463549556483,0.39547109770922084,0.7444718620694626
1768915977.24805,-0.6297397234679544,0.3342562724034339,0.7129511729105538
1768915977.2681856,-0.5476329457546192,0.3773337981364353,0.6650433357999685
1768915977.2882118,-0.5451297276244457,0.27884834261468683,0.6123094137107971
1768915977.3081396,-0.5524844025941533,0.3899820672275496,0.6762581074330211
1768915977.3280385,-0.5500503831425286,0.3314582919158182,0.6421993641191139
1768915977.3481076,-0.49636930462809903,0.3581782037962391,0.6121062916288991
1768915977.368172,-0.4928550244166017,0.3119302499415273,0.5832722828330459
1768915977.3881814,-0.43173359902872344,0.3618391108806831,0.5633129172078498
1768915977.4080834,-0.42725183458216864,0.27917654655148016,0.5103760126595289
1768915977.4280646,-0.42292005960356094,0.1697292696082977,0.4557075836288505
1768915977.4482646,-0.38846513156176654,0.37765641553292717,0.5417836529764253
1768915977.4681175,-0.36046645129784327,0.42680696879793967,0.558659333696078
1768915977.4880245,-0.35502910736809923,0.3429122067685846,0.4935934041592228
1768915977.508096,-0.3339861305836058,0.4272461743621996,0.5422969932881284
1768915977.5281172,-0.3281500800117102,0.35522361046966466,0.48359723784032915
1768915977.5479312,-0.3063961673673137,0.43463328694024383,0.5317750515902934
1768915977.5679512,-0.30022578852895077,0.36167709094252487,0.4700487657791239
1768915977.5879202,-0.2460630294933318,0.3933630600114242,0.4639843870918369
1768915977.6081781,-0.2388893410493479,0.3235497263748828,0.40218471217122753
1768915977.628025,-0.21246567530585936,0.38870495520978743,0.4429821727652454
1768915977.6479354,-0.20496346182099234,0.320631756466228,0.3805453244178201
1768915977.668334,-0.1626296120727816,0.3684221455576804,0.40271983817570756
1768915977.6880882,-0.15450361134581925,0.30939895467735656,0.34583099785059884
1768915977.7080672,-0.12704150658981217,0.3261787717488831,0.35004590489851367
1768915977.728174,-0.11834584287464689,0.26271607140933906,0.2881414109468952
1768915977.747959,-0.1124814807864295,0.3910016743006697,0.40685918058443127
1768915977.7679858,-0.04468616458888641,0.3264236358140771,0.3294681218627172
1768915977.788123,-0.03492742055810183,0.2532144471711266,0.2556119734343871
1768915977.808095,-0.02544496868021462,0.1671919931897916,0.16911714584249707
1768915977.8279462,-0.01597163392979173,0.07725570181423169,0.0788893944278745
1768915977.8480453,-0.008575940215591271,0.30490731334481946,0.30502789459611285
1768915977.8680027,0.0009681823288710811,0.2250311380397294,0.22503322080190225
1768915977.8880587,-0.006596467309260889,0.3370941126634328,0.3371586483738913
1768915977.9080272,0.002666122142289229,0.2611087382868744,0.2611223495165458
1768915977.9279783,0.020558764053203338,0.32196148291358995,0.3226172023611158
1768915977.947999,0.03016182232222775,0.25374393228348513,0.25553026962863623
1768915977.9680402,0.08024039839661534,0.3248066340296587,0.3345711748560001
1768915977.9881513,0.090527577809139,0.25237013699681476,0.26811551315017335
1768915978.0079882,0.0730942085876981,0.28254620480953374,0.2918477705608403
1768915978.0283256,0.08297745594366612,0.2057946881159527,0.2218934696011248
1768915978.0480163,0.11447368720356021,0.2857880631895551,0.30786205047653353
1768915978.068279,0.16294278373625348,0.17073836366711248,0.23601258356164534
1768915978.088031,0.17373866313518882,0.09371217861489978,0.19740084976705013
1768915978.108036,0.18285475620091574,0.16355663345525961,0.24532964397421378
1768915978.1279902,0.19358538173133122,0.08456434502022514,0.21124968276606926
1768915978.1479957,0.17632480316810428,0.15297726256243127,0.2334362419877551
1768915978.1681058,0.1868608165738287,0.07518539416254022,0.20141948333270687
1768915978.188612,0.19748946054296546,-0.004332164350564938,0.19753697039671286
1768915978.2086074,0.24339392811404847,0.10408687536074446,0.26471622894176655
1768915978.228049,0.25637238124439576,0.1271844918073679,0.28618646512583407
1768915978.2480972,0.2675721654408223,0.05505845354547745,0.2731781415587826
1768915978.2682524,0.2629265373784483,0.06631584343762142,0.27116075517792704
1768915978.288071,0.27371275511017545,-0.0033893165994616226,0.2737337388357786
1768915978.3080947,0.32956445251955013,0.04076117425945913,0.3320755963504708
1768915978.3291218,0.340972720554528,-0.027495682571855973,0.3420795356674358
1768915978.3479314,0.35975887048078836,-0.01681143763494486,0.36015145331508286
1768915978.368452,0.3896270716803839,-0.014804032412938817,0.38990821273976056
1768915978.3883967,0.402299711807823,-0.08047769486574374,0.41027029808598275
1768915978.408031,0.4138965995979714,-0.14449086530290156,0.4383925242459601
1768915978.42798,0.41781683733386177,-0.0678237956974197,0.4232859279759676
1768915978.4487007,0.4050103586645558,-0.058557448946115365,0.40922165809334804
1768915978.4681046,0.4163822125003427,-0.11839104536578215,0.43288634363939366
1768915978.4882839,0.42821152595235934,-0.1807079536344336,0.46478002911613225
1768915978.5079546,0.4397187709075516,-0.24151946237400868,0.5016814210172409
1768915978.5279245,0.45137814893098105,-0.3031473212489919,0.5437283620639983
1768915978.5482516,0.4808849990932119,-0.1564535940852796,0.5056956688118653
1768915978.567965,0.49274044782823645,-0.2140151206525056,0.5372109648861214
1768915978.5879407,0.49131735329472936,-0.15658531423668087,0.5156662702593006
1768915978.6080313,0.5074116230861387,-0.16914474393077583,0.5348611966130254
1768915978.6281178,0.5194618516018031,-0.22433482138528582,0.5658327733134074
1768915978.6483686,0.5312324672274837,-0.2795045838469754,0.6002755589127967
1768915978.6679497,0.4985776826415784,-0.19362408050699376,0.5348551113903889
1768915978.6879833,0.5141829455016519,-0.18281386417629797,0.5457151366599837
1768915978.7079828,0.5252316106646681,-0.2337449029736618,0.5748955770464477
1768915978.728004,0.5281723665664103,-0.17247142484433287,0.5556189712313618
1768915978.7481744,0.5390602291486292,-0.2212354293086305,0.5826929258461497
1768915978.7679636,0.5406590501774257,-0.1843864743048771,0.5712360111594323
1768915978.788549,0.5514685759224502,-0.23246589405507656,0.5984630165087576
1768915978.8082354,0.5733419512344177,-0.1970049471232196,0.6062441275891354
1768915978.8280544,0.5809707988265421,-0.21554681039764123,0.6196672466427019
1768915978.8480191,0.5918982818311382,-0.2604177247048147,0.6466536688019996
1768915978.8681467,0.5713085131928094,-0.20879797841108072,0.6082680437398734
1768915978.888224,0.5818936223884347,-0.2525398707000539,0.6343315963039632
1768915978.9082022,0.5536788939195313,-0.20651985589031696,0.5909405794569474
1768915978.9279976,0.5632390338031776,-0.2475795266584031,0.6152510310596286
1768915978.9479792,0.5724213334243495,-0.2887565754420027,0.6411291155612131
1768915978.9681737,0.5529691122440078,-0.2124056072268976,0.5923605161363755
1768915978.9880402,0.5508913128432147,-0.21474797642075139,0.5912680711343444
1768915979.0080845,0.559517437486663,-0.25321524607779367,0.6141479656384766
1768915979.0281305,0.5446033131490308,-0.2090012847321665,0.5833303572698727
1768915979.0480084,0.5527542315685473,-0.24555995428089528,0.6048445516522164
1768915979.0679512,0.5372989653899629,-0.21514056880148846,0.5787708031279329
1768915979.087973,0.5451055156779614,-0.2507092805336031,0.5999959721266578
1768915979.1079926,0.5269160969722708,-0.20209563749182902,0.5643431756845477
1768915979.1279416,0.5344999542598429,-0.2362091610643846,0.5843671524602615
1768915979.147965,0.5692756263241341,-0.20826847912514967,0.6061769528148014
1768915979.1679735,0.5773404322821175,-0.24121178092379925,0.6257036822683189
1768915979.1880975,0.571358705646977,-0.22104821664715413,0.6126280148683017
1768915979.2080123,0.5791708902131277,-0.25285036175333,0.6319590378411062
1768915979.228157,0.5748969880495487,-0.22334762617740012,0.6167582257153306
1768915979.2486088,0.5823113217212131,-0.2540763384637694,0.6353276801555731
1768915979.267939,0.582295578121607,-0.22164335051482542,0.6230520966399313
1768915979.287956,0.5882735321500023,-0.2195702590388926,0.6279146815313735
1768915979.3079386,0.5952575762828233,-0.24813175273869081,0.6449038291398772
1768915979.3279896,0.6022524672294949,-0.27674501708937616,0.6627939640399669
1768915979.3479369,0.6022172287953006,-0.2159161982475597,0.6397541678829228
1768915979.3681731,0.5643879518202164,-0.21352645963077688,0.6034296223440416
1768915979.3879743,0.5705515393817401,-0.23988114204441402,0.6189281229669611
1768915979.4080877,0.5666655082742862,-0.19552237386801163,0.5994487442231717
1768915979.4279842,0.572592109975889,-0.22037958110957412,0.6135380054867603
1768915979.4479482,0.5670286568534382,-0.20059283130327632,0.6014640318949079
1768915979.4685063,0.572761450709067,-0.2251194602772033,0.6154140482746996
1768915979.4881468,0.5619680279464839,-0.1933507687996343,0.5943000792776909
1768915979.508082,0.5672495618215703,-0.21627084211247816,0.6070791896736405
1768915979.5279572,0.5566490970082484,-0.20462437320729965,0.5930677459705413
1768915979.5481353,0.5629904772216854,-0.19802565508613768,0.5968018410784228
1768915979.5679626,0.5679024690514655,-0.21969029198987133,0.6089146399532085
1768915979.5892467,0.5592065724297609,-0.19498823302588164,0.5922266472113501
1768915979.6081638,0.5635256071547985,-0.2145612133425896,0.6029905672481358
1768915979.6282969,0.5681687932066778,-0.23547702565476403,0.615032687899714
1768915979.6480868,0.5494455655560743,-0.1905114990506913,0.5815368094796544
1768915979.6679468,0.5645994563639922,-0.1848230741419732,0.5940808992568309
1768915979.687987,0.5691984105962834,-0.2039575524509809,0.6046366791943157
1768915979.708002,0.5737867937523004,-0.22308947328296735,0.6156299194923982
1768915979.728135,0.5686978330723222,-0.1704687745311304,0.5936975900501031
1768915979.7481034,0.5677885352149126,-0.16798210698149507,0.5921163812861779
1768915979.7679977,0.5720637868266697,-0.1851895113774633,0.6012920516044536
1768915979.787992,0.5751237194865054,-0.15774169393232462,0.5963637604018471
1768915979.8079848,0.5792898857055375,-0.1742086411449968,0.6049176988073014
1768915979.827924,0.5811871473263608,-0.17255251604830857,0.6062613883565032
1768915979.8479874,0.5852371746977095,-0.18865676379482732,0.6148934258663811
1768915979.8679664,0.5842120767353475,-0.16749676307834527,0.6077490569677183
1768915979.8879626,0.5882531621066142,-0.1828826098923546,0.6160258369009125
1768915979.908029,0.585176193644222,-0.16427308349769199,0.6077966959187748
1768915979.9280403,0.5890716340990434,-0.17902784962700835,0.6156755322750678
1768915979.94801,0.5700631672010671,-0.16121295044702144,0.592420146510182
1768915979.9679732,0.5734924176201989,-0.17526110142310625,0.5996749175510853
1768915979.988025,0.5677557775181566,-0.15848161115417359,0.5894599596064768
1768915980.0081525,0.5709681638757338,-0.17194715980251996,0.5962972999467465
1768915980.0280232,0.5653531591212043,-0.1572407755326628,0.586812453871285
1768915980.048026,0.5683301318219307,-0.170183014288126,0.5932633454789918
1768915980.0681987,0.5631157352076724,-0.157400087821026,0.5847000247003109
1768915980.0879803,0.5658616854235067,-0.16968284224229446,0.5907552064787538
1768915980.107994,0.5686426424284329,-0.18214163285296703,0.5971013558905519
1768915980.1282318,0.5602143563279257,-0.15821115157500998,0.5821261835019989
1768915980.148354,0.5580539785717736,-0.15910110500159913,0.5802907931481556
1768915980.1701245,0.5606172780937764,-0.17106029844286574,0.5861342492984324
1768915980.1882374,0.562890760248709,-0.18195285285712703,0.5915681267920179
1768915980.2106957,0.5549970474921433,-0.1621575750817872,0.5782013506395517
1768915980.2280407,0.5525221271424364,-0.162704284337031,0.5759803686963889
1768915980.2480984,0.5547585919441436,-0.17349356368130397,0.5812547737220637
1768915980.2680063,0.5465189169738511,-0.14784507180603512,0.566163485106204
1768915980.2882042,0.5485239057677094,-0.15800745970185748,0.570828198777966
1768915980.3080237,0.5423004248539284,-0.15455474794255242,0.5638944235478279
1768915980.3280394,0.5441025933967282,-0.16434077857467688,0.5683797354265687
1768915980.347956,0.5403284218212602,-0.15874617270638236,0.563165296140288
1768915980.3679538,0.5419963849247903,-0.1682330330334434,0.5675054490268557
1768915980.3879235,0.5377311637525889,-0.16782417335647626,0.5633114215365229
1768915980.4080007,0.5392666747724679,-0.1770922961651351,0.5676004121573509
1768915980.4281743,0.5365681082920574,-0.1726479069739808,0.5636600346118336
1768915980.4481676,0.5380211221964093,-0.18169470936295706,0.5678729570423062
1768915980.4682379,0.535274797081371,-0.18099676696626332,0.5650477307650591
1768915980.4883258,0.5366291630753942,-0.1898255853883999,0.5692140296330078
1768915980.5081027,0.5379688912815386,-0.1985108549464769,0.5734257471706943
1768915980.5279708,0.5336020596264821,-0.19342970329627107,0.5675792527523423
1768915980.5479414,0.5315295434097463,-0.1760173686744384,0.5599158593864318
1768915980.567929,0.5326721929767638,-0.18404605583909817,0.5635713050188088
1768915980.5881495,0.5537663990670961,-0.18784855386701516,0.5847600396108367
1768915980.608078,0.5552587409950448,-0.19579468825442614,0.588768060784593
1768915980.6283789,0.5552301539758325,-0.19931104756090345,0.589919839947642
1768915980.6480346,0.5566819353624985,-0.20704160036969288,0.5939368665460838
1768915980.6680968,0.5582348416945285,-0.1883063734617405,0.5891395664594493
1768915980.68798,0.5597152420630577,-0.1957033208467962,0.5929426127275483
1768915980.708012,0.5637721259825174,-0.19530032825773525,0.5966416246394702
1768915980.7280724,0.5652940816826387,-0.20362303990424824,0.6008491833773805
1768915980.7481759,0.5690862075720925,-0.2061661382729465,0.605279760292021
1768915980.7679658,0.5705972438099425,-0.2188545661980683,0.6111289027604959
1768915980.7880793,0.5751023657839083,-0.20646515433920687,0.6110405805562841
1768915980.8079429,0.576633661686634,-0.22345811334472998,0.6184172606013852
1768915980.8280349,0.5802267390856606,-0.23139875805010313,0.6246666742968681
1768915980.8479948,0.5818137872601011,-0.250293428086235,0.6333672577494842
1768915980.868112,0.5878118243752976,-0.2522872191317145,0.6396652107256025
1768915980.887943,0.5894578570646345,-0.2756156078752561,0.6507107871855806
1768915980.9086223,0.5913026483012107,-0.28559299409349315,0.6566598664173952
1768915980.9283133,0.6001654767976644,-0.30575019473765597,0.6735590405613174
1768915980.94813,0.5763131432815003,-0.29200593353809,0.6460683433975499
1768915980.9679663,0.5776538038800973,-0.31510867321803104,0.6580101770294847
1768915980.9883213,0.5832703146811327,-0.33283760681647756,0.6715542662358327
1768915981.0082529,0.5846575841724795,-0.36115593521849565,0.687210375557548
1768915981.0281253,0.5818477596526226,-0.3570164348509417,0.6826474567201234
1768915981.048151,0.58314813130515,-0.38848508416605565,0.7007013655361289
1768915981.0682797,0.5823553822419526,-0.4172802339765376,0.7164220717521792
1768915981.088277,0.5836592363954022,-0.43875731209024416,0.7301822259835691
1768915981.1081562,0.6032348531851329,-0.413718430444451,0.7314746938799106
1768915981.1283412,0.6048423132558446,-0.44645355397779696,0.7517679161576974
1768915981.147973,0.5792905353092399,-0.4308739244871127,0.7219625080998263
1768915981.1681945,0.5820776821677908,-0.4717458571839366,0.7492386681478971
1768915981.1879473,0.5830997695898275,-0.5206567236520359,0.7817216673342132
1768915981.2082107,0.5842002150001887,-0.5590892388230246,0.808622698280215
1768915981.2279549,0.6037622993708718,-0.5679000083643224,0.8288783587727452
1768915981.2481441,0.6040052085300632,-0.5724899138992932,0.8322061003428569
1768915981.2682936,0.6054297633808642,-0.6147849444123299,0.8628474524871014
1768915981.2879827,0.6068180063694686,-0.6586691758198118,0.8955853817639983
1768915981.307968,0.6068472362530125,-0.6374693802078655,0.880131114579254
1768915981.327947,0.6076259682732611,-0.6123049051016887,0.862627737863562
1768915981.3482726,0.6091262918423114,-0.6291088898700066,0.8756784996373023
1768915981.3679187,0.6318084424938839,-0.6746957970320864,0.9243356135837836
1768915981.3888276,0.6390350149111208,-0.6586219157247744,0.9176865358908934
1768915981.408061,0.6407202458470659,-0.7256517509626708,0.9680355866978829
1768915981.427954,0.5928791283281447,-0.7193383825875834,0.9321766836125335
1768915981.4479551,0.5938055444624,-0.7636760152004234,0.967370704966139
1768915981.4679248,0.5938384515787243,-0.7308385968404991,0.9416842152256809
1768915981.4879775,0.5946799780561719,-0.7904714601521361,0.98918623404086
1768915981.50811,0.6365940953489766,-0.7912134698430302,1.0155150403092164
1768915981.5280232,0.6381765432554699,-0.8616062091600041,1.0722101286709491
1768915981.5480285,0.6089106607885544,-0.8113839871886057,1.0144536300334448
1768915981.568103,0.609937237977282,-0.8760029978852453,1.0674290077449144
1768915981.5879717,0.6057624239137767,-0.819982692813193,1.01947031871412
1768915981.6080506,0.6067401213068694,-0.8694606021889424,1.0602336127298704
1768915981.6280487,0.6064329987735547,-0.911434237868713,1.0947480769386206
1768915981.6479964,0.6071652962127054,-1.015676232499577,1.1833207114681958
1768915981.668099,0.6082473835118768,-1.0341661638063826,1.1997768683847232
1768915981.6882386,0.58713469094225,-1.0709746443977624,1.2213573736833805
1768915981.7084146,0.5828287295534483,-1.0121899225088935,1.1679973318554484
1768915981.7286482,0.5781326580311379,-1.013292692188025,1.1666188110620384
1768915981.7480297,0.5785053776760274,-1.0492572235170332,1.198169100378889
1768915981.7684257,0.5727027555949588,-1.0005108234193187,1.1528271136841215
1768915981.7880123,0.5727747462132587,-1.0865675283778922,1.2282914571163086
1768915981.8080664,0.5668279589607658,-1.076663078701391,1.2167568861931235
1768915981.8279867,0.5668171326538745,-1.1552579668250536,1.2868188030110208
1768915981.848149,0.5589456833607632,-1.131225651908525,1.261781182489063
1768915981.868017,0.558815347540908,-1.201037433065037,1.324675623792753
1768915981.8882248,0.5503377077860142,-1.129308075924115,1.2562676159794102
1768915981.9079735,0.5502441204649432,-1.142811989354624,1.268380004225434
1768915981.928028,0.5483985230931437,-1.2069241293197885,1.3256722046060523
1768915981.948084,0.5481893377203911,-1.2445691456992898,1.3599499654093827
1768915981.9682522,0.5477707152764391,-1.3414690964685105,1.4489969265993987
1768915981.987964,0.5387708235398702,-1.3812582197705052,1.482615347951523
1768915982.0080016,0.5485499354730535,-1.377508269464279,1.4827124010238681
1768915982.027947,0.5483229142908457,-1.428899133022619,1.53049362974473
1768915982.0480113,0.5479178673177982,-1.5322524802058988,1.6272712289053761
1768915982.067987,0.5829782358072504,-1.4099171275328275,1.5256899848708956
1768915982.087979,0.6076754404688981,-1.5349884314861395,1.6508964006700566
1768915982.10808,0.5749224613908138,-1.4511625539600974,1.5608999310102056
1768915982.128265,0.5751318162364114,-1.516039784685277,1.6214663841091415
1768915982.148076,0.5851863280920239,-1.5778292052614065,1.6828511638174268
1768915982.1679764,0.5857131936810995,-1.604020013582693,1.7076124118856526
1768915982.1880875,0.5861479738819694,-1.6583608647957235,1.7589002828960933
1768915982.2080722,0.6088528884859497,-1.6000620703891526,1.7119872864351842
1768915982.2279952,0.6115755503184562,-1.6502582347483008,1.7599366167853603
1768915982.2482085,0.6121713064831515,-1.791970508819821,1.8936504463499213
1768915982.2680397,0.6092811080533793,-1.7409842966436897,1.844518850483962
1768915982.287954,0.6099260559265091,-1.8563831636025505,1.9540133683793162
1768915982.3080666,0.5985994425228601,-1.8079944256714175,1.9045117841188586
1768915982.328487,0.5991761871324083,-1.878219029022095,1.9714763057686573
1768915982.3480444,0.6047188906539183,-1.8434542259978735,1.9401052600472801
1768915982.3698947,0.6053185567442554,-1.9424152055865622,2.034548447698613
1768915982.3883183,0.6350039631274262,-1.816921435790932,1.9246905042172675
1768915982.4080002,0.6362042786607564,-1.8877326792541116,1.9920568647782522
1768915982.4279432,0.6658671721957727,-1.8250952945758698,1.9427691384441372
1768915982.4480014,0.6325433718753903,-1.74948311591905,1.8603231682128019
1768915982.4679115,0.6336642908049358,-1.8016446798398094,1.9098308788571858
1768915982.4879768,0.6470772650537027,-1.8568777974077741,1.9663936893346985
1768915982.5079806,0.6481793830298133,-1.9781310038530353,2.0816192689801674
1768915982.5281515,0.6494500056620122,-2.0501264331376285,2.1505356778495917
1768915982.547957,0.6684387154050025,-2.013112651806024,2.1211866643729804
1768915982.5681958,0.6699893529034556,-2.1025852497373765,2.2067511108906634
1768915982.587955,0.6839759129481218,-2.014541525781079,2.1274869232476084
1768915982.608074,0.6841074826269533,-1.9614730783309857,2.077349196645432
1768915982.628163,0.6858788294862611,-2.0309623013190032,2.14365054011059
1768915982.6479552,0.7937842088005718,-1.9251603368521077,2.0823870179987365
1768915982.6680124,0.7976356642643179,-1.993522147749851,2.1471733061109806
1768915982.6881094,0.7487080571899475,-1.9306109969106098,2.070705815970324
1768915982.7081633,0.7516224164832149,-1.9796168345863205,2.11750302685442
1768915982.7280734,0.8159638275926204,-1.9134081938713479,2.08012689139716
1768915982.7481053,0.7832891211227485,-1.8555084758778135,2.0140639392342177
1768915982.7682064,0.7865834754798371,-1.9218521077850532,2.076590736783681
1768915982.7879317,0.7897640558881327,-2.04866087827306,2.1956180583469926
1768915982.8081074,0.7932701346718315,-2.0588093206565627,2.2063484143227705
1768915982.8281686,0.7977426180423294,-1.9733622100617327,2.1285092663037095
1768915982.847957,0.8009461962303671,-2.102021941623951,2.2494468325178123
1768915982.8679247,0.8304037987463148,-1.9065402829692344,2.079535121020253
1768915982.8880312,0.8341713804869493,-2.0127026582607686,2.1787184036936638
1768915982.9080775,0.8284352050879352,-1.86356620564524,2.0394077306541933
1768915982.9282353,0.8320158689391471,-1.9888210689099868,2.1558431413966153
1768915982.9480283,0.8593096612041079,-1.8511104889024153,2.0408388314522186
1768915982.967926,0.8635199619272038,-1.8937113236290806,2.081299906762061
1768915982.988,0.9558258367202161,-1.8035451247944918,2.041170754080089
1768915983.0080824,0.9617923138858699,-1.8025681385576577,2.0431094804716547
1768915983.0279207,0.929730241310618,-1.8454979662477617,2.0664610001236716
1768915983.0483062,0.9349606407342469,-1.8649410428311755,2.0861822770214555
1768915983.068029,1.009737598616426,-1.929784868460036,2.1779898201316246
1768915983.0879843,1.0161348343023535,-2.0166617944268426,2.2581972443928726
1768915983.108088,0.9904442340880891,-1.976756509924237,2.2110056717173276
1768915983.1281464,0.8844373531734664,-1.8533606656987809,2.0535761950431533
1768915983.1481092,0.8881672381653982,-1.9140558639160634,2.1100831483952995
1768915983.167971,0.8916867800732207,-2.0455926584154707,2.2314915724511755
1768915983.187955,0.9045083038474799,-1.6123343499595117,1.84871775233225
1768915983.2081006,0.9084577932928302,-1.621832232807808,1.8589339293177793
1768915983.2280004,0.8814799998016178,-1.7691193591553436,1.9765602184068347
1768915983.2481208,0.8848935118385381,-1.7583380483792688,1.9684484295180702
1768915983.2679389,0.9713359519099161,-1.7316818213727094,1.9855013125015675
1768915983.287975,1.0434943022903704,-1.7252350182195801,2.016262935979229
1768915983.3080647,1.049711154842004,-1.7621367530502132,2.051102007470638
1768915983.3281133,1.0127213605581438,-1.6263421580825348,1.9158792679308616
1768915983.3480327,1.0180919046459795,-1.660571010671303,1.9478211436853208
1768915983.3682263,1.0870639947177114,-1.541076794757256,1.885901857454657
1768915983.3881567,1.093564209873807,-1.5972515884168077,1.9357415421013568
1768915983.407922,0.9309609657839754,-1.7497989511701197,1.9820405367523348
1768915983.4282377,0.9343578004237231,-1.7818650434970635,2.0119809970398452
1768915983.4480553,0.9972425882646361,-1.6159204001533345,1.8988658508384586
1768915983.4680054,1.000536252842224,-1.4710866612321798,1.7790921162510953
1768915983.4880328,1.0050920183395782,-1.471357507024364,1.7818818363760485
1768915983.5079405,1.0100575718540221,-1.5660366036640436,1.8635146746068987
1768915983.5280414,1.0144654414792513,-1.6477020118147383,1.934957894036464
1768915983.548081,1.0189748782298393,-1.6782757397612755,1.963394830678428
1768915983.5680535,1.0232873987115627,-1.8154053030223132,2.083941821309658
1768915983.5882676,1.175710510810803,-1.42683490706926,1.8488247773281121
1768915983.6081185,1.182706816753226,-1.5617978220445634,1.9590834212298593
1768915983.6280134,1.1381979137539147,-1.4484116408833412,1.8421158411783274
1768915983.6481507,1.1443506505439545,-1.5810759871886377,1.9517529783927312
1768915983.6682343,1.1485343891462756,-1.5003566896846454,1.889497668517502
1768915983.6880226,1.1545000338682934,-1.6366965921129966,2.0029093995576006
1768915983.7079763,1.1005932393760067,-1.3906043917595046,1.7734390468637466
1768915983.7287254,1.1058345781782823,-1.4349808021853168,1.8116401455408175
1768915983.7479396,1.3442780337051952,-0.8098796645691095,1.5693911249222992
1768915983.7680562,1.3539716718879973,-0.8200130870585269,1.5829279046192957
1768915983.7879522,1.3087210452370353,-0.8344706700836078,1.5521250186360966
1768915983.8082364,1.3172168649690847,-0.9287021362571348,1.611691014818768
1768915983.8280013,1.3098458675538847,-1.0930769150342385,1.7060226665929021
1768915983.8482978,1.3634029332550828,-0.3450461945198384,1.4063870145735795
1768915983.868005,1.3721741147455915,-0.4865931359045881,1.4558965214215291
1768915983.8880143,1.3812561931010578,-0.48627731195075086,1.4643545660454214
1768915983.9080124,1.1867154621192362,-0.8518811526215551,1.4608200047318292
1768915983.928294,1.1919403612580328,-0.9114697950151545,1.5004995874777498
1768915983.947948,1.3841812206564161,-0.22938063094436068,1.4030584896825646
1768915983.9680347,1.3826261466936378,-0.5081671087242814,1.4730542664512032
1768915983.9880483,1.3913083344409198,-0.5038930298294098,1.4797456088785763
1768915984.0079918,1.304151234513902,-0.4258009075988376,1.3719026406404093
1768915984.0280275,1.310895692824162,-0.4742525255911971,1.3940455428337228
1768915984.0481787,1.2495186447274682,-0.47232061432357497,1.3358082221024723
1768915984.0679996,1.2548492748031777,-0.5476445435554673,1.3691461750157055
1768915984.0881178,1.2179466118455986,-0.5236256989411494,1.3257367091160221
1768915984.1079526,1.222670828046933,-0.48760392203715064,1.3163136170924405
1768915984.1283221,1.1767600502164481,-0.2814128227914825,1.209941069894269
1768915984.1480162,1.1805031414963665,-0.24336636990403093,1.2053276969700215
1768915984.1680915,1.338934052501844,-0.2373535860453302,1.359809222559396
1768915984.1886275,1.3456447793831154,-0.22182704710638568,1.36380611199282
1768915984.2080665,1.2337590619807906,-0.41072615871908624,1.300329727598295
1768915984.2280638,1.2358077080097352,-0.181814691030743,1.2491105928022863
1768915984.248082,1.2399651628371777,-0.27426884029788745,1.2699358258621483
1768915984.2680593,1.2443277443433511,-0.2553687535074509,1.2702616799740758
1768915984.288283,1.0076601368066793,-0.029491096483214463,1.0080916010368492
1768915984.308043,1.007332548128979,-0.06358417663699711,1.0093373123186453
1768915984.3279414,1.286837978232335,0.39898809375636546,1.3472726083389441
1768915984.3480847,1.2125238950015274,0.38162393227343827,1.2711612885993329
1768915984.3679693,1.2161083314532788,0.41222802574237605,1.2840760955011719
1768915984.3880389,1.1687011722398242,0.4148212945786831,1.2401367410211963
1768915984.4081435,1.1715032920738866,0.5302233261659524,1.2859069713437439
1768915984.4279578,1.2395082688643075,0.24870261450595166,1.264212695334566
1768915984.448152,1.243151918461086,0.1621560168500764,1.253683080437062
1768915984.4680037,1.3893872318665617,0.6304397586181736,1.5257297169945823
1768915984.488271,1.3957773828080322,0.5268044633900786,1.4918838577470261
1768915984.5081854,1.3992491564460565,0.9850411064604891,1.7111996327816068
1768915984.5280745,1.4057530266292202,1.0275164794660405,1.741244292869757
1768915984.547961,1.302199753756762,1.243813381300349,1.8007764786852305
1768915984.5681925,1.3066259780210867,1.2646320285969708,1.81839644032671
1768915984.5879772,1.2483551392344665,1.041234669263158,1.6255953340633893
1768915984.6080759,1.2514745196268957,1.0309811959597504,1.621453267811924
1768915984.62816,1.4112281276190073,1.3672503723220757,1.9649270746767942
1768915984.6487677,1.4177722350099877,1.478154419353796,2.0481744549281866
1768915984.6679845,1.1523908140187544,0.9840548195832142,1.5153773378864288
1768915984.688289,1.1535010167402877,1.0803402454434483,1.5804112254554785
1768915984.708188,1.1546149668056411,1.1769919116887486,1.6487709609743637
1768915984.7282603,1.4129400531655754,1.6057571458751987,2.138891209334594
1768915984.7479572,1.3979574018132108,1.5448489224936601,2.0834690039964996
1768915984.7680218,1.3217896806830105,1.6012824403155257,2.0763509851715676
1768915984.787956,1.3255223823011977,1.5370581067677627,2.0296692364919813
1768915984.8079994,1.2591705915023108,1.4739676147528726,1.9385796624963731
1768915984.8280363,1.2616541334778197,1.4661416827721894,1.934255046906621
1768915984.848406,1.2640861073989966,1.4053698393397482,1.890232279971162
1768915984.8681166,1.3898592371127159,1.6356333428167886,2.146393517303284
1768915984.8881013,1.2088160221611708,1.4865801720818759,1.9160263003050182
1768915984.908042,1.2102064535601962,1.53469301356251,1.954451919622564
1768915984.9279752,1.3158945388150793,1.4392390462778302,1.9501249882030813
1768915984.9480963,1.3193653360865283,1.5153532917956234,2.0092338064602013
1768915984.9680443,1.2675857073510195,1.7773486207973725,2.1830578657770174
1768915984.988052,1.2698613581460614,1.7725948213353782,2.1805137627489444
1768915985.0086467,1.2866399000276685,1.7464855456062303,2.169251943264014
1768915985.0279064,1.415478680585671,1.8391132373843924,2.3207579354846666
1768915985.0484629,1.42063725197593,1.8379194998408188,2.322963256187417
1768915985.0679314,1.4258317075084195,1.9695458152059118,2.431482423611467
1768915985.088151,1.377610014329175,2.1017210592365174,2.512974485031294
1768915985.10798,1.4846197611763123,2.288057501525472,2.7275085637926413
1768915985.1280453,1.4908315163295875,2.3725377772755145,2.802055337547961
1768915985.1480823,1.492072141070595,2.3782198118432305,2.80752715883616
1768915985.1681373,1.4981097807351178,2.4064086393597997,2.834631449539729
1768915985.1879451,1.4941543172336424,2.4717998556954655,2.888302555191207
1768915985.2082415,1.4999605466461627,2.3928121522834545,2.8240806712292112
1768915985.2281923,1.4858072439097183,2.316848099472015,2.7523459597371986
1768915985.2480419,1.4912753358442605,2.3723429286300544,2.8021265314611394
1768915985.268068,1.5646675664517433,2.563660892855399,3.003421676531979
1768915985.2884467,1.5716515426312507,2.684823267585525,3.1110069992887843
1768915985.3079762,1.5120110724427929,2.6947360262056357,3.089948176607521
1768915985.328054,1.5176898263890202,2.8416533034654137,3.221548681336452
1768915985.347995,1.4312632291948582,2.1344301696010284,2.5698845460736885
1768915985.3680105,1.4351734135381258,2.26648706463509,2.6826640380571067
1768915985.3883936,1.62276274164625,2.8110811868434276,3.245849096107259
1768915985.4080303,1.6298882028460002,2.7535463695785616,3.19977392376334
1768915985.4283018,1.629233972662389,2.8044699838302662,3.2433709667384956
1768915985.4480896,1.6364034860636063,2.8899115479488913,3.3210548210123663
1768915985.4680648,1.6303440148566226,2.8983473613942756,3.3254231360956115
1768915985.4879782,1.6763280954302915,3.478114059156347,3.861004181819801
1768915985.5080168,1.683974935462919,3.466089635813791,3.8535112490770183
1768915985.5280166,1.821746452712592,3.7588651204789016,4.177059627527932
1768915985.547885,1.8318173172910472,3.667625005206972,4.099637528214758
1768915985.5681615,1.634924394484452,3.2790700283004988,3.6640521320225488
1768915985.587996,1.6411650063460959,3.3726117218639793,3.750724250662703
1768915985.6079302,1.6793974546530595,3.380455934933245,3.7746335105173556
1768915985.6283522,1.6864656009828365,3.5630232914896673,3.941992034364892
1768915985.6480532,1.728104364536791,3.7135277929896624,4.095928876828524
1768915985.6684568,1.73582150329583,3.8972292388196834,4.266318322771432
1768915985.688247,1.7682631331460885,3.827418214384572,4.216145715679951
1768915985.7079465,1.7762301747177585,3.9196609247556182,4.303340028237828
1768915985.7280705,1.9586609887055753,4.67316449153283,5.067032586593498
1768915985.7479646,1.9700035090504286,4.701129567014927,5.0972083566922155
1768915985.7679405,2.123417281071488,5.055729846046891,5.483548597921089
1768915985.78801,2.1375058571411927,5.038811267863718,5.473440442944755
1768915985.808128,1.9091962522583437,4.628874713542615,5.007146037745606
1768915985.827939,1.918517988220165,4.5492988050209675,4.937289832336112
1768915985.847876,2.0414639108016774,4.758619175268471,5.178033541252748
1768915985.8684287,2.0533651604409067,4.749398775073978,5.174272625866046
1768915985.8879848,2.019502877036646,5.036121861076644,5.425948329091733
1768915985.9080064,2.057525398840389,5.49819305567129,5.870565359852942
1768915985.927992,2.068853490949712,5.603451618315784,5.9731754373884405
1768915985.9481552,2.104641966918926,5.581945845217085,5.965537463452278
1768915985.9679186,2.1163273576880792,5.709149784428057,6.088779249236577
1768915985.9879858,2.108858310117879,5.816070403953766,6.186595050259889
1768915986.0081925,2.1203557159654998,5.921479763703708,6.289660639031337
1768915986.028001,2.119143211222584,6.045554554560155,6.406207756686776
1768915986.0480793,2.1303800298964832,6.226213985295878,6.580597211687988
1768915986.0682073,1.9537365062578755,5.280937767156637,5.630753949203077
1768915986.0881917,1.9613001541731712,5.290201477703057,5.642067880613571
1768915986.108206,1.9688573604241082,5.276193397250239,5.631573143525991
1768915986.1281857,1.8957151542343915,5.149590389937423,5.487441765534262
1768915986.148113,1.9491727174632176,5.302120733670563,5.649049349839512
1768915986.1680179,1.956138523132943,5.318863723039087,5.667167654653068
1768915986.1879785,1.9233050348180931,5.785034916623381,6.096370333527018
1768915986.2079675,1.9295414491486411,5.764436126138989,6.078803669828374
1768915986.228217,1.9358110729083715,5.888704169124431,6.198725780469573
1768915986.24794,1.9401375807882402,5.62973301494813,5.954664360984908
1768915986.2680492,1.9534647973683028,5.7634709741750925,6.085525645720012
1768915986.2880118,1.9598187542840884,5.85973105339788,6.178781236441298
1768915986.308,2.0048441950244262,5.981206679324849,6.308267082735426
1768915986.3281586,2.011983507269375,5.986625779115926,6.315676199165006
1768915986.347942,2.0457786955565136,5.870123649802885,6.216394625115756
1768915986.3683488,1.9466738370948193,5.596343924268012,5.925251416330025
1768915986.3883996,1.9522813678502018,5.577041128784529,5.908873859832283
1768915986.4083083,1.9578098332245437,5.691065322245073,6.018408746930631
1768915986.4279718,-1.6810593772190954,-12.470923423615584,12.583715336394896
1768915986.4485936,-1.8191283680784291,-13.148431366227118,13.273676032355649
1768915986.467976,-1.8830666970780952,-13.448887536389687,13.580077914065974
1768915986.4881234,-1.9220796509765719,-13.473959182851207,13.610362458282975
1768915986.5082006,-1.9875714549704888,-13.70697482785502,13.850328487803626
1768915986.5281103,-2.0521138015687903,-13.980713044734223,14.130516915307478
1768915986.5479364,-1.9137604885664659,-13.84425963259929,13.97590798418537
1768915986.5679698,-1.9779579114067265,-13.936268733126383,14.075933493065833
1768915986.5879455,-2.0390449874136887,-14.177726935233188,14.323604487374453
1768915986.6081092,-2.100316023346413,-14.355485972272504,14.508318472450153
1768915986.6279476,-1.9710805992911453,-14.277155689744617,14.412575526883078
1768915986.6479669,-1.9985551634212673,-14.482431358209066,14.619679913954174
1768915986.6679304,-2.055446352006272,-14.712326070700854,14.855214509275857
1768915986.6880357,-1.9898312607564261,-14.736337955198628,14.870073462364306
1768915986.7080624,-2.0444845641568135,-15.022544549787195,15.161027731767277
1768915986.7283251,-2.1245747532511654,-15.116059120485133,15.26463432959185
1768915986.7481542,-2.1595033808273607,-15.294797193832622,15.446497209797275
1768915986.7680168,-2.2136438231248974,-15.588418485173875,15.7448089808854
1768915986.787931,-2.181007961202753,-15.656228446655199,15.807412340439697
1768915986.8079433,-2.233939954050469,-15.885044280791043,16.041356536184686
1768915986.8279302,-2.247771227224327,-15.89494436989197,16.05309104228522
1768915986.8479948,-2.299997317456273,-16.060235455738827,16.224091671156096
1768915986.8679512,-2.237861464428815,-16.13183345160524,16.286315557679252
1768915986.8880913,-2.2878937328493087,-16.331188651475916,16.490669498322585
1768915986.9079297,-2.288283924844453,-16.37084892639458,16.53000114614443
1768915986.9280982,-2.3374610782944636,-16.640753922701826,16.804119001258524
1768915986.9485042,-2.3551455835403283,-16.661509381611495,16.827138960417408
1768915986.9679778,-2.4023268525747072,-16.959603705328856,17.128903413482305
1768915986.988209,-2.329236854197652,-16.952662372201342,17.111928758290336
1768915987.0079615,-2.374864018059575,-17.282017028074954,17.444428671153055
1768915987.0281537,-2.376166448268043,-17.307768491119425,17.47011783394895
1768915987.0480983,-2.420900969752784,-17.575310405446928,17.74125974538339
1768915987.0679371,-2.438880533956524,-17.598574305299906,17.7667654861
1768915987.0881486,-2.4837033464321534,-17.790602061926776,17.963137366254024
1768915987.1079526,-2.528767068629256,-17.789787367259635,17.968617015777653
1768915987.128208,-2.518153665976703,-17.89990536442029,18.076164137910297
1768915987.1480403,-2.5618400148641465,-18.067975150760425,18.248691742430616
1768915987.1685653,-2.6062794445822193,-18.219391368681435,18.404861161889688
1768915987.1879573,-2.499278378749689,-18.211513544420335,18.382209279438936
1768915987.2080657,-2.5399932008646613,-18.407163688372698,18.58158336931988
1768915987.2279522,-2.624910170214509,-18.456635953894875,18.6423594036887
1768915987.248347,-2.666884291453024,-18.66394289380235,18.853515220433408
1768915987.2679904,-2.6132712284314223,-18.710041965991696,18.891661040853922
1768915987.2884219,-2.636297305435475,-18.854570994833793,19.03798599857333
1768915987.3080328,-2.6753182878834556,-18.973285649853004,19.16097326057321
1768915987.3281155,-2.724785032653205,-19.07635977074327,19.269975494976716
1768915987.3480594,-2.764164196001298,-19.30113375730981,19.498060622021356
1768915987.368307,-2.8042810123248603,-19.478332891350206,19.67916269108879
1768915987.3881047,-2.7638851405196947,-19.47623332860674,19.67136817154103
1768915987.4080005,-2.748962042140965,-19.541496008609297,19.733901250478194
1768915987.4281864,-2.7862733808634452,-19.711193067473076,19.90714573956063
1768915987.4480631,-2.758211991160362,-19.722984085737394,19.91491487891503
1768915987.4681182,-2.7942328332490938,-19.947716194954722,20.142470516817596
1768915987.4879973,-2.7578302107474117,-19.975912969241588,20.16538436097922
1768915987.508383,-2.792876438216957,-20.18080147404637,20.373141803217774
1768915987.5280795,-2.826684410279231,-20.296477166064317,20.49236760620612
1768915987.548122,-2.868395667581874,-20.382912707276446,20.583751459300466
1768915987.5682218,-2.903172437928026,-20.466993046157462,20.671870127199497
1768915987.5879412,-2.875365982403831,-20.61758539414747,20.817121727504215
1768915987.6079304,-2.9036788051422016,-20.641642633649308,20.844873739572538
1768915987.6279953,-2.9370350664917098,-20.775733429659184,20.9823086080169
1768915987.6479445,-2.951276340296471,-20.819899717805768,21.02803500796692
1768915987.6681223,-2.9842877705459396,-20.91082393030252,21.12270179076395
1768915987.6880202,-2.919250126892842,-21.036274966011668,21.23786443475457
1768915987.7083955,-2.9507264547287697,-21.21436853320679,21.41859516572809
1768915987.7282834,-3.006819782575736,-21.27454875039557,21.48598123749173
1768915987.7482197,-3.0385859586486115,-21.421473950639317,21.635908828750768
1768915987.7679513,-3.0170989913287674,-21.520853015749594,21.73131383163419
1768915987.7879362,-3.0399125255009265,-21.614764588393097,21.82748534243809
1768915987.8080335,-3.0702782011869165,-21.71885735301949,21.934798220031393
1768915987.8279448,-3.0772166012336295,-21.737616925601717,21.95434470930786
1768915987.848068,-3.1071345154307957,-21.83895200184425,22.05887824518369
1768915987.867997,-3.112261009312032,-21.869494401286662,22.089838251059977
1768915987.8880432,-3.141711418515392,-21.956667104505357,22.18029713451327
1768915987.908048,-3.1465482263599096,-21.965048032945077,22.18927896148032
1768915987.9280498,-3.175509183770462,-22.061152676362155,22.288524311536904
1768915987.9480257,-3.1616550242984465,-22.085548454045846,22.310704000740955
1768915987.9680107,-3.18968192328878,-22.22256800994418,22.45031402293406
1768915987.9881032,-3.167395141164958,-22.280260091474418,22.504274743346496
1768915988.0080843,-3.1944857464570897,-22.412556764348658,22.639068883226365
1768915988.028029,-3.185511074686453,-22.46643381735788,22.691146495421332
1768915988.0482697,-3.2119260227079267,-22.60410865771266,22.831167227827596
1768915988.0679352,-3.2256107841188806,-22.670836263414905,22.899156792624314
1768915988.08854,-3.2518786232593673,-22.773717532481513,23.004715273823038
1768915988.1079252,-3.2717870931731365,-22.789433382600603,23.023094159626872
1768915988.1281564,-3.2980979068176155,-22.85126675494081,23.088045437161153
1768915988.1479192,-3.2815923100813285,-22.881733048525955,23.115850739126817
1768915988.1680484,-3.3069073730841474,-22.96962560448652,23.20645032710606
1768915988.188006,-3.3032598006551246,-23.043365550058525,23.278922251346778
1768915988.2082193,-3.2623776432081266,-23.132498227344687,23.361412245945434
1768915988.2279897,-3.2855139641013595,-23.241136262968517,23.472217977902627
1768915988.24813,-3.338300896701289,-23.275190056095738,23.513373322947402
1768915988.2679837,-3.3622672311402244,-23.362723398180236,23.603425291967216
1768915988.2881632,-3.342091739565694,-23.441188228604233,23.67823647919175
1768915988.3081806,-3.365338701156508,-23.49287991911703,23.732697096359573
1768915988.3279464,-3.361024864789638,-23.532916254578133,23.77171923918676
1768915988.3480992,-3.383752721887179,-23.590618344955352,23.832059423814446
1768915988.368124,-3.389526373197528,-23.605780965195915,23.847888460226567
1768915988.3880546,-3.4119136857145698,-23.64647889345901,23.891360761948427
1768915988.4080095,-3.401923097918154,-23.641102719017113,23.884614682578977
1768915988.428499,-3.4243225971127664,-23.688768974452717,23.934990302360493
1768915988.448257,-3.421542482620976,-23.71188883206431,23.95747534579878
1768915988.4680176,-3.44257286137506,-23.757319498080967,24.00544808246191
1768915988.48821,-3.3905839880282356,-23.811304512292004,24.051492310394607
1768915988.507915,-3.4102796067365686,-23.84811968777428,24.090720612686756
1768915988.5279112,-3.429358589002376,-23.881925359753936,24.12689079058515
1768915988.548072,-3.449267174193225,-23.91074697729197,24.158254594466133
1768915988.568327,-3.4432400614851018,-24.000361746860946,24.24609795619085
1768915988.5883157,-3.462625309079108,-24.034319877098298,24.28246910809849
1768915988.6080155,-3.4849689772838564,-24.107652606534355,24.35824137679019
1768915988.6287372,-3.5051508196688017,-24.13423156970788,24.387439712460782
1768915988.648058,-3.5155816379405227,-24.163280523692944,24.41768703050523
1768915988.6680288,-3.4620318753009074,-24.226435336659385,24.47255266266554
1768915988.68807,-3.47991358304296,-24.30225222083579,24.550137709401245
1768915988.7083108,-3.498369494464362,-24.306142759916767,24.556611431247045
1768915988.7280445,-3.515965997677962,-24.367210562288804,24.61956472977836
1768915988.7479243,-3.5315474537094893,-24.38132973149315,24.635768039450156
1768915988.768024,-3.5494472994521686,-24.43940741043432,24.695813627106524
1768915988.7880683,-3.5206304583746486,-24.454572722142053,24.70669880512104
1768915988.8081226,-3.537612538344177,-24.514500846600058,24.768436652913824
1768915988.8280234,-3.5500459227446743,-24.526630143809815,24.782219679940624
1768915988.8481686,-3.5670826956194017,-24.582971355617236,24.84042188910013
1768915988.868227,-3.5771427086892884,-24.606821715065845,24.865470533962654
1768915988.888224,-3.5939286943893816,-24.658879969506813,24.919403781208324
1768915988.9080613,-3.610567691186335,-24.68922252077968,24.951831751060144
1768915988.928008,-3.5753327254293077,-24.696260429059656,24.953722834027463
1768915988.947991,-3.6298696672014303,-24.702721840917764,24.967987907531207
1768915988.968101,-3.6464697827114128,-24.730714275863306,24.998099337161946
1768915988.9880776,-3.651198473523169,-24.742857102760453,25.01080222425265
1768915989.0080805,-3.6674427733759734,-24.785944234988683,25.055801087092714
1768915989.0284436,-3.6794422558203017,-24.801833570479495,25.07327748364142
1768915989.0481238,-3.7021219082061982,-24.82564945835134,25.10017086898335
1768915989.067922,-3.718332204039629,-24.865188232008087,25.14167019497296
1768915989.0880694,-3.7312662430732377,-24.871444258266514,25.149773105711237
1768915989.1086187,-3.748055759150345,-24.902230002180584,25.18271194798533
1768915989.127916,-3.71664829926144,-24.919509040298443,25.19514646494278
1768915989.14793,-3.7320695453048423,-24.938105406733733,25.215817344840403
1768915989.1679463,-3.7047525863018205,-24.941315315344166,25.21496383866397
1768915989.1881988,-3.719514209847505,-24.9588509815315,25.234480939293235
1768915989.207963,-3.7218695429087885,-24.95620962281349,25.23221574955796
1768915989.2283099,-3.7364482067991425,-24.97940854305826,25.257313720249517
1768915989.2480018,-3.7403925215701266,-24.974243018438422,25.25278896596251
1768915989.2679498,-3.7545095821402086,-25.000433147500562,25.280783211068197
1768915989.288113,-3.76683575805995,-24.99270787844967,25.27497771958898
1768915989.3079538,-3.7808985191483013,-25.011404352151686,25.29556366794245
1768915989.3281157,-3.797382043729451,-25.00401490686803,25.29072699328585
1768915989.3479466,-3.811413870884834,-25.020614243741292,25.309247575328726
1768915989.3684216,-3.784998676103926,-25.02013672383667,25.304810938981326
1768915989.3882778,-3.7982511680601654,-25.032705688170523,25.31922325045212
1768915989.4080966,-3.8022080669057248,-25.02877341179759,25.315929465124302
1768915989.428041,-3.8153610800079445,-25.03650862933589,25.325555167017566
1768915989.447938,-3.840211227193348,-25.02702350419194,25.3199353820036
1768915989.4680092,-3.7949541872122707,-25.03461876184832,25.32062032877804
1768915989.4879806,-3.807229135459028,-25.03995651212009,25.327740045624942
1768915989.508034,-3.819551978377779,-25.04541396129886,25.33499038500614
1768915989.5279405,-3.817256434565845,-25.03148669453907,25.32087622548084
1768915989.5485737,-3.8474682536756966,-25.027888062418295,25.321891572866008
1768915989.5679214,-3.859451248390364,-25.032680799458188,25.328451826873756
1768915989.5879698,-3.8567394613240076,-25.02631563023062,25.321747832573866
1768915989.6082172,-3.868874138412714,-25.031037271001065,25.32826511944952
1768915989.6279635,-3.875465401533463,-25.02376339126339,25.32208455756391
1768915989.6486917,-3.8878449387253857,-25.028380536209106,25.328544579838443
1768915989.6681921,-3.8994501769954595,-25.032701754218223,25.33459825611036
1768915989.687983,-3.9058216714417577,-25.01962398867585,25.322658380664304
1768915989.7085745,-3.856034391245336,-25.027574510192416,25.3228846518263
1768915989.728086,-3.8664011537252785,-25.031588670021225,25.328432427346605
1768915989.7480383,-3.8487845740972273,-25.028985934313553,25.32317672800698
1768915989.7679129,-3.858860844384491,-25.0329612294678,25.32863902645308
1768915989.788029,-3.868961153764251,-25.0369127586485,25.334084962625212
1768915989.8079293,-3.9661606548988644,-25.01224446109473,25.3247468560306
1768915989.828251,-3.9120292987894896,-25.02035566102417,25.324339490670464
1768915989.848031,-3.922396051609511,-25.02381917176063,25.329364712259498
1768915989.867942,-3.8863032835066953,-25.023978964415598,25.32395854567191
1768915989.8880723,-3.895934870795907,-25.027470168818233,25.328888083936295
1768915989.907935,-3.9038061756814018,-25.02150720204611,25.324208286130755
1768915989.928037,-3.922472689346789,-25.019084165299624,25.324698704407478
1768915989.9479969,-3.932208074697698,-25.022207601093147,25.329293980980232
1768915989.968045,-3.941522369952244,-25.01637322060833,25.324978335738088
1768915989.988002,-3.9512536609187934,-25.019336291707347,25.329421508800166
1768915990.008079,-3.959560244376641,-25.013720892013403,25.325172263824697
1768915990.027946,-3.969195861673022,-25.016427543642248,25.329353778464714
1768915990.0481071,-3.9789406194165524,-25.019139190995467,25.33356063231634
1768915990.0680275,-3.973228346622612,-25.01192574958452,25.325539938906232
1768915990.0879827,-3.983506215354718,-25.010453592488588,25.325700595833375
1768915990.1080217,-3.992953581662889,-25.01299727026653,25.329700170899685
1768915990.1280394,-3.9621070074759306,-25.013237765055354,25.32509339429731
1768915990.1480749,-3.970759460197402,-25.01568645105553,25.32886691718108
1768915990.1685665,-3.9850608446436033,-25.009957900246558,25.325455654491527
1768915990.1882298,-3.9938936798567504,-25.01231893035198,25.32917852990191
1768915990.2080026,-4.01323270182936,-25.006284382709318,25.326276776264695
1768915990.2282863,-4.022343392043074,-25.008525062453295,25.329934310275405
1768915990.248037,-4.031216236074953,-25.00366272742165,25.326544456925994
1768915990.2679703,-4.054849667335172,-25.000649253013567,25.32734231807388
1768915990.287991,-4.064063030778178,-25.002469468607686,25.330615623130782
1768915990.3079033,-4.0892735196509244,-24.996063512768725,25.32835069744744
1768915990.3280218,-4.098860469439821,-24.99787649670425,25.331689373044494
1768915990.3481407,-4.027593599488556,-25.00413437418674,25.326433740363605
1768915990.368187,-4.035588916195525,-25.006007409403296,25.329555551956545
1768915990.387921,-4.049655926523038,-25.0011668736138,25.32702229172445
1768915990.408251,-4.057869936306012,-25.002918894186447,25.330066356984574
1768915990.4281816,-4.066007785959179,-25.004674582210516,25.33310423690167
1768915990.4484215,-4.081152901576173,-24.99703572492842,25.32800039559758
1768915990.4679742,-4.087121657075193,-24.99602087795351,25.32796129124531
1768915990.4880085,-4.095373081687734,-24.997521661350785,25.330775153712022
1768915990.507932,-4.109242868940616,-24.993078445164002,25.328636898223735
1768915990.5281725,-4.117670027906472,-24.994539192996506,25.331446779229918
1768915990.548157,-4.128889535877562,-24.990467691222868,25.329255895614725
1768915990.5680175,-4.137280888370007,-24.99188146057583,25.33201989752782
1768915990.5881927,-4.073223286686491,-24.997644118520387,25.327324363607815
1768915990.6080794,-4.080238913459013,-24.999094551375045,25.329885076318345
1768915990.6280315,-4.089778272109103,-24.99545094677479,25.327827667363035
1768915990.648312,-4.096973682184257,-24.996785239103275,25.330307255190604
1768915990.668064,-4.116103693126446,-24.992190375654626,25.328874617430852
1768915990.6879685,-4.129469915878979,-24.990475531153308,25.329358244126947
1768915990.7079287,-4.137003555295342,-24.99067511531704,25.33078445559578
1768915990.728036,-4.143441077083405,-24.985291926978732,25.326525948807323
1768915990.748179,-4.151009047823965,-24.982520314392303,25.325031043892928
1768915990.7680497,-4.216922684548878,-24.968662517561555,25.322253944768544
1768915990.7879739,-4.225537035411371,-24.964041004021514,25.319133209651955
1768915990.807977,-4.234260451535613,-24.95403549234595,25.310725965975376
1768915990.8284605,-4.1651768165154035,-24.95046216628638,25.295736008745138
1768915990.8479679,-4.167591890404419,-24.943480744522397,25.289247790658468
1768915990.8680038,-4.174681871855688,-24.935819718646627,25.28286126553018
1768915990.8880951,-4.17866453304635,-24.917403049626852,25.265355964587023
1768915990.908045,-4.185765843941784,-24.901973497898226,25.251315209120005
1768915990.9280035,-4.20030832393944,-24.87839888579544,25.230483965570354
1768915990.9482634,-4.207597805032985,-24.868380825949544,25.221820794569396
1768915990.9680831,-4.257802353420318,-24.832495963433903,25.194875206175414
1768915990.9880104,-4.236014997028306,-24.81485562752678,25.173813435195832
1768915991.0080988,-4.243518011383326,-24.7994252711772,25.15986762472404
1768915991.0280852,-4.164178520642383,-24.7905501471186,25.137855106364615
1768915991.048175,-4.169951256672012,-24.77680583443196,25.12525822434791
1768915991.0682623,-4.169290396220195,-24.76329501122265,25.111825147146483
1768915991.0879579,-4.1749106654532255,-24.7454508719991,25.09516323762482
1768915991.1080322,-4.18237091097902,-24.727042035522636,25.078254210839855
1768915991.1280422,-4.18805936861317,-24.71123880114791,25.063622331227116
1768915991.1479552,-4.191022408939926,-24.685453289546516,25.038695511999414
1768915991.1680982,-4.196739919807568,-24.661228866709845,25.01577172846661
1768915991.1879916,-4.202382440396035,-24.63982408169397,24.995618595109324
1768915991.2083714,-4.203189591162725,-24.602551833827214,24.95901359179512
1768915991.2279587,-4.253440750119018,-24.57282846343146,24.93823684441224
1768915991.2479603,-4.260028494895158,-24.523723907074505,24.89097983301855
1768915991.2679362,-4.228212763589109,-24.513483587685666,24.87546302640239
1768915991.2879505,-4.2341704409629335,-24.44747659573236,24.81143508993395
1768915991.3079913,-4.20079512504973,-24.436458692616966,24.794902563200704
1768915991.3279412,-4.205964209955214,-24.370499292660746,24.730777802345848
1768915991.3479733,-4.1706568459637055,-24.35385230483483,24.70838927596238
1768915991.3679621,-4.175025127651589,-24.293800651073393,24.649940869921295
1768915991.3879545,-4.178647810378469,-24.276679448971905,24.633681466466104
1768915991.4081132,-4.182877137739072,-24.240327819158377,24.5985762581838
1768915991.4280133,-4.185863651477087,-24.2173786068559,24.57647006989732
1768915991.4480188,-4.190034955750544,-24.185152368008502,24.54542702814923
1768915991.468022,-4.192990734124595,-24.17268999672875,24.533652662708114
1768915991.4880712,-4.197225820559646,-24.12251321153164,24.484941254356546
1768915991.5079699,-4.200227272566425,-24.098165568452615,24.46146955736237
1768915991.527991,-4.20453613870095,-24.02197092128359,24.387152582551263
1768915991.5479786,-4.173996330489617,-23.98820384108209,24.348637926755703
1768915991.5681367,-4.177637854313535,-23.914043897113473,24.27620550157836
1768915991.5880558,-4.143676578541151,-23.872306603582235,24.22926078449333
1768915991.6080525,-4.186643056116861,-23.78865754195269,24.154258583687355
1768915991.6279633,-4.190154766383394,-23.742037928926337,24.10895605340103
1768915991.6480224,-4.204297830388617,-23.69162424872227,24.061778400385446
1768915991.6679947,-4.207983569701936,-23.65725725350443,24.028586027508346
1768915991.688005,-4.171081675748275,-23.618317718394184,23.983803997547504
1768915991.708076,-4.173989317417404,-23.583028880812588,23.949560288555514
1768915991.727982,-4.1729606103036225,-23.546101680361893,23.913019562512105
1768915991.7480989,-4.175721344843668,-23.531953868786033,23.899571160011572
1768915991.7680194,-4.17865454781846,-23.458265401319625,23.827533852011484
1768915991.7882342,-4.221370190414619,-23.391212621523962,23.769072219795685
1768915991.8081584,-4.155132631507692,-23.352585270364138,23.719366897011568
1768915991.8279445,-4.157414666371635,-23.282502536017564,23.6507721025726
1768915991.848157,-4.115562998325585,-23.230670341215117,23.592411985538877
1768915991.8680375,-4.116967525643035,-23.15804860456204,23.521152964479807
1768915991.8879592,-4.1612898396698785,-23.08601866721382,23.458060257248142
1768915991.9081314,-4.163569565290765,-23.01045677897451,23.384106412306405
1768915991.9279728,-4.134567952363326,-22.94428302909646,23.313832286262883
1768915991.9479582,-4.136212589983292,-22.865923283018546,23.237011472528604
1768915991.968047,-4.141457257144164,-22.829174704537294,23.201786265351156
1768915991.9882166,-4.143175087203516,-22.766721110760955,23.140645840995717
1768915992.0080423,-4.1463962424067775,-22.7111015227228,23.086505456098525
1768915992.0281167,-4.148088847809963,-22.646921674566762,23.023676996155224
1768915992.0483167,-4.152575385417828,-22.599123570412605,22.977473065643153
1768915992.067991,-4.154278119636708,-22.52378693167445,22.903689755992616
1768915992.0880013,-4.156743809500699,-22.436309349160087,22.81811772055335
1768915992.1089225,-4.199217196842756,-22.3532433655519,22.74425013109577
1768915992.1283543,-4.201612711222728,-22.22364636182064,22.617338636328817
1768915992.1480098,-4.168873164371929,-22.13494346372883,22.524103214181295
1768915992.1681757,-4.17061452004757,-22.0418777572878,22.432975739790972
1768915992.1886787,-4.173542477031835,-21.967339892560794,22.360287984793082
1768915992.2079923,-4.175211087570925,-21.89295023345748,22.287522463262288
1768915992.2279792,-4.175479898831384,-21.827646823123438,22.2234290383045
1768915992.2482967,-4.177185892403636,-21.773414763505844,22.170486517966857
1768915992.2681065,-4.098063814248326,-21.715713860703367,22.0990125459396
1768915992.2883406,-4.098213590170128,-21.671716741640665,22.055807878211205
1768915992.3079653,-4.136395712013418,-21.63343365113197,22.025331348796822
1768915992.3280823,-4.137235755042608,-21.56617851757942,21.959434772892198
1768915992.3482382,-4.1402784670770165,-21.508521671595634,21.903388100530034
1768915992.3679705,-4.103607318759527,-21.455219600411933,21.84413058760813
1768915992.3881006,-4.103600885961738,-21.327701993995955,21.71889528903266
1768915992.407986,-4.103277266118657,-21.256509655913923,21.6489280814226
1768915992.427963,-4.1032729435987605,-21.14937208638254,21.543741283675097
1768915992.4481084,-4.106559201975497,-21.063849911736924,21.460419417697995
1768915992.4681442,-4.106507595619161,-20.929097768973847,21.32816302582442
1768915992.487976,-4.109319385043062,-20.816029912379868,21.217766308482712
1768915992.5079546,-4.109334089248114,-20.70242783627316,21.106329500250734
1768915992.527973,-4.073868157031503,-20.61623551987574,21.014889216264297
1768915992.5480633,-4.073246406145911,-20.525929396288475,20.926182496255738
1768915992.5679457,-4.075476863884665,-20.44676852226919,20.84897730516577
1768915992.5881011,-4.075022107964536,-20.39439832373949,20.797530819011854
1768915992.6079764,-4.116942695013526,-20.28292879723601,20.696531539071252
1768915992.628007,-4.117241290249388,-20.216031366177287,20.631034875652706
1768915992.6480405,-4.119182140481067,-20.07962237149544,20.49777783293395
1768915992.6679704,-4.003061804364807,-19.98238335982565,20.379405009680767
1768915992.6879752,-4.00076300575029,-19.829467151570434,20.22903537352661
1768915992.7079604,-3.99873557459114,-19.745273392649615,20.146108992705702
1768915992.727987,-4.022851901591196,-19.58484633597797,19.993737605210427
1768915992.7481246,-3.9769187377962023,-19.488725167178934,19.890356741116236
1768915992.7680216,-3.974250305079282,-19.34298907384573,19.747047672964637
1768915992.7879562,-3.9646935522384523,-19.269909353878564,19.67354064396792
1768915992.808021,-3.9620280818193194,-19.166194218096184,19.57142476486851
1768915992.8281293,-3.957238498986952,-19.091412467182387,19.49722458530833
1768915992.8480284,-3.954751655852188,-19.031535634587232,19.438091708550747
1768915992.8680115,-3.9497662997414125,-18.940643202368552,19.34809082938167
1768915992.888109,-3.947299718693735,-18.895318146640918,19.303217942404764
1768915992.9080014,-3.94243912439237,-18.818809166013104,19.227334830297167
1768915992.9281669,-3.939568176354336,-18.71098907494773,19.121226675581177
1768915992.947929,-3.9343592690816647,-18.61770524585511,19.02887625372948
1768915992.9680514,-3.9309765238039724,-18.42890594779287,18.843490941523903
1768915992.988173,-3.918652575212231,-18.334372633144394,18.74846814692367
1768915993.0080004,-3.9106872045008765,-18.190389898919022,18.60601405691563
1768915993.027997,-3.907029353352117,-18.01176518096903,18.430641966635978
1768915993.048355,-3.9039098275594477,-17.93008846056307,18.35016577977791
1768915993.0679739,-3.853550213147768,-17.76951686610669,18.182562495426804
1768915993.0880933,-3.8492138642789153,-17.63608747450612,18.051261141022493
1768915993.1079564,-3.9162309205505004,-17.509939545398723,17.942542949832777
1768915993.1280565,-3.9134395641960795,-17.408255905697843,17.84271231906402
1768915993.147972,-3.9115979598689514,-17.339779509793456,17.77550426986261
1768915993.1685295,-3.908629008570575,-17.21968196099916,17.657712976617308
1768915993.1883473,-3.8997323072589887,-17.081538422864362,17.521040692837598
1768915993.2082298,-3.820151236670009,-16.985647046274984,17.40993282731618
1768915993.228139,-3.815100440102127,-16.792045392093446,17.21998199238879
1768915993.2479677,-3.79935554393262,-16.775980418416676,17.200832001630367
1768915993.2681324,-3.79396776018789,-16.579922410457197,17.008469022875808
1768915993.2881384,-3.8697858411372312,-16.480786853251395,16.929015853219887
1768915993.3079236,-3.865640404552495,-16.2446244452412,16.698233412676824
1768915993.3280892,-3.7794289206889635,-16.125685926808067,16.562663722257838
1768915993.3482747,-3.7738197804545024,-15.922182958075847,16.363301191562496
1768915993.3679657,-3.842735441024133,-15.745237437584699,16.207378493625107
1768915993.3885105,-3.799219926011635,-15.636948413230908,16.09186837269832
1768915993.4080138,-3.795213809729646,-15.542546976474096,15.999200429317293
1768915993.4279716,-1.4998168253387376,3.2771325410600625,3.6040322142350436
1768915993.448466,-1.4503961593772348,3.759578042011448,4.029649621631001
1768915993.4680407,-1.403411832065139,4.205985804201461,4.43394647639376
1768915993.4880254,-1.4381885150466214,3.9708592621207046,4.223281838142204
1768915993.508038,-1.3915993853737398,4.413547317927929,4.627736895822988
1768915993.5280528,-1.4121700954166352,3.799598410724826,4.053538264426728
1768915993.548329,-1.3654949120668554,4.324473175886467,4.534936008792413
1768915993.5683239,-1.4880328762318444,3.8791949463265496,4.154803878927652
1768915993.5883918,-1.4915598756443844,3.856336100999002,4.13474049808455
1768915993.6084716,-1.448641579257946,4.39989986646917,4.632243652930011
1768915993.6280434,-1.4852293421209686,4.105575967561975,4.365966127229978
1768915993.6480877,-1.4435682856479424,4.659328472257961,4.877830584155444
1768915993.6680086,-1.3666831028969924,4.239238918854838,4.454095790940928
1768915993.687961,-1.3242712990318917,4.800878260504412,4.98017334493725
1768915993.7083595,-1.344435577620502,4.565577520365501,4.759412265904118
1768915993.7280126,-1.3038908746452749,5.115116481571711,5.2786880977217985
1768915993.747912,-1.374298066478882,4.559580580626161,4.7621917482132945
1768915993.7684226,-1.3359349902871016,4.955225037483487,5.132151349129975
1768915993.7879972,-1.4102926731099863,4.411778299968532,4.631707373302089
1768915993.8081043,-1.3749898313001614,4.745185302826513,4.940382636430057
1768915993.8280146,-1.4400305073816688,4.326006528789684,4.559388155149863
1768915993.8481588,-1.4063959442026692,4.667376697197774,4.874664581836838
1768915993.8680825,-1.4801798887401412,4.1423991325432254,4.398909305308038
1768915993.8879347,-1.45068668334333,4.091224015581467,4.340807044651975
1768915993.9079251,-1.418643080238164,4.453878173867736,4.674353321772224
1768915993.9281328,-1.521393148199575,4.172465471613677,4.441182863066658
1768915993.947976,-1.4918572829157482,4.525164504878973,4.764740491234052
1768915993.9680555,-1.5758521043992215,3.597461386733393,3.9274722512039726
1768915993.9880414,-1.5489128998977915,3.8813213226975734,4.178969535842135
1768915994.0079346,-1.5431973120320541,4.078323100124969,4.360524882726378
1768915994.0279346,-1.5161460926285928,4.406495439863505,4.660032299859178
1768915994.048345,-1.453211715856044,4.446271807566617,4.677729927845662
1768915994.0680437,-1.4260648388239734,4.746645227855758,4.956238679044411
1768915994.0882757,-1.4853252599353461,4.320212166161518,4.568415949588216
1768915994.1083157,-1.4599735810785583,4.586637941076837,4.813394899649614
1768915994.1279728,-1.4988794515499313,4.40039010080568,4.64866353369947
1768915994.1479723,-1.455100586562288,4.381192209980419,4.616509817796018
1768915994.1679475,-1.429193076468509,4.732199192299582,4.943308815502663
1768915994.1879745,-1.4813080196169675,4.053766485134915,4.315935143741693
1768915994.2081563,-1.4574500663068473,4.316720706542938,4.556120976672414
1768915994.227919,-1.4333587012273812,4.627860963775497,4.844751207897193
1768915994.2479782,-1.5169998451703721,4.1505965404006275,4.419133418605122
1768915994.2679374,-1.377083772901793,4.485723915289341,4.692342566542662
1768915994.2879333,-1.3524816184430881,4.787516306776965,4.974888834525028
1768915994.3079925,-1.4434189034916538,4.178333846710419,4.420625732350901
1768915994.3278823,-1.42190824701837,4.391153843934582,4.615631608354409
1768915994.3480294,-1.467986546141518,4.101921249624279,4.356689389636552
1768915994.368524,-1.4477336154643856,4.282717063212175,4.520796175993151
1768915994.3880415,-1.4537095860307636,4.045225120919191,4.298501813357
1768915994.4093726,-1.4341547778292034,4.217418478511608,4.454595217262899
1768915994.428316,-1.4778500397166896,4.003408910781122,4.267472747049746
1768915994.448078,-1.4608611915768135,4.090012193305608,4.343076693134002
1768915994.4691,-1.486915756902036,3.9250525766628037,4.197255793693168
1768915994.4883769,-1.4695920012858124,4.060106359229579,4.317888870559281
1768915994.5082867,-1.4525052977652007,4.220500798488498,4.463451425755412
1768915994.5281434,-1.457014136998293,4.019996410173711,4.275893045110274
1768915994.5485535,-1.4398063747323988,4.174492871294422,4.415816247219533
1768915994.5691025,-1.4876218242114474,3.9276466632717373,4.19993178556269
1768915994.5883584,-1.5261149122967508,3.667414902275773,3.9722737557938954
1768915994.6079621,-1.5100390165860933,3.9397684142944414,4.219240807288016
1768915994.6279929,-1.5339949460261688,3.7471000911743566,4.0489380814866385
1768915994.6479628,-1.5173600538871033,4.096996733141374,4.368954539074922
1768915994.6679995,-1.6269215823141883,3.4243062244550657,3.791140587454046
1768915994.6879783,-1.6130422343243924,3.735870691060093,4.069230279799369
1768915994.7082062,-1.501284087978636,3.4202800731636565,3.73526032448854
1768915994.7280157,-1.485940408392222,3.699628277450806,3.9868870423685774
1768915994.74829,-1.537462956510301,3.4224539758752677,3.7519306442984557
1768915994.7681017,-1.5244224344547885,3.613615957374659,3.9220000058722384
1768915994.7882657,-1.5739882340969655,3.264382759526452,3.6240355629835115
1768915994.8087482,-1.6012435311137612,3.1095164613641515,3.4975810883278036
1768915994.8279643,-1.5906171125130741,3.2625082549691165,3.6296036853024405
1768915994.8479269,-1.540333344248456,3.0837908538655263,3.4470846873536924
1768915994.8680065,-1.5283119139693255,3.2567256322196805,3.597499013194758
1768915994.88826,-1.5259827745107946,3.0836060349838093,3.4405304252530935
1768915994.9080243,-1.5129827365925035,3.361990835558192,3.6867464165038815
1768915994.9280806,-1.4321895432295355,3.4200412365036037,3.7078091842921372
1768915994.9480798,-1.4180483983756007,3.6702630438815653,3.934678140765567
1768915994.9679713,-1.5305184519990034,2.9201244596214444,3.296909703281068
1768915994.9879487,-1.518133688265792,3.210233138576495,3.5511021809379395
1768915995.008089,-1.509012391931298,3.220471324041071,3.556480556389008
1768915995.0282462,-1.5126960700752605,3.3378640779011306,3.664639955434081
1768915995.047942,-1.5218299230823815,3.1649555398192994,3.5118242956933083
1768915995.0679893,-1.5120498333803591,3.2836034023503196,3.6150167361372154
1768915995.0880013,-1.4964988192226651,3.1568115624863893,3.4935609279047344
1768915995.1080015,-1.4875829343160802,3.187381010419635,3.5174281360181525
1768915995.1280348,-1.513683591982855,3.1278245650891456,3.474841654897849
1768915995.1486862,-1.5031683483492428,3.3505556294478716,3.6722933038503083
1768915995.1679657,-1.560814018420459,2.8992438453184874,3.2926820792045732
1768915995.1879504,-1.5522671741624992,3.0561852056010324,3.4277983299659063
1768915995.20792,-1.4938953860238173,3.2894782039002664,3.6128091948396848
1768915995.2279398,-1.5267249393477418,2.986364081721778,3.353991572592919
1768915995.2481132,-1.5180427096281357,3.134886362761467,3.4830972101971187
1768915995.2680726,-1.4979682123446962,2.998286663850269,3.351661033550013
1768915995.2886732,-1.4895071245191596,3.082932897414171,3.4239022655373605
1768915995.3079727,-1.4974802213739762,2.692053420390316,3.080519214619745
1768915995.3280523,-1.4895403244934413,2.7709005140752687,3.145889387310783
1768915995.348025,-1.5105771856072203,2.691887313470584,3.0867621777683016
1768915995.3680575,-1.5044674129505786,2.656494290364563,3.0529304137778395
1768915995.3879516,-1.4967844872020497,2.761490441736562,3.141049706854557
1768915995.408161,-1.5062149009469086,2.546503678158576,2.9586085091998338
1768915995.4282773,-1.4941636369071314,2.87634242627707,3.241276095468729
1768915995.4484034,-1.4879513083551186,2.8673124362296676,3.230399310146196
1768915995.468373,-1.5049152466009028,3.133016209228824,3.475710066553654
1768915995.4881678,-1.4983219238036511,3.2107655014611254,3.5431601280105287
1768915995.5081267,-1.4488186103391152,3.3507273032540468,3.650540895050636
1768915995.5280304,-1.4963983575137887,2.601343747767288,3.0010327119873126
1768915995.5480406,-1.4900620375477978,2.658795571726877,3.047864624286247
1768915995.568046,-1.389727120848148,2.55018815020145,2.9042728989970583
1768915995.5880327,-1.3816049196867897,2.6040361182550704,2.947852821848417
1768915995.608021,-1.3909602845897209,2.6681119452735516,3.008918720374037
1768915995.6280408,-1.383798853237179,2.667365224356111,3.0049519973411982
1768915995.647938,-1.3752993273938665,2.5016927879253004,2.854805605481306
1768915995.6680582,-1.3677903427002196,2.524864063808156,2.87154818212995
1768915995.6881309,-1.4077117476342917,2.523368421520395,2.8894706358005995
1768915995.7086985,-1.3824411433722492,2.3323031824366893,2.7112324964290098
1768915995.7280552,-1.3744420626132445,2.465384753857574,2.822625190852289
1768915995.748182,-1.3671953881848458,2.5089793095391855,2.8573064947900915
1768915995.7681162,-1.3804284284209745,2.4855489639469006,2.843156045342976
1768915995.788158,-1.3036900001988427,2.569425044836514,2.881241516716636
1768915995.8080263,-1.2952584371053468,2.640234479359524,2.9408387451357214
1768915995.8280609,-1.3097627722691976,2.50883953625776,2.8301509391395268
1768915995.848193,-1.3029539879318903,2.462604688989895,2.786056522919561
1768915995.868209,-1.2914599135951477,2.194547755001615,2.5463520097201435
1768915995.8879414,-1.2833923696554028,2.257782385480617,2.597051650367442
1768915995.9080796,-1.1872929562512238,2.5129950196711235,2.77935397760984
1768915995.928334,-1.1777004151868802,2.550256622641763,2.8090544867018017
1768915995.948028,-1.2365739413501706,2.4561107321840634,2.7498354571093944
1768915995.9679303,-1.2271432917233405,2.604981185031164,2.8795499010762016
1768915995.9879537,-1.2195964956817502,2.6159780809161877,2.886305065670146
1768915996.0081491,-1.2107640440510186,2.707289319564124,2.965698067941636
1768915996.0280669,-1.2174762666154102,2.412877332111936,2.7026330641786007
1768915996.0486782,-1.1965618173912058,2.1219630573418513,2.436080335202869
1768915996.0679495,-1.1883242980315538,2.1764529705590228,2.479730261610601
1768915996.0879545,-1.2305728822865838,2.0430417654797424,2.3850218603010105
1768915996.1079488,-1.2234102006385548,2.061362081301187,2.397070326305182
1768915996.128233,-1.2171617364998348,1.9946928007400562,2.336724644052761
1768915996.1479077,-1.173345733763052,1.9538604700263846,2.279103101501044
1768915996.168184,-1.188915770072121,1.9232935006333118,2.2611011914340593
1768915996.1882627,-1.181778473993709,1.9132184337701563,2.248778587792233
1768915996.2079875,-1.1945213261767451,1.9273209191881442,2.267475936858269
1768915996.228196,-1.1858505624105886,2.0824418208277358,2.3964151337992012
1768915996.248152,-1.2083762968448415,1.9269693905842047,2.274507486693529
1768915996.2679913,-1.2000194765565826,2.1110978439879027,2.4283288185510434
1768915996.2881114,-1.2029531721377569,1.9022747186113307,2.25072109321082
1768915996.3081043,-1.1164327713218498,1.9138659159019245,2.215695122739701
1768915996.3279076,-1.1079524103924059,1.9800699471799792,2.2689723531633583
1768915996.3479745,-1.1586122167202384,1.7255402823043973,2.0784300648779412
1768915996.368138,-1.1524578309520477,1.6728609457878605,2.0314090666492937
1768915996.38792,-1.2321508288279042,1.5855026243777708,2.00798760874914
1768915996.4082394,-1.2282890311788721,1.4755194252439434,1.9198571609332162
1768915996.4279366,-1.111537347247229,1.7255395457810216,2.0525598647492798
1768915996.4480877,-1.1049096710892647,1.677836655151486,2.008970189583836
1768915996.4681435,-1.1639667150648152,1.6259876753761802,1.999663580268944
1768915996.4880643,-1.15636410669598,1.7759736213234572,2.119259363761677
1768915996.508001,-1.1509922731453885,1.729230794625943,2.077263188409947
1768915996.5280812,-1.248300410142273,1.6915754471778328,2.1023038332877224
1768915996.5482788,-1.2034590579164992,1.5043394202736131,1.9264866455468665
1768915996.5679605,-1.198035016511428,1.5632939625685758,1.9695623661592687
1768915996.5879893,-1.1847164238107126,1.3483808527007195,1.7949049915738615
1768915996.608234,-1.179763903435203,1.3426189463768594,1.787307612868802
1768915996.6279478,-1.171008192369317,1.381838485859948,1.8112807037010494
1768915996.6480575,-1.1663337375704081,1.344989026195634,1.7802611797097745
1768915996.6680565,-1.1589442872572322,1.3648109868750389,1.7904918013945195
1768915996.6880229,-1.1676670799694702,1.0046311477668084,1.5403668889935551
1768915996.7079263,-1.1629529255402888,0.9861045239479171,1.5247496972202568
1768915996.7280774,-1.1576360601993856,1.01812139049588,1.541652494454966
1768915996.7480094,-1.2507982028761242,1.210242787848701,1.7404550410332174
1768915996.7680612,-1.2480237110074164,1.1895821806432947,1.724142960354732
1768915996.7879913,-1.2549077715728334,1.133570188983244,1.6910868956104539
1768915996.807973,-1.172503141604311,1.0386076315254344,1.5663554607223902
1768915996.828053,-1.1687013838520806,0.9865906979831145,1.5294522319982984
1768915996.8480437,-1.118365348094654,0.8679620115828328,1.4156620731550995
1768915996.868201,-1.1125080841037764,0.912963746345933,1.439158448308683
1768915996.887954,-1.1061742484861536,1.0088759910162253,1.4971480331827167
1768915996.9080966,-1.1022664068748118,0.9227915482267228,1.4375449464985017
1768915996.9279504,-0.6722322323928794,0.8864713279716412,1.112532062272238
1768915996.947984,-0.6595969179998675,0.8013409180467379,1.0378898598458859
1768915996.9680095,-0.6127126146629255,0.8904748552564659,1.0809080515987946
1768915996.988237,-0.5995272647773463,0.8040266124471103,1.0029415410354594
1768915997.0079982,-0.5137994165027513,1.102587112254664,1.2164243422871175
1768915997.0282178,-0.499466198565776,0.9928215467448407,1.1113780217327338
1768915997.0479717,-0.5508249522617188,0.9115243678409133,1.065028075311586
1768915997.0679724,-0.5855163356353656,0.8701693342632879,1.048820313298746
1768915997.0881464,-0.5734449279281297,0.757933038049666,0.950421788225467
1768915997.1080432,-0.6238167290041098,0.6488888631994687,0.900113364065708
1768915997.1281323,-0.6127489837212607,0.5586584233354746,0.8291927104208745
1768915997.1479726,-0.7754862773473212,0.48785498291778673,0.9161776305453656
1768915997.1680734,-0.7660281909294299,0.551774804926839,0.944062828762295
1768915997.1881604,-0.758086046658492,0.4802132379541182,0.8973846488795537
1768915997.2080474,-0.6406804408747975,0.7657394239787747,0.9984128869134605
1768915997.2279267,-0.7015059812345216,0.5256271802088923,0.8765811852202626
1768915997.2482378,-0.6909117005792904,0.6195476327938652,0.928007676314075
1768915997.2679539,-0.682455654416306,0.5469322181842906,0.8745745088514625
1768915997.2880352,-0.6053754527993922,0.7777589208796014,0.9855903702146603
1768915997.308049,-0.6677747050264748,0.6290833425223354,0.9174251514495717
1768915997.3279965,-0.6589616542300717,0.5944552292778646,0.8874725242853613
1768915997.347941,-0.5913303946559098,0.7140601504262953,0.927121100002981
1768915997.3680546,-0.5822431536441138,0.5997467159358392,0.8358846889621004
1768915997.3879144,-0.5748574702134356,0.5577772391231575,0.800984743640004
1768915997.40817,-0.5647005722315727,0.5434345652773311,0.7837141462400864
1768915997.427987,-0.6766622948862437,0.4957688617435523,0.8388436240415822
1768915997.44854,-0.6691917766680192,0.43844173780834006,0.8000304940516313
1768915997.4679277,-0.5736148895689946,0.7415877768626578,0.9375427842649897
1768915997.488027,-0.5643855165880176,0.7085744079141785,0.9058745514061272
1768915997.5081334,-0.5010977862112533,0.5882032439553155,0.7727108434242239
1768915997.5279858,-0.49027232664799125,0.6121053475175682,0.784244802811238
1768915997.5484328,-0.5297686856515997,0.5698462006972325,0.778061406796465
1768915997.5680962,-0.5198178396909245,0.6098390283465919,0.8013203023483525
1768915997.588311,-0.45496023701762356,0.5299607122771226,0.6984605742806156
1768915997.608066,-0.4439683431380027,0.564117299741763,0.71786922038533
1768915997.628042,-0.45198182068770043,0.5296460603861957,0.696284794832392
1768915997.6483517,-0.44150808499303484,0.540492349603442,0.697897821385098
1768915997.6679325,-0.5878136436053994,0.43490895589502165,0.731211788421353
1768915997.6879787,-0.5801604589473721,0.4574135569596107,0.7387917976104421
1768915997.708068,-0.6395877394989132,0.5010725531341726,0.8124938030666622
1768915997.728004,-0.6332302050866706,0.5221518921161044,0.8207454484031786
1768915997.748052,-0.7455049120872725,0.34941009246554966,0.8233255654132428
1768915997.7679327,-0.7416495804382985,0.34916260625475215,0.8197308251925844
1768915997.7879646,-0.7143810416278576,0.4102040830718763,0.8237764638578488
1768915997.8080256,-0.7106224415009744,0.3595691298976953,0.7964133433966255
1768915997.827922,-0.6263124677849861,0.3625190782390013,0.7236624830611121
1768915997.8480277,-0.6206633970805137,0.3437434757703053,0.7094946297260986
1768915997.8679552,-0.6310109765704343,0.3918793780972474,0.7427949242760471
1768915997.8881118,-0.6257247688205682,0.3686910251539368,0.7262675528650681
1768915997.9081182,-0.5871607895583598,0.4428351132788144,0.7354323424676513
1768915997.9282384,-0.5814246695222859,0.4031718496952452,0.7075324633653107
1768915997.947992,-0.5860605701238394,0.44630662420289546,0.7366522888454663
1768915997.9680092,-0.5802817530344948,0.4323389728578071,0.7236324345664241
1768915997.9880564,-0.5734440578562289,0.37544739893261614,0.6854187310366452
1768915998.0080023,-0.5681199248934508,0.31975215429804216,0.6519215361062857
1768915998.028176,-0.5858565388233186,0.3679396032804738,0.691814596365407
1768915998.0479665,-0.580830341909166,0.32754611057125516,0.6668210709273332
1768915998.067968,-0.5766825125775638,0.20580674924892461,0.6123064088748228
1768915998.0880463,-0.6123337249031632,0.3542234965859974,0.7074085638352089
1768915998.108014,-0.7747614917464487,0.36436022987163064,0.8561622195619766
1768915998.12802,-0.7733687569565485,0.3588197820189194,0.8525554939149836
1768915998.1480198,-0.7934493811067915,0.35611156451080106,0.8696995841996712
1768915998.1681073,-0.7923493448149739,0.3608435275645583,0.8706466192514346
1768915998.1879554,-0.7541851144036212,0.41246457203267983,0.8596058457049399
1768915998.2081187,-0.7524265932822705,0.41270495835666976,0.8581789795436287
1768915998.2280245,-0.7437812959826733,0.35128177467753163,0.822562764458896
1768915998.248026,-0.742035152093325,0.33680735240388016,0.8148959194740611
1768915998.2679465,-0.7020035459563991,0.4250226594670439,0.8206419679712932
1768915998.2880998,-0.6995628424312086,0.40658600677979484,0.8091355581233415
1768915998.308014,-0.7274874859399473,0.35930186575494094,0.8113789946345706
1768915998.32798,-0.7260262618635959,0.3074024550087753,0.7884227306851628
1768915998.3480723,-0.7179679416549987,0.3641207832056761,0.8050229251435207
1768915998.3679597,-0.7164078199663537,0.31260519652820484,0.7816406932890464
1768915998.388016,-0.7155353186742373,0.19972846040659675,0.7428877776398207
1768915998.4081285,-0.6982239898607696,0.411825286354635,0.8106274153383718
1768915998.4281397,-0.678462017543976,0.3752635393006347,0.7753279520166169
1768915998.4482021,-0.6767128701706724,0.28602226749134374,0.7346761505285979
1768915998.4679828,-0.6749920313900335,0.19859712524668005,0.7036014927473431
1768915998.4879158,-0.6725353487238894,0.17286051599950092,0.6943950988268691
1768915998.5086539,-0.6851694458517151,0.37041260626593875,0.7788855297214552
1768915998.5281804,-0.6835296337746359,0.30534204914834495,0.7486297664574915
1768915998.5480337,-0.6817296852019648,0.2544566288160084,0.7276699386631124
1768915998.5680158,-0.6279133815268616,0.48867997775225236,0.795665341306532
1768915998.5883007,-0.6189113929730952,0.39955810238921163,0.7366803849273881
1768915998.6080003,-0.6156957275414849,0.37929483073710557,0.7231499135979538
1768915998.627951,-0.5873341008249738,0.41024722099625865,0.716424544754738
1768915998.647957,-0.5838363434515795,0.36853400090912114,0.6904217448494759
1768915998.6679053,-0.5592144475201568,0.41251283597646227,0.6949011715061487
1768915998.6879046,-0.5554368731573195,0.3632808496442821,0.6636890053187952
1768915998.7079897,-0.5523185374441157,0.2568688868769211,0.609128387000471
1768915998.7280374,-0.5557971205940171,0.38763963768109555,0.6776244741463604
1768915998.7482576,-0.5527516233569707,0.2914253398531841,0.6248704552403724
1768915998.7679276,-0.5501282039545081,0.44695840940037534,0.7088108778227986
1768915998.788264,-0.5130001726126141,0.40744094225136074,0.6551162480989527
1768915998.8082051,-0.5086907646671379,0.36508732991798976,0.6261429968659592
1768915998.827921,-0.504864837252966,0.386367980468445,0.6357426525141511
1768915998.8479564,-0.5004775977585979,0.352441769796048,0.6121217419396141
1768915998.8680727,-0.496800995312991,0.25944195715147966,0.5604653049695125
1768915998.8879545,-0.5010491421810931,0.4118223690707863,0.6485737479635482
1768915998.90805,-0.4427824466677182,0.4004414296248733,0.5970005306840716
1768915998.9279416,-0.43757693239214,0.36650709033253115,0.5707898203592402
1768915998.9479535,-0.40494973913438714,0.37864702854766374,0.5543986502986669
1768915998.9679823,-0.3995900592705981,0.3130182717956771,0.5075949703708976
1768915998.987961,-0.4066933945288366,0.387814441716797,0.5619604597812011
1768915999.0080526,-0.4015359959371322,0.3273796320562772,0.5180816340293565
1768915999.0279968,-0.3887094257559636,0.35329987807453644,0.5252768998528426
1768915999.048004,-0.38331965679521096,0.3004613294776206,0.4870430882345602
1768915999.068036,-0.33827648601062954,0.3667702688243031,0.4989503092304395
1768915999.087982,-0.3320868662601339,0.3199611161565894,0.4611472677948407
1768915999.108246,-0.30438787327999034,0.36081058796541843,0.47205535458022974
1768915999.1279678,-0.29780141879901656,0.31910729786533487,0.4364804148981061
1768915999.1478605,-0.29059291333256587,0.38314214567353133,0.4808764343055559
1768915999.1680229,-0.28401771598666276,0.3326754393294813,0.4374231485956636
1768915999.1882687,-0.23907766273315756,0.34962304634064,0.4235497649042657
1768915999.2080188,-0.23206620983712511,0.2900352459900546,0.37145009040876553
1768915999.2278974,-0.19751428405974597,0.31124751173839105,0.3686284117793607
1768915999.2480223,-0.18989018003752733,0.24448724288087664,0.30956791242985326
1768915999.2679858,-0.1825287926139323,0.16540506238830321,0.24632416608359478
1768915999.2880423,-0.1750231040796411,0.09287711664379206,0.19813946037510408
1768915999.3079739,-0.1521711291311696,0.3223267820390685,0.3564415898302501
1768915999.3280091,-0.14428097576867815,0.26088924012294523,0.29812781752243395
1768915999.3481271,-0.10704271080366945,0.31882010926435456,0.3363099820218439
1768915999.3679733,-0.09862135139908346,0.25664258081296243,0.27493923917498475
1768915999.3879306,-0.04958078527941173,0.23749033620748516,0.24261062231664027
1768915999.408034,-0.04034697720102337,0.16949154325679672,0.17422761493181985
1768915999.4279635,-0.057019908249327345,0.2146959364601031,0.22213872933201526
1768915999.4481878,-0.04835658783951485,0.14361708511611315,0.15153952198924742
1768915999.4682064,-0.01819831232883229,0.1805905492316624,0.18150516533534578
1768915999.4880304,-0.009322370176686523,0.10963448502510698,0.11003011811513963
1768915999.5080564,-0.00282645301778911,0.1888076880929317,0.1888288429230544
1768915999.5282383,0.006185280314987218,0.11958395018202861,0.11974380499095921
1768915999.548068,0.015072853017925214,0.051446052339199966,0.05360864855028225
1768915999.568004,0.026645610609623838,0.1337327162164783,0.1363613873183931
1768915999.5879936,0.02677936025445371,0.10678686169053897,0.11009345105569229
1768915999.6079304,0.035670149051435174,0.04166504746673372,0.054848297273085656
1768915999.628059,0.06770890949299091,0.07581154475403373,0.10164588896125064
1768915999.647945,0.07697330554821197,0.012749875712648517,0.07802210646801575
1768915999.667976,0.08618463904327622,-0.05034031635402503,0.0998095158671914
1768915999.6879628,0.11349372856976037,0.02982018220844651,0.11734594024341613
1768915999.7079494,0.10104555251353625,0.05529406682043625,0.11518523129424484
1768915999.727938,0.1102041439712323,-0.0034829012899617595,0.11025916719179278
1768915999.7480721,0.09263169325069803,0.07845482890091304,0.12139106545525892
1768915999.7681196,0.10133329982720857,0.022089294953217653,0.10371294328771695
1768915999.7880642,0.12071513934227718,0.04190497846294061,0.12778173612220534
1768915999.8083136,0.12973497981436105,-0.013409372668655273,0.13042613335830955
1768915999.827973,0.1596745221356669,0.027564389411542933,0.1620362570009711
1768915999.8479729,0.16904144481630579,-0.025483820914755206,0.1709515580332612
1768915999.868209,0.14650733285514717,-0.017035069496926347,0.14749438014071584
1768915999.8885143,0.15532241049631146,-0.06947269716048599,0.17015142330623415
1768915999.9079719,0.16293829466294601,-0.012282373838575111,0.16340056479333093
1768915999.928381,0.17815539849754708,0.0007425180813926957,0.17815694582844924
1768915999.9479725,0.18676069964972158,-0.0467516845326621,0.1925234503646116
1768915999.9679167,0.20118579354638066,-0.021204616491710127,0.2023001712442365
1768915999.9879944,0.2101046818174056,-0.0682787222905823,0.22092071256273754
1768916000.0080738,0.21333871694947937,-0.030083642451137926,0.21544937617170765
1768916000.027974,0.22214705386364797,-0.07548747682252088,0.23462240450845512
1768916000.048101,0.23093228467378274,-0.12100697956977768,0.2607151879144244
1768916000.0680041,0.2397692490508198,-0.16640299452921248,0.29185484299336745
1768916000.0880861,0.25403449059428707,-0.0690166350183663,0.26324288845238974
1768916000.1079495,0.2629435035112471,-0.11166197571977232,0.28567058452072425
1768916000.1279023,0.26775918299956625,-0.06939851914165018,0.27660646149294704
1768916000.148011,0.27660447877191024,-0.1105724243756292,0.2978863855717216
1768916000.1679432,0.2875355170253111,-0.05870463000216297,0.29346704607963026
1768916000.1880004,0.29637297951379393,-0.09796980404276212,0.3121458400973188
1768916000.2081218,0.3275035264918742,-0.06561979919756133,0.33401275112088463
1768916000.2279427,0.336804742543549,-0.10346113603148144,0.35233739692055255
1768916000.2480395,0.3173042171640623,-0.0850314179967393,0.3285000887011062
1768916000.2681525,0.3260124502110695,-0.12184717366231013,0.348038577491229
1768916000.288027,0.3339707723517227,-0.0789031690193287,0.3431649557669007
1768916000.3081253,0.3427465134155014,-0.1141894572993829,0.36126777411887995
1768916000.3284762,0.3524592039981383,-0.09638339676826835,0.36540012268141164
1768916000.3485045,0.3636231954822471,-0.10242383508495667,0.37777304070861234
1768916000.3680763,0.37231169572547096,-0.13551088384450072,0.3962060050204861
1768916000.3879786,0.39575422563751617,-0.09132574939076488,0.40615489608243655
1768916000.4081519,0.405001496544473,-0.12394007398115559,0.42354144323987597
1768916000.428396,0.41424535568288323,-0.15652561556871536,0.4428312128046122
1768916000.448271,0.4195810458196644,-0.09307552657204354,0.4297805342937096
1768916000.4680822,0.4340541223904492,-0.09296758105362724,0.4438985833398275
1768916000.4879315,0.44306555631788946,-0.12249640109632054,0.4596873453520681
1768916000.507914,0.39909915519119255,-0.10425963911512426,0.41249267632618586
1768916000.5289066,0.4074987793986024,-0.1342219528313766,0.4290347163496436
1768916000.5480328,0.41170166376065936,-0.10617686206501453,0.42517265431971063
1768916000.5679731,0.4196857645147476,-0.133867038069984,0.4405184727318013
1768916000.587974,0.41712457126116925,-0.10085663980454385,0.42914446255599964
1768916000.6082168,0.4250579799860662,-0.1277085435912788,0.44382852370711895
1768916000.6281378,0.4245796343423129,-0.1059446272568838,0.4375981374992953
1768916000.6482737,0.42767341361851735,-0.10890156683852315,0.4413208583060637
1768916000.667926,0.43524234733795947,-0.13391117007919462,0.45537687950557604
1768916000.6879811,0.4313080829301963,-0.1124651208075953,0.4457298125537354
1768916000.708015,0.4386306368500953,-0.13676197567912496,0.4594569333193022
1768916000.7280083,0.41956331508610417,-0.11716936364355224,0.4356168444202732
1768916000.7479804,0.4265510660929439,-0.14079179130268216,0.44918608669820237
1768916000.7681515,0.4217406409854936,-0.11932769334772697,0.43829700735750426
1768916000.787955,0.42828022436689817,-0.14167432555954207,0.45110482718156736
1768916000.8080137,0.4349263428948123,-0.1643178674089647,0.46493148451539174
1768916000.8279643,0.41916186061264654,-0.0987480961683529,0.43063656589882143
1768916000.847968,0.31407024189162064,0.009734154971435593,0.31422105374221665
1768916000.8681545,0.31812173773053404,-0.008654338460561739,0.3182394343743161
1768916000.8883636,0.2970448683033564,0.038018915413077004,0.29946801450997246
1768916000.9085379,0.34530222055757376,0.039561472933010045,0.3475611221966873
1768916000.928251,0.3496900353228067,0.023002564200705677,0.3504457715023444
1768916000.9480448,0.3363518130480938,0.03909414747092299,0.3386161462588843
1768916000.96805,0.3405532136133459,0.022807032971428498,0.34131605888873295
1768916000.9884787,0.32403301699151316,0.03932282021575517,0.3264102944000738
1768916001.0081265,0.3278360862736718,0.023859620097600676,0.3287031805967813
1768916001.027951,0.3315532818315223,0.008382999287437798,0.33165924285372483
1768916001.0480516,0.3123783414123261,0.0418709216204558,0.31517202011102147
1768916001.068153,0.3157392471998626,0.027057940798208335,0.3168965199912667
1768916001.0880969,0.3021503681648905,0.04290913844414668,0.30518197709595796
1768916001.1079733,0.2932438513403939,0.04447067115640202,0.29659669071324424
1768916001.1281147,0.29594184126573436,0.030732123260623467,0.2975332532875263
1768916001.1479714,0.2883267179879972,0.047246428163841614,0.29217207477781154
1768916001.168081,0.2908506324993579,0.0340842520055995,0.2928409579619247
1768916001.18812,0.2932559824646598,0.021059418816012254,0.2940111738900089
1768916001.2085524,0.29599606389896915,0.007461226418898903,0.2960900872088708
1768916001.2279394,0.29340575777158007,0.05920373345239138,0.29931926224053296
1768916001.2479105,0.2960501954333973,0.04704843294892935,0.2997653636748292
1768916001.2684615,0.33022020269426877,0.08058993633942269,0.3399119299269094
1768916001.2886667,0.3333637377017043,0.06937885905198282,0.34050669258886174
1768916001.3081133,0.31576281520354066,0.07357537184499652,0.3242213608129404
1768916001.3281102,0.31850065722224774,0.0627340109103347,0.3246201237999606
1768916001.3481317,0.32349902917475176,0.0830728169850925,0.33399508199799227
1768916001.3680263,0.30807577237061035,0.09407845726846364,0.32212022234526394
1768916001.3880072,0.31037310939833235,0.08437209704881621,0.32163662384436886
1768916001.408183,0.3126786401343252,0.07462296464708817,0.3214599801670053
1768916001.4280646,0.3140696775406216,0.10355742088971542,0.33070213451352215
1768916001.448074,0.3179194791084369,0.10655759782603624,0.3353018294776143
1768916001.4682226,0.3202491102082503,0.09778457081579539,0.3348452103268096
1768916001.4879377,0.3222406123708682,0.11078349887869088,0.34075210327297617
1768916001.5079513,0.3245486707466209,0.10245780010002647,0.3403372452211711
1768916001.5279412,0.33569779558068386,0.09938715777368756,0.3501011526517193
1768916001.5479813,0.33818360322823904,0.0908837780455487,0.3501828245420777
1768916001.5682817,0.34067901174893817,0.08105653843967708,0.35018902248650796
1768916001.588019,0.3471986522598304,0.10124727340213813,0.3616599431820034
1768916001.6079555,0.3496431878451149,0.09603661782882256,0.36259259613303413
1768916001.6280084,0.35482015680918577,0.09459590167798204,0.36721346420354145
1768916001.6483502,0.3573362192738543,0.08001713059188198,0.366185628872967
1768916001.6679976,0.33803172117343055,0.07080353581731913,0.3453673192467786
1768916001.687928,0.3400574881710857,0.05727267130480129,0.3448467110755385
1768916001.7079546,0.3371272116805961,0.058318355187774173,0.3421341657995308
1768916001.7279985,0.33904886341932466,0.0454953955032229,0.34208765367655486
1768916001.7479577,0.3439021978821075,0.07341933247059984,0.35165198718132207
1768916001.7684116,0.34591295475364814,0.06032261532814065,0.3511332940443362
1768916001.7880716,0.3415171713681657,0.06324543158931561,0.34732400285069825
1768916001.8080125,0.3432749884685146,0.03737223276156865,0.3453033470582695
1768916001.8280284,0.34000321763324687,0.0191438809249318,0.34054173925941733
1768916001.848033,0.34162431375734886,-0.006223164903848222,0.34168099088418724
1768916001.8680053,0.3329810495972087,0.002868621530164539,0.3329934059112013
1768916001.8879433,0.33430791556977035,-0.03056358077880894,0.33570212224921586
1768916001.907965,0.3321947268384026,-0.031126565482239243,0.3336498158518315
1768916001.927957,0.33327808420978844,-0.0806579625488828,0.3428993851512187
1768916001.9480395,0.33468631375443664,-0.09541282942874485,0.3480208853418599
1768916001.9680717,0.33141157079666134,-0.11944252340314776,0.3522785058087166
1768916001.9879456,0.325348253254954,-0.11569592011471919,0.3453071557718449
1768916002.0079417,0.3264200297063446,-0.13882639239970995,0.3547151012012445
1768916002.0281272,0.32472175114831514,-0.17552265036578518,0.36912384975812385
1768916002.0479524,0.3229296211298914,-0.21322900098194708,0.38697564143348145
1768916002.0679646,0.3237062778930438,-0.253065455941651,0.41088669890655277
1768916002.0879567,0.3511760618164976,-0.2270749923252957,0.4181957418870709
1768916002.1079621,0.35235736379408983,-0.2739692670404352,0.44633493152854825
1768916002.1281111,0.34580960554937223,-0.2547160470567933,0.42949336190266196
1768916002.1486168,0.34696366020494795,-0.29302270005601105,0.45414324199632167
1768916002.1680772,0.35648068640006897,-0.2760760726721232,0.45088410670407064
1768916002.1879916,0.3577963352656645,-0.3100998162359687,0.47347662408942787
1768916002.2080452,0.3541636649459475,-0.2896427712023666,0.45752031263948467
1768916002.2279983,0.3550376739926424,-0.34876132197048815,0.49768083111237904
1768916002.2479386,0.3083383123731317,-0.3322772265028835,0.45329975747794027
1768916002.2679207,0.30802852735275527,-0.41412026995740003,0.5161174010365248
1768916002.2879467,0.3555097170991753,-0.33568871880138307,0.48895201695304386
1768916002.3079662,0.3558647813990187,-0.4352281646682208,0.5621950710924449
1768916002.3279662,0.357289806745691,-0.44575871843202464,0.5712765014093738
1768916002.3481236,0.3119230992186937,-0.46246708112320256,0.5578277699691992
1768916002.3680465,0.3093392439283348,-0.48547359953438374,0.5756521377351299
1768916002.3879728,0.30945266521909304,-0.5262456011564005,0.6104878252247635
1768916002.4081879,0.35869380897757874,-0.4894688771543967,0.6068286663479484
1768916002.428089,0.3593358359381158,-0.5629784070426043,0.6678824221265093
1768916002.4479895,0.31271680714521294,-0.5729557315199476,0.6527404321417929
1768916002.4680204,0.3125013228230924,-0.6416549705016923,0.7137073475421912
1768916002.4882212,0.31640953802302507,-0.5681661214035731,0.6503289454289451
1768916002.508079,0.31622186894418153,-0.6379965142357387,0.712064479226077
1768916002.528036,0.3082872615048654,-0.6394747327859833,0.7099077189873865
1768916002.5480921,0.3169374530716491,-0.7030540394822014,0.7711902045486474
1768916002.567935,0.31671251651651383,-0.77775946203014,0.8397717540472743
1768916002.5880313,0.3330068738449816,-0.73933383452869,0.8108687297626563
1768916002.6080332,0.33294535099059014,-0.8259334865500172,0.8905159914066196
1768916002.6280348,0.33297891557281206,-0.8075779928736884,0.8735314377799696
1768916002.6481502,0.3332351940099574,-0.8658314983680677,0.9277445112169337
1768916002.6679337,0.3493870805787605,-0.7856195911087118,0.8598078122517665
1768916002.688204,0.3501808576638874,-0.8223640161581569,0.8938172118201736
1768916002.7079394,0.35094412735388963,-0.8600419393382555,0.9288885390319392
1768916002.728068,0.3577744257960436,-0.8907727472759404,0.9599367828368778
1768916002.7479544,0.3921001740635779,-0.7602206898551818,0.8553818116984816
1768916002.7679815,0.3929806311473888,-0.852659411810226,0.9388619967841709
1768916002.787967,0.40688713793051456,-0.7632350664171628,0.8649190191122499
1768916002.8081934,0.4078502187575477,-0.868837081820157,0.959801893979349
1768916002.8280551,0.4373973309135879,-0.858930228613374,0.963886695994998
1768916002.848147,0.44897891515027755,-0.8307685223979964,0.9443296056234128
1768916002.8679478,0.4512738872151486,-0.878096277367101,0.9872695648141045
1768916002.888025,0.4701896640903568,-0.85784869201323,0.9782549251632787
1768916002.9080262,0.47295773235492333,-0.89233940959878,1.0099300166434357
1768916002.9280202,0.45453440940645495,-0.8413348023733009,0.9562665836569822
1768916002.9480352,0.4567439325711202,-0.8885576070179271,0.999074392089977
1768916002.9679856,0.5069070422208056,-0.9121750504897437,1.043560286801396
1768916002.9881423,0.5103172520897087,-0.9341526469097894,1.0644551965719162
1768916003.008351,0.46559819709061334,-0.8842425313205009,0.9993330452507395
1768916003.0281296,0.46715391670399975,-0.9878206884468366,1.0927133633370965
1768916003.0479872,0.5074030196275634,-0.9324267558285497,1.0615448550636584
1768916003.0679843,0.5101555534225761,-0.9950384865427573,1.1181950985356697
1768916003.0879948,0.5127369059970468,-1.0732765982980237,1.189462816243367
1768916003.108561,0.5156951195372006,-1.123342683612781,1.2360583485988241
1768916003.1281488,0.5163765096217724,-1.093802740292427,1.2095656800523018
1768916003.1480086,0.5185438684828243,-1.2044147953138746,1.3112981135928226
1768916003.1681633,0.5284661341345568,-1.1514257768567577,1.2669087475178753
1768916003.187973,0.5410701361205148,-1.0679275428691262,1.1971742266771206
1768916003.2081246,0.5440800166990033,-1.1316798078534442,1.2556760139758967
1768916003.2280648,0.5311227508626413,-1.0865281121677428,1.2093943587658653
1768916003.248014,0.5340881028965354,-1.1192515290242293,1.2401508323098023
1768916003.2681592,0.5504441589331093,-1.0050323200368392,1.1458964771837854
1768916003.2884135,0.5528337696646757,-1.1163331650727517,1.2457226466284552
1768916003.3083029,0.5850973975660021,-1.0675332843725562,1.2173603730538323
1768916003.3280113,0.5879888150324739,-1.1815009223937967,1.3197254548657782
1768916003.3479438,0.5765020056266265,-1.1139329754426561,1.2542731904453879
1768916003.3679495,0.5796606610364604,-1.1772312691611366,1.3122042306912316
1768916003.3879778,0.5872267967661509,-1.0577153422322794,1.2097921540635739
1768916003.4079368,0.5902652642705538,-1.1378300089607027,1.2818230031856581
1768916003.4280562,0.5763417845496066,-1.1637409147548006,1.298638814024964
1768916003.4481971,0.5792314489489144,-1.2284249710335282,1.3581373203436329
1768916003.4681094,0.6417556859598426,-1.0319205036426016,1.2151996898863118
1768916003.4881809,0.6459701319495307,-1.07602059176857,1.2550289738810325
1768916003.5080462,0.6924984995828644,-1.2298027683509172,1.4113713263943326
1768916003.5282094,0.7080344777861554,-1.242094952373995,1.4297246911370283
1768916003.5479662,0.7126390319575043,-1.3458072283237108,1.5228432242610128
1768916003.5679328,0.7176627194646665,-1.4133559754264253,1.5851229896077474
1768916003.5879521,0.7249449348471515,-1.3556975372420002,1.5373551870158584
1768916003.6080303,0.7680128537717169,-1.2677102259169233,1.482205438005445
1768916003.6280305,0.7734551898461802,-1.3714448454026424,1.5745138597933865
1768916003.6479425,0.7727945875717317,-1.2701343864615238,1.4867591715715611
1768916003.66802,0.7779466275144031,-1.393421919021066,1.5958776894453357
1768916003.6879504,0.7636366889587279,-1.3292270273865139,1.532966236764084
1768916003.707938,0.7689276249985456,-1.3939851669746406,1.5919938248093868
1768916003.7280877,0.817610117072005,-1.100580239357257,1.3710445531791353
1768916003.7480123,0.8235262978099243,-1.1823788300286404,1.4409077905558068
1768916003.7680638,0.8261049330936795,-1.1148909045861184,1.387599037766518
1768916003.7880619,0.8314046242332431,-1.2593779543638206,1.509061457043424
1768916003.807987,0.7986911381802538,-1.2538772811156509,1.4866458119894082
1768916003.8283494,0.8031648690860613,-1.421397395575906,1.6326188664486267
1768916003.8480604,0.8085331294670114,-1.4671179257540965,1.6751599414726708
1768916003.8680162,0.7254678978327844,-1.360272697609818,1.5416372733715966
1768916003.8880072,0.7828215222042217,-1.2350786429296008,1.4622683713487614
1768916003.9080908,0.7685018795233669,-1.1210010119544664,1.3591314901928677
1768916003.9280229,0.7725849651563325,-1.20256451209144,1.4293526276350894
1768916003.947967,0.7943664641807668,-1.0601790514632627,1.3247632620874559
1768916003.9680822,0.7989978390405975,-1.1180869984026502,1.3742329070389023
1768916003.9879787,0.8877426647853979,-0.9987886781592916,1.336288091131349
1768916004.008163,0.8939877465489368,-1.0563697961205412,1.3838826674019007
1768916004.0280678,0.7489429180369274,-1.1312392237792137,1.3566936558760292
1768916004.0480914,0.7520778297410824,-1.2140479681071366,1.428122379508536
1768916004.0681117,0.9484536496434194,-0.9929563362796596,1.3731447888987696
1768916004.0879128,0.9550881655222143,-1.0972750118192423,1.4547184798040846
1768916004.1083264,0.8401230220105931,-1.1679027293022228,1.4386811589868662
1768916004.1280694,0.8438060362067237,-1.347860090729407,1.5901998147780008
1768916004.1480799,0.8738193412413057,-1.0626107614580693,1.3757550187056877
1768916004.1680515,0.8783526795102691,-1.1920357742299794,1.4806933229561534
1768916004.1879227,0.8363011645488299,-0.9322200681564334,1.2523713080789236
1768916004.208018,0.8407360584968452,-0.9611284593870968,1.276951461685457
1768916004.227916,0.9471494118417954,-0.6785545121067704,1.1651301361876776
1768916004.2480793,1.0109440065922852,-0.44890886998470236,1.106131528352666
1768916004.2680008,1.0186178025616677,-0.44509051062506266,1.1116149469776122
1768916004.2881846,1.0255802850853386,-0.5415794534643332,1.159794475573345
1768916004.3080091,0.9040623136603725,-0.8365791011105106,1.2317439910126682
1768916004.3278913,0.9713610503805952,-0.7428036252041519,1.2228244010539384
1768916004.348089,0.9773197659074526,-0.8184217341178011,1.2747423503240907
1768916004.3679671,0.9843854897673242,-0.713017314292145,1.215486932445116
1768916004.3879786,0.9904912657713069,-0.7625803271462637,1.2500406805059379
1768916004.4080074,0.8219413292684056,-0.8238071297811853,1.1637206433838958
1768916004.4280272,0.8243376345536828,-0.9288253500857113,1.2418732087871955
1768916004.4480867,0.9248010157297308,-0.3580820054574776,0.9917054206402176
1768916004.467942,0.9294231434439574,-0.40183256657744515,1.0125694006493895
1768916004.4880643,0.9774733525382312,-0.5150695065709492,1.1048758986970302
1768916004.508011,0.9825430425141891,-0.6184239975648467,1.160964715724438
1768916004.5279415,1.025969462670519,-0.4093525705566794,1.1046188778731758
1768916004.5479565,1.0317747626712173,-0.5110505089249582,1.151404265910851
1768916004.567943,1.0014851052818226,-0.3743291604409009,1.0691560861061087
1768916004.587989,1.006391460875398,-0.5038444845625012,1.1254701404955043
1768916004.6080248,0.864061743201954,-0.29640269898665395,0.9134863195646513
1768916004.6280026,0.9999059275776117,-0.09279924556908803,1.0042029495988527
1768916004.6481931,1.0046036627764245,-0.21699513314192131,1.02777205988054
1768916004.66797,1.0204266719575483,0.012407472163545208,1.0205021010305892
1768916004.6879437,1.0258677966060312,-0.024436138848873412,1.0261587893670039
1768916004.7079403,0.9273315803791448,-0.18824615084086815,0.9462454614289493
1768916004.727958,0.9314566241638205,-0.11450919615703548,0.9384688586752312
1768916004.7480214,0.8633897301325263,-0.18919026441722764,0.8838748679810831
1768916004.7681184,0.8656134813214468,-0.20509401560956775,0.8895786948237308
1768916004.7879925,0.9865175556736744,-0.08019655571201412,0.9897718803847841
1768916004.8081295,0.9905580857497444,-0.18290559566016995,1.0073032205686625
1768916004.828065,0.8516637627726574,-0.17758246958423207,0.8699808608950635
1768916004.84788,0.8531080915638017,-0.2535382578053298,0.889985990936146
1768916004.8680115,0.9228580379731006,0.06753028731354505,0.9253255091891776
1768916004.8879552,0.9252697161656476,-0.06457099565617952,0.927520059693206
1768916004.9081378,0.871707739633139,-0.023910210115143826,0.8720355964546784
1768916004.9281456,0.8730340755519636,-0.15899442032945643,0.8873937811201809
1768916004.948164,0.8797836902565265,0.27846121113952726,0.9228000800556337
1768916004.968093,0.8817775413288034,0.24459647410027863,0.9150732580149842
1768916004.9879441,0.8840805220728575,0.269850986139609,0.9243472963281365
1768916005.0079865,0.8154540863873995,0.33251977471072536,0.8806445182816844
1768916005.0280588,0.8162604711538755,0.3273277266726726,0.8794456193631569
1768916005.0480058,0.9336891083182313,0.7688132287546843,1.209483001823629
1768916005.0680325,0.9363355912348901,0.7063351731201202,1.1728741263238018
1768916005.087984,0.9390852746405414,0.6434986571917403,1.1384075170404813
1768916005.1081538,0.8905243598064516,0.2848002696161771,0.9349571268149881
1768916005.1279626,0.8920504150507517,0.18325733736038075,0.9106795235913866
1768916005.1479988,0.7268468052383156,0.16004411114423078,0.7442582856758081
1768916005.168022,0.8594427101361417,0.29285811905185,0.9079689696794399
1768916005.187997,0.8600664829710124,0.13560094942164724,0.8706905148295684
1768916005.2079337,0.8612150151194904,0.6400734933377557,1.0730262714122438
1768916005.2283149,0.8625389202642654,0.6206488385971554,1.0626280486711437
1768916005.2479591,0.8065162091179469,0.726268136323398,1.0853265874420683
1768916005.268598,0.8072439229783909,0.8043150817268696,1.1395461824247595
1768916005.2884955,0.8547987960989308,0.99376561488722,1.3108207654535977
1768916005.3082411,0.8449257529122544,0.9716187412172523,1.2876111626647766
1768916005.3280115,0.846298268954797,1.0467914587989426,1.3461029374644067
1768916005.348305,0.8480737871645582,1.191388920433834,1.462407846056678
1768916005.3691673,0.9714561876316705,1.4989266846554479,1.7861994094893303
1768916005.3880358,1.0178946519601368,1.4541003839289743,1.7749697036939642
1768916005.4079833,1.0216270067601383,1.3743422589811196,1.7124655867383165
1768916005.4280264,1.025698288472578,1.3598789911149858,1.703328461997711
1768916005.4480472,0.8023153618599198,1.113371131068309,1.3723356788237855
1768916005.467965,0.8135083399921533,1.050659911590543,1.32878970084067
1768916005.488216,0.8135775306316536,1.0354115054659765,1.3168087879415216
1768916005.5082912,0.7722847723056052,0.9976082897544103,1.2616045613907076
1768916005.5281487,0.7712208401542061,0.915384885126052,1.1969590937895058
1768916005.547987,0.6783110217222885,0.9163697153625314,1.1401049501793867
1768916005.567979,0.6755098954850622,0.837265714357585,1.075791566864584
1768916005.5879285,0.6573007425769771,0.9160448886900134,1.1274672963271906
1768916005.608074,0.6546924271079729,0.9337604052159634,1.1404081148701146
1768916005.628373,0.6143371479564603,0.9935998744164856,1.1681827090826733
1768916005.64808,0.6100674957958987,0.8146538033373503,1.0177638079233753
1768916005.6680145,0.5797725060087361,0.9796495235946097,1.1383537885046089
1768916005.6883752,0.5753181967312395,0.872586573223483,1.0451786236141583
1768916005.7079644,0.6379450912733191,1.4121318333873134,1.5495451766068449
1768916005.7283432,0.635373295723937,1.4436252647083272,1.5772612750661463
1768916005.747937,0.8694839614238866,1.7845150133479528,1.985068309161581
1768916005.7679403,0.8876387136964068,1.9151845332209945,2.1108847155497457
1768916005.7880542,0.8892006193604655,1.7942032001556747,2.002459204308517
1768916005.8080714,0.7791824550050507,1.7187888347827958,1.8871566858005455
1768916005.8280213,0.7790537309903662,1.6902853828565263,1.8611795698611255
1768916005.8480756,0.7978194934632941,2.1839234624589423,2.3250887368074107
1768916005.868269,0.7971405621559438,1.9749505200126904,2.1297564725415654
1768916005.8881586,0.7978331720526909,2.0489031721775994,2.1987591908590374
1768916005.9081275,0.8670595442567587,2.035228733920306,2.2122269894071875
1768916005.927987,0.9573951907908738,2.721077017335837,2.8845910777132326
1768916005.9479723,0.960818803271374,2.747596976419402,2.9107493738810417
1768916005.9680777,0.9997538479840851,3.0684133314017323,3.227176494845434
1768916005.9879391,1.0041625689003095,3.1622623071510816,3.3178675928989314
1768916006.008006,0.955224956488362,2.5151030811284905,2.690389976601946
1768916006.028201,0.9581875733218125,2.502320130391116,2.67950171872103
1768916006.0480423,0.9432383380838668,2.4523358495399563,2.6274797204488705
1768916006.068812,0.9461484909822123,2.480275763419293,2.654611992286834
1768916006.0879357,0.9825547030125198,2.614322505120562,2.7928651784846097
1768916006.1081762,0.9858709295423819,2.606301650139134,2.7865300610678387
1768916006.1280632,0.9616192065366466,2.7387839968386736,2.9026968976659946
1768916006.1479456,0.960138485829576,2.9755141538957375,3.1265876594148097
1768916006.1681325,0.9628430986023832,2.9746745489670623,3.1266204606249595
1768916006.1879997,0.9378109648694113,3.226753048429188,3.3602715130441996
1768916006.2080116,0.9402806703251552,3.293844297790958,3.4254252286507634
1768916006.2280061,1.0944730772742823,3.5299111041077857,3.695692590000105
1768916006.2483776,1.0996572367682862,3.541669938615758,3.708459517437316
1768916006.2679558,0.9834309514751736,3.419018014854146,3.5576425652693877
1768916006.2879484,0.9864842081834757,3.489764088357532,3.626514095572394
1768916006.3079498,1.1089685078787928,3.959981258065575,4.112330569846924
1768916006.3280067,1.114453153470106,4.069130923067721,4.218984747583882
1768916006.3480065,1.1196340117240502,4.081379411129941,4.2321670829262725
1768916006.3681695,1.1254090888123853,4.254424723165393,4.400758496243853
1768916006.388329,1.252353236226928,4.748540795112596,4.91090911248993
1768916006.4080036,1.260179425566755,4.897211796430941,5.056751483286886
1768916006.4280577,1.260396451848127,4.546745070456911,4.718208341262133
1768916006.4480784,1.2681485320212835,4.664905298167973,4.834205430072595
1768916006.468019,1.1940339026669247,4.854198284443292,4.998895672587117
1768916006.4880085,1.199627466016012,4.846642270685919,4.992899694287836
1768916006.5080068,1.0519837649659018,4.606119925815079,4.724723337164044
1768916006.528116,1.0549432270790031,4.65798794210955,4.775956122201901
1768916006.547962,1.0294633235032982,4.417383358847324,4.535754675184685
1768916006.5685534,1.0320869031704176,4.500920993148014,4.61773680088595
1768916006.5879726,1.1183848030773402,4.689981862478312,4.821484671564338
1768916006.6081066,1.1885195488674782,5.349299853186224,5.479743391559345
1768916006.6279695,1.1937058135406162,5.3815243987154915,5.512326044715678
1768916006.648129,0.957313460342087,4.184562053330467,4.292669174246419
1768916006.6680722,0.9575361836053271,4.105477479148625,4.215663752567323
1768916006.687965,1.1677484651938128,5.092913190592732,5.2250742812783
1768916006.7080073,1.1725377780633213,5.156215371858416,5.2878541774499315
1768916006.7279887,1.328376383590983,5.824422925334829,5.973984116956472
1768916006.74811,1.3358165656246805,5.840330498644377,5.991148990835814
1768916006.7679486,0.9990449416264253,4.5919052388494705,4.699328092181111
1768916006.788239,1.0005481095922437,4.741251998688298,4.845675085545294
1768916006.808092,1.2459703285625532,6.005138585415892,6.133036074385105
1768916006.8281698,1.2516038246259873,6.028882545079405,6.157429404888173
1768916006.8482938,-2.0549754730668286,-12.747082932712456,12.911663234779454
1768916006.867995,-2.1121407955926284,-13.049337251766815,13.2191656866368
1768916006.887932,-2.2155067425728383,-13.988840397408268,14.163196171434864
1768916006.9085333,-2.274745534627308,-14.160448962420478,14.341993657250796
1768916006.928,-2.2815919164178524,-14.184698231482614,14.367022154618168
1768916006.9480896,-2.208384773060133,-14.412126856612296,14.580341691365442
1768916006.9679916,-2.263266414961283,-14.747778714045616,14.92043403737132
1768916006.9881122,-2.285527585259067,-14.795381200082002,14.970869754250087
1768916007.008142,-2.3399774719372997,-15.069313507453,15.249908332677922
1768916007.027972,-2.3843376733695685,-15.19764354570587,15.383544308220543
1768916007.048079,-2.4391150387082567,-15.577415975179921,15.76721822757088
1768916007.0683815,-2.468070573396963,-15.68687480047869,15.879842989184793
1768916007.0881038,-2.5215861061522666,-16.085745588749838,16.282186819857003
1768916007.1080992,-2.474231828750242,-16.210992207702645,16.398722252071856
1768916007.1279876,-2.525992678718751,-16.575935114469438,16.76729745463
1768916007.1480527,-2.577431486861456,-16.72420135286933,16.921644836149387
1768916007.1680923,-2.551280809126272,-16.765941487970423,16.958945360636783
1768916007.1880414,-2.60820621840479,-16.835699535198714,17.036534815425806
1768916007.2080922,-2.6586388475400824,-17.110594813448518,17.31591220212382
1768916007.2280202,-2.5687018664921126,-17.086642934709875,17.278645666173926
1768916007.2481086,-2.6171609285925514,-17.463766675473448,17.658784720969003
1768916007.2681885,-2.647291385023888,-17.441828754338495,17.641585585567157
1768916007.2879064,-2.694718930574957,-17.812108023507783,18.014791210444525
1768916007.3082323,-2.708898706153542,-17.89996728875015,18.103783061518545
1768916007.328497,-2.755508482085908,-18.23779395069174,18.444781245185197
1768916007.3479903,-2.749859940459406,-18.412353009156497,18.616564479676097
1768916007.3680234,-2.826772907432363,-18.632417477124555,18.84562617988721
1768916007.3881881,-2.8732783176557977,-18.8858976536891,19.103215919743207
1768916007.4080737,-2.773960501139197,-19.02642676207792,19.227578427732272
1768916007.428014,-2.8174308519324502,-19.250844765099668,19.455923025530968
1768916007.4479878,-2.8650073711055413,-19.310479443439238,19.521856560583025
1768916007.46797,-2.908530868419245,-19.555586040636417,19.770697944313486
1768916007.4884465,-2.952448385155437,-19.70217321670668,19.922163058466342
1768916007.5080059,-2.8475036259491278,-19.710389718595803,19.915012923890373
1768916007.5281682,-2.888180900620055,-19.901855582332278,20.11033178579401
1768916007.547998,-2.9055415157096154,-19.993079382273518,20.203103590423986
1768916007.5679986,-2.8886590046543006,-20.097663244735966,20.30419707213219
1768916007.5884173,-2.9289561489004297,-20.453180105636537,20.661833426774784
1768916007.6080112,-2.9292573424019857,-20.429486866323842,20.638422473612522
1768916007.628004,-2.9680858964502472,-20.77891278247006,20.98982492328615
1768916007.6482708,-3.0248924251194325,-20.795240414385237,21.014090465105216
1768916007.668468,-3.0641778062718927,-21.09236931070525,21.31378025521587
1768916007.6879823,-3.0699500077361686,-21.21021517313161,21.43123469939475
1768916007.7081177,-3.108334687892101,-21.455673180817364,21.679659964445907
1768916007.728245,-3.1267986623306294,-21.64288114014216,21.867582717828547
1768916007.7479608,-3.1639100340812867,-21.837368091247704,22.06537948589155
1768916007.7679772,-3.0529578945682614,-21.95885892177106,22.17007074982512
1768916007.7890196,-3.0315863498121134,-22.1489652699618,22.35547311792665
1768916007.808107,-3.063895549852454,-22.315954908831436,22.5253035369871
1768916007.8280625,-3.097263316483418,-22.4611934278063,22.673734810413627
1768916007.8481057,-3.0815986052792557,-22.453430285556735,22.663909229266153
1768916007.8680387,-3.138796983475925,-22.687105991859532,22.90320555706878
1768916007.8885183,-3.1732046605238486,-22.959323681610954,23.177570445034824
1768916007.9080672,-3.2199905390107904,-23.068277416344404,23.29192482446962
1768916007.9280457,-3.253908968110407,-23.355606760466024,23.581185100038454
1768916007.9480157,-3.2619208170799876,-23.45249273562737,23.6782504195634
1768916007.9681714,-3.2955937366977777,-23.755479654148132,23.98298879781266
1768916007.9881163,-3.2663386811420856,-23.772011422540555,23.995364040858465
1768916008.0081174,-3.2985256684058584,-24.02850739503168,24.253854110599093
1768916008.0280316,-3.329715820114995,-24.09725440678683,24.326213790644267
1768916008.0481763,-3.318558913679519,-24.180377628748037,24.40703782789752
1768916008.0679433,-3.3400400006807045,-24.217248809439944,24.4464927362693
1768916008.0880046,-3.371391985175364,-24.507009857151495,24.737821570547098
1768916008.1081433,-3.427133426868483,-24.489822808941263,24.728458600141238
1768916008.1279752,-3.4586377881796713,-24.774400898785146,25.014658007727203
1768916008.148072,-3.4236848453748085,-24.83398270282854,25.068871430617616
1768916008.1679559,-3.4538401971453085,-25.07406798134248,25.310825692584604
1768916008.1879704,-3.4260020448253257,-25.229714108976445,25.461263991244277
1768916008.2083392,-3.45527800924832,-25.407131013082918,25.64100724303074
1768916008.22803,-3.4963880104954517,-25.508652067508464,25.74715633659648
1768916008.2480724,-3.525920072399567,-25.739108929030127,25.979488848270833
1768916008.2680063,-3.4375443677444544,-25.845685379941063,26.07328448889995
1768916008.2886477,-3.477927658265828,-25.915846616488825,26.148175589235773
1768916008.3079145,-3.504165713983088,-26.047273186141297,26.281925686382458
1768916008.328137,-3.5313771712452287,-26.178698432828128,26.415807319908847
1768916008.3479803,-3.443419470369494,-26.291493599671725,26.516028611964106
1768916008.368351,-3.468708430078895,-26.474500112043973,26.700769546129504
1768916008.3881397,-3.5236217019965608,-26.606083630289632,26.838397791983542
1768916008.4081688,-3.5492325309968105,-26.784523793448738,27.018655895527218
1768916008.4279287,-3.6070560883327127,-26.93078305838349,27.171270300854417
1768916008.4482555,-3.554974196907306,-27.04681467678996,27.27944328063345
1768916008.4680662,-3.5794001923388388,-27.167953173813338,27.40273317374436
1768916008.488362,-3.604861573006602,-27.44177318619332,27.677534979889707
1768916008.508056,-3.5421789731069278,-27.444548261402048,27.67219292267866
1768916008.5279438,-3.56527130893475,-27.628747820138948,27.857833110548025
1768916008.5479605,-3.5896911558455002,-27.639489061936914,27.87162065971919
1768916008.5681956,-3.613156936795516,-27.820688492111117,28.054333198723466
1768916008.587964,-3.6231518685217665,-27.81621727185144,28.051188437875837
1768916008.6080306,-3.646073728482609,-27.978050192768013,28.214626459029674
1768916008.62798,-3.6555703056187716,-28.07172024218257,28.308738432058117
1768916008.6479335,-3.6784466187312352,-28.2774648663258,28.51571476910837
1768916008.6679933,-3.6754849294322365,-28.356203531570845,28.593416518323835
1768916008.6888256,-3.6980902795197785,-28.541598645944532,28.780179377162707
1768916008.7080553,-3.68054738096496,-28.681750988092162,28.91693740295562
1768916008.7281308,-3.7023532699039303,-28.861795621068328,29.098293183750265
1768916008.7480094,-3.780799060273294,-28.924438310574356,29.170491478828136
1768916008.767923,-3.685156683584462,-28.99914844409377,29.23236203704985
1768916008.7880528,-3.705205326918382,-29.08560153502939,29.3206542077275
1768916008.8080492,-3.725155297383114,-29.156888308063337,29.39389252546355
1768916008.827978,-3.699919452557559,-29.188036220517677,29.421605366901133
1768916008.8479702,-3.708840950446597,-29.259223171486497,29.493349111190508
1768916008.867942,-3.7278806792140062,-29.357123781867404,29.5928675714663
1768916008.8880253,-3.7314610656886416,-29.428178047048632,29.663807322283247
1768916008.907947,-3.7505576318320735,-29.5942338082332,29.830946301551794
1768916008.928033,-3.7659667725255153,-29.676151465259046,29.914151693149563
1768916008.947973,-3.784740479876621,-29.7830354890146,30.022549249521102
1768916008.9679537,-3.7965870798715864,-29.890951655438677,30.131097960791607
1768916008.9879322,-3.8154132412012314,-30.021751515952754,30.26322755898229
1768916009.008013,-3.8789826740197664,-30.10644610156586,30.35530601808909
1768916009.0288246,-3.899498883167639,-30.259743953972325,30.509968792179883
1768916009.0479808,-3.9233508597286644,-30.321426132247034,30.574197694491463
1768916009.067968,-3.9429922263051083,-30.41957910388222,30.67406038583823
1768916009.0880172,-3.9454211778908146,-30.458673246384368,30.713142532163005
1768916009.1080077,-3.9638488560424183,-30.53155207571596,30.787786050732915
1768916009.128,-3.982917485887015,-30.589625474375204,30.847833284720807
1768916009.1480236,-3.904204576840446,-30.725425088408116,30.972480692401774
1768916009.1681254,-3.9220537041968537,-30.866242588020338,31.11442489844742
1768916009.188298,-3.9397498805151807,-30.96939875549721,31.218989227680186
1768916009.2079298,-3.946553255989456,-31.087551066884103,31.337056561497413
1768916009.227988,-4.007166632551976,-31.12548016250424,31.382366063881843
1768916009.24793,-4.025368229550453,-31.235061575818367,31.493374875180322
1768916009.2679534,-3.9499045069980556,-31.314734275515224,31.56286312045426
1768916009.2879488,-3.9664092445752948,-31.432236717994048,31.681507340899447
1768916009.3079672,-4.012541295706211,-31.44934312043726,31.70428473182674
1768916009.3280814,-4.029394966306806,-31.53171795505687,31.788130819407332
1768916009.3479648,-4.0313211300329765,-31.554598612953413,31.811071086620956
1768916009.368173,-4.047883938984076,-31.635255159099973,31.893176909252027
1768916009.3880343,-4.0484541704983386,-31.689468689092642,31.94702500965635
1768916009.4083996,-4.064936951044214,-31.768100535601967,32.027112327777516
1768916009.4280782,-4.071813339499453,-31.86058487352185,32.11972185985761
1768916009.448061,-4.097010797545948,-31.93772692773986,32.199439417264514
1768916009.4679742,-4.113435233841439,-32.041481294668785,32.30444045297206
1768916009.4880655,-4.13024375623988,-32.08992963327536,32.354636412027915
1768916009.5082257,-4.146839583833366,-32.19025714672425,32.45626185663221
1768916009.5281577,-4.114229292006993,-32.27120990642924,32.53241262943812
1768916009.547983,-4.129542935424171,-32.367478392282905,32.62984496332173
1768916009.5680826,-4.144630737806559,-32.417541208051304,32.68141584950804
1768916009.5883234,-4.185065647710516,-32.4511222103213,32.71987327580678
1768916009.6080322,-4.195835798731608,-32.49349661225337,32.76327761595959
1768916009.628108,-4.211369874000514,-32.54995169307668,32.821258224468856
1768916009.6480808,-4.17269064337126,-32.59981801949798,32.865779803766465
1768916009.668032,-4.187091150012329,-32.65469488598868,32.92204171061581
1768916009.688175,-4.226369006742505,-32.659777264613695,32.93210053967604
1768916009.7082305,-4.241704488663669,-32.76206384936459,33.03550945027171
1768916009.727933,-4.250337384297024,-32.80294113166959,33.07715699343179
1768916009.7480638,-4.265545763086019,-32.900705046194496,33.176064763525964
1768916009.768063,-4.282682682569146,-32.95420489472113,33.23132545058713
1768916009.7881308,-4.297638104709806,-33.02499131239756,33.303449437903396
1768916009.807978,-4.269277064854463,-33.08184086299319,33.356182658405295
1768916009.8283014,-4.245454677166465,-33.13534757103764,33.40621415349762
1768916009.848081,-4.258548024442222,-33.18099382025636,33.453155040688934
1768916009.8679688,-4.263124803212735,-33.230250178920315,33.502593333075
1768916009.887986,-4.2762646692780795,-33.28074863706809,33.554353955417255
1768916009.9080691,-4.284157614795733,-33.31442135582593,33.58875818993496
1768916009.9282968,-4.2974124478552795,-33.375684381734914,33.651211890453
1768916009.9487462,-4.349003853716447,-33.4146149648594,33.69644384455793
1768916009.968041,-4.36248976752607,-33.478402332893296,33.76143865025371
1768916009.9883087,-4.285020142205651,-33.537037365006114,33.80967720699096
1768916010.0079365,-4.296817197528858,-33.58589547903408,33.85963693186301
1768916010.0279524,-4.299846229782375,-33.62577049318632,33.89957402181056
1768916010.0482335,-4.3116180137214135,-33.66132124820998,33.93633153526526
1768916010.068047,-4.323052418077392,-33.682435730352026,33.95872875916793
1768916010.088155,-4.3395281714013265,-33.7171426933655,33.9952528473485
1768916010.1079512,-4.3512742569315686,-33.75526100611925,34.03455939556541
1768916010.1281059,-4.362967411864219,-33.772889743086054,34.053539701999206
1768916010.1482613,-4.317451712910828,-33.80937428411808,34.08392845281925
1768916010.168025,-4.338555177639509,-33.84929960937687,34.126209063925984
1768916010.1880302,-4.349479380277689,-33.8834882867428,34.161509764020934
1768916010.207966,-4.3567655824443365,-33.89232526615972,34.171203055899866
1768916010.2280908,-4.367712669258813,-33.9334692618099,34.213407461160614
1768916010.2479663,-4.35439768554509,-33.97739058549912,34.25527477927224
1768916010.2681274,-4.3647412636472644,-34.00335753916762,34.282346626726884
1768916010.2881691,-4.375032755219389,-34.024841989852376,34.304967337743726
1768916010.308049,-4.425648099823641,-34.037914206019224,34.32442227627142
1768916010.3281095,-4.436795518943338,-34.068437097942706,34.356128431087726
1768916010.3480647,-4.427914706879118,-34.09759205296573,34.383894666862105
1768916010.3681388,-4.409320545274912,-34.12925110735034,34.41290294089643
1768916010.388092,-4.419373852550579,-34.15556089100446,34.44028462466188
1768916010.4079337,-4.436062721543542,-34.1795912044919,34.4662604205279
1768916010.428004,-4.446265193554389,-34.20032598783268,34.48813668271217
1768916010.4479752,-4.469624366914456,-34.220389068613784,34.51104996937382
1768916010.467948,-4.48005581517805,-34.24089630394285,34.53273634979536
1768916010.4880416,-4.497992470032341,-34.247460438999454,34.54157614790183
1768916010.5079298,-4.508514952582326,-34.26172889524507,34.5570944086584
1768916010.5279903,-4.517168131511796,-34.26624278472649,34.562699583657604
1768916010.5480459,-4.52771538877168,-34.28821466315261,34.58586230569007
1768916010.568257,-4.5071114332147655,-34.3018870582455,34.596726857147125
1768916010.5885217,-4.541081580038561,-34.313627404056675,34.61280756513396
1768916010.6079836,-4.551224841293844,-34.326742263246636,34.627140828595316
1768916010.6279564,-4.5615896744010795,-34.3382844060076,34.63994625148064
1768916010.6482544,-4.578485686588267,-34.3378014014331,34.64169649810116
1768916010.6680908,-4.588836385767854,-34.34650782450599,34.65169576101866
1768916010.6879787,-4.528982641624201,-34.35612545565463,34.653355394432054
1768916010.7079291,-4.5380542620113475,-34.36070861728639,34.65908586744634
1768916010.7279663,-4.545196693267321,-34.360746390382914,34.660059225060486
1768916010.7479901,-4.563639487380529,-34.35994434834413,34.66168750929597
1768916010.767946,-4.572833852193702,-34.36231354293827,34.665247748472346
1768916010.7880511,-4.66257767555297,-34.35098495315195,34.665974641314165
1768916010.808113,-4.673420006426187,-34.35208255717136,34.66852218614432
1768916010.8279562,-4.652643064034453,-34.352622096599134,34.666262163565584
1768916010.8479965,-4.6628345746276345,-34.353442803314095,34.66844471145073
1768916010.8679984,-4.6023841801666565,-34.35858931215445,34.66546696156194
1768916010.8880098,-4.6111929889814665,-34.35957763768457,34.667617111963516
1768916010.9081607,-4.598151522974895,-34.359636930609966,34.66594362528695
1768916010.9284122,-4.606688697802153,-34.36055799603854,34.667989941119835
1768916010.9478846,-4.637122249578077,-34.35588711746027,34.66741816728215
1768916010.9683914,-4.620147188245893,-34.358046747048164,34.6672920245208
1768916010.9879355,-4.628386776821962,-34.35887472696001,34.669211653263645
1768916011.008111,-4.636731311919196,-34.35972097109292,34.67116528861259
1768916011.0279777,-4.648002992709719,-34.355284991126766,34.66827856473088
1768916011.0481944,-4.66083039983253,-34.35402578502948,34.66875290019059
1768916011.0683606,-4.669475973099389,-34.35470975674981,34.67059400030339
1768916011.088163,-4.677881765285649,-34.35535888517332,34.67237029594384
1768916011.1079865,-4.731938111689796,-34.34665455510653,34.671081861122865
1768916011.1279263,-4.690147190669689,-34.35133045336636,34.67003583191863
1768916011.1481335,-4.698694676370423,-34.351786220802694,34.67164472910799
1768916011.1680398,-4.649083255079804,-34.355788603168705,34.668922476164155
1768916011.188271,-4.656552126852454,-34.35624205176057,34.67037417780857
1768916011.2081811,-4.726979472933182,-34.348084635401975,34.67182217678022
1768916011.227947,-4.7355110045568685,-34.34845129734465,34.67334957860773
1768916011.2479944,-4.7098617031989,-34.34972425987015,34.67111699949068
1768916011.2679386,-4.717712890975897,-34.350167530089664,34.67262355615603
1768916011.2882855,-4.727925584804811,-34.34791898820419,34.67178707761816
1768916011.3079724,-4.735703120817562,-34.34829913420788,34.673225080190434
1768916011.3279295,-4.673757750925694,-34.353254109253164,34.669728574208044
1768916011.3479612,-4.680329075650989,-34.353704823398985,34.67106164151324
1768916011.3679879,-4.688333060505883,-34.351621313552876,34.67007865228997
1768916011.3882859,-4.695031088465474,-34.35194093108289,34.671301715601416
1768916011.4080176,-4.716327496072892,-34.34867572254606,34.67095713912205
1768916011.4280634,-4.723226680195028,-34.34901865283688,34.67223604969028
1768916011.447979,-4.7099624267993105,-34.34917994284543,34.67059141127876
1768916011.4680142,-4.716481234987912,-34.34951000636043,34.67180458120183
1768916011.4880824,-4.737594581703141,-34.34648074452946,34.671682133333476
1768916011.507927,-4.743779895898458,-34.3458327530431,34.67188594813871
1768916011.5281224,-4.750552614992831,-34.34616914343024,34.6731464533713
1768916011.547934,-4.717783478974426,-34.34814337908176,34.67062783602919
1768916011.568122,-4.723836490020867,-34.348007574090836,34.67131747560589
1768916011.5879433,-4.737061198639564,-34.34550488127505,34.67064254307013
1768916011.6082652,-4.7432186934010065,-34.34427666003975,34.67026770699615
1768916011.627976,-4.7427821589883905,-34.34086439222894,34.66682780141667
1768916011.6479433,-4.748645451769142,-34.33455750454376,34.661383017119064
1768916011.6678755,-4.725788589354923,-34.33101603593285,34.65475061013649
1768916011.688219,-4.731042872375612,-34.32156248688318,34.64610249654761
1768916011.7079446,-4.734114775213444,-34.30691216290559,34.632009252398475
1768916011.7283745,-4.739284184165741,-34.29578460701083,34.621693436179065
1768916011.748035,-4.7537687545783065,-34.28573565598796,34.61372541123375
1768916011.7680447,-4.765312911083499,-34.27089586295905,34.60061430654552
1768916011.7880795,-4.770393324097121,-34.24987809361867,34.58049742115244
1768916011.8080132,-4.775705275660742,-34.23743208849188,34.56890390067448
1768916011.8279324,-4.788769791789268,-34.22119262499085,34.55462835562671
1768916011.8479831,-4.794250518708045,-34.2095682257505,34.54387639261712
1768916011.8686407,-4.800546292624243,-34.195882767794046,34.531198110930674
1768916011.8881135,-4.849486398214958,-34.17859421686549,34.52091859970738
1768916011.90824,-4.8555108264648155,-34.154101091663094,34.49751595065157
1768916011.9284103,-4.863560098164592,-34.147035340570866,34.4916546338191
1768916011.9482598,-4.869357502492951,-34.11736833089865,34.46310294087418
1768916011.968512,-4.7976042516020225,-34.094428735800534,34.43032206319847
1768916011.9879324,-4.8020825375839635,-34.07466359348315,34.41137451057157
1768916012.0080376,-4.726069206724092,-34.05640577757054,34.38276464499744
1768916012.0280945,-4.7287570054325645,-34.024140589806976,34.35117589968905
1768916012.0480278,-4.735468766771772,-34.00789251304191,34.33600759581234
1768916012.0679324,-4.737876045135192,-33.965298315475266,34.294153424137654
1768916012.0879512,-4.744507627388617,-33.93966797083333,34.26968652609414
1768916012.1079972,-4.7471239322311485,-33.90202533942861,34.232769501505736
1768916012.128114,-4.792438292750518,-33.88453718049648,34.22176682648442
1768916012.1479301,-4.79484287408333,-33.81722115563138,34.15545293033062
1768916012.1680279,-4.757679682420071,-33.80108342398273,34.134275392859195
1768916012.1879678,-4.759923604570098,-33.75318216013629,34.08715562578794
1768916012.2083454,-4.795691064590594,-33.739711197719444,34.07883161865308
1768916012.2284174,-4.798521938916759,-33.69460622792384,34.03457509141417
1768916012.2479842,-4.797585995262135,-33.678711436466635,34.018707138907025
1768916012.2679553,-4.800873885373429,-33.64751019043247,33.98828227608035
1768916012.2879915,-4.756169217771612,-33.60792844485098,33.94280483375382
1768916012.3082087,-4.758084234615122,-33.56414280529178,33.89972046843031
1768916012.328545,-4.749302164698383,-33.54757286532639,33.88208252463228
1768916012.347965,-4.750428122498463,-33.49061781635645,33.82584882997434
1768916012.3681545,-4.7381751544519375,-33.42607566374956,33.7602256816061
1768916012.3880672,-4.730168881517252,-33.390292768272914,33.72367341792191
1768916012.4081342,-4.731378487090357,-33.347277253868334,33.68125357872634
1768916012.4280384,-4.710889066623736,-33.28515085962003,33.61686695017397
1768916012.4483533,-4.7103909176214875,-33.20711908170237,33.53953697210462
1768916012.4679475,-4.711212657043756,-33.16723848895959,33.50016766649701
1768916012.4881892,-4.734356294386007,-33.12351017965102,33.460141304896446
1768916012.5080564,-4.726681615229902,-33.0826453372322,33.41860173018679
1768916012.5280533,-4.727685819432518,-33.04079480554404,33.377314670136805
1768916012.547942,-4.715902682816683,-33.005800400241846,33.3410047565217
1768916012.5679805,-4.715723556143649,-32.94095756591696,33.27678971922487
1768916012.5880942,-4.700573257458945,-32.919812322753316,33.253713060559704
1768916012.6082726,-4.698041123012202,-32.8076532012499,33.142324887777505
1768916012.6280966,-4.682915130922268,-32.75459941024724,33.087663511483996
1768916012.6480312,-4.680366718185025,-32.6685367215934,33.00210787429782
1768916012.6680348,-4.660545643128201,-32.60558237316679,32.93698054747955
1768916012.688499,-4.647227455577193,-32.53307178531594,32.86331515249779
1768916012.7079709,-4.644604367329794,-32.47538744294552,32.805840018180334
1768916012.7280369,-4.63561494474237,-32.42530653366827,32.75499091311535
1768916012.7480714,-4.633667492436565,-32.3832262782261,32.713058839204514
1768916012.7681556,-4.587764631864719,-32.326750820100685,32.65067231929948
1768916012.78794,-4.58399643893182,-32.27512456528291,32.5990289587998
1768916012.808279,-4.577455835111232,-32.22259287342814,32.54609951144831
1768916012.8280778,-4.572562489120539,-32.16099710269349,32.484427997986536
1768916012.8480449,-4.569842792215537,-32.134006704679734,32.45732351938413
1768916012.8680031,-4.5623022446519075,-32.0441684239419,32.36731888423122
1768916012.8879907,-4.5605405278158795,-32.02570664002567,32.34879311039031
1768916012.9079454,-4.549318029191519,-31.896893451057043,32.21968507541333
1768916012.9281282,-4.626314421899225,-31.861504778823345,32.19562504287276
1768916012.9479668,-4.621262793118532,-31.786172897205507,32.1203495817543
1768916012.9680378,-4.619102723778648,-31.738092774922777,32.07245925965804
1768916012.9880097,-4.611283492475308,-31.632048356634616,31.966395146848292
1768916013.008065,-4.609417258623458,-31.622150285922885,31.95633139410074
1768916013.0279427,-4.5997296756476524,-31.49418549966461,31.8283086791667
1768916013.04807,-4.593125151049938,-31.423938109552697,31.757844463473997
1768916013.068236,-4.585048084618253,-31.30197803148738,31.6359999782207
1768916013.0880494,-4.54085219747398,-31.222451756791894,31.550924429951362
1768916013.108258,-4.5359449210787215,-31.138802302023887,31.46744039688624
1768916013.1281428,-4.53295340796658,-31.096300704667065,31.424951616730823
1768916013.148747,-4.568697290886038,-31.03956182205777,31.373992303197497
1768916013.1680865,-4.567047021493662,-30.98590871980066,31.320671411838422
1768916013.1879866,-4.566660997762799,-30.931320251183596,31.2666110275765
1768916013.2085373,-4.565446920312802,-30.876776483877336,31.212475576562557
1768916013.2283432,-4.480081137620901,-30.761960022623157,31.08648116839749
1768916013.2481716,-4.47569515028889,-30.649608242504147,30.97467243567392
1768916013.267967,-4.512656888605482,-30.566049710566464,30.89736990591754
1768916013.2879298,-4.509704991858747,-30.415412219049706,30.747922524429416
1768916013.3083196,-4.515009803704548,-30.367677082666642,30.701484083422823
1768916013.3280497,-4.514478828470903,-30.248876296732462,30.583901587399456
1768916013.348005,-4.5201600887428155,-30.15167895481527,30.488614121047117
1768916013.3680725,-4.5221671981121965,-30.053948260927292,30.392265500258063
1768916013.3880856,-4.412379673035936,-29.97698107821221,30.299975065047718
1768916013.407988,-4.4136106821183185,-29.914539887655394,30.238380511254807
1768916013.4284973,-4.415781456862084,-29.83910612566042,30.16407433111768
1768916013.4479554,-4.423599025037789,-29.74943407656787,30.076520014961385
1768916013.4680455,-4.426779193479889,-29.685310118862333,30.013563781744693
1768916013.488214,-4.524407781859639,-29.534212087191975,29.878754147182722
1768916013.5080903,-4.5373925584256325,-29.401894019867242,29.74994627196428
1768916013.5282056,-4.5508976216326875,-29.28118015734266,29.632721450608273
1768916013.5481343,-4.49151155785537,-29.16502926649368,29.508856436496842
1768916013.568015,-4.581018706652182,-29.048504551043013,29.407504978196705
1768916013.5883222,-4.593426650504895,-28.965346079008526,29.32730539736481
1768916013.6082501,-4.535938224463463,-28.873600811769172,29.227719025157374
1768916013.6279285,-4.546319347268934,-28.803331176301246,29.159919520791533
1768916013.6479752,-4.481793867213388,-28.71090644354448,29.058606729816823
1768916013.6682224,-4.4918997925746815,-28.63974520856344,28.989863217303473
1768916013.687915,-4.51239900693832,-28.52440736935955,28.87911980256655
1768916013.7082372,-4.579141950755615,-28.375465878541743,28.742574777313475
1768916013.7279422,-4.60755674552245,-28.228456041560655,28.602015831992187
1768916013.7483883,-4.618473333798709,-28.169325810700464,28.545423671131683
1768916013.7682593,-4.6103334345731515,-28.052445878617434,28.428768776552797
1768916013.788511,-4.645416807286517,-27.886459750480814,28.270736366932617
1768916013.8079247,-4.6783597254181135,-27.74862572405778,28.1402430567729
1768916013.8279383,-4.665961849944579,-27.643925158556375,28.034938882704992
1768916013.8480253,-4.686206617056511,-27.550958449367883,27.946660693838535
1768916013.8682783,-4.6216672799151866,-27.49529910925926,27.88102009528833
1768916013.8881462,-4.633451523451101,-27.432920161729285,27.821466201837467
1768916013.9080296,-4.6541325172782475,-27.35384434319169,27.74695928998251
1768916013.9281306,-4.675111925177205,-27.258972502927143,27.65697476999739
1768916013.9480793,-4.718885376989209,-27.08298231899863,27.491013267836365
1768916013.9679701,-4.776470667312385,-26.903620188917188,27.324338076250047
1768916013.9880774,-4.821105861333416,-26.73974252774558,27.170883168868638
1768916014.007995,-4.862021452324353,-26.590893485134192,27.03173817830837
1768916014.0279481,-4.851639626494327,-26.494146085077055,26.934702223020285
1768916014.0478926,-4.905467967941183,-26.309072978131706,26.76249123219206
1768916014.0679688,-4.971195630313511,-26.204085192069137,26.67146165376141
1768916014.0879824,-5.012409283696249,-26.067382801079784,26.544918401180187
1768916014.107952,-4.855159038068978,-26.06455483609773,26.512894751212823
1768916014.1279364,-4.900763937236078,-25.909501388657525,26.36891634818086
1768916014.1479936,-4.905704258062084,-25.875395865247608,26.33632558750065
1768916014.1680958,-4.9148870974022305,-25.721995536592523,26.187347509144498
1768916014.1880488,-4.928735009898538,-25.66968239323642,26.13857346848583
1768916014.2080762,-4.965292310197793,-25.546665948742206,26.024724183405553
1768916014.2280216,-5.072120386794312,-25.434037202763008,25.934854031778688
1768916014.24845,-5.118701657199246,-25.29139217381494,25.80417843577125
1768916014.2680988,-5.103116666256454,-25.13580251629401,25.64859387661547
1768916014.2880144,-5.151384842240794,-24.99103398602173,25.516436770900466
1768916014.3080034,-5.13935385477266,-24.86877137771584,25.39426604337415
1768916014.3282764,-5.211511190791419,-24.666575861488205,25.21110496630992
1768916014.347938,-5.234008753375946,-24.485747079905245,25.03890288514064
1768916014.3683543,-5.191299748443989,-24.34645589417486,24.893764433793383
1768916014.387937,-5.24645113499845,-24.197349925200637,24.759583859882092
1768916014.4080157,-5.2856835362603505,-24.085744452840885,24.65890379341809
1768916014.428035,-5.318243087018441,-23.992458146968488,24.574819581568732
1768916014.448077,-5.349163044816887,-23.91753241585284,24.50840472457165
1768916014.4680612,-5.365233755310473,-23.861814133955214,24.457553168960867
1768916014.4880483,-5.414360960067512,-23.748897587696632,24.3582725421325
1768916014.508043,-5.46998952525178,-23.616869851566843,24.242056987644656
1768916014.5280094,-5.537537832383585,-23.465450383360867,24.10999143382366
1768916014.5479848,-5.408066129068867,-23.38783537150561,24.004958292424313
1768916014.5679686,-5.396370456229045,-23.24407809406256,23.86227106844067
1768916014.588133,-5.453186321408733,-23.11151420372251,23.746143473096147
1768916014.608015,-5.46950708437642,-22.910837232158304,23.55465920841342
1768916014.6279628,-5.5376667648055395,-22.758852252775934,23.422875764126747
1768916014.6482902,-5.583291988510422,-22.610733815941927,23.289878340694365
1768916014.6679642,-5.686190656367259,-22.40095473928419,23.111372469241573
1768916014.688195,-5.652780874119123,-22.24219599671654,22.949274811356464
1768916014.7079442,-5.625574926846431,-22.136878375863038,22.840500815116027
1768916014.7280693,-5.671623421731949,-22.023867495569615,22.742428447735
1768916014.749103,-5.6772446293802465,-21.98835639295772,22.70944568776507
1768916014.7682676,-5.713669279603584,-21.894503070378036,22.627754668448194
1768916014.7880347,-5.727542261110945,-21.821495742866016,22.560638661366205
1768916014.8079112,-5.775008837230007,-21.70862596000273,22.463641025919845
1768916014.8280392,-5.857451662578818,-21.55743112128081,22.339037054631827
1768916014.8479958,-5.894390704641236,-21.463780392594998,22.258430100088066
1768916014.8684425,-5.872312686552753,-21.377109008117735,22.169006424140814
1768916014.888212,-5.9206467583968765,-21.264375919649808,22.073235859064663
1768916014.9080462,-5.992517817722094,-21.113269785000114,21.947219204489564
1768916014.9287388,-5.991208148242909,-20.97234487353697,21.811323310843488
1768916014.9481742,-6.023366343460862,-20.78998050429381,21.644958569525
1768916014.9681191,-6.093960035349423,-20.638957249991204,21.519825865452546
1768916014.9879792,-6.106898950826093,-20.494945356196908,21.385438970222193
1768916015.0081592,-6.189084253080854,-20.324522475588427,21.245963799094465
1768916015.0279658,-6.197882100509139,-20.16396057071688,21.095000555326767
1768916015.0478737,-6.267388108239183,-20.01249596680503,20.970935804600746
1768916015.0679572,-6.324305622762249,-19.846184877190865,20.829495812182817
1768916015.0879128,-6.381698048370382,-19.713667856732762,20.720877644205924
1768916015.1080139,-6.39624501309993,-19.678001276150617,20.691439884449586
1768916015.1280425,-6.466644892780737,-19.525752870417804,20.5687267794085
1768916015.148325,-6.390148750558068,-19.446538769953992,20.46953519710652
1768916015.1682732,-6.484194867615911,-19.254972795077588,20.31744965344801
1768916015.1882925,-6.459649734898015,-19.168943563168025,20.228086217571075
1768916015.208209,-6.516139483190124,-19.035519109440237,20.11991703586905
1768916015.2279515,-6.531187724105289,-18.87300517599373,19.9711476250262
1768916015.2480993,-6.586692170498588,-18.739123542849775,19.863012483082574
1768916015.2680242,-6.657343931280076,-18.53385604021922,19.693248790865415
1768916015.288008,-6.738669599888989,-18.359660773535232,19.557270047114354
1768916015.3079815,-6.820638525548544,-18.184914645326657,19.421952284824844
1768916015.3279893,-6.673690613046124,-18.06462496693763,19.257954761468472
1768916015.347998,-6.713959011146294,-17.94946190307904,19.16403997630558
1768916015.3684032,-6.71259343014485,-17.89827412303906,19.115625209285554
1768916015.38797,-6.740914996584356,-17.80277113105706,19.03624424449252
1768916015.4080484,-6.7301581984194225,-17.696893745225104,18.933438082016156
1768916015.4279714,-6.796955096378408,-17.54085068736207,18.811699588780243
1768916015.448076,-6.837509672482705,-17.465366148271546,18.756080433141786
1768916015.4681547,-6.95857911949896,-17.227718508475746,18.579992152032915
1768916015.488252,-6.878043663290885,-17.18851400617425,18.51357605581872
1768916015.5079346,-7.026793083788121,-16.909119204207485,18.31103856433247
1768916015.528431,-7.014775297418206,-16.823597588566503,18.227465767223084
1768916015.5479612,-7.0423965057029685,-16.65675594280691,18.084326558701896
1768916015.5679505,-7.095737532086252,-16.51897043227932,17.978483675404217
1768916015.587958,-7.07861899771627,-16.360841086319816,17.82649623360239
1768916015.6080182,-7.142525452348073,-16.20213227243257,17.706630396855328
1768916015.6279652,-7.120891038586559,-16.062377890026013,17.57006182873068
1768916015.647926,-7.155934078184092,-15.944666714650534,17.47683578833998
1768916015.6682055,-7.176904870190169,-15.84757285480423,17.39694021671878
1768916015.687996,-7.142692881069704,-15.732246715483068,17.277779032911365
1768916015.708003,-7.1645800338394094,-15.603198959829363,17.16947945749406
1768916015.7279687,-7.288263421839656,-15.339251278590368,16.98267980896602
1768916015.7479348,-7.320723371760177,-15.158094038513,16.833324257740628
1768916015.768019,-7.364096568820582,-15.018797044002596,16.72704943867436
1768916015.7879684,-7.323344006119338,-14.830132740527297,16.539776435418457
1768916015.8081515,-7.337453398146496,-14.732773639835294,16.458822603473106
1768916015.8279467,-7.314827590562597,-14.667625451842937,16.390422175014486
1768916015.8484101,-7.31414695170815,-14.591225879046423,16.32178355096451
1768916015.8679943,-7.255183237949895,-14.473680543548493,16.19027832660462
1768916015.8881,-7.257902866857063,-14.345580259546157,16.0770901287457
1768916015.9080002,-7.291967002047622,-14.203579263638758,15.96604041888346
1768916015.9280717,-7.312307028994124,-14.082547847857281,15.867828710112377
1768916015.9480562,-7.368838706762825,-13.948477377928334,15.7752909655849
1768916015.9690633,-7.273761544858618,-13.81762709784486,15.615198545857833
1768916015.9878778,-7.327882515706927,-13.628184749971695,15.473373314935705
1768916016.0079975,-7.343310452877729,-13.457957546849148,15.33104137820185
1768916016.0279558,-7.412461153252356,-13.220606958783698,15.156814596316575
1768916016.0480704,-7.422950002515967,-13.094636735935115,15.052232325670277
1768916016.0678787,-7.401883608502877,-12.910832653005134,14.882119497831185
1768916016.0879653,-7.238219841022423,-12.86298241095836,14.759679636482455
1768916016.1080117,-7.261429035512771,-12.68879222691227,14.619637472096809
1768916016.1280034,-7.233295269055711,-12.68245522190539,14.600179139482467
1768916016.14819,-7.253745595318887,-12.506582849791652,14.457919620066741
1768916016.1680858,-7.26693199619233,-12.427017379428722,14.395800137050644
1768916016.1879816,-7.332328311527637,-12.12856174440163,14.172686705624747
1768916016.2079859,-7.273191102117556,-12.043036489971811,14.068903180657493
1768916016.227913,-7.302288627074564,-11.812400845381351,13.887268735250592
1768916016.2479231,-7.2568681188757695,-11.724922483132534,13.788979009709976
1768916016.2682102,-7.262538416084002,-11.540724407277171,13.635717219487171
1768916016.2879758,-7.3252641430389245,-11.26481227164722,13.43709381826091
1768916016.3079348,-7.160338868711154,-11.129689587182185,13.23406373801363
1768916016.328012,-7.169077580923652,-10.891106344861548,13.038860025952637
1768916016.3481033,-7.140349022259023,-10.778003561488838,12.928648225206743
1768916016.3679564,-7.086206979646569,-10.694396244233367,12.829046745065064
1768916016.3881876,-7.06128533361011,-10.555355082722805,12.69949886747581
1768916016.4080763,-7.053229264099458,-10.448082364255917,12.60596954391944
1768916016.428058,-7.026724215732737,-10.30790714074466,12.475087287317056
1768916016.4481153,-0.8047780570229186,7.927713154742257,7.968456788170405
1768916016.4679961,-0.4823785252748305,8.668358502247763,8.68176987515434
1768916016.4879546,-0.37139990206230067,9.371239077304786,9.37859582940091
1768916016.5081232,-0.48496292054274903,8.704577009789627,8.718076046563226
1768916016.5281267,-0.3595147589261316,9.336027160927536,9.342946752040406
1768916016.548128,-0.44947032625640837,8.36681749937118,8.378881705930025
1768916016.5680094,-0.31799339886731204,8.944937221427132,8.950587785000252
1768916016.5880914,-0.3882919591992007,7.991024772457148,8.000452959651883
1768916016.6081116,-0.25498955041225635,8.54548952958001,8.549293010008547
1768916016.6279116,-0.35065003972006004,8.013278911601994,8.020947223706244
1768916016.6479924,-0.16989916657686166,8.185335452642718,8.187098521398976
1768916016.6679697,-0.015758497554790196,8.558082604907817,8.558097113416682
1768916016.6880727,-0.18524445983161897,8.08939466163687,8.09151540205031
1768916016.707939,-0.037826758594356136,8.47310957514231,8.473194010291165
1768916016.7280989,-0.14098886067702487,8.030222810132798,8.031460405132563
1768916016.7484658,0.009467971105509676,8.37787189262238,8.377877242575767
1768916016.7683372,-0.03745675865707554,8.008679534349234,8.00876712688497
1768916016.788023,0.10269557431307241,8.43836893184341,8.438993815075563
1768916016.8080056,0.2506194937703565,8.736294370556948,8.73988841231298
1768916016.8279562,-0.003433347233874784,7.983923534620754,7.983924272846304
1768916016.8480985,0.07513666250132367,7.994577229805785,7.994930306224124
1768916016.868045,0.21836086738740512,8.340408253252818,8.343266224886625
1768916016.8880625,0.08462376522899717,8.069710565999042,8.070154261266516
1768916016.908094,0.17798836966611198,7.876496140014304,7.878506920946165
1768916016.9281042,0.32745445564401976,8.268318675161645,8.274800307835104
1768916016.9480622,-0.17986615454143973,6.956115903226014,6.958440938361364
1768916016.9680197,-0.04921115754625305,7.161530129885545,7.16169920754045
1768916016.9879394,0.1712823763221678,7.7059218789003765,7.707825222211132
1768916017.008136,0.30568925810122316,7.915987222217019,7.921887377691101
1768916017.027979,0.19870673295643648,7.5215426201010125,7.524166914131971
1768916017.0480607,0.32973047053669546,7.718186018689941,7.725226055093873
1768916017.0681202,0.1463715763018687,7.4401063644193535,7.441546032392897
1768916017.0879369,0.2837867838336887,7.720269129773268,7.725483180669592
1768916017.1082246,0.21755149633017012,7.64927532742011,7.652368371179835
1768916017.127989,0.3583196489229046,7.938953737337108,7.947035888580287
1768916017.1481462,-0.010465704630480133,6.776296204661762,6.776304286577368
1768916017.1680274,0.10580985777404273,6.9204446349628626,6.921253475461539
1768916017.1880233,0.23635251033580218,7.131310886721192,7.1352265186334645
1768916017.207962,-0.03266712840385999,6.632849950659136,6.632930393818184
1768916017.2279673,-0.050402635568662646,6.351361586789331,6.35156157427568
1768916017.2480435,0.08550267153158764,6.575072809036762,6.575628726667406
1768916017.267973,0.22761781289993444,6.69911005562702,6.702975861969996
1768916017.2882426,0.35794286151407206,6.875369879832316,6.884681116552481
1768916017.3079195,0.19209373848268463,6.555497419921412,6.558311248100424
1768916017.327946,0.0900859961155458,6.347355679324334,6.34799492804988
1768916017.3480136,0.22113775216455167,6.518153617473395,6.521903747098227
1768916017.3681104,0.1643454533536275,6.23409885373243,6.236264743109132
1768916017.387954,0.295170293111795,6.394966779188167,6.401775191996043
1768916017.4079053,0.14142125726695376,6.210295388654764,6.211905407067431
1768916017.4278328,0.3008197329243423,6.435304227695571,6.442331333819549
1768916017.4480276,0.18518213075658352,6.286797940777628,6.289524685516178
1768916017.467993,0.3061825916563947,6.407602709142907,6.414913893237301
1768916017.4879322,0.056842586272232154,6.146731320348298,6.146994143820608
1768916017.50812,0.20574432821658029,6.329489638603761,6.332832684809039
1768916017.5279853,0.19364007202017852,6.044036138088444,6.047137282715768
1768916017.5482368,0.3775558182187524,6.284310102501145,6.295641497120749
1768916017.5680356,0.4435550816634475,6.281638444186527,6.297278988098875
1768916017.5880492,0.4556809307932923,6.1932348174673955,6.209976055910284
1768916017.6079924,0.31079669016434863,6.1283637563550215,6.136239639455336
1768916017.6279993,0.4323477808064524,6.234388359731891,6.249361793297678
1768916017.64793,0.07560142692477534,5.851972317349929,5.852460643078513
1768916017.6681557,0.17201227508561168,5.91184006862348,5.914341993811501
1768916017.6880026,0.19433279911626578,5.849653405059438,5.852880504173637
1768916017.7081769,0.15426462766362015,5.661618816468888,5.6637200847449
1768916017.727946,0.2754121059501937,5.751745296621454,5.7583353310927405
1768916017.74804,0.03854942844881393,5.60277131805789,5.602903934647272
1768916017.7680104,0.17486105985537748,5.712455475220164,5.715131139932537
1768916017.7882278,-0.07968642823956706,5.216519156131685,5.217127757026313
1768916017.8083196,-0.007221347951944068,5.226258889389705,5.226263878411723
1768916017.828,-0.07923273706790113,4.982215579535939,4.982845563289505
1768916017.8481245,0.001163753122543909,4.998896000638467,4.998896136100508
1768916017.8679404,0.0938062383815712,5.432466041360737,5.433275890371931
1768916017.8880486,0.2048665605250779,5.493779816251433,5.497598291715484
1768916017.908139,0.1877461243692018,5.385747242080708,5.389018645615879
1768916017.9279895,0.31726752419701043,5.4670555537315515,5.476253747727282
1768916017.9480846,0.40678482969692453,5.49537063540577,5.510405821548135
1768916017.9685369,0.025467286368012765,5.0497672842901515,5.049831502947606
1768916017.9883227,-0.01877547299903881,5.068510726978019,5.068545502200566
1768916018.008193,0.08710120895391604,5.115172109438589,5.115913635879681
1768916018.027954,-0.04030245788809683,5.022619910520074,5.022781605212843
1768916018.0479958,-0.07017659015424282,4.922627607859432,4.9231277984088075
1768916018.068101,-0.030308199578830575,4.892404742160942,4.892498620140897
1768916018.087967,-0.21603508535827487,4.841741790905907,4.846559060602738
1768916018.107892,-0.14234990701648353,4.85114961137711,4.853237687151938
1768916018.12788,-0.18275991456341245,4.6425883666775185,4.646184233194014
1768916018.1480513,-0.07344051077223224,4.682943484761992,4.683519316720844
1768916018.1680424,-0.2795652283402559,4.540765617857886,4.549363594308247
1768916018.1879764,-0.18546361625373642,4.565279234587479,4.569044893925813
1768916018.2079735,-0.21968748271186556,4.714581039771925,4.71969670324664
1768916018.2279897,-0.15626431002641272,4.7111542916067,4.713745145201664
1768916018.2480266,-0.22862127151529688,4.757524435002868,4.763014427380902
1768916018.268274,-0.1784123761850358,4.742502270012693,4.745857009756145
1768916018.2880175,-0.2913244769711545,4.645695739844072,4.6548210339483385
1768916018.308095,-0.2549580040844006,4.617343280279503,4.624376990664686
1768916018.3281333,-0.2909306659952362,4.428107386297494,4.437654298951064
1768916018.3481102,-0.27576419233365357,4.3780725198404085,4.386748782270894
1768916018.3679783,-0.3799096995971185,4.414474385993884,4.43079174464836
1768916018.3882368,-0.38618116162357463,4.34900389227257,4.3661162083246134
1768916018.408085,-0.5607232837693319,4.139225543199352,4.177032283623749
1768916018.4283018,-0.5216642212828537,4.108084083598374,4.141073338843559
1768916018.4479747,-0.6249977389412393,3.9416041356856724,3.9908476964344377
1768916018.4679935,-0.5874270123025092,4.122926918764719,4.164564427675168
1768916018.4880502,-0.5780152424670755,4.0708431170240225,4.111674270166125
1768916018.5081172,-0.5733790494262454,4.032500641722294,4.073060883391219
1768916018.5280087,-0.5411541623403666,3.9963653763431495,4.0328382125560935
1768916018.548331,-0.5950228049534259,4.023718796698734,4.067476501876975
1768916018.5681586,-0.550210425924127,3.997793784976647,4.035478492074207
1768916018.5879526,-0.4052859303058165,4.506323726713823,4.524512152182576
1768916018.6079657,-0.36881714620528694,4.481365783654059,4.496517027015507
1768916018.6280258,-0.6360194709859188,4.0317557602943985,4.081614298061524
1768916018.6479807,-0.58603535950032,4.0095598774978,4.052160886962022
1768916018.6680017,-0.6117647329949154,4.013542649972333,4.059899098707168
1768916018.688349,-0.6012317353362757,3.965402174825055,4.010722379781821
1768916018.7079856,-0.5970141949157863,3.914830759615409,3.9600916435559803
1768916018.7285516,-0.7460253317322607,3.9256139378677304,3.9958726937638565
1768916018.747912,-0.7455146841979401,3.875752236745612,3.9468021922809062
1768916018.7680004,-0.819734988704413,3.808783333573153,3.8959974247695346
1768916018.7879589,-0.8355818640907353,3.7479050814265413,3.8399205136278844
1768916018.8081124,-0.8288143765686247,3.7355228084152365,3.826364321780833
1768916018.828097,-0.8220854539427052,3.687480206330669,3.7780067185838426
1768916018.848165,-0.9348840060845367,3.6616623454488852,3.77912413621343
1768916018.868051,-0.9095234391560183,3.6253009949988346,3.737651694675914
1768916018.8879402,-0.9555298859241983,3.6103809905995767,3.734687170323251
1768916018.908186,-0.9306672232872177,3.573590148525973,3.6927886522441313
1768916018.9279842,-0.9610984021894282,3.5902622763432532,3.716677730396397
1768916018.9481034,-0.9606003135016259,3.5415669727560086,3.6695298860774495
1768916018.9679632,-1.014891638633542,3.574104234799325,3.7154038972067016
1768916018.9880462,-1.0276473768961134,3.5199904164284597,3.6669321868545186
1768916019.008002,-1.0386504789140902,3.5334481454079345,3.682940484671893
1768916019.028004,-1.0571017795327462,3.477762748344883,3.6348724745259844
1768916019.0479774,-0.8577800189503089,3.9586458007422216,4.050513934878439
1768916019.0679338,-0.8645250845594408,3.9170468420790527,4.0113164403813855
1768916019.088157,-0.892687301263801,3.86434783754817,3.966115836356884
1768916019.1081526,-0.8629421235341947,4.0507510144771395,4.141648571505951
1768916019.1283162,-0.8679924752968224,4.0983519631765475,4.189260048176165
1768916019.147986,-0.8505925279095843,4.075183041469522,4.16300666225943
1768916019.1682014,-0.8812983579500075,4.229177310434718,4.320026333116641
1768916019.1880195,-0.880605147354582,4.201283246678635,4.29258038298294
1768916019.2079048,-1.0610952785341086,3.8576962184422,4.0009677959102135
1768916019.2284482,-1.0780447412607685,3.815860046902529,3.9652198377526267
1768916019.2479951,-1.056005318996129,3.8949621474069147,4.0355764598729635
1768916019.2681851,-1.08437206521854,3.8495747197359584,3.9993859902060596
1768916019.2881527,-1.1579688552882903,3.862675468387561,4.0325120761010425
1768916019.3080578,-1.1922719541515727,3.815860033413209,3.997786913688205
1768916019.328058,-1.1986441419960778,3.791525638211713,3.976482672457941
1768916019.3480518,-1.2938760057284284,3.6847049769909823,3.9052741114628393
1768916019.3680823,-1.3305907936911625,3.636687963144361,3.8724631956333373
1768916019.38813,-1.3555562545670172,3.5973879688668475,3.844311766473123
1768916019.4085104,-1.3411605859070335,3.6392349812475473,3.8784975139770728
1768916019.4280658,-1.187739825887327,4.007123534697428,4.1794455273785855
1768916019.4479954,-1.2198020925566135,3.9723546234123255,4.155420363711808
1768916019.4680672,-1.2541433085681621,3.936166234295648,4.131135444697436
1768916019.488062,-1.3421112374041453,3.9251126475598994,4.148225146927438
1768916019.5080812,-1.417031808273788,3.679686674625014,3.9431045090223735
1768916019.5280044,-1.4551085409845763,3.6384695158210967,3.918647889719829
1768916019.5479696,-1.4547485146050745,3.633508886669272,3.913908541375264
1768916019.5679355,-1.4934856282339615,3.5909953405423245,3.8891833149824753
1768916019.5879955,-1.4897574589652312,3.563566788315839,3.862432593758784
1768916019.60796,-1.5280264266938648,3.521984029477462,3.839171299195846
1768916019.6279378,-1.5760907267852842,3.5048403718156003,3.84291139775133
1768916019.6481361,-1.6157333502853888,3.4639014402788497,3.8221992945410808
1768916019.6679902,-1.49569602533332,3.8742241633882983,4.1529169830830535
1768916019.6879687,-1.6670023509471692,3.4413327817424495,3.8238289910453127
1768916019.7081103,-1.7055322823653638,3.399253127185883,3.8031253185864666
1768916019.7280655,-1.5632124755325663,3.7583646328745104,4.070496033323532
1768916019.7479997,-1.5979431924830934,3.7231302719941475,4.0515579063666705
1768916019.768079,-1.7326248778456161,3.332408011587738,3.7559196108308384
1768916019.7881033,-1.7692222371780542,3.290084157906769,3.7356125455719322
1768916019.808038,-1.794864818536742,3.3291277259305936,3.782146365806159
1768916019.8282068,-1.8313317079760365,3.2878971022720123,3.7635147375514717
1768916019.848122,-1.8670951339193884,3.246981808818962,3.745522007131545
1768916019.868011,-1.8335059179629365,3.252138582006264,3.733383091484026
1768916019.8881545,-1.7684563760044023,3.1416518876989485,3.6051927184705383
1768916019.907952,-1.8005506678740684,3.100390007996875,3.5853034612524244
1768916019.9279845,-1.6920020279346089,3.5509244436670606,3.9334380975384695
1768916019.9479241,-1.7213544195521298,3.518456874723107,3.9169630859886775
1768916019.968194,-1.7908769651506526,3.041340477938526,3.529446444848619
1768916019.9880776,-1.8250231688177063,3.0008683240474845,3.5122528760032328
1768916020.0081184,-1.76318199040524,3.4585804245521636,3.882085687408871
1768916020.028045,-1.7957716908259256,3.4278276984963405,3.8697285041912854
1768916020.0480318,-1.6570652468607916,3.6882784215653857,4.0434221826738135
1768916020.0680482,-1.6689389243843378,3.7791025137039647,4.131219304564788
1768916020.0879107,-1.6988241344271389,3.756234898113835,4.122536118643518
1768916020.107945,-1.8312391915228652,3.215103009274305,3.700043829039598
1768916020.1280415,-1.8660639176352172,3.182404636044133,3.689158957298436
1768916020.1479874,-1.8675252794770065,3.236890962137263,3.736992610409013
1768916020.168217,-1.9057642922912112,3.20590739351319,3.7295817129478146
1768916020.187987,-1.8020164373467438,3.4625760128423124,3.9034210489234717
1768916020.2079382,-1.8426098634654462,3.4381006149412165,3.9007367185442448
1768916020.2279835,-1.8800678154420778,3.413451239242523,3.89696091247365
1768916020.2479422,-1.8770535471695622,3.441105229727224,3.9197621383188403
1768916020.2679498,-1.8358057901470932,3.415037527399221,3.877197984715583
1768916020.2880363,-1.8719212489633659,3.391742079832369,3.8740164556215
1768916020.3079364,-1.83025687256327,3.3919505350246517,3.8542403468931594
1768916020.3282306,-1.868874790006366,3.369805872715773,3.85334719438971
1768916020.3480792,-1.8876401082528815,3.3924922865495226,3.8822917320292865
1768916020.3679712,-1.7657795515868457,3.5842319728436465,3.995584595520022
1768916020.38797,-1.798262903214784,3.567114352471169,3.9947533431595335
1768916020.4080722,-1.7894805939069025,3.6298368645385253,4.04696879888297
1768916020.4279923,-1.836303178045826,3.6171709083170143,4.056591517724718
1768916020.448124,-1.7977200225665966,3.6780973468853198,4.093922003739406
1768916020.4678826,-1.8462389442256866,3.6682552981363017,4.106664725964444
1768916020.4879155,-1.8566975309466258,3.775090645104431,4.206974578028524
1768916020.5079567,-1.897528980951007,3.7663756083306232,4.217369020678276
1768916020.5280259,-1.8311199156980722,3.857400516962283,4.2699577157071475
1768916020.5479639,-1.8680930288932185,3.850591197128029,4.279815899311477
1768916020.5681167,-1.7187670542381452,3.936463028945152,4.295334837353953
1768916020.5879185,-1.746116174094161,3.930410894289107,4.300819862698242
1768916020.6081316,-1.7205586014054912,4.015214777151851,4.368325950238718
1768916020.627909,-1.7272050840323017,4.088656859968484,4.438507893523946
1768916020.648032,-1.7704163984724284,4.090799307566929,4.457467128176062
1768916020.6679604,-1.717571703373987,4.190957387088616,4.529257817415968
1768916020.6880395,-1.7701912616990159,4.1990848553610824,4.556960689485741
1768916020.708338,-1.769791203069289,4.2624159328744895,4.615230274567429
1768916020.728097,-1.8248904927055722,4.273911402624641,4.647208192867209
1768916020.7480233,-1.8530673477251458,4.277148439539285,4.661314982819595
1768916020.7680266,-1.7313642792936585,4.377827751603295,4.707759349236324
1768916020.7884905,-1.6376526590985474,4.403491184004647,4.698152917845394
1768916020.8079557,-1.6718835562173595,4.413319352607154,4.71938368154644
1768916020.8279903,-1.6393630922832,4.482971822631885,4.7733162173536945
1768916020.8479624,-1.6685946816704673,4.492986605365928,4.792821387001253
1768916020.8683033,-1.5786654090571215,4.521205894340056,4.788892065266116
1768916020.888072,-1.6067850179710685,4.532389118516964,4.808774190542457
1768916020.9081802,-1.5968558712005025,4.6345931155580224,4.901979398178386
1768916020.9280608,-1.6420018566510022,4.654966335281067,4.936079586052618
1768916020.9479933,-1.6706146126968298,4.511565553219079,4.810943454786093
1768916020.9681208,-1.7178168714576332,4.530811244113341,4.845528385392905
1768916020.9879646,-1.5707251535308284,4.830922077383857,5.079860788022562
1768916021.008215,-1.6829582098947107,4.38619010102229,4.6979795591890285
1768916021.0280356,-1.737692296221744,4.4080943834925606,4.738234967804684
1768916021.0480313,-1.733971494592545,4.287885996961915,4.625216045440642
1768916021.0679872,-1.764405746065524,4.29745618770534,4.64556318674022
1768916021.087945,-1.8151816550078577,4.217340574539644,4.591388239120652
1768916021.1079957,-1.8470751068640006,4.226355802157901,4.612349706692936
1768916021.1279762,-1.7234045948344816,4.546010264104048,4.8617211683554995
1768916021.147954,-1.7738575518649098,4.572450960733288,4.904475344276791
1768916021.1680424,-1.8260210467866829,4.517944364862082,4.8730046323902645
1768916021.187988,-1.8930349014989183,4.553032450963158,4.9308909578104245
1768916021.20821,-1.6906494148809221,4.395547309048077,4.709472538418394
1768916021.228001,-1.7776718233250106,4.4423790226563185,4.784856162141196
1768916021.2480648,-1.7534103242289962,4.441518535114355,4.775095251707258
1768916021.267997,-1.843323186677189,4.493181353827701,4.856595417463419
1768916021.287907,-1.7385423034319478,4.477137481974562,4.8028418018215
1768916021.307982,-1.821680821383886,4.52830947430439,4.88099454108205
1768916021.3280568,-1.7721934778746409,4.558721333741243,4.891074516067912
1768916021.347981,-1.7857514432249468,4.5697524817513155,4.9062761807150945
1768916021.3685,-1.681709465564695,4.639905181456275,4.935267654289347
1768916021.3880951,-1.73381056414516,4.678792601257513,4.989709338019941
1768916021.4083853,-1.729456150372866,4.7503105537150425,5.055340634695059
1768916021.4280245,-1.7825010539115498,4.793908838616041,5.114574465207911
1768916021.4480922,-1.6690955630615854,4.848061087935104,5.127336180804061
1768916021.4679499,-1.5764401380828774,4.935516697734506,5.181166720206453
1768916021.4880946,-1.6345426968908958,4.99209115351891,5.252875775515839
1768916021.508009,-1.702885531740014,5.057717881940565,5.336696478863195
1768916021.528146,-1.509430613997357,5.10140102278697,5.320025674164024
1768916021.547962,-1.4615503841270288,5.151159977029682,5.35449144497349
1768916021.5679862,-1.4820604440373577,5.1874993454647615,5.3950581664128086
1768916021.587949,-1.438304386159186,5.2409622681830825,5.43474056453144
1768916021.6081707,-1.4672449676123707,5.286431620578007,5.48627078023231
1768916021.6281035,-1.4736422457177927,5.103616106827683,5.312110581890699
1768916021.648162,-1.5128407547634808,5.15432547500146,5.371755602363381
1768916021.6679444,-1.5001634668240804,5.1954098659781,5.407658837491158
1768916021.6879961,-1.567211352654473,5.272154889389807,5.500160779614166
1768916021.7081785,-1.4578292172947034,5.303560034208919,5.5002740898300875
1768916021.7284606,-1.5332490895878141,5.392360573084613,5.606104290938519
1768916021.7481518,-1.408609242226631,5.417665223946743,5.597792107255163
1768916021.7680671,-1.454989148295561,5.485353149223931,5.675041197503217
1768916021.7879426,-1.425975785600146,5.537393999720193,5.718053799087164
1768916021.808103,-1.481481473499584,5.617428067208905,5.809499586589957
1768916021.828008,-1.3438227723568046,5.613016694757954,5.771638940468836
1768916021.8479555,-1.2514975862957192,5.6321146274134986,5.769485365682896
1768916021.8679903,-1.2646942477690395,5.677905894778652,5.817049672325505
1768916021.8879704,-1.275478755046282,5.7271391002360055,5.867449899916189
1768916021.9080079,-1.2893008834995756,5.774707728581541,5.916886522380852
1768916021.9279175,-1.3903379544638153,5.604535743246418,5.774414301463768
1768916021.948163,-1.4553103352080408,5.699562378174635,5.882426325460187
1768916021.9680572,-1.3406121747829678,5.692421318031499,5.8481536800220795
1768916021.9879541,-1.4049501835740354,5.7908076293964506,5.958803404963185
1768916022.0082302,-1.3011171436623128,5.7586506191206315,5.903809174984436
1768916022.028168,-1.38477233633414,5.881527787690963,6.042347519040697
1768916022.0479915,-1.2587143692636023,5.801204244839759,5.936188385971045
1768916022.0679307,-1.0135513046749853,5.935060566275984,6.020982492299124
1768916022.0882323,-1.0281527731137725,5.995107137988718,6.082631644348096
1768916022.108062,-1.002638131046469,6.010718348127977,6.093768807753595
1768916022.1280377,-1.0184605843371806,5.974575236367684,6.060759953740653
1768916022.148143,-1.0036979027853477,6.00091110147166,6.08427017215882
1768916022.1680095,-1.0556876187228141,6.04451294583008,6.136009542091022
1768916022.1879826,-1.062388339979849,6.095299929997928,6.187192434501928
1768916022.2080965,-1.038223630440669,6.106018080206283,6.193655229556407
1768916022.2280893,-1.0375582909953955,6.146894206379496,6.233845971118881
1768916022.2480736,-1.0829109608417653,6.248270430843975,6.34141778517
1768916022.2679448,-1.0770234990075895,6.289181999187443,6.380735838155182
1768916022.2880464,-0.953083749636928,6.298443946945019,6.370146370895283
1768916022.3079917,-0.8557721438152281,6.29341796860154,6.3513349533501104
1768916022.328182,-0.9211831937014985,6.437501592657158,6.503076597413069
1768916022.3480213,-0.8637998321681728,6.138620241526983,6.199097403633739
1768916022.3681228,-0.9454518843443136,6.308004787987835,6.378464052645251
1768916022.3883796,-0.8156089101749533,6.217678548220432,6.2709444602354205
1768916022.4079409,-0.8278806733537447,6.294912274058587,6.349118596104982
1768916022.4279346,-0.78136971439646,6.2235331454525,6.2723921627336
1768916022.4479249,-0.7812366336536396,6.2867849692873055,6.335139771766623
1768916022.4682572,-0.7652548547361064,6.2260812227017635,6.2729341128674925
1768916022.4882686,-0.7822609300331784,6.3186426312315,6.366881250963654
1768916022.5082247,-0.7357548561492244,6.311453708709138,6.3541941365939945
1768916022.5290914,-0.8142859769110409,6.289245096888001,6.341739945860578
1768916022.5480156,-0.826242959023018,6.368778344176388,6.422150342726745
1768916022.568005,-0.6810222455844954,6.249190031601515,6.2861886187139415
1768916022.588031,-0.6949259230792482,6.338477985141184,6.376458672859645
1768916022.6080244,-0.5779663160778998,6.25689350868101,6.283530969247722
1768916022.6279511,-0.5890688608762602,6.344391008275217,6.371679479441624
1768916022.6480813,-0.5818359109364994,6.402413060556732,6.428796623415827
1768916022.6681352,-0.5581956191156596,6.319929219121592,6.344532109139867
1768916022.687976,-0.5519497276247147,6.377460308850775,6.401300531360172
1768916022.7081716,-0.5435653358000767,6.330185294136463,6.353480080427182
1768916022.7279744,-0.5714616691459611,6.3350414229035525,6.360763968990435
1768916022.7479546,-0.5745919300396345,6.406439903002097,6.432155790778407
1768916022.7679389,-0.5582117673355764,6.352961797799747,6.3774386693636576
1768916022.7879586,-0.5334365037268824,6.3756199528002355,6.397896864286954
1768916022.8080382,-0.4528285115950954,6.34837825029218,6.364507841907042
1768916022.8281407,-0.4795553322830113,6.462689564453624,6.480457524219942
1768916022.847923,-0.6202599706409906,6.275152602981208,6.305732520641944
1768916022.8680718,-0.6227558828232738,6.338350212200675,6.368870253199961
1768916022.8879175,-0.46800452242727175,6.046905112069968,6.064988843138155
1768916022.9079351,-0.42132369778039447,6.055430849836309,6.070070546168359
1768916022.9280474,-0.40293598770719896,6.081594602861372,6.094928245987983
1768916022.9485781,-0.48745389320567334,6.006434674353567,6.026181941766961
1768916022.9678905,-0.48278317038019836,6.049978880746702,6.069211155255966
1768916022.9883358,-0.462014937719351,5.882798518910443,5.900913168041936
1768916023.0080156,-0.4650501988452618,5.937963741030654,5.956146831403737
1768916023.0279524,-0.6135855043711711,5.9181296105272665,5.949852540876458
1768916023.0480912,-0.5728017464786568,5.889880504458281,5.917667969527078
1768916023.0679464,-0.6163444122581758,6.0290201835448425,6.060442624768669
1768916023.0878606,-0.6194995658844586,6.083463461158754,6.114924970544175
1768916023.1079464,-0.5971673211836208,5.968124548513693,5.997926261305769
1768916023.1283906,-0.5795149526782968,5.986021635042784,6.014008030887389
1768916023.1480339,-0.5486091878838959,5.770718797085694,5.796737658033938
1768916023.1680946,-0.4553725360505947,5.661573644886916,5.679857417494498
1768916023.1879427,-0.44463359912798417,5.692502420972071,5.709840877839451
1768916023.208043,-0.5210946517934101,5.685474558533869,5.709304738045044
1768916023.2281513,-0.5192311301261796,5.734003906888278,5.757464873596898
1768916023.2479558,-0.5337541241564345,5.818813032659891,5.843242128656539
1768916023.2682543,-0.4322148060142439,5.9173248823613065,5.933088858423594
1768916023.2879636,-0.4124999106787097,5.89734334722049,5.911752255576659
1768916023.3079152,-0.40572513047751,5.949706369095354,5.963524021914795
1768916023.3279426,-0.34520410912546495,5.828174713528719,5.838389021671362
1768916023.3483486,-0.29509598859475794,5.786855681667855,5.794374886295867
1768916023.3679924,-0.29158863288909664,5.838704628705809,5.845981155640238
1768916023.3881729,-0.20180968671580501,5.726693075105907,5.730247876498737
1768916023.4079719,-0.17457340036413527,5.740520204825699,5.743174043516945
1768916023.427949,-0.238978599646126,5.756129011264203,5.761087741512555
1768916023.4480872,-0.20446940387218504,5.7514792311811185,5.755112603922498
1768916023.467946,-0.21893911461082105,5.754614046613846,5.758777401618502
1768916023.4880307,-0.21432620740393915,5.825328800857407,5.82927022544666
1768916023.5081935,-0.12221180289667011,5.774535988632188,5.775829084103474
1768916023.5279472,-0.12277349809308369,5.865866111178843,5.867150804786801
1768916023.5479903,-0.06344671335574859,5.838060963856768,5.838405715873458
1768916023.567984,-0.04049240539237431,5.871397384706311,5.871537012063415
1768916023.5881958,0.024827354968353532,5.700662755344147,5.700716818762588
1768916023.608481,0.056295107981700454,5.711469059071891,5.711746488764905
1768916023.6280763,0.05553066110880067,5.805726137460232,5.8059917014677245
1768916023.6480277,0.046212118578061734,5.746157675394648,5.7463434974251495
1768916023.6679437,-0.06703476213565907,5.57488162494188,5.575284637706778
1768916023.6879532,-0.08617390358852894,5.70839412245291,5.70904452591803
1768916023.7080367,-0.016915731774723497,5.622835740440712,5.622861185015945
1768916023.7281592,-0.028852104944109058,5.738949427330328,5.73902195268626
1768916023.7480066,-0.022600651040997732,5.580353495822212,5.58039926239715
1768916023.7686124,0.0036019304090597615,5.589844559134904,5.589845719623463
1768916023.7879932,0.04834925820699354,5.5659999697795195,5.566209959600409
1768916023.8080492,-0.01808711679147379,5.577384103898179,5.577413431529881
1768916023.827926,0.02188557128364188,5.544953556761827,5.544996747057301
1768916023.8480322,0.29431847573787806,5.748316546829347,5.7558462877071985
1768916023.8679996,0.3309370652338579,5.742520221728809,5.752048142888748
1768916023.8881576,0.26979237498341213,5.709256871134778,5.71562786981438
1768916023.9080393,0.2957230844060099,5.727226717103889,5.734856407248501
1768916023.9279497,-0.0254011954793274,5.491953738690738,5.492012480744282
1768916023.9478567,-0.005970455742941638,5.506167157852746,5.506170394798726
1768916023.9679956,-0.01032896927221394,5.540594490792058,5.540604118595871
1768916023.9879153,0.0089459224401498,5.555605749081821,5.555612951669626
1768916024.0081213,0.004264737594901646,5.639501321016278,5.639502933568799
1768916024.028081,0.30864952602131623,5.7179072402368165,5.726231547699219
1768916024.04793,0.27461268776697345,5.6820498537707635,5.688681979950976
1768916024.0684087,0.3512328130610758,5.618136892531007,5.6291053136523175
1768916024.0879388,0.3152397203767787,5.804050573499052,5.812605193976097
1768916024.108238,0.297331088983702,5.941294932572037,5.948730221844188
1768916024.127932,0.39393983338948146,5.770262997094824,5.7836946364735295
1768916024.1482615,0.4908597087685216,5.653309666447125,5.674579582527398
1768916024.168023,0.5317587573239138,5.622147881157705,5.647239517994322
1768916024.188098,0.5563476650667774,5.638460647139787,5.665841613897205
1768916024.2080865,0.419878717532864,5.5994243331034745,5.615144788835666
1768916024.2282703,0.45741994326997215,5.553939744309902,5.572744358745182
1768916024.2479491,0.4416779498911616,5.672128726093255,5.689299051446702
1768916024.2680242,0.6314980171269617,5.714697748235581,5.749483463696901
1768916024.287964,0.6185594467546913,5.833922491741935,5.866623170855777
1768916024.307999,0.7296860237530858,5.812278019529926,5.857902138954808
1768916024.3279324,0.7358898652420329,5.880889696478647,5.926752695693878
1768916024.348074,0.6366574733271335,5.724320834119804,5.759616458609144
1768916024.368055,0.6670576909401191,5.712703661726246,5.7515171120099104
1768916024.3879392,0.6512097019600525,5.603209835047613,5.640924971270332
1768916024.4080317,0.6899975097480713,5.563016583501845,5.605644483177209
1768916024.427997,1.6336766333578439,3.403153195556104,3.774963710395524
1768916024.4483924,1.6903577208751237,3.320236307526287,3.7257587633041855
1768916024.4681544,1.7491684891614092,3.155746037365877,3.608091386845079
1768916024.488753,1.5650585612343058,3.193139609903233,3.5560580518919775
1768916024.5079596,1.5918024932310217,3.1725933819173866,3.549532919194087
1768916024.5280445,1.579290611067389,3.2539298504647407,3.6169349325017026
1768916024.548146,1.3990313792324471,3.1500904535770697,3.4467896172807575
1768916024.5681612,1.453013153658496,3.027025445461129,3.3576971680265855
1768916024.5881784,1.4437982870867074,3.0805960370245336,3.4021501197221986
1768916024.6082842,1.2729997625950844,2.985001625392657,3.245113726691862
1768916024.628329,1.2459347112836845,3.0662167384238197,3.3096885641661156
1768916024.6480112,1.2479487207706264,2.969121724808815,3.2207234942485696
1768916024.6679413,1.2874495360611142,2.8827260628670386,3.157156293476279
1768916024.6879277,1.3574075135641621,2.938401664122088,3.2367822752844986
1768916024.707944,1.32536559120474,3.024729496762623,3.3023601376796203
1768916024.728175,1.1570761201411948,2.9418733354426454,3.1612408749713197
1768916024.7483497,1.1053603261262133,3.0587490074154493,3.2523479120381396
1768916024.7680085,1.3872435753491565,2.8974320095533015,3.212406728191745
1768916024.7879694,1.3490426176884895,2.9867735956371275,3.2773056763040804
1768916024.8080075,1.2497361126263762,2.995468742674368,3.2457161520289546
1768916024.82798,1.2499553252557334,2.834393523895852,3.0977693528469663
1768916024.8480003,1.2169041225543857,2.892950136309634,3.1384735357596676
1768916024.8681405,1.1825907168324292,2.9504219128229123,3.1786019359466593
1768916024.887934,1.4350997701040278,2.8272815229465285,3.170651693287592
1768916024.9081204,1.505103154034824,2.699431245233236,3.09067380226821
1768916024.9280748,1.4984589038821206,2.7001289897874616,3.088053699033465
1768916024.9480433,1.5217025525821875,2.7357798274713616,3.1305063365108174
1768916024.967931,1.5122813983731511,2.7401392928316666,3.129753723855198
1768916024.988098,1.6071872654858907,2.719576639949363,3.1589789500562175
1768916025.0082262,1.65759484998285,2.603568858328976,3.086452897218766
1768916025.0282454,1.6991890061852963,2.7008683750282465,3.1909141727675308
1768916025.0480678,1.6408601534337848,2.802795664080864,3.2477816394759724
1768916025.067942,1.8842858847007307,2.682357145267275,3.278044104347716
1768916025.0883684,1.7808993566334053,2.86853923973663,3.376406357114925
1768916025.108035,1.8852866320814847,2.6524625030502307,3.254206971781703
1768916025.1279614,1.7733817317440668,2.842783439570929,3.350567183445559
1768916025.1480255,1.8253437716620944,2.7261184509023737,3.28079284519702
1768916025.1681604,1.9267494537743026,2.821524332953743,3.416630360321356
1768916025.1879795,1.5798083285523496,2.5466244252544143,2.996846729191492
1768916025.2080991,1.5564736235295271,2.5483724372799186,2.9861031830516387
1768916025.228213,1.6636214761347112,2.428019779890076,2.9432832801811806
1768916025.2480662,1.637913701601807,2.432149731376776,2.9322540152127092
1768916025.2681036,1.8047796125159792,2.510164553707252,3.091626681286351
1768916025.2881155,1.797833396288901,2.485248915719308,3.067355064855662
1768916025.308376,1.7353596835825797,2.6849311730038448,3.196924871680852
1768916025.3289938,1.706693430878051,2.692023593390001,3.187443096648269
1768916025.3479645,1.8301365978871402,2.4615811355481796,3.0673737388542306
1768916025.368047,1.7818417984914667,2.4908458186917724,3.062559891225899
1768916025.388373,1.74982031648333,2.4503822850865227,3.0110205052512793
1768916025.4079394,1.6754809235680135,2.5079137664246822,3.0161014215478166
1768916025.4280849,1.777376826565817,2.446522240694028,3.0239939579674595
1768916025.4479582,1.9836851431147409,2.2537130214561234,3.002370585070244
1768916025.468132,1.9754773251446025,2.2046519165822414,2.9602366012618355
1768916025.4879615,1.9996679448119963,2.086194691374091,2.8897889507412255
1768916025.507968,1.9889996381546098,2.0355291996833174,2.845961820429532
1768916025.5280714,2.042557039495577,1.8957960118867643,2.786769057219973
1768916025.548257,1.7883374952588476,2.0976583704145035,2.756505330290279
1768916025.5679944,1.6963493921007853,2.0680351879157453,2.6747655595469326
1768916025.5881946,1.719506676730152,1.9624555635021874,2.6092019948712784
1768916025.6080008,2.0774300605769405,1.964566203841697,2.8592369656720806
1768916025.6283708,1.9954333899413257,2.0002142271198107,2.825351547695478
1768916025.6479974,1.8177389298771054,2.141904654097768,2.809257973991788
1768916025.6682084,1.6348594263802028,2.2910287049005387,2.814529777902953
1768916025.6879454,1.6721861004988519,1.9679360002106794,2.5824365346754923
1768916025.7080097,1.6011000023464277,1.9683631312092231,2.5373164236684214
1768916025.7280047,1.9277639760843464,2.2937014720270668,2.9962210182607794
1768916025.7479973,1.747165229767866,2.437151412051664,2.998715282479352
1768916025.7681508,2.1222106974068353,2.2195362578419875,3.070849954664542
1768916025.787936,1.9935218132379475,2.308632446681493,3.050231629520304
1768916025.8079963,1.9558281064499603,1.9517773684542608,2.7630958141168174
1768916025.8279164,1.8488348432831891,2.0087935750465924,2.7300992481751365
1768916025.8482232,2.000268299525345,1.7590533513189435,2.6637083103959456
1768916025.8679597,1.9865434969744165,1.7072051262996837,2.619332817462352
1768916025.8879306,2.0714591507234132,1.8573571098104704,2.782214665779632
1768916025.9082346,2.0392236196468474,1.8315729572494526,2.7410020920555853
1768916025.927949,1.9333472209267413,1.89432679015572,2.7067148842400868
1768916025.9481897,2.0871438961397466,1.5306315914413986,2.5882431709388958
1768916025.9679205,2.2663318697737687,1.874442946089271,2.9410536380855232
1768916025.988172,2.184553008920563,1.603680467308081,2.709993153129607
1768916026.0080445,2.11310049735026,1.6308852568733094,2.6692658977682675
1768916026.0280519,2.2599517252236545,1.8605254399241744,2.9272746220582744
1768916026.047981,2.240680655863766,1.8364697685362508,2.897114255998487
1768916026.0680609,2.2447527689509457,1.7852850311892006,2.868127897479672
1768916026.0880046,2.089065445627618,1.4830091832383232,2.561934947199971
1768916026.1081536,2.301853661119093,1.4572432947042202,2.724350986412688
1768916026.127946,2.30752452464014,1.403888350354034,2.7010316421833114
1768916026.1479871,2.9185711239211187,1.4849820704714354,3.2746342017098358
1768916026.1679866,2.912843092518795,1.4637457415018034,3.2599396432141377
1768916026.188032,3.1999332001987355,1.2268110664706953,3.427045065147099
1768916026.2079678,3.0855445884668065,1.346254389269923,3.366450101820214
1768916026.2279742,3.689859774310033,1.1109862903517396,3.8534861737679567
1768916026.248126,3.657917384124868,1.1415323482367086,3.8318997496220764
1768916026.2680714,3.0609028451372637,1.1827714403239717,3.281474441073012
1768916026.2879622,2.972508147217969,1.2766305044123278,3.235056433831298
1768916026.3079596,3.1897481797989293,1.0108217429626798,3.346080400494987
1768916026.3281038,3.8992705721086978,0.8513548685282828,3.9911296780084333
1768916026.3479826,3.9432301291465777,0.7923296491279714,4.02204551494592
1768916026.367959,3.9078507229985533,0.9134906468908532,4.013198529252868
1768916026.3879504,3.9278875960032344,0.8875533083766065,4.02691592189933
1768916026.407975,4.496236338623074,0.5799384697518377,4.533483190820578
1768916026.4280038,4.637576500998733,0.4041516649672978,4.655153528178366
1768916026.4481006,3.6306273747921907,0.9010247691490427,3.740762057283318
1768916026.468065,3.6853677297979175,0.8232108879736799,3.776190073329767
1768916026.4880707,3.914443596165782,0.4299217521659102,3.937981891851295
1768916026.5084288,4.0236176444738305,0.27933777410421,4.033302436089145
1768916026.5280008,3.5241100510129044,0.9490284722001441,3.6496584350726184
1768916026.5480855,3.6459932750700403,0.7824580137939101,3.729008917287041
1768916026.567985,3.5544925318931604,0.9023965962462093,3.667251937923136
1768916026.5886586,3.6804434829937094,0.7307091514108173,3.752279320022216
1768916026.6080043,4.024535590586726,0.7764393166284513,4.098749166795366
1768916026.6279526,3.959479129430843,0.8748825374801505,4.054983900188278
1768916026.6480072,4.315274130562194,0.39032945502253114,4.332891402442194
1768916026.668024,4.280472581355333,0.45114417153261854,4.3041812907035695
1768916026.6881254,4.573688590225295,-0.024442504616875027,4.57375390203594
1768916026.7080915,4.7040400734627,0.17147436899576718,4.707164376985943
1768916026.7281888,4.761382291361755,0.11368875554562052,4.762739385860917
1768916026.7480586,5.096552021097054,0.010991600617778374,5.096563873732243
1768916026.7680597,5.20304214699258,-0.10766835894322213,5.204156037139805
1768916026.7879343,5.26819041448217,-0.16705626190213252,5.270838456819042
1768916026.807926,4.487513773485759,0.27248931234056073,4.495779164123192
1768916026.828007,4.39440327730707,0.34098533103482254,4.407612864078247
1768916026.848036,4.4249584976763074,0.32010575231687355,4.436521768099883
1768916026.8682725,4.804099858259946,-0.024669989942250226,4.804163200447814
1768916026.8880913,4.802085241243354,0.008994267544743195,4.802093664331831
1768916026.9080298,4.222102429438792,0.23261457771987892,4.228505464870626
1768916026.928065,4.271878982869218,0.1796572383174606,4.275655127294483
1768916026.9479415,4.381295806102678,0.15349249528919273,4.38398367773912
1768916026.969286,4.739325888665967,-0.23117204160546478,4.744960525842074
1768916026.9879436,4.7866647066573265,-0.2746321632960793,4.794536665734819
1768916027.008077,4.906543853519004,-0.42555698382996,4.924964094589074
1768916027.028054,-13.50170736486529,8.599485023160028,16.007724523804477
1768916027.0484617,-13.796381772413337,8.7122143120142,16.31694910909034
1768916027.0679188,-14.407943667972908,9.281239246391504,17.138560111288186
1768916027.0880666,-14.579005433820356,9.345714677330758,17.31732607158042
1768916027.1079586,-14.949676187411573,9.589363614063767,17.760875897071934
1768916027.128036,-14.988657193471152,9.7052812187079,17.85643659853776
1768916027.1479526,-15.370777508845357,9.980382889356033,18.326724853191227
1768916027.1679902,-15.771005823681843,10.287013009189625,18.829425411887723
1768916027.1881819,-15.674784501582,10.40016036316526,18.811225498371684
1768916027.2080264,-15.841257597201984,10.523971223638029,19.018396687861753
1768916027.2279575,-16.11440404910902,10.644918946709165,19.312905458266734
1768916027.2480006,-16.11176881097071,10.735893224547898,19.36100455934717
1768916027.2680192,-16.36012826736467,10.826302058826755,19.61791561796464
1768916027.2881129,-16.309591626230834,10.965921303650578,19.653351089630405
1768916027.3080168,-16.570580863119602,11.089457902405695,19.938912375313095
1768916027.3281696,-16.70474398296528,11.258321723196982,20.14443544901231
1768916027.3486636,-17.0377270337515,11.504686751449462,20.558257701605054
1768916027.368431,-17.070885656970887,11.663266099185378,20.674789314858355
1768916027.388001,-17.220691682544707,11.769260177051287,20.858276705911965
1768916027.407997,-17.524077840649834,11.98630434835782,21.23122219978436
1768916027.4279535,-17.75375862902948,12.078113131599864,21.47269806702371
1768916027.4479647,-17.654383385865998,12.197109784934973,21.45802273838151
1768916027.4681568,-17.841960048789502,12.430842597177872,21.74537619951452
1768916027.488043,-18.134169383865327,12.650673641363294,22.11080375795965
1768916027.5083034,-18.290433990784862,12.973043023155288,22.424090190058912
1768916027.5281858,-18.62857957601999,13.291010403592427,22.88394490835248
1768916027.5479357,-18.71715322352145,13.311116874855735,22.96775255110627
1768916027.5679872,-18.927117212830627,13.404627843400377,23.193098404661118
1768916027.5880222,-18.920318832939614,13.582498510348458,23.290829322368655
1768916027.6080759,-19.107211591271096,13.646202708022486,23.479871872351534
1768916027.6279976,-19.19731391445951,13.888272097889136,23.694323442447278
1768916027.6480734,-19.36299003580679,13.920379963852518,23.847481239426095
1768916027.667945,-19.513906873497753,14.282413718976994,24.182222873581434
1768916027.6879323,-19.714813196295193,14.408708827188764,24.418942430652532
1768916027.7079365,-19.98255591656192,14.668343120882493,24.78836079434186
1768916027.7279456,-20.096733495363353,14.930988341342882,25.036235939792874
1768916027.7480116,-20.3572196126903,15.192007405924677,25.401052721904517
1768916027.7679877,-20.483016549556194,15.37611272669696,25.612083272422122
1768916027.788032,-20.69268069624837,15.539212530756917,25.877676875502615
1768916027.8084288,-20.76596022932115,15.58750942566174,25.96527593423265
1768916027.8281746,-20.954645350328164,15.718885668106982,26.195047783981018
1768916027.8479786,-20.92269499978768,15.89837135023441,26.27769734288175
1768916027.8679802,-21.106944723895978,16.031817342613415,26.50513691503065
1768916027.888008,-21.139802942963684,16.207680518793417,26.637946172079626
1768916027.908278,-21.306021826676677,16.30896719490432,26.83149226269922
1768916027.9280381,-21.365658766550027,16.549419655265524,27.02544477811133
1768916027.9481626,-21.60259417908589,16.85329336399699,27.399006779064464
1768916027.9680486,-21.754624684332402,17.104425511471995,27.67354453686153
1768916027.9879847,-21.911043112371967,17.351655389560804,27.949485773986925
1768916028.0081193,-22.062935978731343,17.45473171085099,28.132557706319293
1768916028.0280948,-22.24800462883265,17.658122027387893,28.403925494527698
1768916028.048058,-22.302128324670193,17.966698143966454,28.638910070155674
1768916028.0682533,-22.478001452515254,18.067249063968355,28.838967353890176
1768916028.0879843,-22.62024929440376,18.166857283265067,29.012245374867057
1768916028.108035,-22.605188217737055,18.33416812995916,29.105605222653047
1768916028.1280673,-22.753506451254403,18.467488800195966,29.304781152785278
1768916028.1481528,-22.77691520956479,18.60144921554464,29.407512295027445
1768916028.168156,-22.957663121224392,18.865861687545475,29.714895813400098
1768916028.1879663,-23.0611049334156,18.8677622867264,29.79609059018348
1768916028.2080219,-23.196630006347963,19.017382476166503,29.995741029289597
1768916028.2279265,-23.285491624333556,19.18009932591613,30.167703431632255
1768916028.2480538,-23.461764982865613,19.4694423936877,30.487925531796073
1768916028.26814,-23.49837318430885,19.49241781244308,30.530769634647164
1768916028.2879565,-23.681790056441585,19.843521781868468,30.896480980604633
1768916028.3079467,-23.78632956675549,20.063886532424128,31.118306783054518
1768916028.3279862,-23.93046871602884,20.2825201031038,31.369538643429948
1768916028.3482652,-23.957245363657837,20.464781817674613,31.508045008529653
1768916028.3679981,-24.07151635277203,20.586153544132515,31.673768599021667
1768916028.3881075,-24.181621123738882,20.676750771881917,31.816329496888446
1768916028.4081151,-24.18660061825674,20.7946825618344,31.896872453494826
1768916028.4279623,-24.30442808140519,20.94799890098394,32.086194575234714
1768916028.4480655,-24.367731369935722,20.972402809666978,32.150085718832486
1768916028.4682753,-24.47255179605996,21.060656699800653,32.287103494084064
1768916028.4879706,-24.483900218250128,21.242662193446822,32.41468906162951
1768916028.50787,-24.61232510246429,21.516407922555906,32.691319288753405
1768916028.528017,-24.659156443359088,21.68389403933719,32.83694957220084
1768916028.5480547,-24.790689895791097,22.04501788072184,33.174706010311894
1768916028.5680487,-24.879286414401747,22.101657765283605,33.27855418228918
1768916028.5879533,-24.87542702098244,22.519748529829403,33.55481997154771
1768916028.6080208,-25.026864514166004,22.444113981685792,33.61669525449111
1768916028.6279516,-25.138204972344806,22.79501201270785,33.93437669813778
1768916028.6479545,-25.15945871851328,22.919176490984,34.03361594120506
1768916028.6689413,-25.24065955718692,22.971674854916557,34.129001458024185
1768916028.688144,-25.2599817856641,23.07701864635596,34.21425827657736
1768916028.7083275,-25.348555607521728,23.088711975507024,34.2875763517275
1768916028.7280638,-25.42821347136261,23.19953123506054,34.421102391872004
1768916028.7481008,-25.421162493598427,23.5404758396922,34.64663771977113
1768916028.7680283,-25.494615461247513,23.621675554573294,34.755704186829625
1768916028.7880359,-25.522949777451327,23.759325088044147,34.87013756757588
1768916028.8080714,-25.59608650391509,23.981527873534695,35.07525229367603
1768916028.8286812,-25.62914028142393,24.21133874086808,35.256797290593006
1768916028.8482764,-25.69355964809624,24.374292920346157,35.415606203439694
1768916028.8680148,-25.748528072002856,24.547031865346522,35.57447780745427
1768916028.8880017,-25.807068662222015,24.733442365076016,35.74560062669501
1768916028.9079685,-25.87253492790682,24.78934164820018,35.83154368635198
1768916028.927916,-25.93230197103232,24.86269646986137,35.92545004964118
1768916028.9481223,-25.993140703224256,24.90792307013667,36.00066659501543
1768916028.968111,-26.056838717029912,24.89860844705467,36.04024897978719
1768916028.9879794,-26.114159576964873,24.97089706784142,36.13163476489706
1768916029.0081193,-26.173699160251374,25.01463801429872,36.20489804871355
1768916029.0281403,-25.935772695578414,25.489770640600632,36.36471796435574
1768916029.0479815,-26.00471803766335,25.524375098762597,36.43815423976228
1768916029.0695097,-26.036330332388218,25.77738396637483,36.638286277160354
1768916029.0895863,-26.096897421475095,25.71961782119033,36.64078050335561
1768916029.1081293,-26.12701649259752,25.897316982979337,36.78711755113973
1768916029.1283634,-26.18609096970196,25.86352948993993,36.80534632292568
1768916029.1479979,-26.214197089815734,26.03733574767567,36.94762484789642
1768916029.1679826,-26.256481210627452,26.106206719606874,37.02616419305245
1768916029.1879628,-26.249053892199594,26.45184467166466,37.265438636482905
1768916029.208211,-26.28494426002002,26.425508787009388,37.27205131737009
1768916029.2279894,-26.17149563895206,26.82007737191658,37.473507097885545
1768916029.248213,-26.24698473070635,26.85298476989275,37.5497935880615
1768916029.2680273,-26.25492711078587,27.012936143498944,37.6698807628247
1768916029.2880907,-26.288209458270302,27.069724906769842,37.733803983299744
1768916029.3079612,-26.30461256747558,27.17714352850424,37.82234488624303
1768916029.3280451,-26.28686133721906,27.294088849517337,37.894146844697914
1768916029.3480282,-26.29937747190084,27.39975284258188,37.978990392638124
1768916029.3685324,-26.32288446703776,27.38244581356427,37.98279328061328
1768916029.388012,-26.331052614034668,27.488296405131916,38.06482327582055
1768916029.4084365,-26.37077391005989,27.460074179380868,38.07195018058039
1768916029.4279652,-26.361620718542625,27.608941052099734,38.173140726518874
1768916029.4479544,-26.35405400986265,27.682358351910743,38.22105606440461
1768916029.4680085,-26.32584559621487,27.87065123174169,38.33827521468761
1768916029.4895415,-26.335677819668618,27.883649302759114,38.35447594037291
1768916029.508522,-26.293678687588613,28.09084100358326,38.47665379440819
1768916029.527953,-26.250726874525665,28.259485732688237,38.5707038478293
1768916029.5486288,-26.21813335961808,28.450597160129224,38.68884846607187
1768916029.5680616,-26.20065138540304,28.562914176927748,38.75969813218315
1768916029.588019,-26.21645392969864,28.636129488024523,38.824352778931406
1768916029.6079395,-26.187033799008262,28.762312163230398,38.89770353331302
1768916029.6279664,-26.196788922490388,28.768811052741146,38.909076566243975
1768916029.6480622,-26.164010420865885,28.89170530972563,38.978020434691224
1768916029.667971,-26.173708335075386,28.922609713327105,39.007439811387755
1768916029.687964,-26.137124914526645,29.04152461673019,39.07120999996948
1768916029.7079394,-26.12922570585412,29.08807432071334,39.100543521475636
1768916029.7279613,-26.110603586029328,29.165390222994006,39.1456716187918
1768916029.7479575,-26.037386096785653,29.305940968665915,39.20183223794544
1768916029.7681227,-25.96904845987081,29.45231253028979,39.26614561289386
1768916029.7879891,-25.97890026777148,29.46926043753661,39.285373485028465
1768916029.8081758,-25.962752584342,29.530061230282694,39.320338732264275
1768916029.8279579,-25.922894318460155,29.613438377226046,39.35672982309148
1768916029.8479414,-25.80199303683193,29.811178843937896,39.42650414046335
1768916029.8679273,-25.790446186941605,29.8520243605728,39.449847565558
1768916029.887958,-25.682367837735203,30.010673762701543,39.499677941016664
1768916029.907983,-25.74097456031405,29.966582701060872,39.50435229306077
1768916029.928246,-25.684132390522173,30.05328152749995,39.533206133895085
1768916029.9480684,-25.65422867514207,30.09589769805522,39.546207241254976
1768916029.9681096,-25.582692618432315,30.19687831091846,39.57683187590448
1768916029.9878836,-25.55515972751439,30.2465194353219,39.596945925791786
1768916030.0079994,-25.560023769294094,30.252713677460456,39.60481662547223
1768916030.0280359,-25.447082656056196,30.381172443949296,39.630413255139544
1768916030.0480347,-25.34906683661859,30.502860732180363,39.66106027748309
1768916030.0680728,-25.38800075603585,30.476696642942155,39.66584955165335
1768916030.0882947,-25.266809642142253,30.61686854931513,39.69640171675884
1768916030.1080754,-25.341086093889295,30.545531124978492,39.68879081207866
1768916030.1282203,-25.20923453552115,30.68947755488109,39.71586003674681
1768916030.1480246,-25.12464582437648,30.78986148915876,39.73994713536922
1768916030.168013,-25.01723086004529,30.899037631036723,39.75691595721461
1768916030.1879313,-25.021910422618543,30.895029025124828,39.75674558689194
1768916030.2080023,-24.96247742752663,30.96575217212391,39.774402407895124
1768916030.2279599,-24.942724087641075,30.980496990174206,39.77349216086492
1768916030.2479742,-24.92289434889357,30.996664919642427,39.77365835407528
1768916030.268092,-24.91132022396794,31.021790829251426,39.78599479157084
1768916030.2879822,-24.854047984571807,31.070159884255077,39.78791947881381
1768916030.3080196,-24.817614789580386,31.1056305721817,39.792892042889314
1768916030.328022,-24.784736473243328,31.12933020221221,39.79093314922985
1768916030.3480277,-24.69834558783958,31.212078520539208,39.802036635688125
1768916030.3687952,-24.640676289570816,31.253171183551956,39.79853812686868
1768916030.3879917,-24.597660397576817,31.279551508745094,39.792653086000136
1768916030.408306,-24.552609688124086,31.31693513872045,39.794234117271166
1768916030.4280457,-24.485083781186518,31.356850651898018,39.78405975484604
1768916030.4480522,-24.45574396657128,31.37431623155064,39.77978295511213
1768916030.467912,-24.35515872731296,31.43075327569886,39.76262073996712
1768916030.4880126,-24.360420994283047,31.412990764606324,39.751806245703456
1768916030.5079336,-24.241133292058446,31.50470522266341,39.75146531198894
1768916030.5280817,-24.267624804080818,31.474322734168585,39.74356055018524
1768916030.5479364,-24.215397365839188,31.490623275489064,39.72461231861508
1768916030.5684347,-24.244559770962045,31.45591652012856,39.71490101472051
1768916030.5879533,-24.139186431106918,31.530966714105546,39.71022769365303
1768916030.608005,-24.127194148917205,31.53432172955765,39.705603438844705
1768916030.6282978,-24.076924387573555,31.544731857721356,39.68335162181333
1768916030.6480403,-24.02526961146308,31.588773773217802,39.687078607514366
1768916030.6680872,-23.96381500867743,31.603308970986497,39.66148720970696
1768916030.6879625,-23.92598106401281,31.62725769295945,39.65773567732231
1768916030.70794,-23.854986027227334,31.643490876512004,39.62790523370003
1768916030.7279327,-23.83543999419041,31.645449670222924,39.617706704796326
1768916030.7481453,-23.725628209008484,31.67541330145636,39.575715302824
1768916030.7680929,-23.79916580615703,31.6054676608927,39.56394670824295
1768916030.7880402,-23.693570503186134,31.628153072039634,39.51867090297727
1768916030.8080647,-23.691961140943473,31.630727477178162,39.519766490194364
1768916030.828019,-23.65921626050113,31.620160997323772,39.4916838784805
1768916030.8481827,-23.61242637957835,31.67344651167728,39.50637788331258
1768916030.8679876,-23.64778386995069,31.636327151236035,39.49778319830031
1768916030.8882532,-23.693709518094366,31.594752037586392,39.49202738584593
1768916030.908347,-23.589940963456172,31.68415995508518,39.501535498240706
1768916030.9281511,-23.622374301236654,31.64971049436676,39.49329996347425
1768916030.9481845,-23.665312349661704,31.610851275812323,39.487883293341724
1768916030.96808,-23.589791490364227,31.676095971651918,39.494978396805884
1768916030.9880254,-23.630708529857316,31.639104417544168,39.48978746419553
1768916031.0082946,-23.651772660548684,31.609832717300673,39.47895482914929
1768916031.0281918,-23.68258431197595,31.57684764020246,39.47102869936897
1768916031.0481858,-23.55782987734124,31.689825637518883,39.48691425606844
1768916031.0679812,-23.585474098879065,31.659665518266237,39.479222499909895
1768916031.0882857,-23.61370936521095,31.628992809647578,39.47151449003939
1768916031.1080172,-23.65109054271159,31.595201339068726,39.466832043069175
1768916031.128122,-23.67899482187009,31.564786292197873,39.459226163804495
1768916031.1481214,-23.57862312232398,31.650851153998936,39.468061101569035
1768916031.1681123,-23.613993228112808,31.61888644283946,39.46358645717004
1768916031.18803,-23.63941192815935,31.590740164285563,39.4562626263133
1768916031.208068,-23.580824023668768,31.640623844238068,39.46117508245035
1768916031.2279665,-23.60476323514338,31.613836523792266,39.454017629897194
1768916031.2480323,-23.63856194899894,31.583332591296887,39.44982266866528
1768916031.2679913,-23.55989260906697,31.649270109082643,39.45560591587006
1768916031.2881584,-23.582043643627745,31.624080978409,39.44864104299328
1768916031.3080778,-23.529559692396003,31.661114889699384,39.44700717895809
1768916031.3280525,-23.43589070108632,31.6774173705939,39.40431123905186
1768916031.3481994,-23.391193680711787,31.704291597533814,39.399366080052914
1768916031.367939,-23.300662302286618,31.716295277127518,39.35535859106282
1768916031.3880136,-23.302407566602266,31.695460790386974,39.33960387592891
1768916031.4084775,-23.2440199976611,31.693873582537034,39.303766846417
1768916031.4280515,-23.166754688893608,31.71259498351144,39.27323775045303
1768916031.4482276,-23.10317024365174,31.709580992982854,39.23332769543892
1768916031.4680626,-23.030034724139643,31.742392625265175,39.21685847912307
1768916031.488002,-23.024693401396785,31.71359194652751,39.19041235275765
1768916031.5079277,-23.014349622714647,31.696076363851304,39.170161416818786
1768916031.527869,-23.004406896496096,31.678181624629488,39.14983943393089
1768916031.5479133,-22.96012665019856,31.698865014095333,39.14058582820389
1768916031.5680041,-22.962863510300938,31.677962749719033,39.12526580823825
1768916031.5881875,-22.94600500518057,31.660913257491934,39.101567410990064
1768916031.6080854,-22.89367624578738,31.698796894370904,39.10158739229787
1768916031.6280925,-22.876501195250448,31.682191312389026,39.07806997909587
1768916031.648035,-22.890010268236352,31.660293224678824,39.068231815025996
1768916031.6679523,-22.865674272361396,31.66464707386113,39.05750803932468
1768916031.688076,-22.84203700297191,31.648476516465948,39.03056136232779
1768916031.70804,-22.72930865241551,31.70013239335445,39.00666437383452
1768916031.72796,-22.73183146804069,31.664841362134776,38.9794604937083
1768916031.7481353,-22.676400163435456,31.65059626736479,38.935579724103015
1768916031.7679417,-22.574511916293332,31.719866798775378,38.932743776812366
1768916031.7882457,-22.540825838276902,31.703196163479674,38.899633371686214
1768916031.808256,-22.534959407049328,31.693732775864238,38.8885213494323
1768916031.827966,-22.483880379471536,31.677277882785834,38.84552498012632
1768916031.8481457,-22.530734957013962,31.62840809699813,38.83284970812041
1768916031.868061,-22.489388934923895,31.609416168648792,38.79339898989406
1768916031.8880727,-22.524605379487166,31.56979561764718,38.78156576057286
1768916031.908014,-22.486515980751776,31.548752203700808,38.74231751667834
1768916031.9279873,-22.501901102753774,31.526828677958243,38.73340263554755
1768916031.9479206,-22.40148665203639,31.556115610668474,38.699031469214304
1768916031.968004,-22.40298111258457,31.55288725831578,38.6972642064889
1768916031.987998,-22.35751509559517,31.530171173501053,38.652427808354325
1768916032.0080369,-22.27558627864717,31.565251246590535,38.63375247523646
1768916032.0279841,-22.23826613802239,31.541820809060805,38.59309447007864
1768916032.0480707,-22.25599955350009,31.511174069408117,38.578278957956826
1768916032.068007,-22.241440823792338,31.48796719531259,38.55092434704177
1768916032.088076,-22.19055239982552,31.521034204799854,38.548621416978904
1768916032.108147,-22.176040497405193,31.498274199506834,38.52165689180403
1768916032.1282456,-22.135447412004567,31.535770062649874,38.52898682257222
1768916032.148086,-22.120441944110336,31.513773278588825,38.5023617205108
1768916032.168199,-22.119997577602366,31.493186567678727,38.48525812593381
1768916032.1880696,-22.09432877499463,31.477016309735397,38.45727395150239
1768916032.2082872,-22.11033985486513,31.44057311897265,38.43665914913916
1768916032.2279246,-22.076711614793005,31.413913998906985,38.39551000382025
1768916032.2479706,-22.092108974466072,31.3897071369671,38.384567121230475
1768916032.2679846,-22.053131554768946,31.360858371195047,38.33854521431532
1768916032.2880409,-22.06252471381236,31.341783586845853,38.328349757748
1768916032.3079324,-22.030601217239884,31.313128085018526,38.28654307275374
1768916032.3280835,-22.031679605852542,31.297307276561863,38.27422564884195
1768916032.348326,-22.032564149541436,31.274834940684197,38.256361347764106
1768916032.3680272,-21.951309801969323,31.323918436121076,38.24980873435579
1768916032.3884616,-21.9513252019684,31.30304754110503,38.232727649008446
1768916032.408073,-21.948592174081387,31.292171678414118,38.22225407763767
1768916032.428083,-21.949164721550318,31.271753152968923,38.20586836120822
1768916032.4479766,-21.916548074864238,31.282979705501255,38.196333577617615
1768916032.4682128,-21.92417973735004,31.264603093453367,38.18566568421721
1768916032.48808,-21.87264266640461,31.27323611138736,38.163173270717486
1768916032.5080845,-21.877295899208324,31.255382993660664,38.1512128502087
1768916032.5280092,-21.8989151577055,31.20276397534944,38.12053206325626
1768916032.5480254,-21.903321074200278,31.18461391067948,38.10820933654126
1768916032.5682065,-21.86218948249294,31.19616581633334,38.09404271810213
1768916032.5881279,-21.872387291136473,31.180605146353855,38.0871561435912
1768916032.6080482,-21.818251365796037,31.208689955444758,38.07910741333283
1768916032.6279905,-21.810347739752615,31.19642750666681,38.06452886491109
1768916032.6478887,-21.855324614883937,31.15941678921235,38.06001141179283
1768916032.6682537,-21.86700215544831,31.146665226914095,38.056281190151
1768916032.6880708,-21.877512068816525,31.13487982363102,38.05267764498523
1768916032.7079496,-21.888909260972007,31.123663973908855,38.05005660699939
1768916032.7283823,-21.88176846554557,31.12800556381707,38.04950093707894
1768916032.748053,-21.898337302316925,31.115432964809152,38.048749587779845
1768916032.7679865,-21.89673114614891,31.11811017306845,38.050014660049136
1768916032.7879906,-21.916888236032783,31.10512429137729,38.051001920222575
1768916032.808218,-21.929078896533966,31.10449083904456,38.057507164902674
1768916032.8280764,-21.946495537750074,31.09510882249149,38.05987991403904
1768916032.84787,-21.83044556091927,31.203072347891275,38.08149258282817
1768916032.8680868,-21.848808477136238,31.207956346947842,38.096023036841814
1768916032.8880737,-21.861552164779585,31.2153079125803,38.109354640699145
1768916032.907916,-21.887593696825533,31.22861860903444,38.135198676103016
1768916032.928047,-21.883141334991663,31.240961972679685,38.14275264929943
1768916032.9483707,-21.906101124268293,31.241893390763195,38.15669232397485
1768916032.967943,-21.946631288305742,31.22678981924272,38.16761752218759
1768916032.9881403,-21.969234486873745,31.22430721331772,38.178588565986665
1768916033.0081375,-21.95389671971586,31.246078016596485,38.187576155068875
1768916033.0279977,-21.978213834220337,31.246401441646082,38.20182569452953
1768916033.047976,-21.976340660190704,31.254185974714986,38.20711569531024
1768916033.0683765,-22.003277386304713,31.25054553525645,38.219639087644524
1768916033.0880675,-22.028936190308055,31.251791592969564,38.23543523287093
1768916033.10796,-22.055627851045177,31.253144004034112,38.25192452727958
1768916033.128025,-22.074839551341753,31.246178300019338,38.257315634713336
1768916033.1480966,-22.068586535537367,31.284524507865356,38.28503605012968
1768916033.1682568,-22.09883900094426,31.28184907156928,38.3002972119812
1768916033.1894093,-22.089896781129134,31.332045502061163,38.33615284746463
1768916033.208006,-22.132260592451313,31.34852603956597,38.3740412751318
1768916033.228553,-22.115742655937986,31.404823537567864,38.410532600439836
1768916033.2479682,-22.162490668109292,31.42340397289641,38.452650231913445
1768916033.2680497,-22.171994477048894,31.447878892540977,38.47812918958263
1768916033.2883103,-22.21912044982145,31.46544821381888,38.5196540075348
1768916033.3079884,-22.25769440063054,31.486108589186916,38.5587862117304
1768916033.328172,-22.29685191820849,31.497001924542857,38.590293283378585
1768916033.348094,-22.297799851176435,31.520645139380814,38.610140484151245
1768916033.3681054,-22.33376027414746,31.529863576651948,38.63844128773015
1768916033.3888404,-22.352569439587736,31.534131618607375,38.65279831385103
1768916033.408131,-22.384814097484956,31.54126133263054,38.67726811231962
1768916033.4282858,-22.409183852218714,31.542202989104972,38.692145072720415
1768916033.4485655,-22.3720731336531,31.616131473555868,38.73098792505418
1768916033.4679494,-22.413768419177327,31.631530929413323,38.76765099521691
1768916033.488366,-22.484858821762526,31.66090959955625,38.83274485412878
1768916033.5080993,-22.5191998854578,31.67096126296426,38.86083054698375
1768916033.5289052,-22.618016418970885,31.685426250996773,38.92994866983762
1768916033.5479736,-22.627054213210023,31.7247085316408,38.96717482426854
1768916033.5679984,-22.70205467144912,31.76271185474377,39.04168478271583
1768916033.588096,-22.728375153591635,31.767361537207165,39.06077695282098
1768916033.6081095,-22.749009290767074,31.851703106077544,39.14139004262772
1768916033.6279228,-22.79263645644986,31.87024606344506,39.18184350921256
1768916033.6481786,-22.78006229478502,31.91515781291371,39.21107670515403
1768916033.6679745,-22.854485803059248,31.957002262018456,39.28838905957954
1768916033.688496,-22.894779664228825,31.97215702210458,39.324162553316974
1768916033.7079194,-22.991375769168314,32.03094577776333,39.42822399217487
1768916033.727928,-23.020469665683294,32.05770527863588,39.46692908449457
1768916033.7479515,-23.087679245583523,32.09611246176816,39.53734143952293
1768916033.7681165,-23.092383690384406,32.12282630829881,39.56177643303023
1768916033.7879188,-23.216564541859228,32.2051796991355,39.70116457460567
1768916033.808133,-23.243460003492004,32.24903944821551,39.7524713479111
1768916033.8279774,-23.329331817798327,32.3048495028397,39.84797390666255
1768916033.8484223,-23.26958133614615,32.38311852970881,39.87655678802636
1768916033.8679135,-23.348614806117794,32.437220996312746,39.96662506802514
1768916033.8882532,-23.36977405867176,32.44417391843772,39.98463155767728
1768916033.9081638,-23.420178785242733,32.476333618132195,40.040192552096414
1768916033.9283223,-23.440392806635085,32.4849362420748,40.05899521432128
1768916033.9480214,-23.476824271124187,32.564149814386035,40.14455294297127
1768916033.968,-23.48827239962158,32.56765119100386,40.15408876338399
1768916033.988132,-23.57933527025498,32.63421556842011,40.26135960885082
1768916034.0083349,-23.599587558776534,32.64418087963625,40.28129936145021
1768916034.0279768,-23.713878053455723,32.73544778902827,40.42224083697445
1768916034.048106,-23.73933155264981,32.79427301954567,40.48481450429452
1768916034.0679915,-23.83487364073408,32.868311250090045,40.600826172660035
1768916034.08837,-23.874960916475143,32.90507686061338,40.654124538182955
1768916034.1085622,-23.971188804601304,32.982585678593736,40.773384097369444
1768916034.1281457,-24.048427316221748,33.04846275287696,40.8720900702655
1768916034.1481276,-24.127680334426753,33.11488116100266,40.972433569750436
1768916034.1679041,-24.192614104158736,33.17890351895972,41.062418534630645
1768916034.1880395,-24.22119626380121,33.20038604599491,41.09661764735233
1768916034.2079916,-24.28427548864142,33.26748482664925,41.18800289768331
1768916034.2280338,-24.32103176755951,33.297932216489336,41.234268225985986
1768916034.2480848,-24.35762705653949,33.34287423688002,41.29214523613253
1768916034.2679427,-24.42767435083459,33.407687322436495,41.38580489037402
1768916034.2882872,-24.478466254549147,33.472666192140515,41.468237148274916
1768916034.3079476,-24.539770206260478,33.530972576530445,41.551491473882216
1768916034.3282266,-24.567703712257586,33.55506106046154,41.58742825018851
1768916034.3480177,-24.656068170831112,33.668941669198404,41.73151483913034
1768916034.3681955,-24.716963954643795,33.729832507226504,41.816622389914684
1768916034.3880146,-24.78926533346929,33.8285683338952,41.93899988428622
1768916034.4086628,-24.84914981737981,33.90729491550715,42.03789831965633
1768916034.4279714,-24.90097060860883,33.96201953915874,42.112671589784
1768916034.4479501,-24.918420942959507,33.995612284885816,42.15008133936164
1768916034.4680188,-25.01959180513997,34.10899604897028,42.30134259765874
1768916034.4879546,-25.034961339864054,34.14486320204229,42.339354888503784
1768916034.5081134,-25.151959661714848,34.281409444206865,42.5186560030522
1768916034.5282364,-25.194647412594215,34.330272930790834,42.583305387763524
1768916034.5481098,-25.31041897624698,34.50224048961766,42.79044177800196
1768916034.568208,-25.333487481520258,34.54978022900693,42.84241942104836
1768916034.5881596,-25.405033750175985,34.64238415400108,42.959405486121035
1768916034.6081083,-25.444424830773013,34.6450999703918,42.98490091796537
1768916034.6279294,-25.515123833858365,34.73854742278711,43.10206748292193
1768916034.6480184,-25.519899363186802,34.75105373242645,43.11497418555614
1768916034.6679375,-25.611710974164957,34.877764945461834,43.27144816868333
1768916034.6883807,-25.613358775382768,34.876670141168056,43.271541085248174
1768916034.7079248,-25.637354204434374,35.07060547359696,43.44216038468066
1768916034.7286298,-25.68086395412019,35.13616234771947,43.520761458817894
1768916034.7480054,-25.762955016310652,35.27085219523131,43.6779448434825
1768916034.7684107,-25.791008564403747,35.31552140060672,43.73056339181852
1768916034.7879531,-25.880994643678623,35.461336380311884,43.90139247932522
1768916034.8080928,-25.909032223805045,35.50609090928031,43.95407196645433
1768916034.8280199,-25.9948207340345,35.65600990213049,44.1257492529636
1768916034.8480847,-26.020823570476665,35.70262977951454,44.17873959789881
1768916034.8679826,-26.11163585647466,35.78292652433302,44.29712584070155
1768916034.8881865,-26.118744580475038,35.794249102591266,44.31046250354932
1768916034.907861,-26.175378449906827,35.90069409854856,44.42983540092633
1768916034.9279823,-26.218561526868974,35.98454106945127,44.52302959724595
1768916034.948009,-26.26644632678348,36.08144910599363,44.62955491853135
1768916034.9682443,-26.307843238760782,36.16704593747886,44.72312408272612
1768916034.9880795,-26.348369891875063,36.25346967403151,44.81685686619478
1768916035.0081177,-26.392343007281845,36.35390186569084,44.923957420003624
1768916035.0278966,-26.40931022842007,36.39134804493466,44.96422888550968
1768916035.0483146,-26.46851709108122,36.531283223905646,45.11227162298601
1768916035.0678992,-26.605724171870023,36.56245277799058,45.21811044097729
1768916035.0880919,-26.662819232030316,36.70476383768597,45.366789811273016
1768916035.1079967,-26.68437347328694,36.75590310013119,45.420834430557235
1768916035.128037,-26.733635122744538,36.887778270852124,45.55650812601412
1768916035.1483178,-26.772149055358938,36.99421031077458,45.665299315346395
1768916035.1680253,-26.847664490196298,37.123647784304616,45.81443346142406
1768916035.1880085,-26.90084206257599,37.1685397048215,45.88197519140332
1768916035.2081697,-26.92465912530124,37.23563680802827,45.950298339761154
1768916035.228056,-26.94382534233198,37.30614525835692,46.01867227675867
1768916035.248093,-26.98111361038258,37.43131347374719,46.14199518904986
1768916035.2681973,-26.984466052005555,37.61590174503222,46.293816781550404
1768916035.2882853,-27.003352428048824,37.68686322931619,46.362492409474655
1768916035.3079944,-27.061488035430756,37.81284555743507,46.49876798198205
1768916035.327929,-27.086191554253794,37.92922890980862,46.607812420305585
1768916035.3480625,-27.137965809385523,38.04044914031745,46.72841704004595
1768916035.3682303,-27.154100235980437,38.12756956938736,46.80872483730085
1768916035.3879561,-27.16667837755722,38.249092779972315,46.91504569496406
1768916035.4079509,-27.183296583953997,38.38248493092661,47.03346428495368
1768916035.4279456,-27.222329951174853,38.48099292976721,47.13641972860715
1768916035.4483502,-27.229323064526533,38.52317894277331,47.17490170004904
1768916035.4679494,-27.268116976625535,38.61892109290952,47.27548275619515
1768916035.4888875,-27.27447368898975,38.660402772378106,47.313038980115145
1768916035.5079494,-27.275310892626713,38.840460914951905,47.46076261898188
1768916035.5280027,-27.279804676246133,38.86660216455614,47.48473972753795
1768916035.5479982,-27.278859003310334,39.054088802957736,47.63777913328658
1768916035.5682247,-27.349292446471253,39.04352130101641,47.6694907976321
1768916035.58796,-27.36691804842016,39.220107144009866,47.82431398207986
1768916035.6080287,-27.36006602538255,39.342388551339155,47.92073402857927
1768916035.628085,-27.363150415821472,39.42899438595231,47.993620398614745
1768916035.6483595,-27.34752895145116,39.57513395866965,48.10487051845278
1768916035.6681037,-27.338365014597745,39.66488489255454,48.17353314021075
1768916035.6879544,-27.342172746561904,39.73233799297597,48.23124602258286
1768916035.7079906,-27.340665975429904,39.76785711289114,48.25965680909218
1768916035.7280414,-27.3374813440802,39.81538148471797,48.297023604064414
1768916035.7479815,-27.32835280746913,39.88895531718425,48.35253481944692
1768916035.7680085,-27.316120778982334,39.97374724770659,48.41560619712905
1768916035.7881389,-27.309309108750988,40.063433679484525,48.48584414226244
1768916035.807917,-27.295502871282388,40.145148038807605,48.54562171868811
1768916035.8280604,-27.281269828528057,40.25519882600279,48.62868203003215
1768916035.848091,-27.259642706120044,40.35724930183539,48.701085118052724
1768916035.8680673,-27.252731674599197,40.446245770809654,48.77099733120536
1768916035.8882475,-27.222642495345397,40.566059504865095,48.85363290669017
1768916035.9081273,-27.21909497788167,40.62915618011723,48.90406387329484
1768916035.927936,-27.208978879959353,40.678220949094715,48.9392091402532
1768916035.947982,-27.284843182677335,40.672168410741676,48.976401978248944
1768916035.968115,-27.283379080640646,40.69710960581863,48.996300924926516
1768916035.9879124,-27.24917641754935,40.807049536305556,49.06865503856024
1768916036.0086815,-27.249429129413077,40.85920242808571,49.11217579112323
1768916036.028022,-27.22068429952313,40.9509116075463,49.17258194587077
1768916036.0479174,-27.14817373076214,41.072645771734074,49.23398793116386
1768916036.0680733,-27.114633127075667,41.16797051296601,49.29508216619938
1768916036.0881088,-27.110915183575035,41.20869394062292,49.327053210007705
1768916036.1086314,-27.08940533440105,41.272411717120875,49.368490460201556
1768916036.1279843,-27.095189745607623,41.28649184917443,49.38343564964296
1768916036.148191,-27.077565543110506,41.33945264495302,49.41806249465633
1768916036.1681802,-27.068689144337107,41.37428789529735,49.44234653448097
1768916036.1879823,-27.05081810265531,41.42520346860766,49.4751881496017
1768916036.2080815,-27.04046451606419,41.45937934777854,49.498150037627994
1768916036.2281601,-27.03399395865224,41.4844974239316,49.51565768393502
1768916036.2480183,-27.00662338011509,41.54876807121785,49.55459448558964
1768916036.2682517,-27.059646002366325,41.552734868864235,49.58683511634419
1768916036.288286,-27.028056008253277,41.61899175090457,49.62515779266741
1768916036.308002,-26.990815887712227,41.69149511018384,49.66573171520643
1768916036.3280356,-26.97055929970791,41.73434126553984,49.69070647321894
1768916036.348022,-26.89152683974504,41.83243159082636,49.73033831147637
1768916036.3679543,-26.8551933904075,41.89696550552468,49.76501914605591
1768916036.388144,-26.853887326395892,41.91760157697093,49.781689269293
1768916036.4079933,-26.8258990469727,41.96718143884724,49.80836453447849
1768916036.4280264,-26.816067778305758,41.99296146223914,49.824796070428526
1768916036.4483438,-26.802102190258374,42.02075908602155,49.84071504284941
1768916036.4679587,-26.815778686532674,42.0289657948002,49.85498924225724
1768916036.4879448,-26.80677445605217,42.049216718397226,49.867221532469486
1768916036.5079916,-26.765338629704097,42.08942114277019,49.87888054173029
1768916036.5280063,-26.7451794793928,42.12396372189842,49.89722382085749
1768916036.5480785,-26.706907164899164,42.174454298380645,49.919369844587784
1768916036.5682032,-26.701371443585522,42.18810609351122,49.92794340572905
1768916036.5879827,-26.64326065406684,42.26759308803089,49.964114759854425
1768916036.6080658,-26.615839651549916,42.30839805961611,49.98403211754675
1768916036.6280346,-26.65816384009414,42.30296369114801,50.00198432442346
1768916036.6481414,-26.62576941666401,42.349007417492544,50.02369464839836
1768916036.6679099,-26.551085063222885,42.430482719631726,50.05303169494795
1768916036.688011,-26.52244190339493,42.46970648584887,50.071108371126684
1768916036.7079668,-26.484090111730623,42.52397395822587,50.09686008370324
1768916036.727951,-26.470785328270228,42.54661656673807,50.10905164910224
1768916036.7481084,-26.44110873561462,42.585058030801996,50.126035137993604
1768916036.768051,-26.422813024303977,42.61018822647722,50.1377421591075
1768916036.7879162,-26.396468804240264,42.6414985693832,50.150483203813096
1768916036.8081648,-26.369945825419563,42.67706102067743,50.166777654122725
1768916036.8280356,-26.30853909279679,42.74746232108408,50.19446945719937
1768916036.8479598,-26.32963154056459,42.753126776274115,50.21035098672444
1768916036.868143,-26.27288716757807,42.816514635040164,50.23463472160315
1768916036.8880584,-26.23365595391325,42.860812704343715,50.251905141846315
1768916036.90801,-26.173717908800835,42.91860488084764,50.269972688353434
1768916036.9281583,-26.148657459554734,42.94891567415792,50.282816592977916
1768916036.9479573,-26.106615101308297,42.994445179091585,50.29987741839706
1768916036.9681134,-26.089801071340982,43.014886619278506,50.3086293871293
1768916036.987929,-26.053360720172954,43.054135227930566,50.32331631600189
1768916037.0080373,-26.036501221280638,43.07226532338808,50.33010466841975
1768916037.028755,-25.999349296081842,43.1116919819315,50.344653632382936
1768916037.0479832,-25.960055565885394,43.15096573607261,50.35802149548341
1768916037.068392,-25.928633280782304,43.18407033045486,50.37020899415609
1768916037.0881124,-25.88912398299596,43.22439567431704,50.38447302509826
1768916037.1079843,-25.903233399468373,43.2320081225331,50.39825420442758
1768916037.1280186,-25.84109826192648,43.292402347027235,50.41819572693403
1768916037.1480863,-25.78723341764822,43.341007699710914,50.43237408414038
1768916037.1678495,-25.722607148906622,43.401909944987665,50.45174234265652
1768916037.1881733,-25.77057824400901,43.382240319784856,50.45930516955379
1768916037.2081628,-25.705790242303035,43.44183510044125,50.47752657247789
1768916037.2282763,-25.648582111793537,43.493060361883096,50.4925347352242
1768916037.2480435,-25.606339585764474,43.53210866301733,50.50474345673125
1768916037.2686102,-25.56602255448437,43.56931764870436,50.516402778009684
1768916037.288366,-25.547339692582476,43.58814763313612,50.52319447002802
1768916037.3079288,-25.522544977700584,43.612193791162014,50.53141349118011
1768916037.3279324,-25.47963686700345,43.652821333224864,50.54483856166536
1768916037.3479636,-25.45573952980039,43.676647368528386,50.55337971257529
1768916037.3679564,-25.404715734844338,43.725342048323846,50.569804417371095
1768916037.3880527,-25.381664517165333,43.749355243305544,50.5789973987907
1768916037.4079685,-25.284228500576095,43.84506789505852,50.61306342824583
1768916037.4279094,-25.33474374442748,43.82408577786569,50.620151470156
1768916037.448348,-25.258399451824584,43.907630776730414,50.65438562744213
1768916037.467981,-25.19336782603657,43.98027637722434,50.685012505029654
1768916037.4879382,-25.14577924700376,44.04951507094117,50.721494377868225
1768916037.5079398,-25.111618159670353,44.09703569129705,50.745856218578204
1768916037.5280883,-25.09447820411883,44.12415793295716,50.760951031570926
1768916037.5480118,-25.061590222170253,44.17252992762825,50.786767023223604
1768916037.567891,-25.036600108652593,44.2095944503275,50.80668840283739
1768916037.5880597,-25.01130308584485,44.25017651867256,50.82955246690327
1768916037.6080627,-25.01407660562137,44.261817078177884,50.841051124991246
1768916037.6281035,-24.98926619053616,44.302700148466855,50.86445384732287
1768916037.648073,-24.972340381426044,44.331419857418794,50.88116125542486
1768916037.6679678,-24.921659436176633,44.40692819499143,50.92214037889508
1768916037.6879647,-24.894693981810715,44.45593208703778,50.95169954157877
1768916037.7080622,-24.833038191785448,44.548678002287815,51.00259304766961
1768916037.728036,-24.86720939614174,44.54970009610488,51.020132122569485
1768916037.7480078,-24.78968845026527,44.66720258120814,51.085101936786835
1768916037.768491,-24.856563582791683,44.642294840934056,51.095824113231146
1768916037.7879827,-24.77627840262783,44.766620117968166,51.16555724577809
1768916037.80806,-24.78627080764134,44.780287348770806,51.18235394731485
1768916037.8283062,-24.757745027884337,44.835636304110395,51.21699153269541
1768916037.8485556,-24.76306097549093,44.84294688706632,51.22596094161761
1768916037.8680468,-24.746286086995468,44.88160711889336,51.25170565624255
1768916037.8879762,-24.688159960032344,44.93879026240527,51.27377606984486
1768916037.9078763,-24.676663080741505,44.96888518860636,51.294622875175634
1768916037.9280415,-24.637434079071006,45.03103009091699,51.330272053142686
1768916037.9480054,-24.659248121546224,45.043829561545834,51.35197269326244
1768916037.9680922,-24.643081823076066,45.08011879698581,51.37605076773784
1768916037.9879715,-24.575561779666746,45.16834992248392,51.42118310099613
1768916038.0086339,-24.52958109940527,45.24903648735787,51.47014330606186
1768916038.0280054,-24.529105023846036,45.27645300463428,51.49402091458508
1768916038.047928,-24.490001627654365,45.345880931664325,51.5364831666965
1768916038.0679467,-24.468988538362346,45.383451856550614,51.55956848642505
1768916038.0880647,-24.424977361873385,45.454443081148305,51.60122009163522
1768916038.1082711,-24.437091757524612,45.461876564496805,51.61350282950404
1768916038.1280968,-24.417954757533494,45.49571729547749,51.634260009909724
1768916038.1483173,-24.41683550136891,45.50343337052116,51.6405296681431
1768916038.1680057,-24.386552966333774,45.547500457684954,51.66506327802777
1768916038.1880598,-24.379243502162122,45.56106560409161,51.67357363989889
1768916038.2079978,-24.338900048363712,45.613798520368746,51.70107030827344
1768916038.2282498,-24.325232981335247,45.636396254482705,51.71457843483212
1768916038.2480588,-24.321536593910018,45.66548718804489,51.738514304243374
1768916038.2679734,-24.323779387116925,45.67605567478353,51.74889666146573
1768916038.288166,-24.294035926413933,45.71560244117097,51.769841492447014
1768916038.3081105,-24.21510205865548,45.78729667220689,51.796213223167086
1768916038.3281858,-24.25394127667075,45.783492788108894,51.81102082888361
1768916038.3479846,-24.245644777524877,45.79888580371147,51.82074132564415
1768916038.3688252,-24.264921919117615,45.797265972079984,51.8283320806131
1768916038.387933,-24.261714380807522,45.80721262659851,51.83562012086176
1768916038.4080725,-24.246088326613243,45.827562021106544,51.84629437038194
1768916038.4280674,-24.24825250032453,45.832108599617015,51.85132522902942
1768916038.4480925,-24.202543006054817,45.86927042308082,51.862829243164605
1768916038.4681387,-24.181907824393996,45.89594813970498,51.87680331005349
1768916038.4882677,-24.103757460360427,45.958237506719286,51.895575133453335
1768916038.5081117,-24.08176038446198,45.9851323301159,51.90918587911886
1768916038.5285482,-24.098286805309712,45.98253135322342,51.914551106613054
1768916038.549037,-24.08649651014217,45.999466078050446,51.924081056854575
1768916038.5679996,-24.10930476478256,45.99675793385405,51.932266623619775
1768916038.588202,-24.101120773518247,46.01001280226743,51.94020890027808
1768916038.6079395,-24.104488743271187,46.01214145842195,51.943657352600034
1768916038.6280162,-24.106582860421728,46.01877645354162,51.950506479604364
1768916038.6482034,-24.113820706703944,46.01730860870939,51.95256529435542
1768916038.6679938,-24.14232376056284,46.0052547165204,51.95512735131884
1768916038.688043,-24.157396538342145,46.00045218847242,51.957881106283025
1768916038.7079647,-24.161845086819724,46.00150740503244,51.96088376398855
1768916038.72793,-24.069893209149285,46.065140257618104,51.9745794216161
1768916038.7479355,-24.07442798546885,46.06532660904141,51.97684482945444
1768916038.7681684,-24.125667472516668,46.03960638481166,51.977814373661765
1768916038.7879813,-24.129121012540942,46.0405818535257,51.980281436801064
1768916038.8079123,-24.169444969217654,46.021113073932234,51.9817748704649
1768916038.8279836,-24.177858649908806,46.0182158437255,51.98312262970241
1768916038.8480952,-24.12573916864446,46.05415316666643,51.990732965906886
1768916038.868131,-24.13243026306193,46.052744227908235,51.99259025402257
1768916038.8880348,-24.123430876592572,46.06236774396858,51.996938750645086
1768916038.90821,-24.154388963549046,46.04599185230106,51.99680636216608
1768916038.928023,-24.168715829243226,46.03800264265434,51.9963894146484
1768916038.9480026,-24.182559473888407,46.03044541943644,51.99613532003957
1768916038.9680305,-24.172604675932583,46.03818203294247,51.99835595206126
1768916038.9881606,-24.18764589897496,46.02928986871766,51.9974782076269
1768916039.0080485,-24.20254465154362,46.0203960548409,51.99653854492988
1768916039.0280588,-24.137307643028194,46.06093161757152,52.00210612785589
1768916039.0480409,-24.15220613558213,46.05107902637935,52.000297505970934
1768916039.0681388,-24.183522189840257,46.0329080269122,51.99876312875773
1768916039.0880795,-24.20031553603649,46.021876636817666,51.9968114524169
1768916039.1080046,-24.17607850709693,46.03576876377775,51.99783435541647
1768916039.1280916,-24.194198505125513,46.02354722459841,51.9954434584441
1768916039.14793,-24.18110482579882,46.030830432740004,51.99579964693239
1768916039.1679318,-24.20221595288866,46.0164441847119,51.992887902433004
1768916039.1880145,-24.227886876553,46.00153011646457,51.99164620935796
1768916039.20802,-24.244550726755087,45.990847823729425,51.98996368038391
1768916039.2281983,-24.254085032517,45.984444516414484,51.98874665009503
1768916039.248413,-24.27475963422662,45.96965817559547,51.985319351530094
1768916039.267949,-24.291163222195458,45.958123809918355,51.98278325383439
1768916039.2882586,-24.322858274106697,45.93832345536497,51.98010192864204
1768916039.3079932,-24.341354913590024,45.92510556217576,51.97708033283843
1768916039.3279593,-24.289610745626277,45.9533634789728,51.97784917832436
1768916039.3479874,-24.30900738853628,45.93856579160241,51.973836371825534
1768916039.368043,-24.327048894474935,45.92519820050114,51.970464089418016
1768916039.3880599,-24.336428464983552,45.918356084573844,51.96880964521875
1768916039.4082992,-24.388992064879183,45.885930108450744,51.96481036103534
1768916039.4282975,-24.40603757497426,45.87381459874438,51.96211635365739
1768916039.4479897,-24.38301487322199,45.885008455591844,51.96119143435319
1768916039.468003,-24.403511620395015,45.86895630725313,51.95664088567939
1768916039.4880583,-24.31867594865691,45.915161402698814,51.95767553048989
1768916039.5079997,-24.334995769051595,45.90217299547425,51.953840135125766
1768916039.5279202,-24.4161080911242,45.85241112417565,51.94795414853108
1768916039.548161,-24.440662472152603,45.83047313955361,51.94014103054624
1768916039.5680075,-24.47237451454664,45.80665163706992,51.93405865691716
1768916039.5881393,-24.499763803019384,45.78121366656632,51.92454093381605
1768916039.6081395,-24.453634873261567,45.80197359039269,51.92110402610699
1768916039.6283994,-24.474230896403835,45.7842994635433,51.91521988143649
1768916039.648142,-24.492858044899236,45.76814221526932,51.909757628452695
1768916039.6679068,-24.507174093109853,45.753602892032234,51.9036969746065
1768916039.6880536,-24.531925844002746,45.72981444477107,51.89442469831266
1768916039.7079911,-24.485324914509857,45.74839701367014,51.888794218882175
1768916039.7280583,-24.51213155745397,45.72086677722217,51.87718431401639
1768916039.7482903,-24.537792359905794,45.694642073940166,51.866208345736574
1768916039.768135,-24.56770518335123,45.66128672217698,51.85099076296343
1768916039.7880008,-24.59687147059421,45.63337041210346,51.84024094570907
1768916039.8083296,-24.627197877140123,45.60046226793935,51.82567929443449
1768916039.8280525,-24.661535327628336,45.56862378310759,51.81400195123186
1768916039.8480222,-24.693466779725192,45.53315698958507,51.79802782963451
1768916039.867922,-24.719671511264988,45.50454612363256,51.78538285600145
1768916039.8879333,-24.707706139653602,45.50117398965306,51.776708828585825
1768916039.9080532,-24.72427472266571,45.48525422386881,51.77062982398245
1768916039.9282393,-24.74658800914672,45.461567011811944,51.76048389711897
1768916039.9484026,-24.75360864840885,45.44216201426739,51.74679922129974
1768916039.9683087,-24.78263189119084,45.406927330787376,51.729758293246206
1768916039.9879758,-24.81443949447436,45.36911652216447,51.71182786777766
1768916040.0080705,-24.850169088607228,45.32559920387118,51.69081975479145
1768916040.027897,-24.79409252326903,45.34470202164752,51.680644592385164
1768916040.0479677,-24.82766108464583,45.29798798035677,51.65578834944428
1768916040.0680246,-24.86395711470832,45.251140134659785,51.63218034219233
1768916040.0879965,-24.815620298330366,45.260823131944605,51.61741102934239
1768916040.1079912,-24.841251248851272,45.227556209112656,51.60057755739755
1768916040.12802,-24.860147553183566,45.204017541728554,51.58905056578345
1768916040.1480472,-24.89086536959985,45.15393538920517,51.55999476318883
1768916040.168013,-24.93981585962125,45.08464796941407,51.52300357741004
1768916040.1880524,-24.91711547438075,45.06500014580242,51.49482383409809
1768916040.2081387,-24.966976010170345,44.99096168657044,51.45421775301681
1768916040.227904,-25.015726269908704,44.947601463766766,51.439998426872144
1768916040.248245,-25.047684745102234,44.90111847539636,51.41494871563724
1768916040.267963,-25.0355268201168,44.887446234452014,51.39708583773606
1768916040.2880874,-25.05516379360316,44.85935639303122,51.38212810619344
1768916040.3080904,-25.087346045132275,44.81082737811346,51.35547859673101
1768916040.3279746,-25.082433489634823,44.782754110220175,51.32858400012995
1768916040.3479798,-25.05094625750842,44.76411987814212,51.29694276329978
1768916040.367942,-25.086922927368192,44.70597574739822,51.263807598447755
1768916040.3881772,-25.10208012515781,44.6781806202161,51.24699259607822
1768916040.4081488,-25.157001030251877,44.587453449115515,51.19487968452643
1768916040.4279757,-25.189645461278598,44.533089939032095,51.16360364539264
1768916040.447939,-25.24221051785474,44.44498085830911,51.1128703490927
1768916040.4680185,-25.2631055172141,44.411457984291964,51.0940515193738
1768916040.4880126,-25.312609046582367,44.327711963823035,51.04580516254772
1768916040.508006,-25.237151774562307,44.336332467789276,51.015921106911705
1768916040.5280983,-25.28138055433307,44.25853471287965,50.97024718072478
1768916040.5479567,-25.328614854268906,44.17150435663673,50.918174825540135
1768916040.5679123,-25.303567547092918,44.136106068062396,50.87500751313505
1768916040.5879152,-25.338628573212624,44.07173727329136,50.836641551711956
1768916040.6079347,-25.372772850961493,44.00704983125079,50.79761841855067
1768916040.6279502,-25.403497306865425,43.949909765151396,50.76349321889569
1768916040.6480184,-25.432568075423706,43.899892710945345,50.734762234030164
1768916040.6680205,-25.45854435812653,43.851020272336704,50.705517054454546
1768916040.688087,-25.44110167943856,43.84030950523385,50.6874973950996
1768916040.7082038,-25.47848711067799,43.77007353125341,50.64555896009358
1768916040.7281966,-25.444279702298054,43.73970119942285,50.602103025304885
1768916040.7480946,-25.505570222910205,43.62435073429757,50.533336416516306
1768916040.7679417,-25.546503352558823,43.54120200720725,50.48227516440526
1768916040.7880666,-25.610486407604682,43.41999976984023,50.41025088260353
1768916040.8079867,-25.57634175522709,43.38444998202302,50.36228507348361
1768916040.82801,-25.648108642389726,43.24643290524341,50.280010301903744
1768916040.8479736,-25.639815309634482,43.201977091085794,50.237545259406026
1768916040.8679962,-25.70024746653163,43.08394530176321,50.16701169699357
1768916040.8881562,-25.6728138308214,43.07483155002566,50.1451341912164
1768916040.9080052,-25.7135276219738,42.99240735899291,50.0952352353754
1768916040.9279587,-25.733057477724252,42.947665920839356,50.066877825563346
1768916040.9481182,-25.767657490353827,42.87665896653249,50.02379490475027
1768916040.9679985,-25.81829400016606,42.78783090334102,49.97382093148287
1768916040.9879818,-25.83945834778734,42.732980067250985,49.93781325944406
1768916041.008016,-25.904691479212662,42.60887113527995,49.86550852098157
1768916041.0279763,-25.911343676866462,42.52734377833749,49.799324292419755
1768916041.0480194,-25.96290248447587,42.42740486118618,49.740898551125994
1768916041.0680022,-25.994118099621115,42.34817866049273,49.68966101351529
1768916041.0879564,-26.075392074902762,42.19311986821461,49.60025641136776
1768916041.108142,-26.081816591203655,42.14458985642827,49.56236082819041
1768916041.1280308,-26.124182761061114,42.05500489304569,49.50854836780634
1768916041.1479263,-26.11996561243901,41.972609534863935,49.436348517676215
1768916041.1679795,-26.166981365849324,41.86841218202744,49.3728149131164
1768916041.187917,-26.174892856161257,41.80660850176543,49.324613839861
1768916041.2080228,-26.18537425061112,41.7710032148119,49.300005418015864
1768916041.2280378,-26.139272568291595,41.74896445047426,49.25685336160244
1768916041.248078,-26.161960487351493,41.68572666195473,49.21532265338656
1768916041.267892,-26.211949225375058,41.546074243935024,49.12374748811619
1768916041.28805,-26.219966623921337,41.51052300520703,49.09796502835297
1768916041.3079698,-26.24815753019244,41.40077588293129,49.020302094525114
1768916041.3280077,-26.25542489486604,41.364968171631716,48.993958079033135
1768916041.3479993,-26.257321068517058,41.26947043486923,48.91437518429255
1768916041.3680034,-26.26983126480195,41.219143892498536,48.87864419060399
1768916041.3879323,-26.32749950903867,41.05576282528321,48.77205031126268
1768916041.408074,-26.32028663412172,41.04897420539042,48.762442225724655
1768916041.4280114,-26.375819092747165,40.861286704132496,48.6346438655681
1768916041.448522,-26.397159603885562,40.780052890929156,48.57800684404402
1768916041.4679396,-26.42170369389833,40.6263876090578,48.46245759605641
1768916041.4878879,-26.390145929892316,40.563077242461446,48.39217950845886
1768916041.5079694,-26.435637707612987,40.39022896092628,48.272285387416844
1768916041.527996,-26.429668945732487,40.32150332075269,48.21152383638674
1768916041.5480053,-26.44160152264096,40.23919003512805,48.149254467387934
1768916041.5679626,-26.39153398596021,40.193962484041364,48.0839649602715
1768916041.5881011,-26.39174458395356,40.14258497944156,48.0411418579568
1768916041.608379,-26.38714351980431,40.106621342056904,48.00856609616543
1768916041.628079,-26.406681631241952,40.03149289665372,47.95657679931511
1768916041.6481488,-26.3980130917195,40.01050455033968,47.93428386409195
1768916041.6679676,-26.419350690529278,39.93255158593063,47.88100632894197
1768916041.6880486,-26.42837002218103,39.861096482665396,47.82641273218886
1768916041.7079916,-26.436742549884443,39.761912627833,47.74841413567885
1768916041.7280698,-26.452827822505537,39.61559320908302,47.63556785758587
1768916041.7479432,-26.470713299887972,39.439980520952076,47.49958658870565
1768916041.7679315,-26.480436533826598,39.350993784583025,47.431152535610074
1768916041.7881794,-26.4832344324413,39.23470730379526,47.33628590434752
1768916041.8080862,-26.502689295354457,39.09452324080869,47.23107332373706
1768916041.8280337,-26.503096431062353,38.96155763332526,47.12130190953043
1768916041.8481607,-26.489699702832112,38.911717005103526,47.07256006030994
1768916041.8681011,-26.499432173474588,38.78547104933364,46.97374447534791
1768916041.8880146,-26.490840553330635,38.69940507811,46.897852686681006
1768916041.9080143,-26.470732704944815,38.636697631133956,46.83475305557089
1768916041.9279885,-26.459594895781606,38.55062487214336,46.757468281351485
1768916041.9479764,-26.446771314916283,38.48040312505003,46.69232418342269
1768916041.9679494,-26.443762320346504,38.357744599591385,46.58958184425419
1768916041.988391,-26.418061545420997,38.230926174305985,46.47061105648263
1768916042.0081222,-26.400200581026603,38.09627283825475,46.3497205480808
1768916042.0281582,-26.376696110693135,37.9135592776695,46.1862325246086
1768916042.048104,-26.33371093183149,37.860000833613185,46.1177188785661
1768916042.0684175,-26.29324260359374,37.70105605136033,45.96416249644118
1768916042.0879462,-26.271255458491467,37.646630475260096,45.90694554755413
1768916042.108185,-26.1806810498218,37.51581649848046,45.747836536607466
1768916042.1279902,-26.155350976260934,37.46180750276214,45.68905127123346
1768916042.1479456,-26.14785824626272,37.37915466603843,45.61701102016957
1768916042.168562,-26.11865541074706,37.308742622097085,45.54257828128783
1768916042.1879513,-26.01870283558306,37.21101884034037,45.405206974338796
1768916042.208479,-25.994877629066522,37.189732698075254,45.37411025138048
1768916042.2280514,-26.032446916135658,36.949412316416975,45.19897524247654
1768916042.2480135,-26.009590772386353,36.927079062740816,45.1675545082188
1768916042.268068,-25.978884452937468,36.81889170870995,45.06143832676434
1768916042.288237,-25.92552562233613,36.66764561942553,44.907116519168575
1768916042.3081343,-25.845978255038467,36.51634985036469,44.73766196790072
1768916042.3289566,-25.75489079760631,36.410139707226584,44.598348326999556
1768916042.3479333,-25.700198331897322,36.260577873978065,44.44468136969468
1768916042.368045,-25.57158785494098,36.17956763459142,44.304257353542674
1768916042.3880873,-25.522769630246216,36.06503814584961,44.18256156064524
1768916042.4080968,-25.48142882142311,35.98281653208561,44.091567225071344
1768916042.4279447,-25.476724395099836,35.86221574957898,43.99047629172962
1768916042.4480805,-25.423425413404207,35.826583141286406,43.93056588903032
1768916042.4681005,-25.390225667696207,35.77646747237865,43.87048192416749
1768916042.4879987,-25.340693906712243,35.738112436677724,43.810540377976416
1768916042.508118,-25.29627487215408,35.64272161047023,43.70703749064967
1768916042.5280812,-25.267258172546406,35.5747645680396,43.634827943164375
1768916042.548352,-25.22662795565074,35.49578040455178,43.54690786429022
1768916042.5679803,-25.255956053238844,35.33888698429756,43.43616292275466
1768916042.5881405,-25.217339257176693,35.25997073787374,43.34950675206417
1768916042.6081874,-25.17010878276849,35.15472338584246,43.236430847972386
1768916042.6283655,-25.117676434508105,35.018050038852415,43.0947966463727
1768916042.648012,-25.049370296802252,34.86165335891374,42.927914312057844
1768916042.6680205,-24.99765112914223,34.72792106805119,42.789146564089116
1768916042.6879728,-24.923389781865794,34.64652055969412,42.67969944964607
1768916042.7081296,-24.869551616810163,34.55101574288471,42.57073274547024
1768916042.7280753,-24.831560219905107,34.47749727965159,42.48887150329079
1768916042.7479353,-24.809988003282847,34.427606961579464,42.435782375538146
1768916042.7679696,-24.775622411226,34.368812873681605,42.36799221357777
1768916042.7880077,-24.73799091896145,34.29633557854132,42.287194619914644
1768916042.808021,-24.71594220015284,34.21598353283355,42.20913796751164
1768916042.8279173,-24.67416572724609,34.14828168493683,42.12979463953507
1768916042.8481543,-24.623640671806214,34.022169621338406,41.997996448370614
1768916042.8680289,-24.662630009839027,33.93444244227831,41.94987130934387
1768916042.8881211,-24.613985985998777,33.8091032406139,41.81989679630299
1768916042.9081118,-24.587319083400594,33.781438119560356,41.78183601919189
1768916042.9281962,-24.539118670427534,33.657724748531564,41.65346060496342
1768916042.9483056,-24.431393937964152,33.607451994531445,41.54941442808463
1768916042.9679344,-24.39224010697124,33.52619720040417,41.46067143880481
1768916042.9879897,-24.358344768017275,33.42821928169839,41.3615135625246
1768916043.008215,-24.303808829849363,33.28382790386697,41.212720409748464
1768916043.0281508,-24.326840200409887,33.19584378551009,41.15530583980962
1768916043.0479336,-24.271195969944536,33.040824884609975,40.997403123453
1768916043.0680292,-24.170606602979404,33.037017984313835,40.934860215369824
1768916043.0879378,-24.125973424786963,32.93620965369976,40.82715395476388
1768916043.1079004,-24.1586071325638,32.84366551098352,40.77186116407897
1768916043.1279564,-24.127280127947465,32.79308169114165,40.71255154340413
1768916043.1481166,-24.111087895960686,32.74806720303221,40.666699707021415
1768916043.1679332,-24.068335338062752,32.649550908825034,40.56202584306408
1768916043.1879523,-24.03138341628554,32.57637761846952,40.4812026456928
1768916043.208377,-23.96845366913532,32.49653914569531,40.37959667625711
1768916043.2279656,-23.9285248279359,32.41367252973086,40.2892103087883
1768916043.2481203,-23.885302130324526,32.32060770222773,40.18867178818165
1768916043.2680426,-23.818875305399203,32.26095425140427,40.10122180215156
1768916043.2881703,-23.775023587670105,32.17089445884433,40.00272736797293
1768916043.3081262,-23.770069853993817,32.08333638433122,39.9293963692653
1768916043.328041,-23.7289686688118,32.0205125194758,39.85444989076324
1768916043.3479302,-23.690480297249216,31.955386180980724,39.779210181826976
1768916043.36807,-23.661019548708268,31.911873657625733,39.7267104908602
1768916043.3881748,-23.61012116195049,31.81706407662727,39.62023962242262
1768916043.4080896,-23.578854904593413,31.78842705614275,39.57861156376733
1768916043.4279685,-23.52104925101843,31.686628003060513,39.462414422753874
1768916043.4479494,-23.499492357668053,31.651412990553784,39.42128974763124
1768916043.46827,-23.439560371008067,31.553223250611595,39.30672827759985
1768916043.488097,-23.416946841345034,31.444984307378345,39.20638261127453
1768916043.5082753,-23.368248480783222,31.379507194835163,39.124781262651666
1768916043.5280464,-23.3191416513517,31.353864553435287,39.07489206371492
1768916043.5479972,-23.26067944216013,31.270043987848567,38.972745080542055
1768916043.5681512,-23.245359503827416,31.206937263548802,38.9129756229622
1768916043.5879834,-23.187886056097515,31.196930005157338,38.870638038206266
1768916043.607999,-23.149641917262095,31.159981687300213,38.81817074065112
1768916043.627938,-23.12170401585526,31.129390797967144,38.77695408421578
1768916043.6480727,-23.07835151687174,31.082402499295803,38.713383394693444
1768916043.6684313,-23.029596982240136,31.025601407002455,38.63871477974645
1768916043.6880267,-23.05270168945666,30.906083057280462,38.556621028386246
1768916043.7083166,-22.984503015651338,30.807891055452444,38.43713738249913
1768916043.728056,-22.938019522629705,30.707752922517482,38.32908594228308
1768916043.7480006,-22.896271659478817,30.683671206601005,38.284813367958954
1768916043.7679374,-22.825481415188793,30.582667445108207,38.16152709068664
1768916043.7880015,-22.791501541451886,30.566396162978876,38.12816697542872
1768916043.808034,-22.713420517935642,30.45289888344832,37.990505682737464
1768916043.828083,-22.707687382161087,30.415419304442803,37.95703884276314
1768916043.8479784,-22.616345677991482,30.275983943678145,37.790664132616946
1768916043.8682716,-22.647362408596788,30.210324532906665,37.756677984826275
1768916043.8880248,-22.554082489147426,30.06431568180432,37.583902329886556
1768916043.9081063,-22.456698444863633,30.04232089259187,37.50792382493335
1768916043.9279761,-22.3831673181297,29.936917902975534,37.37947608943826
1768916043.9479866,-22.346432566567017,29.932525240297622,37.35397054816504
1768916043.9682581,-22.295819641326098,29.871871876255717,37.275089575613094
1768916043.9882224,-22.26829766742439,29.81035059514963,37.20932791130144
1768916044.008213,-22.22376303370944,29.759677248657148,37.14207901185274
1768916044.0282207,-22.170367994008497,29.68177184989952,37.047709742158744
1768916044.0480788,-22.094020228048727,29.567731000218785,36.910654916144814
1768916044.0684383,-22.041129059053034,29.501862491207753,36.8262306060227
1768916044.088112,-21.97221563686231,29.394202143613878,36.69873812070943
1768916044.1080003,-21.89797706725908,29.28665262390117,36.568147636314066
1768916044.128015,-21.815576709165448,29.163856754362516,36.42046029284169
1768916044.1480145,-21.803982090089065,29.04421203849229,36.31776270534606
1768916044.1680346,-21.7670768761367,28.940011402361012,36.212289291073965
1768916044.187982,-21.69032502959086,28.824196993261683,36.07359882511934
1768916044.2083256,-21.5853314796152,28.74672961801341,35.9485882729216
1768916044.228033,-21.513621211359613,28.64184261295077,35.82165610201327
1768916044.2482605,-21.45611330978921,28.564397581890375,35.72519569685824
1768916044.2679784,-21.436646678192464,28.479387326249302,35.64555124113231
1768916044.2882998,-21.401943262978286,28.44401740034851,35.59642259136542
1768916044.3081095,-21.301903815446888,28.333846105033953,35.44824313370549
1768916044.3283415,-21.226994600209228,28.22281813055172,35.31448375649162
1768916044.3483667,-21.10377079717714,28.082978440700757,35.12866094744646
1768916044.3680217,-21.051236103622607,28.014771500897798,35.04257358896431
1768916044.3879542,-20.973726105117407,27.768553947527018,34.79927836994902
1768916044.4079595,-20.94676750258631,27.76699033332949,34.78178863972667
1768916044.428025,-20.834742532810232,27.583432794923908,34.56779225175619
1768916044.4479785,-20.799468521182376,27.520117396530168,34.496010671995954
1768916044.4680054,-20.676638512104315,27.31500638760639,34.25832678510749
1768916044.487951,-20.638401127988214,27.2749148078669,34.20328315960534
1768916044.507935,-20.548226165624992,27.13236960921804,34.03520352759616
1768916044.5280137,-20.520834318718144,27.082739023254135,33.97910231506967
1768916044.547974,-20.429502151751734,26.93735353027515,33.808069648879034
1768916044.5680315,-20.41519790982138,26.92466827535135,33.78931883650345
1768916044.5879712,-20.331945105636024,26.794361560060747,33.63518698015306
1768916044.6089413,-20.256575611060967,26.680395339415217,33.49884103896908
1768916044.6279252,-20.14847052977675,26.441370116638232,33.24314844196216
1768916044.647969,-20.091009361248716,26.359380619115253,33.14310793780771
1768916044.6679378,-19.94647120973342,26.190365758476158,32.92107185805901
1768916044.6881475,-19.83934723587814,26.014363426263518,32.71615508001303
1768916044.7080522,-19.768814530987072,25.808259099977448,32.50957190939515
1768916044.7279775,-19.659965705030878,25.626696533708568,32.29925427550582
1768916044.7479014,-19.56567050253583,25.53834187124715,32.17176351626526
1768916044.7680225,-19.517501820130676,25.467625345535104,32.08633382048105
1768916044.7880585,-19.425901356199123,25.32052424773003,31.91386206150336
1768916044.8081098,-19.42280673108405,25.214519597462335,31.82793458337905
1768916044.8280182,-19.361829871012738,25.1235327514154,31.718643632183948
1768916044.8481247,-19.32100445055488,25.071656219266533,31.6526327270805
1768916044.8679247,-19.22223232029729,25.008054372775305,31.541987871520842
1768916044.887925,-19.149258987611013,24.895972661140902,31.408654452537064
1768916044.9080236,-19.12195409129745,24.832900291887118,31.34201756710143
1768916044.927954,-18.995807001718564,24.617454846806226,31.09436873102722
1768916044.9480581,-18.981879508668676,24.485879650226348,30.981769670678666
1768916044.9679177,-18.811181078768016,24.18188524512125,30.636972885492664
1768916044.9880865,-18.775794039570535,24.17955265890257,30.613415500414433
1768916045.0083146,-18.623670091906764,23.91253330725939,30.309245072468766
1768916045.0279975,-18.573077610706942,23.802621287909265,30.191455614278933
1768916045.0481532,-18.418290182975756,23.52958577506815,29.881011027249237
1768916045.0684054,-18.34440012031189,23.4644254910031,29.78416155269332
1768916045.0879977,-18.209635410395595,23.230204083841908,29.516659762860677
1768916045.1079943,-18.135212865442817,23.16337207098409,29.418153432426184
1768916045.128185,-18.067308800828105,23.059797151123547,29.294741711703935
1768916045.1479936,-17.999173385504406,22.95554039084478,29.17065438410932
1768916045.1683526,-17.964684933870803,22.762870269435748,28.99789936661631
1768916045.1880584,-17.89338792763199,22.627486353086667,28.84746904301744
1768916045.2088175,-17.739765701668926,22.425325107207833,28.593609308971036
1768916045.22797,-17.623043284255264,22.22409002789845,28.363388940090882
1768916045.2479324,-17.4832274656777,22.037956819148462,28.13067335453027
1768916045.268043,-17.400853668115523,21.90401581927398,27.97455303289356
1768916045.2881222,-17.31619705182973,21.738240761819693,27.792117439242297
1768916045.3082466,-17.184340798184746,21.506408532060874,27.52866100296303
1768916045.3281565,-17.03522391064482,21.318865834223974,27.289061804016775
1768916045.3480043,-16.901680199063676,21.08261319340912,27.021165271215256
1768916045.367962,-16.897675830992508,20.91666910258189,26.889375129151144
1768916045.3880236,-16.814222217779264,20.775079157198157,26.726802703965753
1768916045.4081516,-16.69107477163643,20.697184389774034,26.58882131078142
1768916045.4280727,-16.568860861050624,20.479275320483552,26.34251066024311
1768916045.4480727,-16.516882536536343,20.380346850316247,26.232917231313305
1768916045.468056,-16.457011469056912,20.286440450934556,26.122268137778246
1768916045.4880066,-16.400923010159822,20.084718997384694,25.93041096452379
1768916045.508092,-16.30401706092885,19.911933977319556,25.735308178457704
1768916045.5280771,-16.1565377727268,19.63401218545927,25.426917770353352
1768916045.5481615,-16.127075370460773,19.58609945472107,25.37120123003141
1768916045.5680227,-16.01312534977819,19.350583965433483,25.1170317368713
1768916045.5880568,-15.94124170165307,19.225180573576296,24.974602200578456
1768916045.60846,-15.826913693399018,19.095713074074474,24.801964738013805
1768916045.628007,-15.691421338129894,18.834922934866842,24.51479197490958
1768916045.6480186,-15.60945887390816,18.678238622382658,24.34197618047675
1768916045.6684406,-15.473741772248253,18.41325929839587,24.051711008246016
1768916045.6882172,-15.277431132141137,18.192461247736798,23.756379106415196
1768916045.7088916,-15.081999239986615,17.931320750374084,23.43072693980605
1768916045.7279704,-14.995651963949665,17.771598924567666,23.252941881826526
1768916045.747958,-14.911063933828126,17.496666369900836,22.98854414046981
1768916045.7680519,-14.825158422235006,17.33441218502969,22.809365796638698
1768916045.787988,-14.73836162621727,17.325076273605177,22.74593527009586
1768916045.8080547,-14.651656431160752,17.16229998477026,22.565805479619367
1768916045.828035,-14.5748617873563,16.991680872473886,22.38624164509384
1768916045.848305,-14.488477540261089,16.826996721516572,22.205039970704387
1768916045.867932,-14.36340212822438,16.730377319593156,22.050234600861682
1768916045.888021,-14.251694334367544,16.506000912259772,21.807312019498514
1768916045.9080112,-14.165037021534161,16.338990079199572,21.62431202673545
1768916045.9280825,-13.925726442158496,15.976182306277078,21.193495653743227
1768916045.9480686,-13.798823730266399,15.838813549287188,21.006559713290667
1768916045.9680326,-13.638372218713943,15.487714766299046,20.63672710141862
1768916045.9879599,-13.499615559227143,15.277856171357463,20.387557711496807
1768916046.0080295,-13.388444200197108,15.044207708302316,20.138982687125345
1768916046.0280461,-13.235256449878031,14.924044414622344,19.947408728545632
1768916046.048147,-13.13579935471915,14.7195428388215,19.72851150166533
1768916046.0679402,-13.060240257226194,14.537240666490788,19.54229366711966
1768916046.0881093,-12.923221949293103,14.442359559374953,19.380180989685314
1768916046.1079147,-12.835785894335505,14.266925475572108,19.19121054156696
1768916046.1279428,-12.718522306097203,14.196769148893289,19.060667981937577
1768916046.1479962,-12.59575631020049,13.92537057798826,18.776821423240317
1768916046.1679747,-12.487613668759035,13.684593355018855,18.525889733894125
1768916046.1879725,-12.35529677549118,13.377016476026697,18.209830537661585
1768916046.2079566,-12.221972118746024,13.153486080356757,17.955244318514413
1768916046.2280936,-12.069188162616726,12.776166750378838,17.575430001514427
1768916046.2479477,-11.903859248630368,12.742966851884034,17.438035130123406
1768916046.2679796,-11.730127612762473,12.29574534206855,16.99356487993891
1768916046.2880437,-11.675697200304636,12.216309622523625,16.898524370682928
1768916046.3079531,-11.569327881896346,11.964792161931602,16.643485185412462
1768916046.3280723,-11.45856658304365,11.88629550192514,16.510080826486902
1768916046.3481035,-11.373830127869327,11.700710068472027,16.31780095123331
1768916046.3681033,-11.229768440200239,11.521729750538768,16.08906323143046
1768916046.388222,-11.145284422363062,11.33498188337229,15.896514685670779
1768916046.4081454,-11.053588310032922,11.114914211047484,15.67555844130096
1768916046.428098,-10.892723524254508,10.820764738988132,15.353839106633117
1768916046.4479935,-10.770646660972801,10.491831754267295,15.03613524331888
1768916046.4679363,-10.584538538885877,10.305087203777305,14.772517671629814
1768916046.487932,-10.483136211957682,10.043588964269166,14.517913903920489
1768916046.5082526,-10.373539098163063,9.745043029242364,14.232925808241358
1768916046.527991,-10.171601679494236,9.527411477989101,13.936751780713053
1768916046.5480058,-10.031194036975574,9.29946710339387,13.678630860380693
1768916046.5680544,-9.959244810740906,9.141628726852861,13.518725272002946
1768916046.587944,-9.809123091079773,9.01060407284443,13.319530080806718
1768916046.6081886,-9.737062871297873,8.852643131048826,13.159775217127136
1768916046.6280851,-9.57923042691281,8.725750887412097,12.957638061045895
1768916046.6479902,-9.490659217503065,8.494288763888033,12.7367795767647
1768916046.6680436,-9.427692339719252,8.372057284182322,12.608438682962746
1768916046.688221,-9.388680050782032,8.193700268596661,12.461301584808608
1768916046.708045,-9.198355283118161,8.007033277087913,12.19517616989853
1768916046.72795,-9.082633460937517,7.623615598489966,11.858066679660784
1768916046.748093,-8.910505895858256,7.557084816090651,11.683605874802206
1768916046.7680216,-8.812166339412904,7.246528571472716,11.409051315979442
1768916046.7883024,4.094911022419275,-5.760078598795637,7.067305126130779
1768916046.8083527,4.456936965548664,-6.435185638596074,7.827892520855617
1768916046.8280232,4.842567427180793,-6.610706956070665,8.194626638586621
1768916046.8482175,5.16138420311626,-7.053050944960795,8.739874971896933
1768916046.8680477,4.904366661575391,-6.662723019155742,8.27313062758953
1768916046.8880925,5.208452667815063,-7.088194552777502,8.7960491819279
1768916046.9079778,4.8790145222247965,-6.387540453693447,8.037751909312128
1768916046.9281232,4.776486579242071,-6.391448310779914,7.9790623227952695
1768916046.9480956,5.072106053640436,-6.907528253565054,8.569726156253504
1768916046.9680645,4.432103301755848,-5.934840325087336,7.407149881143074
1768916046.9880822,4.692219422886716,-6.308365203233471,7.862085896877636
1768916047.00831,4.418396433431774,-5.924672329245464,7.390803018068436
1768916047.0280871,4.678165448095033,-6.404608151360506,7.931219170608239
1768916047.0481575,4.916781991508255,-6.686650964846777,8.299761820540768
1768916047.0680065,4.60154664627543,-6.22855284913426,7.7439719867976775
1768916047.0879612,4.8481487095871465,-6.6894987747340835,8.261594263060871
1768916047.108207,4.58520113042033,-6.332792206843109,7.818460624794416
1768916047.1279452,4.575666713513179,-6.06985481434452,7.6013066863779315
1768916047.1480415,4.826617639983667,-6.69661319588743,8.25474809657661
1768916047.1679304,4.665528646038997,-6.0728915630857045,7.65814399734087
1768916047.187997,4.903724182350949,-6.642847102867776,8.256750479980141
1768916047.208139,5.108541739840572,-6.86045918866823,8.553543066301572
1768916047.227964,4.891428785808785,-6.470477859265927,8.111298249595398
1768916047.2479112,4.7342502824310415,-6.289609487949161,7.872249567156678
1768916047.2679398,4.93771192580672,-6.642397426975805,8.276620242595929
1768916047.2881377,4.313550256145856,-5.925535786708004,7.329303525701007
1768916047.3080218,4.497529366876108,-6.22225583583349,7.677515098811394
1768916047.3283362,4.212658048656657,-6.257287109131571,7.543217470086345
1768916047.348067,4.268286417040311,-6.0971540146866054,7.4426847317819265
1768916047.3680313,4.453013713846836,-6.5302431628272295,7.90401207624076
1768916047.3879225,4.40318337505056,-6.243128196715617,7.639677579253409
1768916047.4080448,4.580843263071788,-6.6260180644650255,8.055323729773189
1768916047.4279969,4.745013823138507,-6.853141813828387,8.335508916809971
1768916047.4479706,4.199355402555408,-6.249961214585991,7.529714535146766
1768916047.4680886,4.551960553434249,-6.2540975165440145,7.735249228464681
1768916047.487935,4.702984364058032,-6.421467593382001,7.95947912752019
1768916047.5078888,4.580046878462078,-5.950527642668565,7.509035133429123
1768916047.5282454,4.741072013941054,-6.223100211679373,7.823345837043058
1768916047.5479147,4.394597561567689,-6.018049871174949,7.4518059542694415
1768916047.5679536,4.545799976014411,-6.285405131986732,7.756972031349459
1768916047.588143,4.688305221862212,-6.204161066988281,7.776362928675181
1768916047.6083155,4.837906619466455,-6.425216012581224,8.04293113653272
1768916047.6281836,4.748702415730957,-6.392202970965641,7.963066837292715
1768916047.6481068,4.821282037174754,-6.254901401676488,7.897376274857266
1768916047.6679757,4.98214752635926,-6.578778958802477,8.25240126043262
1768916047.6881561,4.818996526805051,-6.1592801020523495,7.820451323350664
1768916047.708171,4.939801042682362,-6.193785046537776,7.922411725226145
1768916047.728065,4.991435364421893,-5.93045349075301,7.751432487172036
1768916047.7479475,5.138844603865511,-6.153329847055076,8.016931586918808
1768916047.7679198,5.044640198153271,-5.926643210154229,7.782897562559274
1768916047.7880025,5.189782678392373,-6.141204176187248,8.040412488334239
1768916047.8081074,5.329715354684243,-6.3157763432479825,8.264072638831767
1768916047.8280053,4.998533985686539,-6.220476579293379,7.979954315633694
1768916047.8479803,5.0697044189284775,-6.113821810540188,7.942337189161628
1768916047.8679903,5.228167354208054,-6.472904288017265,8.320590351978586
1768916047.8880548,4.74974004574128,-5.845003036174319,7.531539749281377
1768916047.9079466,4.850587161603887,-5.877555912971367,7.620620665170333
1768916047.9279406,4.683326375040554,-5.778224416947502,7.437837276235532
1768916047.9480944,4.773141466272019,-5.764824169793325,7.484388897276697
1768916047.968122,4.685036675262715,-6.12613761837985,7.712271440236363
1768916047.9880483,4.763818786017875,-6.073821096394845,7.719149702980756
1768916048.0080209,4.868701127507364,-5.900497107329183,7.6498442325704605
1768916048.0280354,4.94725448881373,-5.839792076033447,7.6536591554883495
1768916048.0479608,4.7279058293802905,-5.576257700540783,7.310796363894189
1768916048.0683613,4.81811141292544,-5.620303171115456,7.402837653401082
1768916048.0880117,4.623881358921828,-5.568983110744046,7.238359738859157
1768916048.1085434,4.720184478334669,-5.683268573885762,7.387806385689126
1768916048.1279993,4.537775076806021,-5.339679345888927,7.007394534675115
1768916048.148473,5.180097031490252,-5.189118741346567,7.332145563711095
1768916048.1679869,5.312744684743386,-5.53561321179968,7.672566045067339
1768916048.1880913,5.42341852786517,-5.718816287648902,7.881518144384975
1768916048.208132,4.8427751935644,-5.027570523003606,6.980611501808237
1768916048.2280161,4.928160112293487,-5.1200247627220765,7.106434806799244
1768916048.2481425,4.817735175464215,-4.936101790781093,6.897512095665909
1768916048.268089,4.888267129125609,-4.94438939701347,6.952851360052878
1768916048.2879865,4.658404313699876,-5.045713644871686,6.86731074991819
1768916048.308359,4.322755683627943,-4.722678333190801,6.402336084518488
1768916048.3279448,4.40567192908178,-4.922969522522472,6.60647970301766
1768916048.3480196,4.872970547233056,-4.882226053618341,6.897968772967195
1768916048.368525,4.936578610938724,-4.873058063627864,6.9366060341831615
1768916048.3880258,4.640984406314097,-4.883225990486617,6.73681173358842
1768916048.408022,4.695856257078908,-4.869218195158881,6.76463981444788
1768916048.4279442,4.577864932019942,-4.5688292948990465,6.467692669085759
1768916048.44812,4.534709420282134,-4.180481976830858,6.1676591252275905
1768916048.4681256,4.58773361250271,-4.1804197063094435,6.206706745141703
1768916048.4881344,4.7935041740622495,-4.005230350836959,6.246563249501101
1768916048.5080266,4.849309340208162,-4.002829279254744,6.2879601872061155
1768916048.5280228,4.900123731884236,-3.9604501629191855,6.300506176549761
1768916048.5480924,4.411530042560138,-4.192836412879659,6.086170758496694
1768916048.5680022,4.461897458187195,-4.229138944706726,6.147694294693944
1768916048.5879629,4.031299327182431,-3.9746554506753125,5.661206604331315
1768916048.6079586,4.460010376503583,-4.015677820921946,6.001446568950194
1768916048.627958,4.527688947189173,-4.187324880402478,6.1671433303059064
1768916048.6479378,4.0294577183266185,-3.7001002691715286,5.470582373541704
1768916048.6681876,4.091228532888174,-3.893275383424541,5.647631726617612
1768916048.6879683,3.9253692869316232,-3.5471426188942186,5.290628015421404
1768916048.7080314,3.9925110553980687,-3.803668625581473,5.514348514621528
1768916048.728121,3.692573556468645,-3.2813367804957423,4.939865437131426
1768916048.7480159,3.714393594224539,-3.2399742967771115,4.928909942024974
1768916048.7679641,3.606891626737667,-3.2903913981080883,4.882247715937199
1768916048.788062,3.6262880310369603,-3.251106861889001,4.870283432354185
1768916048.8080187,3.4893717503963444,-3.2015878584667377,4.7355971141922195
1768916048.8286839,3.561117231145179,-2.917678366217495,4.60373793592258
1768916048.848029,3.58383891270525,-2.9176762732773227,4.621334892416454
1768916048.8681352,3.4029998880760175,-3.130517396218684,4.6239104020594075
1768916048.8881571,3.4352345801078883,-3.225483911299855,4.712173923193331
1768916048.9083078,3.471961079112102,-3.3514873049623555,4.825658596522666
1768916048.9282303,3.1666581799253635,-3.3931320489131673,4.641235733061819
1768916048.9481149,3.1688886227832107,-3.314319584587045,4.5854737391443114
1768916048.9680128,3.09528134001523,-3.118106701461244,4.393558463881413
1768916048.9879394,3.391295354443656,-2.6901677998991476,4.328728101034454
1768916049.0079963,3.410765153520753,-2.69281131209691,4.345635936779395
1768916049.0279298,3.357082554229695,-2.794325829680961,4.367866769755639
1768916049.047952,3.3613097017922904,-2.699065549934707,4.3108418846215315
1768916049.0682166,3.2367395174357796,-2.6081586099229437,4.156798532313731
1768916049.0879545,3.248255890880465,-2.5831269355594166,4.150145912838755
1768916049.108078,3.144230682974964,-2.5712714655422464,4.061726669444041
1768916049.1280336,3.1490773851016414,-2.512893675629707,4.028811611676373
1768916049.1481907,3.1148894424546363,-2.8892481354668713,4.248563407437171
1768916049.168275,3.1371158130835575,-2.964083714030953,4.315934184910891
1768916049.187958,3.2572798486044725,-2.68555055687216,4.221617439517837
1768916049.2080665,3.171197548188097,-2.4217865506056313,3.9901809465647693
1768916049.2280855,3.1702732638957016,-2.3207779351363866,3.9289493241816973
1768916049.247991,2.8866222864820976,-2.312788538053848,3.6988618582705124
1768916049.2679622,2.9078235140039475,-2.4006802213565552,3.770769565195787
1768916049.2880573,2.84041423172717,-2.185944206684025,3.584174253929864
1768916049.3081403,2.842008036289304,-2.1436314427385943,3.5597985112405635
1768916049.3280308,2.843640314622977,-2.1006337646223607,3.53538575717284
1768916049.3480878,2.6477284694983148,-2.053957695984958,3.351001084017689
1768916049.3680234,2.7835469469973226,-2.196945253321098,3.546082634715133
1768916049.3880017,2.784223106482049,-2.1553917432258967,3.5210242648176853
1768916049.4079885,2.8647882805293996,-2.114684118227823,3.5607444182563257
1768916049.428011,2.8715380803450756,-2.1007022014101677,3.5579039736734615
1768916049.4485836,2.791588559067023,-2.2279477516144586,3.5716547799357397
1768916049.467938,2.815972934777662,-2.339400254119674,3.660942108033875
1768916049.4879274,2.7464984156595094,-2.181903584441672,3.507699644926802
1768916049.508074,2.754511657578579,-2.188098766884887,3.517827551967187
1768916049.5281324,2.495439586624098,-2.1842032851526145,3.3163176448226612
1768916049.548059,2.7716739783076427,-1.8168683491966657,3.3140892022304307
1768916049.568145,2.7663679602586733,-1.7263481089205444,3.260838770120239
1768916049.5881996,2.7796611394277733,-1.7393842957644257,3.2790202467195613
1768916049.6079457,2.770693012389618,-1.6253666923226966,3.2122510259032806
1768916049.6281257,2.761293159917095,-1.5071086514396548,3.1458093397803353
1768916049.6480517,2.8115932663048433,-1.9142513117608533,3.401384244643478
1768916049.6680186,2.803442632625785,-1.8055970816699305,3.3345871432245944
1768916049.6879673,2.835792644112672,-1.8232219416938156,3.371328843212615
1768916049.7079964,2.837764420057006,-1.7723528897057301,3.3457647361088805
1768916049.7279959,2.807373353952528,-1.7091453248522974,3.2867191680986574
1768916049.7479784,2.817834210354384,-1.694151090051026,3.287907777442152
1768916049.7681727,2.8193957368763876,-1.6401024382373883,3.261737011015599
1768916049.788072,2.8245272927929896,-1.662992542034183,3.277727661443795
1768916049.8080056,2.8448060300219318,-1.7172776903355293,3.3229450814260044
1768916049.828,2.7256479210484734,-1.5598788268287969,3.140442412129961
1768916049.8479948,2.7280081327079557,-1.525413868679828,3.1255264905102798
1768916049.8679285,2.7643527019297807,-1.8517561606862838,3.3272581413689686
1768916049.887933,2.757409532865168,-1.7661446051372458,3.2745341803363575
1768916049.9079676,2.4408403891539763,-1.5911853059726822,2.9136870942619617
1768916049.9280074,2.423257840130443,-1.476257834021518,2.8375192954874446
1768916049.9481506,2.404108010954264,-1.474636874960658,2.820334951974358
1768916049.9681032,2.37775452501997,-1.3092061612885333,2.7143576319285563
1768916049.9879649,2.5768747363286373,-1.5482422859347071,3.0062164896569095
1768916050.008132,2.557974867085349,-1.4120756352270636,2.921847535420393
1768916050.028162,2.4655739275890447,-1.3019638789726136,2.7882189179754664
1768916050.0481017,2.2811543862292893,-1.50496328788548,2.732870255188892
1768916050.067952,2.2871725625017874,-1.578019177752724,2.7787232420693457
1768916050.0881543,2.2614758875147736,-1.4418957377530814,2.6820396172244054
1768916050.1080422,2.4043416714256267,-1.14714253916131,2.6639810205981638
1768916050.1280286,2.402356147249183,-1.157898409019814,2.6668415370690015
1768916050.1479862,2.223830552480596,-1.8552011632404817,2.8960652068340913
1768916050.168238,2.2722525349916367,-1.3616236745876185,2.648990489596633
1768916050.1884801,2.257360023812293,-1.31732555840542,2.6136221807931586
1768916050.2079322,2.249134385742476,-1.311986056814419,2.6038265876215014
1768916050.2281072,2.22131704602835,-1.1711134493492832,2.511126466393696
1768916050.248021,2.2668755517485195,-1.2502587344933342,2.5887973405216615
1768916050.268289,2.2455595490632057,-1.1602149640041617,2.527575211756937
1768916050.2879333,2.2895227477477107,-1.2876252301214333,2.6267647678655015
1768916050.3083797,2.2544862873946236,-1.0779893692347127,2.498953681090037
1768916050.3281229,2.1253106959773618,-1.3407497981086482,2.5128779468100233
1768916050.3482103,2.1048982504538607,-1.2872764821462557,2.467321905680441
1768916050.3680115,2.040690857250567,-1.2939530501697138,2.41634717516121
1768916050.3884284,2.1934126981835433,-1.1570272646246682,2.4798732539461876
1768916050.408181,2.177738203820425,-1.148969344138285,2.4622498326019993
1768916050.4281857,2.0268153564274627,-1.0710478915811503,2.2924057396348076
1768916050.447981,2.005235759757099,-1.0539581567165381,2.2653472688128753
1768916050.4680114,1.9822740211339571,-1.0345424884859877,2.2359983129120127
1768916050.4880438,1.972869438599865,-0.7620653213575714,2.114936730915884
1768916050.5080872,1.9430318554729809,-0.6662490250882787,2.054083872390282
1768916050.5279832,1.9355224648236025,-0.8321766512621309,2.1068377229256856
1768916050.5481138,1.8724112779506719,-1.2919790657399943,2.274892063397131
1768916050.5681596,1.8373095809603086,-1.1448092895353756,2.16478516386616
1768916050.5880136,1.7186338049734395,-1.019888034387792,1.9984678527023838
1768916050.6080728,1.679851139296698,-0.8466600736214662,1.8811520753147846
1768916050.6281357,2.0457445910468977,-1.004694730187829,2.279140722435724
1768916050.6480467,2.016767230547412,-0.8821062435473852,2.2012408971112536
1768916050.6681087,2.0157355776569084,-0.9661871742927026,2.2353316476083696
1768916050.6882591,1.9900071571690887,-0.9701407880470274,2.2138883517957058
1768916050.7079458,2.1414530541410635,-0.6968984231853312,2.2519965797772183
1768916050.7279458,2.14161921543365,-0.630172934627149,2.2324091899674743
1768916050.748,2.115190947254572,-0.6019269899324815,2.199170035389913
1768916050.7679262,1.607111463739976,-0.9359867670469697,1.8598060342335396
1768916050.7880156,1.5686159375184303,-0.970614985771217,1.8446271737238622
1768916050.8080883,1.7637026368450286,-0.6503347029392472,1.8797824919551693
1768916050.8279533,1.7289973280895126,-0.5578800052340629,1.8167723745094297
1768916050.8480783,1.6942686889885223,-0.4234016411791668,1.7463720509215952
1768916050.868172,1.7655818756201285,-0.3986651574509743,1.8100312890344468
1768916050.8879356,1.9455986061883372,-0.6165666188996326,2.0409576996947596
1768916050.9085033,1.9588603598418395,-0.31213207680358224,1.983572620987046
1768916050.9280176,1.9283312531513914,-0.26203404695023025,1.9460532530333108
1768916050.948287,2.100938858257628,-0.2138433403828568,2.111793801573194
1768916050.9679754,2.069741597434902,-0.2605775260678964,2.0860802782357264
1768916050.9884698,1.9951433712704905,-0.16260734862770043,2.0017587821094502
1768916051.008155,1.9661478962133252,-0.10914948168989369,1.9691752484573986
1768916051.0284948,1.7749604394477885,-0.14415600804259476,1.7808047383864025
1768916051.0480347,1.7424949122213782,-0.1132701667668492,1.7461725715967418
1768916051.0679986,1.9056682667594806,-0.1826284519235628,1.914399303798996
1768916051.0882013,1.8756223969080779,-0.1614522463187047,1.8825584197109417
1768916051.1080964,1.7811946245489487,-0.14983339848657806,1.7874854790526573
1768916051.1282754,1.7542029837947979,-0.01759413991655734,1.754291213599947
1768916051.1480427,1.844636672590049,-0.06282882589542993,1.8457063458815668
1768916051.1681442,1.8187499685899482,0.031920646634929994,1.8190300646024324
1768916051.1880555,1.7062729034143622,0.1502298215220108,1.7128736731588272
1768916051.2083251,1.6792325388876144,0.265778121373188,1.700135267988875
1768916051.227999,1.6522083415691178,0.35902569331728884,1.6907666463508602
1768916051.2480817,1.9959933298337127,0.4565855948327524,2.0475497010205763
1768916051.2679858,2.006215064884369,0.31716557029878345,2.0311309375694977
1768916051.2879903,1.9862079812772286,0.41125451239913247,2.0283373533162603
1768916051.3078895,1.9762492733320727,0.33297660281091623,2.004104440483341
1768916051.3281507,1.9554286250638029,0.4123130605717087,1.9984251718883357
1768916051.3479922,1.5246684194306575,-0.006524681143101674,1.524682380259311
1768916051.368839,1.4976429603224553,0.12115308590830054,1.5025353595934143
1768916051.3879695,1.4870146763255896,0.1889383897548811,1.498969767117024
1768916051.4084027,1.4602707118958342,0.29865092519209924,1.4904975434863565
1768916051.4280195,1.7320382895987798,0.32495647211425194,1.7622580246391863
1768916051.4482436,1.7106094089340544,0.4179249816893069,1.760921872274214
1768916051.468021,1.7715894291398016,0.4633970922376349,1.8311924995844056
1768916051.4880629,1.7606776207730235,0.45651399135363135,1.8188982128180176
1768916051.5080996,1.740898721593009,0.5497935514041039,1.8256509272064334
1768916051.528113,1.7286062860945783,0.5484451788877358,1.8135246914698713
1768916051.5479083,1.7091600695639677,0.638759971965527,1.824621178540167
1768916051.5678866,1.9518160878390738,0.8958335950064047,2.1475809346074772
1768916051.5879433,1.9347297166450161,0.9332937300559152,2.148072685695479
1768916051.6079657,2.148287448070608,1.0434704932663372,2.3882984800596465
1768916051.6279387,2.1356449612958492,1.0843162479735682,2.395145324678197
1768916051.648152,2.13789845101968,1.0582698021534434,2.385486273492731
1768916051.6680124,2.1268573543022526,1.1274795875500914,2.407225046789706
1768916051.6880112,1.6914933136515629,0.6045724995540276,1.7962899368823924
1768916051.7080817,1.7448161143749488,0.767543485737896,1.906175824912585
1768916051.7281213,1.7269317451568007,0.8330995791996045,1.9173805468119445
1768916051.748446,1.671008770271726,0.8991444747041903,1.8975592472215723
1768916051.767949,1.653331979240491,0.9755938242533162,1.9197109010214246
1768916051.788139,1.6403634060405388,0.9795539390533605,1.9105805461670209
1768916051.8079545,1.6205809463761298,1.0192060547041848,1.9144355788855947
1768916051.8279388,1.6552803488748467,0.9880570368517567,1.9277473230284896
1768916051.8480432,1.63965323524668,1.096432843060036,1.972467417017482
1768916051.8678906,1.6490290403569041,1.0376524804589806,1.9483376109245254
1768916051.8879488,1.6366691354398633,1.1967558009459793,2.027537991259183
1768916051.907967,1.6246788042789717,1.0777384547523639,1.9496413500757934
1768916051.928292,1.6089829570141596,1.173964635525941,1.9917377140144694
1768916051.9481661,1.5309110047686758,1.0359222481677897,1.8484651494607205
1768916051.9681108,1.5149220659681113,1.1401475394432303,1.8960288177281333
1768916051.9878845,1.4474163945519045,1.1676967657912982,1.8597123315333188
1768916052.008265,1.393883662635023,1.2517663417382145,1.8734541999391123
1768916052.0279868,1.372883318304055,1.2983118908488933,1.889556130840569
1768916052.0480418,1.352419188070133,1.1984636188846949,1.8070286954142365
1768916052.0679655,1.3325372419540393,1.2702172987748916,1.8409528748182176
1768916052.0881386,1.6230744427447554,1.5225656704592971,2.225438578696875
1768916052.1079705,1.608400608515204,1.5879394797929969,2.2602000594985685
1768916052.1279895,1.5344746894905121,1.4557873374670685,2.115166505175529
1768916052.148028,1.5214846237702062,1.5634842655330061,2.181604572084146
1768916052.1681385,1.5049495757207332,1.6212520609938856,2.212087582067884
1768916052.1880217,1.5219098987750286,1.5706837741723767,2.1870659017134804
1768916052.2080064,1.637586204579904,1.5255127325638291,2.238052205522645
1768916052.2279558,1.6291369449843565,1.6517520414338165,2.3199939637623506
1768916052.2481494,1.446285361656404,1.3005821347850421,1.9450591859024786
1768916052.2679617,1.4317475187793285,1.380581262175891,1.9889458461712677
1768916052.2879915,1.4242843778449732,1.4755312362820483,2.0507994583130924
1768916052.3080285,1.4074357951993655,1.5319656007737663,2.0803350979019215
1768916052.3279564,1.4706098334788535,1.5509574001605806,2.1373259319620788
1768916052.3483372,1.4550430598833017,1.6100423593493147,2.1701121411147555
1768916052.3679538,1.5135540604496498,1.6930918846529686,2.2709922993663723
1768916052.387971,1.4877412613279972,1.797094969678966,2.333007584793342
1768916052.4080813,1.4769962634068499,1.9023790849889046,2.4084360371662394
1768916052.427936,1.5384051593077892,1.8147419581533804,2.3790709970211457
1768916052.4481168,1.5274110208681542,1.9018898946453469,2.4392969474878585
1768916052.4680367,1.5783773132391694,1.8440854165145133,2.427328977775696
1768916052.4882407,1.5685147433669542,1.9315424003101178,2.488191018462062
1768916052.508003,1.555532983638635,1.9872083986490061,2.5236243941697944
1768916052.5281293,1.5666384360915586,1.8470344554902454,2.4219604185881223
1768916052.5487998,1.6475606644217784,1.902266444939599,2.5165599079881
1768916052.5679867,1.637662909535738,1.9641420979282422,2.557302091291331
1768916052.5879183,1.6025105978955025,2.0187641875771334,2.5774889061664967
1768916052.6079695,1.596052540987472,2.1219187333052965,2.655169076413877
1768916052.627936,1.6216472213562625,2.111823024681698,2.662618297486187
1768916052.6486,1.6166052601925074,2.223959187780995,2.7494375854340807
1768916052.6680377,1.5864115579924025,2.20060285130754,2.712813030880447
1768916052.6882737,1.582520821117459,2.320131467639907,2.808448357439244
1768916052.7079833,1.717899999662798,2.2323991595790176,2.816875293038466
1768916052.7281044,1.714393980647234,2.3311886276980687,2.893715110163451
1768916052.74839,1.7080310501343128,2.5118486284317534,3.037557176478725
1768916052.7684817,1.7883817997093097,2.4387461841594273,3.024201119681639
1768916052.7880313,1.7842224021714905,2.51659034767329,3.0849111102936133
1768916052.8080385,1.8351871955963759,2.5099696567184466,3.109318208310016
1768916052.828146,1.8300967897780964,2.575935562848361,3.1598573201812448
1768916052.8480725,1.8367653317786647,2.502306662295034,3.104069186759551
1768916052.8679168,1.8314000680283797,2.5626614567946007,3.1498031607252823
1768916052.887985,1.828334057237253,2.6407831323535227,3.211937262303938
1768916052.908101,2.1077362583484884,3.084648414932669,3.735988219802562
1768916052.9279156,2.1832071655827434,3.1389816484186284,3.823558462605321
1768916052.9479208,2.1886560114862625,3.2366160994601287,3.907159954736874
1768916052.9680789,2.2617689781555192,3.424100576134091,4.103664662960227
1768916052.9883783,2.270056282971151,3.5350181985735567,4.201131894156982
1768916053.0080485,1.8257124400604674,2.803315645671507,3.3454154484993643
1768916053.027945,2.189686596111617,3.387609531376814,4.033686369348256
1768916053.0483153,2.1949718681009784,3.4836651131143945,4.11750217025869
1768916053.0679622,2.2720624662665827,3.50383096668995,4.176014762156956
1768916053.0880265,2.277309369709517,3.5880160063048976,4.249705498839526
1768916053.108022,2.2833670147477108,3.677699811830088,4.328884478704986
1768916053.1279747,2.3329921740035537,3.710135738532326,4.382688636247918
1768916053.1480644,2.4091287219917668,3.7575094399971896,4.463493966702955
1768916053.168017,2.41951435812798,3.859543673484275,4.555230740228199
1768916053.187961,2.4808637335866095,3.9571196447899553,4.670490418340227
1768916053.2084205,2.493100860132362,4.065557823576924,4.769099738487365
1768916053.2280903,2.6692945812327125,4.11974115364281,4.908910340841082
1768916053.2483761,2.6845341940327536,4.225605540505299,5.006242705151256
1768916053.268023,2.398057042712008,3.8298893515029384,4.518708889147016
1768916053.2880697,2.408012631644251,3.928511861051927,4.607790172803439
1768916053.3079665,2.442866954347714,3.794305453002856,4.5126879824923956
1768916053.3287969,2.4533409772804724,3.8840402343154814,4.593979809771149
1768916053.348097,2.417024246676032,3.8841313761301954,4.574765868988148
1768916053.367961,2.9781487830574065,4.769894351409878,5.623278607506316
1768916053.3881276,3.000373388664574,4.881783923041507,5.730100762000007
1768916053.4085426,3.0484079596505254,4.975971951837195,5.835502373740511
1768916053.4280586,3.0707516809412816,5.085391819332003,5.940599788079698
1768916053.4482343,2.683795835905425,4.305477888317977,5.073450496025198
1768916053.4679222,2.6998048051928265,4.398551756956881,5.16102737299181
1768916053.4880965,2.7170102623723764,4.494517180822243,5.251935781646909
1768916053.508119,2.760373425378507,4.536304677342223,5.310152688314414
1768916053.5280378,2.8216780701754587,4.613831565935147,5.408263016027297
1768916053.5480056,2.8436812246695986,4.714580102883389,5.505795896511451
1768916053.5681534,2.8060790213031233,4.682901461891504,5.459271524258807
1768916053.5879989,2.8278878834398355,4.784569381327078,5.557792191692526
1768916053.6080074,2.8092788149864205,4.719942517986983,5.492713794968094
1768916053.6280117,2.8285962307910744,4.818626061594358,5.587496197611397
1768916053.6479852,2.8151247311358674,4.720097550049292,5.495839165571907
1768916053.6680365,2.8372460370004404,4.8198469256577035,5.592932098751667
1768916053.6884167,2.7731834216637274,4.753762067552138,5.503526150123039
1768916053.708158,2.7978959953603635,4.855775251318004,5.6041748092083985
1768916053.7281184,2.7257500853887997,4.776085972864696,5.499155457721845
1768916053.7480795,2.7237904305131266,4.770987900143023,5.493756442787213
1768916053.7679257,2.7449360801927405,4.869060658563786,5.589492443962824
1768916053.7879517,2.613387063245167,4.710527020819274,5.3869153284793425
1768916053.8079607,2.630181316901062,4.802602068931879,5.4756589002862635
1768916053.8280149,2.5005618002664463,4.71119416100143,5.333681630881781
1768916053.8480427,2.5122663445138755,4.796637265195585,5.414721713960939
1768916053.8680415,2.5242232592258738,4.882447097686896,5.4963617715838256
1768916053.8880951,2.52449485727033,4.5868570217558755,5.2356787165004235
1768916053.9079783,2.4757656137353194,4.571140560078973,5.1985326193218535
1768916053.928079,2.4870625514393403,4.649524038873839,5.2729075397580845
1768916053.9479299,2.3975411242542073,4.568129355553474,5.1590705802072065
1768916053.9681306,2.4074544300923115,4.644791588170445,5.231627445691257
1768916053.9879134,2.3255284817219675,4.575063749206478,5.132181897458752
1768916054.0078983,2.3404946231529635,4.660027740295458,5.214764963191642
1768916054.0279648,2.270647622640727,4.55142971247248,5.08638899945544
1768916054.0479705,2.289873342559197,4.64279627956741,5.176782516054563
1768916054.0679584,2.2136194897660033,4.548707261240828,5.058739862251956
1768916054.0879495,2.2380429658307435,4.6483884223783924,5.159103724699277
1768916054.1080592,2.223474850731577,4.519390537461167,5.036738154989729
1768916054.1279697,2.25792722924162,4.632460733853222,5.1534384466337295
1768916054.1481798,2.227754918057716,4.534853727088258,5.052503369718481
1768916054.1679852,2.247788440248339,4.62126695946986,5.138935802556972
1768916054.1879349,2.245321231817318,4.523227004549149,5.049856430506941
1768916054.2079759,2.2574787413465387,4.59411646992735,5.118800289803197
1768916054.227967,2.2117736278465365,4.5776651522538,5.083990639939873
1768916054.2481713,2.2269181439346433,4.654051234247863,5.159395052793435
1768916054.267965,2.1514088023588087,4.639101141237614,5.113689395485328
1768916054.2887988,2.1648454520141627,4.628308449277114,5.109578743179942
1768916054.3081462,2.1872815207157643,4.713920212190896,5.196657023295508
1768916054.3280034,2.227815959882374,4.657972439843128,5.163319784929533
1768916054.3482702,2.2525615444338456,4.745560153443403,5.25303480679616
1768916054.3681343,2.3304405427628545,4.703861568612222,5.249501574437316
1768916054.388066,2.3628617585177807,4.797860181419626,5.348137807715664
1768916054.4079347,2.6061289457859225,5.255542958696601,5.866228760691887
1768916054.428012,2.649729454361335,5.367301251543648,5.985732111123252
1768916054.4480703,2.3440462534903013,4.999062407210918,5.5213384056487005
1768916054.4679792,2.379811749748196,5.098408660021732,5.6264797901373615
1768916054.4879663,2.3998338528760677,5.1725278394592955,5.702126513099428
1768916054.5080898,2.423750812989727,5.253303724391586,5.7854790660908
1768916054.528035,2.801961543082701,5.71613957612734,6.365943774703294
1768916054.5480936,2.829387022534018,5.798628027492114,6.452094072818607
1768916054.5681937,2.6601969723067995,5.476709166719175,6.08859517691036
1768916054.5880003,2.695460781340472,5.567866634926542,6.186004177825359
1768916054.6080828,2.297722935237182,4.829143610078088,5.347911619863683
1768916054.6279774,2.3323696657768096,4.915099731891459,5.440418516279361
1768916054.6484575,2.3569468871006976,4.986426933419747,5.51540136263423
1768916054.6681197,2.263203559250961,5.048994111482212,5.533030985670356
1768916054.6879447,2.223180614687557,5.080583583093944,5.545706590717385
1768916054.7082481,2.2411112404479,5.1447056089393115,5.61164640677881
1768916054.7279742,2.7202813073552434,5.881574067217663,6.480188569734191
1768916054.7480125,2.7021029865966852,5.769267823286274,6.37069947234847
1768916054.767874,2.723653609277541,5.835120868743335,6.439481697790168
1768916054.7879522,2.62421367891357,5.858680746226334,6.419551192941781
1768916054.8081563,2.6577404061361634,5.9430207781025,6.51022887734117
1768916054.8279378,2.4475300443172827,5.500173485156878,6.020158775701727
1768916054.848356,2.4849613073128047,5.58581603888252,6.113621964030731
1768916054.8680544,2.512407599729876,5.47981290583267,6.028311656683878
1768916054.8882143,2.5815373043313627,5.6029559692457305,6.16907208962262
1768916054.9079742,2.400777589699686,5.512142598295675,6.012274865568775
1768916054.927998,2.4859314974530857,5.656085848502531,6.178281519618538
1768916054.9481127,2.3120127832835884,5.510197796070724,5.975590586870003
1768916054.967958,2.415414453021384,5.675518238070325,6.168122425060439
1768916054.9880087,2.393297251319151,5.502072899849303,6.000056493769698
1768916055.0079927,2.426352983426872,5.572057718819266,6.077418532735576
1768916055.0279946,2.2632714678516734,5.390527611648956,5.846382271896123
1768916055.0480866,2.2859494171616532,5.446693457993305,5.906947973629763
1768916055.0679684,2.1915119539100143,5.332955548798839,5.76568638841854
1768916055.0882156,2.122247978276887,5.251705136648283,5.664304310645598
1768916055.1079655,2.1345284192147886,5.292923722533079,5.707123014706184
1768916055.128024,2.1471105192413393,5.33445043359324,5.750343034141522
1768916055.1479726,2.17776281064379,5.3826261187012285,5.806489024629926
1768916055.1682882,2.2104345777020225,5.447273967717823,5.8786745701456375
1768916055.187986,1.8412459818447644,5.062076706719221,5.386539459650213
1768916055.2082489,1.7206995776839786,4.9675962522050945,5.2571683976798695
1768916055.2281723,1.7760413977741951,5.057844212082298,5.360607346215736
1768916055.2479808,1.735404631627059,4.94165971805084,5.2375213607658875
1768916055.2684705,1.7925642023693893,5.030436537713069,5.340278848484867
1768916055.288192,1.8184773891674428,5.059581993705045,5.3764514287713565
1768916055.3079631,1.8806578867073345,5.150808963802952,5.483402873073192
1768916055.32799,1.779889363078217,5.057370904070051,5.361436990782724
1768916055.3486385,1.68723236942453,4.97724928330047,5.255450836659873
1768916055.3680923,1.6940115886979132,5.004269948789453,5.283218051812742
1768916055.388184,1.700402981944423,5.030930790848796,5.310521153645467
1768916055.4080107,1.7359944939904715,4.94790616131727,5.243610613343313
1768916055.4279428,1.710523113549252,4.909320501634774,5.198780348289176
1768916055.448271,1.7418679025019177,4.958860250605415,5.255891815363101
1768916055.4679015,2.210916941805756,5.587641183696313,6.009150332726154
1768916055.4879398,2.2533145102546737,5.6496339052336175,6.082416423206283
1768916055.5080788,1.965849324156137,5.195313088361615,5.554803475496379
1768916055.5282893,1.9790254235411506,5.222369880786225,5.584772940663332
1768916055.5478969,1.9938121727698412,5.250539697496336,5.616355944495515
1768916055.5679255,2.1135392737963734,5.364392718556633,5.765739978596254
1768916055.5884173,2.207985207547445,5.47389745130301,5.902436105891357
1768916055.6079032,2.3197788769997025,5.731491131638254,6.183151674528287
1768916055.6281612,2.05516983773909,5.384629586537049,5.763502307292213
1768916055.6480649,2.124563545232869,5.465755951136529,5.86415026880424
1768916055.6679802,2.1195651503997794,5.626847144547341,6.012816745493729
1768916055.6879945,2.2211087716975584,5.73910994311462,6.15391802958643
1768916055.7082171,2.1374606280393227,5.4593741103634414,5.862892086106044
1768916055.7280226,2.1083192147448706,5.4210800308111295,5.816624331321529
1768916055.7479334,2.140206260390439,5.455845386584652,5.860608476884586
1768916055.768004,2.1429176981982003,5.462825982306324,5.868097134013046
1768916055.788114,2.130725819584491,5.455799131231277,5.85710992543148
1768916055.808075,1.9371521165069812,5.294885116054832,5.638117302318786
1768916055.8279526,1.9688718627746216,5.325943914344105,5.67821582812459
1768916055.8480015,1.5933857546659826,4.8469378604980875,5.102125516557022
1768916055.8681421,1.63563962638238,4.881820417499075,5.148542276810314
1768916055.8883767,2.07987969939116,5.4232000733642565,5.8083559291487585
1768916055.907918,2.1850488659366327,5.509310389443261,5.926798420206176
1768916055.9279854,2.0190133932868353,5.363782938144965,5.731193810176607
1768916055.947968,2.158845226330346,5.473045737062179,5.883437970372749
1768916055.9679627,2.0822614776043267,5.442211729274291,5.826961589659367
1768916055.9884064,2.2613062479848463,5.576742872484136,6.0177709339071646
1768916056.008076,1.9879922322174561,5.285214005415185,5.646733586631634
1768916056.0280259,2.079096577810393,5.346984421453033,5.736975246863483
1768916056.0479991,1.9355945686730607,5.3537449780804245,5.692900106676562
1768916056.0681589,2.007823351533185,5.40184371152116,5.7629220101145435
1768916056.08799,2.022816696299449,5.370785600685206,5.73908750197759
1768916056.1081164,2.2126328513688875,5.50226688950427,5.930487758885588
1768916056.128066,2.038014250560357,5.188826285084726,5.57471257575431
1768916056.1479583,2.211876643339668,5.302876005395024,5.745684660155467
1768916056.1680796,2.053269065334554,5.235577084167261,5.623804873830278
1768916056.1885383,2.2074975971831208,5.334633373851371,5.773331696254608
1768916056.2080023,1.9868465656769505,5.142567835553793,5.513035753449701
1768916056.2282553,1.8137507878163017,4.928205804266264,5.251371665527774
1768916056.2479954,1.8667266699620555,4.9526564198109675,5.292775649226256
1768916056.2679622,1.7233622704473195,4.896703574977254,5.191115816122422
1768916056.2880807,1.7534601309935205,4.905518035633431,5.209484583805646
1768916056.3079731,1.761568067187362,4.808267592456939,5.120796744258247
1768916056.3280113,1.897664870388395,4.888773880999633,5.244162661459923
1768916056.347989,1.8305439949707267,4.837607651264381,5.17236300979495
1768916056.3679612,1.990351016322581,4.933650769471326,5.320000665721889
1768916056.388157,1.6567923955726656,4.49348247775065,4.789190518227431
1768916056.407922,1.770854476120892,4.55353734101854,4.885757657891721
1768916056.4282818,1.8965686185163229,4.932941455436444,5.2849677319265
1768916056.4479325,2.0161998865345154,5.0022924519020044,5.393328448816886
1768916056.4679892,1.8411577281106624,4.78035737546829,5.122663215259783
1768916056.4889235,1.866110058112783,4.782178050387074,5.133380334106719
1768916056.5081906,1.6819860646179334,4.581021484553464,4.880044565729841
1768916056.5279772,1.7091076205434623,4.583636758040024,4.891909114880958
1768916056.5482464,1.6891568317236194,4.553687532978497,4.856883872418854
1768916056.5683682,1.4525550635801263,4.167724168227071,4.413597280581487
1768916056.587932,1.4771616376968453,4.164735531972662,4.418939754642378
1768916056.6082408,1.6179304330390032,4.516180619946397,4.797247781606991
1768916056.6280186,1.739068402875974,4.584218957396271,4.903001362352752
1768916056.6483896,1.6401866630511073,4.515312263854776,4.803983464768386
1768916056.6681235,1.7861818086358667,4.600709784352011,4.935278712832136
1768916056.6879523,1.6117597689680832,4.363820460911338,4.651956423692347
1768916056.7080424,1.828457317667512,4.4954990480619905,4.853119394127671
1768916056.7280219,1.8451598453726508,4.735209750187284,5.082010058357258
1768916056.7479334,1.8956855584119268,4.758044305656895,5.121777948229066
1768916056.7679474,1.5665197842191914,4.254419996888821,4.533660082568787
1768916056.7879841,1.5869423762852977,4.25135235438551,4.537883090912462
1768916056.8080444,1.601677408468304,4.15676937399089,4.45467194632179
1768916056.8284512,1.2706382311804578,3.8061332887197334,4.012626586917588
1768916056.8479347,1.2909134823905006,3.798397021525421,4.011767385099834
1768916056.8679428,1.3824869785417748,3.8593976935633325,4.099539096400903
1768916056.8880832,1.5060211424370733,3.9185077217502062,4.197952173010486
1768916056.908024,1.5553177139243584,3.9271351165478574,4.223908547171712
1768916056.9281325,1.2944460897420527,3.576497594869945,3.8035412085790514
1768916056.9482014,1.2725586704990253,3.570773430645474,3.790755658554887
1768916056.9680984,1.424443982712619,3.6389666875481854,3.907827940553627
1768916056.9882655,1.4165966746616339,3.6049765220102543,3.873319230699627
1768916057.0079498,1.5589595327637644,3.6648019807586003,3.982603216862957
1768916057.02796,1.3496479389851164,3.413173493403635,3.6703273498803815
1768916057.047909,1.4721908145705878,3.459145510678617,3.759392698103517
1768916057.067999,1.2118367827522771,3.247858104603102,3.4665733304904203
1768916057.0879989,1.222880375623568,3.222835921077424,3.447043339917879
1768916057.1082296,1.0235430464950572,2.9447728686202286,3.117583618091132
1768916057.1279643,1.1152405013671816,2.968504807115071,3.171085329308407
1768916057.1481514,1.1878517964974893,2.9327175676727,3.1641466815206893
1768916057.1680532,1.334914704284167,2.9898747622776813,3.2743470130423113
1768916057.188152,1.035111426031123,2.6121186564874534,2.809736560581793
1768916057.2080915,1.1213845092209491,2.6277397594603293,2.857012331259587
1768916057.2280774,1.1892907791934848,2.7165402952867623,2.9654685520826782
1768916057.2480237,1.053453761433778,2.6647065895827,2.865384099216794
1768916057.2680137,1.213703724990765,2.729732337717275,2.9873927374277183
1768916057.288014,1.2134683753074833,2.6943849477922885,2.9550322747410114
1768916057.3080926,0.9541141168352147,2.345263356507253,2.531915077430503
1768916057.328035,0.8434907207673459,2.3065293827332454,2.4559223093234084
1768916057.3480217,0.7279779475793895,2.197064023356873,2.3145285081180123
1768916057.3681495,0.8782386540328282,2.161509251947752,2.3331149520958294
1768916057.3880117,0.7923067137108162,2.0689266126528185,2.2154474169192775
1768916057.4079902,0.7937616096373048,1.9958799245752061,2.1479278773404697
1768916057.428092,0.7327054441627923,1.9183633635648096,2.0535275168776006
1768916057.4484503,0.8127232718191952,1.9896391594410403,2.1492284897929643
1768916057.4684927,0.6239810008368041,1.8764125783813412,1.97744189641896
1768916057.4880629,0.697447650651251,1.8903718927152395,2.0149290603310943
1768916057.5080495,0.5687626022358723,1.814858709493679,1.901894590435333
1768916057.5279615,0.7153972950861314,1.8802324864514537,2.0117324605732168
1768916057.5480213,0.5772924903679,1.678240548458211,1.774755745989991
1768916057.568006,0.6116983235931341,1.670592954908189,1.7790603306452328
1768916057.5881076,0.7506296075645302,1.6220886645267303,1.7873489987516684
1768916057.608157,0.7341107858026468,1.579495015339421,1.7417586369281643
1768916057.6282125,0.6912802758603909,1.5197188838890296,1.6695550023412036
1768916057.6479971,0.6158899257167514,1.0927899889559995,1.2543964128463694
1768916057.667943,0.6263742506009411,1.0654439069688788,1.2359269479677994
1768916057.6880283,0.638645273944416,1.0752166464332884,1.250583312977902
1768916057.7079616,0.555504882370113,1.0993478886970856,1.2317270211860145
1768916057.7284012,0.632488644170258,1.1324483833323402,1.2971049402096817
1768916057.7479446,0.5853213018463288,1.0806862987307841,1.22901745417204
1768916057.7680578,0.6069568919341393,1.0805879991102731,1.239381737999836
1768916057.788124,0.6259021116861945,0.8753110841699376,1.076068281980279
1768916057.8079865,0.43254822248514735,0.7821258373897129,0.8937666307754055
1768916057.827915,0.4182221568236528,0.761901567687298,0.8691396730690588
1768916057.8481076,0.6103314633029013,0.8920851744691003,1.0808887332214292
1768916057.867979,0.5498026677115364,0.8360572622545659,1.0006371566113874
1768916057.8878996,0.45822279654075615,0.7093952623092594,0.844517477294848
1768916057.9081886,0.4398436807404096,0.6932144081879947,0.8209803159678697
1768916057.9279501,0.5578851516945198,0.4884621709407968,0.7415059911567901
1768916057.9479318,0.5210523779234295,0.45323711662721866,0.6905935595038629
1768916057.9681518,0.5737164010998095,0.4245699550875761,0.7137297497330372
1768916057.9880295,0.6749432163541842,0.527520868666703,0.8566368029575918
1768916058.008163,0.5217444305931762,0.45732738524420746,0.6938051514289163
1768916058.0279968,0.5454337088397603,0.4970846577468473,0.737964150691615
1768916058.0479844,0.5071838914281157,0.3213831670696812,0.6004353752069453
1768916058.0680118,0.9702428392563736,-0.04671717966217459,0.9713669039059634
1768916058.0880382,1.0379107297747368,0.036115593987143146,1.0385388866626857
1768916058.1079698,1.0672243545571787,-0.1297102956685663,1.0750779431103652
1768916058.1279953,1.0227781054304081,-0.1662002655687056,1.0361937952057634
1768916058.1479652,1.137934955368065,0.015602123931447665,1.1380419100014256
1768916058.1679437,1.095091203752185,-0.013701870978140462,1.0951769198644168
1768916058.1883452,1.080019158492271,-0.11411972853545649,1.0860316271413826
1768916058.2079878,1.0380696850379385,-0.13951684934256425,1.0474032758423284
1768916058.2279882,1.0881337939288516,-0.2801480560172487,1.1236183011949565
1768916058.2482462,1.041417063246108,-0.30925534430771684,1.0863647488772048
1768916058.2681694,1.1190601254628927,-0.11175639354663347,1.1246266295529264
1768916058.2883372,1.106614579832101,-0.08458105616010725,1.109842233544091
1768916058.3079953,1.0826563073805868,-0.21620857981227148,1.1040338898310174
1768916058.3280377,1.1021912512769205,-0.1340227948396402,1.1103097153173127
1768916058.3482342,1.1005545263016092,-0.3084994002899789,1.1429751289254881
1768916058.3680534,1.042843818066702,-0.3325554437294429,1.0945850136165867
1768916058.3882022,1.1471626169855718,-0.31366585059700036,1.1892721873649974
1768916058.4082403,1.0355114051947751,-0.4196851897209175,1.117326956964496
1768916058.4280307,1.0099823445269358,-0.38612641328808683,1.0812760717295322
1768916058.4490473,1.1521059881348652,-0.31270602566952377,1.1937894564730596
1768916058.4679601,1.130895173018473,-0.27030803492599187,1.1627511883898607
1768916058.4885411,1.0007103797329187,-0.40444162347007895,1.0793490125535463
1768916058.5079975,1.1710641985513721,-0.3767949500325234,1.2301893315659909
1768916058.5279212,1.1280264357214715,-0.36464702109025415,1.1855003541443938
1768916058.5480533,1.5010000024664603,-0.26650791607008895,1.524476131899852
1768916058.5681796,1.4609899042100682,-0.6267766424060637,1.5897611328968775
1768916058.5879645,1.4500950281039984,-0.5595218953271146,1.5542973788443388
1768916058.6079373,1.6986863145123579,-0.6689471728230778,1.8256575569201268
1768916058.6279726,1.7284516646511872,-0.5148838007735181,1.8035106002833594
1768916058.6482027,1.8055092632526808,-0.40305816937849226,1.8499512392476671
1768916058.667889,1.8035487596522284,-0.30023853180617843,1.82836848157701
1768916058.6880682,1.926288709881801,-0.4106230236648445,1.9695683439225338
1768916058.7079227,1.8691570837463036,-0.42683407355254266,1.917272940940972
1768916058.7280152,1.9885367222587966,-0.4243181618907883,2.0333037643898995
1768916058.7480798,1.9582009079987,-0.3784050164538941,1.9944275250217554
1768916058.76799,2.212249715617615,-0.1969035953473499,2.220995234148631
1768916058.787995,2.2051339259883083,-0.08622732106595121,2.2068191549021003
1768916058.8081052,2.2045447260034265,0.055018528236458586,2.2052311641637092
1768916058.8280332,2.6604692991994323,-0.12551232934872125,2.663428286401055
1768916058.8480256,2.630987902947643,-0.07550286889345248,2.6320710531191933
1768916058.8679037,2.8596183928703223,-0.018187371555672627,2.8596762287584845
1768916058.887978,2.82939892819844,0.033139375929695625,2.829592994253324
1768916058.908392,2.7650856513023463,-0.010702466346786288,2.765106363564343
1768916058.9279578,3.5808086571029136,0.14387488398269355,3.5836978975667306
1768916058.9480054,3.6183145668218764,0.15452774450584883,3.6216127800052624
1768916058.9679325,3.580054374251837,0.14921622928290823,3.583162682000515
1768916058.9880614,3.7532106105182788,0.30016477084961846,3.7651943876201392
1768916059.0080035,3.7698380243861553,0.48596419361536025,3.801031429439112
1768916059.028071,4.44524941854541,0.4663224869318707,4.469641938108312
1768916059.04799,4.476328684655929,0.6857871740361334,4.528556341831902
1768916059.068097,4.4309297695929075,0.6223679268023385,4.4744251540702855
1768916059.08794,4.453556034331594,0.8431448425241479,4.532665283958924
1768916059.1085236,4.42544493620758,0.8704750857383869,4.510242760461631
1768916059.1280057,4.412763323832568,0.9700349470110092,4.518124384142662
1768916059.148004,4.375651753208055,0.9708109520028998,4.482053343042841
1768916059.167989,4.349550519665506,1.0344690514629704,4.4708741809133
1768916059.188196,4.2966633289151535,0.9712714610723454,4.405074802218216
1768916059.20798,4.256127268063784,0.9743002250688537,4.3662203621124425
1768916059.2279546,4.213495487850945,0.9756848012384864,4.324986133793733
1768916059.2480285,4.169446528082956,0.9771177643268363,4.282410941970199
1768916059.2679548,4.144193357163994,1.104975200225665,4.288975259275335
1768916059.2884564,4.0802795007598185,1.0075707508505385,4.202841850735084
1768916059.308066,4.046599385396384,1.1068107728061936,4.195234996122415
1768916059.3278768,4.009120601651594,1.204619348646812,4.186186304229842
1768916059.3480284,3.9676306134253903,1.3004650889611984,4.175320602324712
1768916059.368002,3.9126645764123644,1.3019885353850356,4.123605004578666
1768916059.387965,3.8629403911330424,1.366693183733675,4.097579617763539
1768916059.4079475,3.8107204299231228,1.4306640093918155,4.070428687841433
1768916059.4280064,3.7480755687556346,1.3998272315822344,4.000948231029996
1768916059.4480035,3.676693073799038,1.2748115415155912,3.891428584119613
1768916059.467992,3.62188104932525,1.3665946459816158,3.871124289129321
1768916059.4879417,3.5561150108936825,1.3336756491180424,3.7979790293988995
1768916059.5079398,3.491109843475181,1.3304041684704302,3.7360170222702145
1768916059.5281162,3.4287497327855814,1.415922221405907,3.7096038153889475
1768916059.548236,3.356463273228366,1.3197983384849845,3.6066207672554933
1768916059.5679555,3.293503277292766,1.493962040703547,3.6165019586060363
1768916059.588035,3.2200771221305526,1.426002346254874,3.5217012031109323
1768916059.607974,3.1490122761732486,1.5642707476121451,3.516137267986687
1768916059.6280513,3.073408706823111,1.5530053784270166,3.4434963023937386
1768916059.6480734,2.9955986202756364,1.6274654318279644,3.409142828570296
1768916059.6688616,2.9157316777831,1.4917629277490345,3.2751866892490606
1768916059.688052,2.8348200951823177,1.6260152647100323,3.2680469110952983
1768916059.7078996,2.749969881663098,1.6960043571091923,3.230907787199678
1768916059.728131,2.667820778855294,1.6201913213016024,3.1212637866276376
1768916059.747927,2.5779693985039014,1.6854299772474626,3.080032536813037
1768916059.7680082,2.4865311871863867,1.7194753133004728,3.023149466682106
1768916059.7880847,2.397368312552498,1.6973771265614044,2.9374247115125622
1768916059.8080142,2.299039184209601,1.7550293470671399,2.892353570986448
1768916059.8281076,2.196987684830205,1.8086813308600327,2.8457130993649384
1768916059.8481905,2.092538909428688,1.8615433161266708,2.800725371272393
1768916059.8683178,1.9839800660521192,1.9094054288735336,2.75354426045849
1768916059.8879545,1.8781045086898285,1.933246436949684,2.6953141433865757
1768916059.907982,1.7811520532921215,1.8749430356273429,2.586100157340047
1768916059.9279342,1.6564790173068662,1.968621809716094,2.5728184087626143
1768916059.9480433,1.5657504044937323,1.8568472120424548,2.4288795561003274
1768916059.9685066,1.4333222989413876,1.9409744053353748,2.4128395004246834
1768916059.987969,1.3163701974330841,1.9563293557828079,2.357976896618708
1768916060.008403,1.1994400198245287,1.93726324572126,2.278518212430863
1768916060.0280573,1.0885819289709957,1.8972834958437907,2.1873946328185614
1768916060.0482793,0.9622626536146921,1.899839024967795,2.1296332396288737
1768916060.0679903,0.8416489044745443,1.8805617844885454,2.060311991830835
1768916060.0881298,0.7250293656656908,1.8340103406345882,1.9721210689590516
1768916060.1079392,0.5789147515904585,1.8790495040874156,1.9662068376496418
1768916060.1281512,0.43595642220550346,1.896623060848171,1.9460824846350444
1768916060.1481462,0.2738604008003609,1.9553978672695642,1.9744822963118445
1768916060.1681714,0.15740489954477255,1.8799234878868951,1.8865016890290687
1768916060.1882005,-0.01130230688356626,1.9326921267924142,1.9327251742310068
1768916060.2080429,-0.1394798255346661,1.8761845268089488,1.8813620067303634
1768916060.2279308,-0.3060016251656421,1.9015775036401834,1.9260410164257784
1768916060.247939,-0.40115791294528336,1.7562115928434316,1.8014457610364734
1768916060.2680893,-0.5442355128759129,1.7133354897822848,1.7976959681833884
1768916060.2880323,-0.6685959293797055,1.6303980728411176,1.7621629869870556
1768916060.30801,-0.8242982494470539,1.6062847819024064,1.8054413323652305
1768916060.328293,-0.9524162647009469,1.5175388675572883,1.791653134904734
1768916060.3479662,-1.1318924616101462,1.5303864255216908,1.9034871042565364
1768916060.3679812,-1.2937179158556056,1.4986828558529375,1.9798374550031343
1768916060.3881817,-1.468236318934796,1.4841930668760348,2.087713329938306
1768916060.4084692,-1.6464323623350552,1.4635338239064914,2.2028778398863946
1768916060.4281373,-1.8134825743070557,1.4260905773374581,2.3070442956488786
1768916060.4480104,-2.0062156093511483,1.4211842819879301,2.458590212819889
1768916060.4679713,-2.1779225058390814,1.37644888821778,2.576423486796444
1768916060.487966,-2.339179303114383,1.3117896854311617,2.6818933593493752
1768916060.5080013,-2.477232805359751,1.21048990133675,2.757166693036313
1768916060.5281205,-2.6035948452223536,1.090997883630422,2.822938628478216
1768916060.5481565,-2.742552651124388,0.9885854410937327,2.915286644316798
1768916060.5682862,-2.933596647124368,0.9500539825203234,3.0836004698602024
1768916060.5879688,-3.0864636619041406,0.8630382113567201,3.2048545818050034
1768916060.6080933,-3.3070207371584015,0.8512303626782298,3.414817606599364
1768916060.6279964,-3.4362658008959315,0.7277902830344409,3.5124921851139126
1768916060.6482117,-3.6476345393223344,0.693231042330396,3.712924320600643
1768916060.6679695,-3.8046987215266057,0.599534027568879,3.8516455459711176
1768916060.6881146,-4.005361222445977,0.5452155629998572,4.0422986693725615
1768916060.7079787,-4.1789977357167825,0.4609966116347657,4.204347743831941
1768916060.727941,-4.368114786804631,0.3882424780121596,4.385334538257519
1768916060.7479415,-4.544334980792286,0.2989680559377028,4.554158793468185
1768916060.7680779,-4.692901970966069,0.17989073338285877,4.69634853743355
1768916060.7879295,-4.8988893569933225,0.11460636199068475,4.900229744641693
1768916060.8081405,-5.048025543204812,-0.007621168582570448,5.048031296164753
1768916060.8280034,-5.25420815959604,-0.07748417094148152,5.2547794607492415
1768916060.8479717,-5.460977096576238,-0.15183060075320043,5.463087348803359
1768916060.8679564,-5.624051436390426,-0.2649974550056662,5.630291130157009
1768916060.8884401,-5.802606949950867,-0.3707494067627479,5.814439142190159
1768916060.9079914,-5.96425421857885,-0.4845613983791637,5.98390575900346
1768916060.9284668,-6.185277294662253,-0.5607289632882058,6.210641849449593
1768916060.9484353,-6.403242449646154,-0.6355976329975057,6.434710422390623
1768916060.968151,-6.564054260724594,-0.7569673329320494,6.607556876854179
1768916060.9882338,-6.711698881940261,-0.8932233168990145,6.770875111511822
1768916061.0080333,-6.871517230113117,-1.0165236516607479,6.946298969820342
1768916061.0281868,-7.07392752978326,-1.1148886525384718,7.161244822248752
1768916061.0480375,-7.260449748354459,-1.2231993698591417,7.3627676349864615
1768916061.068012,-7.44643260052467,-1.3347715487763097,7.565115568289707
1768916061.0880322,-7.631844698288688,-1.449636046313806,7.768300854470653
1768916061.1079369,-7.869613803896174,-1.5323579569194692,8.017414940653104
1768916061.128373,-8.02731897366385,-1.6727224355112895,8.199746962632839
1768916061.1479025,-8.23425031825012,-1.7763346251298024,8.423671586905394
1768916061.168164,-8.350750777225722,-1.9419463692788455,8.573575347805097
1768916061.1879523,-8.530732089258006,-2.0678148798415457,8.777770124353358
1768916061.2080474,-8.671718789600183,-2.218775495572075,8.951070967524275
1768916061.2282526,-8.863460717694002,-2.3441586925885147,9.168206796868349
1768916061.2479973,-9.04022353681336,-2.4767901588028707,9.373373516845309
1768916061.2680779,-9.154569147947129,-2.645397214699024,9.529127069573727
1768916061.2881007,-9.367113187923659,-2.7650226741197628,9.76668622736339
1768916061.3079662,-9.552491797166896,-2.8987794662589224,9.982636021059026
1768916061.3280134,-9.748621433147038,-3.0318010205926775,10.209183967158229
1768916061.347995,-9.907661745777474,-3.1834045825760526,10.40652804758189
1768916061.3681,-10.111781122581062,-3.318733855156637,10.64246737708646
1768916061.3881652,-10.245741485553918,-3.4845397732906243,10.822071706491547
1768916061.4081616,-10.412352754860729,-3.638040239038993,11.0296158896184
1768916061.4282908,-10.545515844708063,-3.807949473587197,11.211975009978476
1768916061.4479465,-10.698050880879423,-3.966895208139679,11.409844444261568
1768916061.4680479,-10.839782253684627,-4.133344068756017,11.601095314582011
1768916061.488051,-10.980627889944323,-4.30046830397281,11.792718791309232
1768916061.5081074,-11.183442225715533,-4.449935662658287,12.036249723967812
1768916061.528011,-11.311487108058724,-4.62165684109052,12.219224711600058
1768916061.5480204,-11.479464171225683,-4.782596344618707,12.43588860733379
1768916061.568165,-11.646052572576274,-4.946086135351585,12.652837965513019
1768916061.58812,-11.800656662302401,-5.112390858620568,12.860483581609566
1768916061.608041,-11.95347153538281,-5.279076199592616,13.067292269950661
1768916061.6279404,-12.132452651936909,-5.439933580234921,13.296213171759035
1768916061.6479132,-12.263665978497333,-5.6135174184729735,13.487367461430432
1768916061.6679852,-12.394602589383418,-5.7890847842293525,13.679900437786305
1768916061.6879888,-12.497735176782594,-5.969894504315398,13.850379956580406
1768916061.707961,-12.600872805582211,-6.151379889067027,14.022177790988088
1768916061.7280397,-12.721022515166982,-6.328889668073266,14.208422089100177
1768916061.7482314,-12.892261061512912,-6.49841719826447,14.437445111961516
1768916061.7680972,-13.017869235588687,-6.673316544831437,14.62867297954286
1768916061.7880666,-13.18340662295291,-6.842596932728707,14.853394998110936
1768916061.8081577,-13.299403960968885,-7.022032764459414,15.039384623786185
1768916061.827953,-13.452602546746949,-7.193755108704877,15.255249189861175
1768916061.8479717,-13.559362028906762,-7.375522469796731,15.435499030916848
1768916061.8679428,-13.694892528835915,-7.551776310021598,15.639034714871924
1768916061.8879917,-13.821853984115997,-7.730031664866029,15.836572769954197
1768916061.9079459,-13.961186251155572,-7.905722749794556,16.04416322953848
1768916061.928152,-14.0719988541782,-8.087344322790521,16.23041250083819
1768916061.9482138,-14.202118012593337,-8.266221762333394,16.432607165866965
1768916061.967978,-14.348503344123444,-8.440071342823185,16.646752010175042
1768916061.9880433,-14.474574334454992,-8.619857296928675,16.846816968883996
1768916062.0079625,-14.615637793615456,-8.79558057892661,17.058109679403266
1768916062.0279348,-14.726453955194465,-8.977763388147629,17.247280410198783
1768916062.0479856,-14.852542120385529,-9.157648572416793,17.44879751770057
1768916062.0679536,-14.955710720805378,-9.340926387369343,17.63309924371396
1768916062.0882354,-15.063693861158887,-9.524477311683924,17.822192368042092
1768916062.1081216,-15.175292121184812,-9.706600599600868,18.014094097774272
1768916062.1280468,-15.294691840865767,-9.886835084886819,18.212004461420353
1768916062.148116,-15.408173403413413,-10.069628690975271,18.406771297643942
1768916062.1680133,-15.506528097766864,-10.253098490477008,18.589740243001113
1768916062.1880252,-15.595986064518645,-10.438382132163618,18.7668485063884
1768916062.2080462,-15.721863499585279,-10.618813456414227,18.97198437490701
1768916062.2289586,-15.825293869978893,-10.81158842976554,19.165864719491047
1768916062.2485456,-15.943776535768702,-10.988402718244807,19.363599988660642
1768916062.268099,-16.049082879229893,-11.167539624641055,19.552161070641734
1768916062.288429,-16.151726621596225,-11.353222605826225,19.74269324069601
1768916062.3079834,-16.23590081040831,-11.535659081115178,19.916724267839136
1768916062.3279805,-16.345945499725467,-11.717149082815421,20.11172585605018
1768916062.347961,-16.44527002915372,-11.900523466151604,20.299491744873972
1768916062.3679707,-16.533602139177276,-12.08568046025966,20.47983573869941
1768916062.3879578,-16.62127047493673,-12.27083828395643,20.660109012103838
1768916062.4082417,-16.70665568714958,-12.457394043706273,20.83984190460993
1768916062.4280927,-16.797262174899288,-12.642637815952401,21.023422830682257
1768916062.4483712,-16.88693296939171,-12.82875386290252,21.20720233287892
1768916062.468134,-16.966108464362414,-13.013367402584926,21.382155353920005
1768916062.4883194,-17.058472724347745,-13.19867475734144,21.568414569397493
1768916062.5079653,-17.140247776287254,-13.38069974171168,21.744682554830806
1768916062.5284767,-17.222209189408332,-13.571061820718018,21.926655201044483
1768916062.5482597,-17.310810785199997,-13.751353905973374,22.10800543441958
1768916062.568366,-17.392187173804196,-13.936982422456122,22.287387772740214
1768916062.588105,-17.471235022540498,-14.119300395356923,22.463274402169684
1768916062.6089392,-17.555335102208588,-14.308827475843813,22.648009499386472
1768916062.6280777,-17.62962790368281,-14.488614674388405,22.81937192836855
1768916062.648533,-17.709335408714093,-14.675234448851182,22.99963188286028
1768916062.6680045,-17.78470638728728,-14.856973789139392,23.173809601642798
1768916062.6884894,-17.863366370688638,-15.046207491486072,23.355689199214424
1768916062.7080057,-17.93813264873504,-15.22804285807673,23.530191078931672
1768916062.7278955,-18.013736475312342,-15.412911423892847,23.707647297080428
1768916062.7479777,-18.09045125832881,-15.600519049166667,23.888085342559005
1768916062.768019,-18.167052865794812,-15.787987433776475,24.068700775855508
1768916062.7883308,-18.2442664816124,-15.977011199270216,24.25114731953298
1768916062.8079457,-18.319295878248546,-16.161233327141904,24.42912327794709
1768916062.8281634,-18.396272116722834,-16.349782169152085,24.611749323671354
1768916062.8479948,-18.472184666547626,-16.536638434503278,24.79278155166395
1768916062.8681402,-18.548614040499878,-16.72412096179254,24.974933528802392
1768916062.8881154,-18.62526112425987,-16.913136375483674,25.158587679012808
1768916062.9081142,-18.70124385983857,-17.099439878982256,25.34023216310534
1768916062.9280634,-18.777185833200512,-17.286405373028177,25.52258839802898
1768916062.9480202,-18.85371543586817,-17.474385069917975,25.70635562090562
1768916062.9681413,-18.93072844028702,-17.663407473117648,25.891474327300873
1768916062.9879372,-19.00598547656579,-17.849588090220003,26.07365104710028
1768916063.0081985,-19.083274805672083,-18.038802630369347,26.25966065367599
1768916063.0280635,-19.15887153124931,-18.225182751630566,26.442761668956734
1768916063.0479605,-19.23505037769352,-18.41245247522664,26.62715848874767
1768916063.0680106,-19.311386736560436,-18.600505840054485,26.812468651634884
1768916063.08805,-19.387883899192037,-18.78866623234188,26.998222550362343
1768916063.108053,-19.463848527669352,-18.97594672356159,27.183229270333285
1768916063.1284676,-19.54218447582022,-19.167940055340058,27.37347073449216
1768916063.1480756,-19.61632694241803,-19.351049256005975,27.55473443929745
1768916063.168547,-19.69442136603015,-19.543028868273343,27.74527365676738
1768916063.187979,-19.76866329889985,-19.72653657133385,27.927339538979393
1768916063.208027,-19.845258978739558,-19.914819228060825,28.114663946410317
1768916063.2280147,-19.921108732503566,-20.101987938089692,28.300892074196764
1768916063.248076,-19.997954425143558,-20.29107061121477,28.489396759837202
1768916063.2681653,-20.074171021512857,-20.479116999171506,28.676934551424807
1768916063.2881463,-20.150653266957328,-20.667204791534548,28.864895305203632
1768916063.307952,-20.226031837289874,-20.852580208747636,29.05034363385943
1768916063.328198,-20.302792706084826,-21.040801388736526,29.23899305288245
1768916063.348237,-20.379983368982884,-21.230229732015605,29.429005701759248
1768916063.368208,-20.45585923427423,-21.416600604924763,29.616092896992775
1768916063.3881001,-20.53253314907006,-21.60426731080804,29.80485335569544
1768916063.4085145,-20.610250154328952,-21.79437609105193,29.99628711394516
1768916063.4280019,-20.684688892535206,-21.977514160923576,30.180581228242865
1768916063.4481843,-20.761244541031015,-22.165312312863303,30.369892077833594
1768916063.468224,-20.83788890258309,-22.354004734244086,30.560090666995777
1768916063.488257,-20.914834914944656,-22.54266112912429,30.750640486043853
1768916063.5081363,-20.990569277039533,-22.7285344737469,30.93849184912699
1768916063.5286694,-21.068674403122987,-22.919817000971612,31.132090396612256
1768916063.5480063,-21.142834786341048,-23.10154423231829,31.316142941305394
1768916063.5680108,-21.219250379823688,-23.288863693015116,31.50599560073424
1768916063.588582,-21.29755503245641,-23.480314528981292,31.700331555685647
1768916063.60797,-21.372299761992853,-23.663414741155762,31.886241458165426
1768916063.6281233,-21.449485486409856,-23.852144195245824,32.078111078155864
1768916063.6480198,-21.525180199481948,-24.037340005831034,32.26650116105083
1768916063.6679466,-21.601680373278718,-24.2244310436186,32.45698159620404
1768916063.6878974,-21.678012746986962,-24.411040490545034,32.647130570534955
1768916063.7080092,-21.75470956299969,-24.598479605074168,32.83827929492835
1768916063.7281537,-21.83196261640195,-24.787244896113435,33.03092643605192
1768916063.7479467,-21.907803640632686,-24.97248465060568,33.22012718189464
1768916063.768035,-21.9843472540083,-25.159398599185632,33.41117869901519
1768916063.7880876,-22.06097772307459,-25.34651640599393,33.60256883063128
1768916063.8080773,-22.137570346100347,-25.533514217129763,33.79396941918645
1768916063.8280962,-22.214417815391265,-25.721187723544702,33.986171552362286
1768916063.8483121,-22.2921358228426,-25.91089601368596,34.18060636934502
1768916063.867961,-22.367448110931782,-26.094735197620405,34.36914226496138
1768916063.8879747,-22.44402742637847,-26.28151575565896,34.56085122694432
1768916063.90837,-22.52204974892518,-26.47178407413076,34.7562667293319
1768916063.9279716,-22.59730800986036,-26.65547257996319,34.94499317146405
1768916063.9482465,-22.674511164360233,-26.843777540529786,35.1386090958101
1768916063.967994,-22.750635179516877,-27.029473024287718,35.32964496060169
1768916063.9882245,-22.828024670012617,-27.21829492443528,35.52399595946723
1768916064.0080485,-22.904056168801397,-27.403695183152884,35.71495903224258
1768916064.028067,-22.980726472129398,-27.5906443646187,35.9076237816107
