timestamp,delta_x,delta_y,dist_error
1768910840.3798025,-2.4662144079348094,-0.09250767584444208,2.46794877904615
1768910840.4000044,-2.466168730111484,-0.09321597502980694,2.467929784937255
1768910840.41964,-1.7566626156471505,-0.1042664423348807,1.7597542544939226
1768910840.4396565,-1.755437642974397,-0.10646482488047848,1.7586631506085346
1768910840.4595895,-1.6386555250999102,-0.11092895824373894,1.6424059071123387
1768910840.4795973,-1.6373157569220798,-0.1151216635931096,1.6413579394189948
1768910840.4997847,-1.749145407076873,-0.11827254216487137,1.7531394837058063
1768910840.519653,-1.7480280912663373,-0.12497247923546251,1.7524897513031261
1768910840.539729,-1.0840850460890676,-0.13793253698406094,1.092824675743001
1768910840.5596426,-1.0813101844417305,-0.15369190045785608,1.092178060228165
1768910840.5797338,-0.7859245622191642,-0.10172289980533478,0.7924802621164714
1768910840.599803,-0.7821879833394663,-0.12171384724966572,0.7916011002348191
1768910840.619791,-0.19154395701943105,-0.19034822870265167,0.27003987787158146
1768910840.6398199,-0.1854536832267888,-0.22553888179081039,0.2919946160836382
1768910840.6598084,-0.17932555193065358,-0.23253888484374574,0.2936528333587237
1768910840.6795907,-0.1733146645617092,-0.26499066977203345,0.31663548130045166
1768910840.6998272,2.626921046540657,-0.22443234353217179,2.636490861274054
1768910840.7196486,2.6471859781287943,-0.2438764201452832,2.658396003439777
1768910840.7397082,2.6678313115993824,-0.26145700793362714,2.680612555769238
1768910840.7597427,2.6883037463686437,-0.27990861520923094,2.702836633170424
1768910840.7796245,2.708709642438876,-0.30929938697764303,2.726311434489114
1768910840.799781,2.7292243426236027,-0.337069020731116,2.7499601882765266
1768910840.819618,2.7496259367688243,-0.3702103907508292,2.774436614084329
1768910840.8396788,2.770162185490544,-0.39733894916482004,2.798513315038031
1768910840.859912,2.790868686361568,-0.42569803519538496,2.8231483917220426
1768910840.8796883,2.810992918659788,-0.46837353573056717,2.8497464725354478
1768910840.8996952,2.8314060963163037,-0.5182502499138071,2.8784446848589695
1768910840.9199111,2.8520740194481524,-0.5370516423853839,2.9021975602980543
1768910840.9397259,2.8724400813537008,-0.561164210664753,2.9267417536055773
1768910840.9595551,2.892845388979893,-0.5960503565042456,2.9536131215904136
1768910840.979536,2.91320462339415,-0.6374876845744692,2.9821387837840763
1768910840.9996507,2.933681086697419,-0.6916081663214566,3.0141012879743565
1768910841.0196402,2.954170316134638,-0.7309920162716228,3.0432665976847773
1768910841.0396307,2.9745029532453593,-0.8015690484326914,3.080613698318998
1768910841.059572,2.9948583680171774,-0.8632231962004457,3.116782143644471
1768910841.0796328,3.0153279933211987,-0.9014111957064825,3.1471804922901128
1768910841.0999057,3.035723530285307,-0.9672535168308691,3.186094273267753
1768910841.1198087,3.056178264963388,-1.0148628852786556,3.2202751843826554
1768910841.1398375,3.0767338248220817,-1.0496173172995293,3.2508441275427797
1768910841.1596482,3.097131220204272,-1.0850324475475173,3.2816942586711146
1768910841.179719,3.1177359138125773,-1.121106478241635,3.313179283382067
1768910841.1997168,3.138176269380309,-1.172781113547714,3.3501590765209834
1768910841.2196698,3.1584736863344656,-1.2334487932920633,3.3907745358458845
1768910841.239643,3.178789721568169,-1.3037448832015714,3.435761169584073
1768910841.2596006,3.1991979902190737,-1.3836713453433065,3.4856009772413588
1768910841.2796268,3.219611929451365,-1.4477742051478986,3.530148881471881
1768910841.2997696,3.2400204852076984,-1.5197345876168535,3.578732451771786
1768910841.3197546,3.260556398700456,-1.5996079466986775,3.631800326593967
1768910841.3400114,3.2811432059150327,-1.6634883498128294,3.6787354114811506
1768910841.359678,3.3012419311163548,-1.7193894872724584,3.7221631475130006
1768910841.379626,3.3217622166294998,-1.7432667500419559,3.7514108260265457
1768910841.399638,3.342202282154819,-1.799184876500223,3.7957057729318273
1768910841.4195952,3.3627423348863603,-1.815058072803228,3.8213180734512457
1768910841.4396405,3.383232418071671,-1.862975905742572,3.8622455670333085
1768910841.4595702,6.177427521708787,-0.08494747578740824,6.178011561951614
1768910841.4798477,6.224571193807332,-0.1396646260997736,6.226137868258269
1768910841.4997144,8.686030291831283,0.04838047503496501,8.686165028421648
1768910841.519686,8.769981838553603,-0.01073187139241849,8.769988404873954
1768910841.5396066,6.099430527243643,-0.21724472002417805,6.103298126836838
1768910841.5691216,5.057664075205984,-0.21355394911785108,5.062170600326803
1768910841.5797465,5.079266099442344,-0.28286735391319784,5.087136527443911
1768910841.5996666,5.101827727278586,-0.31134448348625465,5.111318963460009
1768910841.6195967,4.03787205279051,-0.38588465889373147,4.056268936433601
1768910841.6396363,3.581612598422007,-0.3985637920293259,3.603720563735767
1768910841.6595993,3.5787946937959676,-0.4270841621247876,3.6041881668248132
1768910841.6797574,3.5045032269633323,-0.38188872509748784,3.5252491920647246
1768910841.69963,3.5004957867258497,-0.40949164489020173,3.524365781260553
1768910841.7195928,2.179434385262881,-0.6174619608237757,2.2652137896301383
1768910841.7397778,2.1529775507415483,-0.6484148530709115,2.2485004237669264
1768910841.7598116,2.41123762288633,-0.5962172287789365,2.4838562474336863
1768910841.7799428,2.3898056326878594,-0.6097716015495878,2.466372309300234
1768910841.7995574,2.3684347631911082,-0.6635598051987421,2.459633070717564
1768910841.820191,2.346504890544872,-0.7088246168307402,2.4512277615057005
1768910841.839648,2.6136015697332624,-0.6580593617352242,2.6951725898130428
1768910841.8599868,2.5968036127960783,-0.718115145662841,2.694267686378087
1768910841.8796656,2.37455779433372,-0.7461282733813563,2.4890223219107668
1768910841.8997996,2.354293834908024,-0.8142380114919763,2.4911208321645772
1768910841.9196844,2.01796843582365,-0.7562329325106258,2.155013887703318
1768910841.93983,1.9922764699294229,-0.7984126385567016,2.146305727067213
1768910841.959807,1.8224028898892621,-0.7878421075050022,1.985408642933403
1768910841.9797182,1.7944579457693095,-0.8134034616527557,1.9702041799172225
1768910841.999644,0.9272981267789158,-0.9468496975286596,1.3252947467027099
1768910842.0196464,0.8839919333005986,-0.9743507334252381,1.3155991372248728
1768910842.0396385,1.3570703155379364,-0.8513485910167997,1.602009445896161
1768910842.0598192,1.322832116838918,-0.9080680818234859,1.604516266844035
1768910842.0796332,1.1615956020855664,-0.8979246757681416,1.4681869997169474
1768910842.099693,1.125380660616889,-0.9059298098497317,1.4447112000897884
1768910842.1196642,0.6659986667718973,-1.04302508265793,1.2375199178985066
1768910842.1396449,0.6222766417510819,-1.0764673514250802,1.2433865760708258
1768910842.1595774,0.7975330290619098,-1.041746135135293,1.3119809230754786
1768910842.179601,0.7576328181089051,-1.0570795256203143,1.300547811716782
1768910842.199907,0.7005650745884004,-1.0454974920741384,1.258513579452508
1768910842.2196217,0.820567103107221,-0.9988090464988137,1.2926522664930604
1768910842.2397678,0.7829974087129754,-1.0431127458246445,1.3042887496843112
1768910842.259654,0.6662286685295129,-1.0021314583183676,1.2033819420790333
1768910842.2795954,0.6275211693023444,-1.0210379899791868,1.1984579237100148
1768910842.2996535,0.7862638095095749,-0.9827923301592336,1.258606984870307
1768910842.3197765,0.7511324820885852,-0.9847086848045166,1.2384874644412027
1768910842.3396077,0.7447538878718492,-0.976759460135749,1.2282985778974567
1768910842.359733,0.7101147384004136,-0.994023431287685,1.2216159476866824
1768910842.379635,0.7381074900757554,-0.9793906994302111,1.2263803688237713
1768910842.399674,0.7046448281612161,-1.0364054449678939,1.253259981094684
1768910842.419704,0.7609668642270302,-1.0686604071612567,1.3119091562625753
1768910842.4395955,0.7294175185436007,-1.125406985061559,1.3411155052357169
1768910842.4598315,0.7984897072534443,-1.017235291980656,1.2931950556047844
1768910842.4797025,0.7690503621456637,-1.02314008134007,1.2799430009031423
1768910842.4996393,0.8590827684969691,-0.9897781100911469,1.310604406502595
1768910842.519636,0.9245004108211443,-0.9276062479557052,1.3096390192930745
1768910842.5398245,0.8987027592172936,-0.938218689727506,1.2992001228366532
1768910842.5598617,0.8726446788331552,-0.9484489467911135,1.2888227729850963
1768910842.579651,0.8578035560079442,-0.8852684677148446,1.2326910402165105
1768910842.5996885,0.9910384800087195,-0.815158275770298,1.28321482356416
1768910842.619709,0.9684402586350105,-0.8155045974627,1.2660664607467675
1768910842.6397712,0.9343370908718391,-0.8699643055791373,1.2766454842126853
1768910842.6597483,0.9113725136464845,-0.8947792837083435,1.2771960793801114
1768910842.6797473,1.0715974171094977,-0.830055956194458,1.3554755308634836
1768910842.6997242,1.052303497004016,-0.853263205074557,1.3547696287343418
1768910842.7196534,1.014759351423482,-0.8048369211911268,1.2951830029049245
1768910842.7399173,0.9947616470093852,-0.801284324090632,1.2773438465793796
1768910842.759562,1.0299648094364109,-0.8338371371654301,1.3251837155630997
1768910842.7798922,1.042851567693627,-0.725417788127652,1.270342615034649
1768910842.7996163,1.0250253556788902,-0.7441424062933009,1.2666589519790319
1768910842.8196082,1.0069322141438324,-0.7381825044745467,1.2485294925603139
1768910842.839763,1.0789084537516018,-0.7282346532536261,1.3016793621226779
1768910842.8596103,1.0515514350044084,-0.6645936550036775,1.2439634828767996
1768910842.8796918,1.0349014040486386,-0.6571980360828049,1.225940526588847
1768910842.8996089,1.0765922317050407,-0.69201528360665,1.2798187317400977
1768910842.9196162,1.0610914716625688,-0.6933960775845907,1.2675619241854543
1768910842.9396405,1.0456239104204679,-0.6788536203396287,1.2466641889022125
1768910842.9596636,1.057658419669413,-0.6386329843041727,1.2355134241839925
1768910842.9797847,1.071502339348549,-0.6608303930767496,1.2588939874522336
1768910843.0002317,1.0924244410163073,-0.5915197887047439,1.242290956160873
1768910843.0197937,1.0789342647024016,-0.6390454761416486,1.2539849553029008
1768910843.0397568,1.1035649148621562,-0.6422190692473437,1.276832351649833
1768910843.0597315,1.0905886387242134,-0.6563616413489362,1.2728684861950987
1768910843.0795898,1.1126790087179153,-0.5949168982584498,1.2617371724233766
1768910843.099766,1.1002656174040926,-0.5669711427347242,1.2377563191256702
1768910843.119599,1.1306459005551917,-0.5160649748200368,1.242852851579086
1768910843.1396697,1.1191485958343366,-0.5033587898749794,1.2271363619836106
1768910843.1596446,1.1076423887787739,-0.48258277290418894,1.2082043676975533
1768910843.17963,1.1327971498793108,-0.5123328844590294,1.2432676169163255
1768910843.1995952,1.1555776372740079,-0.5273512550508401,1.2702200683233889
1768910843.2196186,1.1454086708728752,-0.5077494689615814,1.2529048433706107
1768910843.2397509,1.1675349855697847,-0.4857445660728392,1.264549613893709
1768910843.2600636,1.1577388819008458,-0.5209194549117824,1.2695339291135976
1768910843.2795126,1.1648819317767902,-0.5447938151849868,1.2859821989607167
1768910843.2998247,1.1554536700024318,-0.5881868532151715,1.2965480931370246
1768910843.319751,1.1523311613837564,-0.38794600849306926,1.215882071173739
1768910843.3395832,1.1520130990997055,-0.4457295117906207,1.2352364057857155
1768910843.3597445,1.142971603008629,-0.4458662428627964,1.2268580976660264
1768910843.3796656,1.1340316621707789,-0.4466322179986433,1.21881423890608
1768910843.3999813,1.0968823293438135,-0.40961743381397353,1.170870311567876
1768910843.4195998,1.1362327446448282,-0.4497935369839947,1.222022534945936
1768910843.4398165,1.1276539578101872,-0.42621076772249555,1.2055119522790219
1768910843.4595878,1.0698122842963134,-0.4104611477538227,1.1458519439468091
1768910843.4796836,1.0603165579245575,-0.39475689823897575,1.1314169044681268
1768910843.4996161,1.0666277422997448,-0.43699533303724003,1.1526750026524297
1768910843.5198598,1.0573999718669356,-0.45416616573455926,1.1508091095408601
1768910843.539633,1.0333829109215236,-0.47157065865177716,1.1358957375947463
1768910843.5598223,1.0149741206808809,-0.4647574462947919,1.1163207198374416
1768910843.579614,1.0054746485910506,-0.4573923399119115,1.104620759160985
1768910843.5997527,0.9958227654934637,-0.4891556464277462,1.109475653949737
1768910843.6198218,1.104000661184907,-0.3180687271551639,1.1489060775758904
1768910843.639755,1.0965934094597554,-0.3226991820756533,1.1430887401172607
1768910843.6599133,1.0247805978225148,-0.40379370418683336,1.1014647653077219
1768910843.6799982,1.0160618971508963,-0.41795967255713573,1.0986683151551915
1768910843.6997857,1.1252702345051615,-0.24690676960220026,1.1520399531000196
1768910843.719575,1.0146307550389508,-0.3608582645574281,1.0768910140633128
1768910843.7396765,1.0063024347475302,-0.3273824241179928,1.0582172942265593
1768910843.7596018,1.1790132698096478,-0.2616768184123073,1.207703211754289
1768910843.7798479,1.1741398802840477,-0.2501422184310056,1.2004897283671454
1768910843.7995992,1.078490849983904,-0.3611221587731599,1.1373441550630097
1768910843.81959,1.0719576716335322,-0.3678011391685554,1.133300899032411
1768910843.839659,1.1791519535530872,-0.24137021417695514,1.2036024716906704
1768910843.8596623,1.174808158217397,-0.24533623358115975,1.2001516887968546
1768910843.8798287,1.027729121227793,-0.2793623124169322,1.065021336978085
1768910843.8996408,1.020666535307817,-0.2679505191795881,1.0552524138924648
1768910843.9197178,1.1351386567604118,-0.17794211068566534,1.1490009420479608
1768910843.9397573,0.9952679195321545,-0.2255268454321584,1.0205001664186262
1768910843.9595935,0.987946811098519,-0.20593359904608421,1.0091816232848307
1768910843.9800448,1.1489209641816789,-0.158227217134689,1.1597651633750459
1768910843.9996085,1.1448381975433009,-0.1385764010614965,1.1531946572393363
1768910844.0198328,1.1407958811392387,-0.15765561534974726,1.151638196429573
1768910844.0396323,1.0878928647779604,-0.283250373395874,1.1241626480468474
1768910844.059626,1.0829251791118288,-0.2970871505543622,1.1229370946668815
1768910844.079622,1.2072698895950147,-0.13548600429080038,1.2148485682098185
1768910844.099706,1.1075007596515398,-0.25021146324969923,1.1354134528753361
1768910844.1197405,1.1031173638230927,-0.23913163815063676,1.1287390569713693
1768910844.139636,1.0799112511478848,-0.18153535641353358,1.0950631926898002
1768910844.159585,1.0752035391159165,-0.18450561138802257,1.0909193238553712
1768910844.179584,1.1079550206367985,-0.18594929531482407,1.123450696818676
1768910844.199637,1.103880463838335,-0.16496810573710707,1.116139128583183
1768910844.2195296,1.107666659650521,-0.11302999408372827,1.1134187031229135
1768910844.2400508,1.1037344485390577,-0.09886202281816647,1.1081531629010122
1768910844.2595942,1.1234046393847343,-0.1158489320955427,1.129362191176428
1768910844.2797363,1.1201178514685095,-0.13501214772660042,1.1282252794598158
1768910844.2996612,1.094256919829962,-0.06047010921026352,1.0959264759570586
1768910844.3196807,1.090503531551331,-0.06207891807849908,1.0922690805821254
1768910844.3397226,1.1404492992226336,-0.1432027155362281,1.1494048989952783
1768910844.3596506,1.1378529384814637,-0.1615623738276999,1.1492657265609827
1768910844.3799105,1.1544246053269944,-0.10997068096288931,1.1596506888092761
1768910844.3996053,1.155193979293009,0.006877477729041459,1.155214451733846
1768910844.4195912,1.1528134305317153,0.0319376700095555,1.1532557480368095
1768910844.4395711,1.150514631103218,0.04115836802819661,1.1512505928950996
1768910844.4599924,1.186335625922907,0.07284448681263367,1.1885699544380597
1768910844.4796085,1.2140903899157838,0.07423939014523029,1.2163580730751105
1768910844.4996912,1.2129733545061843,0.107030040143691,1.2176862437570466
1768910844.5196035,1.258176373806159,0.10095895688680834,1.26222046354022
1768910844.5397522,1.2581190553403063,0.09322783261574852,1.261568462741763
1768910844.5597765,1.2915701077040511,0.09476916194067453,1.295042291652899
1768910844.5797524,1.2922093034360635,0.07928914199093473,1.294639583793256
1768910844.5996165,1.292898137798474,0.06349650519493544,1.2944564113537127
1768910844.6196597,1.138803396643521,0.040225839089313986,1.1395136218304982
1768910844.6396658,1.0066672292376495,-0.033769028177715654,1.007233467317818
1768910844.6597002,1.0018609994124157,-0.043295441971851645,1.0027960697166611
1768910844.6801007,1.1243918350020365,0.013591384148392116,1.1244739767297045
1768910844.6997368,1.1220156210445298,0.019736627709836085,1.1221891945395386
1768910844.719739,0.9406480946679352,-0.07332771425398477,0.9435018768821453
1768910844.7395966,0.9347882419157578,-0.06844081641721189,0.9372903512657152
1768910844.759701,1.0446797430860384,0.0006759284072446192,1.044679961755524
1768910844.779885,1.0230457208111083,0.02692857104241586,1.023400065862958
1768910844.7997596,1.0190856573427478,0.033121535901612376,1.019623760581413
1768910844.8196204,1.0148793262336708,0.07922117860847688,1.017966621238941
1768910844.8396049,1.0111502790625222,0.045788264159997816,1.0121864709543407
1768910844.859861,0.9932633113834708,-0.013990049713943797,0.993361830971704
1768910844.879635,0.989285329651783,-0.04159042899268517,0.990159192881646
1768910844.899703,0.984714113196774,0.003835256840066137,0.9847215819326488
1768910844.9197526,0.9806122689618118,-0.006528568018626224,0.9806340011639442
1768910844.9397297,0.9765098002189294,-0.024906674463586853,0.9768273810435744
1768910844.9603143,0.9995541008489619,-0.03873750559711375,1.0003044510866994
1768910844.9796908,0.9880652578972997,0.021304708486755253,0.9882949177585418
1768910844.9997497,0.9841458266043857,0.03579476799799153,0.9847965644938347
1768910845.0195935,0.9932898676455917,0.01899140839178237,0.9934714061109663
1768910845.0397327,0.9895262712110133,0.04159640589134206,0.9904001728593594
1768910845.0596366,0.9936492712983052,0.055179241870816575,0.9951801962886374
1768910845.07978,0.9900970966637326,0.06945011529896927,0.992529888384724
1768910845.099874,1.0141179003600485,0.07036307345909698,1.016555988589553
1768910845.1195889,1.0111713083493434,0.07558920934023394,1.013992674232711
1768910845.1397328,1.0074097961419364,0.0017278479140241387,1.0074112778905902
1768910845.1597211,1.0041925494895985,0.03855471254107368,1.0049324068361736
1768910845.1796482,0.9813074720187487,0.05381701821271356,0.9827820847416454
1768910845.1997042,0.9779924362355681,0.043734244834378266,0.9789698103134821
1768910845.2196887,0.9660481264322911,0.029547934606119597,0.9664999032709871
1768910845.2396405,0.9728054875546812,0.07861353713977426,0.9759767440047573
1768910845.259719,0.9693012619223733,0.10188122248016196,0.9746408158179902
1768910845.2796314,0.9917198505055067,0.03098824363481434,0.9922038767966164
1768910845.2998242,0.9886809712565725,0.05313012045390675,0.9901075055893103
1768910845.3195827,0.938884501113936,0.06014117024420518,0.9408087301839343
1768910845.339701,0.9349833733149691,0.07356245781279025,0.937872775793656
1768910845.359677,0.949257438947857,0.0025172396121444507,0.9492607765483146
1768910845.3797076,0.9456802096860741,0.022048622763686687,0.9459372076188104
1768910845.399719,0.8984331628274287,0.011729550923794463,0.8985097275116006
1768910845.4196193,0.9038981683448313,-0.017542083990347734,0.9040683732151377
1768910845.4396122,0.8996381354021334,0.003501379612821154,0.8996449490376859
1768910845.4599369,0.8954569033921098,-0.0257124537897786,0.8958259853969842
1768910845.4808583,0.9168670653767208,0.15904547824445459,0.9305593370239897
1768910845.4996736,1.0961714468824404,0.2104473975515022,1.116189924742444
1768910845.5198562,1.0959060455962328,0.23280374202821985,1.120360496927982
1768910845.53961,0.9394621077354266,0.07247897669802406,0.9422538160887877
1768910845.559891,0.9361395972410396,0.10122330865181617,0.9415962530389745
1768910845.5796614,0.9329032467096887,0.10441884354124742,0.9387288014160265
1768910845.5997407,1.0339590127374896,0.2682013256718401,1.068177509177766
1768910845.6196544,0.889881798498763,0.1806793695829345,0.9080389032922982
1768910845.6396298,0.8857858779175736,0.2113961561490374,0.9106618232652529
1768910845.6596148,1.0619095674702441,0.33474788397230615,1.1134217867945542
1768910845.6796966,1.0612650303348614,0.3569865492473312,1.1196976649771007
1768910845.6995907,0.9399457379898166,0.20389469216458878,0.961806132158718
1768910845.7196014,0.93696050491394,0.23107382549813327,0.9650337302907744
1768910845.7396007,1.076513536851138,0.4060990678522787,1.1505641433376221
1768910845.760447,0.9141179810676734,0.3166366081813585,0.9674039616167769
1768910845.7795682,0.9108214558865946,0.33147644384647634,0.9692638223561643
1768910845.79984,1.119845168107246,0.47361481854458987,1.2158800092435813
1768910845.8195646,1.1204542373415398,0.48732906490330663,1.2218458640418368
1768910845.839586,1.0006400733627814,0.3355539792143363,1.0554037281467445
1768910845.8597498,0.9989498644858426,0.3697970283343768,1.0651998281642834
1768910845.8796241,1.1301944976025409,0.6190719191580651,1.2886386784126533
1768910845.8997707,1.1310556675200312,0.6583178288050213,1.3086899123748683
1768910845.9197614,1.0590503557189992,0.4499504124471603,1.1506706868647991
1768910845.9397168,1.0585040566868642,0.48145903307045046,1.1628558115895888
1768910845.9596229,1.0579405846713206,0.5137225238624588,1.1760735998305167
1768910845.979758,1.0785341569104823,0.5813417540226009,1.225232289238526
1768910845.9996061,1.07627946963541,0.5725266373808431,1.2190833635438123
1768910846.0197275,1.0760857986053303,0.6149507787890478,1.239405142111863
1768910846.04002,1.106762279994017,0.6539562207090057,1.2855277060497612
1768910846.0597212,1.1070721152129446,0.6855210046334861,1.3021319887306997
1768910846.0798051,1.1231888866518664,0.7298403549598298,1.3394850573358963
1768910846.1005025,1.145491316670591,0.7491914037760345,1.3687359555661673
1768910846.1200106,1.1464792963539248,0.7873936795426939,1.3908283803374064
1768910846.1398394,1.1475472996217686,0.8300627974173729,1.4162870657199294
1768910846.1597042,1.0269269584673655,0.6286455495080521,1.2040656979348405
1768910846.1796458,0.8973825062775251,0.5005188595249521,1.027528340880723
1768910846.199655,0.8936666024260633,0.5415171948610968,1.0449310353425123
1768910846.2197318,0.9852608167335513,0.7493098668616298,1.2378223432975581
1768910846.2396142,0.9833536733335642,0.7912249545526677,1.262149506027509
1768910846.2596326,0.859445110613076,0.5523642660807546,1.0216419042891953
1768910846.2795942,0.8550906358719841,0.585543753825073,1.0363597267356117
1768910846.2995963,0.9495511875742082,0.7080055383138681,1.1844489436470866
1768910846.319651,0.9471239336901629,0.7486403597849787,1.2072721872335628
1768910846.3396852,0.9447189825521916,0.7915850773947977,1.2325181097041031
1768910846.3598108,0.6528627298770093,0.5321570050547955,0.8422712283411743
1768910846.3796194,0.7793283000831108,0.6765749485007913,1.0320398540023925
1768910846.3996875,0.8128566429015214,0.6257634543983599,1.0258244600172584
1768910846.4196186,0.8083980358951202,0.6685358726443553,1.0490222101802409
1768910846.4395156,0.8136033690839248,0.6080411334173856,1.0157088471172298
1768910846.4597135,0.8093070354355643,0.650546308443074,1.0383585012096799
1768910846.479742,0.8049983954517197,0.6927136130615033,1.062014390863215
1768910846.4999256,0.7096207548087046,0.69309054842903,0.9919355442653162
1768910846.519695,0.7461779613009476,0.653139732894024,0.9916516831106149
1768910846.5396445,0.7408039477754551,0.6928194156380947,1.0142924783930964
1768910846.5595977,0.7794432227915715,0.6218040438262431,0.997081745131451
1768910846.5797048,0.7749108875950137,0.6595959506843059,1.0176215907066954
1768910846.599751,0.7451244074993886,0.6403979338583579,0.9825069446784427
1768910846.6200838,0.6692035226925412,0.6936848624342193,0.9638630831993144
1768910846.6396234,0.6631099166469383,0.7300257578397051,0.9862313971198369
1768910846.6596658,0.6921703635080965,0.6914822060279402,0.9783902357302003
1768910846.6796062,0.6866711258202525,0.7271133163370571,1.0001054993499068
1768910846.699618,0.6812188143204745,0.762946235965579,1.0228128039667073
1768910846.7196453,0.7121563960044552,0.7301528502388468,1.0199460363577901
1768910846.7396917,0.6973090582266304,0.7537938509925919,1.0268617689246942
1768910846.7596595,0.6921641797837959,0.7878575152654168,1.0487186067463337
1768910846.7798002,0.7089638242267169,0.7851682132140763,1.0578841274468374
1768910846.799739,0.704146244673244,0.8183578729796057,1.0795978613146362
1768910846.8196793,0.733932887950755,0.8415191120498982,1.1166073168132942
1768910846.839749,0.7298556066342732,0.8747911554552221,1.1392755470904155
1768910846.859644,0.7199744036275533,0.8760218505254471,1.1339212602631983
1768910846.8797295,0.7157718272572371,0.9087901009800099,1.1568183765546
1768910846.8997076,0.7832275115715808,0.8751972398328025,1.1744852248936837
1768910846.9196992,0.7804423321661007,0.9066456107925127,1.19628445505498
1768910846.9396722,0.7529035574578238,0.9353505589133952,1.2007266278767401
1768910846.9596744,0.7496383161434448,0.9667947597947482,1.2233763577072119
1768910846.9796684,0.6351178853607999,0.7742102907669395,1.0013871891704045
1768910846.9997163,0.6298579564137601,0.8014208023295293,1.0193117028977077
1768910847.0197682,0.780052440113093,0.9700638175044425,1.2447913959204904
1768910847.0396125,0.7777303779475968,0.9997313509699435,1.2666204304742208
1768910847.0598087,0.589253487587535,0.8376389067949894,1.0241379842632428
1768910847.0796509,0.5835149004016813,0.8636252750906337,1.0422755176852985
1768910847.0996168,0.5773876585209088,0.8898408479489053,1.0607512634405318
1768910847.119739,0.6952067554791661,1.0013632993864565,1.2190327683134687
1768910847.1398532,0.5774489637828824,0.7997365436055954,0.9864207241092156
1768910847.159759,0.6618917430027489,0.9784720939616243,1.181316349720456
1768910847.179619,0.6577883396040614,1.004686085917946,1.2008662002721995
1768910847.1996021,0.472024875752056,0.8224709383885607,0.948296329120019
1768910847.2198021,0.46446344440391485,0.8450566104748436,0.9642857284512615
1768910847.2396564,0.6083947685640165,0.9758067077535735,1.149931704629858
1768910847.2596524,0.6036960712385762,1.0003166759185742,1.1683674073465409
1768910847.279652,0.5194151645932541,0.7552333294169564,0.9166076014694937
1768910847.2997687,0.5131629669353259,0.774692797162098,0.9292390223234827
1768910847.3197863,0.6399830676617517,0.9341629516388359,1.1323598134463835
1768910847.3396866,0.6363846661792039,0.9561044563811052,1.1485300060772576
1768910847.3596432,0.5067058752889713,0.7602442055363525,0.9136312692240576
1768910847.379652,0.5005732928167257,0.7781087128179411,0.9252171585333752
1768910847.39968,0.580489336448097,0.9866070080652953,1.1447101196781242
1768910847.419632,0.5760500796604804,1.008088912052001,1.1610671595041488
1768910847.439753,0.48654740225729576,0.7841131180334511,0.9228010384234857
1768910847.4597423,0.48059174482242195,0.8008798183514418,0.9340111929918712
1768910847.479755,0.6136857329996941,0.962819150065851,1.1417665674825566
1768910847.4997923,0.46814549535463357,0.802714915733576,0.9292531629012608
1768910847.52085,0.46209826095376005,0.8190190796592329,0.9403866521927808
1768910847.5396338,0.625331109802894,0.9336869579271365,1.1237483402837796
1768910847.5597484,0.6225937842280684,0.9517115009204602,1.1372676910664883
1768910847.5798087,0.4380396233517887,0.7990187356201535,0.9112132854047978
1768910847.5998254,0.4317645731159061,0.8138064471358621,0.9212500094968007
1768910847.6196327,0.6071535060484807,0.9449396512775223,1.123185792495368
1768910847.6396968,0.6043775146583492,0.9619817552088961,1.1360814572817355
1768910847.6596205,0.41007890469542296,0.8195300516427544,0.9164028664412686
1768910847.6800485,0.4035650715561365,0.833523382136514,0.9260809875752782
1768910847.6996589,0.6243275937118486,0.9389756624199173,1.1275904570751518
1768910847.7197285,0.6221836377236647,0.9547177121023847,1.1395606121892177
1768910847.7396011,0.4685301758356397,0.7776068337937527,0.9078507110925895
1768910847.7596188,0.4635152605107118,0.7896458358215988,0.9156347212489838
1768910847.7796092,0.6005248132812833,0.9591926262801653,1.131671571471494
1768910847.7995787,0.5983431753649162,0.9742245361996886,1.143296987855417
1768910847.8197694,0.452772953438787,0.7943860300315944,0.9143590717409869
1768910847.8397326,0.4479235198435436,0.8056239771122495,0.92177300466394
1768910847.8596175,0.578168932802563,0.9608067013356578,1.121351341993027
1768910847.879571,0.4347631850991718,0.7898681494052511,0.9016156168581225
1768910847.899641,0.42949938649260044,0.8004641005260407,0.9084120756729753
1768910847.9195766,0.5502223014296792,0.9410292605795139,1.0900828639408104
1768910847.9397702,0.5474329637692312,0.9540890858730435,1.0999858333647867
1768910847.9597983,0.3785567033537838,0.7393508060076641,0.8306291543151295
1768910847.9796395,0.3726247380962544,0.7479684614296414,0.8356470634991349
1768910847.9996336,0.5330847945072295,0.8508673430668967,1.0040690382800055
1768910848.0196722,0.5302829016492474,0.861421663156607,1.011556838510343
1768910848.0402513,0.346254514195361,0.7110617391436449,0.7908862026073348
1768910848.0599186,0.34018963534175484,0.7183529862733078,0.7948333164140361
1768910848.0796645,0.4749729226962076,0.7953423185559245,0.9263739423043437
1768910848.0997505,0.47156033824114996,0.804144487226468,0.9322110860415826
1768910848.1196992,0.4337102875752725,0.832452929498471,0.9386599455496182
1768910848.139873,0.4756085333844595,0.8101316644032988,0.9394236481465513
1768910848.159568,0.47250871942141526,0.8185485563378343,0.9451382063021356
1768910848.1796541,0.4693658063140873,0.8270745759911371,0.9509766634296515
1768910848.1996412,0.463497507025151,0.8833419291146409,0.9975584708429402
1768910848.2197213,0.4603363818428132,0.8927493867678962,1.0044456441354042
1768910848.2396495,0.3810851537239799,0.7022168436265002,0.798958315471836
1768910848.2602425,0.48197387116048684,0.9077506399197546,1.0277694472770387
1768910848.2800379,0.47940166810515006,0.9171207650994848,1.0348605979351349
1768910848.2995725,0.3873822439985597,0.7170737906490245,0.8150213642605455
1768910848.320061,0.3829869398286396,0.7227210735859266,0.8179271032827439
1768910848.3395975,0.5069510784881173,0.9485042302954678,1.0754811345944955
1768910848.35963,0.5051604848106068,0.9582534545450088,1.0832528783998363
1768910848.3796406,0.42663294583683165,0.7709844488324382,0.8811541810687114
1768910848.40048,0.4233024093135356,0.7772578616346681,0.885050683974393
1768910848.4196808,0.5458561058786158,0.9989415690272896,1.1383510647667834
1768910848.439612,0.5451020206692405,1.0091467198339306,1.146958288295294
1768910848.4599686,0.4540353396171515,0.8063826586827041,0.9254194086172218
1768910848.4796984,0.4516209109784457,0.8123719244145846,0.9294673694165152
1768910848.4996204,0.6009941928395355,1.0700404999657724,1.2272655341831469
1768910848.5195994,0.5111590695719999,0.8832238524481344,1.0204743837740546
1768910848.5396516,0.5099312530661209,0.8905740383563465,1.0262319429095528
1768910848.559653,0.5086982580301251,0.8977992838649769,1.0318999330513348
1768910848.5796695,0.6327553994011854,1.1158324197590161,1.2827553876155091
1768910848.599626,0.633932246642976,1.1271236675818876,1.2931658267047796
1768910848.6196036,0.5439081463555429,0.9303068741395606,1.0776395277379365
1768910848.6396675,0.6559604505780392,1.1497250591015096,1.3236887187887165
1768910848.6596205,0.6575929661629587,1.1611212310040724,1.334402871038357
1768910848.6795979,0.5775805161750478,0.9800641063663988,1.1375961081389134
1768910848.6996887,0.577616437409957,0.9876872799699292,1.1441883200682343
1768910848.719626,0.5518455168298102,1.0347801438828732,1.172733311805979
1768910848.7396765,0.5513762572411078,1.043122531202009,1.1798815161491847
1768910848.7596173,0.5967767278030145,1.0103112009058481,1.1734015448784316
1768910848.7796314,0.5478590392330247,1.0319400348099332,1.1683534406646214
1768910848.7995782,0.5473036442616355,1.039727242910427,1.1749783056176761
1768910848.8195896,0.5734273964077703,0.9892495095527334,1.14343061490469
1768910848.8398197,0.5734071695970417,0.9959698365624323,1.1492396170892685
1768910848.8595543,0.5238899780907662,1.0185287533689156,1.1453652389448445
1768910848.879777,0.5229393985549873,1.025615041953161,1.1512392578615604
1768910848.899668,0.5517946137678829,0.9785699958457403,1.1234217963671433
1768910848.9197254,0.5514020583116324,0.9845654628977236,1.1284561934968116
1768910848.9396336,0.504324060071422,1.0189676976690407,1.136942358459684
1768910848.9599478,0.5030182002695369,1.025567771140274,1.1422856748659826
1768910848.9796698,0.5018785194930757,1.0321970481999578,1.1477424774927814
1768910848.9996924,0.5581763694629158,0.9347010163565823,1.088681243250213
1768910849.019573,0.5484408912397241,0.9249888270176267,1.0753565647222636
1768910849.0398254,0.5480165261681034,0.9291964417772256,1.0787623187546052
1768910849.0596635,0.5365802714001253,0.9230919399022053,1.0677158410214997
1768910849.0796025,0.5360828563076385,0.9272424157236472,1.0710571069480754
1768910849.099603,0.5105201952347693,0.9112254453583617,1.0444915902060157
1768910849.119703,0.5095200286644062,0.9149515355133975,1.0472568796377044
1768910849.1396115,0.4844275852125657,0.9095943140291425,1.0305493202312173
1768910849.1601431,0.4517584671747912,0.8939050284587822,1.0015747164181077
1768910849.1795802,0.4498407211515083,0.8971038531058824,1.003569627710768
1768910849.1997485,0.44781859684044356,0.900358202244643,1.0055776389843547
1768910849.2198546,0.5920859176479087,1.0112137092853395,1.171801561580962
1768910849.2398117,0.39445462555939326,0.8710078832635144,0.9561637853068841
1768910849.2595673,0.3913278399772322,0.8733131380490988,0.9569813558426363
1768910849.2795734,0.38810609730076084,0.8755717419134434,0.9577328531481882
1768910849.299574,0.5497586991817407,0.9987934136125567,1.140097763528121
1768910849.3196507,0.35876172902281134,0.8611540009218679,0.9328966671154837
1768910849.3397799,0.3551009218277166,0.8631158004817348,0.9333089251282877
1768910849.3596365,0.351450948883846,0.8650241312435369,0.9336940168518761
1768910849.379623,0.5100294018050375,1.0014361833672591,1.1238346942779385
1768910849.3997188,0.3504482810369174,0.8368022955171863,0.9072221775643289
1768910849.4197247,0.34681759736866535,0.8380175924261088,0.9069486926283237
1768910849.4399605,0.4648123057519431,0.9965681499009733,1.099635647373932
1768910849.4596438,0.46350172563635983,1.00075131575141,1.1028767137110393
1768910849.4797015,0.30939795028329,0.8390577585916006,0.894284638072388
1768910849.5000215,0.44375424863262847,1.0215964595831206,1.113811994643744
1768910849.5196087,0.44210104624886615,1.0259183476125902,1.1171221021278246
1768910849.5396457,0.30695568569194975,0.8702643296964077,0.92281189660762
1768910849.5597622,0.3027056308045655,0.8715941715061852,0.9226630472303219
1768910849.5796807,0.29862750690496664,0.8730524445767163,0.9227128257814866
1768910849.5998733,0.4818591612855325,1.0244610615768401,1.1321257518500067
1768910849.6196547,0.48145571431671463,1.0288024718948652,1.1358847349204066
1768910849.6399221,0.3994125930120429,0.8558933951598817,0.9445019445903292
1768910849.6596792,0.5074918233783636,1.0815047319583453,1.1946549443434236
1768910849.6798368,0.507535712326038,1.086739277288375,1.1994143387868759
1768910849.6996138,0.41448833713091116,0.9124037220189738,1.0021382806637138
1768910849.7196262,0.4127475785826009,0.9141546914260932,1.0030151362178619
1768910849.7396362,0.4109803055973167,0.9158735475677471,1.0038571445794437
1768910849.7597392,0.37917870030133916,0.9823904545351407,1.053027773576734
1768910849.7797623,0.44689982966942576,0.9084487632988676,1.0124221517221972
1768910849.7996986,0.44606870336699433,0.9099277242147625,1.013383319094097
1768910849.8196106,0.4295446375082186,0.9081934013587478,1.0046511085365102
1768910849.8399713,0.41317619289171326,0.9034174434999755,0.9934171548712665
1768910849.8596053,0.41152886062791616,0.9045887689883205,0.9937991970763088
1768910849.879782,0.4099888544503383,0.9058096053908873,0.9942745606681765
1768910849.8998277,0.3697147604190798,0.8743514928487031,0.9493047651405175
1768910849.9196458,0.36647837811714457,0.8871705865155946,0.9598843947089654
1768910849.9398863,0.3640518657321339,0.8879551405322132,0.9596864553283172
1768910849.9595919,0.48806380789467685,1.054956207287658,1.1623849964067035
1768910849.9796891,0.48810280718416177,1.058929612411795,1.1660086939743004
1768910849.9997532,0.48833675133020993,1.0629054146411434,1.1697182152865724
1768910850.0196688,0.35037004068305855,0.8314178463510107,0.9022276878034728
1768910850.0395944,0.34786406464190556,0.8308846193658379,0.9007655955729555
1768910850.0595884,0.4410959838681183,1.0413108381388412,1.130881925140728
1768910850.0796714,0.44050209473117174,1.044798279596563,1.1338631048369499
1768910850.099722,0.3169682355253407,0.8334917128830632,0.8917271431199068
1768910850.1197042,0.3140482560973341,0.8328048018786607,0.8900506419243414
1768910850.1395562,0.4086469950138367,1.0491827741801565,1.1259559761243811
1768910850.1602657,0.3177716314634562,0.8780669656106781,0.9337989108259285
1768910850.179852,0.3149703101410495,0.8781617971662268,0.9329386036993893
1768910850.1996057,0.41886818991084684,1.0868320689465758,1.1647551273164174
1768910850.2196534,0.4179921025133959,1.0909697836813734,1.1683032425998618
1768910850.23971,0.3420707670555929,0.9261680230388638,0.9873194096004185
1768910850.2596,0.33972845516558525,0.9270835962990613,0.9873699498040215
1768910850.2796276,0.44898249633437537,1.149279918246851,1.2338677451413242
1768910850.2997522,0.4487650139817516,1.1544505164374357,1.238606488226468
1768910850.3197513,0.3525101586617714,0.953927157262461,1.0169761222971694
1768910850.340035,0.35050974762675136,0.9550920056858896,1.017377915283433
1768910850.3595984,0.4572745064470718,1.1784885000879282,1.2640945847071363
1768910850.3796473,0.4574543459485714,1.1841666660493892,1.269454674893815
1768910850.3996408,0.3584930973834055,0.9842570837915883,1.0475110060832151
1768910850.4196084,0.35669850120324753,0.9886817161796841,1.0510591594523349
1768910850.4395993,0.343492865826855,0.9789545983470838,1.0374678088976284
1768910850.459654,0.3413723435762792,0.9838331329003474,1.041375393578739
1768910850.4795432,0.3202152591026488,0.9716355313157461,1.0230412591276115
1768910850.4999995,0.3176784892310831,0.9791651118708504,1.0294095097798535
1768910850.5200968,0.31518306037891897,0.9874729635452688,1.0365535274565887
1768910850.5401988,0.35111605901002996,1.041080491902271,1.09869517042454
1768910850.5596778,0.3493771270586663,1.050242654145075,1.1068306146368825
1768910850.5797348,0.3992963268082512,1.1184898375514098,1.1876266556912323
1768910850.5996876,0.39850838682289513,1.1317389588248332,1.199850826265542
1768910850.6196525,0.2506267948477481,0.9573213688602191,0.9895847581546813
1768910850.6397164,0.24703824385172002,0.9749010851586153,1.005713686776106
1768910850.659675,0.41601847796537594,1.1155675714260642,1.1906142870073728
1768910850.6801183,0.3075003545792443,0.9189093515822258,0.9689947701054055
1768910850.6996467,0.30511813342286853,0.9318141555589943,0.9804971676876874
1768910850.7197258,0.3957374765790247,1.153859359371653,1.2198358789520398
1768910850.7395914,0.39505932267252764,1.166483572468799,1.231566398238458
1768910850.7595975,0.3944195686468541,1.1952336425446912,1.2586303096629372
1768910850.7796726,0.27824558871563543,0.9741390534150671,1.013097973064853
1768910850.7998493,0.27536561972557116,0.9937948690913707,1.0312392866639548
1768910850.819601,0.4091431174023308,1.1626792452439219,1.2325668816898632
1768910850.8396575,0.4089062827659493,1.1904972730296617,1.2587645153786817
1768910850.8597028,0.26450026735315557,1.0145552577191026,1.048466862802714
1768910850.8796153,0.261543024647497,1.0674243319018935,1.098999298488386
1768910850.8996487,0.4344824177812274,1.1929082246213856,1.2695688259131
1768910850.919642,0.344038070048863,1.0457659981714809,1.100903590953604
1768910850.9398155,0.3426316060238843,1.0614427753709652,1.1153731137308822
1768910850.9597712,0.3244400250446864,1.077971183836281,1.1257367378887437
1768910850.9796295,0.3227294939702361,1.113136307905351,1.158976602980164
1768910850.9996116,0.27781571460927257,1.107094729445734,1.14142030437976
1768910851.019662,0.2752522082586619,1.1395043822860913,1.172277277524595
1768910851.0396028,0.2913148366879339,1.112942372189087,1.150436898699094
1768910851.059653,0.28910032775063943,1.1255138701968752,1.1620501157484886
1768910851.0797024,0.3164479769960966,1.1093869683384643,1.1536371906557672
1768910851.0998456,0.3147841342052047,1.1326744013798091,1.1756021226114002
1768910851.11961,0.29414082016615506,1.1266575324504124,1.1644208936270728
1768910851.1397173,0.29212007730209777,1.1394996112265483,1.176347526689472
1768910851.1597135,0.30850713420436815,1.094685259162845,1.1373268960520617
1768910851.1797068,0.3068444138652655,1.1070696327100986,1.1488066268912236
1768910851.1996667,0.32317960474826,1.0799046922097837,1.1272263309477601
1768910851.219637,0.3218617280483258,1.097961435174466,1.14416532245678
1768910851.2404852,0.29700464114171776,1.1052221064950576,1.1444333364355885
1768910851.2596433,0.2952943426973773,1.1490488313547456,1.186386094687047
1768910851.2795868,0.2710446764393506,1.170764056424109,1.20172945892191
1768910851.2995734,0.2864423130192044,1.1649546821642707,1.1996535375616781
1768910851.3196,0.28455545366434265,1.217963554226177,1.2507625776434879
1768910851.339906,0.3171523588521117,1.2117733551370815,1.2525894311168517
1768910851.3596342,0.3159352837606715,1.274297677016258,1.3128783923783525
1768910851.3796105,0.3386113509842028,1.2572092419687388,1.3020110311003352
1768910851.3995912,0.3378496041592127,1.2927612815364071,1.3361789124478018
1768910851.419708,0.37438701331872704,1.2679916104058542,1.322107544718412
1768910851.4396605,0.374343204305986,1.2967594444622916,1.3497102990687389
1768910851.4595978,0.3587559108690028,1.330517281357686,1.3780355726812337
1768910851.479592,0.358416227800026,1.3529740329792244,1.3996431424711326
1768910851.4997027,0.315332562147991,1.3517878549534155,1.3880796193123697
1768910851.5196776,0.31414534990037435,1.422199212946425,1.456481342884096
1768910851.5396285,0.3006878684078771,1.3779157909580713,1.410342200027809
1768910851.5598235,0.2992516195817947,1.4395755904304774,1.470350098577065
1768910851.5795953,0.3471871695586417,1.4124843237462033,1.454527722504769
1768910851.5996127,0.3522497219118197,1.3850095200924653,1.4291015489928331
1768910851.6198206,0.3518891075400177,1.4274138349625218,1.470148359944575
1768910851.6396027,0.3515383016076665,1.4538000816952277,1.495698450568915
1768910851.659817,0.34154639606946535,1.4102812209988143,1.4510503309568372
1768910851.6797261,0.270142932112595,1.214772019672873,1.2444469709676267
1768910851.6995971,0.2682564185206999,1.2198605923606003,1.2490081548460392
1768910851.7196264,0.1510713173012821,1.0263182879991168,1.037377352361513
1768910851.7398975,0.14692005478209946,1.0514758929136816,1.0616906592203772
1768910851.7597876,0.2165809215719996,1.2493305595271789,1.2679645667594464
1768910851.7796915,0.21391177295406116,1.2544055642460474,1.272513876631526
1768910851.7996182,0.11757096302298642,1.0879997482057364,1.0943337623604137
1768910851.8196726,0.11307701242036394,1.1046687455720807,1.1104411052287777
1768910851.839877,0.16545090797946127,1.1625014392212591,1.1742161637206017
1768910851.8597784,0.1620380373266732,1.1953813733168204,1.2063137872102299
1768910851.8798244,0.1632156035650505,1.2501887061590775,1.2607978165648972
1768910851.8995993,0.15993522465643917,1.2673653851450437,1.277417040574358
1768910851.9198558,0.13105794169475704,1.2348048858191234,1.2417404278366895
1768910851.939642,0.1273012651383043,1.2421662396621045,1.2486723265381137
1768910851.9596114,0.16008649240667072,1.17189551000995,1.1827792572718512
1768910851.9795678,0.11280314655886503,1.097380914076802,1.103163369793259
1768910851.9995997,0.10884438463581247,1.1087469188240782,1.114076671539547
1768910852.0203996,0.10483205744244017,1.1115553701630727,1.1164878419427506
1768910852.039627,0.057742006885942665,1.0657033554342856,1.0672664995881356
1768910852.0598433,0.052860540186191685,1.1074468621258031,1.1087077113202846
1768910852.07973,-0.001859528402283317,1.1419649751571344,1.1419664891455938
1768910852.0996954,0.08506518837207189,1.1325034393585973,1.1356936763193797
1768910852.119718,0.08109507787260117,1.166368185829512,1.1691839703701
1768910852.139625,0.07616240577252587,1.1941249318812908,1.1965513215042456
1768910852.159623,0.07216808426967347,1.2197515821611393,1.2218846731880049
1768910852.1798851,0.08250156638147566,1.1948802179323472,1.1977250284023668
1768910852.1998444,0.07879302623643802,1.1869583629902127,1.1895707194008693
1768910852.2196343,0.02433827691135715,1.1656612122633305,1.165915268575822
1768910852.2396271,0.019654082997214495,1.1732846641015575,1.1734492686070268
1768910852.259648,0.035011019882050576,1.1285530873263552,1.1290960288775393
1768910852.2796016,0.030723305276174173,1.1191699765268908,1.1195916031510302
1768910852.2996142,0.047371399215960786,1.117692681437462,1.118696106904168
1768910852.3199716,0.013979199481884308,1.0487456872316079,1.048838850589094
1768910852.339584,0.009525443388050725,1.1187168502807756,1.118757402287859
1768910852.3596694,-0.018444667746212673,1.1029328514691672,1.1030870684665721
1768910852.3797283,-0.023392697495976833,1.1398271054371554,1.140067124596347
1768910852.3998904,-0.028397890412176885,1.1842651559094408,1.1846055882364706
1768910852.4196212,-0.044143810413690865,1.1450913951753776,1.1459419615768214
1768910852.4396062,0.011966453707132452,1.111109717117559,1.1111741535364235
1768910852.4597147,0.008014223028248502,1.1137027606982208,1.1137315955640232
1768910852.4798217,0.011673111620556398,1.1138524729631616,1.1139136380622408
1768910852.4997437,0.007898802583103937,1.1087026793072452,1.1087308159266211
1768910852.5195844,-0.002251897758709376,1.075764743565479,1.07576710051108
1768910852.539658,-0.006166481204643581,1.0614807261620722,1.0614986375422286
1768910852.5597086,0.019209338716792423,1.0685056440629275,1.0686783005602143
1768910852.580069,-0.0389184624982013,1.04576463888831,1.0464885697762882
1768910852.599712,-0.043295030063284834,1.087987581543743,1.088848675079133
1768910852.6197855,-0.009252979032060793,0.9828215026570302,0.9828650587471255
1768910852.6397462,-0.012955136749166485,1.0306595832868979,1.0307410015078045
1768910852.6595972,-0.01666634432536096,1.086573303218096,1.0867011135999889
1768910852.6797526,-0.02948889846588454,1.06451627890302,1.0649246467155615
1768910852.699519,0.009893353998943866,1.0623693736301707,1.0624154387435782
1768910852.7198489,0.006838353651419382,1.0685038246904606,1.0685257069714347
1768910852.7396445,0.00013434749346696861,1.0595423591061914,1.0595423676236655
1768910852.7598517,-0.002978859241852483,1.049412704028589,1.0494169319098
1768910852.7796845,-0.006025272005968141,1.032286172484648,1.0323037565589648
1768910852.7998269,-0.01798430355131231,1.0807813381512412,1.0809309580496866
1768910852.81959,0.0004928878705010575,1.0820046930995204,1.082004805362638
1768910852.8397717,-0.0023410011287587906,1.0730967512544827,1.0730993047426738
1768910852.8596542,0.025961225978800684,1.0673637522937565,1.067679429868783
1768910852.8798804,0.023720464441644218,1.0743707738994406,1.0746325977945255
1768910852.89977,0.04799864959518274,1.0760374092524385,1.0771074117624764
1768910852.9198043,0.046275847340741194,1.0903879656179822,1.0913694927070419
1768910852.9396229,0.04828816886207932,1.109611049933216,1.110661257713596
1768910852.9596012,0.04663933666518538,1.1239068030269914,1.1248740950057126
1768910852.9795773,0.0878811561788071,1.151947152023638,1.15529448136252
1768910852.99966,0.1080031713400631,1.101060793363914,1.1063451340800856
1768910853.0196607,0.10758168414454072,1.1466025861220626,1.1516385323812233
1768910853.0395355,0.13023136761909448,1.1031013939678047,1.110762303324007
1768910853.0595798,0.13026217084745895,1.1163124676072194,1.1238868975520675
1768910853.0798857,0.13029629004969934,1.1133598659127948,1.1209582125244777
1768910853.1002362,0.13746951885184,1.1583893338725315,1.166517774165059
1768910853.1196735,0.1664240557802028,1.1509465018300806,1.162916513089926
1768910853.1398954,0.16715668423209795,1.1559182628865516,1.167941945285866
1768910853.1601741,0.16790741422896183,1.1435843097128318,1.155845133733075
1768910853.1797132,0.21113134064288186,1.187546736237161,1.2061690154158304
1768910853.1996384,0.11544867576857687,1.0973633686939313,1.1034195755414216
1768910853.219835,0.1151650326711744,1.108494558881382,1.1144609332855873
1768910853.2396562,0.23310404991011247,1.1533243036127505,1.176645421266888
1768910853.2596354,0.2350938651322032,1.148882175261206,1.1726889519628463
1768910853.2796595,0.08420010157567415,1.131351322367316,1.1344802650234285
1768910853.2997448,0.08325832276350287,1.1104593582848485,1.1135761916958307
1768910853.3196118,0.2131609325202808,1.1417062077610258,1.16143473686341
1768910853.339644,0.214742786970743,1.1455339443660646,1.1654880875628184
1768910853.359762,0.18476241608315824,1.164951128079194,1.1795118826064759
1768910853.3796132,0.18573808627527377,1.168833096511098,1.183498814614076
1768910853.3995907,0.1959519460313066,1.1577153926091328,1.174181457628068
1768910853.4196866,0.19681232412258787,1.134306240204944,1.1512539847898076
1768910853.4396753,0.19797574170673027,1.1527253443421546,1.1696025452234058
1768910853.4596753,0.19912028924516179,1.130838088039877,1.1482350242658343
1768910853.479593,0.19483459105460366,1.237657895756774,1.2528996706841695
1768910853.4995866,0.22493221769338323,1.1747789715753088,1.1961187794746824
1768910853.5195706,0.22656495767278972,1.1929746321721315,1.2142982142173748
1768910853.5396955,0.2281590949281176,1.1550014546587333,1.1773210831638952
1768910853.5597773,0.23688543190714562,1.1341337483286833,1.1586086772279518
1768910853.5797708,0.22535840022584175,1.1720305108486544,1.1934998646470423
1768910853.5996091,0.22685882388182055,1.1995521705125893,1.2208154388581867
1768910853.619809,0.24205505632789048,1.1538588737780866,1.1789745336055113
1768910853.6396413,0.24381720619461777,1.1557546857889904,1.1811925007210962
1768910853.6596835,0.26281582368968515,1.1573751455888541,1.186840083923908
1768910853.679654,0.2649291684779955,1.1834936397679379,1.2127838470566812
1768910853.6997395,0.25650574971599394,1.2458721440177507,1.272003380057125
1768910853.7195663,0.2819759071280137,1.1693425448989945,1.2028600914119327
1768910853.7395797,0.2843431055476078,1.1694543233750834,1.2035258269489408
1768910853.7597928,0.2815076189599015,1.1444393651471367,1.1785533505237913
1768910853.7797453,0.2837380405823753,1.1289103242167202,1.1640213897504745
1768910853.7997282,0.24925118306203853,1.183236451654795,1.2092041402436795
1768910853.8196557,0.25078513150360227,1.1687995596571672,1.195401854121896
1768910853.839579,0.2651296609232201,1.1446242157442788,1.1749290754634796
1768910853.8599434,0.26690335905486506,1.1048127825460112,1.1365952171075813
1768910853.8796036,0.2621235354173814,1.1351792631855564,1.1650496587640418
1768910853.8995996,0.263843451140235,1.1685660197856613,1.1979815980670538
1768910853.9197,0.2655213798633156,1.1617756043614027,1.1917315796998171
1768910853.9396818,0.27596448032926,1.2080623590979283,1.2391816081078069
1768910853.959666,0.22435681410450048,1.2244769932022725,1.2448613926525312
1768910853.9796283,0.22521565297173574,1.258487784821583,1.278480971656841
1768910853.9996042,0.2626154348389509,1.2295430936043241,1.257276057851156
1768910854.0197263,0.2560553086097723,1.1836765175564148,1.2110550851558022
1768910854.0396378,0.25737732936572755,1.1593600227710423,1.1875852609691255
1768910854.0595489,0.2574694685056471,1.1675187657311636,1.195571242355302
1768910854.0797362,0.2587749062761171,1.1350360001947435,1.1641611460001122
1768910854.099746,0.24358819063520443,1.1672203636578586,1.1923667992503466
1768910854.119671,0.24457568941746555,1.144014750193885,1.1698662387278325
1768910854.1395955,0.24562862973849864,1.1602863465142572,1.1860007713549834
1768910854.1600428,0.23864213265482004,1.1424017050619675,1.1670611480151891
1768910854.1795497,0.22037377853245133,1.1433282481974316,1.1643728292050093
1768910854.199707,0.22086681513790296,1.1352095298509752,1.1564959259304084
1768910854.2196264,0.19177070934005425,1.1707506769724072,1.1863528786124882
1768910854.2397418,0.19173450873444686,1.1864179551629837,1.2018110026841804
1768910854.2596102,0.18891670794826787,1.1373605000669895,1.152943376603831
1768910854.2797878,0.18882969202795508,1.1516124471643205,1.166990951573819
1768910854.2997506,0.1887447607333872,1.166032223578374,1.1812094357595653
1768910854.3195908,0.18234336026374276,1.122717714054586,1.137428752267248
1768910854.339734,0.1606848790398656,1.1372438624008194,1.14853960877298
1768910854.359647,0.16003583185760206,1.1279292904870792,1.1392260319256406
1768910854.3796484,0.14954293423766174,1.143687067291406,1.1534223845018903
1768910854.3997543,0.14867508300679244,1.1187952725289323,1.1286306491231595
1768910854.4197023,0.26869377464068744,1.177135659211134,1.2074124004320526
1768910854.4396734,0.24291495189265344,1.1204780667574592,1.146507205357883
1768910854.4596052,0.2438563752367804,1.1042830256525544,1.1308876745671879
1768910854.4796064,0.35660587140514366,1.1821710914618417,1.2347859073575078
1768910854.5001175,0.35975858352274415,1.1745858170974124,1.2284453916005738
1768910854.5196948,0.24332981891866545,1.2043350187502213,1.2286709234628639
1768910854.5396733,0.24413663721413403,1.1976126182247135,1.2222432985953653
1768910854.559576,0.4028453464515911,1.2333520361730956,1.2974750935143315
1768910854.579619,0.4066641240697404,1.2347744113794237,1.3000167525085249
1768910854.5996637,0.3496684621844892,1.2061868517312515,1.2558482212177609
1768910854.6197956,0.3523739768951861,1.222083784273094,1.2718711394540625
1768910854.6396065,0.38905843777432203,1.3118425768309603,1.3683191931672558
1768910854.6598275,0.392397461198728,1.3126340630992361,1.3700306387682053
1768910854.679562,0.4384000570553015,1.2700839623262499,1.3436174609554754
1768910854.6996305,0.47007878076271936,1.2138431613920408,1.3016870901186617
1768910854.7199442,0.4747553670319986,1.1808312592488703,1.2726960050793592
1768910854.7397273,0.4793443322937936,1.1652590421428588,1.259999850872164
1768910854.759576,0.46942484242195626,1.2523440450129941,1.337432349602172
1768910854.7796729,0.47380977129353674,1.2458787508147044,1.3329326918883946
1768910854.7995875,0.47430334618487446,1.2679861806468424,1.3537919406295547
1768910854.8198028,0.47147469016435917,1.2512201252360957,1.3371014117341322
1768910854.8396103,0.4757367944748214,1.293937433597442,1.3786223484631002
1768910854.8596404,0.4959299798168946,1.2796220648521208,1.3723626247233605
1768910854.8796551,0.5004515701391332,1.2980874790788555,1.3912163301931235
1768910854.899894,0.5050900499313675,1.3397481881135134,1.43179648207876
1768910854.9196498,0.43561299755761684,1.2687511272348408,1.3414500014912265
1768910854.9396532,0.3315146684180865,1.2047461875063763,1.2495260508238724
1768910854.959612,0.332571432753447,1.2123883513435851,1.257175116026919
1768910854.9796195,0.4192714881356059,1.2786548446128707,1.3456399193006314
1768910854.9997633,0.4219266365353995,1.2627842869855739,1.3314076168010078
1768910855.0195897,0.4094107893067713,1.229298349831696,1.2956819159422286
1768910855.039579,0.41173489420694054,1.1968442147032619,1.26568625550579
1768910855.0595233,0.41410349742362307,1.1886970997850352,1.2587622895590058
1768910855.0796163,0.3657776189587292,1.2415116674749722,1.2942737295516753
1768910855.0996604,0.38785760631590893,1.1908183482611316,1.2523904588156507
1768910855.1199303,0.3765704887617405,1.1680870242016828,1.2272866939369134
1768910855.1395926,0.3782985314296612,1.223763614370419,1.2809009183925155
1768910855.1597102,0.3595539060602553,1.193077656399851,1.2460791730719794
1768910855.1797686,0.3608537812802517,1.2403150580688291,1.2917418065296713
1768910855.199821,0.3671321644234089,1.2208600160900667,1.2748667401111595
1768910855.2199335,0.3684877983139643,1.2355598445356772,1.2893375767948825
1768910855.2396264,0.35689133434008635,1.2313281989207887,1.2820064578560284
1768910855.259766,0.35789498357681016,1.2137552139460301,1.2654210914358186
1768910855.2796495,0.3365988137698679,1.2293814283721076,1.2746283606830369
1768910855.299634,0.3371929221957384,1.22074726355725,1.2664607961802117
1768910855.3195827,0.33717147004621406,1.2158392789097339,1.2617249115210758
1768910855.3397086,0.3377754898307712,1.2149022916212742,1.2609836873318547
1768910855.3596807,0.32996318693064897,1.2146496658333272,1.2586697404158265
1768910855.3796473,0.33043448498850747,1.2306325224281234,1.2742226469998976
1768910855.3996341,0.28715125944563535,1.266370394684162,1.2985183180585997
1768910855.4196165,0.28680305969662,1.2908857640933196,1.3223622994437405
1768910855.4399695,0.2952536023123402,1.1759327023506088,1.212432435287022
1768910855.4596188,0.37298792409563397,1.2527884533858429,1.3071338494806348
1768910855.4799728,0.3743081460534601,1.2592138395476487,1.3136689392348095
1768910855.4995732,0.4712441104642302,1.2442223894288613,1.3304737374346358
1768910855.5198264,0.4744488796983015,1.274099087254637,1.3595698671234488
1768910855.539702,0.3599183883407351,1.288390539452298,1.3377187403994817
1768910855.5596123,0.3607669745564017,1.2795370948219986,1.3294239304887285
1768910855.5796707,0.48871033275583375,1.217261501462545,1.3117024633220626
1768910855.5996754,0.4919671072358822,1.199539225419331,1.296505298069256
1768910855.6198034,0.4023809554870432,1.1947427070348269,1.2606825807282227
1768910855.6399055,0.508129438805474,1.1912512231694974,1.2950965227671603
1768910855.6597047,0.5115758673892215,1.1585070266106516,1.2664313636361377
1768910855.6797137,0.5150862224141912,1.132933959518354,1.2445292978274385
1768910855.7001545,0.41675373928562554,1.204773664747277,1.2748189136019028
1768910855.7196424,0.4182826653148535,1.1992979843932146,1.2701480399829481
1768910855.7396283,0.5404501926586249,1.2482920614093551,1.360264489473412
1768910855.75966,0.5443729711023009,1.2576801803539448,1.370438385233673
1768910855.7796757,0.44738044457012194,1.2895186639979883,1.364920381188191
1768910855.7996342,0.4493394948623166,1.2912067256839466,1.3671579243432634
1768910855.8196445,0.5802048609481858,1.2572089147385652,1.3846342246116932
1768910855.8395894,0.4675155809213827,1.2078515676536394,1.2951742075441481
1768910855.859928,0.46974188794519467,1.238758092782625,1.324831707699043
1768910855.8796308,0.5758231047404898,1.2328361873336533,1.3606826642359915
1768910855.8996885,0.5799930855310693,1.2317812492432223,1.3614980812513264
1768910855.9196746,0.484105589515174,1.2126013154737567,1.3056646476367961
1768910855.9396122,0.4863379272861401,1.2034508910957795,1.298005634346864
1768910855.9597762,0.5819290640219599,1.2170827604723096,1.3490485096512919
1768910855.979559,0.5859414962929774,1.217146133079603,1.3508412735583273
1768910855.9996004,0.4830709086941267,1.2318534311192995,1.3231856931613795
1768910856.0196218,0.4850231968622962,1.2162391228947307,1.3093834830004025
1768910856.0396187,0.5795721095686375,1.2930649047614446,1.4170111778371985
1768910856.059626,0.4951390570777692,1.2296162857656885,1.325563614491613
1768910856.0798857,0.4972236692736338,1.2447160510635316,1.3403542162656585
1768910856.0999634,0.4992959705147211,1.2601181203644556,1.3554313495869446
1768910856.1195562,0.611424286269715,1.2608889695504413,1.4013139017987384
1768910856.139819,0.6156182703452497,1.2838365104888938,1.42380547844401
1768910856.159702,0.5292395588417111,1.1862439887414515,1.2989493105845964
1768910856.1796815,0.5316368732782815,1.1761359035777694,1.2907104356569692
1768910856.199592,0.6513244493897208,1.2443377976972068,1.4044928241720418
1768910856.219632,0.56949605534209,1.1826524660636544,1.3126281318548083
1768910856.2397947,0.5724751996180801,1.1728421413093315,1.3051002040490296
1768910856.2597508,0.6566443997584184,1.2600731559011091,1.420903313373811
1768910856.2798603,0.661194205806745,1.265079862128844,1.4274469641133247
1768910856.2998185,0.5804371487309128,1.22740999676404,1.3577343568545257
1768910856.3198736,0.5833445766379999,1.2583004043855865,1.3869429702658642
1768910856.3395963,0.6848459099386135,1.1874460480223181,1.3707815425236323
1768910856.359589,0.5957215946236243,1.1475288024582646,1.2929449217860027
1768910856.3798242,0.598677799069824,1.1280654247761825,1.277085239784157
1768910856.3997085,0.6960305715783273,1.122822533158323,1.3210560160491782
1768910856.4196985,0.7008009315366239,1.0886074845356886,1.2946768712809074
1768910856.4397037,0.5955882770361756,1.1199647783436975,1.2684819669484337
1768910856.459896,0.5982183212219212,1.0856656081517233,1.2395704790648352
1768910856.4796667,0.6887488008266569,1.0759603458327893,1.277523219532535
1768910856.4996483,0.6930662630793138,1.052505755567271,1.2602020514667307
1768910856.5196452,0.5920502606597191,1.0691636422534732,1.222143365184279
1768910856.539732,0.594369184281021,1.0553560424700246,1.211218850415101
1768910856.559635,0.6778551975968492,1.045140528289747,1.245715213354495
1768910856.5796387,0.681726005549117,1.0280604638085382,1.233555294215943
1768910856.5996552,0.6668020692754455,1.0866426400067057,1.2749185176593676
1768910856.6196094,0.6646171984392018,1.0309752291644596,1.2266319511621582
1768910856.639707,0.6680069793406478,0.9953213292274032,1.1987067501531896
1768910856.6595566,0.6622842788566974,0.9680885464134397,1.1729517891702208
1768910856.6797476,0.6654904399480657,0.934518409577171,1.1472585512868994
1768910856.699894,0.6705912641919101,1.000843656404033,1.2047326127297702
1768910856.7198584,0.6738367223646202,0.9600237314537283,1.1729030195891879
1768910856.7395794,0.677052709537139,0.9334721242188273,1.1531567882058325
1768910856.7595558,0.6832864783819232,0.9549894276937403,1.1742594340887316
1768910856.7796571,0.6881552293531392,0.9720638099197805,1.1909935643158744
1768910856.7998583,0.6915261457696449,0.9455347159076108,1.1714283201585602
1768910856.8196175,0.698757166155838,0.9524459513879213,1.1812767954926484
1768910856.8396485,0.7021620090579068,0.917954491737607,1.1557127393368494
1768910856.859738,0.7028429098316193,0.8827247107165972,1.1283576874423633
1768910856.8797116,0.6973800312239113,0.8532800735095698,1.1020098873414705
1768910856.899569,0.7005428327692744,0.8160395103193521,1.0754909311317542
1768910856.9196193,0.7037327156308448,0.7798501912859113,1.0504313665812897
1768910856.93961,0.7075040497507539,0.7915987218848812,1.0616922891796354
1768910856.9595714,0.7084706622325481,0.822388046906962,1.0854735275167575
1768910856.980051,0.7116282184718568,0.7752625527140626,1.052352957408375
1768910856.999726,0.7120364100452417,0.8389218834678625,1.100357112846271
1768910857.0199282,0.7151635496493176,0.7930920379843238,1.0679203544558649
1768910857.0396314,0.720464794156614,0.8216120514367109,1.0927560947828991
1768910857.0597253,0.72358883929728,0.7757700483648593,1.0608487056576923
1768910857.0796041,0.7285855208134269,0.782938173547457,1.069499436529445
1768910857.0997882,0.7317862971309186,0.7367650117015776,1.0384285565874076
1768910857.119665,0.736807701940358,0.6463304446722633,0.9801166427261998
1768910857.1396725,0.7400215174664835,0.5997257644068945,0.9525244557526231
1768910857.1599271,0.7479043764364217,0.6440806509791592,0.987016130191645
1768910857.179577,0.7511491032813735,0.5998691610898472,0.9612845498535013
1768910857.1995556,0.7494143231670574,0.6603005627847311,0.998808620798685
1768910857.2196615,0.7526241304686794,0.6172862239318126,0.9733885986694788
1768910857.239691,0.7328692472284652,0.5963492534078938,0.9448437783958625
1768910857.2596714,0.7356269848985875,0.5539238923375329,0.920857610824469
1768910857.279773,0.7471732856819813,0.6114390455975567,0.9654665324691781
1768910857.3000169,0.7501140916889835,0.5709009696373508,0.9426553281466434
1768910857.3196445,0.7587978261044137,0.47827405444802373,0.8969505070286404
1768910857.3395681,0.761381972034533,0.5171336958286554,0.9203965268842547
1768910857.3599777,0.7644692463515588,0.4763469485205185,0.9007328371843284
1768910857.3796315,0.7727172759644327,0.47385855076653627,0.9064402433191365
1768910857.3995922,0.7758514187783954,0.4344907415248578,0.8892286705292795
1768910857.4196112,0.7846119191934955,0.4638884164208239,0.9114868768281417
1768910857.4396622,0.7878510247365726,0.42581892918144426,0.8955618335032481
1768910857.459706,0.7978107585430969,0.41045709350911164,0.897205122621945
1768910857.4799297,0.8096621199744733,0.48884907530260957,0.9457939347161066
1768910857.4995878,0.8131332207857991,0.45404042917799003,0.9313100160921821
1768910857.5196252,0.816650895630378,0.4187421700200771,0.917749252403412
1768910857.5397747,0.8204449409617309,0.4065837666436991,0.9156638359397383
1768910857.5595536,0.8239607737741848,0.3718498434505708,0.9039821141995937
1768910857.5796504,0.8461814409365829,0.45765760330513583,0.9620153391960612
1768910857.6000082,0.7575022373114324,0.42668390578069815,0.8694071514452232
1768910857.619624,0.7595849031908282,0.3943711925213922,0.8558608897748307
1768910857.639615,0.8886219456552391,0.43439444458051213,0.989114500845334
1768910857.6596258,0.8931685786959473,0.4029909567121184,0.9798733699624086
1768910857.679802,0.8976999255316613,0.3718156022639816,0.9716542586673912
1768910857.6995842,0.793958827843924,0.41013018861803996,0.8936315750504605
1768910857.7196016,0.9002510444101199,0.35811419508735476,0.9688641389196815
1768910857.739612,0.9047466187213455,0.32743980732129785,0.9621763203832843
1768910857.759809,0.8058587485542938,0.3373821915607511,0.8736332558939294
1768910857.7796137,0.8083222218537864,0.30794954309643785,0.8649958008198345
1768910857.799801,0.9166579800443353,0.3084064326167564,0.9671485822035593
1768910857.819792,0.921174381835784,0.27929566350830903,0.9625841830224956
1768910857.8396223,0.813939945433245,0.33666525494992783,0.8808187831003457
1768910857.8596733,0.8162899270391675,0.30930435781016286,0.872925214864347
1768910857.8796084,0.9106238639838455,0.3190730181487016,0.9649059086602129
1768910857.8996377,0.9147350974840505,0.29244367093586376,0.9603455624094898
1768910857.9196398,0.8075045636580267,0.3010224101222523,0.8617877416883751
1768910857.939618,0.8094769788847067,0.274907522730258,0.8548842760268779
1768910857.959606,0.9112624203359916,0.23278541345596615,0.9405255166312473
1768910857.9795842,0.8159427637710337,0.25234204466847565,0.8540720702948785
1768910857.9995928,0.8179023047645781,0.22689883451401727,0.8487916477222359
1768910858.0195706,0.9238363195006043,0.27634190368489975,0.9642812831122551
1768910858.0400724,0.9278531001650174,0.25209527510933327,0.9614901992315285
1768910858.0598323,0.9317772613948616,0.22817438242216426,0.959308299581654
1768910858.0800347,0.8193497015746756,0.2972834416555834,0.8716142370068874
1768910858.0996192,0.9109678341283454,0.22498181118460714,0.9383385370858403
1768910858.1196184,0.9144519408084024,0.20183888891036972,0.9364621130215715
1768910858.1396525,0.8160221179745148,0.2793163702956001,0.8625020183968973
1768910858.1598427,0.8175649527060296,0.25801383660879296,0.8573118404494372
1768910858.1796005,0.9148814280178854,0.28284599196975435,0.9576063296080491
1768910858.2000074,0.9183283256841444,0.26209584569179256,0.9549979822401405
1768910858.21957,0.7996752844533956,0.2359624552615216,0.8337618610002887
1768910858.2395835,0.8988305242970513,0.25145949153549907,0.9333424812422308
1768910858.259567,0.9017279313407576,0.2318102049267221,0.9310473850821186
1768910858.279636,0.7881501742138415,0.24991764670355465,0.8268249677211927
1768910858.2996387,0.7888040948156805,0.23096418579428324,0.8219223534602287
1768910858.3198433,0.8924598281136085,0.233525244397212,0.9225066853781327
1768910858.34016,0.895140878006238,0.2144572187828242,0.9204722104256287
1768910858.3595755,0.778252997066768,0.2289163002102086,0.8112215480035877
1768910858.379751,0.7785548573202252,0.21089099282058577,0.8066118500925762
1768910858.3995674,0.8773988784543434,0.2007436029263019,0.9000704339265747
1768910858.419636,0.8795837897217584,0.18298743497563486,0.8984164093004161
1768910858.4398727,0.8817827740733479,0.16504541011828877,0.8970957853281906
1768910858.4595542,0.7791312629932747,0.20066445243280384,0.8045568640212153
1768910858.4797077,0.8828460749547924,0.2176961430420299,0.9092902742020608
1768910858.4997466,0.8850196093736873,0.2016884420171401,0.907710271297651
1768910858.5196912,0.7940863912027369,0.26127283520565747,0.8359645274231371
1768910858.5399027,0.8931983858164081,0.21568453944885135,0.9188705986058647
1768910858.5595996,0.8954816963753842,0.20063633195582398,0.9176831731289526
1768910858.5796695,0.7945472072474953,0.2582866643228492,0.8354742757929884
1768910858.599887,0.7948635833082331,0.2444916182808683,0.8316154564936863
1768910858.6197035,0.8982207043394403,0.20994319920995252,0.9224297158041637
1768910858.6397796,0.9005212835470022,0.1956702913433812,0.9215342885837423
1768910858.6597056,0.7941569056036144,0.2569338616736445,0.8346856893420658
1768910858.6796286,0.7943674944264307,0.24422826288105526,0.8310638727505987
1768910858.6996036,0.8954975118849768,0.21303868772089452,0.9204896937272167
1768910858.719701,0.8976447411495307,0.19991677613701242,0.9196373191070621
1768910858.7398956,0.8022166080108306,0.26048862255001026,0.8434487587556249
1768910858.7598526,0.8024864908035374,0.2488894621554234,0.8401967223776774
1768910858.7796452,0.9011755766821237,0.2203642172941489,0.9277272272990704
1768910858.7995832,0.9033446875138935,0.208377785620387,0.9270668400927896
1768910858.8195906,0.8065290106683429,0.2733597099745211,0.8515953123914024
1768910858.8395634,0.910436707668949,0.23095287822061294,0.9392732459883336
1768910858.859612,0.9127232510008776,0.21984287274220904,0.9388261935061027
1768910858.8796139,0.9150121174904484,0.20869877749753662,0.9385107111180567
1768910858.8997412,0.7926227985710614,0.28266370120186934,0.8415162914595065
1768910858.9195848,0.8974760523863639,0.24081898395949963,0.9292238953246398
1768910858.9396222,0.8994164299334493,0.23066628275432954,0.9285240160781688
1768910858.9596457,0.802075628682493,0.2886480357422112,0.8524335766875055
1768910858.979593,0.8021103692980729,0.279799271509825,0.8495108456476113
1768910858.999664,0.9032406042414669,0.2496838529849601,0.9371155828348525
1768910859.0196366,0.9052142002924253,0.2404424063760473,0.9366030638402585
1768910859.0396461,0.8041263484786798,0.29759540761342507,0.8574276709730424
1768910859.0596967,0.8041259272769734,0.28960697355930876,0.8546874902870841
1768910859.079623,0.9029992822866442,0.25610005765305033,0.9386133087379968
1768910859.099753,0.904911246325895,0.2475739318668193,0.9381669443479029
1768910859.1196277,0.8032171815525038,0.302706780556397,0.8583642791588932
1768910859.1398532,0.8031208074835616,0.29538534956941653,0.8557193092090971
1768910859.1595967,0.9013818799565634,0.25816338580229825,0.9376233930971084
1768910859.179599,0.9031816715375411,0.25030488628410197,0.93722444905105
1768910859.1996508,0.8026573991021984,0.302865779584236,0.8578966026140171
1768910859.2197409,0.8024949349924064,0.29624585571324324,0.8554295574246534
1768910859.2396383,0.9017683028866239,0.25663010612526627,0.9375740415886562
1768910859.25961,0.9035230195194517,0.24931811159816952,0.9372904392835898
1768910859.2797904,0.7983802613838584,0.3007934745621501,0.8531633818364035
1768910859.2996068,0.9157199291303426,0.2520531105373429,0.9497756362099575
1768910859.3196306,0.9177199781715126,0.2450625371944657,0.9498766264475142
1768910859.339625,0.8230270150772956,0.2926242320470642,0.8735000908575665
1768910859.3597143,0.823169704370013,0.28668700888511367,0.8716638132078834
1768910859.3795784,0.9298965872362626,0.24525883485442002,0.9616961885272269
1768910859.3996434,0.9320895104716911,0.23866562182743678,0.9621601397759283
1768910859.41965,0.8348921880774789,0.2872279735406451,0.8829183849581261
1768910859.43972,0.8351771069642568,0.2816925792350027,0.8814031479370005
1768910859.4596233,0.9349555111300782,0.23860515703753116,0.9649218770229073
1768910859.4800804,0.8375763012792232,0.28020919012324974,0.8832051011481488
1768910859.4996667,0.837868803095362,0.2749601455545214,0.8818317372627378
1768910859.5195267,0.8381720150521801,0.2696305675533033,0.8804731510817059
1768910859.5398839,0.9319595835863534,0.22750499886476483,0.9593264251269773
1768910859.5596666,0.9340330012878288,0.22151285070156845,0.9599404098800532
1768910859.5799072,0.8304368784828293,0.26895355985286784,0.8729040190661489
1768910859.5995867,0.9326926413733378,0.22281782951163365,0.9589386572770175
1768910859.6198063,0.9347259997848427,0.2169873249930987,0.9595812596551865
1768910859.6395974,0.8388638397277655,0.26437406291536725,0.8795374845594637
1768910859.6595929,0.8389976463529827,0.259621085464957,0.8782483467697774
1768910859.67961,0.9347849516039632,0.21584949192282288,0.9593820453336432
1768910859.6996453,0.9367531220582821,0.2103509917589168,0.9600801796828735
1768910859.7196612,0.8349434569682037,0.25884070560958783,0.8741447747452844
1768910859.7396808,0.8349442140318439,0.2543676763695579,0.8728314587174901
1768910859.7599783,0.9368867003975501,0.240401785190981,0.9672381856113929
1768910859.7796764,0.9388138601601286,0.23582759788129692,0.9679804336613547
1768910859.7996228,0.832887044238567,0.24475829297077745,0.8681056677838392
1768910859.8197558,0.9358393453648768,0.2253331029553216,0.9625852105764117
1768910859.839665,0.9377422301361751,0.22070209796411966,0.9633638493458901
1768910859.8597236,0.8315087566628714,0.22787895845237038,0.8621691435631244
1768910859.8798864,0.8313157906845552,0.22346927413482653,0.8608277762269485
1768910859.8995035,0.9370489624064087,0.20489762807823553,0.9591891346022504
1768910859.9195678,0.9388938021266542,0.20019765446710913,0.9600003502738824
1768910859.939615,0.9407667299055378,0.195534413888522,0.9608723885677467
1768910859.9596262,0.9426176006200269,0.1908628760512201,0.9617466290313681
1768910859.9796574,0.8882661968824106,0.20377610064400464,0.9113405157884823
1768910859.9996626,0.889089768163748,0.19946754576804793,0.9111903849735221
1768910860.0197594,0.8428475940347191,0.24606880194426672,0.8780329846084379
1768910860.0399559,0.8427825937055422,0.2427420172767274,0.8770440052840086
1768910860.0596743,0.943495959338108,0.1858132573350293,0.9616190471744986
1768910860.0797513,0.9453367047016874,0.18143534219404955,0.962590395055611
1768910860.0996084,0.8414537699914781,0.22139277100289512,0.8700914929392263
1768910860.1197538,0.8412329696247403,0.21781523705591077,0.8689743302752859
1768910860.1396062,0.9496347423106783,0.1982090851377798,0.9700994718247321
1768910860.159631,0.9515178952360115,0.19436025627707743,0.9711653897119998
1768910860.1796324,0.8433112112167631,0.19932136798461642,0.8665464827111947
1768910860.1996877,0.843095514691627,0.19565756166040948,0.865500969570824
1768910860.2195709,0.9521951889973721,0.16255743628533637,0.9659713236123536
1768910860.2397013,0.8535680937919858,0.19709823206415145,0.8760286546811688
1768910860.259899,0.8535426894936586,0.1936460864281706,0.8752336428503047
1768910860.2795837,0.9625920126077023,0.20373097282026187,0.9839154902848299
1768910860.2996333,0.9646603664976716,0.20056139218886138,0.985289041209815
1768910860.3197625,0.9667589290670024,0.1974223428610511,0.9867109041616616
1768910860.3397706,0.8566358808931129,0.1541905798115657,0.8704020722264777
1768910860.359678,0.9654606063277624,0.202092078066622,0.9863850112344856
1768910860.379613,0.9675043243492123,0.19919006401951478,0.9877961830451282
1768910860.4002237,0.8747948316536203,0.20316773384187492,0.8980774607807106
1768910860.4195843,0.8750105685927361,0.20046759635799383,0.8976807630435971
1768910860.4397998,0.9791505055086898,0.18025936331933323,0.9956049168732616
1768910860.4596086,0.8605925888085189,0.17541475898685732,0.8782880743711403
1768910860.4797711,0.8604574760051307,0.17225033479939,0.8775290569842242
1768910860.4995873,0.8603503993453474,0.1692013670298298,0.8768306063650275
1768910860.519905,0.9633344957144869,0.17795788156489856,0.9796337878230575
1768910860.5395503,0.8594121981418921,0.14735300447904898,0.8719531147051895
1768910860.559777,0.8591798357102327,0.14393840600901164,0.8711534048693591
1768910860.5797644,0.9578820967864949,0.1476339855040063,0.9691923983502394
1768910860.599599,0.9594719979008506,0.144295894683804,0.9702617275655313
1768910860.6198735,0.8578933974362153,0.1152819707787085,0.865604421286811
1768910860.639596,0.8575369715241141,0.11148943148412194,0.8647540406748049
1768910860.6596413,0.9715880093111275,0.16608565300471945,0.9856813399730989
1768910860.6796782,0.9734847075840669,0.16353117945097928,0.9871245729656741
1768910860.6997766,0.8782502415994689,0.16237258921593067,0.8931340014791794
1768910860.719594,0.8783035133794481,0.1599281600615452,0.8927452480945243
1768910860.7397149,0.9936638366985822,0.1355711589587294,1.0028695625573445
1768910860.7596338,0.8975328161079918,0.14192651049539506,0.9086849235968107
1768910860.7798316,0.8978001043115844,0.13895989104416806,0.9084904394768825
1768910860.7996228,1.0331710647401655,0.11545787525598072,1.0396023133751449
1768910860.8196268,1.0360170015397676,0.11206962494895123,1.0420608563398057
1768910860.8396626,0.9282180056175573,0.12628559785515137,0.9367692982683989
1768910860.8595612,0.9289682370537493,0.12329179219349662,0.9371141080343607
1768910860.8795931,1.0310645315659892,0.14053929064865045,1.0405985587484823
1768910860.8996103,1.033768939729046,0.13795336020949556,1.0429330517063913
1768910860.919592,0.918302980885624,0.11441785864415444,0.9254035936174748
1768910860.939648,0.9187253384379108,0.11140096819108081,0.9254547115887217
1768910860.9595714,1.0211335271452402,0.13080900079661895,1.0294778652061873
1768910860.980031,1.023630949547976,0.12843455566201456,1.0316568014415406
1768910860.9995859,0.909666885254766,0.095082743067616,0.9146226381182405
1768910861.01956,1.0085895075875175,0.11324704302513311,1.0149274297059703
1768910861.039562,1.0106168464861387,0.11055738337948107,1.0166461259559814
1768910861.0599089,1.0126788743648385,0.10785768687664898,1.018406492125427
1768910861.0798557,0.9040013475474904,0.07951023500100973,0.9074912197027551
1768910861.0995653,1.0095499597526905,0.09744999475919336,1.0142423885419234
1768910861.1197963,1.0114570862214833,0.09454898091041386,1.01586659904677
1768910861.1395874,0.9049590565540315,0.10872772163441624,0.9114672849263291
1768910861.1599264,0.9047945660124244,0.10621749496497657,0.911007883018718
1768910861.1795976,1.0124242350343309,0.08697489083806076,1.0161532676329603
1768910861.1996014,1.0143507073673392,0.08420347658077887,1.0178396646844292
1768910861.2195966,0.9147442505071295,0.09245733556062596,0.9194049177238613
1768910861.2396724,0.9147320443583258,0.08974366869519557,0.9191238431500052
1768910861.2596061,1.0178687526894556,0.06989760143392587,1.0202658831833025
1768910861.279909,1.0198574994286913,0.06397819649330216,1.0218622846389227
1768910861.2998085,0.9175182374850586,0.06750481382393403,0.9199981608715815
1768910861.3195605,1.0184870128130141,0.045216800219938236,1.0194902423716015
1768910861.3396113,1.0203825872965684,0.03657965762126736,1.0210380481694734
1768910861.3595634,0.9158868310903374,0.04579398176020355,0.9170309570184391
1768910861.3796024,0.9157339455818088,0.0396287995920126,0.9165910215837437
1768910861.3996427,1.026826541518444,0.05529880433953416,1.0283144967023032
1768910861.420011,1.028811034378755,0.04902066792001136,1.0299782378005897
1768910861.43964,1.030801854033017,0.038158464725169594,1.031507891733305
1768910861.4598758,0.9246512298514116,0.08476527555389701,0.9285284318778053
1768910861.4795756,1.0217841092985127,0.019678584540415045,1.0219735870874889
1768910861.499649,1.023608915424627,0.0020454707032406816,1.0236109591476537
1768910861.5196698,0.9352295378263387,0.06258823117210355,0.9373214897270412
1768910861.5396736,0.9353227097858294,0.045774250963843244,0.9364421250095533
1768910861.5597281,1.0412509019111305,0.041460307459427526,1.0420760038621812
1768910861.5796587,1.0433599840633896,0.019276879962347948,1.0435380464773862
1768910861.599764,0.9389129928035658,-0.002851802871022713,0.9389173237484566
1768910861.6196098,0.9389822842683131,-0.02189760751408798,0.9392375819698551
1768910861.6395767,1.047179937314727,-0.02381215794042113,1.0474506384456765
1768910861.6596446,1.0493271153243047,-0.04077177053339298,1.0501189133746969
1768910861.6797066,0.9414301823251998,-0.014459604534502901,0.9415412196798147
1768910861.6996608,0.9414582595909655,-0.028046478216898763,0.9418759257420378
1768910861.719636,1.047826473745845,-0.0676971145323293,1.0500110563221015
1768910861.7396677,0.9493825390273933,-0.04153073311011202,0.9502904856951706
1768910861.7597384,0.9494988470174199,-0.08182770121281457,0.9530182753615922
1768910861.7796526,1.0591978693626611,-0.09155151578400123,1.0631471236403498
1768910861.7997491,1.0614166744856863,-0.13595276694027092,1.0700880859606694
1768910861.8195887,1.0636236298813548,-0.18801634793288535,1.080113592698476
1768910861.839638,0.974442700877395,-0.18014868364160908,0.990955158173687
1768910861.859686,1.0893036776457707,-0.15935063057314558,1.100897418289579
1768910861.8796432,1.0919870836899523,-0.1941014289819636,1.109103762358837
1768910861.8997128,0.996667600719273,-0.13980907579344581,1.0064257965680976
1768910861.9200447,0.9760285329292477,-0.09834854025300377,0.9809710150977532
1768910861.9396544,0.9764107554292316,-0.12131849384876947,0.9839187671081473
1768910861.9595757,0.9768015639599534,-0.1385222671562305,0.986574738097785
1768910861.9796534,0.9738725766170004,-0.10093399148725091,0.9790891001968022
1768910861.999823,0.9605164718063817,-0.12261983147350453,0.9683116831278916
1768910862.0195973,0.9605704880982708,-0.15357692262436995,0.9727700312859776
1768910862.0396473,0.9495207094484668,-0.12286778819665223,0.9574372413102893
1768910862.0598078,0.9493601922661892,-0.15446586734993328,0.9618443111210165
1768910862.0795703,0.929827330264156,-0.228632115858467,0.9575236333940209
1768910862.0997293,0.9292832559679711,-0.27811489357867814,0.9700078679334067
1768910862.119773,0.9258159212725738,-0.21579043528470887,0.9506317015764564
1768910862.1396303,0.9252176521914537,-0.2587140729264963,0.9607084237461865
1768910862.1596272,0.9183431186677717,-0.2186139332441046,0.9440053683178432
1768910862.1796308,0.9176131690442544,-0.271113049935952,0.9568261147402977
1768910862.1998553,0.9168740638427275,-0.31642934893370356,0.9699410197605242
1768910862.2195933,0.8906009459596707,-0.3284385453539489,0.9492322808556809
1768910862.239574,0.8878107898855374,-0.3461388682109501,0.9529008944919399
1768910862.2596052,0.8865861047446177,-0.3576190636325789,0.9559949350282547
1768910862.2795877,0.8796353681653253,-0.3607437800756603,0.9507336408219832
1768910862.2995892,0.8782901169311588,-0.3909866074622297,0.9613865282568569
1768910862.3197339,0.8952493638142363,-0.39084740039910315,0.9768485623721477
1768910862.339728,0.8791832238740733,-0.36238644901298134,0.9509401030400637
1768910862.3596017,0.8778480610682937,-0.45319096125086666,0.9879267511717897
1768910862.3801763,0.8625630500395349,-0.42037836677833873,0.9595483242384036
1768910862.4001076,0.860958996724098,-0.5362087599375602,1.0142831105139933
1768910862.419581,0.8511993675214082,-0.4859443952419884,0.980144029485436
1768910862.439588,0.8494239414217466,-0.5951340883818421,1.0371622898151192
1768910862.4596083,0.8444606644554042,-0.5205995344268839,0.9920371409669858
1768910862.4798079,0.8426642635956227,-0.5523144137695359,1.0075387202478818
1768910862.4995878,0.8328672169560187,-0.5347796914363192,0.9897762976818493
1768910862.519618,0.8309128584449263,-0.5785193233592434,1.012472609915525
1768910862.5396686,0.8188219459518473,-0.5143667000821477,0.9669759466117903
1768910862.5600305,0.816660497745417,-0.5331769874120225,0.9753010142943318
1768910862.5795891,0.814579424503628,-0.5410532518226789,0.9778948103618083
1768910862.5996306,0.8000766732605777,-0.6031916793748753,1.0019794834041242
1768910862.6197774,0.8014095628901892,-0.5818938440680945,0.9903826196254597
1768910862.639833,0.7857547298248821,-0.6444723153803897,1.0162455710771556
1768910862.659594,0.7831473731897898,-0.7472013079201707,1.0824184046345857
1768910862.6800737,0.7727506790947842,-0.6650963212115322,1.0195571237211594
1768910862.699733,0.7700127893765769,-0.7410913558074874,1.0687076744629826
1768910862.7196524,0.7564357115344622,-0.7089360328964647,1.0367185174499516
1768910862.739628,0.7534792266633135,-0.7704567167337606,1.0776523082020988
1768910862.7598195,0.8590508319870693,-0.7171060053947595,1.1190216060965512
1768910862.7800615,0.7599635762382029,-0.6361727664089685,0.9910905235795562
1768910862.7996104,0.757244304073323,-0.6695107853505595,1.0107737767434484
1768910862.819589,0.8560048574642565,-0.6180969330186672,1.0558352781610798
1768910862.8397195,0.8551717477237339,-0.6492520197673128,1.07370708448664
1768910862.8600862,0.7461974874348565,-0.7147690503982931,1.0332983526849204
1768910862.8796327,0.7433320692618421,-0.7603635511911859,1.0633415703212037
1768910862.8996487,0.8473060060192683,-0.7120295825042833,1.1067581462079006
1768910862.9196563,0.8463584114658698,-0.814677866328954,1.174743625879846
1768910862.9396284,0.8454942730035615,-0.8452774045956817,1.195556128503314
1768910862.9595938,0.727051106829963,-0.7698335274510884,1.0588894993956923
1768910862.9796882,0.8244617327369692,-0.799773148080102,1.1486401686940966
1768910862.9996386,0.8232424445030633,-0.8865414054229159,1.209827998502522
1768910863.0197048,0.7093933596258326,-0.7767930950899684,1.051972647581998
1768910863.039608,0.7060615121219467,-0.800681067514152,1.0675265948797397
1768910863.0597556,0.8050140798374779,-0.7953521716696876,1.1316504520903394
1768910863.0797372,0.8036383524642492,-0.8184881861135933,1.1470647376495249
1768910863.0996501,0.6866596804979528,-0.761159793506232,1.025117431357013
1768910863.1197352,0.6830972002354212,-0.7591736456315745,1.0212572688558974
1768910863.139666,0.7707978198750531,-0.7839901860562715,1.09944071734527
1768910863.1600199,0.7689126570774194,-0.8054978753188569,1.1135768951253657
1768910863.1795344,0.6558533036589083,-0.8134996736543401,1.0449522835785479
1768910863.199875,0.6516716027140639,-0.9063163559455796,1.1162818706932363
1768910863.2196069,0.7226767833123802,-0.8231975847215538,1.0954067722221406
1768910863.2396357,0.7082880647917129,-0.7501652387732181,1.0317072589596668
1768910863.2597857,0.7053897695663691,-0.8144354318230467,1.0774413207305946
1768910863.27961,0.6769847352010583,-0.7942532387378498,1.0436218371329775
1768910863.2995791,0.6736465654341721,-0.8575462823643258,1.0904977402627354
1768910863.319761,0.6703154844984427,-0.8842976371456133,1.1096419061209326
1768910863.3395796,0.6549731251397102,-0.8327379630095932,1.0594537789316933
1768910863.3595886,0.6389755530766923,-0.7756767627499355,1.0049697496441794
1768910863.3795817,0.6352439811282009,-0.7645749216002118,0.9940370849719723
1768910863.399627,0.7380722391045316,-0.7364824748279586,1.0426682434338794
1768910863.4196434,0.7363718104982775,-0.7369065386309219,1.0417651798622938
1768910863.439781,0.8249419035237837,-0.7048881157663085,1.0850789832717342
1768910863.459616,0.8249738195783269,-0.7053525221494605,1.0854049859348627
1768910863.4796634,0.7513441221615613,-0.7798281806812191,1.0828896440964366
1768910863.4999213,0.7498285399484104,-0.8522289400754943,1.135137439089807
1768910863.519658,0.7483758249509114,-0.8598389045337067,1.1399075914830472
1768910863.5396235,0.787506772210512,-0.8082704216805034,1.1284803901003324
1768910863.5597515,0.7868568214290059,-0.8299228870255888,1.1436414017681622
1768910863.5796375,0.795422225502028,-0.7674154952900047,1.105270581909155
1768910863.5997949,0.7950105027294292,-0.7389431516817613,1.0853933300271723
1768910863.6198175,0.8014363605848747,-0.8243538794046605,1.149721513479261
1768910863.6398532,0.8011797297337964,-0.7963219021981194,1.1296094596172388
1768910863.6596634,0.8984197336166204,-0.6991441955559972,1.1384026633539652
1768910863.6797426,0.8999728354147614,-0.7050538711801357,1.1432637778529418
1768910863.6999843,0.9015304799722941,-0.7098390599612241,1.147444420164092
1768910863.7198548,0.8079342555746241,-0.8256076406089647,1.1551561528913843
1768910863.739781,0.8263134118143896,-0.8313448600838309,1.1721468043432706
1768910863.7597349,0.8262810948618373,-0.8974788377390819,1.2199216007250506
1768910863.7796893,0.8459134452056949,-0.8227887901344366,1.1800639601100689
1768910863.7998304,0.8463045449897724,-0.861530073176139,1.2076694290480443
1768910863.8195825,0.8250062202242612,-0.7511002841698133,1.115700183870513
1768910863.8395975,0.9274264338988463,-0.6962339655703205,1.1596816481725083
1768910863.8596606,0.9294505281800758,-0.6841543360357223,1.154099406399077
1768910863.8796966,0.9315004424833209,-0.6600472259973929,1.141645923609188
1768910863.8996782,0.8487492857926284,-0.7611384933135197,1.1400469973369833
1768910863.9198532,0.9520350701136557,-0.6558041794750711,1.1560492621611265
1768910863.9397469,0.9544321353611194,-0.6439735381834761,1.1513655452941656
1768910863.9596262,0.8452340376794165,-0.6948718120394752,1.0941971548212293
1768910863.979701,0.8454350507357793,-0.7078404697582125,1.1026325569472981
1768910864.0001056,0.9654585826401743,-0.7122021148424071,1.19972585501004
1768910864.0197513,0.9678718820851087,-0.7374233769117787,1.2167864302937232
1768910864.0395617,0.8418950257778102,-0.7928247606664477,1.1564421021197862
1768910864.0596209,0.8419398720507418,-0.8040423638766876,1.1641936570249949
1768910864.0802906,0.8785358656023554,-0.6526003276929284,1.0944005002075783
1768910864.0996637,0.879260440346493,-0.6495085759519621,1.0931424025228618
1768910864.1196198,0.8723278746918375,-0.7290934100974793,1.1368962668651652
1768910864.1395776,0.8667459853492296,-0.5969598507669471,1.0524303618514161
1768910864.159584,0.8672182022925492,-0.5912389953561137,1.0495860898550569
1768910864.1795642,0.8997352609000666,-0.6675809859692574,1.1203516914498755
1768910864.1995795,0.9007571759179687,-0.6883403833922275,1.1336560207471547
1768910864.2197964,0.9019709781759966,-0.636551307856662,1.1039697518527358
1768910864.239636,0.9118903503190667,-0.8059137824422953,1.2169802938977596
1768910864.2597284,0.9137088692600424,-0.6586946626378059,1.126384728390792
1768910864.2797785,0.9148055240544108,-0.7147942008722388,1.1609478439796714
1768910864.2995923,0.8792288331536806,-0.6923527355461943,1.1191048438225442
1768910864.319845,0.8796835758085191,-0.7231566785725234,1.1387707299150722
1768910864.3396509,0.8516104211942341,-0.6620225025858382,1.0786631093240544
1768910864.359862,0.8514451463368058,-0.7037279160848557,1.1046229298261185
1768910864.3795898,0.9882691399054062,-0.6806184410927205,1.1999655641912632
1768910864.399939,0.9908220870771345,-0.7091352957684212,1.2184421512507086
1768910864.4195385,1.0835889806936096,-0.4834578636553104,1.1865481806529277
1768910864.4396024,1.0879596365454791,-0.4723681061927678,1.1860808566452428
1768910864.459646,1.1078385367524524,-0.5779125065188202,1.2495155416018964
1768910864.4797904,1.201379626653817,-0.433768642786597,1.2772894123117873
1768910864.4995906,1.2074688700622636,-0.4952293026314889,1.3050797425269884
1768910864.519587,0.972145773768732,-0.6062299566656097,1.1456797832794265
1768910864.5396702,0.9737329490060533,-0.6450214244436969,1.1679933621264298
1768910864.5597239,0.9715902642801213,-0.599546142965047,1.1416843780958819
1768910864.579699,0.9730919070490867,-0.637701810771448,1.1634308999788565
1768910864.5996141,0.9772399919694905,-0.6115819641312674,1.1528358516090609
1768910864.6200047,0.9788285340213951,-0.6353243724166395,1.166937169345921
1768910864.6397119,0.9749341510390659,-0.6255071872052396,1.1583418494156528
1768910864.65975,0.9765168641368209,-0.6271616298764204,1.1605674887454234
1768910864.6795154,0.9300422463884752,-0.5878901790217612,1.1002697135964252
1768910864.6996021,0.9556947366409769,-0.480044390322679,1.0694835418666053
1768910864.719603,0.9566893674153016,-0.5152940615090924,1.0866381714039068
1768910864.7397,0.9578274815789092,-0.5027423353774916,1.0817501283792899
1768910864.7596693,0.9759937668947334,-0.640824155115439,1.1675698826180758
1768910864.7797763,0.97735611340772,-0.6530566708977004,1.1754607555420262
1768910864.7997644,0.9803807413105812,-0.6732683856016264,1.1893009362576425
1768910864.8196049,0.9817848495949466,-0.6863330113106549,1.1978958607946366
1768910864.8397274,0.9529201384223418,-0.580092987763833,1.1156005847361437
1768910864.859635,1.0309954281485938,-0.48519790396887164,1.1394597750158137
1768910864.879638,1.0334007772493452,-0.47033437637544306,1.135399309503061
1768910864.8996973,1.183925470921631,-0.3569045997370974,1.2365518242316023
1768910864.9196472,1.1892406649611704,-0.3162402187391793,1.230569475952289
1768910864.939629,1.1876867275724035,-0.3244703732719456,1.2312111053685637
1768910864.9597337,1.192684432243614,-0.34399951837041165,1.241302470615179
1768910864.979602,1.1987001980352998,-0.3066333341660128,1.23729792951885
1768910864.999604,1.2618062645729182,-0.3110531957708673,1.2995803707023013
1768910865.019757,1.2679775924144812,-0.31744262602284756,1.3071101696802399
1768910865.039675,1.2740595519683744,-0.34785193876114207,1.3206925127605367
1768910865.0598173,1.2641839545748272,-0.3453884153561875,1.3105167791625971
1768910865.0798144,1.3638920428670245,-0.23635348429516867,1.384219807015653
1768910865.0996833,1.3715334279816709,-0.22829088244599305,1.3904030606551194
1768910865.1195507,1.252166401420154,-0.3099252206517642,1.2899512933601573
1768910865.1396658,1.2575728660472825,-0.2669531002515795,1.285594598289953
1768910865.1595538,1.1260092567912796,-0.3912730866130003,1.192053469726637
1768910865.179681,1.1287340534900085,-0.36313460419478805,1.1857096205528952
1768910865.1997778,1.1315190815994667,-0.3224931499405006,1.1765786262644102
1768910865.2196276,1.297505281817557,-0.19942645497690759,1.3127417367057066
1768910865.2396255,1.168914844724405,-0.39824001365244754,1.2348915023964582
1768910865.25969,1.1720359189758307,-0.40741739413203604,1.240829210008718
1768910865.2796702,1.3190601293456181,-0.35472209228966456,1.3659236390031604
1768910865.2996256,1.3252032036978196,-0.29045115776528263,1.3566596500737236
1768910865.319615,1.107580704931049,-0.5184491718860027,1.22291641650803
1768910865.3399394,1.2600587113007276,-0.23121455616767506,1.2810964549590578
1768910865.3595495,1.2642092985936868,-0.3097356798212143,1.3015995321161773
1768910865.3796601,1.221507303060391,-0.2589333950602857,1.2486499087043237
1768910865.3996496,1.2250445635880851,-0.27602955395046713,1.25575734018592
1768910865.419821,1.2287778591911218,-0.24385980360886084,1.2527420448976991
1768910865.439754,1.2012289854039784,-0.2903095257507058,1.235811755938691
1768910865.4596002,1.1370947336272188,-0.24405534301823106,1.1629907324215882
1768910865.4798057,1.1389958416735242,-0.20178173598893512,1.156731341465376
1768910865.499808,1.2283065019038997,-0.2026857925991541,1.2449170225926474
1768910865.5196428,1.2317730523959867,-0.18548480984825755,1.2456602535576746
1768910865.5395713,1.2618644987283254,-0.21426175576072826,1.2799258232931148
1768910865.5596845,1.2657822716152562,-0.22148302600324143,1.2850134201412182
1768910865.579967,1.1886696476515253,-0.2748837943035989,1.2200396024796671
1768910865.6005614,1.3285305003708494,-0.09409522414536298,1.3318585516572643
1768910865.619603,1.3333830412753924,-0.1354506344254185,1.3402452048513598
1768910865.6398396,1.141874451596414,-0.22368672191937033,1.1635776780136533
1768910865.66021,1.143072174471504,-0.26498488016402355,1.173384413892802
1768910865.6795654,1.367847782963704,-0.06729659236922103,1.369502241218768
1768910865.6999238,1.3736158787338475,-0.0329734297777442,1.3740115826953818
1768910865.719615,1.2346131187101417,-0.1904602944513787,1.249217625817731
1768910865.739638,1.2375764443607187,-0.1715111622214387,1.24940447189974
1768910865.7596843,1.404421589927627,0.008794371394296618,1.4044491244694712
1768910865.7796335,1.4105272464728529,0.030404593785233303,1.4108549012444664
1768910865.7996616,1.3198366295245982,-0.1574112034294206,1.329190360934035
1768910865.8196783,1.3241281481461291,-0.12782533899031812,1.3302836802730789
1768910865.8397224,1.3078128403257256,-0.13703407660293898,1.3149725333524127
1768910865.859627,1.3369951501076027,0.002737035308454594,1.3369979516714043
1768910865.8796732,1.3411192691290132,-0.048111828968544046,1.341981982783613
1768910865.8997715,1.3428809917982747,0.04537468619395746,1.343647357114328
1768910865.91972,1.3470106336684715,0.019115357956653867,1.3471462593667207
1768910865.9398558,1.3512980377008086,0.018452210769398292,1.3514240159092683
1768910865.9598856,1.34243837289275,0.020537799854606575,1.3425954663404023
1768910865.9795957,1.3465179137033605,0.05429589938700374,1.3476121610516485
1768910865.9996185,1.2795751636327788,0.018253354409161204,1.279705350591705
1768910866.0196176,1.2919174907280384,-0.010502260163816501,1.2919601775277672
1768910866.0396876,1.2948267206724173,0.009480921158962374,1.2948614305914392
1768910866.059922,1.2619387133506352,-0.07421198331012846,1.2641189559214272
1768910866.0800369,1.2639781933723357,-0.11603599133499998,1.269293198833859
1768910866.0998425,1.21548832500119,-0.21047326581052772,1.233576452367322
1768910866.119754,1.2934644246295672,0.04405173857833233,1.2942143460239
1768910866.1396673,1.2961327054059462,0.030185841301943128,1.29648415919287
1768910866.1596124,1.1068000779765814,-0.15137798455665852,1.1171041611315404
1768910866.179672,1.1058728047593505,-0.15613368759541935,1.1168403595449334
1768910866.1999483,1.2584116950469602,0.05045225057777891,1.2594226549571539
1768910866.2197092,1.260478251553085,0.08342020677151218,1.2632356682488521
1768910866.2398992,1.2625279478216411,0.09410542173855774,1.2660302719253267
1768910866.2596703,1.10761856037995,-0.12531654410819115,1.1146852073681488
1768910866.2796588,1.2861733661406634,0.06642660303026915,1.2878875810255124
1768910866.2996695,1.2886963840189782,0.07863199464538617,1.2910930875678568
1768910866.319618,1.2912485961985096,0.11452596953107808,1.2963175285714743
1768910866.3397226,1.0755556639516408,-0.14519716655473758,1.0853120304474557
1768910866.3598993,1.2732287771163353,0.06509244160068661,1.2748915815984894
1768910866.3797925,1.2754464348706334,0.07034099439482944,1.27738461855334
1768910866.399911,1.1325583077041816,-0.18951865719225225,1.1483055524439976
1768910866.4196343,1.1320641281388193,-0.1755131485774637,1.145588955752577
1768910866.4397314,1.2671532729105666,0.09282980301366273,1.27054901100883
1768910866.4595737,1.1041370516500528,0.05942038825312679,1.1057347834660098
1768910866.4796276,1.1030213471813433,0.08191572716215312,1.1060588947674757
1768910866.499615,1.1713511962409786,0.0962515337537333,1.1752991034988147
1768910866.519546,1.171598008728588,0.1389338266335809,1.1798069766872217
1768910866.5395827,1.1718601695205253,0.19196166913838475,1.187478647945751
1768910866.5597396,1.2508832292227714,0.12336324093180018,1.256951607009588
1768910866.5796676,1.284218857703646,0.18579127084503355,1.2975887140399573
1768910866.599826,1.2866302098116558,0.25743982987891023,1.312132829712018
1768910866.6197202,1.2757889017647042,0.27019920216986115,1.3040877772294392
1768910866.639718,1.2778926964898165,0.28661004195982365,1.309639286175482
1768910866.6596482,1.2883606358940627,0.27469927782228076,1.3173203184333855
1768910866.6802847,1.2906450184190073,0.2522088954682431,1.3150566111476383
1768910866.6997201,1.2929080506188617,0.29706591724590403,1.326596919393459
1768910866.7195861,1.270374397653014,0.3209888974914943,1.3102995773963537
1768910866.7395902,1.3224062241610728,0.4147455298675986,1.3859192170704253
1768910866.7599418,1.291751300567566,0.5848660646897343,1.417987918193824
1768910866.7796178,1.2938940941946449,0.631942233824395,1.439969761447353
1768910866.7995975,1.206671053683463,0.3559960384034717,1.2580891109760568
1768910866.8198373,1.2071245578082577,0.41486594937789434,1.2764260472181705
1768910866.8396688,1.0879755584115731,0.10249978418752193,1.0927932199000243
1768910866.8596199,1.086134471514825,0.1471404802402141,1.0960558430746623
1768910866.8796272,1.2652296507473944,0.37313906563282195,1.319105314761376
1768910866.899644,1.266853977306,0.4294635658019743,1.3376688507128278
1768910866.9195757,1.0889462792837072,0.08719615783653722,1.0924317686278096
1768910866.9396503,1.0871230574518993,0.12288054453897423,1.0940457807010455
1768910866.9597046,1.085304092270726,0.15249048516980324,1.095964561820731
1768910866.9801836,1.1182213824095752,0.2872941245870724,1.1545375585489774
1768910866.9997098,0.9669305766279432,-0.06536347937300313,0.9691373093910851
1768910867.0195866,0.962856062407071,-0.04988108980113992,0.9641472501821486
1768910867.0396745,1.0304830460969754,0.08045063003008046,1.0336186976663775
1768910867.0596437,1.0277473332679197,0.1021016493731679,1.0328065297256992
1768910867.0795708,0.8603651831035952,0.10748104746746456,0.8670527226539262
1768910867.0995898,0.8424609961715053,0.10948583235344067,0.8495455712064014
1768910867.119802,0.8363127575792859,0.1504915728724292,0.8497451041315196
1768910867.1395447,0.8952188687687865,0.051958945222745356,0.8967254624400526
1768910867.1596775,0.8902923495865176,0.10215224315486537,0.8961336666557355
1768910867.17965,0.8823286734998836,0.054860295430655626,0.8840325447034193
1768910867.2002509,0.877256725833365,0.09457547764822927,0.8823400047556874
1768910867.2196987,0.8544141867481923,0.0773203472164905,0.8579056117139305
1768910867.239719,0.8491307705916844,0.12509013579765593,0.8582951751230481
1768910867.2598193,0.8090195247966774,0.1266820643598816,0.8188778522665776
1768910867.279767,0.8031335129847195,0.1562068832860266,0.8181833719070016
1768910867.2995975,0.8076100431039901,0.104134241311721,0.81429596703901
1768910867.319615,0.801902245493201,0.1313443502545013,0.8125875643097272
1768910867.339611,0.7630916263319509,0.1259660026353071,0.773418556796939
1768910867.3596373,0.7567120947557591,0.16767315534444727,0.7750661141946614
1768910867.379841,0.7671012432019682,0.09304557970386895,0.772723622794356
1768910867.3996246,0.7611049357353972,0.13786066798316732,0.7734896812353401
1768910867.419651,0.7639433612642179,0.08278474110763412,0.7684157550310439
1768910867.4397166,0.758025505374051,0.13472290755137095,0.7699044931786544
1768910867.4598181,0.7265028746528284,0.21799981179141525,0.758505336052368
1768910867.479591,0.7201956341592215,0.26701396447444736,0.7681003897189251
1768910867.499581,0.7321860898979455,0.1997941189571666,0.758955967240467
1768910867.520258,0.6929475208155074,0.2516564413564488,0.737229429065708
1768910867.5395758,0.6866259428497745,0.26934837620409624,0.7375660873156555
1768910867.559889,0.6968896498755166,0.27159067580101137,0.7479416282609694
1768910867.579585,0.6907319786382544,0.29740572208123517,0.7520377848487261
1768910867.5997343,0.7241602730422008,0.2710358636597885,0.7732195939332902
1768910867.6195955,0.7186524614169949,0.3148657210619632,0.7846029458271077
1768910867.6396205,0.7119621523826298,0.2893435649304976,0.7685114215104393
1768910867.6604235,0.7062067809763155,0.33447461859121574,0.781409807961654
1768910867.6795735,0.6118928165634925,0.3919113399884182,0.7266411200678925
1768910867.6996417,0.6045742722823455,0.4415518357473083,0.7486508360761681
1768910867.7196286,0.6831252039788112,0.3644315644487719,0.7742547445625837
1768910867.7397072,0.6773995210525419,0.41552862894786813,0.7946912309806295
1768910867.7596114,0.710299927444872,0.3741502101918375,0.802816521201941
1768910867.7796009,0.7054070366635639,0.4172924187855944,0.819592612308336
1768910867.7996533,0.6349313583938887,0.467156676942146,0.7882722820723417
1768910867.8197644,0.6287335624057651,0.5132505437104626,0.8116230733009809
1768910867.8397381,0.622605347592418,0.5603722665986961,0.8376481934700485
1768910867.859597,0.672346014733229,0.5347476610821289,0.8590717225939071
1768910867.879633,0.6827642938631548,0.5221963475323061,0.8595673948856678
1768910867.9000654,0.6314617174741697,0.6199267680159917,0.8849028750875325
1768910867.9197056,0.6259410618584074,0.6709333693715731,0.9175804046821849
1768910867.9399753,0.6582206559075185,0.6765817214660323,0.9439371047295809
1768910867.9596148,0.653299258077185,0.7267685715735102,0.9772371652936664
1768910867.9795697,0.582206735063675,0.38619759465015946,0.6986510319659401
1768910867.9995742,0.5759520205136379,0.42947924043164853,0.7184519106352825
1768910868.0196748,0.7427299486338867,0.7180505482091348,1.03307519880265
1768910868.039578,0.7398268872015548,0.765827148460831,1.064816906489557
1768910868.0597298,0.5353754271747526,0.46344146716760726,0.7080994573596376
1768910868.079592,0.5286965467937232,0.5042491272326508,0.7306074328300374
1768910868.0995035,0.7150593143526738,0.7499386558998911,1.0362035565734422
1768910868.1196349,0.7119979122242803,0.795308620987754,1.0674534320658569
1768910868.1395888,0.4901551821318124,0.48108077556026707,0.6867975066818008
1768910868.1596377,0.48290351892244665,0.5193608638808431,0.7091766462022967
1768910868.4618094,0.40766341181104515,0.4465345037150854,0.6046342037442964
1768910868.462046,0.3997040361001716,0.4782866882559951,0.6233149064779814
1768910868.4623137,0.5703219544116083,0.7665998032675052,0.9554801882057284
1768910868.4624863,0.5656247649980068,0.8039394683569565,0.982980184724553
1768910868.4626415,0.3724427900662466,0.49476195245808796,0.6192762077397044
1768910868.4627976,0.3641437405224668,0.5254539900512185,0.6392984900830282
1768910868.4629917,0.5621302687511429,0.7794171343161462,0.9609794525960613
1768910868.4631383,0.5578145722822256,0.8143742345565883,0.9870980148698666
1768910868.4632819,0.47905006411578643,0.45989410111571694,0.6640719450258175
1768910868.46342,0.473379558442395,0.4871873838845282,0.6792935693552291
1768910868.4797008,0.6370205898208772,0.7694932486088693,0.9989570018325961
1768910868.4995959,0.6344808362133341,0.8016758173556777,1.0223747100035612
1768910868.5196536,0.42837141525137845,0.5183936868899437,0.6724835195094507
1768910868.5396569,0.6353696915441978,0.7807518460180596,1.0066121845048255
1768910868.5596201,0.6331099406520728,0.8116565471121628,1.0293758047586459
1768910868.5797844,0.6307575479294476,0.8428829082928733,1.0527614551085263
1768910868.5996032,0.399279105139855,0.5579973677980359,0.6861376438228848
1768910868.619867,0.6091118111144649,0.8083396316896057,1.0121413728324866
1768910868.6396365,0.6067286852266847,0.8371050175711208,1.033859036774186
1768910868.6596544,0.6042684450057543,0.8663633774590913,1.0562792506870502
1768910868.679703,0.38128956005131265,0.64845301159556,0.7522453302290916
1768910868.6997306,0.6324496925839744,0.881890917478767,1.0852300235346908
1768910868.719683,0.630822001399526,0.9103720611174921,1.1075710754227084
1768910868.7402287,0.4634182204575925,0.6258803825282246,0.7787699919011766
1768910868.7596192,0.45881081821157643,0.6475565211833096,0.7936225897963127
1768910868.7797158,0.6172918304810766,0.9539525461608616,1.136254665251355
1768910868.7995756,0.48121647663878075,0.6441476739326415,0.8040494532188147
1768910868.8196034,0.4768910796923276,0.665468753663486,0.8187024880825435
1768910868.8396413,0.47249376591243486,0.6867812297913201,0.8336179079289221
1768910868.8596258,0.5707781001048575,0.9488082914676781,1.1072600478284786
1768910868.8796186,0.4259902653804257,0.6224582244206385,0.754269147816467
1768910868.8998694,0.4207738398430285,0.6417273945269812,0.7673751841065976
1768910868.9195642,0.5558832417536017,0.8743271817528537,1.0360763481589477
1768910868.9396827,0.5534107460282058,0.8975533571961751,1.0544503226011266
1768910868.9595907,0.5509807426666322,0.9206796339479997,1.0729542241662018
1768910868.9796648,0.3129260619746441,0.5405162343197851,0.6245642639682482
1768910868.9996502,0.45534265663206064,0.8109023440526126,0.9299997562036048
1768910869.0196419,0.4513461154562224,0.8313293904988726,0.945950247869648
1768910869.039948,0.2632353838212431,0.5490393445316766,0.6088818186966091
1768910869.059636,0.25578520470808197,0.5634601805530881,0.6188000048614043
1768910869.0795827,0.3996140627717333,0.8296200337318442,0.9208478699188901
1768910869.0996547,0.26378517103493415,0.5195075618693412,0.5826411616916168
1768910869.1197815,0.2565046963230291,0.5327047645125056,0.5912436260714304
1768910869.1395953,0.24936307790279066,0.5457049033323766,0.5999798214458147
1768910869.159696,0.44405934274302084,0.7644754808580991,0.8840879258934518
1768910869.179776,0.215093589032751,0.5298117125309787,0.5718091489107169
1768910869.1995528,0.20747495396164695,0.5417649256783719,0.5801336839183528
1768910869.2195435,0.19979735463390824,0.5538458927966978,0.5887820104983499
1768910869.2395566,0.4481397629140682,0.7594518036174929,0.8818142032891851
1768910869.2595801,0.2636969986446962,0.5068776598532754,0.571367717982521
1768910869.2795992,0.2573605390329119,0.517474095035027,0.5779393446406215
1768910869.299611,0.38635757463030274,0.783364405688598,0.8734597687209528
1768910869.319645,0.3826413860701239,0.7988695142565199,0.8857804079692176
1768910869.3398614,0.22666043617388354,0.48168654937646593,0.5323503406373867
1768910869.3599038,0.21995678891644488,0.4908591603055701,0.5378881893538124
1768910869.3795702,0.3377782685907835,0.8129597407016451,0.88033953605065
1768910869.3995867,0.3334561970132315,0.8281735912247914,0.8927847067063228
1768910869.4198875,0.2770656776903868,0.4907741491840252,0.5635819862817983
1768910869.4395952,0.43792983152747844,0.773507257141878,0.888873452293878
1768910869.4599648,0.43571698129811764,0.7875808632750143,0.9000738325207333
1768910869.4796638,0.26831054093289275,0.5016852082292971,0.5689275828537185
1768910869.4996386,0.26296567876631727,0.5097439465025086,0.5735763586524312
1768910869.519617,0.2578468531008662,0.5176430136468362,0.5783072619563049
1768910869.5396812,0.4028306727222688,0.7825211748715226,0.8801204122210686
1768910869.5596597,0.2312662296213377,0.5146049732716271,0.5641829025051729
1768910869.58005,0.22536507390193972,0.5222044012299989,0.5687590466962336
1768910869.599708,0.3734232367789936,0.7721774878213985,0.8577313020198495
1768910869.6196291,0.37069971588850237,0.784254702408683,0.8674524295948155
1768910869.6396677,0.20521862167827898,0.5071390784120364,0.5470874953205769
1768910869.6596444,0.19938733479753878,0.5137742724627916,0.5511073509964611
1768910869.679635,0.3645631167723762,0.7855507492433595,0.8660232362630883
1768910869.6996276,0.36200223020152933,0.7972761840601716,0.8756111741751756
1768910869.7197425,0.2366781385409782,0.45901851416446426,0.516444128254911
1768910869.7398427,0.23176883563048722,0.4640564599347101,0.5187149421181609
1768910869.7595918,0.3514800072987265,0.7823453384062944,0.8576726788564342
1768910869.7796097,0.34902215052894814,0.7934145486749262,0.8667889637096728
1768910869.7995887,0.19891894044276892,0.4269356257219048,0.47100188256250974
1768910869.8196173,0.29960353913189586,0.7249018761010362,0.7843755545879534
1768910869.8400147,0.2963874869635177,0.73450372143785,0.7920487732675306
1768910869.8597755,0.17282164923308407,0.41739720582476814,0.45176072192474526
1768910869.8797302,0.1672232872686985,0.4206752605043338,0.4526933869688608
1768910869.899686,0.2817016644508934,0.7456738859256564,0.7971106396892922
1768910869.9196017,0.27842018399315016,0.7551137409971656,0.804807157459173
1768910869.9395604,0.15630825711628926,0.42735634282519896,0.4550447395538827
1768910869.9596314,0.15067539556585885,0.4303488190294331,0.45596401269064624
1768910869.979722,0.2726418387235112,0.7512135817037375,0.7991591941276125
1768910869.999622,0.2695702509697764,0.7602972800580652,0.8066722223255244
1768910870.0198028,0.1657882023064392,0.4640130879141733,0.4927411833606433
1768910870.0395675,0.16090906531347038,0.4672382446473229,0.494169307587153
1768910870.0595648,0.3258271949960765,0.7593111508988368,0.8262667758528884
1768910870.0797644,0.32415526002075,0.7681720480652849,0.83376551141669
1768910870.0996013,0.14304421714646232,0.5030865066290033,0.5230274191772536
1768910870.119665,0.2998622606577692,0.777916597016592,0.8337095461134307
1768910870.139667,0.29766570890739796,0.7865946709168199,0.8410327285986462
1768910870.15962,0.29561399483239637,0.7953402535136469,0.8485008855622487
1768910870.1798275,0.15406697482406972,0.5565219694343035,0.5774541844981959
1768910870.1996837,0.3123766814207398,0.839360084962907,0.8956028937673063
1768910870.219658,0.31069547197143166,0.848745463215927,0.903825501760804
1768910870.239576,0.1429340260900709,0.5726184225871727,0.5901881002701926
1768910870.2595978,0.13812828283886347,0.576588039614558,0.5929023443591467
1768910870.2795713,0.31939236257021086,0.8886402154509163,0.9442949294499214
1768910870.299767,0.3181301168484385,0.8985660938454068,0.9532196998880129
1768910870.3197014,0.1531560810398016,0.6263754311568768,0.6448278575840481
1768910870.3396068,0.14882062988638367,0.6308387207759978,0.6481551292013952
1768910870.359637,0.3447649331092961,0.9862075826250258,1.0447335809329354
1768910870.3797908,0.34422210261902997,0.9974380610872302,1.055164224960702
1768910870.3995824,0.25763568997884434,0.7472410850295077,0.7904083678118237
1768910870.4196262,0.25542954698232023,0.7534029202128494,0.7955251181809676
1768910870.4398243,0.3076950264913476,0.736803463868501,0.7984707719736099
1768910870.4599218,0.3065630549430107,0.7425766112457417,0.8033684896890099
1768910870.4796083,0.22817767383340115,0.7628636363740231,0.7962574825631592
1768910870.4996595,0.22549733238654746,0.7688762455265827,0.8012613355507072
1768910870.520063,0.2628240223719738,0.7073155733235819,0.7545672846087691
1768910870.5396562,0.346482476093783,0.9893628334363633,1.0482790288970336
1768910870.5596743,0.3462391461388723,0.9995557996160809,1.0578248167183062
1768910870.5795937,0.2020366507469289,0.6478608233148737,0.6786327833455016
1768910870.5996017,0.1990605932159415,0.6511933386612601,0.6809389723670405
1768910870.619837,0.29183803551057075,0.961497875464076,1.0048122230011938
1768910870.6397579,0.2907056695362611,0.9706687311751487,1.013265795328007
1768910870.659582,0.1502934432481906,0.6242381289497114,0.6420758216270362
1768910870.6798072,0.1464255476679872,0.6266411250255235,0.6435212044549299
1768910870.6996372,0.2789569095253013,0.876165408957915,0.9195013764134872
1768910870.7196183,0.2777049524226518,0.883301423416551,0.9259273433751551
1768910870.7398229,0.10644319877597397,0.5955404908273092,0.6049782068640934
1768910870.7596452,0.10195489917386702,0.5969919962292316,0.6056354060219038
1768910870.7796,0.2612438881914798,0.8748181911267441,0.912992462533876
1768910870.7999337,0.2598431099523255,0.8817040708946831,0.9191955778951248
1768910870.8195992,0.08248671754645365,0.5895847756015016,0.5953270245778042
1768910870.8398142,0.07769035117977552,0.5905884954015104,0.5956765578458302
1768910870.8596072,0.21213020742528244,0.8456952117447862,0.8718942688596778
1768910870.8797135,0.038391330868107865,0.5707793937358687,0.5720690610401076
1768910870.8995914,0.03294160191135198,0.5712632114513294,0.5722122035522943
1768910870.9196062,0.02746263128906623,0.5717328899291267,0.5723920802597029
1768910870.939602,0.20962057736327644,0.7842264044642011,0.8117584861970721
1768910870.959672,0.08953897801188404,0.474754743473655,0.4831245129717065
1768910870.9798293,0.08534317526588175,0.4731443208192996,0.48077958139673455
1768910870.9996986,0.1717424195706867,0.7625865971549803,0.7816864952398794
1768910871.019715,0.16930269991478397,0.7665679331126007,0.7850412729754787
1768910871.0397537,0.05025377053565361,0.45459297866286796,0.45736223904322143
1768910871.0595672,0.045582574898682005,0.45252845414663234,0.4548183955676537
1768910871.079713,0.14149155137885572,0.7541892522766247,0.7673469146097934
1768910871.099648,0.13875169762246298,0.7579125031955449,0.7705085308374284
1768910871.1196122,0.018926692383819166,0.44353406714581745,0.4439377077963779
1768910871.1396198,0.013911891040121915,0.44118107993750577,0.44140036928749404
1768910871.1598768,0.16716658130436368,0.7224833635016541,0.7415705471778472
1768910871.1796818,0.16520588644732026,0.7255389687810716,0.744110059155731
1768910871.1996462,-0.010469551532163557,0.44950566741954034,0.4496275753905348
1768910871.219673,-0.015755917458614377,0.44720724828385094,0.447484716892741
1768910871.2398424,0.13518691135231986,0.7363236256374339,0.7486307385305762
1768910871.2599366,-0.029341048688525717,0.4751381304876787,0.47604321251486076
1768910871.2799718,-0.034849304584914975,0.4774516822019059,0.47872182200885927
1768910871.2996445,0.1224387629796988,0.7717274416591131,0.7813798659357167
1768910871.3197937,0.12008535874145032,0.781922616681662,0.7910900529411049
1768910871.3396053,-0.03909568769620009,0.5327772759717639,0.5342097889297162
1768910871.3595862,-0.044425590066864196,0.5382043423500242,0.5400347647857601
1768910871.3796687,0.1686365222264925,0.7921955582857141,0.8099457260806187
1768910871.3996747,0.16749751868014862,0.8024046901845949,0.8197003754996349
1768910871.419801,0.03879288471662257,0.47242448217793154,0.47401453486757544
1768910871.4396682,0.1386649164199616,0.7819976439737655,0.794196621893014
1768910871.4595933,0.13700542688807804,0.8107542614269985,0.8222487211414939
1768910871.479625,0.014382639369460826,0.5106347093624812,0.5108372213542565
1768910871.49956,0.010404574268001454,0.538428481203443,0.5385290006459678
1768910871.5195632,0.12282280753600361,0.8739414262322693,0.8825299193432024
1768910871.5401387,0.12107235606502353,0.9076467020143486,0.9156861094723778
1768910871.5598543,0.05436447625747309,0.5788661185980022,0.5814133465439761
1768910871.5797994,0.05141145108374534,0.6014176965796203,0.6036111190672953
1768910871.5996008,0.04851585570307382,0.6130471332298111,0.6149638817165535
1768910871.619661,0.2192306231558332,0.920751583880465,0.9464911755255195
1768910871.639612,0.05849759418199163,0.6732396851121312,0.6757763255212205
1768910871.6596477,0.05577153516102573,0.6800144958963124,0.6822977200338085
1768910871.6796062,0.26443094172362436,0.9333775285753863,0.9701120212585446
1768910871.699706,0.265713899818647,0.9670465108616675,1.0028872472648953
1768910871.7196422,0.03227348427522703,0.7461193470037344,0.7468170175890091
1768910871.7395732,0.029041109460539616,0.7739244401541772,0.7744691246955269
1768910871.759796,0.2478792735731412,1.0756852871540339,1.1038763387566584
1768910871.7803454,0.10814055204438677,0.8806871871244937,0.8873016964717907
1768910871.7995713,0.10643892299569391,0.9221125239304193,0.9282352886622073
1768910871.8200185,0.09164951073827243,0.9447640298570388,0.949198980683332
1768910871.8398454,0.08968430075455824,0.9795703649179224,0.9836673084062851
1768910871.8596525,0.1312101085096753,0.9405964581013553,0.949704053675636
1768910871.8797233,0.13008287145670838,0.9608898208572985,0.969654990846535
1768910871.8998878,0.12894542453721325,0.9867470425232217,0.9951364973898841
1768910871.9197338,0.1533176737814994,0.9437134178596409,0.9560864626915787
1768910871.9396446,0.08481042033744313,0.9752506480472043,0.9789313734446893
1768910871.9596608,0.08283535577592271,1.0128470744189695,1.0162287598398252
1768910871.979781,0.08085777756971346,1.051593600865722,1.0546976256611413
1768910871.9997077,0.1493151872278684,0.9932232082854533,1.0043840732577067
1768910872.0195816,0.125561773213958,1.0082804092917659,1.0160684734082661
1768910872.0400581,0.15918142394280466,1.0011980117293895,1.0137732411241391
1768910872.059614,0.15876994356068597,1.0480647444868545,1.0600224542973413
1768910872.0795484,0.10927439636703351,1.021089295457264,1.0269197841111015
1768910872.0996418,0.1079492007711913,1.0426892337481029,1.0482623088336929
1768910872.1195831,0.08901054746769965,1.0689400096203752,1.0726395581590804
1768910872.1397488,0.0873442360602894,1.0982892861433307,1.101756947620564
1768910872.1595569,0.05364628364186874,1.0878657267823701,1.0891876620933227
1768910872.1796465,0.051351792039816324,1.124754798626963,1.1259264467895231
1768910872.1995492,0.0759914741048151,1.0930202121090034,1.095658654972174
1768910872.219624,0.0742094170635843,1.137641045165518,1.1400588516503036
1768910872.2395945,0.15478222002268627,1.0890771658378782,1.1000211856071758
1768910872.259611,0.15457669914511918,1.141838464499763,1.1522538934322493
1768910872.2795866,0.13229709711455317,1.1818112844632758,1.1891931861517182
1768910872.2996593,0.13165356147049323,1.2532138900108034,1.260110199293647
1768910872.3196898,0.15815842105694689,1.211138360426185,1.2214213909405116
1768910872.3395712,0.1580419245153477,1.276280954435114,1.2860288972485494
1768910872.3597894,0.13643123006401403,1.2608865169938959,1.2682461469579862
1768910872.3796246,0.1254799184559099,1.2834557891653464,1.2895751132360393
1768910872.3997092,0.12480962192324441,1.291278435374716,1.2972962034124658
1768910872.4195848,0.16567306607809318,1.3042359810003052,1.3147163416340215
1768910872.4398227,0.16575523692363348,1.3733514270283482,1.3833180909279001
1768910872.4598129,0.20855483139893582,1.3703314528138186,1.3861108932082848
1768910872.4796228,0.20945521632085828,1.4421183569588596,1.457249753172646
1768910872.4998343,0.03002408591902128,1.2099778331350812,1.2103502808747306
1768910872.5196218,0.02750502354525075,1.2796571197726454,1.2799526829164614
1768910872.5396798,-0.10049726299792461,1.0159494400795168,1.0209079119430693
1768910872.5597599,0.10791004358969669,1.1626640305782345,1.167661006246229
1768910872.5796266,0.10713018694638166,1.1828895985811254,1.1877308951890502
1768910872.5998144,-0.043049817876220864,0.8798805413035673,0.8809330586280857
1768910872.6196878,-0.046667222700344624,0.8844187970046047,0.8856491620103503
1768910872.6395462,-0.03438559170035482,1.0643309326772705,1.0648862395440426
1768910872.659549,-0.03773742368746191,1.0827982587480474,1.0834556669722903
1768910872.6798425,-0.03764862121683166,0.996755694520294,0.9974664571995202
1768910872.6998038,-0.0409019513473341,1.0253377608880463,1.0261532505074142
1768910872.7196872,-0.04419943839606333,1.0757795716727525,1.0766871770309787
1768910872.739655,-0.1722622763602013,1.0928453730164076,1.106338691893296
1768910872.7596538,-0.09817016061372197,1.0659163067103847,1.0704274629072401
1768910872.779954,-0.10233371343465425,1.1059573976815624,1.1106817520747785
1768910872.799624,-0.08118619552804685,1.067916475426685,1.0709980377349306
1768910872.8198984,-0.1310979781722752,0.9938698936470942,1.0024789500926914
1768910872.8396375,-0.13555972519166026,1.081073342561833,1.0895393572936467
1768910872.8596559,-0.14220620989310895,1.0012375323465523,1.0112859152146718
1768910872.8797488,-0.1467527589790789,1.0280607809808675,1.0384822298233913
1768910872.8996727,-0.11777042097513668,0.9871648247433882,0.9941651086551495
1768910872.9195178,-0.12164216139376371,1.0007505740827458,1.0081163261030404
1768910872.9396193,-0.15472609377223456,0.9957164544463186,1.0076663246080828
1768910872.9596305,-0.15919081830751658,1.02025902275202,1.0326035977761863
1768910872.9801111,-0.2358634981665073,0.9552839973233329,0.9839710896715348
1768910872.999614,-0.24158131107541259,1.0148432998363646,1.0432010607182474
1768910873.0196147,-0.19875739676599924,1.0351653176093123,1.0540738767042779
1768910873.039694,-0.20369743608260116,1.0930871284124102,1.111904724231134
1768910873.0596457,-0.14263439336217587,0.9963762993926633,1.0065338047781673
1768910873.0799184,-0.14632058781980728,1.0632251929349739,1.0732462556708717
1768910873.0996501,-0.14487660909350808,0.9995123259809304,1.0099574850706552
1768910873.1197567,-0.1485035199785658,0.9844389101898088,0.9955768495408693
1768910873.139635,-0.1520255460519646,0.9885372960058696,1.0001588635046905
1768910873.159622,-0.14887017224605348,1.003217230254183,1.014202711130001
1768910873.179738,-0.15227826181082715,0.994795973031172,1.0063834741186697
1768910873.200127,-0.11604807343669776,1.008643517488517,1.0152974444565384
1768910873.2199278,-0.11866489987054418,1.0008345656172342,1.007844822477907
1768910873.2396314,-0.13512819262329856,1.0379155173558452,1.0466748538154964
1768910873.26006,-0.1380919390256139,1.0408891028782126,1.050009289537223
1768910873.2796154,-0.1330024993511003,0.9817726110886937,0.99074069499418
1768910873.299627,-0.13576281509856347,1.0202291504590946,1.0292225519342124
1768910873.319691,-0.13284180065500983,1.0397371541624327,1.0481890543919354
1768910873.3396263,-0.13548453386502501,1.0535122803504073,1.0621883937257732
1768910873.3599007,-0.1503206490544029,1.0327989780515558,1.0436809984839597
1768910873.3799272,-0.15319989742044537,1.105740412500646,1.1163028569374593
1768910873.399534,-0.11588082345337103,1.178969261829792,1.1846505331040527
1768910873.419575,-0.11797718342165897,1.2516151803341122,1.257163145916591
1768910873.43957,-0.04230735582033951,1.2095591955449896,1.2102988721319834
1768910873.4596364,-0.042925395614427764,1.1964991014489605,1.1972688458975391
1768910873.479588,-0.04353938486584408,1.195626702118151,1.1964191944516862
1768910873.500284,-0.03439025674310159,1.174479559377195,1.1749829467501673
1768910873.5195913,-0.034804307852422944,1.175088548013659,1.17560385994515
1768910873.5398893,-0.031814926549211364,1.0991459716196728,1.0996063188610214
1768910873.5596092,-0.03216216554219464,1.13310007171311,1.1335564288594628
1768910873.579779,-0.009414115049507288,1.1204943623946724,1.1205339092238167
1768910873.599901,-0.009307332237895594,1.2135260157424401,1.2135617072555922
1768910873.619613,-0.011728202140552924,1.2547757753991533,1.2548305850807098
1768910873.6396887,-0.011675568165722794,1.3005423409092955,1.3005947483324014
1768910873.6597953,-0.0063481664740381305,1.2727452282800442,1.2727610597937085
1768910873.6795979,-0.006186057471704309,1.3296384299724329,1.3296528200122766
1768910873.6999073,-0.07923344582565406,1.1908652338717474,1.1934981961368094
1768910873.7196627,-0.08045331535200795,1.2442918617043155,1.2468901206821397
1768910873.7396102,0.06824112004545402,1.3607715669893086,1.3624815991387174
1768910873.7596087,0.06987204679857584,1.3676150791220083,1.3693988124595842
1768910873.7796605,-0.06341354409899669,1.1738757602067436,1.1755873331982425
1768910873.799851,0.0421269708569767,1.2023414848864915,1.2030792691891246
1768910873.8196,0.04323487000035886,1.2197000031506322,1.2204660387202915
1768910873.8398077,0.04434997043574995,1.199718396331929,1.2005378587845146
1768910873.8598745,-0.14740238836065256,1.0739933508294444,1.0840614289422361
1768910873.8796363,-0.03355801603491049,1.2352394359238374,1.2356951907738571
1768910873.8996181,-0.03382726713917439,1.3128841085649166,1.3133198264415262
1768910873.9195974,-0.1445961026385314,1.179229244602788,1.1880612964930366
1768910873.9396627,-0.1469967297039858,1.205077811080133,1.2140101191099484
1768910873.9596145,0.05583644297211343,1.334681683502895,1.335849132440449
1768910873.9797883,0.057394187056554635,1.3739505476200389,1.3751487919542698
1768910873.9997158,-0.010844659626997988,1.2475984433873517,1.2476455757084897
1768910874.0196233,-0.010671403448230699,1.236043870369235,1.2360899353723873
1768910874.039842,0.09629088632731442,1.271771022317024,1.275411097644594
1768910874.0596297,0.0984859214537801,1.261083846527538,1.2649236912546509
1768910874.07997,-0.09632733907993263,1.1748260763663074,1.1787685379091493
1768910874.099664,-0.09785686858092202,1.16294897688163,1.1670588200936975
1768910874.1195416,0.10995649684791253,1.3297960217070903,1.334334249934052
1768910874.1397736,-0.03940153653639289,1.1286780394666023,1.1293655731673433
1768910874.1596036,-0.03983195538974105,1.1635470056775858,1.1642285940018164
1768910874.179878,0.09258881111270512,1.2504164418976806,1.2538396891593917
1768910874.1998222,0.09472247244353404,1.2863752629572431,1.2898580014614525
1768910874.2195778,0.09682078057536359,1.3230046263605457,1.3265426886921619
1768910874.2398374,-0.05035683188972229,1.1801589221446251,1.1812327848631416
1768910874.2595873,0.07789775884256933,1.2888041227652138,1.2911561205715238
1768910874.2798886,0.0797126124351415,1.3107374207795575,1.313159048559268
1768910874.2996168,-0.006075401504458178,1.1897461383637538,1.1897616501866686
1768910874.319779,-0.005945139599079496,1.2085576541517633,1.2085722767355147
1768910874.3396146,0.13645022317514677,1.2778565719927655,1.2851210378752849
1768910874.3596642,-0.001548383115057561,1.1369831451227248,1.1369841994431735
1768910874.3796022,-0.0014059295707840036,1.1556737630114124,1.155674618199654
1768910874.399755,-0.0012618004556088636,1.1617858770119165,1.1617865622242054
1768910874.419608,0.1807786910784328,1.3011843648485404,1.3136824907390412
1768910874.4395857,0.0654248629594063,1.2042237909118976,1.2059997310495052
1768910874.4598727,0.0667505396836292,1.2095310418241967,1.2113715266937648
1768910874.4796538,0.07575141136364216,1.2228006009742414,1.225144720458179
1768910874.4995987,0.0772621620330991,1.2766151536400043,1.2789510124259336
1768910874.5195887,0.13350353034896845,1.2552799073211127,1.2623592350593944
1768910874.5396237,0.13601480256490728,1.2599683063331302,1.2672885068052764
1768910874.5597072,0.17849947271134603,1.2269965466846808,1.2399123305033952
1768910874.5801523,0.18183551815954857,1.2051501229670407,1.2187907837491325
1768910874.5996242,0.17961537573377484,1.2169831661014712,1.2301665374144861
1768910874.6199472,0.18279992906972353,1.184300324520117,1.1983251114477866
1768910874.639714,0.1702712454209232,1.2655471838851926,1.27695026201373
1768910874.6597958,0.17318998398133534,1.283493391699853,1.295125498586391
1768910874.6796422,0.1698769751982967,1.2865938827579075,1.2977603807531617
1768910874.699738,0.23269250838057065,1.1645191693233432,1.1875397674090629
1768910874.7195942,0.236608170027095,1.1790783318776947,1.202584358299682
1768910874.7397156,0.23486636506342862,1.0843476714100957,1.1094918124666826
1768910874.7596884,0.23875029190157981,1.1452550882189003,1.1698764545773073
1768910874.7801094,0.24256902054513052,1.0965728938870618,1.1230814045900988
1768910874.7995932,0.16626568636224182,1.2341736461964,1.2453227964777742
1768910874.81975,0.22225676273443096,1.1286175674419316,1.150293737320921
1768910874.8398821,0.22555072407765486,1.1167445273771923,1.1392942853182682
1768910874.8596354,0.2605584177760525,1.0728391398978705,1.1040264984006327
1768910874.8796093,0.2644537084633125,1.060858507281267,1.0933236192413647
1768910874.8995855,0.2764136456437214,1.0832008712331442,1.117912622228721
1768910874.9196758,0.280548565178826,1.1195483371198793,1.1541646228211055
1768910874.9395943,0.29109453174227884,1.0978688581088543,1.1358045853118819
1768910874.9596207,0.2954076971374153,1.1576668622769948,1.1947628515911823
1768910874.9797096,0.2997055210061603,1.2051497722959263,1.2418572272956732
1768910874.9996383,0.2579801901605432,1.2006905909479881,1.2280926975217705
1768910875.0196216,0.3306127524221054,1.2217292582321067,1.2656726166289978
1768910875.0396047,0.3652370628200483,1.0818404206123546,1.1418304636539227
1768910875.0596533,0.37048847527136175,1.067096164837612,1.129582195026125
1768910875.0798392,0.3837324428370641,1.0297277040105046,1.0989038775490994
1768910875.0996022,0.3891290104059193,1.052643558155052,1.122265497671927
1768910875.1195655,0.3453849972212639,1.1221393952466683,1.1740901237426755
1768910875.1397064,0.34998210298718924,1.1939545625096657,1.24419249706345
1768910875.1596034,0.4067957562675293,1.1404826585731653,1.2108606368296007
1768910875.1796396,0.4123389209322852,1.1749457437492468,1.2451991352671556
1768910875.1996107,0.43363291773433055,1.1660441943084456,1.2440645362774476
1768910875.219977,0.4395516272560309,1.1991506639665792,1.2771718552782598
1768910875.2396157,0.362056979938016,1.112867360322584,1.1702815979041936
1768910875.259582,0.3662357966722034,1.109029241709246,1.1679360075493472
1768910875.2796977,0.27378635790245287,0.9906151264678482,1.0277535203347157
1768910875.2996848,0.3434717487845811,0.9392628961206118,1.000093810720783
1768910875.31958,0.3470898217135252,0.9215432812569875,0.9847402518263493
1768910875.3395936,0.35070493002650327,0.8913411055045048,0.9578532843326725
1768910875.3595884,0.11193484463152892,0.9386146948376846,0.945265547244754
1768910875.3796237,0.24227749863745096,0.9170506370787672,0.9485147638875174
1768910875.3998742,0.24384724545998981,0.8872893096938981,0.9201868278863258
1768910875.4196255,0.20583823714997518,0.9428468363821096,0.9650541625985362
1768910875.439687,0.20667724097135665,0.938596292438564,0.9610819330915292
1768910875.4595847,0.18424362608348677,0.9256605790314876,0.9438184260361209
1768910875.4796138,0.18466623294252216,0.9323203976788981,0.9504330284230028
1768910875.4996874,0.18504292539521128,0.914701380909009,0.933230679133335
1768910875.5197737,0.16983062726101128,0.8828311344993196,0.8990179386403946
1768910875.5395467,0.21233691254687237,0.9266708432139033,0.9506870232062203
1768910875.559658,0.21321335154984222,0.8958036718961271,0.9208279708293513
1768910875.5795782,0.21835277958198063,0.8397762708041052,0.8676993265854405
1768910875.599571,0.21933859419159152,0.8200551722929617,0.8488815609414441
1768910875.619852,0.13655347953948915,0.7885666209044313,0.8003025480272912
1768910875.6396067,0.13591907108777423,0.7582563720470241,0.7703419498088355
1768910875.6595879,0.21196671741551754,0.8213834508737954,0.8482927930032499
1768910875.6796596,0.21279525760177798,0.7916282244658026,0.8197298746713372
1768910875.6996534,0.2680991120264755,0.9066321398621415,0.945441151473951
1768910875.719639,0.27008577180488835,0.9269578688336422,0.9655036067897674
1768910875.7400875,0.23339356835396963,0.8962780497817131,0.9261678575018192
1768910875.7596304,0.2788391711275704,0.8279168710459017,0.8736118295430453
1768910875.779628,0.28094980621315635,0.8457239713210392,0.8911687995426231
1768910875.7996647,0.31162256188234316,0.8023056142001597,0.860699087748564
1768910875.819655,0.3143148317199591,0.8313187911266917,0.888754603880897
1768910875.8403041,0.3230864125544253,0.8910536784369838,0.9478193329075789
1768910875.8599105,0.3257235219656618,0.874828703725254,0.9334993699105122
1768910875.8795924,0.33891973772969664,0.8357302777406939,0.9018379487221103
1768910875.8998868,0.34172822967396765,0.7673161973154494,0.8399716242937887
1768910875.9199123,0.3594195140058938,0.8074177766049289,0.8838019308792439
1768910875.9397094,0.36261201507920937,0.8018929529880992,0.8800680550569817
1768910875.9597554,0.32257028728516435,0.8608122751639642,0.9192656652525395
1768910875.9795902,0.324979094897218,0.8684960370811345,0.9273061946012495
1768910875.999605,0.3490366121258033,0.8512256617791447,0.9200063499104782
1768910876.019784,0.3640585615053036,0.8472422078709978,0.9221485753409989
1768910876.039849,0.36714089965586805,0.8402944662598983,0.9169990350197363
1768910876.0597484,0.370194364315501,0.8582997546508628,0.9347311571808705
1768910876.0796344,0.41982531916829835,0.8726415198684108,0.9683782942698651
1768910876.099652,0.4237543137990958,0.8657859568324402,0.9639258485545485
1768910876.119682,0.4668503255078429,0.7330213025545809,0.8690624007662472
1768910876.1396205,0.45662414041288724,0.7814903234864574,0.9051147614036443
1768910876.1602018,0.4610496260206842,0.7475088775439338,0.8782575246821427
1768910876.1798093,0.46531816364654954,0.7631172679332097,0.8937946956864553
1768910876.1997812,0.46967554696498226,0.7444764104829109,0.8802501037673185
1768910876.219562,0.47959507110428934,0.7188628105605979,0.864161543135663
1768910876.2402716,0.48130577374521355,0.6801694815158186,0.8332381240833716
1768910876.2596729,0.48554972875423363,0.6520437855813945,0.8129696411358948
1768910876.2799222,0.49008929529569123,0.6682552277718194,0.8287053558459687
1768910876.3000457,0.47696055752326316,0.7555071033751428,0.8934664832455669
1768910876.3197584,0.4418250483949091,0.6910277116715271,0.8202003850810794
1768910876.3396618,0.4452276931252044,0.7203982983071375,0.846877445047045
1768910876.3598201,0.44864516743323346,0.7491083008038366,0.8731813858497015
1768910876.3797884,0.4472160845804902,0.7145532799338126,0.8429641843943749
1768910876.3996546,0.45150947718076306,0.6929882405777414,0.827099455666052
1768910876.4199548,0.4548723704568651,0.7078228535595246,0.8413810465099602
1768910876.439789,0.5152764820247056,0.7076866654322336,0.8754029182943993
1768910876.45974,0.5194847378198428,0.6528888003867985,0.8343429621554098
1768910876.4799354,0.523867033256864,0.6445211697231166,0.8305686044840622
1768910876.4997182,0.498487909330378,0.74052444918813,0.8926738797533814
1768910876.5196488,0.5867779911664313,0.7668450422685904,0.9655877638874825
1768910876.5398872,0.5921157784836106,0.737404224170418,0.9457093025626999
1768910876.5599198,0.5138735775490249,0.6592274620810068,0.8358510037469591
1768910876.580146,0.5176461943552759,0.6521847990466787,0.8326479415923976
1768910876.5996013,0.6150637114833621,0.6750860069093116,0.9132603604167038
1768910876.6196368,0.6205796871632865,0.6456171567529365,0.8955113964732265
1768910876.6396961,0.523655375844899,0.7028573921101042,0.8764835801628454
1768910876.6597388,0.5272675309505805,0.6982792280239645,0.8749885310588162
1768910876.679683,0.6203090862594296,0.6689646247173062,0.9123031467769772
1768910876.6996615,0.6256864007822109,0.7004565895224193,0.9392139830353765
1768910876.7197185,0.5416359585110415,0.65571801058553,0.8504913996969163
1768910876.7397046,0.5452759815268555,0.6745213761459823,0.8673551653780275
1768910876.7599266,0.6782131213644007,0.6398410219159052,0.9323998988187596
1768910876.779641,0.6842889221487853,0.6951744378780571,0.9754582656652303
1768910876.7996945,0.5682444391956132,0.6511203678065316,0.8642103193373994
1768910876.8200421,0.5720362773427583,0.64304150758944,0.8606554961650225
1768910876.8396642,0.6817503351646099,0.5957112069351265,0.9053481990732423
1768910876.859672,0.6875084297776555,0.5761762990011974,0.8970211639343046
1768910876.8796558,0.5830710140689108,0.626610031184744,0.855927531178133
1768910876.8996913,0.6757181224211983,0.5817766533507092,0.8916608409885346
1768910876.91978,0.6811642123228507,0.6106020102145671,0.9147783879320062
1768910876.940156,0.6800701180372721,0.5197846173838698,0.8559622736523644
1768910876.9601417,0.6853155916511531,0.4752179898772262,0.8339601897351705
1768910876.9796124,0.7014044402986945,0.5625588846660206,0.8991332980083665
1768910876.9996033,0.6979525158338964,0.5426978044857664,0.8841145974094854
1768910877.019616,0.7032934008419387,0.5588416452562477,0.8982903718400468
1768910877.0399244,0.7066084751835913,0.6196026788107902,0.939788814995575
1768910877.0600193,0.7118132148218059,0.5886401745168088,0.9236748929413063
1768910877.079644,0.691211708091056,0.6217151011841082,0.9296791341331272
1768910877.1001883,0.6959548144480525,0.5532181045518838,0.8890463289150922
1768910877.119606,0.6938986367552324,0.5437252394505423,0.881551163635055
1768910877.1396189,0.6985062134981534,0.5207715032165652,0.8712714208890183
1768910877.1597803,0.6865956518441596,0.541898401620486,0.8746813515847608
1768910877.1797144,0.690892841986126,0.5180273886380409,0.8635307142695122
1768910877.1996746,0.6880302191934717,0.551978102832841,0.8820801599233253
1768910877.2197897,0.6921957380358004,0.5374986567614872,0.876378768441665
1768910877.239713,0.6964054617907847,0.5537038292577368,0.8897013531217748
1768910877.2597206,0.6568794893535586,0.5180635220678447,0.8365885944899871
1768910877.2796137,0.6662083616532479,0.5535237454229627,0.8661536341110447
1768910877.2996278,0.7343814341612802,0.4960289985741131,0.8862058780369357
1768910877.3196752,0.7391240833373196,0.5027692901034158,0.8939135135125353
1768910877.3399827,0.7438720594424435,0.4676954092033725,0.8786834678136674
1768910877.3597002,0.8186881117025315,0.4487503241838873,0.9336097030870023
1768910877.3796346,0.7357958853607816,0.43215732744230984,0.8533203036234027
1768910877.3996518,0.7401153534304923,0.38766606328954367,0.8354972848609115
1768910877.419612,0.7444468849548436,0.35193292920844854,0.8234427431098102
1768910877.439788,0.8566662670976211,0.4281837821936545,0.9577152209903712
1768910877.4597757,0.7740137780741874,0.37401768475751673,0.8596432732011869
1768910877.479654,0.7786249889055998,0.3449469258137974,0.8516133247998383
1768910877.4996283,0.8927061997567707,0.436692772305884,0.9937932060888593
1768910877.519768,0.8994779130690045,0.40501283217257367,0.9864562384228815
1768910877.5395873,0.7859970094166675,0.40015440431951177,0.8819948107036958
1768910877.5599108,0.8784162445845105,0.3082299869278451,0.9309247142446558
1768910877.579649,0.8845203363260277,0.29514805788036114,0.9324637266107771
1768910877.5996487,0.890642262143257,0.2571394369458897,0.9270190554398046
1768910877.61977,0.8028388094012122,0.255015216912323,0.8423674463899915
1768910877.6397405,0.8071832454019381,0.20880692303945736,0.8337536343349943
1768910877.6597307,0.9700243074799468,0.2727962771540451,1.0076531972514438
1768910877.6799455,0.8644201028713745,0.261325748252359,0.9030577284691234
1768910877.6998458,0.8696421673197694,0.23475509188485866,0.9007704770619951
1768910877.7196329,0.9846456979895395,0.17712496027631275,1.0004500997661967
1768910877.739637,0.9920077799135365,0.1514374422822513,1.0035002413223295
1768910877.759662,0.8749811313556286,0.21098621590359556,0.9000595333252653
1768910877.7797358,0.8799080429638586,0.15490792735146997,0.8934397741475448
1768910877.7997427,0.9657163242544042,0.20209463973448827,0.9866358306593422
1768910877.8198946,0.9722837431218725,0.17677424926465513,0.9882230579895217
1768910877.8404777,0.873603199999021,0.23526767039141028,0.9047283723747868
1768910877.8596683,0.877973912354479,0.17979957642363864,0.8961953349896161
1768910877.8797123,0.9946486128858769,0.12047083130126524,1.0019177033620161
1768910877.8997152,1.0012379410234402,0.05767039687895448,1.0028974470109264
1768910877.9196706,0.9454221200112629,0.15737357757592285,0.9584307110718208
1768910877.9396963,0.9507722185373719,0.08746511596435624,0.9547868652495878
1768910877.9600828,1.0321847506365538,-0.06151053918038052,1.0340159118103096
1768910877.9798114,1.038994825012785,-0.1229726307863821,1.0462468706408978
1768910877.999882,1.0142392145108374,-0.05942380643360856,1.0159785298039616
1768910878.0197015,1.0204855698766915,-0.10752429017468756,1.0261346263059863
1768910878.0397074,1.033707249771199,-0.015214505648511789,1.0338192102160149
1768910878.059857,1.030047495655861,-0.06516238673888175,1.0321065739314028
1768910878.0795949,1.0361542159329717,-0.13163912302874614,1.0444828471102094
1768910878.099698,1.0184448331045584,-0.11159677134849844,1.0245407348918738
1768910878.1197429,1.0242673647920792,-0.16216300218246538,1.0370248183408826
1768910878.139776,1.020892982882886,-0.11681250532502929,1.0275542048475237
1768910878.1598566,1.0265741130152595,-0.16852151833618123,1.0403143331010096
1768910878.179582,1.0740264894051466,-0.1959666741769439,1.0917581404926258
1768910878.1997395,1.1172685926710804,-0.23849357356902345,1.1424396232637153
1768910878.219593,1.1243329431087892,-0.30096269848213275,1.163917141740476
1768910878.2396653,1.152916942237539,-0.24550609789008426,1.1787666095540594
1768910878.2599459,1.16039476891111,-0.31005076287474864,1.2011026164635068
1768910878.2796366,1.1955011493611165,-0.23321587204329752,1.2180363874271845
1768910878.2997382,1.2035040078217065,-0.29616686187455343,1.2394098220183392
1768910878.3196335,1.211574528107227,-0.36035678469111154,1.2640292122538805
1768910878.3396208,1.2067677508083854,-0.4752618614296811,1.2969819741695467
1768910878.3595867,1.2145226639773243,-0.542044749047788,1.3299916583516065
1768910878.3801272,1.1271385710057853,-0.38755721516224995,1.1919068559553143
1768910878.3998604,1.037578897766144,-0.32369100710323195,1.0868973443564534
1768910878.4198003,1.0417965830885274,-0.38415870590617374,1.1103684216774345
1768910878.4397287,1.1314697100950308,-0.4579519528101308,1.2206324983159942
1768910878.4602206,1.0131874144452402,-0.47008301057057267,1.1169273806373108
1768910878.4797373,1.0164477064595028,-0.5283828728347011,1.1455803770455548
1768910878.4996192,1.1091774345758072,-0.5031372583257987,1.2179579968487297
1768910878.5196762,1.1141814086291149,-0.5607533030583092,1.2473349502942515
1768910878.5398436,1.0030291906768936,-0.4289797245877871,1.0909129944488505
1768910878.5596898,1.0058183084450816,-0.4827402745576208,1.1156651120669197
1768910878.5798762,1.1089802769542656,-0.49626351348379316,1.2149546203413684
1768910878.599585,1.1137131558201165,-0.549597337726837,1.2419397034813044
1768910878.6196237,0.9894356564840283,-0.44646690045322046,1.085502469606719
1768910878.6397414,0.9917049204350237,-0.4969608708665003,1.1092559471949777
1768910878.6596634,1.0634908395631486,-0.5893135336748117,1.2158549283557738
1768910878.6796255,1.0671100697747944,-0.6405533519493254,1.2446013408751746
1768910878.6997087,0.9450214031372308,-0.5353425377265317,1.0861201982685633
1768910878.7196343,0.9461921579218879,-0.5834866255208588,1.1116367400705132
1768910878.7397099,0.9474516717886612,-0.6320219695438141,1.138910198549987
1768910878.7596447,1.0171952948825123,-0.6330133125649695,1.1980785123753772
1768910878.7796636,0.8951679190929065,-0.5968362845069723,1.0758899357635112
1768910878.7996576,0.8953260251498563,-0.6428671434419311,1.1022190596373433
1768910878.8197818,1.0060850914086386,-0.6122823642279496,1.1777507820839246
1768910878.8398297,1.0084006042434517,-0.6569475171996952,1.2035164390208397
1768910878.8596036,0.8997135150436053,-0.5856800769556632,1.0735481180156348
1768910878.8798592,1.0011712024467263,-0.6436262029447644,1.1902094209531862
1768910878.899798,1.0031083604834725,-0.6852256350128716,1.2148088548206395
1768910878.9196754,0.8879532672452175,-0.6273365254882322,1.087203808410872
1768910878.9397955,0.887663297313158,-0.667402090085389,1.1105726807585417
1768910878.959661,1.016541520371578,-0.6351398660472203,1.1986489528138922
1768910878.9799175,1.018756390991138,-0.6741425201970461,1.221610707927412
1768910878.9996982,0.9076290490308558,-0.5992109949088196,1.0875864595811557
1768910879.0196292,0.907747131345424,-0.6359695554210081,1.108360108398097
1768910879.0396972,1.000509072331477,-0.7374576239699984,1.2429248372162607
1768910879.0595975,1.0024001550861898,-0.7755883218419513,1.2674159995417573
1768910879.0796974,1.0043668037995515,-0.814001173548446,1.2928072505647445
1768910879.0999348,0.9309072960901714,-0.6404987257195636,1.1299677037695808
1768910879.1197877,0.9312918141948145,-0.6742495155402128,1.14974642960632
1768910879.1396568,1.0382078071289502,-0.71364053426346,1.2598246953157173
1768910879.15965,0.9330028526561547,-0.6807501326617036,1.1549524086227316
1768910879.1796203,0.9333470805432302,-0.7133450432838853,1.1747331286450806
1768910879.1998866,1.0361490763372423,-0.740525014740598,1.2735706520845567
1768910879.2197654,0.9304981492510898,-0.7144409477055209,1.173137960138562
1768910879.239655,0.9307283285010044,-0.7458662005393322,1.1927160645272004
1768910879.2599554,1.0687877671682573,-0.7577561288768866,1.3101532895424848
1768910879.2798202,1.0716514900607956,-0.7885318490964899,1.3304959200196944
1768910879.2999167,0.9828125878561247,-0.6996904395352974,1.2064357811444215
1768910879.3197405,0.983949453345125,-0.7282325584344811,1.2241238441849747
1768910879.33968,1.1129640269961651,-0.7624288383656168,1.3490688117954044
1768910879.3600597,1.1165927176365118,-0.791837087644339,1.3688627653815262
1768910879.3796155,1.12008976135962,-0.8201866785899146,1.3882749227869118
1768910879.399895,1.0204126563522706,-0.7406768207606049,1.2608902180824206
1768910879.419589,0.9988720160848459,-0.7369291777032903,1.241293646752392
1768910879.4400494,0.9999589031588014,-0.7634383658493586,1.2580762880116978
1768910879.4596167,0.9992439682084937,-0.7412044046620903,1.244135232798887
1768910879.4797845,1.0003000631634613,-0.7664338993581303,1.2601671073512961
1768910879.4997241,1.0013636976749956,-0.7916877633364194,1.276518221428101
1768910879.5197554,0.9803968672058314,-0.7391844480784435,1.2278320998850136
1768910879.5396936,0.9722560990234888,-0.7370743688932446,1.220065796327291
1768910879.5598476,0.9516107860374943,-0.7284480539717642,1.198415476968713
1768910879.579906,0.9516010778593236,-0.7509676297901589,1.2122281107018082
1768910879.5996292,0.9389488115420983,-0.721308194590998,1.184022965267331
1768910879.6198068,0.9386877208126991,-0.7429216733591595,1.1971078689705925
1768910879.6396532,0.9154509202588903,-0.7094930495380858,1.158201525964157
1768910879.6596942,0.9147505481993132,-0.7299396476297701,1.1702907564416705
1768910879.6796815,0.8971270812996011,-0.6991655415483393,1.137395909298835
1768910879.6996353,0.896119235149639,-0.7186515984065789,1.1486904733206003
1768910879.7196336,0.9839290566634364,-0.7244468419246424,1.221859081613419
1768910879.7398047,0.9845940406910962,-0.7436199653021394,1.2338541557900493
1768910879.7595284,0.8667616172324646,-0.6739634935511631,1.0979537748681072
1768910879.7798097,0.8651229628554473,-0.6916791703913283,1.1076361386362508
1768910879.7998157,0.9909426399815686,-0.7177765582227522,1.223589188930558
1768910879.8200018,0.8832706189566979,-0.6694718947358034,1.1083138563391215
1768910879.8395996,0.8820157792653305,-0.6854638533164366,1.1170552936522191
1768910879.8596532,0.8807321160682529,-0.7017762497970583,1.1261345235154128
1768910879.8796241,0.9800002204372174,-0.7015267508752636,1.2052137628863184
1768910879.8996153,0.8719606184625128,-0.6575793455637076,1.0921199182605918
1768910879.9200299,0.8704519779916735,-0.6725960635085411,1.100032777073848
1768910879.9397085,0.9767675327977816,-0.6960101746939138,1.199376911735972
1768910879.9596415,0.9773264803278705,-0.710960109256833,1.208565813724909
1768910879.9796026,0.8683899777351183,-0.6486154615225885,1.083883374887243
1768910879.9997046,0.8668522019412652,-0.6621592141035322,1.0908196756717525
1768910880.0196757,0.9836489334976761,-0.6911057607437385,1.202161551915672
1768910880.039681,0.9843553685680284,-0.704933249878648,1.2107379478702942
1768910880.0597045,0.8768667961877323,-0.644423911883397,1.0881992264579305
1768910880.0798516,0.9786287162488811,-0.6797459615853043,1.1915404888456216
1768910880.0996196,0.9793015802938045,-0.6924119778116502,1.199360634747941
1768910880.1196797,0.8713606087864321,-0.6356345339234899,1.0785641247792335
1768910880.139737,0.8699710184570719,-0.6470463793567909,1.084213350772793
1768910880.1596584,0.97970264426072,-0.6751154138076352,1.1897890960721154
1768910880.179695,0.9804390543953154,-0.6868467588722513,1.197087803612123
1768910880.1997128,0.8642284435004814,-0.6287747744835137,1.0687602722697258
1768910880.2196105,0.8627161449726248,-0.6391711255283568,1.0736940320713408
1768910880.2398262,0.8611565240684307,-0.6497449569522544,1.0787766534508005
1768910880.2595904,0.971247604390924,-0.6704618881049385,1.1801868718285031
1768910880.2796237,0.8582359591906528,-0.627365989916628,1.063088447379601
1768910880.2996242,0.8565752756445448,-0.6370038651570855,1.0674713706093455
1768910880.3197675,0.9551790537096663,-0.6695323957476838,1.1664650245941053
1768910880.339627,0.9554051273247932,-0.6795102915197884,1.1724048761412638
1768910880.3600132,0.9557897813715348,-0.6896900132108836,1.1786460115306356
1768910880.3796942,0.8297097071679405,-0.6245399476180484,1.0384933049083487
1768910880.399568,0.9283839439858603,-0.668206850517155,1.1438518883705164
1768910880.4200838,0.9281861341365039,-0.6777003812555495,1.1492638106010236
1768910880.439682,0.8099650890062762,-0.6301303379103711,1.0262103527854236
1768910880.4596841,0.8074558577820028,-0.6383009862007984,1.0292779562641872
1768910880.479682,0.9008274000240952,-0.6758119330546659,1.1261490902599245
1768910880.499677,0.9002384407408259,-0.6845407131424164,1.1309399799003488
1768910880.5200284,0.7946194532785693,-0.6066406902398835,0.9997164610945719
1768910880.5399344,0.7919556940801984,-0.6136724650705929,1.0018920679254162
1768910880.5596917,0.9023181607572024,-0.6148115106540466,1.0918659518754907
1768910880.5797362,0.9018059603136637,-0.6217987177015978,1.0953938266178973
1768910880.5996614,0.887235303495757,-0.6611840086518779,1.106503853163727
1768910880.6196523,0.8864710810234175,-0.6687521226358033,1.1104325188955513
1768910880.6396482,0.8993258906922419,-0.6494647339120068,1.1093202866011185
1768910880.6596289,0.8987946203149537,-0.6565131325898417,1.113032462585898
1768910880.6796505,0.901664539221378,-0.6760267530474255,1.1269476971559704
1768910880.6996167,0.9027379527292476,-0.6914905333700805,1.1371433370680373
1768910880.7196877,0.9023466819877841,-0.6989594370920429,1.1413911814949285
1768910880.7396662,0.9019586000438826,-0.7063697960288042,1.1456385140762748
1768910880.7595813,0.9088855014627004,-0.7194850503942334,1.15919437218695
1768910880.7798097,0.8188799673751896,-0.6511029461489652,1.0461832762247034
1768910880.7995918,0.8169403575246541,-0.6571308865499805,1.0484333788135862
1768910880.819653,0.9424988035746393,-0.6713107155055464,1.1571352865988467
1768910880.839597,0.9429565744543416,-0.6775361634092807,1.1611297748460478
1768910880.8598306,0.8232144323307917,-0.6798609685967172,1.0676576877534176
1768910880.8795826,0.8213615722479535,-0.6859170543435535,1.0701014147289813
1768910880.8995755,0.8195040004041516,-0.6920391577286242,1.0726159622661557
1768910880.9196565,0.9365759950154775,-0.6946403488364776,1.16606166589546
1768910880.939635,0.8256034559058065,-0.6656843509295118,1.060545482983194
1768910880.9596314,0.8238591540086171,-0.6710349168644054,1.0625590643794884
1768910880.9795775,0.9323107823702479,-0.6949433050775333,1.1628196731204323
1768910881.000138,0.9327190746410441,-0.7006826012333924,1.1665851790034187
1768910881.019831,0.93316298586182,-0.7064403772114005,1.1704064100717892
1768910881.0396707,0.7748087827544525,-0.6969737619413152,1.042161731531179
1768910881.0595825,0.8915695985630343,-0.7222512053407435,1.1474071433880857
1768910881.0794866,0.7909660815833135,-0.6964982906463462,1.0539151821131256
1768910881.0996668,0.788731831408878,-0.7017317399676735,1.0557108206112418
1768910881.1196969,0.8965681826601326,-0.756708426635134,1.1732187132411045
1768910881.1400597,0.8964004733013615,-0.7629300956159195,1.1771134776780958
1768910881.1601758,0.7778094557089759,-0.7434017669440234,1.0759338903881546
1768910881.1799057,0.7754480543896145,-0.7489224968968156,1.07805593148723
1768910881.1996155,0.8839676718031022,-0.7734407673752326,1.1745677781341466
1768910881.219797,0.8836356272417545,-0.7794144582752054,1.1782609301421143
1768910881.2395885,0.7835820531024922,-0.6822411437608782,1.0389676665731558
1768910881.2598019,0.7813780227223202,-0.6862796483814062,1.0399670043688642
1768910881.2796397,0.8902624052113177,-0.7368162173488866,1.1556233332193333
1768910881.29972,0.8901837973463218,-0.7417260076236509,1.1586995570221117
1768910881.320182,0.7738178298670109,-0.7095333873060437,1.0498722119963355
1768910881.3396003,0.7715744228072321,-0.7136284050167507,1.0509959992202944
1768910881.359602,0.8797319931279279,-0.7657227139384819,1.1663016995503999
1768910881.38003,0.879550286829808,-0.7708378108107024,1.1695296651380134
1768910881.399615,0.7875945570753853,-0.7553984742249451,1.0912983282293378
1768910881.419596,0.9078559832281989,-0.7653460689733933,1.187416140860594
1768910881.4396234,0.9082033587850846,-0.7700417488296836,1.1907130787260156
1768910881.4597187,0.7857954816748913,-0.780050520531816,1.1072277785544542
1768910881.4797816,0.783802733386791,-0.7848753343384942,1.1092231584841565
1768910881.4996576,0.9210774303889808,-0.7757277989451197,1.2042164468351226
1768910881.5195913,0.9217477391604136,-0.7802506066240671,1.2076464316117357
1768910881.5396667,0.8034501546214203,-0.7506408919339833,1.0995425865352513
1768910881.559747,0.8018725782942964,-0.7545530101491185,1.1010676077995565
1768910881.5801926,0.9006413058577101,-0.803263318882264,1.2068084857502581
1768910881.599595,0.9009971117516589,-0.807933958462435,1.210187207262418
1768910881.6195805,0.8005393461230508,-0.739628800701448,1.089914679008492
1768910881.6397486,0.8895421930332805,-0.8260448017331594,1.2139338234256565
1768910881.6595948,0.8897043920143419,-0.8309997007052274,1.2174294261852665
1768910881.6796079,0.8898422485745199,-0.8359281634219524,1.2208993086041764
1768910881.7001297,0.7875313717755503,-0.7724431368364293,1.1031201481146025
1768910881.7196813,0.8765234586999568,-0.859577184461477,1.227667019064231
1768910881.739576,0.8764935114032362,-0.8648218280882141,1.2313235439435954
1768910881.7599561,0.8765272291236528,-0.8702781714900087,1.2351858480274058
1768910881.779973,0.7860761382961208,-0.775674297570399,1.1043488176793934
1768910881.799658,0.8961271695075883,-0.8230838277497483,1.2167624630275455
1768910881.8196192,0.8965645979886956,-0.8273735339154165,1.2199897716744663
1768910881.8396435,0.7902792807956063,-0.7961490652026111,1.1217819198390622
1768910881.8597069,0.7886682633946895,-0.7997638645810117,1.1232185311752785
1768910881.879638,0.8938388620173878,-0.8478569404159373,1.2319940351576435
1768910881.9000118,0.8942550736986696,-0.8523306278706304,1.2353783372077383
1768910881.9195933,0.7935101291438924,-0.7785353143701421,1.1116544250689477
1768910881.9396214,0.7919198414763002,-0.7813724479746345,1.1125106461412948
1768910881.9596627,0.8852271344744738,-0.8697157970948481,1.240980518511961
1768910881.9796739,0.8855427200126869,-0.8743454309853895,1.244454033563512
1768910881.9995928,0.7866917958671875,-0.798105596030096,1.1206500453305195
1768910882.019586,0.8745032740710252,-0.880853990556508,1.2412331485423145
1768910882.0397766,0.8745429359090613,-0.885316055211355,1.2444315426585086
1768910882.0595665,0.7748190143410989,-0.8116928491249364,1.1221362601329077
1768910882.079918,0.7729763078398166,-0.8147841401903193,1.1231053234614075
1768910882.0998554,0.8717635226764573,-0.8957899293539171,1.2499644942962027
1768910882.1197958,0.8719114521853806,-0.9005949216791826,1.2535153742201777
1768910882.1397336,0.8720439971870331,-0.9061412533684479,1.2575979898545002
1768910882.1596735,0.7871727457951021,-0.8273866474239178,1.1420199630733217
1768910882.1796005,0.8950224655989398,-0.8770005267344363,1.253074274661835
1768910882.1996582,0.8956253074643614,-0.8862502845037135,1.2599937532200487
1768910882.2196684,0.792870582303399,-0.8551833629720971,1.16618280924836
1768910882.2396042,0.7915214698834712,-0.8657871810650875,1.17307019405623
1768910882.259881,0.9091471358924093,-0.9297608827978365,1.300386024948893
1768910882.2797115,0.802010193819874,-0.8998297087118328,1.2053687633547727
1768910882.2995915,0.8007763617894375,-0.9178730995282223,1.218086125213761
1768910882.3200037,0.9224867278035394,-0.9351439338368568,1.3135737284087075
1768910882.3395617,0.9236040217383898,-0.9518677857898119,1.3263094173667498
1768910882.359695,0.8252379234145604,-0.8778677920251692,1.204852476661239
1768910882.3797045,0.8244843594092197,-0.8925336987641792,1.2150682541899027
1768910882.3995783,0.9376897327849925,-0.9476994497506599,1.3331902647514697
1768910882.4196754,0.939124579545104,-0.964620784616347,1.3462719762438886
1768910882.439615,0.8094771450653662,-0.9321526362095014,1.2345694737743595
1768910882.4600074,0.8083511209371821,-0.952702596100881,1.2494293782914492
1768910882.4799216,0.928039948461322,-0.9968258672887504,1.361954461660177
1768910882.49976,0.9292171551195985,-1.0304769326362049,1.3875616130694455
1768910882.519852,0.8358613709649019,-0.9964839653117394,1.3006323556619424
1768910882.5396233,0.8510940217233616,-1.0010159156957794,1.313923094130515
1768910882.5595872,0.8507398352981639,-1.0441382367095926,1.3468418335952312
1768910882.5796902,0.8505020258365441,-1.064540632970063,1.3625712660981693
1768910882.600041,0.8714933036395189,-1.0229574109092496,1.34385357938381
1768910882.6196592,0.8775777328037702,-1.0093506623273516,1.3375094155383238
1768910882.6396468,0.8778774515311305,-1.025244804786908,1.34973913392527
1768910882.6597064,0.8781889213507643,-1.0040950250296525,1.3339499993899762
1768910882.67962,0.8784239003833179,-1.034691581640562,1.3572822911548241
1768910882.6996279,0.8711810334238956,-1.0196270359891084,1.3411173272750827
1768910882.7196586,0.8712293078313724,-1.0621265716814854,1.373737005797033
1768910882.7395766,0.8492218867494685,-1.1041979733446166,1.392993530951485
1768910882.7596686,0.8488416016420155,-1.1508530616664085,1.4300331584355408
1768910882.7796407,0.8815086763591164,-1.1251662958719049,1.4293553581466383
1768910882.7997553,0.8816944016820507,-1.1929228144172779,1.4833913371442846
1768910882.8195796,0.8986369746306613,-1.1883558737550146,1.4898785503729464
1768910882.8396184,0.8992255255127839,-1.2417355540528447,1.5331385233998485
1768910882.8595738,0.8801708938716093,-1.2282997181030346,1.511099268714912
1768910882.879627,0.8804261803211686,-1.2629381363962011,1.5395333693554136
1768910882.899549,0.892967167600645,-1.193835874576875,1.4908502466174964
1768910882.9195857,0.8935263026044771,-1.2063991316974167,1.5012621751067696
1768910882.9396508,0.8657728117887524,-1.2278303992974635,1.5023748037928388
1768910882.9596572,0.8757285302461808,-1.2130817446114897,1.4961509876335315
1768910882.97982,0.8759157727701998,-1.2333171872886517,1.5127127042003738
1768910882.999589,0.846748886485309,-1.2705800102746565,1.5268782660296323
1768910883.0196104,0.8462330318367117,-1.34032881301842,1.5851156649213078
1768910883.0396562,0.8385758954380016,-1.2799836193960967,1.5302181538368893
1768910883.0597901,0.8379651577212668,-1.334727578564019,1.5759705944382962
1768910883.0795724,0.849799469328044,-1.3101240278899464,1.561596652956455
1768910883.0996943,0.8493901901747067,-1.3847568482761847,1.6245046088001156
1768910883.1195915,0.8722580387568986,-1.3619923882657083,1.617361231101376
1768910883.139875,0.8723481460342546,-1.4115290971443635,1.6593389286021658
1768910883.1595879,0.8709002351567037,-1.4275142872916575,1.672203414665157
1768910883.17967,0.8709213190611704,-1.5089595297901308,1.7422579621111511
1768910883.199725,0.8921388186919472,-1.43373532867518,1.68864107036054
1768910883.2196438,0.8137374667257928,-1.339283377330018,1.567114746770577
1768910883.2397478,0.8127112802778802,-1.3693003632406455,1.5923200400239503
1768910883.2596076,0.8117167284912057,-1.4107785533748824,1.6276302325697296
1768910883.2796419,0.6713878709110013,-1.505317086051761,1.6482539861216088
1768910883.299592,0.7788687193370913,-1.5029990528199484,1.6928209104153524
1768910883.3196375,0.7773108211999862,-1.5806549932765233,1.7614432493056944
1768910883.3398938,0.6764138022331636,-1.5402342197475942,1.6822179060790567
1768910883.3604143,0.7660700725889455,-1.5269966229007057,1.7083858002414423
1768910883.3796158,0.7644520937259047,-1.6443430387260296,1.8133535321631775
1768910883.4010084,0.6410740208697412,-1.5030113803023095,1.6340193112544146
1768910883.4195778,0.6373270036653382,-1.5475236686641427,1.6736233789824895
1768910883.4395669,0.7330577062313175,-1.5455725743204471,1.7106046250249223
1768910883.45972,0.7311129257560296,-1.5643742770675146,1.7267868973784957
1768910883.479747,0.5698718868721304,-1.6269484577083908,1.7238663670618188
1768910883.4998376,0.5648502600396297,-1.647274014580458,1.7414268561667632
1768910883.519707,0.6839170065321518,-1.561323986942405,1.704545412720244
1768910883.5397005,0.6812926110591562,-1.5935013430940526,1.733033800110763
1768910883.5602071,0.507675456579137,-1.6924339452934198,1.7669371885820633
1768910883.5796843,0.50189986350565,-1.741048815943401,1.8119476958469052
1768910883.599603,0.7062084772384907,-1.7450583384001508,1.8825405753245807
1768910883.6197083,0.7042799337339947,-1.8352981773280082,1.9657898221233796
1768910883.6396627,0.7191592102491002,-1.7461855760393075,1.8884792918255253
1768910883.6596131,0.7175444035511891,-1.837177107470822,1.9723310308572666
1768910883.6796858,0.7329857969187241,-1.8952137592029743,2.0320195303089106
1768910883.6996338,0.7317350123898079,-1.9896562918067744,2.1199453502115087
1768910883.7195916,0.7581771159849469,-1.951468119049343,2.093575973990252
1768910883.7396154,0.6989159197896218,-1.8076281967744405,1.9380410626994953
1768910883.7598338,0.6971103026281744,-1.8235217262406218,1.952228024617494
1768910883.7796652,0.6036449237278445,-1.759796959796021,1.8604495514927875
1768910883.799917,0.5999834805165625,-1.8210919003312416,1.9173825612915176
1768910883.8197422,0.6684014842589958,-1.864435099973985,1.9806258571912647
1768910883.839717,0.6662291793112276,-1.8810058978572677,1.995506077951039
1768910883.8595908,0.568662101367595,-1.834865304818412,1.9209651929064653
1768910883.879665,0.5645970366070445,-1.9144626211239277,1.9959801956497856
1768910883.8997118,0.6291807224766082,-2.0342000637778668,2.129281165325534
1768910883.919658,0.6264381281809897,-2.11394352189855,2.2048088221466613
1768910883.9399943,0.5034359982130754,-2.100174088337779,2.1596710410667215
1768910883.959664,0.5852612918935671,-2.0337201623148733,2.116258131324003
1768910883.9795663,0.5818826377541715,-2.156196488899668,2.2333317493966294
1768910883.9997306,0.5785061859622589,-2.213965481055383,2.2882990535551495
1768910884.019817,0.5751684155810732,-2.304453286755126,2.37514708115488
1768910884.0396163,0.533917151429705,-1.993603148416721,2.0638607118620853
1768910884.0598035,0.5298587002175532,-2.0294477356986107,2.097476663548001
1768910884.0796354,0.4569133158012395,-1.9843512779374946,2.0362759568409805
1768910884.0996926,0.4515885208967454,-1.9708456031447863,2.0219210132052257
1768910884.1196017,0.6440576389373005,-1.9227479095657962,2.0277499268926453
1768910884.139612,0.6424989626610413,-1.9400828748026555,2.0437041072824242
1768910884.159678,0.5741471050248954,-2.012105856528705,2.0924184275822038
1768910884.1796756,0.5712195320988958,-2.110307673988685,2.186250267637906
1768910884.1997263,0.559543820529397,-2.062368696917188,2.1369262806930274
1768910884.2200115,0.5564101437091926,-2.1580364555090528,2.2286124811928523
1768910884.239609,0.5663373709891406,-2.0634489452121914,2.139756894433617
1768910884.260271,0.5864709602174338,-1.9973957029364904,2.0817151056971066
1768910884.2796535,0.5841724152910599,-2.041065942287135,2.123018509469821
1768910884.2995996,0.6748085975208111,-2.0389621970712293,2.1477275163235996
1768910884.3197026,0.6742427334585397,-2.0627156626217946,2.1701150127232687
1768910884.3397007,0.5717352291689188,-1.9642768411264777,2.045791944665598
1768910884.3598952,0.5692266581558032,-1.9695758966408166,2.0501824799231168
1768910884.3799033,0.5666993834452452,-1.974326579440747,2.054048108853203
1768910884.399837,0.6537014291098462,-2.0166249690238836,2.1199296743314
1768910884.419587,0.5581213243983889,-2.023658155010047,2.099212171526947
1768910884.439597,0.555442585632469,-2.0611238029061756,2.1346540227494706
1768910884.4596636,0.6428545258276772,-1.9979945527671856,2.098867355090472
1768910884.479691,0.6418715115860341,-2.0488518880483744,2.1470428725447306
1768910884.4997354,0.6381005408408109,-2.156247928479592,2.248683488020016
1768910884.5195715,0.6370222273007009,-2.223926154112101,2.3133622407696954
1768910884.5397499,0.6224178647378373,-2.159285335563382,2.2472020734068123
1768910884.5598612,0.5873098095746414,-1.923806540326706,2.011458281204562
1768910884.5795705,0.585410697583967,-1.9342096909435664,2.0208594244493487
1768910884.5995772,0.689066749798827,-1.9561838464049799,2.073998125990981
1768910884.6196032,0.6891680965960703,-1.9662961289869862,2.0835722047087923
1768910884.6397407,0.7889378783334813,-1.9911924376268018,2.1417913762856315
1768910884.6595716,0.7909888136919934,-1.9706586426178678,2.123477993554528
1768910884.6795917,0.696150233716244,-1.9101595140785106,2.0330603820663646
1768910884.7003112,0.6962570764591334,-1.949908556546356,2.0704872120861104
1768910884.7196178,0.6964469269731124,-1.9312798897430652,2.0530173731891015
1768910884.7397456,0.8046814488625236,-1.9645699070913862,2.122980723886241
1768910884.7597132,0.8068040062712578,-2.0228421924808067,2.177802387778999
1768910884.7796817,0.7001842595505128,-1.9261425605862186,2.049459236243535
1768910884.7996314,0.7830119716925381,-1.9794706174851098,2.1287112705345264
1768910884.8195903,0.7846354891979637,-2.035674227558251,2.181655887543636
1768910884.8396685,0.6906916366001195,-1.9773679930187114,2.0945259885435172
1768910884.8599527,0.6904197946110076,-2.0614084512262107,2.1739559092993472
1768910884.8796191,0.7744810866614147,-1.969738574623793,2.1165280546114236
1768910884.8995817,0.7759397426154573,-1.989183712651981,2.135166112238123
1768910884.9195957,0.7821687157922943,-1.9348529828238896,2.0869700441325625
1768910884.9395661,0.7838358933642215,-1.8889936024804694,2.0451639391350094
1768910884.9596288,0.7919310159347148,-1.9163337658250479,2.0735211202301747
1768910884.9796703,0.8027396427844842,-1.8068756797048762,1.9771673313118239
1768910884.9996412,0.8045783414098358,-1.82401414185317,1.9935831803930726
1768910885.0196328,0.8063948696353602,-1.856692216152076,2.02424768032322
1768910885.0400214,0.7973742963876935,-1.9250271662101808,2.083635131011898
1768910885.0596209,0.7864079488060298,-1.7932475575318394,1.9581047634228395
1768910885.0797594,0.7877968022664765,-1.8069870820305058,1.9712498868196309
1768910885.0996034,0.7558379941489646,-1.8644104206482655,2.0117945446841663
1768910885.1197789,0.7565649816164468,-1.8929078665952093,2.0385020880112736
1768910885.139657,0.7571486085177863,-1.970703358367273,2.111147967827094
1768910885.1596677,0.7575133588245739,-1.819402123710063,1.9707994764963723
1768910885.1796846,0.8503301279241491,-1.7638531014530179,1.958121316456396
1768910885.1998303,0.852948904446567,-1.7079536125144206,1.9090907197138796
1768910885.2195814,0.9223509047357279,-1.655064885670458,1.8947218706834472
1768910885.239646,0.8096113737381883,-1.6449219460076872,1.8333681531389032
1768910885.259673,0.8111621134476108,-1.652845803543436,1.8411635518290983
1768910885.279796,0.9159692809454922,-1.510145915460412,1.7662220725654993
1768910885.2996142,0.9194058378204133,-1.5655798384754789,1.8155845684680079
1768910885.3196898,0.8579347018391568,-1.5529297513653173,1.7741597350000335
1768910885.340033,0.8601182827180951,-1.6233115786873462,1.8371020499053201
1768910885.3595395,0.8622021736694592,-1.6976456767308896,1.9040465939685984
1768910885.3795824,0.8932207381517516,-1.6838295191319936,1.9060758475371962
1768910885.3997326,0.8959352272325916,-1.7383213004600053,1.9556228867113616
1768910885.4197845,0.8802053375999472,-1.6562694867535241,1.8756305737245325
1768910885.4399755,0.8741781819669585,-1.6289112908792678,1.8486588347721218
1768910885.4596353,0.8764526789501517,-1.6183287100235053,1.8404230796545777
1768910885.4795034,0.8343996609454791,-1.5531671812678942,1.7631083594474806
1768910885.4995909,0.8358818380462889,-1.5385854955900333,1.7509836590944163
1768910885.5198808,0.8785883671801908,-1.4819008298454293,1.722773226063409
1768910885.5396547,0.8807801763318226,-1.4288134175002654,1.678475945924726
1768910885.5596306,0.883114980908009,-1.3817529651707727,1.639857715249215
1768910885.579571,0.9540317012152331,-1.3440340721412056,1.6482123874064603
1768910885.5995579,0.957676970005882,-1.2968258215085662,1.6121111593841828
1768910885.6196303,0.9107011989032312,-1.2881112807438662,1.5775320425472776
1768910885.6396754,0.9133783542568752,-1.2252672842597656,1.5282473412057025
1768910885.6596897,0.9157976670018533,-1.3061306548448002,1.5951998791409634
1768910885.6799326,0.9224758662307417,-1.349370156593099,1.6345523984510995
1768910885.699628,0.9129056998160339,-1.308314833352453,1.5953321033335535
1768910885.719627,0.9151609115946364,-1.3721060894037356,1.6493012504359348
1768910885.7396023,0.8237398806940801,-1.2936562957257358,1.533653807909963
1768910885.7598548,0.8242125040803421,-1.3554577256695497,1.5863769722104692
1768910885.7797315,0.836131510236056,-1.3479623897132855,1.5862277599673948
1768910885.7996647,0.8369690303625417,-1.3456188255828767,1.5846788890967956
1768910885.819632,0.7860505267755862,-1.3179819341297474,1.5345852238753528
1768910885.8395905,0.7859366557377454,-1.2993223244644891,1.5185305165468472
1768910885.8595824,0.7658298569964987,-1.167999675958118,1.396681285370985
1768910885.879832,0.765367012420711,-1.1304732561417445,1.3651946551878686
1768910885.8996103,0.8508086971566771,-1.0240790158712603,1.331395234295696
1768910885.9196126,0.9853745045170283,-1.0754258997022887,1.4585965103148493
1768910885.9396524,0.9891292692817837,-1.039862199277275,1.4351620482843346
1768910885.9597068,1.03134883711071,-1.0104584362274371,1.4438513341590302
1768910885.979816,1.0357735018297705,-1.0073081638537715,1.4448171109379768
1768910886.000021,0.8978423770243316,-1.1631929406372912,1.4694008136411014
1768910886.0197334,0.8995224448542993,-1.162704840796967,1.470041895868739
1768910886.0396035,1.0171010690500006,-1.017053844908471,1.438364734031587
1768910886.0596485,1.0211163890526356,-0.978288370752006,1.414116974065621
1768910886.0796838,0.8840475256133571,-1.1547192209306507,1.4542752513639872
1768910886.0997722,0.8853743516708894,-1.1010948415050326,1.412903957311197
1768910886.119578,1.0472551139421578,-0.951724621250408,1.4151053064603476
1768910886.1396332,1.0517089838186102,-0.8948522608347531,1.3808882486884457
1768910886.159755,0.8269017431679284,-1.0084139571866366,1.3040955493762605
1768910886.1796126,0.8269317878345985,-0.9542204057011512,1.262676824998303
1768910886.1995792,0.9738183683061363,-0.7664904314290446,1.2392860024718704
1768910886.2196617,0.9037019601286076,-0.6908848827715373,1.1375408361823887
1768910886.2395794,0.9051037019936068,-0.6646643053500103,1.12293871167083
1768910886.259675,0.906487577565871,-0.6537161648822991,1.1176155656171143
1768910886.2797203,0.9609035894844915,-0.5968308818503258,1.1311687804277564
1768910886.2995694,0.893893635557883,-0.8870600382176308,1.259333690128853
1768910886.3196597,0.8949488480840007,-0.8800158088226304,1.2551339627564175
1768910886.3397515,0.8959025107359802,-0.9364224750082402,1.2959661880016744
1768910886.3596444,0.9286249006464091,-0.6702480825120238,1.14524089090968
1768910886.3795912,0.9302625147007406,-0.6587244242082457,1.1398711389037932
1768910886.3996122,0.8434380869357501,-0.914529365698157,1.2440867201357433
1768910886.4197261,0.8435444175935913,-0.8271705951786981,1.1814306488243789
1768910886.4396515,0.9616122606968265,-0.8044471254325742,1.2537277685124444
1768910886.4597228,0.9639554156519843,-0.7478492947692832,1.2200363154642997
1768910886.4796162,0.7993960032237375,-0.7311154426251623,1.0833114789454936
1768910886.4996777,0.7983688718302036,-0.7700162572335643,1.1091969581239478
1768910886.519737,0.9263297875058658,-0.5463578678486964,1.0754505079178847
1768910886.539878,0.9278985377073248,-0.4999575557578648,1.0540176724508799
1768910886.5600917,0.6987641883311788,-0.712787569189981,0.9981670750359847
1768910886.5797012,0.6959425899887979,-0.6887668346109823,0.9791505711688822
1768910886.5996144,0.9634136070289241,-0.5461806855851403,1.1074651775630402
1768910886.619798,0.9657402974647695,-0.4818113351118516,1.0792573765277709
1768910886.6396286,0.7333367206049601,-0.6872140829060953,1.0050104186186843
1768910886.659815,0.7310938077770279,-0.6431414696231155,0.9737192129761508
1768910886.6797523,0.7288684020075982,-0.6170333713661584,0.9549760880904806
1768910886.699884,0.9831507692711394,-0.33841148024642287,1.0397633216655644
1768910886.7195566,0.7810660097017381,-0.5184422409206579,0.9374681160883441
1768910886.739704,0.7797656665025494,-0.47458268715902996,0.9128325265935975
1768910886.7596643,0.8482060235661244,-0.5994340244704031,1.0386407502628812
1768910886.779756,0.8517427081102023,-0.4093052624871447,0.9449848880900539
1768910886.7996807,0.8519087647390169,-0.3484452138197742,0.9204143688975449
1768910886.8198106,0.9362302958970359,-0.39645159145544717,1.0167108887599308
1768910886.8396838,0.9379734431998665,-0.39968750657640584,1.0195804446248846
1768910886.8596368,0.9397064134982838,-0.43408665514026623,1.03512287567258
1768910886.8796275,0.9257587357560642,-0.1738806454308115,0.9419467690289626
1768910886.899599,0.8278989016172638,-0.4851730057682815,0.9595881600068337
1768910886.9197094,0.827511524697333,-0.3758345079655907,0.9088602207626003
1768910886.9397452,0.8781427322938491,-0.3867039497647742,0.9595179013672354
1768910886.9597535,0.8787289107729661,-0.3087310860822612,0.9313857321978773
1768910886.9795585,0.810539632810169,-0.33163965837345266,0.875762159128895
1768910886.9996438,0.8098082419658503,-0.25413694473800774,0.8487490650578593
1768910887.0195823,0.7658689758377886,-0.6054140932564316,0.9762589372007461
1768910887.0397122,0.7643138263178653,-0.5332914576850616,0.9319739287879859
1768910887.059599,0.7627646465339284,-0.6212573770837828,0.9837533403160826
1768910887.0803564,0.8149784264921784,-0.28923643643389596,0.8647817943323312
1768910887.099627,0.7516078917329878,-0.5971537770112505,0.9599515906097082
1768910887.1197448,0.7498470918719562,-0.6011066309887187,0.9610410204603328
1768910887.1397097,0.845026140799793,-0.3342104392440657,0.9087165654563049
1768910887.159618,0.8451254611005634,-0.315269366414066,0.9020154202670632
1768910887.1796236,0.682499716355979,-0.4233421048628685,0.803134111201682
1768910887.1996388,0.8531607612475733,-0.23897979479881748,0.8859992250869205
1768910887.2196937,0.853499007679055,-0.1570420144100737,0.8678264517742619
1768910887.2396314,0.8538808652740597,-0.1491382834771855,0.8668072217510063
1768910887.259587,0.7163336848454032,-0.38531206125333917,0.8133875660418534
1768910887.2796922,0.7750123079190656,-0.4547224953520512,0.8985636456062713
1768910887.2996745,0.7739969224684389,-0.47644406014986274,0.9088840291493193
1768910887.3195746,0.7098639670699542,-0.5006238404648293,0.8686374855980186
1768910887.339656,0.7075852903036459,-0.4481553954646387,0.8375680280061802
1768910887.3596938,0.6270673057318641,-0.4565272722956859,0.7756484746762276
1768910887.3796797,0.6233341559387995,-0.4283459191107575,0.7563238039218224
1768910887.3995857,0.6407400501989082,-0.3458436252415069,0.7281178648056146
1768910887.4196575,0.6373439777903496,-0.26163345885247224,0.6889553053839805
1768910887.439619,0.6340139332870409,-0.22925524514819173,0.6741896135584275
1768910887.4596875,0.6670643566814611,-0.27129761091664406,0.7201230795106698
1768910887.4796188,0.6905926107977267,-0.3343991135443023,0.7672945465905746
1768910887.4996576,0.6883825398333547,-0.2401979019714826,0.7290854224704553
1768910887.5196183,0.6989641583006767,-0.2663033493187008,0.7479761817379825
1768910887.5397024,0.6969812165290357,-0.15980968369493098,0.7150677948257552
1768910887.559672,0.6399463174556965,-0.27431536270202805,0.696261594114922
1768910887.5801594,0.636930789272987,-0.22702541625382544,0.6761814622933202
1768910887.5997744,0.7265052044717759,-0.33665420653542455,0.8007158465414389
1768910887.6196935,0.7253297336491311,-0.27933125823206595,0.7772574697878616
1768910887.6396394,0.7004991994434224,-0.27246612703557815,0.7516228567590554
1768910887.6596687,0.6989221533375698,-0.24612678935297083,0.7409929641118241
1768910887.6795876,0.7099872559823179,-0.2762235591071196,0.7618276434096534
1768910887.6997273,0.708545071150045,-0.18237134518724574,0.7316388626887091
1768910887.7196298,0.5874311565348176,-0.1898053957815371,0.6173341493353655
1768910887.7397535,0.5836814663223739,-0.09570054816293627,0.5914749775323745
1768910887.759643,0.5631229516679248,-0.11836392070144441,0.575428081013617
1768910887.7797315,0.5590699801744723,-0.03569727243339571,0.5602084772577696
1768910887.7997465,0.5959823502802726,-0.10234586906327614,0.6047062417074217
1768910887.8196187,0.5927117409709037,-0.01091189141931892,0.592812177050292
1768910887.8396382,0.5896608012119575,-0.04355726228069301,0.5912673638746829
1768910887.8596303,0.5868859174559757,-0.17527345007772155,0.6124996836001549
1768910887.8797553,0.5493472903972654,-0.19057892223508333,0.5814660532370771
1768910887.899878,0.5454520472637512,-0.14916586753382433,0.56548067332256
1768910887.919624,0.4222683621685892,-0.15938544688760814,0.4513471949265946
1768910887.9396672,0.41609466881665647,-0.10740915066496015,0.4297342190985157
1768910887.9595866,0.5075922457903967,-0.2122820453194194,0.5501941064311163
1768910887.9796708,0.5032601965885508,-0.1602754052567441,0.5281657230458641
1768910887.999596,0.4995511588855255,-0.228522350112911,0.5493394441008213
1768910888.019603,0.49519708543951424,-0.15091482246684151,0.5176827571669621
1768910888.0396533,0.4377074442752207,-0.21678739625987475,0.48845120733915826
1768910888.059627,0.4323124973977359,-0.12355834716667147,0.4496229092926951
1768910888.0796974,0.4270572428086554,-0.12493410912231084,0.4449566498632382
1768910888.0996552,0.44047928354968047,-0.1759132942106163,0.47430737535533923
1768910888.119619,0.41203858905464497,-0.05227404668799096,0.4153412751308024
1768910888.139647,0.40660971333294604,0.008847205482830134,0.40670595277369126
1768910888.15967,0.36612768303713317,-0.02927879881502804,0.3672965128424041
1768910888.1797438,0.35994523365606756,0.06491095059163143,0.36575128535444723
1768910888.1996331,0.455806711561741,-0.0720039973784452,0.46145891902010444
1768910888.2196743,0.4515770222064157,0.01983841627966143,0.45201257697690095
1768910888.2396977,0.4475735077365135,0.014521509663207866,0.44780902075602
1768910888.2596679,0.40504247494291334,0.02682509657179466,0.40592978741891644
1768910888.279631,0.42823034103795443,0.0764724079589989,0.43500488981680463
1768910888.299709,0.42382132061243105,0.16133984858704054,0.45349207109689826
1768910888.3195574,0.40973881750762065,0.14525595335624786,0.43472426957552723
1768910888.3399725,0.40506974188583644,0.2376764342114015,0.46965049044039636
1768910888.3598287,0.4582681448552419,0.16560465978907146,0.4872726094630388
1768910888.3798864,0.45480097128329966,0.24261434497731216,0.5154664333096802
1768910888.3996205,0.4363508002323808,0.17654149453252543,0.470711079278167
1768910888.4202754,0.43254829664217986,0.23086970207870294,0.49030485237855875
1768910888.4395957,0.5094818400647272,0.21002570885666572,0.5510739911631515
1768910888.459852,0.5073029198624717,0.2706060960615879,0.5749642699565624
1768910888.4796267,0.4264386583103512,0.28640408778959525,0.5136898196422844
1768910888.4999754,0.4226772289216969,0.3706936145335753,0.5622008499681332
1768910888.5195758,0.4625494364324414,0.38134136592197976,0.5994774545445478
1768910888.5396354,0.45968104527514253,0.45908665936037707,0.6496670102351808
1768910888.5599217,0.3959248139905984,0.13827050854687428,0.41937476303099264
1768910888.579611,0.39194872478972087,0.2083788402681428,0.4438981233749299
1768910888.5995553,0.21809038214866394,-0.1983587809051066,0.29480437708404256
1768910888.619572,0.21078628389274634,-0.12583581946072542,0.24549034795010932
1768910888.639693,0.20358452803285054,-0.10003719939872013,0.2268349649368408
1768910888.6596093,0.34705437716418874,0.13732378953982405,0.37323526612902064
1768910888.67959,0.13454517511952346,-0.24202638984082014,0.2769100531351722
1768910888.699716,0.12611879486210587,-0.19408966230689373,0.23146651470973936
1768910888.719657,0.15572427130868238,0.03248692216473259,0.15907686439692453
1768910888.7396536,0.14806306801375158,0.08635346923243148,0.1714047658559158
1768910888.7596014,-0.04490002169413909,-0.3846271835255486,0.38723905052942453
1768910888.7799351,-0.056278353757983623,-0.3437480993789528,0.34832457410919365
1768910888.799623,0.11269486383559357,-0.07902414026385429,0.13764064472155124
1768910888.8198402,0.10488152354732616,-0.016802374899700823,0.10621889560656535
1768910888.8395817,-0.05683135964404684,-0.4648347821447807,0.46829603685123866
1768910888.8597527,-0.06763040363926276,-0.420020135827361,0.42543011881723225
1768910888.8795965,0.0029443424306050403,-0.0791185682616522,0.0791733351332529
1768910888.899569,-0.006215847811666286,-0.01967056902556763,0.02062930075905185
1768910888.919683,-0.10289008199275873,-0.5092439485005151,0.5195341837231424
1768910888.939937,-0.11381524705525248,-0.46099311447900604,0.4748352999296726
1768910888.9598045,0.06953873576189196,-0.19461791971954057,0.20666826182876694
1768910888.9796996,0.062491273581494866,-0.14108548130672816,0.15430577535979778
1768910888.9997408,-0.20211795882265093,-0.5025635684674583,0.5416842342448047
1768910889.0200975,-0.21430003807136,-0.456272341573456,0.5040922098210909
1768910889.0396569,-0.2259922794743865,-0.42280350567251546,0.47941142538637727
1768910889.059642,-0.13864435936562192,-0.04594874276637384,0.14606007444101246
1768910889.0795987,-0.2728701177671189,-0.43820400630646716,0.5162178341681734
1768910889.100131,-0.28567045491546406,-0.3916703505002914,0.4847816748523291
1768910889.1198175,-0.035863523073989434,-0.05451863594659301,0.0652569839385465
1768910889.1396782,-0.04321180341368969,-0.002671920587676624,0.04329433119809352
1768910889.1596575,-0.2338946591894775,-0.37439681935206437,0.4414517979783344
1768910889.179712,-0.24483638933175733,-0.32638532727332503,0.4080100971793803
1768910889.199613,-0.08614418165816673,0.059095921025381415,0.1044660132071352
1768910889.219654,-0.09377983898849074,0.11344116431388684,0.14718544751977866
1768910889.2397385,-0.30174946330859864,-0.2506556903146233,0.3922767055206409
1768910889.2597165,-0.3131883758770382,-0.20223619502906587,0.3728088482913614
1768910889.2794974,-0.14961325777429124,0.16282637304917813,0.22112565355965969
1768910889.2996154,-0.1577563527364152,0.2177026996543141,0.2688522498798787
1768910889.31957,-0.2795866894679806,-0.23255836517083495,0.363664832144375
1768910889.3397746,-0.10131461399053432,0.14397980977164693,0.1760535050202938
1768910889.3595753,-0.10791171060046523,0.19485210055378843,0.22273813857294902
1768910889.3797984,-0.11463221952711411,0.24637525667837323,0.27173758086993927
1768910889.3996806,-0.3254832306640134,-0.18707710239558395,0.37541600350039844
1768910889.4196188,-0.3360786246764098,-0.14484401154854254,0.3659626068956519
1768910889.439887,-0.1989463711361461,0.21279181681867598,0.29130742505681884
1768910889.4597888,-0.3581435125576995,-0.15080093890274426,0.3885970905206526
1768910889.4796042,-0.36868680415954724,-0.11100369440656621,0.3850347773036699
1768910889.49961,-0.14273176736763737,0.21100256381257765,0.25474387009576943
1768910889.5196865,-0.14885422389913483,0.2566837405005913,0.29672229880814255
1768910889.5396008,-0.28964687177970916,-0.14661628604155297,0.32464079482466424
1768910889.5595963,-0.2983322072515291,-0.10965647984458471,0.3178468962495546
1768910889.5795717,-0.1931515922497482,0.28962853858866566,0.3481267412216694
1768910889.5997229,-0.3946333117220986,-0.06314041163217254,0.3996525519771283
1768910889.6199105,-0.4049555720308078,-0.026849364431125622,0.4058446792667783
1768910889.639657,-0.17563127938184042,0.2944429755834683,0.3428454639742941
1768910889.6595685,-0.18132145178848447,0.33618065241738293,0.38196190901510185
1768910889.6795228,-0.4019423618302387,-0.07159497317269015,0.4082689094423781
1768910889.699701,-0.41178932576860294,-0.03833418078214734,0.41356977432254277
1768910889.7196476,-0.2574914581189329,0.3451080720283173,0.4305826661435832
1768910889.7399175,-0.26423422776757555,0.3855097392690965,0.46737296262755057
1768910889.75955,-0.44092044192366675,0.002834943593764905,0.44092955561103114
1768910889.7797225,-0.45091680857946237,0.03480718160360041,0.452258231711346
1768910889.8002384,-0.2774516273136447,0.4356426188050406,0.5164919136039823
1768910889.8199615,-0.2836627672915659,0.47333715786919583,0.5518266308970573
1768910889.839605,-0.356404690584637,0.009965849507164393,0.35654399676215315
1768910889.8596375,-0.3640602509459683,0.0390253623148169,0.36614593432488657
1768910889.879648,-0.24352854152762315,0.4044753327808728,0.47212969125735893
1768910889.8998346,-0.2487828145494939,0.4403784805918818,0.5057925414471651
1768910889.9195957,-0.4009288717618338,0.01703429638426357,0.40129057734455204
1768910889.9396663,-0.4090072478425597,0.04373683623059321,0.41133908108907763
1768910889.9596033,-0.2611279449787789,0.43254244850483303,0.505253177533201
1768910889.9797027,-0.4651055495826242,0.07558741016567438,0.4712076281514432
1768910889.9996347,-0.47407337290619544,0.10168125946055895,0.48485527884528823
1768910890.0199003,-0.3073066469424539,0.48770097344531393,0.5764456737234835
1768910890.039584,-0.31281336307640917,0.5201872396947529,0.6069983232764483
1768910890.0600328,-0.4422143969850225,0.09488674613174197,0.45227985528021997
1768910890.0795865,-0.44997407124740185,0.11855949890729889,0.46533108597654604
1768910890.0997548,-0.4579365603193555,0.14274536198937327,0.47966877284914006
1768910890.119657,-0.20909372737978593,0.5302341504249171,0.5699723160877253
1768910890.140211,-0.21224558102036095,0.5620893901875945,0.6008266548881903
1768910890.1597483,-0.4727752434883996,0.22672746109490305,0.5243298317567449
1768910890.1796274,-0.4808180336198493,0.2505885787241695,0.5421997945785832
1768910890.1997056,-0.24640857154302775,0.631297934206831,0.6776830128191851
1768910890.2196262,-0.43515793013087745,0.29502086430420604,0.5257373246504288
1768910890.2397394,-0.44224322590082465,0.3185646873875321,0.5450344309357747
1768910890.259618,-0.28751829025682785,0.6631719823546796,0.7228166056562653
1768910890.2798598,-0.29153914956078264,0.6932085389303069,0.7520193841733837
1768910890.2997,-0.48339742572108335,0.2897755656229961,0.5635982164857316
1768910890.3195796,-0.29534387023545783,0.6031050532449029,0.6715383138252025
1768910890.3395731,-0.2992285272978954,0.6299532810957764,0.6974086663586865
1768910890.3596542,-0.43342128766015264,0.1854901053249236,0.4714452160860645
1768910890.3796496,-0.43985628735786353,0.2032139889907647,0.4845301629927512
1768910890.3996813,-0.3469142986000344,0.6162852977011255,0.7072178580435584
1768910890.4197025,-0.3514131621414567,0.6417974563704938,0.7317070353152918
1768910890.4396262,-0.48856429669998214,0.17706751905210538,0.5196614073733165
1768910890.4596558,-0.4956452627662271,0.1930728384318705,0.5319223133529384
1768910890.4796708,-0.34516633855556655,0.5189314430649326,0.6232412405106945
1768910890.499632,-0.34921205740274264,0.5409526432076746,0.6438779567812725
1768910890.519589,-0.5351480644591007,0.13041561894503317,0.5508100258338966
1768910890.5396664,-0.5427224152537704,0.14403906108617548,0.5615112386564253
1768910890.559654,-0.41069400120597166,0.46486459280119163,0.6202972289691357
1768910890.5797608,-0.4155877372766765,0.4844290587836113,0.6382669350426383
1768910890.5996082,-0.6173902573533665,0.038505154387710405,0.6185898291996705
1768910890.6201463,-0.5116741886883691,0.31177066156317323,0.5991756176459782
1768910890.639596,-0.5180982667107807,0.3267376543501008,0.6125220883681839
1768910890.6596522,-0.7517011464361296,-0.17321975399662648,0.7714011256979363
1768910890.6798227,-0.7625864577616994,-0.16761123182122617,0.7807891076303287
1768910890.6995301,-0.5599910362201319,0.09353933020270588,0.5677495635768186
1768910890.7200916,-0.5669210070035149,0.10449586329184513,0.576470999814377
1768910890.7395978,-0.5394992793520901,-0.028114671603738373,0.5402313459813403
1768910890.7596672,-0.5455584487625291,-0.02011319628904218,0.5459290811828389
1768910890.7796457,-0.6379176428499305,-0.05177652977100067,0.6400154123881227
1768910890.7996063,-0.645665140800455,-0.04468652868299117,0.6472096722783175
1768910890.8196144,-0.5951808926378437,-0.1106538695697985,0.6053796939210552
1768910890.8396962,-0.6018959197457212,-0.10509672193373021,0.6110024706723889
1768910890.8597844,-0.7104409745193498,-0.1519711153006469,0.7265133158874144
1768910890.8802893,-0.7193364134785725,-0.1474436124635794,0.7342918320480801
1768910890.8995965,-0.6827630258995621,-0.2339308544358687,0.7217263984313043
1768910890.919594,-0.6904748093441269,-0.23103798404944698,0.7281030232133643
1768910890.9395938,-0.7741939837047846,-0.2127323895291866,0.8028894033174694
1768910890.9597526,-0.7832869742244428,-0.2093494310617885,0.8107809002903172
1768910890.979899,-0.6222998280396164,-0.22092854902023262,0.6603533143328058
1768910890.999582,-0.6194346663088925,-0.21177982746364776,0.6546373050367215
1768910891.01974,-0.6251413078991748,-0.20866727282211173,0.6590475594286868
1768910891.0396094,-0.6039931701635393,-0.16065391105093596,0.6249939429627811
1768910891.059656,-0.6091388360446599,-0.15668659640105176,0.6289680525031373
1768910891.0797415,-0.6033974883867703,-0.14050271673926318,0.6195397827440755
1768910891.0996237,-0.6082472794587153,-0.13611063034899828,0.6232903469996388
1768910891.119631,-0.6131855599499909,-0.1320913559837713,0.6272516697919706
1768910891.1397521,-0.6189516186648394,-0.12224347390463208,0.6309077374387615
1768910891.159638,-0.5896380504729741,-0.05162460224097032,0.591893681434519
1768910891.1796095,-0.5938709902209967,-0.0460655449612446,0.5956549231380898
1768910891.199606,-0.5752926899955044,0.027031103182757477,0.5759273909978067
1768910891.2197049,-0.5790642192068729,0.03394803958411785,0.5800584792564196
1768910891.2396173,-0.5577930886873439,0.0950909851796311,0.565840459184212
1768910891.2596486,-0.5610688819894767,0.10315144481687355,0.5704721824109654
1768910891.2796748,-0.5509286309393531,0.13218799623868804,0.5665651090018775
1768910891.299617,-0.5539268772163197,0.14058634242956458,0.5714888493928351
1768910891.3197846,-0.5569618497311293,0.1491469391041811,0.5765859099042113
1768910891.3397899,-0.5229069903883738,0.23047916277083047,0.5714476048322977
1768910891.3597176,-0.4370996796722011,0.27761041619755744,0.5178065982110713
1768910891.3795726,-0.48516080979788256,0.3587939251435408,0.6034186706455527
1768910891.399624,-0.48666134947952955,0.37080944532645077,0.6118324229889642
1768910891.4197087,-0.5825502143423291,0.03170550799483607,0.5834123682846502
1768910891.4396126,-0.5858277255046467,0.03692627541896343,0.5869903523792063
1768910891.4595282,-0.46985773551181964,0.49088926198262683,0.6795134723831038
1768910891.4796402,-0.4708375476849973,0.5047669009039915,0.6902735838479132
1768910891.4996736,-0.5760538528278669,0.1458396608125696,0.594228279387438
1768910891.5195906,-0.5790273015394423,0.1525522226474827,0.598786102513022
1768910891.539614,-0.39736683268981565,0.5711442163499392,0.695777346276754
1768910891.559615,-0.39679916660194525,0.5857652624021803,0.7075100856193454
1768910891.5796828,-0.5677124943798848,0.23782181050476936,0.6155133547103565
1768910891.5996454,-0.5704357103465041,0.24550671017373915,0.6210237067768453
1768910891.6196978,-0.38759182943153814,0.6596051111675791,0.765053154310523
1768910891.6399832,-0.38668084429767813,0.6753702694239436,0.7782333044585893
1768910891.6596422,-0.5607811263273623,0.35004734687612427,0.661066272547616
1768910891.679665,-0.5632578779284598,0.3589686025224239,0.6679205751025894
1768910891.699606,-0.38768997646653425,0.7864649181307826,0.8768298496875436
1768910891.7196963,-0.5723484080991366,0.4154815260479374,0.7072535604298777
1768910891.7401743,-0.5750882846844547,0.42510335415011724,0.7151499121799488
1768910891.7598388,-0.5777498669941625,0.4343601611539789,0.7228164762991247
1768910891.7801578,-0.3383923049176243,0.7986810647437999,0.8674103960685231
1768910891.799667,-0.46163006016835606,0.3716112634043718,0.592618969946148
1768910891.8195906,-0.4621997288255342,0.37905526395567435,0.5977553700795195
1768910891.8397276,-0.3703269644055345,0.7647406683448814,0.8496883842835524
1768910891.8596377,-0.3690850769927527,0.7792936560070984,0.8622774474330499
1768910891.8796487,-0.5085380484412614,0.3349382513083192,0.6089290425837164
1768910891.899623,-0.5100257855800638,0.3408080770649917,0.6134137652101546
1768910891.919564,-0.4171836111812768,0.7374258148490789,0.8472537977749517
1768910891.93968,-0.4167368325468761,0.7508738375503548,0.8587672021676186
1768910891.9596112,-0.5653779652692883,0.3219044817157055,0.6505956800968613
1768910891.9796972,-0.3956200553532341,0.725152131132976,0.8260513552342814
1768910891.9996405,-0.3948398961878956,0.7376910402181203,0.8367117869611737
1768910892.0195768,-0.5734393405330991,0.39066275534543493,0.6938660286288144
1768910892.0400681,-0.5761826789465267,0.3964702780104261,0.6994105810349603
1768910892.0597408,-0.5787610107852377,0.4020541926095156,0.7047069471773635
1768910892.079584,-0.3826214685156746,0.8509796986557028,0.9330410685994707
1768910892.1001172,-0.5542819011407198,0.49602357972645095,0.7438197480416969
1768910892.1200113,-0.556469091147731,0.5031299958343816,0.7501984018318665
1768910892.1394737,-0.5562281756689478,0.5236531087652772,0.7639387159501376
1768910892.1596358,-0.5584195342501639,0.5324234173944049,0.7715614503214289
1768910892.179588,-0.5632135833470535,0.5453362912485069,0.7839650572693305
1768910892.1997998,-0.5654211730550172,0.5571665476266467,0.7938108494680002
1768910892.2196076,-0.5738723624503912,0.5778110948863748,0.8143679449476044
1768910892.2395902,-0.5762015020065396,0.5922410863643357,0.8262915195574748
1768910892.2595313,-0.5225675874827358,0.5948896334397595,0.7918147254639927
1768910892.2797873,-0.4648957459756744,0.6132721830899115,0.7695653482181645
1768910892.2997744,-0.465031038923442,0.6330266183585884,0.7854785590407454
1768910892.319666,-0.5680811807638575,0.6184326382806198,0.8397470786068781
1768910892.339707,-0.5702774527283214,0.6323029630890638,0.8514830651407653
1768910892.3596156,-0.5516040088170282,0.5516191434514788,0.780096572204467
1768910892.380232,-0.5534133781711352,0.5644671180782126,0.7904995221569149
1768910892.399521,-0.5885826623530797,0.49913542789447973,0.7717290494740008
1768910892.4197097,-0.5910228358605485,0.5184170496487965,0.7861706111749585
1768910892.4399197,-0.5934770203781365,0.5387195974009664,0.8015196680935349
1768910892.4596305,-0.6628114187394054,0.45184294250779544,0.8021726880824641
1768910892.4796102,-0.6906351473852164,0.44136203355129666,0.8196202483250005
1768910892.4997065,-0.6948077439637066,0.47144414943600665,0.8396531349964552
1768910892.519594,-0.5612358917309272,0.8393247677271418,1.0096790539014018
1768910892.5396943,-0.6879560983989315,0.46368094241836744,0.8296285974375918
1768910892.5595756,-0.6919317256495354,0.4904774223334023,0.848137733377759
1768910892.5796332,-0.6959227221253181,0.5222937763060678,0.8701144889831254
1768910892.599673,-0.4661951347805733,0.8651123030138912,0.9827294645623869
1768910892.6197243,-0.7135929066639912,0.5418498717037963,0.8960000669121538
1768910892.6396816,-0.7179404093305939,0.5639510627997986,0.9129508379878969
1768910892.6597,-0.4873306283369372,0.9352700772852529,1.05461901119809
1768910892.679775,-0.48719211241295124,0.9696600497553227,1.0851713074390092
1768910892.699754,-0.6785974961981429,0.5932936897533807,0.9013833613660557
1768910892.7200727,-0.6822138761411294,0.6214862043345128,0.9228547420789601
1768910892.7395382,-0.5310711898299951,1.028708976351762,1.1577040928899478
1768910892.7596884,-0.5316474145253736,1.0662125327620622,1.1914101470066494
1768910892.779615,-0.6693228507129989,0.6608981761791242,0.9406271725627897
1768910892.799643,-0.672519678942427,0.691838199910368,0.9648434139382636
1768910892.8199604,-0.4419226233060396,1.0868020079048755,1.1732153295008385
1768910892.83971,-0.44067180762960945,1.1319920418305323,1.2147417934718494
1768910892.8596787,-0.695388511074861,0.8209248683222832,1.0758637556702382
1768910892.8796606,-0.6990406591331348,0.8734185611397685,1.1187125752688896
1768910892.899599,-0.5949930561860448,0.7879711153368163,0.9873779496802408
1768910892.9196322,-0.5965587582935914,0.8107327435037348,1.0065634274529769
1768910892.939692,-0.6097331792142979,0.8031705090526557,1.0083934829453616
1768910892.9595983,-0.6389923502660713,0.789295551455897,1.0155287742090944
1768910892.9804854,-0.6414045211656259,0.8054756440074016,1.0296556574218607
1768910892.9996698,-0.66945201420417,0.8294580843059798,1.065911212504384
1768910893.0197625,-0.6723387412426778,0.8793454324287637,1.106927175793023
1768910893.0396094,-0.6431323243651432,0.8383253121175827,1.0566023450571904
1768910893.0597425,-0.6453828456294177,0.8754990755869123,1.087666147669524
1768910893.0796764,-0.745253102861736,0.8968535732265721,1.1660825524525764
1768910893.0997112,-0.749362682159906,0.9355165736506272,1.1986390987235889
1768910893.1196344,-0.6399489464135364,0.8892528317363393,1.0955844343394503
1768910893.139713,-0.6418573668385701,0.9052034355135135,1.1096729874293643
1768910893.1596344,-0.6484570306670072,0.8969577973825444,1.1068106481719524
1768910893.17967,-0.6504961567331202,0.9362412044948627,1.1400407198510725
1768910893.1996157,-0.622012765743408,0.8534388600685539,1.0560576540240956
1768910893.2196915,-0.6936139229453868,0.9564055182405191,1.1814447889870288
1768910893.2397459,-0.696384233765877,0.9722602912361644,1.195926868563592
1768910893.2595909,-0.5919552779763739,0.9489057111970389,1.1184065002790553
1768910893.2797122,-0.592681269981493,0.9722831141968662,1.1386858837885152
1768910893.299773,-0.6088804817396349,1.003474603321525,1.173753262212626
1768910893.3198912,-0.6099033278066868,1.0273762350648141,1.194773617739203
1768910893.339652,-0.5855066145807291,0.949215313746695,1.115270239703823
1768910893.3595839,-0.5860378265218058,0.9719053101853099,1.1349186165011154
1768910893.3796275,-0.5865844069076465,1.0043385769172701,1.1630895251490327
1768910893.3998182,-0.6770776039556177,1.0375970033148896,1.2389679669250206
1768910893.4196374,-0.6153894932714818,1.0433594150694105,1.2113228708494337
1768910893.439769,-0.6164066985412378,1.0773707399876997,1.2412432998361569
1768910893.4600224,-0.6273046853347264,1.1039155945416361,1.2697010703764544
1768910893.4799228,-0.6285527339992125,1.1688790156588347,1.3271611404292438
1768910893.499614,-0.5795998722842084,1.1912872293490828,1.3248023530935038
1768910893.5196607,-0.5798573212313647,1.2378251604695265,1.366910984986595
1768910893.5396094,-0.5342087375833486,1.254706465973932,1.3636961872305682
1768910893.559643,-0.5335721077463562,1.2916190717418807,1.397490257802267
1768910893.5800395,-0.5638656047743993,1.2848961575978475,1.403175882082254
1768910893.5997696,-0.5718795304248161,1.3219894319662195,1.4403826767735288
1768910893.6199331,-0.5720098882935805,1.3815767269979862,1.4953091870540027
1768910893.6395938,-0.5247901285593093,1.3471411394821509,1.4457502995740876
1768910893.6596959,-0.5239804660275631,1.373859279960321,1.4703893531685932
1768910893.6795762,-0.4902317832407821,1.3742455822370516,1.4590675521021945
1768910893.6996903,-0.488777825682881,1.3896875592787055,1.4731379009764465
1768910893.719671,-0.6433270938966587,1.1758164270256053,1.3403037043165928
1768910893.7397313,-0.6449129037413197,1.2219210961341425,1.381667043317501
1768910893.7596138,-0.774994338987697,0.9267362468986491,1.2080795904156196
1768910893.7797046,-0.7790720599992964,0.9800343719228604,1.2519667107482462
1768910893.7999244,-0.557063130578622,1.2122957606111289,1.334159039487336
1768910893.8196998,-0.5567427818183655,1.2342461497532327,1.354003723513171
1768910893.8398914,-0.6044238032519873,1.079392427454291,1.2370998934537436
1768910893.8595946,-0.6050729405667319,1.1498981476136372,1.2993763940026561
1768910893.8794901,-0.6972315719231963,1.2134733287055575,1.3995175541472273
1768910893.8996859,-0.6996087600518495,1.2466241463684273,1.429518862922101
1768910893.9197245,-0.7207058586075625,1.14557137137591,1.3534218490726928
1768910893.9396808,-0.7234021662523293,1.1645042992856833,1.3709051598098985
1768910893.959673,-0.7915670653439966,1.1178356310751099,1.3697207441805048
1768910893.9796555,-0.7955749717458422,1.1767651035720696,1.4204631796190217
1768910893.9996285,-0.7717542337343257,1.1989563777513812,1.4258685048199813
1768910894.0195494,-0.7317339100901634,1.0900597199214523,1.3128841183330213
1768910894.039712,-0.7343611286621137,1.1485161152799304,1.36322248160291
1768910894.0597868,-0.7266521302425302,1.0818711723590404,1.3032530652055
1768910894.079609,-0.7290565908724762,1.1554723883904838,1.366250325902031
1768910894.0996456,-0.7931529508917379,1.1325607138871057,1.3826732709316187
1768910894.1198118,-0.7967954689964056,1.2218910312702338,1.4587325703198093
1768910894.139634,-0.8328429892437219,1.2086739476736241,1.4678283811527018
1768910894.1596787,-0.8370417116920317,1.2254732942289728,1.4840564753339869
1768910894.1797276,-0.8394259359986318,1.1846770838719447,1.4519282678832703
1768910894.1996994,-0.8436095987766761,1.2469560903421595,1.505515408884794
1768910894.2195792,-0.7244398743406117,1.3403763755157456,1.5236213307693511
1768910894.2397609,-0.726315134350247,1.4514554050976631,1.6230392685863884
1768910894.259902,-0.7276052724190256,1.475055528885024,1.6447486877168325
1768910894.2795894,-0.7293924906532947,1.5417273505056581,1.705560502802118
1768910894.2996938,-0.7105153719263368,1.4818130820809028,1.6433508767058012
1768910894.3196394,-0.7118960188588499,1.5151554571312698,1.6740645151671267
1768910894.3396695,-0.6806387793231687,1.4098073700763436,1.5655114080197914
1768910894.3596444,-0.6867239481989706,1.4172911094247844,1.5748980506320143
1768910894.380023,-0.6875743831942449,1.4143639036143938,1.5726359350696182
1768910894.3996046,-0.6598722527269913,1.4169926166134061,1.5631057115422176
1768910894.4197388,-0.6601916301689696,1.4625399103170231,1.604642009239222
1768910894.439695,-0.7091340615066315,1.5188943099639545,1.676278927276057
1768910894.4599147,-0.7104031517459655,1.5633442115973306,1.7171830892323277
1768910894.4796422,-0.7084794251862245,1.5804807598086175,1.7320111223769403
1768910894.5002522,-0.709634646331299,1.5913876385326802,1.7424396538613234
1768910894.5195856,-0.620765060270239,1.6242411259822767,1.738823882796785
1768910894.5396993,-0.6202149846814162,1.666471643588297,1.7781435167351507
1768910894.5596633,-0.7016956067936819,1.5198433991977804,1.6740073723489444
1768910894.5796432,-0.7027214782131503,1.573695883271423,1.7234663353159814
1768910894.5997171,-0.5434093249019325,1.7634640338347882,1.845291059160922
1768910894.6197221,-0.5413484691061905,1.8036007006216828,1.883091514580914
1768910894.6396136,-0.7296339982829894,1.5379022570981373,1.7022071330593014
1768910894.6596591,-0.7312237144187339,1.5565136039188197,1.719715883427458
1768910894.6796114,-0.5459802122270432,1.819013630108751,1.899185346053645
1768910894.6995888,-0.543969679086417,1.826554158708479,1.9058339661315251
1768910894.7195134,-0.5419642625409491,1.8342924850567233,1.9126824573376324
1768910894.739674,-0.7356683748081716,1.619033686860833,1.7783357492000993
1768910894.7595916,-0.5996262146240365,1.8704144885707183,1.9641797158914998
1768910894.7795756,-0.7152292452612325,1.6819502896155853,1.8277061169714632
1768910894.7996266,-0.7165191900395325,1.7002928279573553,1.8451003903576977
1768910894.8199239,-0.7178662257966568,1.8138443492968097,1.9507340263643076
1768910894.8398402,-0.5126465268303146,2.0247888121683957,2.0886780975903125
1768910894.8597598,-0.5100158590583908,2.093920028606524,2.155137411556538
1768910894.8799226,-0.607804167626484,1.9034459265622008,1.9981322032163833
1768910894.89964,-0.630865543435795,1.821542633176426,1.9276952296392313
1768910894.9196138,-0.6305854956025794,1.834897559624494,1.9402286261109216
1768910894.939557,-0.6119110913332291,1.7768111237042277,1.879226690161595
1768910894.9596338,-0.6112698756853012,1.7727982850224198,1.875223885379758
1768910894.9796774,-0.5881424573641327,1.750519408736313,1.8466807386543165
1768910895.0000665,-0.6218405134453677,1.7482504295973396,1.8555498346175672
1768910895.0196674,-0.6214494710057981,1.7453318900390453,1.8526691154657522
1768910895.0398204,-0.6210526298588395,1.7399586714212756,1.8474746405048896
1768910895.0595827,-0.647342234647108,1.8104649882046386,1.9227156425932395
1768910895.0796947,-0.64746234804156,1.8533501233690242,1.9631897951862596
1768910895.09968,-0.6132306206461937,1.808753331503894,1.9098796842535792
1768910895.1199183,-0.08106630823940364,1.5962083125362803,1.598265535929961
1768910895.1395793,-0.07040165796059306,1.6818958841286644,1.6833686935702892
1768910895.1595995,-0.04357867439260232,1.5326496842441912,1.533269107324489
1768910895.1795998,-0.03244307132181401,1.5974682850185555,1.5977976951156605
1768910895.1995876,-0.14809766871766517,1.4596608774109345,1.4671546600558738
1768910895.2196321,-0.22969064444774379,1.1971626206200998,1.2189980034260945
1768910895.2395687,-0.22273316628768125,1.1743737703765467,1.1953090880240815
1768910895.2596312,-0.11746558759330394,1.3043456738629313,1.3096242977257198
1768910895.2797253,-0.10859559464176805,1.2998577543715468,1.3043861333115434
1768910895.2996318,-0.27308348643564795,1.1553365546809378,1.187171910527649
1768910895.3196518,-0.267554640123012,1.1172445981895187,1.1488346171816959
1768910895.3396363,-0.14575167063884908,1.2945590448855615,1.302738143369201
1768910895.3601432,-0.1378784016262724,1.3846341845700154,1.3914820439786089
1768910895.3796568,-0.24378778823289426,1.1335741163632376,1.1594924592166098
1768910895.399571,-0.23827371969141975,1.2215498601070793,1.2445715834065996
1768910895.4195886,-0.056979923869758586,1.2856079644555436,1.2868700594837574
1768910895.4396122,-0.04810505533842502,1.3261841265180738,1.3270563039214347
1768910895.4601548,-0.03898945937340681,1.2841615455256044,1.2847533043152446
1768910895.479599,-0.19653563213659453,1.2761611003730025,1.2912061836920403
1768910895.4996805,-0.16417113066846145,1.1720962985085999,1.1835378714356892
1768910895.519851,-0.1579683906395175,1.145119443480744,1.15596390613154
1768910895.539667,-0.08939231010574389,1.1572150670646408,1.1606626109888536
1768910895.5601056,-0.0818632561683108,1.1606637109192866,1.1635470951170854
1768910895.5795712,-0.160335459832603,1.099304971759202,1.1109360380391988
1768910895.59957,-0.15460973052316174,1.1506504052130095,1.160991181615652
1768910895.6196468,-0.13587796336970648,1.077922348226246,1.0864526725702708
1768910895.6397266,-0.16656013514052148,1.047442796991029,1.0606029849035965
1768910895.6596444,-0.1613299909182686,1.1124742473167428,1.1241113454247502
1768910895.6797698,-0.10632988501214591,0.9778020086936285,0.9835663742991578
1768910895.6997466,-0.10014993999782185,1.0566290488430399,1.0613646674637867
1768910895.7197049,-0.09395722772275139,1.055755631572724,1.0599282590057058
1768910895.739606,-0.13151217690958017,1.026988619988789,1.0353748491546306
1768910895.759658,-0.12609712578576815,0.9613693013495879,0.9696037431388281
1768910895.7796397,-0.09220078077032934,0.9709587259102626,0.9753265255266765
1768910895.7996597,-0.22734596870171053,0.8247415564752618,0.8555026735564049
1768910895.8197048,-0.22418142363755678,0.854301408243975,0.8832260225060178
1768910895.83972,-0.22095660503677994,0.7880294674970356,0.8184205904991888
1768910895.8598914,-0.18935730302710407,0.9793451411935825,0.997483380206997
1768910895.8795326,-0.2309062892769589,0.9054845723938376,0.9344624258208061
1768910895.8996847,-0.22807055474376448,0.9348111967220158,0.9622308202598667
1768910895.9195807,-0.03654793125904732,0.9749783480461698,0.9756631234386971
1768910895.9395664,-0.03011631325081421,1.0366425687463,1.037079942753088
1768910895.959623,-0.09570147962458897,0.9051978890328369,0.9102428200825534
1768910895.9796174,-0.09190378799247956,0.731862253254421,0.7376101029581991
1768910895.9996862,-0.08683367979801027,0.7074501864599716,0.7127593242248831
1768910896.0198092,-0.10688740092288285,0.6928401271610412,0.7010366311973838
1768910896.0395765,-0.10234224524693225,0.6702539910400078,0.6780223799162105
1768910896.0595763,-0.129306376708076,0.7032599872631757,0.7150487736810497
1768910896.0797126,-0.12529489025151275,0.6487438271994186,0.6607324442257151
1768910896.099571,-0.14144488316758252,0.6744523707642416,0.689124557249121
1768910896.1195815,-0.1378546314018667,0.65324644666978,0.6676337465149873
1768910896.139601,-0.17942710262406258,0.6397422304597797,0.6644277286430179
1768910896.1597164,-0.1767239829809384,0.6665836502122013,0.6896123033204015
1768910896.1796424,-0.14687972276942407,0.6939235956420262,0.7092979695089936
1768910896.1997776,-0.14366714004096615,0.7213469109836623,0.735514522707215
1768910896.2197866,-0.27126530742329535,0.5985514839885295,0.6571519961137803
1768910896.23984,-0.2705434823632711,0.6076370392056821,0.6651440049071278
1768910896.2595754,-0.10989322124727874,0.72087082186594,0.7291990550554623
1768910896.2796009,-0.10608129603313987,0.7310779218786773,0.7387341668195102
1768910896.2997057,-0.23019294477004593,0.5453583740140399,0.5919497849726298
1768910896.3196878,-0.2288072162008934,0.503945766594545,0.5534564823490336
1768910896.3396626,-0.0639059054227511,0.6113797999487642,0.6147106836010682
1768910896.3595798,-0.05939412943359823,0.5884296331754488,0.5914195598812811
1768910896.379601,-0.18377622220048906,0.5368544941518205,0.5674384968763493
1768910896.3997128,-0.18175005702503189,0.5605840600636467,0.5893110991878946
1768910896.4196422,-0.031238112140048457,0.6348511331178539,0.6356192105900335
1768910896.439684,-0.13139143971816214,0.46294806765389107,0.4812324010035932
1768910896.4596624,-0.12855396661959162,0.5312029693958769,0.5465370225598885
1768910896.4796016,-0.03597810340152652,0.45115239672162044,0.4525846981417217
1768910896.4997764,-0.03136273125095368,0.5015947244890597,0.502574261723355
1768910896.5196204,-0.16687658955445794,0.4165327634819036,0.44871743803333347
1768910896.5396128,-0.16496371120596098,0.3876021068983586,0.4212462691667314
1768910896.5596092,-0.06943879780631157,0.504140280687261,0.5088999599648404
1768910896.5799875,-0.06566928517371373,0.46033588408434434,0.4649963238466961
1768910896.5995717,-0.2067134826447834,0.40211422716881406,0.45213528462033103
1768910896.6197731,-0.20579761679025044,0.37507439960482913,0.4278241044114623
1768910896.6402023,-0.16252990659515731,0.5649851397105943,0.5878981022521083
1768910896.6595798,-0.12889761933396393,0.4479023617185547,0.4660805959305992
1768910896.6795776,-0.12653771637843647,0.46944603975199484,0.48620096452506256
1768910896.699641,-0.08495881731717958,0.4522364004633399,0.46014754432026717
1768910896.7196836,-0.08184460735952115,0.47309660938016584,0.48012388147315
1768910896.739796,-0.07602538378225798,0.468195526894716,0.47432785115725634
1768910896.7599292,-0.07280578255407644,0.5033050141491509,0.5085436257008717
1768910896.7801833,-0.003722742264361756,0.3603318309659569,0.3603510610741223
1768910896.7995808,0.000678968092287846,0.2997673717774796,0.29976814070219004
1768910896.8196173,0.0258462199473648,0.37626792901785944,0.37715458567138815
1768910896.8396099,0.030697702507277214,0.3487642279022345,0.3501126041768092
1768910896.8597114,-0.02277498275284806,0.31750326460369394,0.3183190582943406
1768910896.8795905,-0.019032519796075675,0.3226773667278726,0.3232381781414782
1768910896.8998709,-0.017344690737390422,0.4299621802100946,0.43031188074208865
1768910896.919698,-0.013655196229145794,0.4867344987815545,0.4869260074058353
1768910896.9396267,-0.028932868824534275,0.3922445989145382,0.393310229050866
1768910896.9596868,-0.02553751171783425,0.44553103664241434,0.44626233217290795
1768910896.9797156,-0.0221892962598238,0.40314232315103604,0.4037525202201475
1768910896.9996853,-0.029689346209603507,0.4879528447989734,0.4888552301303165
1768910897.019738,-0.026557415727863187,0.41406000476919314,0.4149108143681082
1768910897.0396132,-0.02015988562275073,0.5202576643895696,0.5206481137432578
1768910897.0598042,-0.004003768991501566,0.3733543161803268,0.3733757833290969
1768910897.0802345,-0.0004928901014960019,0.3276908965156209,0.3276912672011012
1768910897.1000786,0.07305613726822369,0.3692331979249599,0.37639122418362275
1768910897.1198359,0.07781762065802322,0.3442205622620662,0.3529070381402006
1768910897.1395757,0.14382361843142544,0.3506528892253531,0.3790022189127604
1768910897.1596408,0.14988279192112053,0.3723165515169624,0.401353293056819
1768910897.1796484,0.06899515628844455,0.35343255502097737,0.36010401627852345
1768910897.1998122,0.07339785873232696,0.37466903577229704,0.3817906913912824
1768910897.2198222,0.1603742089899436,0.40674056456820473,0.43721593495023947
1768910897.2396648,0.16630966976767692,0.42951504922218486,0.4605888445963163
1768910897.2596886,0.07526633568869734,0.3961435427609814,0.403230365621471
1768910897.2795713,0.14176910480767724,0.2480551767052166,0.28570937990942197
1768910897.2996702,0.14712422474774467,0.24896489644838304,0.2891868896945001
1768910897.3196352,0.05673980121404565,0.2159289440487786,0.22325929749918588
1768910897.339679,0.06027108919546542,0.21769477552263616,0.22588408417296402
1768910897.3596644,0.0636429418039457,0.1088189313787371,0.12606341209038693
1768910897.380477,0.223861149640606,0.14797683117841753,0.26834857347118446
1768910897.3998237,0.20543355035032818,0.16167555728957872,0.2614228938605735
1768910897.4197428,0.21139031640915018,0.15208313498458814,0.2604134132841492
1768910897.4396522,0.18866341703746592,0.16432086403986368,0.2501903900773572
1768910897.459596,0.19419347205928528,0.2034024963382528,0.28121820728230484
1768910897.4802647,0.1658593036522964,0.19261070520925383,0.25418141625467183
1768910897.4997284,0.1706465588560775,0.2502301416828132,0.3028784770432219
1768910897.5200052,0.2376127232703169,0.18674908845289373,0.30221685640930573
1768910897.5398023,0.24372152328228847,0.27456157829187067,0.36712973345285194
1768910897.5595727,0.24963008287913357,0.23498601597966928,0.3428317458816212
1768910897.5797753,0.12449050600704137,0.3300632173620821,0.3527599942472194
1768910897.5996351,0.20468095006368525,0.18557217254444058,0.27628123812853533
1768910897.6195874,0.20971469373907414,0.17475149603058693,0.2729804720763042
1768910897.639603,0.09491971235086627,0.16290012368437257,0.18853700456185007
1768910897.6601822,0.09776269709416052,0.14942316370244857,0.1785632291205928
1768910897.679826,0.17240937366557674,0.13732775100208983,0.22041756582234648
1768910897.6995883,0.17660397751379886,0.19363467610449536,0.2620750897429727
1768910897.7198343,0.1626641933906292,0.2888851474489087,0.3315332083336475
1768910897.7397487,0.16648837254969262,0.2985498550121388,0.341833869185039
1768910897.759658,0.170377278523957,0.3073626461739334,0.35142597129448555
1768910897.7796013,0.13116423655164322,0.20409867560834982,0.2426114719778474
1768910897.7997017,0.12003224627189013,0.26586628867841,0.29170639965675643
1768910897.8198214,0.12279516776240929,0.25646471738162724,0.28434627567006426
1768910897.8396194,0.1977423051771865,0.29357154467232327,0.35395800753490725
1768910897.8597996,0.20187381371296453,0.26837251878961865,0.33582263995225353
1768910897.8796513,0.28266915367971635,0.20224662686085004,0.3475709258821845
1768910897.9000573,0.19015064701080764,0.09028831660760162,0.2104976215411074
1768910897.9196284,0.1938487114055345,0.08106876390940165,0.21011774650272763
1768910897.939746,0.29521053337596914,0.10552392150930778,0.31350367944703095
1768910897.9596074,0.3009783388023761,0.15902781393657506,0.3404082931329433
1768910897.9795935,0.3108193008702065,0.11022348924642422,0.3297845590307414
1768910897.99972,0.3167481014324389,0.157898898071819,0.353922903714
1768910898.0199454,0.32255344010557163,0.1412051820137119,0.3521074057038052
1768910898.039596,0.35173821222802637,0.34531476286787743,0.4929118130009328
1768910898.0598047,0.2965776369683164,0.2228178030758201,0.370952919003538
1768910898.0798256,0.3017251318681273,0.24975149456082235,0.3916808193366166
1768910898.0996068,0.2902839288878445,0.21148515520309452,0.3591527951190692
1768910898.1197789,0.2949432842532005,0.16166241622497424,0.3363425006533683
1768910898.1402209,0.2943901859250264,0.05828813145998346,0.30010512797696065
1768910898.1595047,0.3054306771239421,0.23322330638615618,0.3842928690075847
1768910898.1795843,0.3104007223660181,0.25244847166688444,0.4000985369784444
1768910898.1998162,0.41517078851737566,0.16378868104842148,0.44631100779357996
1768910898.2197344,0.42179123341211877,0.12433620073797336,0.4397355289230904
1768910898.2398875,0.5140453446495767,0.059969343051864854,0.5175315820913486
1768910898.25964,0.5224371162642072,0.056299854970935925,0.5254619054890746
1768910898.2795892,0.42168499316663244,0.2505117814207036,0.49048382857390643
1768910898.2996051,0.4279009243952263,0.20709691836867528,0.47538230372626505
1768910898.3196287,0.5037382360674565,0.11510978677311456,0.5167228207533556
1768910898.3397064,0.5111877403892233,0.04397484592020895,0.5130757185815229
1768910898.3595738,0.43930951647523564,0.06728017291435684,0.44443162908718714
1768910898.3798137,0.44547659987982335,0.03155775779078063,0.4465929837304543
1768910898.3996563,0.6076940967923834,0.08451536541243243,0.6135429587788516
1768910898.4196882,0.5598206658122358,0.12735825082762098,0.5741248138900863
1768910898.4397383,0.5680881592196227,0.12525325097889706,0.5817323555779943
1768910898.4598134,0.6349696870496082,0.029558542107489316,0.6356573061669295
1768910898.4795303,0.6440397205511266,-0.00909888224718891,0.6441039910648912
1768910898.4998496,0.653559463085716,-0.020385354801808475,0.6538773084297121
1768910898.5195835,0.583609797161075,-0.1281665400165597,0.5975174117314135
1768910898.5395844,0.6605444389761521,-0.1326673943288128,0.6737355515187812
1768910898.5596652,0.6695524951201994,-0.1808839480327915,0.6935557269445725
1768910898.5797236,0.6199931282329434,-0.09984708051641888,0.6279816227754783
1768910898.5997531,0.6277889777462269,-0.15736842059968126,0.6472123456653858
1768910898.6196856,0.7535306503411743,-0.10516115145185445,0.7608332989415441
1768910898.6400547,0.6962486394395464,-0.08206373448348714,0.7010682024159959
1768910898.6596584,0.7047831205226469,-0.1451250000895037,0.7195696718349227
1768910898.6798296,0.7135184966539283,-0.22150943392330547,0.7471111526301191
1768910898.6997926,0.8950377832372487,-0.2223487503872441,0.9222427013650025
1768910898.7196114,0.757493756038877,-0.09885992670222521,0.7639175842625009
1768910898.739765,0.7667348975225865,-0.15643101864236897,0.7825299142348875
1768910898.7597537,0.7762176431396792,-0.1816659423864344,0.7971927898221796
1768910898.7797468,0.8051196725508527,-0.12211395927549695,0.8143276405589644
1768910898.7999291,0.7986738836687728,-0.23675643929241552,0.83302676067518
1768910898.8195992,0.8081345821887558,-0.2626331254640135,0.8497397610565196
1768910898.8395905,0.8318012121821869,-0.33557426824250136,0.8969411051424981
1768910898.8597946,0.8413144057166111,-0.40304839914227664,0.9328761661214453
1768910898.8797064,0.8508569433056081,-0.47189269965635283,0.9729543966498757
1768910898.8996744,0.845353477725781,-0.3714786098868661,0.9233736296356697
1768910898.9196763,0.8926387791165489,-0.25508260196544086,0.9283701437509407
1768910898.9399135,0.9019609826708814,-0.3758504498739548,0.9771372344410361
1768910898.9596753,0.9116293190945521,-0.45218936033707813,1.0176164469164464
1768910898.9800067,0.9213635290637923,-0.5432882216522312,1.0696134088888982
1768910898.9997852,0.8591965241026234,-0.2628424468070243,0.8985014295333833
1768910899.0197825,1.0108956270860894,-0.3679998654447978,1.075794529559045
1768910899.0396876,1.0222417239266983,-0.42394635320364316,1.106665555861976
1768910899.059624,0.9025784858419179,-0.35277076078526015,0.969069209483874
1768910899.0796669,0.9117418278561145,-0.38843715118293076,0.9910381330107937
1768910899.0997329,1.0249327258284575,-0.42639372659643016,1.110089502046994
1768910899.1199286,1.036190211642456,-0.46633670940930294,1.1362922516880656
1768910899.1396077,0.8760013001004019,-0.49300611142454187,1.0052031156336225
1768910899.1596167,0.8838165488008336,-0.5369840506206316,1.034158383689441
1768910899.1796257,1.0006938208978884,-0.5826115047389155,1.1579396740061023
1768910899.2000182,1.0108397069819235,-0.6232355589213441,1.1875266208027933
1768910899.219594,0.8913493350246231,-0.5957583426944488,1.072115497480973
1768910899.2395763,0.8989317419889398,-0.6358187514431357,1.1010648307170552
1768910899.2596285,0.9057628740150694,-0.7189660830694926,1.156424927329192
1768910899.2797778,1.0265129032584746,-0.7405152483567132,1.2657375611101012
1768910899.299763,0.9858932698256,-0.5609910123493655,1.1343264324806062
1768910899.3197362,0.9941426955513242,-0.6240192830199813,1.1737630786060806
1768910899.3396487,0.9828952181442414,-0.5707165216143508,1.1365739561922048
1768910899.3598835,0.9908159381349826,-0.635171536884588,1.1769278246904673
1768910899.3796463,0.9897931390073129,-0.572968777547791,1.1436711407002276
1768910899.3999643,0.997655105284891,-0.6367882181488156,1.1835602831601568
1768910899.419573,1.0650353690733816,-0.7338334443496599,1.293372282609829
1768910899.439792,0.9356120012949383,-0.731524838071012,1.1876440568124524
1768910899.4597232,0.9419710683140066,-0.7966963373052938,1.2337076426026958
1768910899.4797704,1.0809684084102535,-0.9165661227627204,1.4172459763136684
1768910899.4995873,1.0896609374905308,-0.9903412780159933,1.4724594410832148
1768910899.5198941,0.8895945912896268,-0.8074647915016779,1.2014066448819927
1768910899.5396411,0.8941791127042817,-0.8780152536057475,1.253182776438051
1768910899.5596347,0.8987597296826104,-0.9505541089454432,1.3081751280819494
1768910899.5799513,0.9222703812868929,-0.8180650056563952,1.2328069636721999
1768910899.5996861,0.932697626709218,-0.8555895591958205,1.2656849357853266
1768910899.6195817,0.9376700920181715,-0.9250386601403306,1.3171642738168936
1768910899.639705,0.9429470765030734,-0.9953384780846672,1.3710754446935423
1768910899.6599326,0.9662171029773932,-0.9256426068945309,1.3380544554630538
1768910899.6798444,0.9606158996017733,-0.9567432842800905,1.3557804463049237
1768910899.7004719,0.9659074915897312,-1.0255266780450043,1.4087875104823966
1768910899.719568,0.897361158124454,-0.835041376055031,1.2257859306723753
1768910899.7398171,0.9012439808111896,-0.8975728017627898,1.2719581940506945
1768910899.759602,1.0163865742209062,-0.9607180659479262,1.3985781603096887
1768910899.7799308,1.0222170957044145,-1.0234930312618644,1.4465357844837328
1768910899.799634,0.8769011953571955,-0.9441457912296638,1.288552281250383
1768910899.8198164,0.9724641134441478,-1.065072269017481,1.4422431799688837
1768910899.8397307,0.9771892039428964,-1.1253742883645987,1.4904247814682494
1768910899.8595917,0.8715222259527939,-0.966446543360421,1.3013723185556925
1768910899.8796341,0.8741864489041298,-1.0229947196629574,1.345630017466133
1768910899.8996253,0.9614230752540527,-1.1049908829159278,1.464697641480412
1768910899.9198058,0.9659871191565843,-1.1629201249620191,1.511791761922956
1768910899.9397073,0.8581750184380272,-0.97924130910598,1.3020667815940554
1768910899.9597435,0.8603439941899076,-1.0318276223422735,1.3434507920155294
1768910899.9797187,0.9560970330830658,-1.0606746314601452,1.427988869176982
1768910899.9996119,0.9600172199398989,-1.1124221444424283,1.4693931026199296
1768910900.0196378,0.9639950232714867,-1.1646928517664925,1.5118848646137573
1768910900.0396445,0.7816544608726597,-1.0378196712108299,1.2992510789505942
1768910900.059584,0.8921301853141568,-1.1023005014201637,1.4180841522913286
1768910900.0795953,0.8945656155333337,-1.1511307506607356,1.4578578962338136
1768910900.0997553,0.768580144358439,-1.0588883932120758,1.3084189189939477
1768910900.1196544,0.768514972505776,-1.104503957035476,1.3455646599374473
1768910900.1397853,0.8889026778016085,-1.1230311222785705,1.432252377274737
1768910900.1595917,0.7649702917838894,-1.0599899470040501,1.3071947961423263
1768910900.179744,0.7648385842635745,-1.1036357464816593,1.3427546018876413
1768910900.1996903,0.8506818895442381,-1.1119829558778136,1.4000592028058365
1768910900.2196686,0.8520804943532339,-1.1547622258434114,1.4351017270883903
1768910900.2400453,0.7340195827403022,-1.0323897733691982,1.2667333547371176
1768910900.2598097,0.7333091286636622,-1.0719761019582261,1.2987975367050142
1768910900.2798145,0.8545388975080019,-1.1112675927812692,1.4018389315895274
1768910900.299646,0.8560867852710379,-1.1507183485031192,1.4342375331504353
1768910900.3196871,0.7263738054572828,-1.059073015591629,1.284233062029179
1768910900.3396177,0.7253405308683245,-1.0959543006015977,1.31424301966093
1768910900.3596003,0.8635082211821121,-1.1402381463185307,1.4303109726101575
1768910900.379619,0.8650872936621976,-1.1773613182602105,1.4610118751711794
1768910900.3995788,0.8666606330474789,-1.2144102000518107,1.4919426218404432
1768910900.4197273,0.7541501860088164,-1.0852440068574154,1.321551004493232
1768910900.4396296,0.8762952641630903,-1.175528928620876,1.4662065516219756
1768910900.4599638,0.8780264848935531,-1.2104451015757967,1.495362114039061
1768910900.479601,0.7894873097469128,-1.0844181497966492,1.3413623432390689
1768910900.4999223,0.789547885309382,-1.1164774361302747,1.3674456949307159
1768910900.5195978,0.917957041217889,-1.181826183798817,1.4964485484753483
1768910900.5396426,0.9205031188930022,-1.2146139772585602,1.5240121737189642
1768910900.5596683,0.7957560713489071,-1.129514416944108,1.3816767144210094
1768910900.5799854,0.7958427662547809,-1.160330268301962,1.4070295093343868
1768910900.599693,0.959190738436642,-1.211254648981754,1.545051681136441
1768910900.6203415,0.8416231806628076,-1.1480259288277175,1.4234792276284625
1768910900.6397398,0.8424718419667085,-1.1761975941080056,1.4467894058543003
1768910900.6596382,0.9555321440379068,-1.2383825838637126,1.564171698473874
1768910900.6797135,0.9585345586830671,-1.2680192007003566,1.589547480742401
1768910900.6995828,0.8306371744954237,-1.16529228738235,1.4310360689677009
1768910900.719599,0.8310973811275746,-1.1921998850937676,1.4532939905382893
1768910900.739589,0.9711347627637972,-1.2159653282843976,1.5561730003563483
1768910900.7595859,0.9742649413700528,-1.2428578954914933,1.5792048392682743
1768910900.7796533,0.9773814982830027,-1.2696603361247139,1.6022833589331973
1768910900.799694,0.8481887067984584,-1.1451498566932337,1.4250586923439241
1768910900.8196194,0.9633191178910732,-1.2205357777131827,1.554892699697429
1768910900.8399105,0.9661735850888418,-1.2459742446327713,1.5766874182321715
1768910900.8596134,0.8500887076109631,-1.1617693803829816,1.4395689993894474
1768910900.8799725,0.8505925222722857,-1.1849273232306388,1.4586159193852424
1768910900.8995805,0.9614761940926053,-1.2513269524723434,1.578054376056327
1768910900.919671,0.9640806382859344,-1.275020385896795,1.5984769193110755
1768910900.9396386,0.848895951937183,-1.1456058758303964,1.4258461207130542
1768910900.9597814,0.8492529312658625,-1.1663098007533659,1.4427435990490534
1768910900.979619,0.964840512074038,-1.2293147010601793,1.5627321741046896
1768910900.999699,0.8401627900386792,-1.1565520401782052,1.4295055562697008
1768910901.0196433,0.8402648206308809,-1.1761896429119876,1.445498891346263
1768910901.039643,0.9493973382631333,-1.2386242031263013,1.5606233442030102
1768910901.0597117,0.9515863973902388,-1.2591753700234527,1.5783026592424636
1768910901.08014,0.8126775143184659,-1.165019880809247,1.420463327565915
1768910901.0998492,0.8121357984646052,-1.1831893806139515,1.4350963959070373
1768910901.1196036,0.9303561471980419,-1.2468415548749654,1.5556916222671529
1768910901.1397903,0.9321178456178547,-1.2659698745120185,1.5721079483582694
1768910901.159585,0.9337817522803578,-1.2851722796397844,1.588589358281836
1768910901.1798494,0.8213439705046994,-1.1548104603483118,1.417107306174908
1768910901.1995862,0.9302529170329707,-1.2355042036014652,1.5465578316911535
1768910901.2195985,0.9318835075114187,-1.2530815672709164,1.561608236980684
1768910901.2395835,0.796801714424606,-1.170371940863225,1.4158613816578032
1768910901.2595704,0.896988322977764,-1.2484834311248036,1.5373024846631922
1768910901.2795923,0.8980309061114919,-1.2652876491881724,1.5515838177551216
1768910901.2995992,0.7692754893682752,-1.1767165075888357,1.4058614859846135
1768910901.3195791,0.7678381914648416,-1.1914660868996805,1.4174508543522895
1768910901.3396797,0.9015537740246549,-1.2261852416573547,1.521949228560665
1768910901.3596437,0.9026889589551148,-1.2413306731328948,1.5348450073802353
1768910901.3796697,0.770961775897673,-1.1501179606987062,1.3846130807619306
1768910901.3997455,0.7695240286446632,-1.1632392544516321,1.3947375357961445
1768910901.419643,0.8862070339015506,-1.2340460546917065,1.5192868629843248
1768910901.4395857,0.8869784534641347,-1.2482951582311195,1.5313300032889332
1768910901.4597225,0.7467912571333608,-1.1689962377836398,1.3871731635535376
1768910901.4795973,0.7448007905301939,-1.181403811454448,1.3965826804358912
1768910901.499757,0.8712621755919052,-1.228578578513055,1.5061550724272381
1768910901.519791,0.8718043119976429,-1.2415784406257817,1.5170892467631663
1768910901.540007,0.7402443448216705,-1.1791102994846447,1.3922150654231669
1768910901.5597527,0.7382148369329737,-1.1907062613224326,1.4009791383958656
1768910901.5795774,0.8635314147268884,-1.2684045218889626,1.53444991295532
1768910901.5996952,0.8640401574618624,-1.2812748562586833,1.5453901290572
1768910901.6196713,0.7656898106678067,-1.168014747090787,1.3966171041420252
1768910901.639757,0.7643063899221278,-1.1784929662547992,1.4046387183855609
1768910901.6595333,0.8757888690225952,-1.25510610188873,1.530456621437602
1768910901.6796277,0.7549467057449624,-1.190780092509753,1.4099296993938053
1768910901.6997626,0.7533979421197374,-1.201069147982322,1.417806600854022
1768910901.7196124,0.8641434657619236,-1.280663800030604,1.5449413251408144
1768910901.739708,0.864573280090644,-1.2923963467452602,1.5549197000897474
1768910901.7597675,0.7556273439063848,-1.1749226049885824,1.3969308538979923
1768910901.7797196,0.7540239529137747,-1.184003640204308,1.4037153349539095
1768910901.7995837,0.8168944245489049,-1.2583442197683556,1.5002488714488402
1768910901.819634,0.8165061626679329,-1.2687661409137938,1.5087908516437902
1768910901.8395822,0.6874338416733821,-1.1983667749502107,1.3815383505290013
1768910901.8598099,0.6847066842032605,-1.207171475194146,1.3878350816703815
1768910901.8795948,0.8109636205146398,-1.2489411180758747,1.4891326033026169
1768910901.8996062,0.8107368787325484,-1.25837783139748,1.4969332159751214
1768910901.9196668,0.8102816859438615,-1.2679028276705644,1.504703954600718
1768910901.939733,0.6774784893687178,-1.2053863355218297,1.3827267703418724
1768910901.9596167,0.8031387094095992,-1.2594630731868026,1.4937466382466813
1768910901.9797518,0.8027533201564143,-1.2684645191889619,1.5011379448483175
1768910901.9995391,0.6806288142273793,-1.2005872568081308,1.3800961357697663
1768910902.0196824,0.8049943119669649,-1.2643486482484825,1.4988640187244913
1768910902.0397232,0.8046572796692644,-1.272941469947794,1.505939349256002
1768910902.0597522,0.8044436719248189,-1.2815028787643428,1.5130694794295414
1768910902.0796614,0.6787021412281167,-1.1967980385727692,1.3758496072024944
1768910902.099812,0.675898480603661,-1.2036421816195784,1.3804322719555189
1768910902.1196127,0.802174700818342,-1.2661036518273487,1.498833782580158
1768910902.1396973,0.8019472424005443,-1.2739943059250365,1.505383961361105
1768910902.1596498,0.6904812102563858,-1.2202836648909177,1.4020900557798464
1768910902.179819,0.6881694452517566,-1.2270134578234178,1.4068188266645747
1768910902.1996732,0.7949451481113066,-1.3173977832270243,1.5386600364463832
1768910902.2197752,0.7946414415571645,-1.325690253901163,1.5456098051994167
1768910902.2396464,0.6613085407730672,-1.247161801569714,1.411644978524706
1768910902.2596772,0.6583080612505192,-1.2538235955131878,1.416136685554412
1768910902.2796066,0.7664609400562696,-1.304767627695302,1.5132352543188936
1768910902.2996535,0.7656943700972656,-1.3122573535871087,1.5193114329992026
1768910902.319611,0.6346464417249189,-1.2443185387317808,1.3968195058151553
1768910902.3397071,0.752573944757903,-1.300393609716389,1.5024616742265646
1768910902.3596172,0.7515326905700626,-1.3073993567490891,1.508010100438127
1768910902.3796313,0.6383733214498033,-1.2395262134160632,1.3942545432181377
1768910902.3996959,0.6353131655274904,-1.2450968639903923,1.3978158029623466
1768910902.4197628,0.7316496759702771,-1.3394562969943546,1.5262550310826957
1768910902.4398618,0.7306140482235284,-1.3467129236596715,1.5321333447887469
1768910902.4596012,0.623224629794441,-1.2277395529175852,1.3768635912757263
1768910902.4798288,0.6199566180828047,-1.2326144692898549,1.3797407865999247
1768910902.5000582,0.721680975444583,-1.3179134547273517,1.5025708983172898
1768910902.5198193,0.7206608454847103,-1.324190662965524,1.507591777007228
1768910902.5396187,0.6090331191222385,-1.2102205675021729,1.3548266170226522
1768910902.5598044,0.6972899915837134,-1.31331229458225,1.4869440189407634
1768910902.5796697,0.6956686614575576,-1.3192441427567605,1.491428843335199
1768910902.5996232,0.5641126846854725,-1.2507127089490098,1.372044241761038
1768910902.6196342,0.560101921474498,-1.2552476411977604,1.3745402151890522
1768910902.6400757,0.5561930881858066,-1.2598671164815283,1.3771767869584302
1768910902.659534,0.6919772854217312,-1.3040867347002454,1.476304431735127
1768910902.6799397,0.6905862873662612,-1.3094497412805222,1.4803945572846258
1768910902.6996558,0.6603296988103482,-1.3144495763537698,1.4709904826026476
1768910902.7195904,0.6542662864982214,-1.320655049161946,1.473836535211797
1768910902.7396767,0.6522930304192096,-1.3259618522635872,1.4777215675463895
1768910902.759745,0.6681759040502735,-1.3013511764978816,1.4628649709818815
1768910902.7796679,0.6663910838870368,-1.3060349638866615,1.4662211305183719
1768910902.7999675,0.663490957470442,-1.3114288387021684,1.4697162479964498
1768910902.8200004,0.6617730863706797,-1.3161170019405244,1.4731285010621067
1768910902.8395915,0.6539203256891799,-1.3328670845626096,1.4846368099504585
1768910902.859687,0.6522040109351508,-1.3378258851066551,1.4883373847153418
1768910902.8796484,0.6805647010015505,-1.3231611140804862,1.487925954496407
1768910902.899943,0.6793507826134659,-1.3277529757089184,1.4914574919659682
1768910902.9198368,0.6887352009912293,-1.3533019380206266,1.5184802641242372
1768910902.9398735,0.6878452362632235,-1.3582931748487521,1.522527969493734
1768910902.9597375,0.7055294425457523,-1.3780371968916079,1.5481467341036508
1768910902.9799669,0.6069741440438641,-1.3287809471722696,1.4608478418732784
1768910902.999608,0.6044429986736866,-1.3356633353727965,1.4660654433226443
1768910903.019893,0.7556601598059132,-1.406726050374818,1.5968407741290405
1768910903.0397086,0.7559884319542256,-1.4191872833352033,1.607983536740648
1768910903.0596058,0.7563583871621153,-1.4349439299809212,1.6220795578576186
1768910903.0795848,0.6420286591112374,-1.3814643807496445,1.5233662180842045
1768910903.09959,0.7790011633410776,-1.448264495998881,1.6444795112307253
1768910903.119729,0.7800263395383427,-1.462690454174508,1.6576804442071502
1768910903.1396685,0.6788750916288064,-1.4027213373489502,1.5583640589695489
1768910903.1597583,0.6779310126125635,-1.4172358756300234,1.5710340496102226
1768910903.1796184,0.8015326606392348,-1.516219632376039,1.7150441917554025
1768910903.1997232,0.8029638498946454,-1.5338200512279858,1.7312870627907584
1768910903.2199562,0.7111435568591231,-1.4407869741863912,1.6067334139325733
1768910903.2398994,0.7107108745084671,-1.4655005127954404,1.62874236764084
1768910903.2596354,0.7033117522848222,-1.4843328556269508,1.642525935014606
1768910903.279644,0.6867647938424213,-1.4496631654655907,1.6041100882947965
1768910903.2997148,0.685860528146601,-1.481409997321764,1.632476720885907
1768910903.3197381,0.6988878040751585,-1.4614193581526074,1.619935400893559
1768910903.3397617,0.6982158056032688,-1.4997618189281798,1.6543248848726735
1768910903.3596482,0.7010178556480282,-1.4914881890624514,1.6480179161799637
1768910903.3796136,0.7005100348696356,-1.5225076526033998,1.6759307447472205
1768910903.3996003,0.6823014777910466,-1.5393688394149603,1.6838027587450994
1768910903.419639,0.6815497424450498,-1.5602890005728085,1.7026484712750918
1768910903.4398863,0.6807915456715534,-1.5818384151228582,1.722117853172732
1768910903.4597983,0.6643438955529106,-1.5398887416039635,1.677083822615034
1768910903.4798608,0.6621775244236776,-1.5269935252741345,1.6643882660247875
1768910903.499986,0.6611327762843082,-1.5438419759746296,1.6794477052467713
1768910903.5195746,0.6379583822702903,-1.5588515762163802,1.6843423447094177
1768910903.5399458,0.6363560840367644,-1.5965807607371367,1.7187260372865072
1768910903.5596306,0.6238880013498527,-1.582008358394976,1.7005842185142965
1768910903.5797107,0.6220283978042751,-1.6328890871513835,1.7473540278412478
1768910903.5995634,0.6089756656079093,-1.6351938942340372,1.744909863873453
1768910903.6195982,0.6132441485501969,-1.6094810787842722,1.7223523822654994
1768910903.639826,0.611296332830924,-1.665757702756384,1.7743821264949557
1768910903.6595826,0.6282737749848186,-1.6830789183959531,1.796519574589313
1768910903.6796622,0.6267413730915061,-1.7369141828343704,1.8465307003339575
1768910903.6998544,0.6451894671290965,-1.6809582421592104,1.800524940226408
1768910903.7196498,0.6441371292405877,-1.7151736860190265,1.8321390270605558
1768910903.7396605,0.6622499709831775,-1.6816168519794648,1.8073212943271997
1768910903.759554,0.6615416802222107,-1.7238897289123685,1.8464650530461673
1768910903.7798557,0.646663505992664,-1.739591016413474,1.8558961701477774
1768910903.799816,0.6457426013016727,-1.7684580205011144,1.8826649402935647
1768910903.8196325,0.6448146754302515,-1.7978955032723523,1.9100298967129195
1768910903.8396409,0.641770653540056,-1.8101835655882326,1.9205817121046835
1768910903.860252,0.5707726256044614,-1.7036504722923436,1.7967209916626832
1768910903.8796797,0.5684018715902841,-1.7738120386139187,1.8626566607829271
1768910903.8996513,0.5451395280908002,-1.8092419438577032,1.8895855409324716
1768910903.9196482,0.44592432943508076,-1.7489522570916751,1.804905123591872
1768910903.9396725,0.4412358992377641,-1.823184961484401,1.875817827657855
1768910903.9598744,0.5364429792156606,-1.8755149838735115,1.9507248716012804
1768910903.9796398,0.5336612311288995,-1.9837824399152026,2.054309392113546
1768910903.9997108,0.39910511700155293,-1.87635144791731,1.9183273053674155
1768910904.0195787,0.3938776803212116,-1.9376098453282324,1.9772383618997775
1768910904.0396268,0.516606938280213,-1.930426376725526,1.998356505891003
1768910904.0596254,0.513908206632971,-1.95204652050945,2.0185606909572393
1768910904.0797005,0.39034763764659974,-1.8542243866062762,1.8948665794988582
1768910904.0996003,0.3854155651350357,-1.8532720963359441,1.8929243568895677
1768910904.1199012,0.48513686614430096,-1.9742395752063846,2.0329731132514763
1768910904.139629,0.4821684984893002,-2.007919370300808,2.065000401589457
1768910904.159555,0.3759935850221128,-1.8638984409551114,1.901443813046464
1768910904.1795905,0.37096203292008845,-1.9174254433075095,1.9529805837517187
1768910904.2000628,0.3659263742302352,-1.9268566178197393,1.9612951172612985
1768910904.2197692,0.43063377674660774,-2.1157380807466772,2.159118587756745
1768910904.240097,0.3312909204349639,-2.0178364804025293,2.044851519207669
1768910904.2597058,0.3258298832159303,-2.0994136279614306,2.1245476445744123
1768910904.2798238,0.44751732600661587,-2.0816135079807196,2.1291750876064444
1768910904.2998073,0.44440860542263305,-2.177491340711791,2.222378803770528
1768910904.3196692,0.3776132292787402,-2.0815854918971777,2.1155590067410395
1768910904.3397744,0.3732950111903621,-2.1532972453863923,2.185414878774334
1768910904.3597577,0.3826332631903684,-2.1744609802523467,2.2078697354553567
1768910904.379715,0.3786220555074138,-2.2355444426055158,2.267380342108722
1768910904.399786,0.41691703483521625,-2.2160416986990743,2.2549192057164418
1768910904.419636,0.44538106405188493,-2.1721792719781696,2.2173694058112194
1768910904.4396317,0.4427250261647435,-2.274225906416566,2.316917979171646
1768910904.4595654,0.44656429499892614,-2.23304329229949,2.2772575644515123
1768910904.4795682,0.44413235377640703,-2.2666671294142944,2.309769127691815
1768910904.4995701,0.39470348974578684,-2.3123289265571216,2.345774053358574
1768910904.5195816,0.3913183623053751,-2.376060735422687,2.408068661623825
1768910904.5395918,0.3912048432670465,-2.383031144629932,2.414928294105611
1768910904.5599189,0.3878391665861862,-2.4473946666119666,2.477934598269084
1768910904.5798314,0.3844714419822779,-2.5586560651187327,2.5873807507339945
1768910904.5996435,0.3712723931173514,-2.511880636190851,2.539170636322348
1768910904.6195807,0.4291784234406464,-2.521155448099865,2.55742427309796
1768910904.6398966,0.4268877743281072,-2.5405024000639056,2.576118323486184
1768910904.659638,0.3815329131407994,-2.5001245171493753,2.5290689917558797
1768910904.6796818,0.3783845938805692,-2.549787047615153,2.577710008723278
1768910904.69963,0.2682177249318398,-2.4628159193766024,2.477378251438894
1768910904.719815,0.26304409553539276,-2.4785157271859166,2.492435035483165
1768910904.739623,0.3372480421187589,-2.558606311199428,2.5807368129320123
1768910904.7602136,0.23456344005352303,-2.4861383156326102,2.4971791549398885
1768910904.779756,0.22904856684332575,-2.5693465700980163,2.579535819337933
1768910904.8007977,0.32510296734291355,-2.52864126853388,2.5494545699635043
1768910904.8196664,0.3216232334667515,-2.6143179549432425,2.6340273107627845
1768910904.8396327,0.23701991229239017,-2.558220529595694,2.569177050510137
1768910904.8595278,0.23175896381271777,-2.676720589590227,2.6867350691952856
1768910904.8795946,0.33404410873945967,-2.680126059130478,2.700863039736337
1768910904.8995652,0.33086462152649965,-2.764760296661284,2.7844875463489625
1768910904.9195848,0.24552365598645398,-2.663715051933085,2.67500649411246
1768910904.9395716,0.24082478547705666,-2.7109637772034105,2.721639428471202
1768910904.959666,0.23616068896291953,-2.721837419648848,2.732063471080447
1768910904.9797742,0.26338471830445,-2.7281188004360937,2.7408034769259153
1768910904.9995992,0.15407262947463352,-2.7463485722756094,2.7506669837683924
1768910905.0197651,0.1479276841435757,-2.7760973645847127,2.7800358230408233
1768910905.0396216,0.21878837229974657,-2.80996806255793,2.818472789375327
1768910905.059701,0.21407233528061997,-2.898023986003073,2.9059198179202466
1768910905.0796862,0.23844291026963127,-2.785117284719883,2.7953055845655417
1768910905.0996177,0.23052030920975053,-2.6839453341172037,2.6938266776998976
1768910905.1197724,0.22616742431037373,-2.848116936364491,2.857082740668433
1768910905.1397753,0.2218634983134704,-2.9951005135479933,3.0033065940958052
1768910905.159611,0.22105495777858586,-3.0296538926002183,3.037707688917113
1768910905.1796014,0.21897404200687198,-2.8188516308022216,2.827344009410452
1768910905.1995883,0.2148682042084209,-2.878727613598233,2.886735356500961
1768910905.2195892,0.2133480259156597,-2.7849254678972226,2.7930856130639237
1768910905.239638,0.20931239221717934,-2.8230302498786264,2.830779304231515
1768910905.2597182,0.15457370992274466,-2.7809203901872364,2.7852129628375657
1768910905.2796884,0.14955083156027804,-2.839587980977992,2.843523404675094
1768910905.2996175,0.22117803796915236,-2.774138958570995,2.78294209173336
1768910905.3195899,0.21761726102577583,-2.831421543422726,2.8397720381845257
1768910905.3399966,0.21412364591120614,-2.787645310632583,2.7958568120757077
1768910905.3596663,0.12652986290365043,-3.038920880326537,3.041553866544374
1768910905.379609,0.27125504297956216,-2.919374529904136,2.9319493420239784
1768910905.3996654,0.26884919304844246,-3.075731513765338,3.087459187320865
1768910905.4197268,0.3160928009777315,-2.9573345511459816,2.974179265987804
1768910905.4399185,0.31466396780696027,-3.0696579353222804,3.0857435493772103
1768910905.459634,0.31066852516253896,-2.994693000919068,3.0107642056926878
1768910905.4798841,0.30596816934136317,-2.8338539089726034,2.8503235777801454
1768910905.4996376,0.3044680957548822,-2.921011503297393,2.9368365674188106
1768910905.51967,0.29181391972271875,-2.920861161338177,2.935402065741206
1768910905.5395782,0.29015996149802614,-2.9453102112091303,2.959568388043991
1768910905.5595348,0.28855714693293777,-2.9299750853569284,2.944150000910011
1768910905.5795999,0.2868987033372621,-2.9542253562305296,2.9681237038526547
1768910905.5997338,0.28521259584213166,-2.9983254980333776,3.0118602253398326
1768910905.6196606,0.28351109448606593,-3.0630768809391355,3.07616945554703
1768910905.6396399,0.281827666812406,-3.1074791193070235,3.1202328936651633
1768910905.6596255,0.28021963040087616,-3.09197856380904,3.1046504602477585
1768910905.6795845,0.2785097454845884,-3.15638046908734,3.168644086035209
1768910905.699691,0.27679850050100807,-3.220767528826956,3.2326399249878888
1768910905.7196755,0.2749802459881021,-3.3648669226689645,3.376084054486112
1768910905.740446,0.4606608406046826,-1.9026205382023194,1.9575937582797651
1768910905.7595708,0.5471988107596166,-1.9969911823591753,2.07060385417323
1768910905.7796092,0.5504399357312204,-2.035366655395144,2.108483233213441
1768910905.7995977,0.5475001095009757,-1.9557095624284493,2.0309003575945463
1768910905.819741,0.5506726202832581,-1.951884119857722,2.028075923648418
1768910905.8396857,0.5793211432957923,-1.948578401954482,2.032872542889255
1768910905.8598242,0.583013704348498,-1.9245917362536769,2.0109595547186174
1768910905.8797102,0.49120146760761507,-1.9069488628160727,1.9691959900363873
1768910905.899752,0.585170591689768,-1.8029194858213353,1.8955060785270041
1768910905.919599,0.5887728381569417,-1.7771934823662392,1.8721832519057584
1768910905.9395788,0.500302530588578,-1.8760922263040993,1.941655135113341
1768910905.9601598,0.5020918720877177,-1.9078605793534749,1.9728224041376674
1768910905.9795666,0.5258017760388727,-1.9029435786195166,1.9742496729377683
1768910905.9996955,0.5279819673786745,-1.9549121896769712,2.0249559568604614
1768910906.0196154,0.6188836261525719,-1.8742827274279255,1.9738167810246268
1768910906.0396647,0.6227431230814284,-1.924508314885895,2.022755855611388
1768910906.0595763,0.6704163982848899,-1.8635078673408678,1.9804342247927835
1768910906.079678,0.6751412841201168,-1.9115819724556284,2.0273039710267207
1768910906.099827,0.67995552053143,-1.861083470391993,1.98140636762565
1768910906.1195977,0.5856979521289434,-1.8319625877124683,1.9233119907872984
1768910906.1396186,0.588618159593346,-1.8006270501448025,1.894394127819296
1768910906.1596,0.737029321186152,-1.6525801582380126,1.809484291086854
1768910906.1795962,0.7427162847854767,-1.6389361714896198,1.7993719053888204
1768910906.1995614,0.9240005152413042,-1.739293388775821,1.969497002893245
1768910906.219966,0.9332936676806547,-1.6450621753626107,1.8913663396977258
1768910906.2395892,0.7555328983889895,-1.6496502705679796,1.8144354427019649
1768910906.260102,0.7611294771683239,-1.6124642583571842,1.7830757318448116
1768910906.2797225,0.9246878241042031,-1.6297575186977395,1.8738081923714547
1768910906.2998898,0.9332203403152892,-1.6720653220081143,1.9148636099316012
1768910906.3196867,0.7214872611970655,-1.748212283193972,1.8912403483375462
1768910906.3395703,0.7257552795657389,-1.7534156386166595,1.8976794058963204
1768910906.3596518,0.9726685508212141,-1.6797467098279713,1.9410391853166014
1768910906.3796756,0.9815795946832617,-1.701990547112148,1.9647570646666892
1768910906.3998303,0.6882534680037251,-1.580884924816496,1.724207058833484
1768910906.4198196,0.6914068706464116,-1.5419257551518406,1.6898457015886503
1768910906.4396725,0.8287872448930846,-1.5195675925839192,1.7308882013950981
1768910906.4598753,0.8346030589334008,-1.4787448864672732,1.6980131640343954
1768910906.4796119,0.7484113368932812,-1.6493849724706786,1.8112399942035537
1768910906.4995832,0.8591027885847371,-1.4420904235914809,1.6785953625482015
1768910906.5199075,0.8650441860660525,-1.520837857055973,1.749642601019215
1768910906.539833,0.6598763112855277,-1.4132591453661272,1.5597237441793308
1768910906.5596871,0.6616675361513389,-1.4930613195038438,1.6331062525736477
1768910906.5795896,0.6635234496697882,-1.531915024481287,1.6694391305145562
1768910906.6001062,0.6508446659609408,-1.4799445492883363,1.6167358003638275
1768910906.619586,0.5459132362921553,-1.541748581765244,1.6355457654661079
1768910906.6396923,0.5454297254663567,-1.5793554903279654,1.6708851996027114
1768910906.6596239,0.6049466253832279,-1.501964514545322,1.6192151872175362
1768910906.6796806,0.6056812968873055,-1.4790330599129886,1.5982454835583506
1768910906.6995854,0.7390315328324384,-1.4577911204294134,1.6344181097025046
1768910906.7196865,0.7423793039946176,-1.3750721423777428,1.562674127175224
1768910906.7396128,0.9674925355676445,-1.1435791335268561,1.4979369282507007
1768910906.7600052,0.9751455084605309,-1.1146161940093577,1.4809719857642998
1768910906.77981,0.6123885663149569,-1.5841610468748506,1.6984068942950366
1768910906.7995996,0.6127223839621614,-1.606831358134789,1.719690592314084
1768910906.8195384,0.7484533103707687,-1.3794862376341124,1.5694472395167927
1768910906.8396168,0.7514030952604918,-1.3755060602301192,1.5673619662658758
1768910906.859647,0.6456195865142327,-1.3242673894794779,1.473264663707645
1768910906.8799,0.7487969576988949,-1.147099206721772,1.3698662248266578
1768910906.8995938,0.7514260023207067,-1.2993919025683605,1.5010197711635587
1768910906.9197676,0.4831411080725374,-1.2555687159768638,1.3453171116318077
1768910906.9398582,0.4807931722894345,-1.2477623291911426,1.3371884327456034
1768910906.9596667,0.7208852381114523,-1.244830315233398,1.4384985367566718
1768910906.9797423,0.7232097525630241,-1.1967784537416932,1.3983243592037682
1768910907.0001967,0.7256409057241191,-1.1049715555979063,1.3219367846990933
1768910907.0196688,0.5235156489418635,-1.1271078219414488,1.2427552763793108
1768910907.0397046,0.8436340617345159,-0.9057222389800783,1.2377605601657224
1768910907.0598986,0.8481899024006472,-0.854069556825559,1.2036863870753984
1768910907.0796032,0.6773386851259291,-1.0809800021268137,1.2756588334528196
1768910907.0996923,0.6784314699233045,-1.093173822862826,1.2865839523229026
1768910907.1197133,0.6886354317898284,-0.8675077806973226,1.107604851689788
1768910907.1396878,0.6898915692725076,-0.8757967271209601,1.1148857719914935
1768910907.1598997,0.561506198821843,-1.0574821813817419,1.1973127307663785
1768910907.1795971,0.7847194616172155,-0.8431050678044283,1.1517859127452126
1768910907.199674,0.7877989985322058,-0.9285043763254599,1.217681255067958
1768910907.2195747,0.7909555739193959,-0.9349170242825995,1.2246144545152127
1768910907.2396169,0.46987907112647687,-0.8751337519043094,0.9933002694073902
1768910907.2597017,0.7627329658274098,-0.6458387301747468,0.9994344613598263
1768910907.279621,0.7655325724193798,-0.607493439461205,0.9772862418060728
1768910907.2995915,0.5652409705294428,-0.7890196996230898,0.9705923145988625
1768910907.319826,0.5641020738860929,-0.7757438372669867,0.9591609097645192
1768910907.3396208,0.7581701116972788,-0.48878301671229707,0.9020702609539004
1768910907.3599489,0.7608710083200059,-0.4101807522592509,0.8643916593916599
1768910907.3796394,0.6395061056808169,-0.7306212439534363,0.9709662513800934
1768910907.39968,0.6397180856760452,-0.720868484320226,0.9637897077823376
1768910907.4196734,0.5525600693062387,-0.8940805527922535,1.0510483647639708
1768910907.4397056,0.5510138706110013,-0.9476832877989683,1.09622985709165
1768910907.459664,0.1663866982164679,-0.8407808806097581,0.8570863565255826
1768910907.479611,0.1575556148020718,-0.8716144085584663,0.8857400572190375
1768910907.4998426,0.4464812897010688,-0.9242985885182495,1.0264859583988268
1768910907.5196943,0.4434105594168889,-0.9163859081135186,1.018025567847604
1768910907.53957,0.2325050715887489,-1.2361386790063307,1.2578145499436733
1768910907.5595872,0.22550168170622786,-1.171482035299304,1.1929883350147799
1768910907.5797644,0.392674663477556,-0.8689473719511138,0.9535527916995258
1768910907.5995755,0.3890758073453098,-0.8004541943160177,0.8900038769912801
1768910907.6197739,0.38535698337986,-0.7490032339602948,0.8423217016808993
1768910907.639647,0.44103470317156734,-0.8367030478129216,0.9458242963791238
1768910907.6595812,0.43838893391611844,-0.8689910133442673,0.9733089122437991
1768910907.6796536,0.43584008761278437,-0.8209778870164683,0.9294951710150755
1768910907.6995766,0.2880190364533908,-1.030298063314218,1.0697986093786849
1768910907.7196095,0.38631489679814557,-0.5941029256268724,0.7086589346974826
1768910907.7396302,0.3828733976644827,-0.6804872745334372,0.7808040531664079
1768910907.7596815,0.24254119804993213,-0.9022074806704765,0.9342401034687308
1768910907.7796922,0.2365654959696064,-0.9322611401658634,0.9618077080927878
1768910907.7996125,0.4260497734520774,-0.7264834186975264,0.8421974632477897
1768910907.8198392,0.42389595109067546,-0.6708165751899564,0.7935254595163603
1768910907.8395987,0.1678975527809765,-0.7444442196967564,0.7631427025594579
1768910907.859894,0.16086272931381185,-0.6919636060371843,0.7104156880040532
1768910907.8796206,0.5393779073986176,-0.5865171558738336,0.7968255148550669
1768910907.8996274,0.5397474146305985,-0.5333915039674793,0.7588371156612628
1768910907.9196045,0.3921914899576091,-0.4851194545442059,0.6238229315859086
1768910907.940195,0.38962718708830923,-0.46703021714923487,0.6082158898358458
1768910907.9597938,0.2928789237378284,-0.8633912315832006,0.9117140356189459
1768910907.9796176,0.28862713321126865,-0.8356585362427094,0.8840988695960781
1768910907.9998372,0.14723413962358922,-1.0010317839591512,1.0118016230304927
1768910908.019561,0.32923538183495893,-0.6959548989993607,0.7699020444791802
1768910908.0395892,0.32603170817751437,-0.67853264138604,0.7527969315582153
1768910908.0595825,0.1803024456371194,-0.9724384962235337,0.9890124371514314
1768910908.0796773,0.17433193564865412,-0.9950124867044448,1.0101690316401355
1768910908.0996695,0.29804649671387473,-0.7496159430542022,0.8066943512164039
1768910908.119774,0.2946776705506373,-0.6539056086517512,0.717235996410782
1768910908.1396968,0.028651001945826593,-0.9436169497922755,0.9440518141753542
1768910908.1596475,0.020198525156041036,-0.9270509475327877,0.9272709634944463
1768910908.179612,0.22328724558057278,-0.7798095788261197,0.8111474423727965
1768910908.19967,0.21887099886843497,-0.7929613758327214,0.8226130668231504
1768910908.219821,-0.02183134940232989,-1.168777083070296,1.1689809569565435
1768910908.2397165,0.10781016201077076,-0.9322626476029061,0.9384757189977634
1768910908.259591,0.10161187300285413,-0.9758653574489191,0.9811412582314816
1768910908.2795963,-0.18074407374516266,-1.1071731336849133,1.121829206317819
1768910908.2996147,-0.19221343092128418,-1.0657149082824162,1.082910092649399
1768910908.3196237,0.04781889503190495,-0.7897769008899154,0.7912232301325282
1768910908.3396263,0.0411883724304829,-0.7090012257487501,0.7101966066778286
1768910908.3596733,0.034552623394800364,-0.59421550125872,0.5952192417249419
1768910908.3796947,-0.0735052409117376,-1.0512213514807094,1.0537880955156125
1768910908.399639,0.17024917194961997,-0.7966366579780022,0.8146255246331849
1768910908.4199386,0.16655061292178974,-0.7527940283770675,0.7709980258241892
1768910908.4395423,-0.03643995503442188,-1.0168720908143847,1.0175248003857837
1768910908.4596357,-0.04399197627038731,-1.0257702380812432,1.0267131416853612
1768910908.4801872,0.1327212054985738,-0.5747260776201415,0.5898516615943601
1768910908.4995933,0.12883277861120845,-0.5750660720591263,0.5893206869593133
1768910908.5196986,-0.03169165716336586,-0.964669431089753,0.965189863401387
1768910908.539751,-0.03868146333023503,-0.9511758500523868,0.9519620545632316
1768910908.559688,0.2655620449519134,-0.6438093338688837,0.6964292197314368
1768910908.58017,0.26452510639382254,-0.6326592037957823,0.6857340592825883
1768910908.599761,-0.059518522847051614,-0.7853604355628931,0.7876125115241837
1768910908.61968,0.20030700874052165,-0.39470295980832404,0.4426209712971437
1768910908.6396203,0.19818130513553633,-0.337052009791762,0.39099857673640015
1768910908.6596212,0.10943159886959553,-0.6661718892902577,0.6751001858329676
1768910908.6795297,0.10564409032865107,-0.6148138596851354,0.6238242988873562
1768910908.699802,0.10184260075323426,-0.5477494799794691,0.5571367948232835
1768910908.719652,0.3212106877570431,-0.31667240837241906,0.4510628782705808
1768910908.739704,0.07501719384492134,-0.45861871327363346,0.4647135715009082
1768910908.7596202,0.0707239944113427,-0.4607717588037197,0.4661678850978141
1768910908.7797246,-0.08415561099735314,-0.9366799341948777,0.9404527983825973
1768910908.799795,-0.09144387618244298,-0.9835491460986852,0.9877909218466845
1768910908.819634,-0.2784723949868422,-1.366154957820953,1.3942475546144875
1768910908.8395858,-0.13497562142556596,-1.0019976038181824,1.0110477814804784
1768910908.8600595,-0.14276915190337114,-0.9503825079968813,0.9610462747660229
1768910908.8796468,-0.09212924364230979,-0.553821699054172,0.5614323395364341
1768910908.8997266,-0.09875029078386888,-0.49513165351593,0.5048831292916388
1768910908.919565,0.13916119900933932,-0.23161402136147657,0.2702052815933683
1768910908.9398336,0.13725473006270672,-0.15510786246915487,0.20711665776643062
1768910908.9596243,0.00268849888225553,-0.6137827307920283,0.6137886188621937
1768910908.9796476,-0.0017368698223894086,-0.5099083235089026,0.509911281597534
1768910908.9996388,0.24243752375518302,-0.14408106515140062,0.2820200458472891
1768910909.0196502,0.24272342613072606,-0.1320013662251931,0.27629517237540646
1768910909.039707,-0.04678668217273252,-0.46669765833127386,0.4690369899279019
1768910909.0597172,-0.05205532838084892,-0.4462711996073381,0.44929694057695363
1768910909.079852,0.21217554108420167,0.06016678067321379,0.22054138326162817
1768910909.0995915,0.21208838580246336,0.09275574310503387,0.23148458106591374
1768910909.1198876,0.21197453087928952,0.09638404701862413,0.23285851124917728
1768910909.139647,-0.024630494612059906,-0.3260845438031623,0.3270134415771792
1768910909.1595562,-0.029212683996402866,-0.2751593887333357,0.27670574644263646
1768910909.1796215,-0.3168154053378629,-0.8800761906823489,0.9353641550034663
1768910909.1996195,-0.3268033282812972,-0.8189712551197559,0.8817677313715679
1768910909.2196681,-0.055523493653717004,-0.47548591671852947,0.4787167381084295
1768910909.239631,-0.06013153223355072,-0.4404142927888266,0.4445003379767408
1768910909.2596986,-0.36902868738880734,-0.8564291017745376,0.9325518636956592
1768910909.27968,-0.3794419471705961,-0.8406263221979771,0.9222953999910823
1768910909.2995872,-0.38985036396616923,-0.7925862865949611,0.883275907054497
1768910909.3196156,-0.13747421763230783,-0.6786172993972066,0.6924020505131199
1768910909.3395674,-0.5163287385004107,-1.102375538818162,1.2173032468477436
1768910909.3596473,-0.5290192182380746,-1.0959477089191516,1.2169481147322432
1768910909.3800297,-0.40173567665066656,-0.8328296250993432,0.9246603367383515
1768910909.39986,-0.4117116576913453,-0.8279206224331865,0.9246399548630324
1768910909.4195836,-0.6586106591975183,-1.3888329360548433,1.537083252357954
1768910909.439664,-0.49338410609276284,-1.0160954676412572,1.1295476419815411
1768910909.4596133,-0.5044341181110719,-0.9585658362385345,1.083190768940622
1768910909.479721,-0.5155237755824551,-0.9001629416553918,1.0373321959336255
1768910909.4995694,-0.8686288645754949,-1.463759685275921,1.7020894572885341
1768910909.519574,-0.5462691109039186,-1.190957900931103,1.3102635854353797
1768910909.539613,-0.5572941714636848,-1.138649138651072,1.2677139482147473
1768910909.5596201,-0.8712189135487911,-1.610058079925949,1.8306581920336658
1768910909.5797396,-0.8881314480667788,-1.6001442334502372,1.8300926306854635
1768910909.6006346,-0.7466921451365165,-1.2727670654733494,1.4756304288548043
1768910909.619628,-0.7597742538990007,-1.2519094273722686,1.4644227979758253
1768910909.639826,-0.6253508236525605,-0.938235798049547,1.127541602507245
1768910909.6598396,-0.6362990182353929,-0.8964289127242608,1.0993003393865233
1768910909.6796227,-0.4464427170191714,-0.49534521615308336,0.6668417973891595
1768910909.6995964,-0.4535504869393554,-0.4653687405083211,0.6498277532125167
1768910909.7195928,-0.6519408054994331,-0.9158475232768524,1.1241901528511955
1768910909.739662,-0.6627264218930744,-0.8915327329166338,1.110872145720199
1768910909.7596307,-0.48378408898063885,-0.3243721359512506,0.5824640137660037
1768910909.779721,-0.6162527132345064,-0.5228062248491128,0.8081421628091631
1768910909.7996993,-0.6257821363211722,-0.4631050823200873,0.7785047202229316
1768910909.8196323,-0.303691702056188,0.06492534101211334,0.3105542622527079
1768910909.839637,-0.30683274112721204,0.14707677900581473,0.34026153169343726
1768910909.859603,-0.30997622638251165,0.2169670463598976,0.37836485054571345
1768910909.8797197,-0.46141113157030755,-0.12822390023322683,0.47889623189999336
1768910909.899599,-0.467325486972463,-0.04739772020668909,0.4697229552138593
1768910909.9197137,-0.5803304565845471,-0.6954035266083736,0.9057425150996236
1768910909.9398432,-0.8877340206233688,-0.9023942472120794,1.2658542841787073
1768910909.9595673,-0.9014977166860474,-0.8999858234454265,1.2738416760307771
1768910909.9796047,-0.543017272170065,-0.41853230648014517,0.6855924805907724
1768910909.9996085,-0.5497616599481576,-0.3971456128530697,0.6782053675380297
1768910910.0195317,-0.9499831002367305,-0.8266735012966109,1.2593081308724199
1768910910.0396216,-0.9643455113630486,-0.8045803486541665,1.2559107463217758
1768910910.059701,-0.9786362781800904,-0.7434966170599786,1.229030587312542
1768910910.0797608,-0.7198073126930087,-0.5206773587890616,0.8883847586276366
1768910910.0995967,-1.0586722283544336,-0.9581497768813136,1.4278788050904927
1768910910.1197088,-1.0741809498152168,-0.9015577311915273,1.4023804960199409
1768910910.1397862,-0.7987114952808678,-0.5862231660910169,0.990756101750363
1768910910.1596782,-0.8085967440774686,-0.5321977910101872,0.9680202390904883
1768910910.1797154,-1.1070749357338228,-1.0959595256316383,1.5578004349571781
1768910910.1996632,-1.1225016557674463,-1.0488626776249355,1.536269144295754
1768910910.2196436,-0.8041968699198856,-0.8097023780201802,1.1412057424323083
1768910910.2396243,-0.8132208142317499,-0.7710920884734982,1.120674395891229
1768910910.259649,-1.2293629683982683,-1.2548862184378926,1.7567221548367733
1768910910.2796621,-1.2461738861480534,-1.2168585221229442,1.7417502741152584
1768910910.2995932,-0.9516630307127931,-0.8691104882652745,1.2888039280038537
1768910910.3198366,-1.2732282350864503,-1.277313480032042,1.8035076559008345
1768910910.3395653,-1.2898814365121511,-1.246964375237802,1.7940775550044799
1768910910.3595285,-1.0558329330577125,-0.9381308155500214,1.412399592754756
1768910910.3798249,-1.0679227558104127,-0.8888006499085357,1.3893975700480916
1768910910.399825,-1.4096630652778623,-1.4241887716388781,2.003862174619511
1768910910.4196734,-1.42788167985531,-1.3874544396540358,1.9909484960144288
1768910910.439659,-1.2580775364327241,-1.0344014304716787,1.628725086390729
1768910910.4597735,-1.2729411442083753,-0.987389385538755,1.6109987446590788
1768910910.4796178,-1.4995011625901054,-1.558637663109252,2.162834968616826
1768910910.4996536,-1.5183413125714091,-1.5240555381591108,2.151303238703118
1768910910.519691,-1.3523837567108385,-1.112593282918219,1.751229750378305
1768910910.5396993,-1.3676314645123666,-1.068711685467747,1.7356729211978716
1768910910.5596154,-1.5708177220259918,-1.5933304916046431,2.2374472890568886
1768910910.5799456,-1.4260802650261626,-1.1493506360660852,1.8315872370494954
1768910910.599567,-1.4415165819761633,-1.1069269985024732,1.817486571099202
1768910910.6197982,-1.4572790742083628,-1.0602830042629812,1.8021826625662882
1768910910.6398914,-1.7099515125460787,-1.611432251267285,2.3496059405106577
1768910910.659672,-1.4834472830921053,-1.1525247137701733,1.8785443986140888
1768910910.6797574,-1.4988400296660203,-1.106486756031039,1.8630175457577764
1768910910.6997485,-1.6385580234355945,-1.622130849784071,2.3056844732066777
1768910910.7200449,-1.6564641687719401,-1.5857295952139445,2.2931227380065584
1768910910.7396815,-1.459536748987226,-1.1969515384253349,1.887575298361095
1768910910.7598202,-1.4732109483870124,-1.1537803193960805,1.871245447255138
1768910910.7796197,-1.7714342195659842,-1.6153274699178972,2.3973447873263254
1768910910.7997847,-1.790597909298004,-1.5818730829546048,2.3892599949270252
1768910910.8195906,-1.4367963779008193,-1.2333350202710598,1.8935414185530586
1768910910.8396368,-1.4486783111230954,-1.1941875690388706,1.8774325018933253
1768910910.85964,-1.808015865543588,-1.668831124905104,2.4604712340341157
1768910910.8800225,-1.8269044008366189,-1.6389028162405417,2.4542987044932785
1768910910.8997712,-1.652094747078083,-1.2055418083864708,2.045176790668894
1768910910.9197102,-1.6667839672183762,-1.1686363313715589,2.0356521481770415
1768910910.9396176,-1.814710949010994,-1.6746203244837368,2.4693175291230567
1768910910.9596126,-1.644678274653824,-1.227515133905996,2.0522573013846324
1768910910.9796996,-1.65848736938029,-1.1922971532814621,2.0425848467363683
1768910910.9996004,-1.672122698671048,-1.1575454572335708,2.0336926525345524
1768910911.019685,-1.9515357921312155,-1.5473944217925393,2.4905664906932072
1768910911.0397344,-1.5611182148019962,-1.164761711677052,1.947757666029177
1768910911.0596611,-1.5719734251808282,-1.130913374122919,1.9365085874441224
1768910911.0797012,-1.8267086800771404,-1.5213014946364076,2.3772300770964803
1768910911.0997393,-1.8422444670573652,-1.4955947611951466,2.372902940728475
1768910911.1196537,-1.6062555491535067,-1.0205025864369723,1.9030192899997056
1768910911.139741,-1.6169692581213742,-0.986238893514443,1.8940054743295174
1768910911.1596847,-1.9031755272565398,-1.3992653182902721,2.362206705290243
1768910911.1797013,-1.9191909030568688,-1.3734901275708928,2.3600357736506763
1768910911.1997836,-1.5407809559464773,-1.0037297051947185,1.838879896920301
1768910911.2196517,-1.5491653810125507,-0.9716459738411487,1.8286632484439216
1768910911.2398207,-1.8637334831930108,-1.4532646110482403,2.363362123353073
1768910911.2596016,-1.8778853481635753,-1.4312295365161134,2.36111655092322
1768910911.279592,-1.7535964947254046,-1.1368843645065638,2.089881988192807
1768910911.299656,-2.045344507863284,-1.6208825960801008,2.609730742073187
1768910911.3195872,-2.0624135557102043,-1.6031062262654245,2.612182851078419
1768910911.3396695,-1.880866816106301,-1.294397163169208,2.2832266632882394
1768910911.3596303,-1.8941624726209119,-1.2710103142223979,2.281078405391863
1768910911.379737,-1.9075167885811757,-1.247520548885106,2.2792384295219397
1768910911.399621,-2.0247007907476036,-1.8593286586285096,2.7489118488687962
1768910911.4195006,-1.8286608273786742,-1.4810493268227702,2.3531909251209173
1768910911.4400513,-1.8399870075530336,-1.4626201681600222,2.3504914261218692
1768910911.4595923,-2.1375868120828505,-1.9841799390854895,2.9165471725757874
1768910911.4796863,-2.154357601479777,-1.976288149496959,2.9235203992611054
1768910911.4996543,-1.9622392524143972,-1.624415039010099,2.5473725881146625
1768910911.5197148,-1.974983782245074,-1.6098877558200186,2.5479991221486467
1768910911.539681,-2.2588727194718095,-2.0800112063885017,3.0706599586205763
1768910911.5597079,-2.276851347343656,-2.074817233739786,3.0804088383401704
1768910911.579763,-2.0553287877790076,-1.6394202758173364,2.629082590302959
1768910911.5996315,-2.0686744146137173,-1.6260075348716079,2.6312191731470507
1768910911.619734,-2.3185554924339247,-2.055414090335507,3.098455527233731
1768910911.6398962,-2.0982471763590427,-1.6035920271549422,2.6408613372635816
1768910911.659565,-2.1113649900753355,-1.5900088432592518,2.6431023897984818
1768910911.6795876,-2.12461949152058,-1.576203975997764,2.645454017309756
1768910911.6996129,-2.195851759656219,-2.0793622699640935,3.024154824101362
1768910911.719682,-2.210231355956865,-2.0753782800383185,3.031883515590553
1768910911.7400706,-1.9568421116651065,-1.5769371675064505,2.5131577507687854
1768910911.759705,-1.9659865131744558,-1.5636561926736405,2.511995951205033
1768910911.7796495,-2.213899092811995,-1.980158740425452,2.970248782583218
1768910911.799754,-1.9948873068412718,-1.5580283591564204,2.531210725113986
1768910911.8196583,-2.0041365619977363,-1.544869174919132,2.5304513681854126
1768910911.839611,-2.2357179138814924,-1.882728243368021,2.922858229340973
1768910911.8596776,-2.249322671867527,-1.876213013723504,2.9291001613196337
1768910911.8797867,-2.002810851239306,-1.4145578969398542,2.4519839619452686
1768910911.8996725,-2.247698077783861,-1.7863033027971227,2.871067073137995
1768910911.9197328,-2.260920912686408,-1.7785502398940025,2.8766307252147874
1768910911.9396827,-2.011362143414159,-1.3144075247755467,2.4027577516566625
1768910911.9600358,-2.019595594680897,-1.2976864009920774,2.4005741732706904
1768910911.9795947,-2.1154839913293433,-1.8147612650929226,2.7872263931823684
1768910911.9996696,-2.125352849474625,-1.808529091482935,2.7906813163652346
1768910912.019619,-1.8821408488839984,-1.3656986329735332,2.3254218823997412
1768910912.0396686,-1.8871473999995967,-1.3511166782896673,2.320957041325354
1768910912.0597637,-1.892164254226227,-1.3365361030906762,2.3165954156555486
1768910912.0798984,-2.160485030662782,-1.839376785054423,2.8374288581592855
1768910912.0999827,-2.1706046640681107,-1.834602879553227,2.8420577638991134
1768910912.1199079,-1.9329205073629847,-1.402517873859324,2.3881453210136225
1768910912.139573,-2.1968217664615786,-1.8382777792555665,2.864487924098153
1768910912.1596208,-2.207089014367609,-1.8339528923450459,2.8696036535875376
1768910912.1798537,-1.9777114481632552,-1.4039070318180897,2.425344826243122
1768910912.1997318,-1.9833437870190904,-1.3914725501442824,2.4227770089944847
1768910912.2197948,-2.2236945589175834,-1.8003334455995876,2.8611218091343384
1768910912.2396832,-2.000858620860866,-1.358337278772325,2.4183703983417946
1768910912.259529,-2.006483850935018,-1.3455226288101407,2.4158660121586153
1768910912.2796705,-2.2525216762248546,-1.7679980368421049,2.863506759227288
1768910912.299571,-2.2627830827388733,-1.763474832036092,2.8688030191621667
1768910912.3206477,-2.030067528500717,-1.2880506696304046,2.404214777803419
1768910912.3395855,-2.0353692858312353,-1.2751561258709323,2.401822490329233
1768910912.359731,-2.2765438847855934,-1.7059867381937153,2.844827377934822
1768910912.3796716,-2.286637155669225,-1.700938342328275,2.8498948622869413
1768910912.3997056,-2.040426328326694,-1.2246015146319955,2.3797034418111287
1768910912.419783,-2.0456222951405474,-1.2104437187627362,2.3769191342299054
1768910912.4396756,-2.0507711002359557,-1.1962850992046725,2.3741862067121287
1768910912.4597304,-2.1317080314041013,-1.6570327584063804,2.6999882765642904
1768910912.479817,-1.8822280625597116,-1.1913567958859588,2.2275801881393504
1768910912.4996748,-1.883850464564035,-1.1773034099562594,2.2214715600098884
1768910912.519535,-1.8854875642366347,-1.1633120873265348,2.2154815204399734
1768910912.539749,-2.0873874186583183,-1.4555114870158583,2.544739657491146
1768910912.559511,-1.828302395103198,-0.9469594317549905,2.0589856272761655
1768910912.5797257,-1.828587045032779,-0.9288663094465868,2.050981034063122
1768910912.5996537,-2.0201877933625543,-1.2324373203683052,2.3664446896320386
1768910912.6196234,-2.024112936018107,-1.2205122180828738,2.3636165620179215
1768910912.6399198,-1.7330820039525863,-0.6357863107259973,1.8460220652340227
1768910912.6600053,-1.7313488290113517,-0.6127599756265703,1.8365847531352464
1768910912.6796184,-1.9612801318307245,-0.9902547574771603,2.197094499610814
1768910912.699574,-1.9640435823107198,-0.9751523213625326,2.192803968227589
1768910912.7197073,-1.689679899673024,-0.4262446428148081,1.7426137434576154
1768910912.7397337,-1.9347517854474319,-0.8547693326448247,2.1151584062008464
1768910912.759632,-1.9370247300086296,-0.8384096388283417,2.1106860323471315
1768910912.7795975,-1.68772386706679,-0.3629344234974994,1.7263062437546652
1768910912.7996035,-1.6851746808200652,-0.3376324243993025,1.7186649932091942
1768910912.819778,-1.9744442132306386,-0.8929348294786941,2.166970826027914
1768910912.8397052,-1.9774590526941465,-0.8788794902095525,2.1639716872900703
1768910912.8596098,-1.7292013602083678,-0.40524974102085665,1.776053123288811
1768910912.8799179,-1.727406153455818,-0.3822140766432973,1.769186146051713
1768910912.8995972,-1.7256382551846308,-0.35931876297052767,1.762650663398544
1768910912.9198353,-1.9800978423090436,-0.8325187332476567,2.147993227718657
1768910912.9396472,-1.7389353923802364,-0.37135828745568134,1.7781460222756238
1768910912.9599507,-1.7372795893851096,-0.34887667232377595,1.7719636859105794
1768910912.9796906,-1.9794904996128801,-0.7996496916500035,2.1349056811516514
1768910912.9996448,-1.9825129661414564,-0.7849388821670082,2.1322492137779268
1768910913.019597,-1.7354503286048768,-0.32008008536574195,1.7647206872767474
1768910913.0396197,-1.7336681809107102,-0.2932742390157621,1.7582989338484298
1768910913.0597186,-2.0092550160980878,-0.807157475094268,2.165319585953972
1768910913.0796766,-2.012778508729368,-0.7858643522178674,2.160754522218946
1768910913.0997427,-1.7713000340437626,-0.30790333741764186,1.7978621403757176
1768910913.1196694,-1.7701149353616028,-0.27578055426701553,1.7914691731933412
1768910913.1398313,-2.045302801266769,-0.7698261799604538,2.1853823226662645
1768910913.15975,-1.8120083670658325,-0.3158484056067081,1.8393299153879068
1768910913.1796298,-1.8115144905840106,-0.28353170999201893,1.8335689188483877
1768910913.1996732,-2.0624945277013316,-0.7003881372498739,2.1781706130600256
1768910913.2196295,-2.066838378810476,-0.6824069151117413,2.1765799047855423
1768910913.239718,-1.8163079967993818,-0.18926723936741396,1.8261426086522228
1768910913.2601516,-1.815785501812667,-0.15905796073423062,1.8227387150839833
1768910913.2795997,-1.8151507020781041,-0.11310226908452847,1.818670996779435
1768910913.2996833,-1.9313452979190755,-0.6635187028592426,2.0421439050268066
1768910913.3201582,-1.6899977593845081,-0.17808868716620907,1.6993551739472363
1768910913.3399386,-1.6869766790844372,-0.13808957655963283,1.6926189904787121
1768910913.3599253,-1.9412812347927906,-0.5541558528367645,2.0188267735969485
1768910913.379599,-1.9430587346289778,-0.5139836313274166,2.009889653560733
1768910913.3997018,-1.701015525685551,-0.02584093868662407,1.701211795378664
1768910913.4196088,-1.6981537310669843,0.022891036007138155,1.6983080091273783
1768910913.4396124,-1.9665432115441925,-0.4090574351981999,2.008636400188316
1768910913.4596984,-1.9688999634913795,-0.3706310984273955,2.003480590711538
1768910913.479591,-1.7294908337791606,0.11163131943510507,1.7330897540534242
1768910913.4996276,-1.9820159814923253,-0.31676634929262804,2.0071692183109935
1768910913.5196774,-1.984651194213149,-0.2757123576978664,2.0037109738879493
1768910913.5395966,-1.9871603274892449,-0.21074360047626328,1.9983040390012883
1768910913.5597951,-1.7619035437627968,0.26244473137682434,1.781342565188222
1768910913.5796406,-1.8606073320646326,-0.20023014776735337,1.8713502494743217
1768910913.5996664,-1.8609358282280324,-0.17551521795234137,1.8691944116425159
1768910913.6196158,-1.631461923806988,0.2936910495214633,1.657685869337438
1768910913.6396372,-1.6272273270633333,0.3589431444131215,1.66634598894193
1768910913.6596148,-1.906705350507413,-0.03874129914470359,1.907098891487543
1768910913.6796117,-1.9080060885253838,-0.0013273916288376597,1.9080065502556514
1768910913.699743,-1.6534466865920958,0.5445160342309379,1.7407997176404206
1768910913.7197933,-1.7482433975267853,0.10494019990448322,1.7513901400179201
1768910913.7396557,-1.746545392415289,0.14459479883020165,1.7525206029076583
1768910913.759556,-1.4877757354877499,0.6648930290171045,1.6295887147196544
1768910913.7795658,-1.481111474032188,0.7151469145532694,1.6447268186251667
1768910913.7996128,-1.7644089129629874,0.299733862558476,1.7896869001329407
1768910913.8196776,-1.7633783395151683,0.3294376381175823,1.7938874896937553
1768910913.8396232,-1.8878857143492107,-0.12332697552283278,1.8919096208158144
1768910913.8603144,-1.889363415940836,-0.11623951345962169,1.8929357469245895
1768910913.8795753,-2.2031402108230482,-0.6069499922923534,2.285216637802445
1768910913.899651,-2.2104622678411596,-0.5683532047922562,2.282360357819753
1768910913.9195952,-2.074046234808483,-0.30403712834658947,2.096212384167331
1768910913.9395978,-2.078616204062815,-0.251346576816033,2.0937574896509967
1768910913.9596133,-1.900782017391851,0.08840431391625359,1.9028367245665716
1768910913.9796982,-1.9020075805659902,0.11116672221774238,1.9052534940682115
1768910913.9997249,-1.6615213475032178,0.5909909265444675,1.7634975087781657
1768910914.0197384,-1.6580666052498785,0.6307899914331685,1.7740013756299946
1768910914.0396202,-1.9738854468225844,0.07704060188952866,1.9753883191710673
1768910914.0596957,-1.7406497558338874,0.5443472104327327,1.823780539974717
1768910914.079607,-1.7387916264913734,0.5825104217255088,1.8337706268166
1768910914.0996103,-1.9876906270119266,0.19167753764495288,1.996911191602846
1768910914.1197367,-1.9907207381877932,0.205798366687457,2.0013300640279645
1768910914.1396616,-1.5977611407119605,0.6799720083587601,1.7364338728902495
1768910914.159977,-1.593136855770057,0.7108986336854066,1.7445520653132371
1768910914.1796253,-1.8579889302159378,0.33701204802103035,1.8883061153627327
1768910914.199769,-1.858488926919656,0.37769542361419184,1.896479613521347
1768910914.2195668,-1.6508226638927015,0.8098129492279149,1.8387529688239823
1768910914.239836,-1.64726225483989,0.8684282200473881,1.8621601729160877
1768910914.259586,-1.8970323919646335,0.5106959438777245,1.964571770960842
1768910914.2796893,-1.8982478827115097,0.5918226530574344,1.9883659313342374
1768910914.2999537,-1.6567013521659382,1.0778809818428208,1.9764834381514285
1768910914.3197947,-1.653443927787361,1.131113421800002,2.003320841830635
1768910914.3397546,-1.7588500046550628,0.6600539705813127,1.8786230550473053
1768910914.359602,-1.7576472092469642,0.7047093803901383,1.8936575780704108
1768910914.379641,-1.5009739262597002,1.218105210461843,1.9330553616142894
1768910914.399637,-1.4946742322089062,1.3245979175662015,1.9971506462082425
1768910914.4196353,-1.731136233450985,0.9908621377707334,1.9946529610021015
1768910914.4398406,-1.8268507191920929,0.6221027189454631,1.9298692554502248
1768910914.4597623,-1.827044095058958,0.7287968246089704,1.967037095951656
1768910914.479655,-1.8275412960330328,0.7496944246535975,1.9753351409476787
1768910914.4995108,-1.9313270319162141,0.3339158739013861,1.9599805904787986
1768910914.519684,-1.9338444014839746,0.3347575858836187,1.9626045986029739
1768910914.5395794,-1.7457846868971236,0.6963296967343418,1.879531648990947
1768910914.5597782,-2.023419750798145,0.1638789117296291,2.030045266891779
1768910914.5797257,-2.027293062986214,0.25413714003880017,2.043160015559018
1768910914.6002326,-1.8864291057418727,0.44121139342392013,1.9373389648373769
1768910914.6197586,-1.8875814231712678,0.5263993630939616,1.959607082699743
1768910914.6396637,-2.0712587365310604,-0.08466557305595046,2.072988425659231
1768910914.6598828,-2.0759107731233772,0.0023973403330259657,2.0759121573925934
1768910914.6802588,-1.979913713045491,0.09544351723251054,1.982212848330697
1768910914.6995895,-1.9825640682912473,0.16423339992660146,1.9893548940626438
1768910914.719797,-1.8796206972244747,0.7490694428993905,2.0233830570903333
1768910914.7396584,-1.8804374845466612,0.8034492410551692,2.044890172170697
1768910914.7596939,-1.7084927854900647,1.1121649925649315,2.0385923007699587
1768910914.7796707,-1.7060731383862597,1.1467000934023197,2.0556280445965975
1768910914.7995443,-1.846162936851294,0.6521720607255084,1.9579698634540703
1768910914.820287,-1.6072660262743685,1.0863110472622886,1.939942208061851
1768910914.839573,-1.6027785389542943,1.2023161867942314,2.0036125518572407
1768910914.8595784,-1.807878445214282,0.955348548055845,2.0447775724862645
1768910914.8796132,-1.8072491863759357,1.0963594929105582,2.1138007851620215
1768910914.8995965,-1.875127519375888,0.7685158769914473,2.0265043466789567
1768910914.9195693,-1.8757753212158166,0.921601605582488,2.0899479838250805
1768910914.9398715,-1.963898837037319,0.5560818507834604,2.0411089306764825
1768910914.9597368,-1.966392079591702,0.6628993179600826,2.075122482272534
1768910914.9797256,-1.7374528217268796,1.0211326519446793,2.015304989472876
1768910914.9998546,-1.7356596825008754,1.0474837384130637,2.027248557947162
1768910915.0195746,-1.881333052343611,0.6280800043586403,1.9834057945149999
1768910915.0396698,-1.8825132004780967,0.6165081211597183,1.9808932867345914
1768910915.0596237,-1.7110407253379059,0.908877315829475,1.9374515062303517
1768910915.0796068,-1.7088182717000517,0.948983548337015,1.9546431031547074
1768910915.0997038,-1.9779591425035292,0.5853134848190216,2.0627443479317265
1768910915.1196232,-1.9808849013259753,0.6500459926072537,2.084817686227256
1768910915.1398087,-1.8777111077928783,0.8104187415642876,2.045135091138823
1768910915.1596181,-1.8785536552319249,0.9114525111751703,2.0879917422520498
1768910915.1795766,-2.0235564810712727,0.5033315405547647,2.085215449732422
1768910915.1995916,-1.8572239561686539,0.7987622615430965,2.021707687533534
1768910915.21955,-1.8575745467758953,0.9160337036297221,2.0711593234261962
1768910915.2396429,-1.8579731933114711,1.018591281968856,2.1188658727647165
1768910915.2596054,-2.019654817507787,0.5584176263337284,2.0954321337811463
1768910915.2797039,-1.9017183941181814,0.6461402082158472,2.008489486952982
1768910915.299727,-1.9029660635467804,0.659654146263911,2.0140564618932357
1768910915.319574,-2.140292879979767,0.3740724006537768,2.172736471140245
1768910915.3395703,-2.1460723735231753,0.4004622827566706,2.1831162754901716
1768910915.3596554,-1.8652960955517406,0.6548206291257657,1.9768964516153171
1768910915.3796558,-1.8656333093705282,0.6521821928766478,1.9763423938523967
1768910915.3997574,-2.1096288962138994,0.370698668399406,2.141950415507737
1768910915.4197748,-1.9606905125823006,0.6377044305218345,2.061789083984446
1768910915.4396887,-1.9626412660034953,0.7585938094716962,2.104144792258504
1768910915.4596157,-2.090335386349415,0.3646636842359925,2.1219051887455116
1768910915.4796774,-2.0947561782962616,0.4438087574244527,2.1412542258398455
1768910915.4996908,-1.933086007579921,0.6793714068434955,2.0489917084111853
1768910915.5196507,-1.9343461506669728,0.7460738669051956,2.073239312158393
1768910915.5396736,-1.9356239077205766,0.7956466235915602,2.092771717548793
1768910915.5598192,-2.066641096447471,0.4008085977520004,2.1051491523304304
1768910915.579581,-1.9050499167521888,0.6670073157375089,2.01844344596644
1768910915.5997825,-1.9055982550202133,0.6578848473654606,2.015965570620976
1768910915.6196012,-2.1104567431129926,0.52373796976166,2.174472148711306
1768910915.6396182,-2.1149271039069486,0.5513923098017486,2.1856235115290876
1768910915.6596828,-1.8611903721196565,0.7004062539254399,1.988617238638138
1768910915.6798997,-1.860735585822284,0.7691365713513765,2.0134318924998555
1768910915.6995883,-2.0663753616899143,0.6146712837056825,2.155858975538872
1768910915.719611,-2.0699316959479397,0.6821048858427616,2.1794229284791147
1768910915.7398493,-1.828325005955814,0.9414457136976448,2.056475713263591
1768910915.7595825,-2.0299492163467914,0.6482432334822619,2.1309418365367203
1768910915.7796497,-2.032841488573502,0.7515207177638192,2.1673089089684416
1768910915.7996697,-1.7610245275542749,0.870157577677757,1.9642763544465374
1768910915.819585,-1.7586654754547455,0.9165151095653101,1.9831551125965863
1768910915.8399615,-1.8767265602167482,0.6077386042145534,1.9726755417137511
1768910915.8602426,-1.876662388269426,0.6090769024827267,1.973027215393406
1768910915.8795924,-1.7201019729076856,0.8631825674398499,1.9245349936888556
1768910915.8995464,-1.7170435497767151,0.8887422817810098,1.933417025697027
1768910915.9195735,-1.713969174750586,0.8940651151696848,1.9331432337409937
1768910915.9396267,-1.9260867624973068,0.6998622803062986,2.0492968130709834
1768910915.9600158,-1.7500856551133808,0.9766040133521177,2.0041345262055374
1768910915.9796886,-1.7477684230890294,1.063791920347116,2.0460566244713068
1768910915.9997652,-1.8246257891281106,0.8476309825641319,2.011898991737412
1768910916.01965,-1.8238117234815237,0.9494766398517811,2.0561602788530067
1768910916.0398545,-1.65290401117909,1.2934607240904583,2.0988407073755115
1768910916.0597575,-1.6489002846301606,1.421212390976697,2.176859391168645
1768910916.0797448,-1.7042057588391577,1.2998991128964654,2.143374669107006
1768910916.099526,-1.5101099457650955,1.504703699392513,2.131798600070882
1768910916.1195936,-1.5033570353315806,1.5075020716716097,2.1290009092941116
1768910916.1396506,-1.5881425165296612,1.2591419934284147,2.0267301775086013
1768910916.1596684,-1.5831786292969516,1.2769801231829945,2.0339942987302178
1768910916.1796026,-1.5897492464989194,0.9988399988334624,1.8774940772246163
1768910916.1998487,-1.5849623710550214,0.9911007745525229,1.8693278104652928
1768910916.219702,-1.785264818076663,0.8516624532908512,1.9780038940830456
1768910916.2396219,-1.7844804285441196,0.8622986800900154,1.9819004550032242
1768910916.2595782,-1.5457913552699978,1.0686333994607384,1.8792147978532072
1768910916.2797277,-1.5404800414311488,1.1215291262318896,1.905493725792394
1768910916.2996147,-1.5351742925659266,1.1548766451933368,1.9210674569541564
1768910916.3196979,-1.8037650378379002,0.998525253810568,2.0617034205296894
1768910916.339876,-1.51246320818289,1.240923267678495,1.9563832733829927
1768910916.3597748,-1.506772668373455,1.274940281220827,1.9737873732590103
1768910916.379742,-1.6129916649278089,1.1222676577211743,1.9650004597184083
1768910916.3995974,-1.6094344862247256,1.1916228769686388,2.0025594738645
1768910916.419839,-1.3935538171288941,1.3840572505309279,1.9640791007446068
1768910916.4396296,-1.385886529813642,1.3353489008439343,1.924535829883144
1768910916.4596334,-1.6609247945374106,1.0437058937795385,1.9616302316744827
1768910916.4796007,-1.6586830010036682,1.0679162215756222,1.972732712285901
1768910916.4995308,-1.5269297899403638,1.2765085368898461,1.9902232608830546
1768910916.5196557,-1.522199041593968,1.3243711969784382,2.0176840658576096
1768910916.539678,-1.6208315562978228,1.2251479212115761,2.0317682847066663
1768910916.560088,-1.4125258634555564,1.238867201065748,1.8788350797255584
1768910916.579669,-1.4059082096901738,1.265268633388712,1.891423434535897
1768910916.5995715,-1.5593595921789873,1.1099110786179986,1.9140284585553022
1768910916.6195908,-1.5557604821353364,1.1917823357693598,1.9597795318927702
1768910916.6397014,-1.552091346046316,1.2132489727621927,1.9700153848080426
1768910916.6596527,-1.4072775349880393,1.4643122091804504,2.030921048794596
1768910916.679633,-1.4009755529752228,1.529519639234275,2.0741655736313764
1768910916.6997836,-1.5386699598802789,1.3024446097100064,2.015903570809038
1768910916.7196248,-1.2795096091129032,1.4651732972192582,1.945219172920267
1768910916.7396543,-1.2709362148325658,1.4666492949161105,1.9407058036835088
1768910916.7596366,-1.444909218401727,1.4034737435866749,2.0143240053078566
1768910916.7798471,-1.4398388110076237,1.3840988069384066,1.9972143873535881
1768910916.7997012,-1.3001444467834329,1.4351103483423229,1.936470318497297
1768910916.8197417,-1.2925047123875055,1.4174238989266446,1.918243712564261
1768910916.8396473,-1.4036778681304725,1.2979524894017027,1.9118033952850344
1768910916.8596416,-1.3983748065765642,1.3583131425804202,1.94947856950897
1768910916.8797684,-1.2792268373746207,1.5607511868014656,2.0180102994191227
1768910916.8998768,-1.2716938447700201,1.6627984832615006,2.093347565685809
1768910916.9197674,-1.366984726735918,1.593125476823336,2.0992131926111877
1768910916.9396546,-1.36145123083252,1.5930824414145723,2.095581332012384
1768910916.959578,-1.169288264304348,1.773790625310041,2.1245159984047333
1768910916.9795666,-1.266879545874362,1.663080855099646,2.0906510264398026
1768910916.9999373,-1.2598006540666864,1.6611685319922538,2.084844977370776
1768910917.0196047,-1.070396055800801,1.7462462880807044,2.0482001403450667
1768910917.0403488,-1.0595252810170246,1.6824058005653892,1.9882361778446427
1768910917.0596073,-1.0492391629644429,1.7246136661012343,2.0187112518637886
1768910917.0798273,-1.1603676268970418,1.7114577174431664,2.067738026962421
1768910917.0995955,-1.0338671286585228,1.7888450948287424,2.0661190703861845
1768910917.1196759,-1.0232755850790385,1.7701877698125852,2.04466566054524
1768910917.1395874,-1.1010003243873205,1.7518162545626854,2.0690727159892233
1768910917.1597588,-1.0921411104556116,1.8116919992017406,2.1154196049764726
1768910917.1797411,-0.9712795326943464,1.9753050040818505,2.201184633278578
1768910917.1998317,-0.9602493366103788,2.0769637149236444,2.2881995239860746
1768910917.2198915,-1.0676483531311334,2.0736008978579648,2.332315092250826
1768910917.2397294,-1.0589847583052743,2.154619507133921,2.4007986043908183
1768910917.2597544,-1.0194134726277007,2.025631747078669,2.267683355970989
1768910917.2797961,-1.08299600465027,1.8408525448553616,2.135794568302136
1768910917.2996554,-1.0751035474644768,1.8150886889385593,2.1095958348658637
1768910917.3196208,-0.9844464992883877,1.9343212906197387,2.1704224854405587
1768910917.340017,-0.9748085158560977,1.8891949902110152,2.125866729977203
1768910917.359604,-1.2218959222084171,1.8246092955001263,2.195957359771593
1768910917.3795962,-1.2172805459584692,1.7797610454866153,2.1562284912783616
1768910917.3999383,-1.0316474621014269,1.8675474846246167,2.1335487089326195
1768910917.4196415,-1.0237127982397967,1.8873650177977552,2.147122400723041
1768910917.439643,-1.0156070391349683,1.9846830801924251,2.2294449055185437
1768910917.4597194,-1.0075060877057274,2.0421755858385393,2.2771801949250925
1768910917.479658,-1.2671974807591333,2.034827206701474,2.397146473700516
1768910917.4996374,-1.2641456309512398,2.0508988833658117,2.409201196671677
1768910917.5197198,-1.0972162929861566,2.155701155780526,2.418869791168549
1768910917.539715,-1.0910028307913544,2.212694136533161,2.4670432745784945
1768910917.5595596,-0.869667473798474,2.308772882691919,2.4671347224739417
1768910917.57969,-0.8593065538371354,2.305950592424506,2.4608567386522897
1768910917.5995083,-0.9729083397192211,2.1665968305175194,2.375014202800432
1768910917.6197531,-1.1405054742013014,2.0545262245068776,2.3498576007642717
1768910917.6396067,-1.1359516777799668,2.048874356052461,2.3427062003461954
1768910917.659586,-1.2589447547205035,2.108148386586527,2.45544935099579
1768910917.6797361,-1.256793945827253,2.1228127933565317,2.4669546363697483
1768910917.6996148,-1.0923785646494704,2.220429384555189,2.474590386367362
1768910917.7196167,-1.0871066841249757,2.2362748700500648,2.4865088451655732
1768910917.7395954,-1.2754512476777018,2.0952532991343764,2.452929324855507
1768910917.7597156,-1.2738563622490728,2.167691251178234,2.5142783044199977
1768910917.779938,-1.1277145627114713,2.2943500911033015,2.5565176462323222
1768910917.7996542,-1.123372369847333,2.410031611212456,2.658988124903855
1768910917.8198204,-1.1189734202851076,2.4432545909796497,2.6873024600233757
1768910917.8396027,-1.182241531843629,2.350062091302049,2.6306818265595955
1768910917.8596022,-1.1791969647509735,2.3219018684173625,2.6041762168175078
1768910917.8796015,-1.270629869061211,2.2296069815321027,2.566251654894197
1768910917.8999722,-1.2693903206813308,2.1994923782046554,2.539511470346181
1768910917.919647,-1.2104062698792202,2.287181802831755,2.587717901427365
1768910917.9397879,-1.2080638357788542,2.238266618246085,2.5434731541086655
1768910917.959639,-1.1802918444908457,2.3879301935259747,2.6637003298653177
1768910917.9798253,-1.1774269402108812,2.361277596523718,2.638553787092312
1768910917.9996347,-1.1745233699707969,2.456622089279679,2.72295744295507
1768910918.020007,-1.1198713049299736,2.49588622862042,2.7356095857820475
1768910918.0396743,-1.1663355455561994,2.4917518706830135,2.7512117311977597
1768910918.05974,-1.1634257393822836,2.5458450730470643,2.799086741602558
1768910918.0796363,-1.0474425598366608,2.563274256648801,2.7690270549338516
1768910918.0998456,-1.042370625742815,2.555286387426829,2.7597146669864845
1768910918.1199987,-1.0493146958130106,2.5732278103058603,2.7789499266054873
1768910918.1397078,-1.0445540218059968,2.6284636438890265,2.828411962872004
1768910918.1598685,-0.9518124022640988,2.702564905237722,2.865275539302692
1768910918.179844,-0.9453895757512392,2.6576724410042596,2.8208126938193976
1768910918.1996198,-1.0428612798994399,2.644569157065031,2.8427637389718385
1768910918.219587,-1.0383689479625353,2.638754741918075,2.8357074355595904
1768910918.2397435,-0.9119389722434326,2.7687269450036496,2.9150440108316804
1768910918.2595823,-0.9565773818515302,2.6557345050254755,2.822758588447272
1768910918.2796488,-0.950637479145195,2.7473201845922324,2.9071428952535907
1768910918.2996056,-0.8213698732361197,2.7084697490117575,2.830275048466444
1768910918.319621,-0.8130867727367752,2.7805165948480886,2.8969609307384716
1768910918.3396442,-0.8048583602413544,2.792577473320917,2.906249460137557
1768910918.3597803,-0.9274735427443934,2.9442303349040735,3.086859154133889
1768910918.3796053,-0.8548691520456648,2.9462956285493616,3.0678101632806993
1768910918.4000208,-0.8478436157657496,2.918525403018659,3.039182344786171
1768910918.4196684,-0.9044059420862629,2.8914289707937733,3.029572841379867
1768910918.4396913,-0.8985246516186383,2.944017550359609,3.078081526924163
1768910918.459658,-0.7721461632356066,2.9187181051449453,3.01912654168393
1768910918.479735,-0.7639538547620894,2.9507351674959605,3.0480261680148466
1768910918.499633,-0.8184981250038046,2.9385269835105627,3.0503901411875876
1768910918.5199203,-0.8113065778868451,3.0483061398438887,3.154423669314636
1768910918.539846,-0.708851656531535,3.092793378223349,3.1729862198486924
1768910918.5600219,-0.6999123425913609,3.1424902771025955,3.2194910201763376
1768910918.579613,-0.8214735149239836,3.0022849412906485,3.1126409372785284
1768910918.5996475,-0.8152104157371092,2.9707703606931615,3.0805915921944678
1768910918.6199183,-0.7883659843373447,3.0442097169284406,3.144635706389808
1768910918.6396282,-0.8154059873088011,3.0232831569847134,3.131314096580938
1768910918.6596541,-0.80930788879028,3.0731110035831897,3.1778908884985744
1768910918.6796787,-0.7469926982042807,3.0800998875784993,3.1693869136840327
1768910918.699765,-0.7397354837372614,3.1486010757135503,3.2343310467366395
1768910918.7196403,-0.8601052769191986,3.1454388243760274,3.2609149767015233
1768910918.7397032,-0.8553412129489049,3.1932216058682847,3.3057938252034007
1768910918.759595,-0.781839692585252,3.1611667265613024,3.2564164933282265
1768910918.779708,-0.7757137603633542,3.2282524003853785,3.3201423762560265
1768910918.799679,-0.7185952667932991,3.197405724094735,3.2771607409358956
1768910918.819772,-0.7116005960328362,3.183715438677204,3.2622721227307006
1768910918.8396523,-0.643414764677317,3.122779671072351,3.1883750459234728
1768910918.8599184,-0.7804115268202629,3.1616105980592817,3.256504832631867
1768910918.8795815,-0.7751035674220921,3.1686426601937407,3.262067112772225
1768910918.899648,-0.715346567437221,3.068701814554972,3.1509762833441304
1768910918.9196665,-0.7088792872946819,3.090369982421379,3.1706302957308865
1768910918.9399335,-0.7024389954382881,3.0516775106518246,3.1314782725304786
1768910918.9595912,-0.6967237738225185,3.3122104189622137,3.3846952413018423
1768910918.9796956,-0.5891574937527508,3.2074766924467015,3.261136808696295
1768910918.9996843,-0.5807311802233253,3.2427413223382295,3.2943314932294636
1768910919.020001,-0.5516260630407039,3.1734706753704884,3.2210568825871753
1768910919.0395849,-0.5427410702717586,3.299648286346269,3.3439866451509044
1768910919.059846,-0.5016060175343293,3.2525610894207873,3.291012342310613
1768910919.0798283,-0.49218452167116133,3.3194772240642223,3.3557673704316553
1768910919.099584,-0.596147356351489,3.2571362387026133,3.3112426893773095
1768910919.1196177,-0.5888247794933088,3.28142596230391,3.333837273627416
1768910919.1395943,-0.5089022781351975,3.2149518262685106,3.2549803031536806
1768910919.1596723,-0.5003558268974793,3.1675963839233727,3.2068711862116768
1768910919.179635,-0.5792628466260386,3.2927975261674653,3.3433607334261555
1768910919.199553,-0.5724059631822431,3.2469025840905275,3.296972092278055
1768910919.2197342,-0.46315930163592256,3.264507213285029,3.29719940013974
1768910919.2400932,-0.525602290111677,3.2899496846965945,3.33167025607365
1768910919.2595952,-0.5180424958064371,3.3417518125131522,3.381667222524461
1768910919.279635,-0.5106280641491718,3.276571830148862,3.3161218279824696
1768910919.2999167,-0.4357283986241596,3.313073451019987,3.3416036463382457
1768910919.3196037,-0.4271633772955692,3.248171050188752,3.276138538307997
1768910919.3396165,-0.41824062355117864,3.257816615383586,3.284553899490438
1768910919.3602946,-0.3671237196724073,3.2032588781208684,3.2242281659036274
1768910919.379827,0.07809118108609958,1.6607164747640635,1.6625514855535153
1768910919.399629,0.17805002270604486,1.5119895520270372,1.5224369333488148
1768910919.4196186,0.19788570318037113,1.4497493515586868,1.4631923776004379
1768910919.4395957,0.21591724737924078,1.508773728209114,1.5241451442201488
1768910919.4596746,0.2355465237376988,1.3899277841649091,1.4097451578347373
1768910919.4795947,0.16471015622132246,1.3562768805342351,1.36624171076502
1768910919.4996176,0.18273573515171648,1.2794963923980731,1.2924795422215094
1768910919.5197062,0.30797489632564634,1.3626601073779376,1.3970293858777791
1768910919.5396447,0.23419533532236336,1.3676316626070193,1.3875387632970815
1768910919.5597343,0.25270468968824655,1.3616188885983043,1.3848702675623137
1768910919.5797703,0.3564991061302516,1.3677312809354145,1.413428622011348
1768910919.5996506,0.37662408927310054,1.3710381888799716,1.421826789727942
1768910919.6196485,0.417173876286304,1.382546249037965,1.4441150140430945
1768910919.6396031,0.4377865543168751,1.395417794624077,1.462480047280702
1768910919.6595833,0.5132771656436459,1.265557667725787,1.365682854512975
1768910919.679632,0.5350335290142496,1.2706296745032848,1.3786807632290246
1768910919.6996884,0.5562726246465166,1.1426818102984555,1.270889827057436
1768910919.71962,0.4546280027095797,1.2412487780514905,1.3218869656146928
1768910919.7395735,0.8866313633933771,0.9636649446951395,1.3094904734999355
1768910919.7595925,0.9137786211925469,0.9005907504981625,1.2829867764055074
1768910919.7798421,1.1158653183502114,0.8246236529592768,1.3875011991766784
1768910919.7996693,1.1460786139059556,0.7499805363572953,1.3696594445946673
1768910919.819745,1.0903042654476156,0.940853663826621,1.440128122074297
1768910919.8397357,1.119071768118375,0.8696137366250944,1.417233104724359
1768910919.859581,1.0649901480762516,0.805405669124724,1.3352461598363505
1768910919.8797224,1.092206556002301,0.7326143041563373,1.3151573592649977
1768910919.8996286,1.3317383520673758,0.7655835193184934,1.5361136557622355
1768910919.91971,1.3631669382203304,0.7102965481637877,1.5371224049471084
1768910919.9396894,1.220739502408354,0.8941908662306837,1.5132026427384326
1768910919.9597745,1.2489673921503455,0.8287776743446216,1.4989302786143572
1768910919.979665,1.4332343510643204,0.8796819743010396,1.6816661621680262
1768910919.9995944,1.464345615186497,0.82158620254231,1.67908069160592
1768910920.0195975,1.4873398010376553,0.8120509256824864,1.6945814792014324
1768910920.0396101,1.6358493372922496,0.8174833661269005,1.8287378456776302
1768910920.059591,1.6690646986821802,0.7571522449156358,1.8327728965607888
1768910920.0797098,1.7021269627676698,0.6545798866435923,1.8236532086389208
1768910920.0996342,1.781830983509682,0.28451814486918536,1.804403565878455
1768910920.1195843,1.8227218457589753,0.6368887341580987,1.930787970416356
1768910920.1399326,1.8571046708502106,0.542968386146736,1.9348520426245672
1768910920.159818,1.9758222397727714,0.1958613507125495,1.9855062809982835
1768910920.179702,2.011633197667871,0.13996818577566827,2.0164967679093353
1768910920.1996603,1.9210802045721032,0.3139527011027283,1.9465650389669729
1768910920.2196317,1.9543469903619153,0.2234702940697968,1.9670818821463223
1768910920.2396846,1.8955949571646498,0.2799541188936647,1.9161561915234306
1768910920.2596533,1.927112977727882,0.19629960286195036,1.9370849137327417
1768910920.2798295,2.0460490323824914,0.2761449031943872,2.0645998766040763
1768910920.299818,2.079570006745347,0.20814951561725792,2.0899611560520786
1768910920.3195972,1.9937305249855166,0.1971941715287464,2.003458746154742
1768910920.3396177,2.101492602892348,0.04527376522135995,2.101980226792958
1768910920.3595803,2.13392832553967,-0.04407358731770472,2.1343834190790534
1768910920.3797061,2.0756349788896626,0.11579280346974485,2.078862318414972
1768910920.3995857,2.106283653277898,0.03540409365225017,2.1065811823694394
1768910920.4196794,2.0925120605765963,-0.08984373825672165,2.094439930139429
1768910920.4399083,2.1223240287102776,-0.17802784453877862,2.1297777340070363
1768910920.4599268,2.15261961118445,-0.26484866750702807,2.1688513105181144
1768910920.479941,2.2764337069239886,-0.18100223359694212,2.2836182322329566
1768910920.4996293,2.1328481926202096,-0.24031061268190257,2.146343542709518
1768910920.5197623,2.161612309763621,-0.31744056837824175,2.1847966248998825
1768910920.539603,2.2362274431115488,-0.19144919066320654,2.2444077102725366
1768910920.5601,2.265886804120747,-0.27050337257183443,2.2819761356467487
1768910920.57955,2.227730922678396,-0.45725864299175356,2.2741746921571786
1768910920.5999472,2.1958703405849898,-0.2807473595233816,2.2137447080772863
1768910920.6195903,2.2219429079309503,-0.3781046862064841,2.2538840786153913
1768910920.6396139,2.2904925791615733,-0.2719516441058083,2.306580575641373
1768910920.6597822,2.3178250520142516,-0.3682177442019423,2.346890981466765
1768910920.6796474,2.2362331737387784,-0.3962597811482951,2.271070369117942
1768910920.699635,2.2615543675761174,-0.49011763669725994,2.314053468549143
1768910920.7199562,2.266968637708798,-0.40735038436375604,2.303276175363385
1768910920.7399628,2.2917012991001204,-0.500504272613501,2.345719371792276
1768910920.7596622,2.1879869939349783,-0.6022654592166248,2.2693635162736787
1768910920.779635,2.210539899475677,-0.6926162647843093,2.316506839492969
1768910920.7996168,2.21537427963705,-0.6407136745285342,2.3061650443117108
1768910920.819834,2.2377026996796747,-0.7287625914865536,2.3533823078505334
1768910920.840272,2.260615449000367,-0.8215201555316831,2.4052603963404735
1768910920.8597376,2.2518057626126575,-0.7529773536701612,2.3743639332831203
1768910920.8798907,2.1459902341571704,-0.6309683227612517,2.2368270182171206
1768910920.8996656,2.1650070973060638,-0.718937102765107,2.2812554195262558
1768910920.9196343,2.164641384697232,-0.7049214250736462,2.2765294946193446
1768910920.939744,2.1807990851944297,-0.7128905787047906,2.2943621395043357
1768910920.9596667,2.199270494949338,-0.8006249621516517,2.340468124110012
1768910920.9795663,2.198288930591217,-0.7094190152725517,2.3099241462849283
1768910920.9996014,2.216553829721887,-0.7944413232594023,2.354622665345111
1768910921.0195837,2.1679674059748333,-0.8405429597031144,2.3252086230004654
1768910921.0403051,2.1854661314942216,-0.9274653652463556,2.3741217777611734
1768910921.0596025,2.1672475221630565,-0.8441666606812248,2.325850204404316
1768910921.0799916,2.183650826451169,-0.9255601156707023,2.371706655465898
1768910921.0995796,2.164978495064375,-0.844333270779515,2.3237965823704188
1768910921.1196682,2.1805660656506074,-0.9223523431453735,2.3676153005868015
1768910921.1396592,2.147461020722357,-0.862600176353638,2.314231600287066
1768910921.1596456,2.1621015822622702,-0.9379029613889358,2.3567658383902184
1768910921.1797028,2.1190548097737905,-0.8913666645415006,2.2988970871879575
1768910921.199773,2.132704986066079,-0.9649475983684326,2.3408448101461405
1768910921.2196417,2.1044252138592867,-0.908481746772992,2.2921484604943045
1768910921.239809,2.119926399538447,-0.8845556544848705,2.2970691424816105
1768910921.2595313,2.1325365261501874,-0.9525198395758778,2.3355954444531624
1768910921.279735,2.1453079640598007,-1.0217797886761737,2.376211311564174
1768910921.2996356,2.1071482490170386,-0.902376255250509,2.2922383491634335
1768910921.3198853,2.1219007061289696,-0.8830905352358158,2.298327979226137
1768910921.3400667,2.1339472701101867,-0.9476919663990131,2.3349199161401546
1768910921.3601816,2.1120646652562884,-0.9036629932578357,2.297264450516716
1768910921.3796117,2.1229613950572253,-0.963600268729202,2.3314138548954175
1768910921.3997731,2.1340739965590334,-1.0252098382662815,2.3675571873277783
1768910921.4199092,2.127612645653919,-0.8788965779549365,2.3019979940667556
1768910921.4396079,2.1206729396750896,-0.8847114748787526,2.297818119619637
1768910921.4596727,2.1311361147270613,-0.9415146545889748,2.3298478457400926
1768910921.4796906,2.113642795905591,-0.8898079421310321,2.2933041757610493
1768910921.499679,2.123488245889117,-0.9442472854594115,2.3239632670347237
1768910921.5198176,2.1115704356310188,-0.8887376581207178,2.2909789020401012
1768910921.5396836,2.1209272470096323,-0.9407562495916366,2.3202057469658977
1768910921.5595908,2.1188327619289744,-0.8876165069292838,2.2972408094052548
1768910921.5797205,2.128021964276625,-0.937947503339899,2.325558642448153
1768910921.599554,2.1327440689422295,-0.8883942634839954,2.3103769456518406
1768910921.6195996,2.1395890813224527,-0.8881713556783879,2.3166117054788966
1768910921.639621,2.1486159126881317,-0.9357107023400069,2.3435240256353853
1768910921.659672,2.1576319052792643,-0.9831074722170783,2.371049501931177
1768910921.6798956,2.164200327515629,-0.8853746128640836,2.33830093502162
1768910921.699652,2.180428654693392,-0.8808535549955714,2.351631795914567
1768910921.719622,2.1894385281260416,-0.9246415349475825,2.376678993173657
1768910921.739584,2.171640317652055,-0.9127971637663883,2.355678316628117
1768910921.7597525,2.1801799889870477,-0.9553772867482238,2.3803215212264837
1768910921.7796242,2.1838474355752187,-0.9030200539401463,2.363183200618717
1768910921.799922,2.1923606664492707,-0.9441526948015699,2.387021072989293
1768910921.81977,2.1968710400794897,-0.8864696228694804,2.368980953703575
1768910921.8396947,2.205183416028013,-0.9249570019817703,2.3913133115173513
1768910921.8598607,2.2033612395184816,-0.8737843198200892,2.370295295817775
1768910921.87967,2.2114245997280033,-0.9104532668170755,2.391510801008443
1768910921.8995776,2.2060741412919063,-0.8576780393947203,2.3669336146450735
1768910921.919655,2.179063192513535,-0.8791004496938335,2.349709343220812
1768910921.9395847,2.186136658948512,-0.9142082273579142,2.369592828856355
1768910921.9595997,2.1932787096318513,-0.9492895773132446,2.38990003969202
1768910921.9795997,2.157609764774672,-0.8260384044396005,2.310328838641836
1768910921.9995844,2.150349069890936,-0.8097509221110322,2.297759273344464
1768910922.019746,2.1563201534938408,-0.840978139744653,2.3145109280131035
1768910922.0396023,2.1002993405729304,-0.8005734986424038,2.2477044393646657
1768910922.0596137,2.105165613789671,-0.8302759527918546,2.26298042838794
1768910922.0796347,2.083651211036237,-0.7689167438124507,2.220998723135139
1768910922.09963,2.088004340527797,-0.796858726292843,2.2348928286904433
1768910922.1196926,2.0452222861456315,-0.7252543455080094,2.170006466678156
1768910922.139727,2.0486867840229968,-0.7511974295925121,2.1820667077926115
1768910922.1596375,2.035433814453495,-0.7040724892851138,2.1537662090368217
1768910922.1797478,2.0385523510518038,-0.7286898361592051,2.1648751846932344
1768910922.1996174,2.02695059051345,-0.6852302387392548,2.139642301055361
1768910922.2196963,2.0297249275618503,-0.7086149098566317,2.149864733427915
1768910922.2397232,2.019147212055107,-0.6680207223554113,2.1267832869021133
1768910922.2597306,2.010026518609327,-0.6460117691294265,2.1112881876632716
1768910922.279577,2.012104510512734,-0.6672887568799162,2.1198676482941177
1768910922.2995448,1.9748239387660655,-0.6682377717824366,2.0848192508609165
1768910922.3196805,1.976216748170872,-0.689229351812223,2.0929571747053384
1768910922.339648,1.9778268640779455,-0.7100138234615976,2.1014087498092695
1768910922.3596225,1.9586086741312947,-0.6487365583721427,2.0632515747118383
1768910922.379518,2.0946988605727306,-0.7488652789070791,2.2245364736136093
1768910922.3997397,2.098351045622471,-0.7698565744150372,2.235118846020268
1768910922.4196007,2.094519117189405,-0.748935950462041,2.2243910155740076
1768910922.4397004,2.0981799167506257,-0.76900280476994,2.234664242520495
1768910922.4596763,2.106820766697293,-0.7614062255806111,2.240185970704192
1768910922.4796064,2.1105567564197676,-0.780834321698066,2.2503670945005414
1768910922.4995792,2.1614247427292517,-0.8082925305310589,2.307616461501892
1768910922.519742,2.1660204074724803,-0.8279804577786223,2.3188781865485186
1768910922.5397816,2.0773875132518684,-0.6969148670835565,2.1911707400786624
1768910922.5596066,2.0802212600049295,-0.7134769921676245,2.199174824548757
1768910922.5795782,2.090963152932412,-0.7182566073895593,2.210886578045064
1768910922.599737,2.1055028182510425,-0.7473427522738021,2.2342030585958974
1768910922.6196022,2.1085432360851932,-0.7640701811409443,2.242712157221558
1768910922.6396718,2.110695840527274,-0.7724883773989255,2.2476154529713397
1768910922.6596878,2.11382475182878,-0.7890795120103249,2.2563026299054956
1768910922.679587,2.101461847633825,-0.7972598728879241,2.2476132233945054
1768910922.6996589,2.104360073086278,-0.8136947604747036,2.256198236065189
1768910922.7198026,2.107307081159786,-0.8302095603127171,2.264948354453322
1768910922.7396412,2.1223770210570994,-0.7795579696422408,2.2610163306672377
1768910922.7596238,2.1214287429407666,-0.7842551942679776,2.2617506761602932
1768910922.77962,2.1245062766408633,-0.799178051618366,2.2698485583128565
1768910922.7996752,2.1165603978207104,-0.798128496618812,2.2620426642170055
1768910922.8196797,2.119316749971655,-0.8128329175211029,2.2698459944490255
1768910922.8398607,2.100011972048028,-0.837877338746047,2.260992861008014
1768910922.8595598,2.1172576053283914,-0.8150322564898289,2.26871270689786
1768910922.879623,2.119790649119249,-0.8292401996857173,2.276214336319894
1768910922.8996935,2.132239900543075,-0.8078781923055587,2.280156610207036
1768910922.9196568,2.1350770625912574,-0.8213501435842652,2.287612318896977
1768910922.9396136,2.138051288073311,-0.8346976156408132,2.2952087965996477
1768910922.959711,2.1297987880266858,-0.8406339533696503,2.289696119802326
1768910922.9797637,2.1300807321462605,-0.8669361953769155,2.2997439623391447
1768910922.9998765,2.1327982775311485,-0.8804033019041277,2.307366131900944
1768910923.0195901,2.1304909687264457,-0.8965619139105279,2.3114530134311315
1768910923.0396116,2.133051614834981,-0.9100959367569459,2.31909115940957
1768910923.0596597,2.156270571793648,-0.8847206058945751,2.3307151969465876
1768910923.0796971,2.1591140229357437,-0.8975746043699111,2.33825010091897
1768910923.0997453,2.151039194516814,-0.9386948605103278,2.3469379321780215
1768910923.1195858,2.1536754647669127,-0.9519377882021693,2.35467695451971
1768910923.1399333,2.167910435228288,-0.9427576452669193,2.3640278409699267
1768910923.159605,2.1708129091929935,-0.955471005809919,2.371782774552165
1768910923.1797678,2.1779229111545737,-0.9536114182861617,2.377545571386121
1768910923.1997418,2.1683958387405564,-0.9784382446395945,2.378924528445737
1768910923.2195776,2.171155989148616,-0.9911597087053678,2.386695602161452
1768910923.2395802,2.1842010715642752,-0.9650354079421142,2.387891886079546
1768910923.259688,2.1871717409476243,-0.9770631176385436,2.3954900459508095
1768910923.2796597,2.190220313801853,-0.9891545166161784,2.4032252663311597
1768910923.2997396,2.1679706372218925,-0.9997160142891559,2.387368591793587
1768910923.3196168,2.180766800980483,-0.9851796805614867,2.392973640316559
1768910923.3402233,2.1834002047463104,-0.9967172163397322,2.400142009014103
1768910923.3596022,2.179574685483569,-0.9918946371764008,2.394660890577224
1768910923.3796542,2.1820349324511294,-1.0030107342353851,2.401521804903801
1768910923.3997211,2.153469632866189,-1.0287806222242253,2.386591927485908
1768910923.4196985,2.1553554067951195,-1.0401291572677032,2.3932040434111292
1768910923.4397995,2.133814943736586,-1.0371882138607695,2.3725356910034594
1768910923.4596882,2.1353546368539025,-1.0482120020524164,2.378757622453409
1768910923.4798365,2.136946144122571,-1.0593900375106848,2.385130200734797
1768910923.4996686,2.1379123992899087,-1.0130349016111495,2.365778759503907
1768910923.5196407,2.1244137971063353,-1.0220406964490323,2.3574777128392497
1768910923.5398154,2.0906105253385787,-1.047187076214648,2.3382158029676026
1768910923.5598316,2.091120282108485,-1.0573691854598941,2.343248520453089
1768910923.5795927,2.04560540571876,-1.0156383456935316,2.2838613629441054
1768910923.5999434,2.0451666302458964,-1.0249417244615415,2.287621490547235
1768910923.6196275,2.03405079559617,-0.9979412765908187,2.265667546351213
1768910923.639587,2.033374734434714,-1.0063495336841086,2.268777687342607
1768910923.6595907,1.945285507064133,-1.0266393336529838,2.1995736008138493
1768910923.6796782,1.9430618142755236,-1.0353651233105943,2.2016971073841316
1768910923.6996636,1.9304351728276314,-0.9956102313374515,2.172054255591665
1768910923.7196393,1.9281044527416746,-1.0034859501801883,2.1736077918730663
1768910923.7396243,2.0556876097972028,-1.0829769599142232,2.323508262257483
1768910923.7597463,2.0558519097178003,-1.0922412944495328,2.3279858504705557
1768910923.7796273,2.0770735884569875,-1.0987567377536074,2.349787450095122
1768910923.7996535,2.0775473592903415,-1.1078867749924157,2.354488508423298
1768910923.8195925,2.067420826743078,-1.1278315726268033,2.355044146309126
1768910923.8395748,2.067591125478665,-1.1391041005614468,2.360612465881267
1768910923.8602765,2.0450671490416594,-1.208794994200879,2.3756020251916112
1768910923.879578,2.086315024445307,-1.2064278459874807,2.4100162922271324
1768910923.8998024,2.0869371783392117,-1.2231928288786023,2.4189889381628986
1768910923.9196317,2.1469873967045743,-1.2736759269224187,2.4963583974321413
1768910923.9396844,2.1487396658588116,-1.2940857152497323,2.5083341065433147
1768910923.959557,2.0173086840814705,-1.1876943735841756,2.3409725013152163
1768910923.9795847,2.0165698030731534,-1.2054869438780074,2.349415361856399
1768910923.9996004,2.027567873856352,-1.2162211182180869,2.3643657271018843
1768910924.0196679,2.027055998353351,-1.235409508372161,2.373856076900334
1768910924.0396008,2.044459187975886,-1.2194797135003697,2.3805344238086463
1768910924.059738,2.0443879648899523,-1.2331745739201203,2.387517891189499
1768910924.0796945,2.0407932093677745,-1.2465406343575403,2.391380454153232
1768910924.0997171,2.040565699161607,-1.267720471791403,2.4022954787440103
1768910924.1198313,2.046760503495473,-1.2501870644152433,2.3983736686972374
1768910924.139861,2.046661755651998,-1.2723370138487802,2.4099099192414126
1768910924.1597342,2.0556019693085394,-1.2592633715317696,2.4106521306706004
1768910924.1796649,2.0556853049627577,-1.2826555549896632,2.423024421211158
1768910924.199569,2.049533164038409,-1.294088740334228,2.4238918825626525
1768910924.2195818,2.0496444639981917,-1.3025873923173172,2.428533784698591
1768910924.2395773,2.0285926148060964,-1.3656357605395826,2.4454343228372255
1768910924.2596982,2.0450455882868983,-1.359897327393881,2.455917791625918
1768910924.2795799,2.044788028572434,-1.4157340146453237,2.487058680855139
1768910924.2998166,2.0447337639979253,-1.4413028595053525,2.5016574702487606
1768910924.3198586,2.0553113838661314,-1.466619250558061,2.5249310704962227
1768910924.3398237,2.078306678965798,-1.4653326826098478,2.542942886216365
1768910924.3597455,2.0789050305827415,-1.4971284455817049,2.5618820637867232
1768910924.379626,1.9817551393719768,-1.3349726226526357,2.3894571215360405
1768910924.3999012,1.9804870742235297,-1.3598136192097954,2.4023784319201082
1768910924.4195848,1.97900535742325,-1.3406031674097427,2.390330323862993
1768910924.4396846,1.977662820668983,-1.3872038050841766,2.4156747771785043
1768910924.4598515,1.9456154353745427,-1.427262767316595,2.412985376941994
1768910924.480028,1.9436815052119671,-1.4776267608256468,2.441572984371172
1768910924.499817,1.956317812110096,-1.4551447042946428,2.4381602679922367
1768910924.5196853,1.95472307417569,-1.502244156672372,2.465295074219544
1768910924.53962,1.926791826950014,-1.5162556768495499,2.4518478790454883
1768910924.559606,1.9247096759957278,-1.5595234544135987,2.4772203660025287
1768910924.5795658,1.9339224328209372,-1.5410738928663434,2.472845470190622
1768910924.599711,1.9321126668425181,-1.5571408495718355,2.481480804434845
1768910924.619682,1.9204745950292628,-1.504782658171024,2.439793745070485
1768910924.6395295,1.9284774869728523,-1.4817239430623204,2.431980933561215
1768910924.6596699,1.9266071396629867,-1.5341075273962126,2.4627831768578647
1768910924.6798205,1.9465731443259973,-1.469609060865615,2.4390362436809987
1768910924.699709,1.9451597504704337,-1.5230270747586196,2.4704772667033383
1768910924.7196276,1.9075239423448274,-1.5702268037346183,2.470680029017393
1768910924.7397833,1.9053924776802447,-1.635248723038785,2.5108880660436537
1768910924.7600136,1.9398499357089314,-1.588154639989817,2.5070406725043632
1768910924.7799466,1.938386811339683,-1.6726093488091003,2.560266678316778
1768910924.7998037,1.9575431667429042,-1.6499625133371048,2.5601467819403507
1768910924.8198488,1.9565156386470903,-1.7104602476484985,2.5987742693539957
1768910924.8398979,1.8335198844141534,-1.5979739108760853,2.4321422216603
1768910924.85963,1.8301468766630968,-1.7079627905104253,2.5033127019866788
1768910924.8796573,1.8504000979008106,-1.6641236074781762,2.4886317331573005
1768910924.899683,1.8577779854077665,-1.6079851489701689,2.457021628389615
1768910924.9195645,1.85511407207383,-1.6496766197192994,2.482515089592577
1768910924.9396806,1.7964619798696662,-1.6279196972716328,2.424334586207565
1768910924.9597807,1.7926838685217383,-1.659631975292566,2.442968224490767
1768910924.9796045,1.7889919332354989,-1.692364674246905,2.462638895132723
1768910924.9996626,1.786258880383123,-1.6531875043629611,2.4338754512771197
1768910925.0198433,1.8127801400572157,-1.5415823092524334,2.3796318732917334
1768910925.0400777,1.8095418482322998,-1.6499902842087728,2.4488588441327757
1768910925.0597672,1.7692351943936373,-1.698844413665677,2.452807679970888
1768910925.0797176,1.76533919222598,-1.8017678568954878,2.522457110388764
1768910925.0996246,1.7614771781350855,-1.8598959317137354,2.561642973932169
1768910925.1196957,1.828279122726114,-1.788371133840819,2.557513609533929
1768910925.1396286,1.8006883297331333,-1.8399559346421963,2.5744739855477543
1768910925.1597493,1.797612278284416,-1.9368241359351188,2.642479448657966
1768910925.179643,1.7545589496139442,-1.7100534437427015,2.450053037819112
1768910925.199814,1.7507696422738341,-1.753731406568292,2.4780573412840248
1768910925.2200608,1.7169990999551654,-1.773272970072144,2.468315809542071
1768910925.2396688,1.712726886231163,-1.8058194126472245,2.4888586014301137
1768910925.2595613,1.7242311391522627,-1.7564374623203367,2.461309728633236
1768910925.27983,1.7201985917518217,-1.7608341048202991,2.461629529349056
1768910925.3000388,1.5908774467224083,-1.76204042292507,2.3739581930842775
1768910925.3197272,1.58445274344506,-1.8356595489900371,2.4248992713118795
1768910925.3398414,1.6086771189834463,-1.8399477239454871,2.44402326093535
1768910925.359915,1.6027061528407538,-1.9578232334250938,2.5301657703978013
1768910925.3795643,1.5968237705644732,-2.0499381630984033,2.598478906354061
1768910925.3997197,1.4994445336271989,-1.8347091202403192,2.3694918158367826
1768910925.4196188,1.4917125228694648,-2.000069336190121,2.4950919022059237
1768910925.439756,1.5147186650545903,-1.8194604846153677,2.3674478007638413
1768910925.459559,1.5076046826745948,-1.9564201865167732,2.46990927473717
1768910925.4796705,1.5406575160361733,-1.7877759401760898,2.3600356764234
1768910925.4996634,1.5343563267610092,-1.847090795392635,2.4012483719714908
1768910925.519634,1.5143561099492784,-1.7786517943672404,2.3359958547365864
1768910925.5398598,1.5076717100486654,-1.8856239719712846,2.4142600831215
1768910925.559651,1.4519785257253242,-1.913746124713473,2.4022210283450858
1768910925.579749,1.4443683347140501,-2.0246758147284485,2.487068965885535
1768910925.5998013,1.468988369761,-1.9366977048823184,2.430786874777285
1768910925.6197426,1.462066987127499,-2.032594426809414,2.503813087821208
1768910925.6397183,1.477468598640307,-2.038801152268949,2.517860917219485
1768910925.6596634,1.4708824583602995,-2.188296926219893,2.636690850975038
1768910925.6797686,1.4751304294270575,-2.0631277541203925,2.536238536424267
1768910925.6996248,1.4688867616224437,-2.10866658647517,2.5698449547368645
1768910925.71966,1.4876599572083196,-2.0691246773770775,2.548413051059787
1768910925.7397664,1.4819284694462391,-2.0789567832467224,2.5530713454901397
1768910925.760214,1.4663917341252652,-1.9585810485185569,2.446700725778891
1768910925.7796626,1.4606110907129333,-2.0223712073868345,2.4946683264075222
1768910925.799579,1.4353524245203735,-2.175692885493394,2.606506496167444
1768910925.8195887,1.4141132568751251,-2.0390724340751145,2.4814376265937024
1768910925.839815,1.4073481925589917,-2.194840106208325,2.6072882515977462
1768910925.8596163,1.3724817047586013,-2.0659483124427123,2.480292010949914
1768910925.8796735,1.3652013619075385,-2.2238503849557976,2.609460728430732
1768910925.899606,1.3990394572405576,-2.1395075906493783,2.5563262963405635
1768910925.9197178,1.3925563832399455,-2.260748869876508,2.655221032823864
1768910925.9398327,1.456578773119869,-2.2119653994255337,2.648473645434129
1768910925.9597967,1.4516175678283672,-2.2556715122938638,2.6823958571773163
1768910925.9796293,1.4590413044197268,-2.1566575846608718,2.6038382179924473
1768910925.9996655,1.45431505494565,-2.158306103985371,2.6025598009540687
1768910926.0196333,1.455153355687421,-2.057102880604651,2.51975069202497
1768910926.0396187,1.4504741870684663,-2.1187473559233894,2.5676771069556783
1768910926.059533,1.3919465085754128,-2.226765005970801,2.626023129096814
1768910926.0798252,1.4280666183840394,-2.1886578486430732,2.6133498512387794
1768910926.0999532,1.4230749588552074,-2.3136571969081956,2.7162753842947955
1768910926.1198387,1.4182027054475972,-2.442513239729286,2.8243884010510554
1768910926.140302,1.4482173938896645,-2.240518788016632,2.667818970511322
1768910926.159579,1.4653733057140812,-2.3527588221009292,2.7717851648483087
1768910926.1795468,1.461628429833575,-2.3728209713296913,2.786868678082938
1768910926.1995971,1.513959750118599,-2.319572507181162,2.769926125558202
1768910926.219659,1.5113127607567414,-2.270572676798671,2.7275568814326943
1768910926.2395735,1.577663424969141,-2.255433437116217,2.752453791028513
1768910926.2596414,1.5763145959854583,-2.250101407077703,2.7473121496564343
1768910926.2797773,1.4596194741283295,-2.3401731343841883,2.758060787609326
1768910926.2996023,1.4560234533914862,-2.4511662261636813,2.851003361118954
1768910926.3196537,1.4912057901333649,-2.2697035147819173,2.7157409216529955
1768910926.3396466,1.4883205853187045,-2.378614949693409,2.8058701401861756
1768910926.3597825,1.5063841955530988,-2.343345207341728,2.7857602383162128
1768910926.379699,1.5039057691779325,-2.4777528609706163,2.898446446394127
1768910926.399748,1.555898614470518,-2.4012812497123184,2.8612885451717784
1768910926.4196572,1.554446374959741,-2.560199057305719,2.9951498703161037
1768910926.4396482,1.5087208066643711,-2.3220623771755404,2.769153689479172
1768910926.4596074,1.587041308547965,-2.229737869317118,2.7368651923148275
1768910926.479674,1.5864018330696101,-2.1878365597906484,2.7024617644516638
1768910926.499571,1.5857049434354584,-2.241624689105631,2.745786119573695
1768910926.5198805,1.5850426945168117,-2.2221260009676786,2.729506238794431
1768910926.539735,1.4803224601053557,-2.316215003807587,2.748855494520538
1768910926.5598278,1.477660926672173,-2.3226454226445856,2.7528464493221394
1768910926.579706,1.5768338524464296,-2.31187763714933,2.7984251298493263
1768910926.5999515,1.5761766286881986,-2.2667193070016864,2.760860224922135
1768910926.619596,1.5953765765396302,-2.1296770644591376,2.6609680230800596
1768910926.6396668,1.5950604225140266,-2.152310751654305,2.678928764106531
1768910926.6596134,1.6506450334887788,-2.0924157718094776,2.665114029211175
1768910926.6796134,1.6513416562400254,-2.184038157184091,2.738056233474694
1768910926.6997836,1.641443847225669,-2.2537272699402915,2.788122040167454
1768910926.7198174,1.6419775072247766,-2.2713429213661147,2.8026931335185536
1768910926.7398112,1.6897075681343798,-2.0819322523351422,2.681334288954639
1768910926.7596517,1.6911522737899007,-2.094978216998441,2.6923836544673043
1768910926.7796035,1.6152166189768735,-2.0618801961592843,2.619212604874398
1768910926.799724,1.6144658723909817,-1.9428996145087016,2.5261351834716277
1768910926.8195715,1.614379372978199,-1.9782946146340534,2.5534036778753926
1768910926.8398552,1.6143110653731467,-1.9632265469438561,2.5417038951088067
1768910926.8596978,1.7164359289227233,-2.1137272054039364,2.722865218287814
1768910926.8796062,1.7182416228699946,-2.197666112045388,2.7896398718464726
1768910926.899613,1.2737403528893685,-2.0375364821592576,2.402908529825606
1768910926.919579,1.2670440131415166,-2.092648712173575,2.4463399526229956
1768910926.9397242,1.2603119875317796,-2.1716048231091625,2.510827316576606
1768910926.9597068,0.7942769762724469,-1.9304583650842808,2.0874734523725986
1768910926.9796765,0.7635224764511532,-1.9017716193769783,2.0493174142415898
1768910926.9995847,0.7477667510012829,-1.9491909549877198,2.087702204077237
1768910927.0195727,0.6902831195120944,-1.893314433363413,2.0152246347902683
1768910927.0396528,0.673758960808426,-1.8669043527863196,1.984762706149568
1768910927.0596054,0.6309971214251417,-1.9341753829065764,2.034500375789746
1768910927.079572,0.6140203232247057,-1.8849006361245058,1.9823903161071834
1768910927.0996134,0.534063705115913,-1.8527968610685415,1.9282324158429598
1768910927.119729,0.5158814747192961,-1.8029723539725286,1.8753247732453695
1768910927.139637,0.5038723539449057,-2.0132780679798676,2.075373683961211
1768910927.1598234,0.48553043084859127,-2.108802442365377,2.1639749398286012
1768910927.179669,0.580239697316002,-1.9749150674208344,2.058389571938996
1768910927.1995509,0.5641040708429372,-2.091806932551355,2.166534016767676
1768910927.219636,0.432989043255402,-1.973192744689935,2.020140866196273
1768910927.2397456,0.4147080732496038,-2.0378773788604607,2.079645882665984
1768910927.2595818,0.3965229628138571,-2.030622582200974,2.068975237015472
1768910927.2796223,0.5740835623307108,-1.864504768176419,1.9508844063887847
1768910927.2997494,0.6160364347458813,-1.8335730872258296,1.9342934511426326
1768910927.3196788,0.602733512098701,-1.800275638807797,1.8984941565071136
1768910927.3396368,0.7143178302785325,-1.774483227394816,1.912861910060251
1768910927.3600862,0.6421777598584777,-1.7143713078233604,1.8306996630645977
1768910927.3799367,0.6301289301777846,-1.7053533415299276,1.8180463382747671
1768910927.3995967,0.7546021679044834,-1.8780402394013018,2.023971238090266
1768910927.4197657,0.7446911350343441,-2.0389144579734637,2.1706536005387784
1768910927.439594,0.568040396869578,-1.8937978338361185,1.977154553371618
1768910927.4596376,0.5550586607448391,-2.0291599949895565,2.103706348836232
1768910927.4798157,0.7191498392143192,-1.775686353875754,1.9157866578986686
1768910927.4995692,0.709485363366757,-2.004745385828362,2.126587299602762
1768910927.5196624,0.5322768667631079,-1.7372807628788536,1.8169928761445606
1768910927.5395749,0.5194394532365374,-1.890392742671759,1.9604596571020605
1768910927.5595696,0.5545833813385563,-1.7868512621910693,1.8709356376024067
1768910927.5795867,0.5428540084108588,-1.7947970411274419,1.875096502393292
1768910927.5998201,0.7379805125241647,-1.6302598610307744,1.7895145853983725
1768910927.620104,0.7301018709612093,-1.6092824125698497,1.7671555181668914
1768910927.639598,0.7225358382320319,-1.6182801847536386,1.7722552846291462
1768910927.660155,0.621565756279808,-1.579271335033031,1.6971864773903609
1768910927.6795955,0.49552532587701137,-1.7149526314725412,1.7851072451760739
1768910927.6996026,0.48363681347214005,-1.7724752811419089,1.8372733029151036
1768910927.719671,0.48399003828389997,-1.6648080883331282,1.7337336381744042
1768910927.7396288,0.3440098021176716,-1.5674836620592014,1.6047890125420115
1768910927.760136,0.3296221178062151,-1.54358932625951,1.5783911900062488
1768910927.77961,0.48534288918549073,-1.6888077595036073,1.7571651512144535
1768910927.7997413,0.4744620007155378,-1.6929959244934132,1.7582233619407683
1768910927.819557,0.3410276251898612,-1.8593651755962286,1.8903805694522546
1768910927.8396113,0.3277847971935435,-1.9143281058198331,1.9421881911913075
1768910927.860204,0.5186407793364127,-1.6733594585632998,1.7518904462191525
1768910927.879775,0.5097384810114205,-1.6065902010845692,1.6855163580472265
1768910927.8997068,0.33605584862779203,-1.8917833420404584,1.9213999444724443
1768910927.9196184,0.3237566551312412,-1.8500813103561873,1.8781957370495324
1768910927.9396443,0.3876359077287921,-1.6849372199230084,1.7289520039731006
1768910927.959825,0.37668602184312494,-1.6895244851591213,1.7310070320493194
1768910927.9796119,0.33854863743150343,-1.826739353523216,1.8578460231184781
1768910927.999734,0.3269479286787931,-1.8818678559073216,1.9100580030890615
1768910928.01956,0.6299078957831057,-1.4871180842886895,1.615024505630909
1768910928.0396643,0.6244751478108217,-1.4855352326102338,1.611454044507534
1768910928.059592,0.28075243122741256,-1.762216865209136,1.7844411471571755
1768910928.079593,0.39782036979777846,-1.445912063449855,1.4996408709607307
1768910928.0997045,0.3881526725525486,-1.5131100800273867,1.5621026251466867
1768910928.119888,0.37854261928310606,-1.5796226707745298,1.6243467291925617
1768910928.1395786,0.2583369080453801,-1.5833932350753095,1.60432917287591
1768910928.1596856,0.41471790858793867,-1.4452500701569484,1.503575308719925
1768910928.1797261,0.40624031421612905,-1.4633839665812083,1.5187244076992277
1768910928.199608,0.2620001450022462,-1.3718512090484776,1.3966459163828775
1768910928.2195795,0.2509742538788222,-1.415557697470998,1.4376340532205771
1768910928.2395964,0.34550198950136757,-1.304217858012958,1.3492056351458481
1768910928.2596016,0.33651745399687893,-1.32242295407314,1.364568234389205
1768910928.279781,0.20362247470180517,-1.5104475644368698,1.5241108742860408
1768910928.299668,0.19195008304231376,-1.703294410968713,1.7140760440590743
1768910928.3196025,0.378233755880264,-1.4455971402895909,1.4942596381153892
1768910928.3395612,0.3704226437911542,-1.5854192904103535,1.628117705031948
1768910928.3596582,0.11957665916275406,-1.5348499064113241,1.539500832291875
1768910928.3797135,0.10724800855729821,-1.6289807422678049,1.6325073947822948
1768910928.3996994,0.15423556185542076,-1.228806642708932,1.2384483734522218
1768910928.4196398,0.1431083953060801,-1.2683957326980462,1.276443397700695
1768910928.4396656,-0.008303554881843311,-1.4819588225623885,1.4819820851799042
1768910928.459682,-0.02225309447563184,-1.5976910379147995,1.5978460041089726
1768910928.479608,0.2658011948088861,-1.1398790828268446,1.1704591400933224
1768910928.4998167,0.25799603603682186,-1.0559999856763653,1.08705930121553
1768910928.5195887,0.2505580958380431,-1.0940250802804297,1.122350317713942
1768910928.5401201,0.22035060360137138,-1.1929469350626434,1.2131268599708949
1768910928.559759,0.211679354843338,-1.3280947249148696,1.3448582630201573
1768910928.5796125,0.022843841993531733,-1.2231681335114875,1.2233814302804344
1768910928.599697,0.010672214554980464,-1.3558199135300804,1.3558619155681828
1768910928.619707,0.28738224176188876,-0.9350506914787626,0.9782169230365015
1768910928.6395814,0.2807316329816816,-1.0864442269721408,1.1221280265984155
1768910928.6595929,-0.0260689475700433,-1.1568400839526145,1.1571337735399922
1768910928.6797154,-0.038447364798461336,-1.2622524517485871,1.2628378564983176
1768910928.6997988,-0.0503306453880672,-1.1779883361731684,1.1790630576967498
1768910928.7196095,0.11041367780697176,-0.9599129214033137,0.9662422040688898
1768910928.739685,-0.06984410437836974,-1.0324964222367878,1.0348560580332822
1768910928.7595866,-0.08186425111186324,-0.9709999840983965,0.9744448289817091
1768910928.7796814,-0.09387789988399753,-0.8849434089075459,0.8899089262702885
1768910928.7996268,-0.008918406677098645,-1.3342209962850102,1.3342508028498328
1768910928.8198276,-0.27729493320648047,-1.4701635561824578,1.496086014208086
1768910928.8401163,-0.29296284854500776,-1.5805072545174372,1.6074297534293225
1768910928.859687,-0.1936936718651019,-1.384765593234766,1.398246397001408
1768910928.880287,-0.42339829797608264,-1.6154916658220948,1.6700537240070126
1768910928.8995976,-0.4400732310092206,-1.5873824253861706,1.6472545076811222
1768910928.9201524,-0.37862358761580506,-1.4024820848280406,1.452691233319273
1768910928.9399116,-0.39410465646376913,-1.41165634028585,1.4656370980961368
1768910928.9599347,-0.2786396711941874,-1.2423422640246642,1.2732063333745764
1768910928.9795358,-0.29155719725043383,-1.2453290348376669,1.279003520041381
1768910928.9995997,-0.06455784976218926,-0.9446317561711837,0.946835186678744
1768910929.019766,-0.07308174721477023,-0.914227098465286,0.917143461702813
1768910929.0397048,-0.3946823104108148,-1.0565107362032755,1.127824925182985
1768910929.0596201,-0.40927379179088774,-1.141185925866008,1.2123573541004933
1768910929.079669,-0.017795732356247207,-0.768651610094512,0.7688575848562469
1768910929.0996094,-0.024720401284189286,-0.8859200975857604,0.8862649251471112
1768910929.1196184,-0.16963765246188878,-0.8699207588737252,0.8863064142000883
1768910929.1396468,-0.17926980948181725,-1.0270576136332394,1.0425857309179192
1768910929.1600773,-0.26074239307831704,-0.9319483885965454,0.9677367382485307
1768910929.1796126,-0.2714075336427477,-1.004588121765984,1.0406052775723111
1768910929.1995347,-0.37829236116607134,-1.3673547782221789,1.4187192111350384
1768910929.219713,-0.39102747559651974,-1.3979873809644445,1.4516443104311791
1768910929.2395945,-0.2274111085040067,-0.9172744943999369,0.9450440785210397
1768910929.2596314,-0.2948970932523052,-1.1587670565040575,1.195702884017487
1768910929.2796164,-0.30523067232809264,-1.1247705480188834,1.1654503631732065
1768910929.29978,-0.059384454446714585,-0.8192905108032633,0.8214398666501438
1768910929.3196027,-0.06467004250717157,-0.7610385293870721,0.7637812891198087
1768910929.3397734,-0.29127143188882965,-1.0514206165730258,1.0910198714915191
1768910929.3597705,-0.3009109007282156,-1.015392513642098,1.059041702171111
1768910929.37989,-0.16592304239272337,-0.7147947429789632,0.7337996869631518
1768910929.3998568,-0.1727838064517755,-0.7266650306864406,0.7469245682091936
1768910929.4195893,-0.4016787708996734,-1.0505296329579465,1.1247036697344905
1768910929.4396133,-0.41291012057569265,-1.1421843666694294,1.2145286720114428
1768910929.4601948,-0.2521671850250904,-0.6144338836799221,0.6641666105861317
1768910929.4796302,-0.25977287489468814,-0.6260007078571483,0.6777601587351546
1768910929.49975,-0.3441843305494592,-0.9797733160710784,1.038469356447602
1768910929.5195944,-0.35331673465236957,-0.9388817124969364,1.0031607972038146
1768910929.5400546,-0.14864209229000735,-0.47299135560488637,0.4957976341989735
1768910929.5596871,-0.15361858234181902,-0.3714093412883024,0.4019248283409734
1768910929.5795677,-0.34521668402814853,-0.7623094019321925,0.8368334261999861
1768910929.599895,-0.354004681904609,-0.6994328763820405,0.7839168727450878
1768910929.6197116,-0.07318173420884566,-0.30041073416516895,0.30919601456595447
1768910929.6397467,-0.07628360007108803,-0.2483170171324396,0.2597701457776817
1768910929.6595583,-0.3746755705860787,-0.5675888803898346,0.6801021396350622
1768910929.6796043,-0.4191041546000003,-1.018026609214406,1.100920737143034
1768910929.6997347,-0.4285975846661536,-1.0291316455888833,1.1148129141403698
1768910929.7198255,-0.43812131791187525,-1.0546675012133377,1.142048084506263
1768910929.7398493,-0.7626915541532409,-1.6275885348194414,1.7974267288132726
1768910929.7597132,-0.5086398660122153,-1.1875171498083326,1.2918635742158806
1768910929.7796109,-0.5188160850838939,-1.1454330792702656,1.2574526111262965
1768910929.7996025,-0.8055570302435457,-1.5794782816347492,1.7730408261319481
1768910929.8196056,-0.8210331346635726,-1.5299303355280038,1.7363128288947018
1768910929.8401816,-0.6353836768833361,-1.2630357233292138,1.4138499408549472
1768910929.8596206,-0.6466815238981098,-1.1964139099295394,1.3600011901553872
1768910929.879708,-0.9849304769321421,-1.7733674140351923,2.0285265661439196
1768910929.8999352,-1.00286232087175,-1.6983293277809786,1.9723223215857146
1768910929.919862,-0.6995343194443624,-1.6100471435539099,1.7554486801232874
1768910929.9402885,-0.7113908919672571,-1.5937693500624945,1.745330267420065
1768910929.959707,-0.6621893389969911,-1.3174105801303035,1.4744712127812243
1768910929.9796696,-0.6726335177555045,-1.3111284566170767,1.4735988867257
1768910929.9997244,-0.5361432348746318,-0.9370582863141266,1.079596128305304
1768910930.0198073,-0.543833091678465,-0.890241170888121,1.0432084038910012
1768910930.0396812,-0.768878912495425,-1.5578137111231776,1.737227198913117
1768910930.0598333,-0.5321990669087091,-0.9365667556641419,1.0772154541380092
1768910930.0796757,-0.5392280453834495,-0.9309346662219582,1.0758281636496807
1768910930.0996048,-0.8920157327736868,-1.3906299612401796,1.652133092887689
1768910930.119576,-0.9056835910907024,-1.3506739619579555,1.6262173651397747
1768910930.1395934,-0.6188208053798068,-0.8049160655049157,1.0152975237233797
1768910930.1595917,-0.6267514535269534,-0.7400579551624489,0.969795422497639
1768910930.179802,-0.7300279883560385,-1.208693375881495,1.4120483492724212
1768910930.199722,-0.7397580691882926,-1.1810017624674636,1.3935591712878381
1768910930.219711,-0.43061404788348767,-0.5672123123148332,0.7121504514329415
1768910930.239687,-0.43421044503570716,-0.5412083300183106,0.6938624986690919
1768910930.2596686,-0.7431899505223623,-0.959750018322783,1.213858064284294
1768910930.2797108,-0.7526282716810284,-0.9792897692491067,1.2350942342548363
1768910930.2996109,-0.7620760327999774,-0.931945146472021,1.203861136427665
1768910930.319675,-0.9271525348364928,-1.1922614061082726,1.510330786069399
1768910930.3396032,-1.0744058880610483,-1.7690549338426003,2.0697592544190004
1768910930.3597472,-1.0894386467152346,-1.747554230401235,2.059325703513161
1768910930.3796682,-0.8925921199814919,-1.3511242617593915,1.6193385882414815
1768910930.399776,-1.1456069025321645,-1.8542857969951925,2.179630930241961
1768910930.419715,-1.161206391328684,-1.8197697985353116,2.1586946062201187
1768910930.4396758,-0.9472924676043899,-1.4083999427874687,1.6973371550825602
1768910930.4598823,-0.9586633787576719,-1.351896858367958,1.6573052191543447
1768910930.479604,-1.288915689515493,-1.9456595641110503,2.3338583491925986
1768910930.4996068,-1.3062572475237504,-1.9359373297061602,2.335414597294909
1768910930.5197566,-1.1865187306561618,-1.6273560428651024,2.0139797388373784
1768910930.5396838,-1.2012357945423364,-1.5762973352538445,1.981837713643105
1768910930.559623,-1.0222586945421703,-1.1589950523894217,1.5454068622955641
1768910930.5797114,-1.0332533464027085,-1.1415159446011387,1.5396983891759535
1768910930.5996575,-0.816457769959511,-0.5446526283975821,0.9814528902334806
1768910930.6196964,-0.8230566826184456,-0.4930981564350745,0.9594623987851477
1768910930.6395583,-0.9984466173443369,-1.2184354715782177,1.575271610258492
1768910930.6597698,-1.0083444875695173,-1.1671688241429976,1.5424142341352987
1768910930.6795857,-0.7852181099966957,-0.27957241006158995,0.8335035769175971
1768910930.6999004,-0.7906625396208034,-0.19922148283774987,0.8153750368901972
1768910930.7196016,-0.9666820436952586,-0.8884659916856457,1.312953156812839
1768910930.739651,-0.6855137447914146,-0.10288534686979744,0.6931915239661166
1768910930.759645,-0.6886219467022388,-0.03180519235004908,0.6893560442473864
1768910930.7797348,-0.9661992125893502,-0.43971729510809254,1.0615517971467325
1768910930.7996867,-0.9745411729856386,-0.3846812497330774,1.04771664191251
1768910930.8196664,-1.0106360455450973,-1.041020849445598,1.4508995918172514
1768910930.8404202,-1.0196630445187873,-1.0034389690814507,1.4305951520358815
1768910930.8597786,-1.0283921653440569,-0.975937958149899,1.417760679345718
1768910930.8796303,-1.4288716499444458,-1.424345410501207,2.0175316702423323
1768910930.8997095,-1.1133912327187074,-0.861966673809512,1.4080577345596013
1768910930.9196029,-1.1233058432211322,-0.8045915372245318,1.3817320866173999
1768910930.9396307,-1.4604066861560012,-1.4073652476891318,2.0281678010885207
1768910930.9597087,-1.476695503452203,-1.3527213721207119,2.0026194647281588
1768910930.9798696,-1.2530276195161019,-0.8236455393294762,1.4994899765345324
1768910930.9997952,-1.2647131677655876,-0.7437183499547793,1.4671797370394424
1768910931.0197706,-1.4009325508469743,-1.5377430228203295,2.080208070423537
1768910931.0398304,-1.4150058843436897,-1.494672082872654,2.058224061672136
1768910931.059586,-1.2860447872857188,-1.0029494182186802,1.6308950703248688
1768910931.0796273,-1.297307067109374,-0.9490658593843158,1.6073990269440928
1768910931.0997055,-1.5675995312080806,-1.7762445683311086,2.3690531983831766
1768910931.1196444,-1.5838461501495393,-1.729691244627162,2.345293250125318
1768910931.1397135,-1.4296606370026552,-1.3099969045393038,1.939077467997964
1768910931.1597917,-1.8474067120467943,-1.906173086692025,2.6545069968158965
1768910931.1796331,-1.8680000779857515,-1.8870063563276176,2.6552245253792766
1768910931.1998122,-1.8888089092406197,-1.8473766968963155,2.6420446165540583
1768910931.2197795,-1.75821754509212,-1.4171234913787991,2.2582222932402822
1768910931.2395937,-1.5053542949214656,-0.8461398163696963,1.7268596185227816
1768910931.2595754,-1.5180280769294017,-0.7695463304525667,1.7019432414328592
1768910931.279753,-1.654802072677514,-1.4185565251784453,2.179603751800804
1768910931.2995992,-1.669776206753661,-1.3656828894599649,2.1571375327512996
1768910931.319777,-2.0326735267359792,-1.9012145885811087,2.783231678845101
1768910931.339617,-2.0541538224945626,-1.8743941873637873,2.7808095037402643
1768910931.359678,-1.647363552346489,-1.4013173036653335,2.1627521492652653
1768910931.3796432,-1.6607965153176485,-1.352760684045684,2.142009928452945
1768910931.3996992,-2.1013113055156616,-1.9505925138974796,2.8671101056570576
1768910931.4197266,-2.1229522947394397,-1.9124385365012913,2.8573322525801323
1768910931.4396684,-2.144561003425734,-1.8777332389842272,2.850442775114173
1768910931.4597607,-1.8238488020899766,-1.512561712959517,2.369444531614123
1768910931.479713,-2.0958605378798465,-2.1407395985135977,2.9958967643906154
1768910931.501122,-2.1159038685282177,-2.1088935642085183,2.987387026485317
1768910931.5195916,-2.1359613580276458,-2.0720762180532297,2.9758747917896478
1768910931.5398486,-2.156183637363986,-2.0373031447186314,2.966434219988135
1768910931.5595891,-2.1760359444330017,-2.012424105622223,2.963947235082607
1768910931.5797317,-2.1961761510887143,-1.97176331662142,2.951447147313457
1768910931.5996504,-2.2162077272014455,-1.9364919350002232,2.9430558445989954
1768910931.6197925,-2.236362152199198,-1.8849491490822423,2.924781867150933
1768910931.6396992,-2.2565787295518254,-1.8328964926603142,2.9071733893031237
1768910931.6597385,-2.27660766396985,-1.7919633491054476,2.8972530266070082
1768910931.679621,-2.29670434969126,-1.7495595834400817,2.8871802170799428
1768910931.6996186,-2.316729749444166,-1.7084699444261702,2.878559758449907
1768910931.7197113,-2.336888159292358,-1.6587997063173994,2.865774369122509
1768910931.7396517,-2.356891190824923,-1.6151280962052716,2.8571970272523712
1768910931.759843,-2.3769314061600584,-1.5678721078964237,2.847459544279709
1768910931.7798393,-2.772142162823357,-2.783347978737467,3.928332743244251
1768910931.7997813,-2.798253109216465,-2.7553129028735803,3.927081569815077
1768910931.819825,-2.232261882657168,-1.8478027597778954,2.8978212767192755
1768910931.8397274,-2.247194074313243,-1.799079077143265,2.8786397366539664
1768910931.8595679,-2.549569211618225,-2.3773234919642547,3.485967606028016
1768910931.8795745,-2.261531579693658,-1.5483180161851813,2.7407688273904656
1768910931.8995972,-2.276063549088401,-1.4962143136544697,2.723806628942922
1768910931.919623,-2.2907164365727333,-1.43909708644021,2.7052508602688183
1768910931.9396408,-2.3475859648331188,-1.5593047714277901,2.818260320211552
1768910931.9597893,-1.8975769757120728,-0.7659902981772682,2.0463478481563873
1768910931.9797058,-1.9039217337639496,-0.6961934632588758,2.027215653694276
1768910931.9998815,-2.1630377246988113,-0.9607667446804804,2.3668132448831147
1768910932.0196652,-2.1741674677529375,-0.8948682843541675,2.3511259907070468
1768910932.0396247,-2.336353455014203,-1.3533994598248213,2.700043993088061
1768910932.0596724,-2.350585591799642,-1.296811298232626,2.6845804453582427
1768910932.0796318,-2.6027619230026016,-1.8236472053199542,3.1780589606398872
1768910932.099807,-2.1904304850041063,-1.1413806851026216,2.469966715962111
1768910932.119817,-2.2008472939016057,-1.0836512988884408,2.4531671261160795
1768910932.139923,-2.51265665592308,-1.7298736654966014,3.0505583700583743
1768910932.1596289,-2.528699820652748,-1.6860914796564934,3.0392807143696783
1768910932.1796117,-2.5448605303084495,-1.6421155685576068,3.0286727553866024
1768910932.1996164,-2.4400442694544218,-1.2054254095265584,2.721555888610343
1768910932.2197182,-2.5645593353892266,-1.8851043613938963,3.1828576842325704
1768910932.2398946,-2.580651852497909,-1.8476784130476958,3.173906032295749
1768910932.2597435,-2.5966360398281045,-1.810323204756692,3.1654050023677414
1768910932.2796338,-2.4215912142679263,-1.3284778513491524,2.762056735576746
1768910932.2995527,-2.7601409370345893,-1.9714585451067386,3.391906069950723
1768910932.3197207,-2.7788591136959715,-1.9387372300397914,3.388327023903319
1768910932.3398201,-2.4556544182528004,-1.489210784064479,2.871930949946123
1768910932.3595755,-2.4678560603272572,-1.4485073591558901,2.8615532677241466
1768910932.3796399,-2.773122390880669,-2.093505397571107,3.4746183451514607
1768910932.3996851,-2.790969050626023,-2.065858057693461,3.4723591052898493
1768910932.4196465,-2.585813869339183,-1.4866027122214547,2.9826868744222987
1768910932.4401212,-2.5995777291889404,-1.4476961216966409,2.975504735481129
1768910932.4596255,-2.925944721400162,-2.127861766169911,3.61786514516741
1768910932.479644,-2.945363500501892,-2.103634634328124,3.6194536638605523
1768910932.4996896,-2.545658548969139,-1.57189961392125,2.9918632729764636
1768910932.519727,-2.8567624382211134,-2.1798741310023466,3.5934583419658948
1768910932.5395849,-2.874034828681359,-2.1584137778161754,3.594276872020321
1768910932.5599859,-2.891595525078934,-2.1365529088866815,3.5953001283799177
1768910932.5797005,-2.667526880396794,-1.5584294678620054,3.089401570521402
1768910932.5997717,-2.9566001363597776,-2.1369472864705585,3.648017005371074
1768910932.6196175,-2.9745805388045587,-2.1165645751961186,3.6507499206067164
1768910932.6396415,-2.9927163521755578,-2.095999594694387,3.653705716876773
1768910932.6596456,-2.546167801569383,-1.5396640957008358,2.9754892037006178
1768910932.6796563,-2.819125401469786,-2.1553761616017155,3.548677842128407
1768910932.6997945,-2.8335685214553923,-2.137107142301396,3.5491319366090823
1768910932.719609,-2.5954058499330905,-1.5925994030706931,3.0450787156538395
1768910932.7397857,-2.604973826518659,-1.5640013899792748,3.0384188297047476
1768910932.759668,-2.9034905103683197,-2.1678497445553475,3.623510681475573
1768910932.779558,-2.6851662181127516,-1.5820276914266032,3.116557272911012
1768910932.7995815,-2.695758312665273,-1.554888573941355,3.1120397423036392
1768910932.819606,-2.976918197381777,-2.1778926647208934,3.6885306577210177
1768910932.8396153,-2.992659423944132,-2.163237301324834,3.692642150217751
1768910932.8595932,-2.749341657067778,-1.5690873703356054,3.165582840968611
1768910932.879624,-2.7601748191323923,-1.5433075398183256,3.1623350857606196
1768910932.8995817,-3.058701353221064,-2.239335827850482,3.7908150730537056
1768910932.9196496,-3.0751201708636984,-2.227402772855399,3.7970629673178586
1768910932.9398003,-3.091590372372729,-2.2154019473345947,3.8034112082184417
1768910932.9597337,-2.831914407027182,-1.6561228728654243,3.280622224328205
1768910932.97969,-3.097224109290785,-2.257201286556917,3.8324606757547164
1768910932.9996116,-3.1131188328393664,-2.246885225520508,3.839271035501594
1768910933.0197487,-2.8829831518488502,-1.6995798200603645,3.3466645213706068
1768910933.0406792,-2.8944252943123745,-1.6785505433545573,3.345927331989019
1768910933.0597446,-2.979682415090135,-2.323179168959662,3.7783155963849135
1768910933.0796416,-2.992281231942206,-2.3154902419507266,3.783548867346978
1768910933.0995343,-2.728498358601927,-1.686637603210798,3.2077172097081865
1768910933.1202998,-2.9933981275881445,-2.2203916480610886,3.727005691037733
1768910933.1395845,-3.005407163627676,-2.211841885006155,3.731583677669862
1768910933.1596205,-2.7547105883523475,-1.6272494229395917,3.1994329356993516
1768910933.1796062,-2.762109172633214,-1.6073783557896455,3.1957647379313707
1768910933.1996748,-3.03177390658741,-2.1971349227534986,3.744202837647462
1768910933.2197185,-3.0442063583036987,-2.1889191805268915,3.7494745672980883
1768910933.2397048,-2.762080924044822,-1.510618741466459,3.1481836053575414
1768910933.2597244,-2.768828218987969,-1.4895635947856682,3.1440752868172375
1768910933.2799602,-3.035736774851612,-2.0818347985450174,3.680996318202375
1768910933.2997108,-3.047395677020993,-2.0725861695888987,3.6854082328417053
1768910933.3198395,-3.0591678141663285,-2.06318810326551,3.6898852102318207
1768910933.3396242,-2.7661246475579633,-1.3531255426441646,3.0793496553629196
1768910933.3596318,-3.031355122407299,-1.9299757548411485,3.5935943416612335
1768910933.3800287,-3.0423196535136254,-1.9187711295945853,3.5968585629575354
1768910933.3996022,-2.7756339652625543,-1.2527406323580408,3.0452426834457635
1768910933.4196372,-2.7812731329196287,-1.2289894930197214,3.0407064004690487
1768910933.4397333,-3.0324524334551155,-1.7358766635207203,3.4941430354414056
1768910933.459716,-2.7764556363426287,-1.11176187117578,2.990772535446155
1768910933.479571,-2.7815916893465875,-1.0865168659229703,2.9862637569674044
1768910933.4995685,-3.0288825356674653,-1.6044794286083892,3.427606110932071
1768910933.519646,-3.0386720739893027,-1.589429433174896,3.4292585053164366
1768910933.5395994,-2.545716310513293,-0.8699317937918742,2.690251449114629
1768910933.559623,-2.5457960140330185,-0.8413533217751805,2.681222250602985
1768910933.5796373,-2.5458642883155784,-0.8127880584824858,2.672461300474212
1768910933.6002495,-2.8060635544578085,-1.3380598619936173,3.1087613073272076
1768910933.6197324,-2.810992844893506,-1.3205754022193155,3.1057366544813796
1768910933.639698,-2.530539381709244,-0.5892943218460402,2.5982489026537445
1768910933.6599417,-2.798700277870359,-1.1508661444347652,3.026089246495841
1768910933.6798565,-2.803496332986408,-1.1307549847950504,3.022945339351523
1768910933.6996808,-2.80830224845558,-1.1107601902870776,3.0199916753208527
1768910933.7196393,-2.5466307939991513,-0.40193066067304883,2.578153730275567
1768910933.739621,-2.8286724688465963,-1.0796929149422319,3.0277259992587093
1768910933.7596343,-2.833910028160137,-1.0601715790488484,3.025724677615185
1768910933.7800517,-2.59979519729876,-0.5138766959460455,2.65009515424147
1768910933.8000634,-2.600465389102358,-0.484267206536547,2.6451720108994783
1768910933.8195662,-2.9151995156736996,-1.1684057664941108,3.140630549962995
1768910933.8396943,-2.6777834566392515,-0.5652953386827626,2.73680161147777
1768910933.859676,-2.6799260836916314,-0.5340182849519302,2.732614012756607
1768910933.8796499,-2.682044934323601,-0.5040753097425181,2.7290029218787777
1768910933.8996017,-2.989025805509047,-1.2226055478661415,3.229402358281184
1768910933.9195833,-2.9969819214631865,-1.202565846955551,3.2292515005556774
1768910933.93979,-2.761910999613276,-0.6234651132137579,2.8314062084376816
1768910933.9597452,-2.8660001091491836,-1.3154462755516043,3.1534672234709715
1768910933.9796836,-2.8712707174425995,-1.2966362697123266,3.1504699885535867
1768910933.9997191,-2.6145821077102154,-0.6923526181488064,2.7046980877384263
1768910934.0200965,-2.6148598758349806,-0.6578865544713324,2.696350661320944
1768910934.0396025,-2.9242207941106964,-1.36569995407163,3.2274143857367683
1768910934.0595815,-2.9305301836464706,-1.341243954715452,3.222877984554141
1768910934.0795915,-2.9367673680664295,-1.3242809871767705,3.2215404245698527
1768910934.099581,-2.730406316636244,-0.8251994960125408,2.852380209955617
1768910934.1197138,-3.007764014795587,-1.4577870313798833,3.3424223846723264
1768910934.1397347,-3.0153634145153028,-1.439889169005479,3.341511236045253
1768910934.159623,-2.7995686074686557,-0.9253258330107847,2.948527138277871
1768910934.1806543,-2.8029027217598763,-0.8992346366472752,2.943617943856689
1768910934.1996536,-3.086368530187123,-1.5723131007392368,3.4637897151654076
1768910934.2195966,-3.095213805468659,-1.5369062657433474,3.4557820202155316
1768910934.2395787,-2.878385942169283,-0.9963944605439465,3.045965783307556
1768910934.2596517,-2.882901006484035,-0.9538170234482521,3.0365910372334213
1768910934.2796483,-3.2043494865169313,-1.6809338807833853,3.618479562372408
1768910934.2996383,-3.214916527039672,-1.653447885134522,3.615187157629415
1768910934.3196547,-2.9988352256137585,-1.1040307809964034,3.1956058386117414
1768910934.3396952,-3.0049585335738485,-1.076324845310456,3.1919039711637422
1768910934.359862,-3.10720736471633,-1.7602155127385188,3.5711477508824423
1768910934.379894,-2.866029670432508,-1.1672520875382233,3.0946087810354657
1768910934.4001164,-2.8691500441486113,-1.1354860226627679,3.08566856345598
1768910934.4196103,-3.1522543840593187,-1.7677614865294302,3.614095789416481
1768910934.439525,-3.160709367387076,-1.747098537202568,3.611431434180049
1768910934.4596233,-3.169179382668897,-1.735114062495164,3.6130760813193628
1768910934.4796023,-2.907307272266859,-1.0499675489459825,3.091094859303965
1768910934.4999511,-3.208128158512338,-1.7048977583052398,3.633010135922276
1768910934.519606,-3.217092646243324,-1.6504849785377083,3.615769041143459
1768910934.5396798,-3.2261617275676553,-1.6416926097020514,3.6198444879818594
1768910934.55967,-2.996604798538847,-1.00522816139528,3.160715737786013
1768910934.5796378,-3.1029127861307,-1.6560264051453224,3.5171709103869153
1768910934.5997205,-3.1093961999182786,-1.6132397497393818,3.5029826174569316
1768910934.619574,-2.8865663782988973,-1.0392637345405014,3.0679528298617442
1768910934.6397045,-2.888593294649561,-0.9949627752092276,3.0551468288686965
1768910934.6596162,-3.1958527299170125,-1.651503100682131,3.597351409423427
1768910934.6796942,-3.2037303198224363,-1.631111181088439,3.5950537752892227
1768910934.6999092,-2.9661867376638797,-1.0087226771668902,3.133015352998422
1768910934.7196324,-2.9692898696757615,-0.9818780265237734,3.127421747882642
1768910934.739605,-3.252098598645361,-1.5672507532223037,3.6100443513601044
1768910934.7596076,-3.2605856608246038,-1.5446500915167931,3.6079582531949916
1768910934.7797241,-3.0296682796111316,-0.9280286233998467,3.1686159455401484
1768910934.799665,-3.292387561807974,-1.4492977807894007,3.5972600565637367
1768910934.81966,-3.30127064007921,-1.409866225772582,3.5897229159954978
1768910934.8396401,-3.3101002634928216,-1.3618383544030301,3.579297061979964
1768910934.8598182,-2.8793375328374067,-0.7129899116160061,2.966300598737829
1768910934.8796084,-2.8797845168724585,-0.6504538952220535,2.952329441886166
1768910934.899681,-3.1488862739477375,-1.179884732577495,3.3626794001846103
1768910934.9196572,-2.898880507026676,-0.5468231711972926,2.9500040295866548
1768910934.939676,-2.899506764478618,-0.4800452567595137,2.9389765099086063
1768910934.9595852,-3.155558481223217,-0.9941036594603148,3.3084424453467776
1768910934.9795978,-3.161121668469643,-0.9523608161167232,3.301466541848154
1768910934.9998176,-2.909623204813447,-0.33648482600161955,2.9290150617772888
1768910935.0200846,-2.9101624139187434,-0.25580334172567376,2.921383340991625
1768910935.039673,-2.98826089717433,-0.7638840824089144,3.0843511604450686
1768910935.0596728,-2.990285558090174,-0.6997123414489295,3.0710592764872855
1768910935.0796132,-2.708729594021335,0.04845294224276131,2.7091629152081214
1768910935.0995963,-2.705456066897635,0.08171013709943153,2.7066896897165784
1768910935.119596,-2.972161295821424,-0.411851765344732,3.0005607217645935
1768910935.1395726,-2.713442495428838,0.23478544448174432,2.7235811684140367
1768910935.1597002,-2.710301028919832,0.27017385664288796,2.7237337572121825
1768910935.1796424,-2.969585449846009,-0.26568521995683625,2.9814470278776772
1768910935.1996481,-2.9714013138949955,-0.21103044577622043,2.9788856334645373
1768910935.2199035,-2.9732266444450506,-0.15551932742798869,2.977291208538666
1768910935.2397132,-2.6942232639207484,0.5423541809844323,2.748269829089397
1768910935.259582,-2.9557967286007285,-0.0009439334526923915,2.955796879323261
1768910935.2796366,-2.957243587075159,0.10000029642068142,2.958933877696725
1768910935.2995925,-3.0609438744542343,-0.5021809536103632,3.1018644575042145
1768910935.3195312,-3.064253009917808,-0.38832815695446143,3.0887611215945454
1768910935.3395844,-3.1739707016857306,-1.0762368207476563,3.3514736623599526
1768910935.3596275,-3.17932586511023,-0.9716009255024325,3.3244730883248397
1768910935.3797333,-3.000432299981002,-0.6095357625150584,3.0617197508188267
1768910935.3997998,-3.002349524655507,-0.5282550585848291,3.0484678241896552
1768910935.4198456,-3.2846657105828685,-1.1554585175220105,3.4819697322051817
1768910935.4395823,-3.291989593655784,-1.1187239507637479,3.476886360344615
1768910935.4595966,-3.090794386588697,-0.6865058003994697,3.1661175205842116
1768910935.4803953,-3.413132789268734,-1.4967542280364512,3.7268953106206726
1768910935.4997199,-3.4224862496829083,-1.5124162711266536,3.741766308367912
1768910935.5199497,-3.4322180316791258,-1.5181492479964298,3.7529851793173203
1768910935.5397387,-3.2573445350829715,-1.1184026321007572,3.4439973675548594
1768910935.5599215,-3.2635415888747072,-1.1158224476615182,3.4490235483423697
1768910935.579721,-3.2557919064236147,-0.7370787201955551,3.3381830353799704
1768910935.5997753,-3.2616330014518233,-0.7014482267324667,3.3362073453167973
1768910935.6198244,-3.2674437876971982,-0.6399897804039654,3.3295308715767344
1768910935.640022,-3.114939785353596,-0.5065666660410706,3.1558611587841874
1768910935.6597471,-3.1177330244323933,-0.4537360773318966,3.1505770327844544
1768910935.679923,-2.925938173025636,-0.197287523477776,2.93258189302338
1768910935.6997488,-2.925014827226753,-0.11249261291102997,2.9271771944069087
1768910935.7200677,-3.1691648305223383,-0.6102757153607214,3.227389374057416
1768910935.739697,-3.172895105460041,-0.5328172893737211,3.217321496852288
1768910935.7597916,-2.9112362956694895,0.14164330933786928,2.9146800161087314
1768910935.779709,-2.9100317986850515,0.19106023179035958,2.91629715247434
1768910935.7997363,-2.977889003847447,-0.3216392199011686,2.995208624956561
1768910935.8195977,-2.9779939247633216,-0.2675589915471974,2.9899892357473474
1768910935.8395991,-2.720059234076686,0.26718339371476674,2.7331500512710214
1768910935.8596244,-2.7152366996988375,0.3043200196681397,2.732237363363998
1768910935.879654,-2.9691100873287635,-0.18946036710655534,2.9751487259264144
1768910935.8996415,-2.9691932685192297,-0.07403570389502079,2.9701161511414225
1768910935.9195693,-2.9693627693099565,-0.07384823119373607,2.970280932338646
1768910935.939644,-2.704098112390634,0.6974769276747708,2.792601057450424
1768910935.959857,-2.909229600319926,0.24485157935818336,2.9195152274464733
1768910935.9796054,-2.9083882228038647,0.3698185271378911,2.931806234654443
1768910935.9997559,-2.6352334452789963,0.9269282122611067,2.793501605834974
1768910936.0197778,-2.6292327949074554,1.0492564900840406,2.830866346509554
1768910936.0396025,-2.687184023593148,0.6431231859855515,2.763071734321508
1768910936.059667,-2.6823822772951864,0.6949044493492309,2.7709324920092637
1768910936.079676,-2.7363529820088353,0.17590149202956695,2.7420009075576313
1768910936.0996284,-2.995438426802342,-0.31216563969457667,3.0116604648216927
1768910936.1196647,-2.996872615522947,-0.2953160273031088,3.011387890932259
1768910936.139625,-2.766607235090282,0.1346076014064579,2.7698799251249673
1768910936.1599724,-2.7635518833652473,0.1761437748382484,2.7691597356356805
1768910936.1797926,-3.037583679344504,-0.39836668680176146,3.0635943964848718
1768910936.1996734,-3.0399008602274034,-0.3654505982335401,3.061788918224207
1768910936.2196763,-2.862914352911388,0.02718507604837228,2.863043419242151
1768910936.2400026,-2.8618013433689624,0.13437898689248584,2.8649545617734757
1768910936.2597213,-2.9683357239500996,-0.5285639013646417,3.015028485421684
1768910936.279979,-2.969323655958309,-0.4143174155622944,2.998089707575782
1768910936.299715,-2.9703104782565655,-0.382560669152614,2.9948450715893875
1768910936.3195605,-2.8091725932361964,-0.011441285400032086,2.8091958923508664
1768910936.3397896,-2.812879870787306,0.18975253378946633,2.819272812545805
1768910936.359689,-2.8109185201275277,0.28388127809479613,2.8252170725182633
1768910936.3796363,-2.808965266160314,0.3440355520655025,2.8299551811963557
1768910936.3996644,-2.631072042434381,0.7204973784566562,2.7279399855647006
1768910936.419688,-2.6257462747800595,0.8059494887824172,2.7466521581718353
1768910936.4397497,-2.8569857058288175,0.44024674644122186,2.890706578167744
1768910936.4596176,-2.481724336643677,0.8151313427317142,2.612162856521987
1768910936.4796,-2.473706203380484,0.8843497799065823,2.6270319590488254
1768910936.4996724,-2.6767662545649458,0.5426950739009335,2.731226011302248
1768910936.519751,-2.6727832304521524,0.6065027908240808,2.740732718136455
1768910936.5398114,-2.7577575781380865,0.23280701708129214,2.767566795396334
1768910936.5596519,-2.7555092518032893,0.25325646080624864,2.7671230676848526
1768910936.579582,-2.8346083276273832,-0.050215972182332536,2.8350530885534977
1768910936.599684,-2.833886155385109,0.01987226223695515,2.8339558303702987
1768910936.6198425,-2.653442127356948,0.4320060429130379,2.6883795015484604
1768910936.6396723,-2.6493087683845857,0.4721380178395762,2.691050214717097
1768910936.6596527,-2.884569871288716,0.2076349848974992,2.8920331307403764
1768910936.680023,-2.885005732657815,0.2405835377537926,2.895019605478793
1768910936.6996143,-2.57871074458561,0.5896081111616489,2.6452574220647938
1768910936.7196922,-2.5732328001414393,0.5890600766180469,2.63979522266198
1768910936.7398021,-2.8401775469210646,0.07941659813744906,2.8412876471934836
1768910936.759646,-2.8398970464428412,0.049180901769965146,2.8403228681777852
1768910936.7801447,-2.839600761638109,0.07785510132246642,2.840667862017251
1768910936.7996137,-2.717838181387605,0.26351879405508427,2.7305835521053976
1768910936.8195992,-2.715208153928523,0.3603824659463939,2.739020051208377
1768910936.8397484,-2.594493451784065,0.5321893101535302,2.6485131174287364
1768910936.8596394,-2.5896309222722955,0.6121806407525376,2.6610060974189906
1768910936.879847,-2.7236473663857526,0.17048206852043535,2.7289776679384996
1768910936.9001758,-2.7213939878602815,0.2831972834764045,2.736089534085188
1768910936.9196107,-2.5466831477998637,0.6670276517780849,2.632588259398801
1768910936.9396482,-2.5411158263381575,0.8128041945658886,2.667943084394823
1768910936.959604,-2.6778965665684993,0.3421954375654117,2.6996717835192374
1768910936.9796023,-2.675038925536022,0.3269747672296113,2.6949481908819273
1768910936.999624,-2.5384985492899697,0.5944701381395809,2.607176562852423
1768910937.020129,-2.5329758441764163,0.6054217075874817,2.6043237262674106
1768910937.0395844,-2.7416680841400334,0.4043045641484859,2.7713184703644904
1768910937.0598187,-2.7403638419368574,0.4349973940917877,2.7746741644851887
1768910937.0795777,-2.4567412931806665,0.7417637783491884,2.566279658277694
1768910937.099731,-2.450032245518928,0.779981961784582,2.571192304125043
1768910937.1196373,-2.572393750374574,0.4448881466890029,2.6105813662919113
1768910937.139715,-2.5681481464734155,0.5455324942510451,2.625450552670647
1768910937.1600106,-2.399933425651996,0.7853105054328964,2.5251520820546625
1768910937.179656,-2.617127185490957,0.6064962985138607,2.686483289571486
1768910937.2000117,-2.614079736768044,0.7304517923921985,2.7142167730655307
1768910937.2198484,-2.611116031803035,0.8594087077427197,2.7489107403629602
1768910937.2396047,-2.3445854319438126,1.314701472383879,2.6880328884095697
1768910937.259572,-2.4222732953183597,0.9321335632582688,2.5954346258314853
1768910937.2797,-2.415942702732064,0.9183710549404562,2.5846052962564237
1768910937.299583,-2.296057706057751,1.1977395249240814,2.5896835635097477
1768910937.3196597,-2.287540034502734,1.1885380524688447,2.577879382674683
1768910937.3396037,-2.430261581032454,0.8816773219648706,2.585251680651133
1768910937.3598452,-2.4245787089162185,0.9126184598473532,2.5906474806472595
1768910937.3796432,-2.261385108152334,1.2118848975576668,2.5656437033036172
1768910937.4005153,-2.3821236256028984,0.9391616108033212,2.560573665970613
1768910937.4195876,-2.3761863552882705,1.1171178902557202,2.625683525443907
1768910937.4395924,-2.0692572038219827,1.4640038342707733,2.5347845277910106
1768910937.459674,-2.0572858754952197,1.5452695818773599,2.5729911103980836
1768910937.4797077,-2.2586134114740872,1.4352259148918112,2.6760433421878003
1768910937.4999897,-2.250640786226051,1.5590932632675472,2.737910837151288
1768910937.5196874,-2.2429488452258655,1.5905720431918944,2.749679789881666
1768910937.5400422,-2.2038445585387345,1.3343474119460765,2.5763178868237477
1768910937.559634,-2.316823312254428,1.065440929685078,2.55006561383306
1768910937.579655,-2.3107625328097097,1.035373066249143,2.532117862452555
1768910937.599699,-2.191045722319421,1.210262046868948,2.5030812170973693
1768910937.619623,-2.1828280122512185,1.1849542487209703,2.4837179192956844
1768910937.6396885,-2.3595442121363908,0.8206111084899366,2.4981696260269084
1768910937.659592,-2.3548818835890453,0.7657836573298731,2.4762659985327518
1768910937.6797051,-2.194731053775823,1.0982518884501626,2.45418043527616
1768910937.6997468,-2.187080798614949,1.099025857134972,2.4476887576490323
1768910937.7198405,-2.3858593794780933,0.7495883062104021,2.500841379906165
1768910937.7399414,-2.3821156381872175,0.8146649908861399,2.5175690578555354
1768910937.759939,-2.249756661232891,1.1828363629031333,2.541752721286569
1768910937.779887,-2.2435902443481828,1.181555371117355,2.535699169765729
1768910937.7996447,-2.1199354427598243,1.4023102161123528,2.5417710801097657
1768910937.819736,-2.111471634951797,1.4514401630916574,2.5622238411664098
1768910937.8396401,-1.9442201208151584,1.6816380616780755,2.5705832895797998
1768910937.8597214,-2.005183135333377,1.4822615935941101,2.4935634818607575
1768910937.879689,-1.9950784523326526,1.5043783368693688,2.498698103293773
1768910937.8998334,-1.984829423012175,1.669564615103365,2.593644895212159
1768910937.9195712,-1.9314241669381405,1.5432843777534835,2.472271421840783
1768910937.939701,-0.4931960193496314,1.851811212343831,1.9163629822308328
1768910937.9596407,-0.45522987145418536,1.8518095089575226,1.9069432852944774
1768910937.9796433,-0.2647593227586693,1.9036622725275052,1.9219853138960803
1768910937.9995892,-0.22364378352367176,1.9765272044583178,1.9891395958737021
1768910938.0196488,-0.23277930270988012,2.0646683285954754,2.0777491453193604
1768910938.0399218,-0.19195443311913518,2.186250646662806,2.1946613393477423
1768910938.0596201,-0.1873109345431434,1.981295615539075,1.9901300717173709
1768910938.079977,-0.14704412565763558,2.2204635250874443,2.2253269964511233
1768910938.099697,-0.16402599064082057,2.0212278161467765,2.0278723851295894
1768910938.1197455,-0.1252877610869776,2.2351870360746506,2.2386956267689384
1768910938.1395855,-0.11554906005044341,2.0480796048709315,2.0513365528763954
1768910938.1595984,-0.07748027980754557,2.2828904814629656,2.2842049260329658
1768910938.1799273,-0.1307662582247815,2.0208985828765664,2.02512490887911
1768910938.1996198,-0.09498105941457169,2.0598813248463417,2.0620699488858842
1768910938.219619,-0.04173345805829598,2.0733740599260697,2.073794028802238
1768910938.2397876,-0.0050006157129480755,2.0865383739346495,2.0865443661852385
1768910938.259614,-0.06465649964564602,2.0861485769166794,2.0871502935624724
1768910938.2797525,-0.029697429696891042,2.0760533072013363,2.076265703534162
1768910938.3000262,-0.11643968744754307,1.8688652653975684,1.8724891404284312
1768910938.3196056,-0.39288762124335985,1.6408830064787274,1.6872633830783306
1768910938.339671,-0.3664703097232209,1.79021090515129,1.827335648651127
1768910938.3595984,-0.47357861084284636,1.5958519771463742,1.664638168975418
1768910938.3797185,-0.449816856261819,1.644785287051402,1.7051844019571691
1768910938.3996556,-0.32792932675751185,1.7641846573907545,1.794403842149411
1768910938.419735,-0.3020472596444188,1.8848526946361623,1.9089007903858979
1768910938.439811,-0.36479477229304624,1.7124626569184764,1.7508865118084105
1768910938.459591,-0.341076160359445,1.7343558605655893,1.7675755141559717
1768910938.4796033,-0.3480458479881463,1.5973650215415738,1.6348427827611745
1768910938.4997013,-0.32476573979371626,1.5676317173199328,1.6009191069167739
1768910938.5197172,-0.452396205693649,1.2629908980543574,1.341569355454336
1768910938.539646,-0.4320377370560786,1.2041247278703775,1.279286115968374
1768910938.5596724,-0.4813259993503012,1.1369513325687235,1.2346388339430936
1768910938.5796237,-0.46226030000873575,1.1012148399195203,1.19430260345657
1768910938.5997021,-0.7659088964039693,0.845255068897155,1.1406456807821965
1768910938.6198392,-0.5300068161808049,1.111152272837698,1.231083505953392
1768910938.6396449,-0.5129562316392304,1.0997359513524367,1.2134839340817698
1768910938.6595962,-0.4957594981867315,1.1592939716496917,1.2608489174939541
1768910938.6796873,-0.4349229439351463,1.160132109017181,1.2389771900781172
1768910938.6999516,-0.4363237948649701,1.0299607507088337,1.1185694444092744
1768910938.7196524,-0.4186404752750139,1.0603569843117269,1.1400073603784973
1768910938.739859,-0.5042839625424635,1.0868783553161423,1.1981681326642981
1768910938.7595809,-0.4887698538184484,1.0681852190058843,1.1746981025371397
1768910938.779677,-0.41413538243263837,0.9584925629399268,1.044134142815844
1768910938.7999966,-0.3972770015952314,0.9112969409451641,0.994128327014431
1768910938.8199365,-0.4726493147327142,0.9603329963366478,1.0703442617075256
1768910938.8400917,-0.45785512580510623,0.8689318379387174,0.982178117863337
1768910938.8597136,-0.450290663080521,0.944308976872877,1.0461745194087815
1768910938.8802757,-0.43534880678747534,0.8269681622317695,0.9345613542813916
1768910938.8996046,-0.44471625407233173,0.8665227300788745,0.9739785358925898
1768910938.9198024,-0.4302038423061836,0.86971413752847,0.9702979062905857
1768910938.9397032,-0.40498017489591653,1.0099841501438864,1.0881529881411875
1768910938.9597275,-0.39039441800627817,1.0159315247654355,1.0883587021853978
1768910938.9795728,-0.38097619924090687,0.9705554054592547,1.0426507849966955
1768910938.9996138,-0.3663703116297805,1.0463263610101015,1.1086144771688415
1768910939.0197005,-0.26640673256634084,0.8508482416089556,0.8915802136688126
1768910939.0397384,-0.25009158811729204,0.9477013618732646,0.9801447208159975
1768910939.0597262,-0.22702116856297128,0.7802332181717428,0.8125899862257296
1768910939.0795996,-0.2435156966977674,0.7820246640461288,0.819061944980146
1768910939.0996993,-0.22775943505646357,0.7786901296884954,0.8113154000335043
1768910939.1197453,-0.21207906400069554,0.7762955752826546,0.8047436545825253
1768910939.139593,-0.10124889402746806,0.8252665383231592,0.8314542668227014
1768910939.1599762,-0.18036813162031962,0.6617590734209229,0.6858992157446481
1768910939.1795988,-0.16502129187886894,0.6369550694654276,0.6579846406194285
1768910939.1996384,-0.31150240903805226,0.829380268123814,0.8859488585633144
1768910939.2197015,-0.29893811093254996,0.8515236165318361,0.9024724171293984
1768910939.2397048,-0.24053804191313688,0.7879560798022927,0.8238527376326445
1768910939.2597096,-0.22705700467075918,0.8318229181059391,0.8622553278793568
1768910939.2797518,-0.18340955107122348,0.7972768492737892,0.8181011171072241
1768910939.2996683,-0.16944521318213468,0.8401074950994953,0.8570252525991796
1768910939.3196552,-0.1495334478529191,0.6119327970127242,0.6299380922651031
1768910939.3398833,-0.1352232347964053,0.550994276497561,0.5673447064720658
1768910939.3598094,-0.11628627996051488,0.6247671369344809,0.6354970293403138
1768910939.3796525,-0.09918665350716438,0.4348870945306387,0.4460546796338437
1768910939.399626,-0.08491687140322224,0.39988000567231374,0.4087968859781114
1768910939.4197655,-0.07045630299792549,0.38686897237925244,0.39323236441309645
1768910939.4395697,-0.17100120937489116,0.6747164008659277,0.6960485868135546
1768910939.4596107,-0.12930128561098808,0.4903936871753114,0.507153616650864
1768910939.4802117,-0.11655779957930523,0.47973386234062465,0.49369048939494764
1768910939.4998007,-0.18588861603018358,0.4932574483849086,0.5271218909861435
1768910939.5198467,-0.17455891522699485,0.6020256661562016,0.6268219185670229
1768910939.5395389,-0.06472696583055892,0.6222824380478826,0.6256396828913966
1768910939.5596633,-0.051545680039307484,0.6086703340145956,0.6108490260613944
1768910939.579625,-0.07509555964270387,0.3764217439151478,0.3838393835579825
1768910939.5995703,-0.06273866889217317,0.36142365282626443,0.3668285667674232
1768910939.6196601,-0.19417750748910567,0.2852800077692752,0.34509359201167356
1768910939.6397018,-0.18467642303622345,0.1733753934359541,0.2533069447814766
1768910939.6598523,0.059328803449719913,0.23281004285762297,0.24025075020516323
1768910939.6796575,0.07339690898180162,0.19628706829066989,0.20956077740414347
1768910939.6996713,-0.11678424437036394,0.3194905098798255,0.34016576199909915
1768910939.7198374,0.0036215538775268286,0.2928454513280965,0.2928678439433806
1768910939.7395723,0.016007105355656748,0.37545348778079113,0.3757945567841926
1768910939.759662,0.05810680776884336,0.28480860499949223,0.29067566563240566
1768910939.7796063,0.07103529813626874,0.26634551415442154,0.275655485146753
1768910939.7996197,0.08401100995229971,0.24612373768320506,0.26006680688691614
1768910939.819954,-0.03480305177060217,0.19532326103913,0.19839966914162768
1768910939.8396456,-0.025465497682196414,0.2626573964978913,0.26388899087921885
1768910939.8595908,-0.01497366740592998,0.2851181403899412,0.28551105879633043
1768910939.8795857,-0.015284398244009623,0.3549482948244309,0.3552772225016017
1768910939.89983,-0.005053624468335904,0.3070078397236875,0.30704943050276506
1768910939.9196172,0.03588193302912224,0.2356481785841975,0.23836437902496307
1768910939.9397156,0.04679544446187123,0.2511010805786036,0.25542428680555507
1768910939.9595797,0.07939291804483428,0.18252349367847032,0.19904286267100452
1768910939.9796124,0.09070152210154081,0.15152076646428725,0.17659362610655394
1768910939.9996722,-0.020592936069387058,0.19829822447035994,0.1993646278657654
1768910940.0197115,-0.011705556318421628,0.1465289248905659,0.14699573421806786
1768910940.039965,0.036034313249276195,0.24136897140076385,0.24404395523431782
1768910940.059761,0.028917584370139693,0.19422313155062731,0.19636407898375005
1768910940.079628,0.03829039125756317,0.16122949501808215,0.16571392254859893
1768910940.1000466,0.06584965677936161,0.1336063151346103,0.14895242442407078
1768910940.1200333,0.07579446936071665,0.1779437324456694,0.1934134780783609
1768910940.139811,0.07838843881783752,0.1714572337315623,0.18852673640409054
1768910940.159689,0.08833931109610926,0.2686543134808268,0.28280554102914873
1768910940.1799579,0.09807851910544407,0.24461673291177455,0.2635464701534578
1768910940.1996715,0.10751083026245922,0.1648910277341855,0.19684417606563637
1768910940.2196038,0.07833073818982594,0.20057075038059402,0.21532378051111217
1768910940.239625,0.08712735242131497,0.11954400546289179,0.14792547036281453
1768910940.2596624,0.19851637036341074,0.29843140597095896,0.35842719396282724
1768910940.2795947,0.20933871622329914,0.23954716994234815,0.3181281891587214
1768910940.2996168,0.2040642862826525,0.11758426392839816,0.23551707381765669
1768910940.3198304,0.21479327678043791,0.09172051500765654,0.23355685522661834
1768910940.3395731,0.1905227851131075,0.3154383529881173,0.3685109037506372
1768910940.3597395,0.20069817295898318,0.3255255660649592,0.3824220846015382
1768910940.3796792,0.1510584203118155,0.30218920584467135,0.33784162336238893
1768910940.3998873,0.16021393673364415,0.30678793592990417,0.34610308169073434
1768910940.4199665,0.3379399256178024,0.30230882453121133,0.45342476632403805
1768910940.4394827,0.23942727494431537,0.312689128439013,0.3938272603962432
1768910940.459886,0.24964042381349572,0.29252286936439553,0.3845646503553869
1768910940.4795685,0.20936260830132447,0.35023899611613984,0.4080441840722341
1768910940.4997368,0.2184004718775645,0.29895564630070304,0.3702340402656324
1768910940.5217535,0.3854621981397939,0.3820281391404201,0.542703054432029
1768910940.5394824,0.3962344115798828,0.36630162664431687,0.5396096650379129
1768910940.5595765,0.4081100296362603,0.28487311832560636,0.497701205377548
1768910940.5796957,0.4423299988268692,0.30735527827673614,0.5386307593767256
1768910940.599647,0.8190366345038242,0.9304575723185238,1.2395855365985164
1768910940.6196861,0.8383240122509843,0.8602856937475156,1.2011988279977768
1768910940.6395874,0.9215063350211707,0.839751201247946,1.2467381463168272
1768910940.6599042,0.9425464525265301,0.8205919868915821,1.2497059750681443
1768910940.6796772,0.8701334508733725,0.751946339541762,1.1500241388245112
1768910940.699594,0.8888724956699132,0.6751471831719815,1.1162069846150942
1768910940.7195954,1.071482557772815,0.7893279443269599,1.3308318734185764
1768910940.7396395,1.0931974653302827,0.6853826812147279,1.2902829604058343
1768910940.7596073,1.195747986974598,0.6587261644249462,1.365186217353444
1768910940.7798235,1.2192090134320654,0.5666630200144294,1.3444618241831428
1768910940.7997468,1.0113014392505404,0.5820885909075635,1.1668580585036756
1768910940.8196697,1.030423202985424,0.5301717951399869,1.1588158221273543
1768910940.8396873,1.1758037150057348,0.5589090105546166,1.3018808157048893
1768910940.859735,1.1975318515623163,0.5291846848846049,1.3092436618989942
1768910940.879597,1.2742201324257492,0.4030128134989148,1.33643416363224
1768910940.899802,1.2970295503843303,0.34240395999678697,1.3414641726082956
1768910940.9196079,1.4931980602779324,0.30523813461361726,1.5240770210327892
1768910940.9397717,1.5197722390149577,0.29768949248084375,1.5486531866154023
1768910940.959569,1.368047577669862,0.34927107895715537,1.4119293400748751
1768910940.9796743,1.2580221405426695,0.45716811519446665,1.3385149949275956
1768910940.99965,1.2777748785783407,0.3624966213748788,1.3281989462554529
1768910941.0196009,1.5284924097392674,0.1813006121965106,1.5392072500522411
1768910941.039535,1.5528815164807304,0.10457436997484848,1.5563986645725219
1768910941.0596106,1.784550277973044,0.2734913059313513,1.8053856067426992
1768910941.079778,1.8129971313230708,0.1880459709878295,1.8227232059175742
1768910941.0997076,1.6020362928015315,0.2804379594608033,1.6263965483730631
1768910941.11985,1.6256007742665268,0.1781143214218961,1.635329504653883
1768910941.1396792,1.646099327524169,0.3314151678190598,1.6791304325561065
1768910941.1595912,1.6699698669223615,0.2885598835207226,1.694717133567187
1768910941.1796987,1.656477900598782,0.20736293761792624,1.6694066080705696
1768910941.2005854,1.7219609418654827,0.0034244236741880485,1.7219643468979724
1768910941.219606,1.7452235123517994,-0.020251040340575344,1.7453410018390179
1768910941.2396138,1.9096906833570282,-0.02029517671679315,1.909798523483197
1768910941.2596443,1.9362762195813437,-0.08721099349557093,1.9382392411419969
1768910941.2795954,1.7569208923107844,-0.060632187824577244,1.7579668040206327
1768910941.2997324,1.7791087068953564,-0.16593413850896255,1.786830134420611
1768910941.3196537,1.8016800280618828,-0.2497825865990766,1.8189123849391955
1768910941.3396401,1.8239518541139228,-0.3484463007239196,1.8569370454094023
1768910941.359787,1.7803757222966219,-0.03338716119992036,1.7806887473885513
1768910941.3796828,1.8014275069812404,-0.1103326951775152,1.8048031378889449
1768910941.3997786,1.8226712473903355,-0.1967413455998912,1.8332587469126929
1768910941.419596,1.8328882460266858,-0.12778400657432343,1.8373372240171284
1768910941.4398236,1.8540625733372709,-0.19237994067722397,1.864016648913039
1768910941.459979,1.8688320788924182,-0.16582237160475266,1.87617440501196
1768910941.4796283,1.8032452614002565,-0.04210699579178723,1.8037368078123508
1768910941.499676,1.8225791097878785,-0.10512210448154846,1.8256081913394793
1768910941.5196655,1.6644273141964279,-0.042768982109310016,1.664976717577096
1768910941.5397475,1.680298083378358,-0.11299086129686486,1.684092807342158
1768910941.559643,1.7982879533769403,-0.12022070935624285,1.8023020230301976
1768910941.579738,1.8161793675553506,-0.1820993311299155,1.8252856383403986
1768910941.5996625,1.614868537809043,-0.02044023334605427,1.614997893975332
1768910941.6196404,1.6283384889334753,-0.09543209957290344,1.6311325881641403
1768910941.6396046,1.6821239936655115,-0.18055222322777809,1.69178610804608
1768910941.6596746,1.6965179726956112,-0.25347032620811305,1.7153484887763402
1768910941.6795604,1.556806943684653,-0.021837536512194333,1.5569600951551943
1768910941.700393,1.5680180046925738,-0.10372921144644565,1.5714452622816302
1768910941.7214296,1.5793234305427095,-0.20603166794001737,1.5927057312809978
1768910941.739688,1.6694865979750917,-0.1109762134412513,1.6731710076283905
1768910941.7602282,1.6734714421806913,-0.10060306413464559,1.6764926615728453
1768910941.7797043,1.686004843964989,-0.15554379499823767,1.693164553738313
1768910941.799536,1.6489413574860494,-0.08266949068072194,1.6510123697650922
1768910941.819645,1.6606711258475286,-0.1491966036093899,1.6673596536897117
1768910941.8395965,1.6098661469493623,-0.10030391857489818,1.6129878757061584
1768910941.8597271,1.5880097493144918,-0.16588120438700216,1.5966500987651482
1768910941.8796294,1.5979667785488738,-0.22582563224800012,1.6138448009415511
1768910941.8995857,1.6078097984905906,-0.2933360135048275,1.6343495234928354
1768910941.9196687,1.5810515063777038,-0.1755435076014784,1.590766918464247
1768910941.9396963,1.5875369430023891,-0.15126398944286024,1.59472704244317
1768910941.9597075,1.5965407979737494,-0.2222794205423888,1.6119400300232378
1768910941.9797246,1.5933955088114233,-0.1512683087802955,1.6005596985872366
1768910941.9996424,1.6021385296763668,-0.22118010910038777,1.6173337654718059
1768910942.0196128,1.6010567713431243,-0.166696578714415,1.6097113202120312
1768910942.0395644,1.609619633231449,-0.23436915787652524,1.6265928396030445
1768910942.0596423,1.6133278887498577,-0.23046503464097157,1.629705804373948
1768910942.0800056,1.6220505598533927,-0.29699587254757986,1.6490162421974512
1768910942.0996122,1.608923398130055,-0.28691586654712253,1.6343057289035152
1768910942.1199086,1.6181890321253043,-0.2783754295457257,1.641958776420832
1768910942.1402783,1.6263306962444162,-0.350333559939763,1.6636361190978377
1768910942.159645,1.6342779332470787,-0.41827242025287603,1.686954706162125
1768910942.1800535,1.626252244115248,-0.2584773123221282,1.646665382667393
1768910942.1996899,1.633955150356491,-0.3270137243232867,1.666357527444903
1768910942.2197895,1.662277702127417,-0.2853255770600214,1.6865876330373826
1768910942.2396808,1.668073948115298,-0.322256089460776,1.6989172091586775
1768910942.259612,1.676065110101331,-0.3895818755967042,1.7207464342814813
1768910942.2796946,1.6742994828925335,-0.36296429065762226,1.7131905424402727
1768910942.2999892,1.6822230024496543,-0.4295458332355473,1.7361981029884666
1768910942.3196623,1.7239252598872659,-0.37345881942047754,1.7639132040665475
1768910942.339694,1.7323688172337812,-0.4366620817904874,1.7865540833116618
1768910942.3596544,1.6270482340562573,-0.2742207043752707,1.649994833523322
1768910942.379583,1.6333698960699063,-0.3334232089804452,1.667053764482188
1768910942.399645,1.7381485309613804,-0.4263733129646461,1.7896800042721752
1768910942.419678,1.611618820465302,-0.3321588496373522,1.645492243637259
1768910942.439639,1.6171348500064164,-0.3888526610217049,1.6632292430957722
1768910942.4596,1.6226610273202562,-0.4456895110487089,1.682756057734711
1768910942.4796867,1.73982457223428,-0.40957328882354815,1.7873835125870254
1768910942.4997134,1.6035258225183222,-0.31690357164483984,1.6345405890354383
1768910942.5197031,1.608328859046134,-0.3687226491982294,1.6500539721089125
1768910942.5397124,1.7128422094818037,-0.4387054625995894,1.7681320418727857
1768910942.5596716,1.7195699753696099,-0.49107029178387407,1.7883151097234906
1768910942.579681,1.5659000900648579,-0.3655724362034256,1.60800693349775
1768910942.599928,1.5695942440355148,-0.4151766626399116,1.6235756071431457
1768910942.6195362,1.7045374578042969,-0.4367393524839436,1.7595991609074009
1768910942.6395226,1.710695112299521,-0.48540992039085396,1.7782296134243536
1768910942.6599805,1.606588255180191,-0.2739583140260713,1.629778813062355
1768910942.6796129,1.6105470307878607,-0.3168988188206079,1.6414282194934662
1768910942.699738,1.6912232133135943,-0.40012495206405774,1.7379113713060925
1768910942.7196302,1.6966990153262396,-0.44387100635001886,1.7537984544659655
1768910942.7398922,1.5554377450325028,-0.2802022282868606,1.5804745703138405
1768910942.7599025,1.5581632980430653,-0.32031406479787705,1.590746354223633
1768910942.779591,1.6303884195397869,-0.4309117998904668,1.6863722536422039
1768910942.799646,1.5048036816463544,-0.3132746772661683,1.5370670589511195
1768910942.8196213,1.5063363351062131,-0.3517239322386949,1.5468545112487688
1768910942.8397074,1.507861507541132,-0.39041957137892425,1.5575858780946616
1768910942.8600335,1.6054554783973725,-0.42315520388803307,1.6602854030839573
1768910942.8796396,1.4645467307000297,-0.3330693808082934,1.5019428547172375
1768910942.8997986,1.465061449489065,-0.36943258074643737,1.5109220636736937
1768910942.9196248,1.5801108978299458,-0.40071498788282156,1.6301297343938264
1768910942.9396503,1.5828252446668047,-0.43664949764391636,1.6419496152279505
1768910942.9595547,1.5844710666289483,-0.38877429927071816,1.6314698945299957
1768910942.9796803,1.5871282974708354,-0.423340693085855,1.6426179029388073
1768910942.9996433,1.5759771131368163,-0.42043429417828193,1.6310943739870614
1768910943.0195956,1.5586732088103368,-0.46506142033007336,1.626574405473828
1768910943.039815,1.5607486953991074,-0.4988470953234163,1.6385313285691627
1768910943.0595872,1.5817404357122928,-0.45791408531837874,1.6466900484002087
1768910943.0796998,1.5841767530189408,-0.4902793352095287,1.6583093231780166
1768910943.0996923,1.628987399440712,-0.42427275821658483,1.6833322075280692
1768910943.1196032,1.632201503859113,-0.45443780011383694,1.6942831709523214
1768910943.1396155,1.6511102379284823,-0.4498284539135078,1.711289179461632
1768910943.159631,1.6546607582101789,-0.4794562659061512,1.7227247417034892
1768910943.1796143,1.4838361383112941,-0.37484065580791537,1.530449346631597
1768910943.1996815,1.4839121533320743,-0.40214589290712155,1.537438323312093
1768910943.2196553,1.4839247161276194,-0.42927451958505003,1.544768324474389
1768910943.2396054,1.5891329618991028,-0.4976389917405797,1.6652291544093252
1768910943.2596612,1.4414681501830593,-0.4182847823453848,1.500930573722148
1768910943.2796803,1.5581600595561618,-0.4991283736507981,1.6361515530596034
1768910943.2998242,1.5597783718912153,-0.5258973908121654,1.6460487948668634
1768910943.3195763,1.5664825608002912,-0.48002287382778164,1.6383801673266558
1768910943.3397145,1.5681448636795094,-0.5055154398501074,1.6476116573426138
1768910943.359573,1.533472367982684,-0.5461497122297132,1.6278258541794388
1768910943.3795865,1.5344859941959648,-0.571767892767788,1.6375487136521145
1768910943.3996763,1.5354394958106008,-0.5974749816004739,1.64758939027101
1768910943.4196532,1.575689649644315,-0.49798976378766113,1.6525107191281738
1768910943.439703,1.5799628610054288,-0.518765995008966,1.6629494278943369
1768910943.4596355,1.5817351134255109,-0.5419495385520463,1.6720033706245898
1768910943.4796834,1.6016809495676743,-0.5128650447892475,1.6817884582713378
1768910943.4996958,1.603770356177523,-0.5350867380240132,1.6906795002492216
1768910943.5200377,1.4268759014150323,-0.5071051072222161,1.5143085642661525
1768910943.5396638,1.4254787178485682,-0.5280388384398016,1.5201363721522003
1768910943.5596137,1.59211322551994,-0.5709806579054479,1.6914028008069648
1768910943.5795615,1.5938372709577662,-0.5926419349086878,1.7004533834558397
1768910943.5996609,1.595422052650247,-0.6144588536062692,1.709658214046848
1768910943.6195827,1.5029960634445176,-0.5333227602976329,1.5948135732370736
1768910943.6407526,1.6348496237048202,-0.649882869719999,1.75928423982121
1768910943.659627,1.6373140318032675,-0.6702028135288174,1.7691718542871446
1768910943.6797233,1.524167552322603,-0.5772754772188762,1.6298262803597676
1768910943.6996155,1.524638851335542,-0.5964751539773587,1.637164083503567
1768910943.7198308,1.6811914780307307,-0.6743585545207011,1.811398422727149
1768910943.7396777,1.519313665550567,-0.6257114389731697,1.6431155830283442
1768910943.759603,1.5193665641449945,-0.6448100298075516,1.6505316509483183
1768910943.7797692,1.6655787233996122,-0.7215770540532702,1.8151655375688682
1768910943.7996356,1.6683606033444267,-0.7416366937192542,1.8257743804376834
1768910943.819576,1.504942877816788,-0.6464421319268148,1.6379073525146532
1768910943.8398259,1.5045069511467215,-0.6645749325182955,1.644749527125787
1768910943.8595827,1.6360807135221949,-0.7595689793942455,1.803802964743464
1768910943.879674,1.638181103949055,-0.7790046809638227,1.8139695759023335
1768910943.8997936,1.5253617433860187,-0.6254363481350289,1.6486051903818923
1768910943.9199286,1.5252585343696552,-0.641669362618611,1.654736585560023
1768910943.93963,1.6379821361502094,-0.7455315848478747,1.7996674199287455
1768910943.959737,1.6402247896602997,-0.7633825549960171,1.8091683962219829
1768910943.9796147,1.4917193404862426,-0.6466184634831933,1.6258357937067556
1768910943.9996731,1.6051452016922765,-0.7921821989721849,1.789984289004835
1768910944.0195713,1.6067257960540875,-0.8098367053065765,1.7992785423517537
1768910944.039607,1.5000442098970908,-0.653675311042285,1.6362836074201854
1768910944.0597074,1.4995496924669975,-0.6680738708790663,1.6416369809215454
1768910944.0798898,1.6522513146438484,-0.743885070162051,1.8119876943159203
1768910944.0997167,1.6545569373468512,-0.7592588682810124,1.8204484853974736
1768910944.119592,1.4711632425798253,-0.6953070007201845,1.6271979325111265
1768910944.1397007,1.4699630961855839,-0.7092974802655654,1.6321441173066145
1768910944.1596444,1.5873621590337867,-0.796326908523934,1.7759096737085731
1768910944.1795146,1.5883012677033213,-0.8115721648770702,1.7836340139701394
1768910944.1996224,1.4045476869824052,-0.7188609491320079,1.577819783497024
1768910944.219626,1.402257413750231,-0.7321829203086274,1.581903183892477
1768910944.2396097,1.5280099202985138,-0.8024502333457839,1.7259028632942741
1768910944.259671,1.394588471808488,-0.669583543966656,1.5470032734458194
1768910944.279603,1.39204748058296,-0.6811058952701892,1.5497423749672627
1768910944.2998023,1.5023889687615108,-0.7808684522807532,1.6932005649726245
1768910944.3196964,1.5020154044852658,-0.7940201191507015,1.69897563988632
1768910944.3396294,1.5016852368785933,-0.8071744802110956,1.7048721923250345
1768910944.3598158,1.3286008642659155,-0.6917132878282288,1.4978810129934472
1768910944.379626,1.470914838217479,-0.7740766150838532,1.662162767994768
1768910944.3997784,1.4700135285796874,-0.7862225182250278,1.6670589738732724
1768910944.4197137,1.3494191544365028,-0.6543631817689501,1.4997077141946396
1768910944.4397368,1.346177743877428,-0.6636860611895514,1.5008909706998117
1768910944.4597259,1.4603957354950357,-0.7917326012307626,1.661203243466529
1768910944.4796362,1.459298178380255,-0.8031218306010572,1.66569980735183
1768910944.4995635,1.3161131139786484,-0.7189028630592453,1.4996583128504155
1768910944.5200658,1.452856188291145,-0.8021670147295623,1.6595972473392493
1768910944.539635,1.4520180797379867,-0.813134959886785,1.6641949906414433
1768910944.5596976,1.3430376787325757,-0.6749190796984124,1.5030854834760188
1768910944.579607,1.3402817495043484,-0.6833433206515309,1.5044312087740994
1768910944.599578,1.4466416913865405,-0.8337794208919433,1.6697186307760403
1768910944.6198063,1.4459385270984946,-0.8449118136340736,1.674698240569382
1768910944.6395905,1.353634838209091,-0.6644426291557366,1.5079162054480149
1768910944.6600106,1.3510749826392265,-0.6719387529769634,1.5089417803433711
1768910944.6801186,1.4742506015440364,-0.7914378422983361,1.6732569122447394
1768910944.6996348,1.4740564284837907,-0.8030242280912638,1.6785977079860317
1768910944.719912,1.4737034359574706,-0.8181843745502668,1.6855941053263879
1768910944.7396214,1.3231786613453824,-0.7215505990896567,1.5071287393206994
1768910944.7596736,1.4473928652530859,-0.8403162403239754,1.6736419838596779
1768910944.7797067,1.446854388373322,-0.8552644899403106,1.6807334615899092
1768910944.799518,1.3131665016013603,-0.7170489886140423,1.4961836494897196
1768910944.819696,1.3100550364218098,-0.7306795676938194,1.5000456090063983
1768910944.8396435,1.4121846169207846,-0.8955816994632855,1.67222366108163
1768910944.859623,1.4112376066174823,-0.9098773502952113,1.679127265847254
1768910944.879807,1.3209820842395033,-0.7443283641723362,1.5162514239377347
1768910944.8997262,1.4460572032227956,-0.8614529879392059,1.6832060733677023
1768910944.9201574,1.4457193575803702,-0.8814951152837303,1.6932625606064982
1768910944.9395761,1.3271184113330632,-0.7582582910060935,1.5284629251567325
1768910944.9597328,1.3242777708300864,-0.7900817275578973,1.5420573110411862
1768910944.9796495,1.4239528278674145,-0.9201653135461925,1.6953895895177513
1768910944.999695,1.4231215963150543,-0.9558816531954122,1.714346759793334
1768910945.0196352,1.2712251138560848,-0.885213767831118,1.5490696255676117
1768910945.0397348,1.2674448896055601,-0.9270099409055597,1.5702751283533023
1768910945.0596106,1.4069509207662687,-1.0215479278215192,1.7386980940581636
1768910945.079611,1.4061514252592175,-1.0500718397872326,1.7549680052561278
1768910945.0998995,1.3111547950425866,-0.8972851378522435,1.5887880649015735
1768910945.119691,1.4957555328238668,-1.0074658966252734,1.8034057077752015
1768910945.1397293,1.4968688497727278,-1.0324459211125152,1.818395153271642
1768910945.159632,1.3736406469450397,-0.9557502272420457,1.6734237729316532
1768910945.1796405,1.3723759864541991,-0.9800182486698077,1.6863723242279485
1768910945.1995656,1.3888025119613108,-0.9831978063451636,1.7016022871493763
1768910945.219675,1.3877238898979334,-1.0276530722672774,1.7268029509859617
1768910945.2397244,1.3866069663588068,-1.0792737272739856,1.757131371735948
1768910945.259631,1.4078267650620244,-1.0435048079275475,1.7523922176821354
1768910945.2797165,1.4151879060049373,-1.0673806136483144,1.7725851696589623
1768910945.2995245,1.4147403028176093,-1.1185238275902982,1.8034926330051122
1768910945.3196054,1.4028530608750698,-1.1276179132714201,1.79986634746504
1768910945.3396542,1.4023050240623238,-1.1569485689612389,1.8179629731465636
1768910945.359566,1.409091443413475,-1.1006341724265027,1.787997281153985
1768910945.3796914,1.4087978954654874,-1.1101048113007312,1.7936120545817644
1768910945.4002078,1.3714168654874541,-1.1315409905631402,1.7779677253167578
1768910945.419667,1.3703260464261282,-1.1613810074874067,1.796273731385706
1768910945.4395962,1.3789322417353613,-1.1371196681380216,1.7873151000771055
1768910945.4596057,1.3779034270149424,-1.1814259835590217,1.8150441341212409
1768910945.4800026,1.3767493489639104,-1.2642757335952801,1.8691794725040276
1768910945.499719,1.3364208439708891,-1.2141070391553335,1.8055682138114844
1768910945.519648,1.3874695576719933,-1.2114833788095396,1.8419456426828384
1768910945.539678,1.3867769332734303,-1.2510977568086155,1.8677247815860907
1768910945.5596316,1.4058288972814674,-1.2434216021254354,1.8768196954059841
1768910945.5796745,1.405517621885049,-1.283997746448442,1.9037147891199673
1768910945.599645,1.294776177656873,-1.1829125180375524,1.7537751781678532
1768910945.61953,1.256067991459493,-1.169783064933661,1.7164204666032954
1768910945.6399143,1.252749171182293,-1.2546821551667353,1.773022221065423
1768910945.6597905,1.1186008296455165,-1.1344846127656467,1.5932115844060566
1768910945.679734,1.1129079583724035,-1.2024616404151303,1.6384377072316412
1768910945.6995785,1.2263093427778644,-1.2435615304256693,1.7465050484149511
1768910945.7197962,1.2228735183408492,-1.3050229982190302,1.7884363750885617
1768910945.7397285,1.0792133455462807,-1.177984146756053,1.5976069902243737
1768910945.7598035,1.0730666605853196,-1.2496456164012297,1.6471448705716625
1768910945.7798538,1.1843124455533482,-1.2557220439594392,1.7261036528488733
1768910945.7996182,1.1804775541728603,-1.3087328815423955,1.762472414290845
1768910945.8196132,1.0210761035647486,-1.2182440438630753,1.5895643930583083
1768910945.839667,1.0142901634643886,-1.259826858515444,1.6173893313415633
1768910945.8596003,1.1014654306895837,-1.3308714367963095,1.727554594299255
1768910945.8796616,0.9784599971658388,-1.250519711653597,1.5878235151577675
1768910945.8996134,0.9711869044401631,-1.3164067239016575,1.6358883415715026
1768910945.9196308,1.045924298285584,-1.359091679096343,1.714960008260574
1768910945.93982,1.0401281732717207,-1.4397218822025248,1.776137864842239
1768910945.9596548,0.9313267619709524,-1.3191266900466303,1.6147646150311437
1768910945.9796283,0.9236404642553833,-1.4130420811902535,1.688134956223697
1768910945.9996357,1.0813238396147806,-1.3968044893018323,1.766443893095109
1768910946.0196433,1.076850777959569,-1.4542662828359383,1.8095574098064937
1768910946.0400262,0.943312604538062,-1.365192559534215,1.6593942854210277
1768910946.0599403,0.9364744134017515,-1.3823157219878208,1.6696649610658016
1768910946.079631,1.0855247655801872,-1.4253798725297795,1.7916673233892868
1768910946.0996122,1.081632143933584,-1.4704946638570178,1.8254540945261606
1768910946.1196966,0.9207325755292217,-1.470970611867612,1.735368265417704
1768910946.1396334,0.9137819305723793,-1.5590415592948617,1.8070993332545775
1768910946.1596959,1.0579143353399942,-1.6162399749266463,1.9316869305010964
1768910946.179714,1.0539739556395578,-1.649611218946374,1.9575694809738526
1768910946.1997051,0.9610755332459426,-1.626940261335509,1.8896033431803692
1768910946.219622,0.95538132908045,-1.7041931806635517,1.9537215464276583
1768910946.2400153,1.0199209025494138,-1.6651622350868909,1.9526914545357086
1768910946.2596002,1.015831840873763,-1.6218006783481513,1.9136749382336338
1768910946.279584,1.0115177459339488,-1.6834263905113236,1.9639482077206822
1768910946.2996218,1.047493990341084,-1.6473924715355803,1.9522155657285378
1768910946.3196483,1.0439930609652102,-1.6619980341726794,1.9626917681942215
1768910946.3396053,1.0174758717981387,-1.6786541595343074,1.9629408898418756
1768910946.3598084,1.0134682345777417,-1.7418379793078103,2.0152214291876813
1768910946.379724,0.8901906880627468,-1.6861398157451735,1.9067005374087442
1768910946.3996432,0.8838963719254895,-1.7828612922231901,1.9899415025600091
1768910946.4197004,0.896924480433996,-1.7369014440912274,1.9548146076004203
1768910946.439873,0.8910142299599153,-1.733579594417872,1.949154834325148
1768910946.4595628,0.8789257598462656,-1.7479263730234962,1.9564654601685176
1768910946.47963,0.8728675823368253,-1.8464850625742866,2.0424017485804553
1768910946.4997911,0.8027884111169303,-1.8052399644773125,1.9756924260546462
1768910946.5195818,0.7956066854960673,-1.8875562944492508,2.0483795455727987
1768910946.5395865,0.9205005278884304,-1.9355817560708832,2.1433147123736456
1768910946.5596108,0.8394774111099421,-1.7591548258200458,1.9491916337214785
1768910946.5796041,0.8333226513610041,-1.8033852348134634,1.9866114231058232
1768910946.5996327,0.8271592949209197,-1.84838012357225,2.0250189086502473
1768910946.620516,0.8754561368637539,-1.8700253315642446,2.0648046368275064
1768910946.6396277,0.7536793318020054,-1.8363883999708115,1.9850327177990983
1768910946.659922,0.7461253186345367,-1.844116365301236,1.9893386237338606
1768910946.6795995,0.8862950819706166,-1.8841036628238026,2.0821540732115316
1768910946.6999986,0.8815378814590931,-1.9488065585772087,2.1389146872189477
1768910946.7195776,0.6970138739811196,-1.9846687549476698,2.103506217577619
1768910946.7397938,0.6888000908562901,-2.0704624734597825,2.182031259897262
1768910946.759699,0.762355524886341,-2.011468933181929,2.151091168565567
1768910946.779942,0.7557646345440174,-2.038816441419744,2.1743855832466608
1768910946.7996767,0.8149386056545662,-1.948196178286791,2.11177491226633
1768910946.8196192,0.8096052420449595,-2.0546722857875306,2.20842451759847
1768910946.8396945,0.7923580891125743,-2.0191161117691774,2.169023101349548
1768910946.859721,0.7867412701583767,-2.1882339926957854,2.325366601841472
1768910946.879532,0.7874061231030263,-2.1495834745485753,2.289261347411532
1768910946.8996968,0.781914594983756,-2.258060633632799,2.3896083903038945
1768910946.91974,0.7818496145727485,-2.243929624669388,2.376238409814229
1768910946.9397244,0.7765509867909532,-2.289933962787109,2.418021709789198
1768910946.9596455,0.7780222437609616,-2.1353151357288453,2.272639289605708
1768910946.979695,0.7728433985570158,-2.1793534726235393,2.312329664500596
1768910946.9997265,0.7872026720765781,-2.100607922526474,2.2432658538625097
1768910947.0195909,0.7804277541633722,-2.1841703682765505,2.3194110625600213
1768910947.0396817,0.7755829036991075,-2.2074226290914334,2.3397101324598473
1768910947.0596619,0.770739805422882,-2.276099821891054,2.4030543578695407
1768910947.0796337,0.7747857507034341,-2.222006552033837,2.3532118639796087
1768910947.09963,0.7995142551776633,-2.1531625494461855,2.2968090927567077
1768910947.1197598,0.7953535227850947,-2.2646889947787354,2.4002923716244613
1768910947.1396496,0.8029426931869477,-2.2884680826479764,2.425242902028746
1768910947.1596522,0.79899438650438,-2.4483745423973318,2.575447520242813
1768910947.1795785,0.783498965902762,-2.315423872002591,2.444393245083566
1768910947.199613,0.779392593290388,-2.3564064175889117,2.4819556844009374
1768910947.21956,0.8053110266617303,-2.242195493297019,2.3824286935445587
1768910947.2395906,0.7826066970715759,-2.2002094892910957,2.3352505302574853
1768910947.2600412,0.7786796356035754,-2.1906139126699395,2.324893823228669
1768910947.2796426,0.7401912375964717,-2.1673945348337895,2.290301756939896
1768910947.299877,0.7355587342590342,-2.2063018008846065,2.3256857672805693
1768910947.319642,0.8381327389099278,-2.1277613556859594,2.28688322281292
1768910947.3399558,0.8355723849940677,-2.2164732604741815,2.3687412110574098
1768910947.3595846,0.8330738103183863,-2.2331583445695884,2.383486556571943
1768910947.3795915,0.8330123550820714,-2.3877784884645945,2.528911958470212
1768910947.4002032,0.7884354461340815,-2.216501297430292,2.352553602839012
1768910947.4198036,0.7851389070231525,-2.3609466726868735,2.4880740130857704
1768910947.4396183,0.88018890942603,-2.3354156002023987,2.495776140190725
1768910947.459731,0.8787325650367279,-2.453343146316784,2.60596690585962
1768910947.4796255,0.882807414089295,-2.2540294723094427,2.4207432314086126
1768910947.4996305,0.8814578182753934,-2.344013124203107,2.5042694367490146
1768910947.519948,0.8616281666205561,-2.375655995238473,2.527082211806019
1768910947.539645,0.8599327171491158,-2.495292628257223,2.639312330638097
1768910947.5597143,0.8337545971058047,-2.338363514130681,2.482557280791855
1768910947.5796082,0.8316409268265952,-2.3482073226467945,2.4911250994891896
1768910947.599701,0.9126926265668569,-2.2586338201124514,2.436069490787419
1768910947.6195774,0.9505931577596991,-2.205843581373698,2.401951968101589
1768910947.6396239,0.9507919213240195,-2.2403090588266306,2.433719366877719
1768910947.659999,0.9030207513515816,-2.109885066881247,2.2950079461344046
1768910947.6795754,0.9022178274245292,-2.255510202584075,2.429263938332657
1768910947.69961,0.8864007576172659,-2.156856301989814,2.3318952400435227
1768910947.719838,0.8853017787680146,-2.3008825947550795,2.4653234989219324
1768910947.7395945,0.884211173507901,-2.4187826826153684,2.57533280666329
1768910947.7597494,0.87049907003684,-2.2237731734940294,2.3880820249913337
1768910947.7796938,0.9789122941110042,-2.1430104596282304,2.3560057533116656
1768910947.7998843,0.9797511515484789,-2.192395501574551,2.4013559407728167
1768910947.8196247,0.9270894210676053,-2.1225074784438216,2.3161461073743634
1768910947.8397365,0.9269077072354177,-2.143147177279449,2.3350027240269524
1768910947.8596733,0.9678289131614104,-1.9861938493580427,2.2094476260773677
1768910947.8796067,0.9684831133287553,-1.9476147645144462,2.1751236313730815
1768910947.899713,1.1110513726742415,-2.098755790650495,2.3747023016602102
1768910947.919554,1.114333046822435,-2.147320171341981,2.419239975176652
1768910947.9397094,0.9114502888346658,-1.9665517293309664,2.167502556665484
1768910947.9597218,0.9107480786504061,-2.0697342824773264,2.261252321795898
1768910947.9796336,1.072874605303987,-1.9681809030947814,2.2416056713911963
1768910947.9999616,1.0753785795103985,-2.0083246176400706,2.278114759859331
1768910948.0195646,1.0777281843205717,-2.080791756164187,2.3433293348993343
1768910948.039778,1.1454668903615657,-2.1650484684685227,2.449393653076714
1768910948.0597053,1.149231334118129,-2.1211211600137143,2.4124443278088017
1768910948.0797188,0.9768408238648822,-2.0719667077427792,2.290690732762385
1768910948.0996675,0.9772020834900639,-2.050454568058525,2.2714065791155478
1768910948.119613,0.9069627772202766,-2.0200841928892377,2.2143445137611444
1768910948.1397128,0.9059606100276074,-1.9955834959126975,2.1916017238724597
1768910948.1597588,0.9049005790010574,-2.028981563090097,2.221623559749937
1768910948.1795905,0.9039669654624154,-1.949541877936511,2.1489229414931437
1768910948.1998467,0.9029965208213149,-1.8975491597415672,2.1014508155679796
1768910948.2196167,0.9019626149243312,-1.9025521275335784,2.1055263372144464
1768910948.2396283,0.900958023577008,-1.8790137802633735,2.083846958552245
1768910948.2597113,0.9000875516559246,-1.7431355144777614,1.961805041914106
1768910948.2796757,0.8990489611641461,-1.7480454243417523,1.9656937299926627
1768910948.2999651,0.8978196093398925,-1.8903363858194862,2.0927139561985806
1768910948.3204637,0.8966874520694423,-1.948037608177235,2.1445043505602106
1768910948.339701,0.8956613109028169,-1.9571104695463104,2.152322135242755
1768910948.3596556,0.8945010219331735,-2.04576488501926,2.2327754125790076
1768910948.3799052,0.8936247427649793,-1.9092231363725238,2.108008103718274
1768910948.3996313,0.8922015270041825,-2.1947331392983607,2.369151138598598
1768910948.4197934,0.8911707160364069,-2.1697506870558394,2.3456349436986415
1768910948.4396343,0.8898805516762582,-2.3430283761446784,2.506325870207386
1768910948.4597018,0.8888088561622576,-2.346745343422463,2.5094212260335
1768910948.4795868,0.8875448303354316,-2.4920690088924626,2.645400493486272
1768910948.4996045,0.8864697402433661,-2.496429075732104,2.6491483028565592
1768910948.5196187,0.88535197381277,-2.5288611701666905,2.6793631585716433
1768910948.5398405,0.8843869891767779,-2.4477343654672286,2.6026032871942704
1768910948.5598335,0.8832305081461582,-2.5096209625532904,2.660506249984582
1768910948.579951,0.8823116721342581,-2.401828791063153,2.5587605257945176
1768910948.5997055,0.8811417670174002,-2.4621644071444884,2.6150840103889044
1768910948.6201634,0.8802907629447301,-2.295402627789878,2.4584110825877947
1768910948.6399553,0.8789059780416641,-2.496476160462781,2.6466712939079464
1768910948.659904,0.877868172648256,-2.4754263520006745,2.626478279508162
1768910948.6795845,0.8764276676073015,-2.6761855080097696,2.816042316768177
1768910948.699969,0.8754403850505961,-2.6221086197372365,2.7643895314296523
1768910948.7197793,0.8740692513064054,-2.7951603221670442,2.9286376154615503
1768910948.7398434,0.8732414625818858,-2.632947795736621,2.7739799471240745
1768910948.7596796,0.8717623872191274,-2.860982688925172,2.9908513179527163
1768910948.7799163,0.8707356695239721,-2.8082567837446,2.940150807293552
1768910948.799781,0.8691932701664644,-3.0647965165056243,3.185667061776494
1768910948.8197296,0.8682637240935591,-2.9573928316931406,3.0822158028805817
1768910948.8395998,0.866951815244934,-3.04567231794792,3.1666583835757756
1768910948.8600082,0.8659516534414893,-2.9916075473247252,3.1144161544835827
1768910948.8795955,0.8648365778459146,-2.9988347326081843,3.121049832969258
1768910948.8997111,0.8639505292088225,-2.8628801113376774,2.990400148611058
1768910948.9198382,0.8625126176084663,-3.0343676573400025,3.154570508871986
1768910948.9396803,0.8613267645650673,-3.0673951395013273,3.186031502856256
1768910948.9596033,0.8598759932379547,-3.239808861970401,3.3519767579517765
1768910948.9797394,0.8588794892315086,-3.1590427903337783,3.273717356184312
1768910948.9996498,0.8573130857227458,-3.3880877263236275,3.4948711232628114
1768910949.0197973,0.8561569640808946,-3.3920004326216144,3.498381294548871
1768910949.0396383,0.8547326313321086,-3.5364294584114564,3.638255239174989
1768910949.059625,0.8534683261855776,-3.568188571817842,3.668838762858551
1768910949.0796132,0.8522477632549377,-3.628860418217773,3.7275936185266647
1768910949.0996146,0.8510835301408735,-3.63294953310492,3.7313088166706745
1768910949.1196032,0.8498097246345129,-3.693333668439534,3.7898403864163477
1768910949.1398337,0.848690110235494,-3.6678632801581834,3.76477037083861
1768910949.1598783,0.8475874823914245,-3.6458403285039545,3.7430677580365086
1768910949.1796744,0.8462016002460899,-3.73340470275809,3.8281023788340964
1768910949.1997685,0.8450826262531423,-3.7376902288926193,3.8320350849586786
1768910949.2204416,0.8437189752209715,-3.820373484358436,3.912430864454597
1768910949.2395828,0.8425815005446982,-3.8308207772271246,3.922388483092309
1768910949.2596354,0.8410808274497814,-3.9743254410798627,4.062349033492599
1768910949.279803,0.8400133210038838,-3.9500202260579886,4.038351416819886
1768910949.3000968,0.8387730107314688,-3.9793521371327056,4.066790330817924
1768910949.3195639,0.837176532006894,-4.211269551936088,4.2936762552394505
1768910949.3400056,0.8363351719974803,-4.046397612126,4.13192329978898
1768910949.3597264,0.8347227031414253,-4.27504832007406,4.355777787044212
1768910949.379926,0.8335521914028758,-4.279025368717722,4.359457232491491
1768910949.3997605,0.831990378796795,-4.4784239159360055,4.55505090654737
1768910949.4197242,0.8308853727758558,-4.456240796829935,4.533040099317936
1768910949.439793,0.82948748006819,-4.570937972154255,4.64559182719183
1768910949.4597266,0.8284917500411941,-4.492385635662426,4.568142650946052
1768910949.4796495,0.8272141751144693,-4.552853646548044,4.627392312998341
1768910949.4997873,0.8262675527674253,-4.44505382844493,4.521196921892388
1768910949.519687,0.824713045935721,-4.645458153975287,4.718096339464897
1768910949.539676,0.823711170495967,-4.565678115490073,4.639387540038536
1768910949.5597537,0.8221516739897199,-4.765137532222777,4.8355422732142745
1768910949.5798442,0.8210345102461263,-4.740452003765917,4.811027215369228
1768910949.5996392,0.8195996795409055,-4.8863800492416765,4.9546396054940915
1768910949.6203318,0.8186387798787331,-4.7464335821848955,4.8165133864668
1768910949.6396394,0.8171058876324473,-4.979006312893134,5.045608575328974
1768910949.6596196,0.8162167593553953,-4.843458259340988,4.911750981903608
1768910949.6797564,0.8146763874482463,-5.042114386177534,5.107505761089671
1768910949.6997936,0.8137869075343156,-4.906057118928516,4.97309215529568
1768910949.719903,0.8123113148757941,-5.072606010253809,5.13723480167476
1768910949.73974,0.811272202793468,-5.019518141790577,5.084655835235075
1768910949.759618,0.8097716820342189,-5.209779237895191,5.272336283340462
1768910949.779666,0.8087849683569361,-5.127084911803326,5.190484834568101
1768910949.799714,0.8072571257058252,-5.338490897739465,5.39918041301177
1768910949.8196468,0.8062789337417584,-5.255045449341383,5.3165391368482675
1768910949.839609,0.8047395629757785,-5.460697431185208,5.519675914324244
1768910949.859741,0.8038528841699977,-5.349615130211539,5.409672956914924
1768910949.8798764,0.802597908595164,-5.418910471685255,5.478024653378391
1768910949.899829,0.8017267513494035,-5.282985927839018,5.343473224184281
1768910949.9199076,0.8002684952114008,-5.479308211798596,5.537440577045631
1768910949.9397652,0.7993580372846436,-5.369022796085414,5.428202193789063
1768910949.9596322,0.7979754583737195,-5.536520812157896,5.593731092537813
1768910949.9797857,0.7971397157825963,-5.372749655175291,5.43156244405458
1768910949.9996047,0.795776067692203,-5.536556978178012,5.593453559521461
1768910950.019799,0.7946997884187148,-5.522177296804589,5.579067112972991
1768910950.0396392,0.7933258225316386,-5.705821254620499,5.7607084677472224
1768910950.0597608,0.7924896623625184,-5.541968269533903,5.598343698405098
1768910950.079678,0.7912424862953316,-5.648048039539869,5.703201848880064
1768910950.1003616,0.7900904838756819,-5.674349187843024,5.729090824754456
1768910950.1196759,0.7888119498371502,-5.803456322448401,5.8568190665900035
1768910950.1397252,0.7877958968067293,-5.783441632974569,5.8368501348800335
1768910950.1597996,0.7867493507715784,-5.762132337987477,5.815594863934431
1768910950.1796293,0.7857788826136431,-5.693809140098452,5.747774436791184
1768910950.1995256,0.7846724637410603,-5.719127006127856,5.772705136032364
1768910950.2195685,0.7837341509925295,-5.625523683945623,5.679855274394332
1768910950.2397697,0.7827290464306644,-5.554010987543084,5.608894972262857
1768910950.2596524,0.7814640213020443,-5.716306649769255,5.769475516092061
1768910950.2800138,0.7803231817455538,-5.756801214667053,5.8094461434083
1768910950.299705,0.779239785634215,-5.7771473837697975,5.829463657774484
1768910950.319777,0.7782166739434704,-5.726242480202959,5.778881737298712
1768910950.339781,0.7771279851892761,-5.765738969342593,5.81787536545431
1768910950.3600798,0.7761572981448994,-5.689368011204213,5.74206657209557
1768910950.3797033,0.7750955049548507,-5.707416292936561,5.759806748726811
1768910950.400006,0.774008518360235,-5.718361442874411,5.77050663095078
1768910950.4197304,0.7729221080196726,-5.754716572391207,5.8063905667479485
1768910950.439714,0.7717991929557391,-5.808124673266217,5.859179653710145
1768910950.4595761,0.7706956593766119,-5.861509616542694,5.911959639933651
1768910950.4795778,0.7697015003925864,-5.826578984993951,5.877198573136672
1768910950.4999268,0.7687585058713182,-5.747571214984713,5.798755427819866
1768910950.519633,0.7677469845050249,-5.7328838334401055,5.784063664927581
1768910950.5396996,0.7667907493454047,-5.675336095324308,5.726902116168273
1768910950.5596313,0.7657667864887561,-5.680198832987571,5.7315842097593475
1768910950.5797713,0.7648125683229505,-5.620255477262642,5.672055173776563
1768910950.5997155,0.7638452296627891,-5.581706991866891,5.63372989039538
1768910950.6197445,0.7627332320796256,-5.6855073860201415,5.736441076120997
1768910950.640004,0.7617574640755516,-5.643065555824613,5.694248264820297
1768910950.659704,0.7607375999797128,-5.703581330654249,5.7540908657589505
1768910950.679908,0.7597424248166282,-5.6988520028277385,5.749271493171981
1768910950.699576,0.7587696452964758,-5.736610430348168,5.786573304141471
1768910950.7196336,0.7578265644231976,-5.710542728859107,5.760607551280601
1768910950.7398427,0.7569349451268783,-5.625496978517798,5.67619298178516
1768910950.759727,0.7560087398799054,-5.599115767008026,5.649924476232641
1768910950.7796404,0.755136120240536,-5.493887507448033,5.54554149786885
1768910950.7997296,0.7541920627723924,-5.50363215394151,5.555067286131441
1768910950.8196075,0.7533290258450513,-5.398566973755219,5.450874241009532
1768910950.8397126,0.7524182350051616,-5.367870418524554,5.420347408648199
1768910950.8596108,0.751560001388027,-5.262304049031556,5.315701867123502
1768910950.8796566,0.7506069424019097,-5.361958843649578,5.414241721882563
1768910950.8997817,0.7497573130033084,-5.235601816854892,5.289013368583614
1768910950.919667,0.7488492290325643,-5.313729824968988,5.36623702612805
1768910950.9398777,0.7479939332095933,-5.223233089246172,5.27651957531804
1768910950.9596097,0.7471183676384312,-5.296715125429973,5.34914731291085
1768910950.9797194,0.7462768154992636,-5.187145714327627,5.240554335852191
1768910950.9996002,0.745433681679736,-5.274107288193957,5.326525984275606
1768910951.0196571,0.7445991828564695,-5.128207443462749,5.18198220049985
1768910951.0397542,0.7437807912001109,-5.15831476663606,5.211662028283674
1768910951.0596292,0.7429587959624362,-5.064935813908608,5.11913689712553
1768910951.0795636,0.7421542131085577,-5.040137788442532,5.094485430592687
1768910951.0997436,0.7413286756999691,-4.911053258876198,4.966690277934954
1768910951.1195815,0.7405704468923,-4.969720363481596,5.024596011423595
1768910951.1396554,0.7397429459800549,-4.823129471325352,4.879528411977373
1768910951.1596615,0.7390047821624348,-4.861019774191195,4.916873123554925
1768910951.1797073,0.7382302824112763,-4.797568808280271,4.854034447761245
1768910951.19964,0.737545263843522,-4.847923394469689,4.903706175421251
1768910951.219688,0.7367496636138924,-4.733303210532188,4.790298461439486
1768910951.2398856,0.7361065585047877,-4.793464007329366,4.849654632552288
1768910951.2596145,0.7353605880743759,-4.711204192646058,4.76824916917089
1768910951.2796872,0.7346780669275494,-4.6891272902975984,4.746331910711481
1768910951.2997537,0.7338806349683082,-4.557091549059773,4.615805907194701
1768910951.3196387,0.7332223200837547,-4.518191652130071,4.5772995069196485
1768910951.339659,0.732384403150415,-4.370304012112747,4.431246333963704
1768910951.359777,0.7317096307086013,-4.329118820873987,4.390520327810486
1768910951.3797584,0.7309636978946417,-4.227234980384907,4.289967774591039
1768910951.399585,0.7303988737862088,-4.244581153596759,4.306965484456191
1768910951.419793,0.7296097779642254,-4.110594772654508,4.174843687262503
1768910951.4396856,0.7290959932270917,-4.1393791449532955,4.203098936857669
1768910951.4596226,0.7283134245626748,-4.005229637056033,4.0709095899995384
1768910951.479887,0.7277876388269071,-4.013482253256477,4.078935479317359
1768910951.4997194,0.7272106341513824,-3.9795321334475062,4.045430917413387
1768910951.5197003,0.7266367862027217,-3.9425617273774165,4.008964204535158
1768910951.539765,0.7259506578116186,-3.8485032572156364,3.9163735366249837
1768910951.5598955,0.7254170520557022,-3.8215064443920603,3.8897482442882128
1768910951.5798297,0.7248067997505467,-3.753720661818093,3.8230568533471603
1768910951.599755,0.7242705644788403,-3.712290523588109,3.782283540679172
1768910951.6195714,0.7236015212762794,-3.6151420030544514,3.6868483646390855
1768910951.639631,0.7229334572446273,-3.5172015076948107,3.59072962353535
1768910951.6596808,0.7222344107223613,-3.4058974151495534,3.4816317649277453
1768910951.6798198,0.7216006035670999,-3.3190737396701273,3.3966097686422922
1768910951.6998258,0.7209088288494367,-3.2076806272344847,3.287692891048141
1768910951.719684,0.7201815005426759,-3.082889638115894,3.165891646049537
1768910951.7396312,0.7198518494822856,-3.0967322994491937,3.1792982904494758
1768910951.7599628,0.719186029953125,-2.992580675594816,3.0777861598271024
1768910951.7796779,0.7187734170334803,-2.966577383220276,3.0524116032520983
1768910951.7997692,0.7183143176119557,-2.910205013452746,2.9975437743612394
1768910951.8196132,0.7177505027064894,-2.8428765192231893,2.9320833357334806
1768910951.8399992,0.717019950692996,-2.7122805311615465,2.8054559860047257
1768910951.8597941,0.7168150675414697,-2.7343333707408704,2.8267300584600594
1768910951.8796697,0.7160297305715488,-2.5840638083843785,2.6814332624296924
1768910951.8997731,0.7156691722664048,-2.554525373357947,2.6528818758591646
1768910951.9198058,0.7149956744136441,-2.4352874516091774,2.538078758903148
1768910951.9396143,0.7144106278916871,-2.338857692323977,2.445534266819345
1768910951.9596817,0.7139428578338283,-2.2725300995940074,2.3820385088853375
1768910951.97962,0.7133986794579714,-2.1839786515387445,2.2975422577679327
1768910951.9997056,0.7129779550560444,-2.1249608991247086,2.2413826953924643
1768910952.0197995,0.7125207948140053,-2.054090122430793,2.174160093946656
1768910952.0398061,0.7120197700719348,-1.9707037930307578,2.095386740637419
1768910952.0597289,0.7115722945539211,-1.8976389664828872,2.0266644461999554
1768910952.079633,0.7111246530407156,-1.8224513805577587,1.9562789439799118
1768910952.0996225,0.7107621844990737,-1.763964434512694,1.9017763825275524
1768910952.1197376,0.710099673662377,-1.6379556374163684,1.7852563448086316
1768910952.1395855,0.7093980487101916,-1.5030705138360787,1.662066954450777
1768910952.1596286,0.708909409020861,-1.4131965036231051,1.5810366561376354
1768910952.179696,0.7082505776305643,-1.286459150178338,1.4685353335182643
1768910952.1999073,0.7075826967281547,-1.1575728678149702,1.35670491154505
1768910952.2197604,0.7070117341712523,-1.0479807850549392,1.2641713958558816
1768910952.23969,0.7065772500531384,-0.9647535672221181,1.1958264321215086
1768910952.259851,0.7061737194519591,-0.8766264237105261,1.1256798873534701
1768910952.2798111,0.7056113641118431,-0.7655631561775067,1.0411408854042
1768910952.2996776,0.7051273771944437,-0.6684177173726482,0.9715898635570344
1768910952.3197386,0.7046843717946238,-0.5775125618350074,0.9110986900049944
1768910952.3395784,0.7040292058312483,-0.45533812585342304,0.8384449484128853
1768910952.3595796,0.7034135297783966,-0.33132280018993043,0.7775380323823393
1768910952.3796816,0.7028851174016104,-0.22239998760354496,0.7372307934091824
1768910952.3998318,0.7023957674005343,-0.11953537920399526,0.712494576080147
1768910952.4197526,0.7019498640647646,-0.023438813958414073,0.7023410778676686
1768910952.4399579,0.70137000146467,0.0963858788767169,0.7079619457297041
1768910952.4598083,0.7010381631073503,0.18179632755620645,0.7242267675568553
1768910952.4799616,0.7004027827523123,0.3042339213147045,0.7636244737864971
1768910952.500128,0.6998032210292022,0.4355609007078556,0.8242801989543876
1768910952.5200193,0.6993319026114637,0.5303230863137358,0.8776717415340977
1768910952.539652,0.6989344855031643,0.6196847509618522,0.9340870439098412
1768910952.5597234,0.6985443558744437,0.7079300488739975,0.9945497329056913
1768910952.579615,0.6978574127231019,0.8462663372596211,1.0968918278806696
1768910952.5995994,0.6973047259519314,0.9616605887883267,1.1878657200473501
1768910952.619635,0.6966082342553177,1.1014960049270641,1.3032867991745312
1768910952.6395674,0.6960418795249197,1.218756246674424,1.403510273158167
1768910952.6598737,0.6953914759181297,1.3505167119319523,1.5190341319361742
1768910952.679618,0.6949414010231791,1.446207634537572,1.6045124097528254
1768910952.6999843,0.6941519098918665,1.6020104302934257,1.745933645009298
1768910952.7196596,0.6936787813879395,1.705838394294581,1.8414871379397062
1768910952.7396464,0.693035594595659,1.8288150246642516,1.9557256274371069
1768910952.7596264,0.6924596027607368,1.944120418390881,2.0637597977138453
1768910952.7796803,0.6918214249253847,2.0701784773386223,2.1827175291415624
1768910952.7997108,0.6911705823771612,2.1978655575454127,2.303981289634964
1768910952.8200464,0.6904563010209959,2.3373881926132256,2.437234799231973
1768910952.8396025,0.6897802170585949,2.468749866631775,2.5633030745192444
1768910952.8597827,0.6890809661967694,2.604012389197365,2.6936430908841733
1768910952.879811,0.6883521454514572,2.7491135150532244,2.833981967972965
1768910952.8996677,0.6876130697189948,2.887631910113214,2.9683715707357914
1768910952.9196396,0.6869121394932458,3.0211355783562226,3.098242803621591
1768910952.9396777,0.68614044152402,3.170159816656252,3.2435631593414023
1768910952.9601068,0.6854382146510725,3.301547057030845,3.3719487712438756
1768910952.9797885,0.6847167501258058,3.437275198757291,3.5048106681951907
1768910953.0008504,0.6839726681005542,3.5769249601285296,3.641731838164237
1768910953.019595,0.6832168388737179,3.7201341012421523,3.7823515146196223
1768910953.039546,0.6824949017304647,3.8521151756850713,3.9121082062784645
1768910953.059542,0.6817486479925581,3.992099078676688,4.049893365634574
1768910953.0795891,0.6809806529301783,4.131445642624108,4.18719210780004
1768910953.0995884,0.680181064735061,4.283438173823335,4.337106047791673
1768910953.1196167,0.6793904604080865,4.4317653972727555,4.483538327499572
