timestamp,delta_x,delta_y,dist_error
1768918213.1279805,-1.0944611943314555,-0.07472223084463536,1.0970089870551814
1768918213.1476333,-1.0945539255183139,-0.07493060330803747,1.0971157145805803
1768918213.167959,-0.09547446795266012,-0.07508944604725709,0.1214652169904103
1768918213.1876502,-0.09391331595773655,-0.07711495939106783,0.12151719168933957
1768918213.2076726,0.005240588514758615,-0.07890988775222496,0.07908371610546487
1768918213.2276232,0.006951542630476815,-0.08216709493432806,0.08246062960522564
1768918213.2476406,0.06582499133128294,-0.08585412284062688,0.10818437915196871
1768918213.2676897,0.06773965170648932,-0.08940681600031031,0.11217058063783848
1768918213.2877038,0.10675882970343309,-0.09594363689209207,0.14353615983343096
1768918213.3077297,0.1089974904570038,-0.10511835422278182,0.15142761082586909
1768918213.3281503,0.07288058735378589,-0.10613039001361546,0.12874486280032668
1768918213.3475735,0.0751753842032018,-0.11732409968775492,0.13934232220557133
1768918213.367573,0.18482734536854417,-0.13854003321927166,0.23098590519852072
1768918213.3876584,0.18790593545709156,-0.15132659465285503,0.24126412669361796
1768918213.4076395,0.28229937486354817,-0.153655517601206,0.3214077708109196
1768918213.427583,0.28596284068990907,-0.1667102396716169,0.3310091392496743
1768918213.4477766,0.38613485986732476,-0.16905708043394174,0.42152156107322286
1768918213.4678364,0.3901536555130729,-0.17887843639532353,0.42920551012009317
1768918213.4877276,0.7241831534255986,-0.20318946621923306,0.7521483888754272
1768918213.5079765,0.7297357417083278,-0.2057392977421202,0.7581839561491815
1768918213.527622,0.7365104977060516,-0.2224619450449863,0.7693744408442578
1768918213.5475886,1.1492041391477197,-0.2248515934497739,1.1709946167729184
1768918213.5676482,1.2071566406512617,-0.2441624883155047,1.2316015897070198
1768918213.587744,1.2169041226278223,-0.25648049688844843,1.2436389705025874
1768918213.6076913,0.9845930339437388,-0.2551364969448553,1.0171126164608462
1768918213.6277893,0.8058091199440865,-0.2729136885745982,0.8507703680761667
1768918213.6476574,0.8150474861258428,-0.31367717090978253,0.8733245514641282
1768918213.6676633,0.9888345152804335,-0.2980580434884308,1.0327789191777885
1768918213.68766,0.9976083577007356,-0.31772964606725473,1.0469835544765647
1768918213.7077484,0.9601038137148006,-0.30145758974921755,1.0063180469052078
1768918213.7278125,0.9709043802078503,-0.3401107623201636,1.0287519847625048
1768918213.7475574,0.9843796381852086,-0.39994748566522365,1.0625258883262922
1768918213.767534,1.0317317048881147,-0.39358743868430857,1.104256031344819
1768918213.7883475,1.0707085048933784,-0.36542206804454214,1.1313487482933648
1768918213.807912,1.0821497791784533,-0.39985419162932345,1.1536600535424268
1768918213.8277133,1.106495682597386,-0.4244593709221691,1.185115375467848
1768918213.8476708,1.1163224374814908,-0.4439778814995714,1.2013709434165054
1768918213.8677745,1.0778988697534841,-0.4447254469795636,1.1660388915499393
1768918213.8877008,1.0882798198200723,-0.4708538276102443,1.1857724457933851
1768918213.907613,1.103236433225686,-0.5273809594702792,1.2228087765502527
1768918213.9287255,1.0722510932870986,-0.4430828499247115,1.160191716464474
1768918213.9476025,1.0906442847108582,-0.5229288058495491,1.2095286237868432
1768918213.9676898,1.076488477315956,-0.4510147779152147,1.1671511348972488
1768918213.9876072,1.0927300153992028,-0.511141622133386,1.206368370122282
1768918214.0076363,1.1011420228767221,-0.5232952957325505,1.2191602524200242
1768918214.0276787,1.0664847488092857,-0.5284755512319546,1.1902420458430811
1768918214.0477247,1.1061834394074195,-0.48177594014811476,1.2065445943374111
1768918214.0678852,1.1221744378563203,-0.5339664548314822,1.2427371579957887
1768918214.0876722,1.1029987672904777,-0.5193265018689397,1.2191416226951417
1768918214.1079423,1.1144513436317594,-0.5466765071216475,1.2413126120205813
1768918214.1278524,1.0970818365110684,-0.5854253761973176,1.2435077109122683
1768918214.1475825,1.109386929584224,-0.6190395779660065,1.270413066140554
1768918214.1676245,1.0931730740576273,-0.5770410857260728,1.2361245020063827
1768918214.1876967,1.1041863302210986,-0.6037486489236912,1.2584672752695318
1768918214.2078595,1.083957906703807,-0.5274810397568332,1.2054878642311788
1768918214.2276366,1.1008397211363028,-0.5829075302395417,1.245644122709779
1768918214.2476032,1.0836866190376748,-0.6195324168021195,1.2482776549109502
1768918214.267954,1.1007403826245399,-0.674845733907631,1.2911414153816567
1768918214.287832,1.1101777900900602,-0.6945394649096102,1.3095341896743962
1768918214.3076982,1.04410406477218,-0.7273277897897268,1.272461791911332
1768918214.3279908,1.0476818603827367,-0.6903480212425057,1.254678313755552
1768918214.347755,1.065568534482315,-0.750261057557875,1.3031991237591627
1768918214.3676302,1.0445015130718416,-0.707759667585969,1.261708031943511
1768918214.3878713,1.0539339676776072,-0.7304960247842729,1.2823420957179439
1768918214.4076014,1.0312895319655415,-0.6968381076046972,1.2446451088369734
1768918214.4277754,1.0331894480229031,-0.6889585661878108,1.2418310438338362
1768918214.4476776,1.0567936413170642,-0.637042103382254,1.233951150495783
1768918214.4679992,1.0618876130052788,-0.6396891548477823,1.2396804094136193
1768918214.4876864,1.0524699185815214,-0.6830323245317507,1.254681667146787
1768918214.5079527,1.0587102367708523,-0.6917913777063962,1.264690743111654
1768918214.5276587,1.0510477695286142,-0.693169727746306,1.2590415740931524
1768918214.547662,1.0497820940234532,-0.667329966354723,1.243933972896979
1768918214.567685,1.066352895839147,-0.7158341843670044,1.2843391600246834
1768918214.5876942,1.0473678459747728,-0.6916100648310337,1.2551111052641604
1768918214.607564,1.063858209132571,-0.7389891757447771,1.2953375201107649
1768918214.6282647,1.056075157813871,-0.7025033746914398,1.2683870585923107
1768918214.647621,1.0678360043252568,-0.7314313475986021,1.2943204967793862
1768918214.6676483,1.0764334111662,-0.7480303134843247,1.3108234963435612
1768918214.687677,1.0389358317888606,-0.7092576071242886,1.2579483359178483
1768918214.7076902,1.0367043430947067,-0.7068004382446533,1.2547201897213025
1768918214.727958,1.0445679607039504,-0.721904191880407,1.2697511121411602
1768918214.747605,1.0353014204535722,-0.7121940398447122,1.2566102743426524
1768918214.7676253,1.0447026740022085,-0.7329624803044559,1.2761808941531074
1768918214.7876637,1.0795112355095338,-0.7101221251127425,1.2921369664884437
1768918214.807601,1.0947381183728153,-0.7476676123630344,1.3256916709382665
1768918214.8277948,1.0672664126359168,-0.6837310531535867,1.267495857424099
1768918214.847858,1.0926991547628733,-0.755067191526348,1.3282010038164347
1768918214.867751,1.060623358870423,-0.7101303335966955,1.2764039329599906
1768918214.8876662,1.080715940194326,-0.7632717307585146,1.3230762178972173
1768918214.9079714,1.0339857091270046,-0.7154214195903839,1.2573600336767488
1768918214.9276428,1.0591265530236604,-0.7854181936947988,1.3185714976089014
1768918214.9476874,1.0269464354644884,-0.7287023816804741,1.259216479553859
1768918214.9683416,1.0407865957191493,-0.7617646864444048,1.2897760175093962
1768918214.9876559,1.010570311045299,-0.7194014840295178,1.2404800880264322
1768918215.0076637,1.041499111439066,-0.691027185969916,1.2498955839900645
1768918215.0277636,1.0499693855118715,-0.7054906498829778,1.2649714493159454
1768918215.0477438,1.0509010532790106,-0.6968594530964052,1.2609544484844626
1768918215.0676305,1.0515651874737324,-0.6893476341206157,1.257374051018374
1768918215.0876274,1.049449114848363,-0.6952633712254785,1.2588624229930092
1768918215.1076815,1.050222546788881,-0.6863454410697418,1.2546064969786113
1768918215.1277838,1.0229048268138055,-0.6936941435294486,1.2359392580082715
1768918215.1476402,1.0368837767743802,-0.7249388439945412,1.2651736221049048
1768918215.167544,1.0339433306515429,-0.7147320106535546,1.2569330364230542
1768918215.1876152,1.043957545104428,-0.7333399450787823,1.2757879255693776
1768918215.2076588,1.0348922209472697,-0.7106191223613001,1.2553809963683205
1768918215.2277129,1.042754188576959,-0.7224798231789942,1.2685871640118163
1768918215.2477627,1.0249662866934766,-0.6950275922381066,1.2383938157268526
1768918215.2676756,1.051806698084224,-0.6485621310817162,1.2356901585786364
1768918215.2876475,1.061881236922158,-0.6635860336853399,1.252173384731353
1768918215.3076515,1.0434114030765596,-0.6285140102274966,1.218087524409656
1768918215.327822,1.0447246685809088,-0.6200249819919899,1.214858268044325
1768918215.3479,1.025141857630454,-0.62756404957159,1.2019785624463988
1768918215.3675878,1.032646492409609,-0.6364795277517614,1.2130395572828505
1768918215.3878012,1.0401258709727237,-0.6447948037244191,1.2237737398623894
1768918215.4075906,1.0571015555286458,-0.6763101219135534,1.25493389455533
1768918215.4276607,1.0649195348202871,-0.6846886586413543,1.2660379832034874
1768918215.4476216,1.056976235177895,-0.6640061815367861,1.2482399492284728
1768918215.4679983,1.013213787156701,-0.6327614386078726,1.1945665392407112
1768918215.487617,1.0361343763932753,-0.679411754606229,1.2390217020863663
1768918215.5075538,1.0226085363479176,-0.6654112982512195,1.2200411527698578
1768918215.5279431,1.0339405136284152,-0.6825000606193101,1.2388863218502144
1768918215.547831,1.0610748840479043,-0.6376764739492535,1.2379463619178444
1768918215.5678358,1.0482846944488478,-0.6035678403282505,1.2096259498267317
1768918215.5876834,1.0508921794225807,-0.5975042031611277,1.2088778455934892
1768918215.607706,1.0760307078991072,-0.5849539972824322,1.2247502860904134
1768918215.6276503,1.0790567246653917,-0.5782878451417215,1.2242468079943107
1768918215.6477387,1.06137037989241,-0.5460540487039371,1.1936004806546117
1768918215.6678061,1.0688158850595335,-0.5494659060369664,1.2017820842617926
1768918215.6877792,1.0401504521558567,-0.612824549222269,1.2072559344436913
1768918215.7076473,1.0472055924357246,-0.6175417983962497,1.2157291744443461
1768918215.727621,1.0421557526265306,-0.6027629863562878,1.2039152089967635
1768918215.7476969,1.049068881481848,-0.6065411894838271,1.2117911258273975
1768918215.767711,1.0347902477900803,-0.5785120120752565,1.1855239369311856
1768918215.787842,1.0540811171556546,-0.6087633798827341,1.2172427260946614
1768918215.8076997,1.0585702201115588,-0.6066422672497489,1.2200761252155334
1768918215.8277128,1.0361752948183285,-0.5886792428034728,1.1917224897179377
1768918215.8476164,0.9395741797030775,-0.5321138285318823,1.0797892228021024
1768918215.8676624,0.8995236373253033,-0.47731857055381566,1.0183200832265273
1768918215.8876839,0.8956302417800714,-0.4610864812952431,1.0073501244474325
1768918215.907691,0.8774937560241801,-0.4779344815426356,0.9992080166356009
1768918215.9278157,0.8759273700896324,-0.4674534563422441,0.9928552218316878
1768918215.9476979,0.8824659511481315,-0.43510860237060567,0.9839032730876945
1768918215.9677663,0.8916729433029036,-0.4454383177267143,0.9967426612309059
1768918215.9878035,0.8996722661940677,-0.47622305151379885,1.0179383976213314
1768918216.0077338,0.9038104651550913,-0.4759161388252404,1.021454613831759
1768918216.0278616,0.920077117796311,-0.45286966749675295,1.0254915106576876
1768918216.0476193,0.9356349572026366,-0.47338750632398785,1.0485745106015227
1768918216.0676086,0.9236911061397592,-0.4761821532396846,1.03920869060342
1768918216.0875971,0.9420474755964225,-0.5016205987488422,1.0672753493671345
1768918216.1079423,0.9153053317098896,-0.42679969668601125,1.0099216956516095
1768918216.1279233,0.9197245996956209,-0.42478728982155434,1.0130832053090266
1768918216.1476223,0.9285791235826293,-0.42213447888442657,1.0200277971783467
1768918216.168215,0.927427119602073,-0.4089018042755752,1.013568817453072
1768918216.187894,0.9000164543723704,-0.4031973592235194,0.9862036953012461
1768918216.2079406,0.9071661506019622,-0.40621969002150804,0.9939642153312924
1768918216.227663,0.9215773431464911,-0.4313738978120678,1.0175402886935345
1768918216.247814,0.9377801363306728,-0.4502585383585893,1.0402712797444658
1768918216.26776,0.9169701987895351,-0.41572597398663413,1.006808040748213
1768918216.2877085,0.8692660549091313,-0.3523115119156375,0.9379482265272254
1768918216.3076978,0.8755100791477831,-0.35285168835702385,0.9439397293608103
1768918216.3277872,0.8818961352414977,-0.35331936903791195,0.9500396675356446
1768918216.3475914,0.9027802481390722,-0.4027603975713683,0.9885484885840914
1768918216.3675938,0.9007008082857693,-0.35272168069804777,0.9673027086083723
1768918216.3876064,0.9077823589577972,-0.35336421894191394,0.974132990131949
1768918216.4076214,0.9092517801135324,-0.34913762105264023,0.9739794033109347
1768918216.4276142,0.9105694083820384,-0.33961859686204776,0.9718422911232879
1768918216.447809,0.9078207323122207,-0.33381765993787393,0.9672500773338273
1768918216.467761,0.9093784006794886,-0.3246680490697398,0.9655974408153407
1768918216.4876451,0.9237968320856567,-0.3423793937211661,0.9852026371342945
1768918216.508184,0.8950186374189422,-0.30174242738900503,0.9445140834386053
1768918216.527579,0.9089853345103611,-0.31294997551819126,0.9613490653928726
1768918216.548404,0.9158154247700385,-0.31133001247027337,0.9672870664448412
1768918216.5676277,0.9272673656098829,-0.31781437611058383,0.9802197432145773
1768918216.5876398,0.933722460768206,-0.2965968674297119,0.9796975734950822
1768918216.6077535,0.9384726539298609,-0.29090117685300343,0.9825245120955604
1768918216.627681,0.9342417913303773,-0.2609269195289834,0.9699951453502625
1768918216.6477768,0.9391179067358251,-0.2548380403798398,0.9730800941220177
1768918216.6677024,0.917204412475781,-0.24789040617212654,0.9501124079482515
1768918216.6877232,0.9280802846476726,-0.25129295620835723,0.9614994355649098
1768918216.7078457,0.8959788193129921,-0.29203222546197805,0.9423698134839521
1768918216.72764,0.9067698846489902,-0.2968351448323121,0.954118822219729
1768918216.747619,0.9249284857614004,-0.27807435559036264,0.9658250623222989
1768918216.7676175,0.9427234895569043,-0.29196864074091233,0.9869008384525988
1768918216.787829,0.935850324274897,-0.2836379478214004,0.9778887027109809
1768918216.8078353,0.947014065380634,-0.2870390337894142,0.9895590164045378
1768918216.8277483,0.9266493368551776,-0.2373012814229818,0.9565515624675596
1768918216.847861,0.9166018568993324,-0.21389248458104315,0.9412273684033821
1768918216.86775,0.9073758764437263,-0.18694379647077963,0.9264334645245328
1768918216.887741,0.9144222842424048,-0.19693743878442127,0.9353889398074284
1768918216.9076807,0.9155414895068275,-0.18498822523806346,0.9340432872651614
1768918216.9282439,0.9095322197389488,-0.16237880002799987,0.9239132716017194
1768918216.9479816,0.921087820243911,-0.16508377572367805,0.935764620836279
1768918216.9681444,0.9239396727170655,-0.19279761110771332,0.9438407904246134
1768918216.9876847,0.939744841333439,-0.21447496975904667,0.9639086468467614
1768918217.0076284,0.9426958550946494,-0.17632398455574827,0.959044119288705
1768918217.0276768,0.9649722691264246,-0.192613470589458,0.9840078400274649
1768918217.0477107,0.9346995671383935,-0.14224554356615016,0.9454613030014131
1768918217.0678108,0.9532688531359641,-0.15278591711402556,0.9654351572361192
1768918217.0877259,0.945794315093454,-0.15331737515259092,0.958140440638415
1768918217.1076276,0.964780253507076,-0.16428176987583054,0.9786671740028441
1768918217.1280525,0.9426796757765439,-0.16359523255848463,0.9567697587392876
1768918217.1477857,0.9439668686066134,-0.15149376807308246,0.9560459250433297
1768918217.1677678,0.9521236971977698,-0.142948913852316,0.9627948518438947
1768918217.1878037,0.9535340225093178,-0.1305102991638879,0.962424059482434
1768918217.2076097,0.9353443746628123,-0.11719278745239381,0.9426575457949876
1768918217.227687,0.9434850939110659,-0.11342934569814012,0.9502790847418885
1768918217.2476568,0.9439524293507511,-0.11440100848446422,0.9508594952039165
1768918217.2678893,0.940589734423019,-0.10353701804011717,0.9462710830447081
1768918217.2875926,0.9527753229961098,-0.1048060411225804,0.9585223640406777
1768918217.3081074,0.9609098537750271,-0.10032165854526331,0.9661325904114902
1768918217.3280847,0.9530095910026484,-0.05883731525615565,0.9548241252762665
1768918217.348136,0.9527358277665448,-0.03838011136726638,0.9535085686340564
1768918217.3676145,0.9574378192353836,-0.028861236647557797,0.9578727205025903
1768918217.38788,0.9541654607946608,-0.027130003198713615,0.9545510796427028
1768918217.4076116,0.9550284408831589,-0.012822473310915905,0.9551145160228308
1768918217.4277158,0.9411910733965962,-0.014245161344944801,0.9412988692562955
1768918217.4476798,0.9454933753854711,-0.004254036715545029,0.9455029453820799
1768918217.4677427,0.959445449450119,-0.005395764521308299,0.9594606217793986
1768918217.4877477,0.9604585588310881,0.008789611539390396,0.9604987769398273
1768918217.5077775,0.9724181426624074,-0.016266938121141772,0.972554192554247
1768918217.5279045,0.9734618723913937,-0.0021775516099933334,0.9734643078874399
1768918217.5476122,0.9962622212180428,-0.03266538635995775,0.9967975927400475
1768918217.5676355,0.9829169912569284,0.03173055089615273,0.9834290211101898
1768918217.5877411,0.9958564999343844,0.03271696793759138,0.9963937818215206
1768918217.607688,0.9377818635092119,0.008366846166295794,0.9378191870726363
1768918217.627741,0.9536995487338285,0.004410975205109358,0.9537097493249024
1768918217.6480656,0.9401158773497733,0.06192486017654919,0.9421531463371648
1768918217.6678507,0.9563497460896127,0.058531616415254284,0.9581392315137968
1768918217.6878881,0.9606742917776949,0.06893983079311794,0.963144742576296
1768918217.707639,0.9730432559181903,0.07056631594248386,0.9755986791881011
1768918217.7276852,0.9570219115542975,0.037820016690697456,0.9577689141215256
1768918217.7477908,0.9609311643466434,0.048196835696024065,0.9621390947174454
1768918217.7676482,0.9364989913180559,0.042863829823208466,0.9374794230525005
1768918217.7879272,0.9400493249301651,0.05308365966539741,0.9415469230076273
1768918217.807935,0.9075781746701423,0.048731085542124575,0.9088855053502071
1768918217.8277194,0.9193789957814218,0.04902233603317896,0.9206850315467312
1768918217.8476806,0.9206907733951741,0.05556954444513895,0.9223662366353422
1768918217.867716,0.9365804123961663,0.05203665646430089,0.9380248837318532
1768918217.8878987,0.954056753631038,0.018621101370325466,0.9542384579156508
1768918217.9078357,0.9705268156905094,0.014517741178200705,0.9706353922989194
1768918217.9276862,0.9106151613227755,0.02182597012411147,0.9108766903389082
1768918217.947961,0.9217108145501545,0.0227100487715024,0.921990548744353
1768918217.967566,0.9267400677717608,0.02683102462666387,0.9271283929942629
1768918217.9878428,0.9506697988539292,0.01508006567198672,0.9507893956253624
1768918218.0080104,0.9327505146247637,0.036674885920885636,0.9334712474361873
1768918218.0276484,0.9449925346626382,0.036800443795359516,0.9457088152447628
1768918218.0477188,0.9357644599908825,0.04697654044065436,0.9369428584144288
1768918218.0675852,0.9481154930347313,0.04724154938129255,0.9492917107614691
1768918218.0879798,0.9260368887887358,0.08233259017384587,0.9296897196388997
1768918218.1076822,0.9474022701859983,0.06979891253134696,0.9499699730750135
1768918218.1280065,0.9135063126747194,0.06931689784959483,0.9161324225372953
1768918218.1479166,0.932859619775189,0.0625043611980427,0.9349512636367125
1768918218.1680038,0.9717420196910918,0.08725913272642627,0.9756519405389866
1768918218.1886785,0.9077941611666387,0.13658804213283737,0.918012272413568
1768918218.208117,0.9137514823058943,0.14037552452194468,0.9244712322733629
1768918218.2276156,0.8921854457255689,0.14955207607305043,0.9046329051180327
1768918218.2482405,0.8873156184731017,0.16393447261932526,0.90233226590834
1768918218.267784,0.8807887965106764,0.16911372445244632,0.8968770015207792
1768918218.2876985,0.8747762478174521,0.1833982729014112,0.893794389246655
1768918218.3077552,0.9012508252843796,0.14157281443530012,0.9123025330793
1768918218.3277252,0.8887386680342968,0.1625941221162428,0.9034894955704397
1768918218.3476467,0.912614961930104,0.1606566087459047,0.926648053293385
1768918218.3676078,0.9096619959604211,0.16989652431090807,0.925391687809883
1768918218.387622,0.877750205824539,0.1964336831650959,0.8994618478328171
1768918218.4077628,0.8789955526974946,0.1992737036188421,0.901300832472679
1768918218.4275436,0.8852655356739549,0.2518580416625653,0.9203953182204899
1768918218.4475858,0.8840805984311788,0.25803421685894,0.9209669709563084
1768918218.4678218,0.8672188021944134,0.2842135300942079,0.9126038470048898
1768918218.487774,0.8615446255508927,0.30652644466175794,0.9144493441916866
1768918218.5076122,0.8235666416668823,0.2611358941875639,0.8639756758726518
1768918218.5277781,0.8127148744209629,0.27611381060298656,0.8583381055917204
1768918218.547712,0.8454240893723366,0.31473650620260685,0.902109172565975
1768918218.5678527,0.8489556957238169,0.3414597249280744,0.9150521936205969
1768918218.587726,0.8305950870563859,0.3684693057561903,0.908657156427359
1768918218.6077805,0.8083334717846062,0.4013018025748947,0.90246669653634
1768918218.627751,0.8546469791693965,0.26997461095802144,0.8962743718110598
1768918218.6478353,0.8545516283640016,0.34496942611767256,0.9215543339898755
1768918218.6675873,0.8379545699624442,0.36635609719509166,0.9145406777573998
1768918218.6878417,0.8204298792417744,0.3731468038777539,0.9013011283676812
1768918218.707604,0.8007173537639396,0.398025847090989,0.8941883781235503
1768918218.7277112,0.7524515814542387,0.4221752800025951,0.8627950796557977
1768918218.7476873,0.7310187221424647,0.4491666113985344,0.8579854409709083
1768918218.7676234,0.7557896823630568,0.43922217040060385,0.8741476757035206
1768918218.7876086,0.7338753817724255,0.46877668730442856,0.8708183843556229
1768918218.8080332,0.7305604920958908,0.4925416898480326,0.8810879347997824
1768918218.8279963,0.7082142515010958,0.5247527077862197,0.8814379333556204
1768918218.8475716,0.685971553619972,0.5572891591495921,0.8838145615916596
1768918218.868144,0.7169649528954549,0.5519750713595366,0.9048288363457188
1768918218.8880248,0.6954982895818564,0.5841937987850461,0.9082952522997083
1768918218.9077365,0.6855433741429895,0.5655946939159286,0.8887446627784653
1768918218.927764,0.6639157333120456,0.5978894879068131,0.8934517002551075
1768918218.9477036,0.7287220825052163,0.5820034651017911,0.9326113375470143
1768918218.9681382,0.70815274608873,0.6140887956163796,0.9373288434133376
1768918218.9879391,0.7011466954112273,0.6349298105882388,0.9459083215934307
1768918219.0077436,0.6815004722332505,0.6656087644174136,0.9526163555825711
1768918219.0276415,0.7058135579019438,0.6782075089086304,0.9788453420526914
1768918219.0476096,0.6866774761187755,0.7089747944368305,0.9870011222666353
1768918219.0676146,0.7041950993025434,0.7154762596887014,1.003890938329385
1768918219.0880003,0.6856789151292588,0.7462050257433948,1.0133989910679493
1768918219.1077313,0.7185370344320257,0.7282950601821723,1.023088053168506
1768918219.1278405,0.7011387708557391,0.7577456192855752,1.0323633079219623
1768918219.1478486,0.6568106507418365,0.7806335253304173,1.0201906350274492
1768918219.1677485,0.6628627436690424,0.7313533185762289,0.9870484757786283
1768918219.1876323,0.6454891712241237,0.7588850139755503,0.9962744273563772
1768918219.2076356,0.628031238831436,0.7865706668290047,1.006536959512155
1768918219.2276833,0.6104633026449569,0.8142729398664756,1.0176963518039068
1768918219.2476618,0.5902538663325272,0.8014359989012281,0.9953387800419041
1768918219.267652,0.5725636498659932,0.8284145626800745,1.0070252334516185
1768918219.28773,0.5964949705738487,0.8615111052804783,1.047858594678446
1768918219.3077977,0.5796491594703883,0.888602469274204,1.060946509714293
1768918219.3279197,0.574154111105694,0.8847366639229257,1.0547093949467965
1768918219.3475952,0.5578555148672266,0.9108999571618135,1.0681486354553715
1768918219.367612,0.5624617027485654,0.899316072736581,1.0607226620286583
1768918219.3876266,0.5463750118353228,0.9250696245494003,1.0743739869440332
1768918219.407647,0.5477456450898277,0.9028158058815436,1.0559837456440382
1768918219.4281905,0.531721991504237,0.9282377069682872,1.0697446035792728
1768918219.4476528,0.5607245023819845,0.9170985899925883,1.074933389256245
1768918219.467666,0.5523982216040668,0.9351822800814436,1.0861444159087057
1768918219.4876962,0.5377892902935999,0.9592103489324515,1.0996825970495345
1768918219.5078256,0.5786275610016518,0.9407732157517925,1.1044745799821238
1768918219.5277045,0.5649855197990283,0.9637904009910563,1.1171842169602466
1768918219.5478568,0.551222996106155,0.9873344908390953,1.1307856508802814
1768918219.5678136,0.5248993880288464,0.9978191497368623,1.1274583908662226
1768918219.5885653,0.5104616529744583,1.021701992087889,1.1421234871036394
1768918219.6078105,0.497022980648254,1.0438667790528857,1.1561529724490271
1768918219.62766,0.49666197890876873,0.9850175432129475,1.103146718134467
1768918219.6476252,0.48298624592586403,1.0063880390689355,1.1162851781397873
1768918219.6679559,0.4691613023525427,1.0281445627915105,1.130129890597926
1768918219.6876798,0.480552320718739,0.9582830187961808,1.072024662524742
1768918219.7080243,0.46723916653050246,0.9781695316825392,1.0840332427800157
1768918219.7281196,0.4321625813454464,0.9795227103984967,1.0706209585570314
1768918219.7476556,0.4541129710205074,0.9704801188604528,1.071471068929288
1768918219.767624,0.44126892669621,0.9893031687404279,1.0832539062230409
1768918219.7875886,0.46368830877459066,0.9679406376131494,1.0732734626539455
1768918219.8075871,0.4515822757138066,0.9860107723643479,1.084501634372857
1768918219.8276644,0.45302243861913105,0.9716823081757635,1.0720988004443452
1768918219.847618,0.4411408554902003,0.9890933552597314,1.0830101198980455
1768918219.867613,0.44414874869382803,0.9726193293648082,1.0692317198906618
1768918219.8879564,0.4324969723163252,0.9894405545776719,1.0798362107772452
1768918219.9076474,0.44603472597889393,1.0114299535686855,1.1054128313689056
1768918219.9277902,0.43490338008785345,1.0282469419585798,1.116437514444499
1768918219.947909,0.4257711300365119,0.9786816228620765,1.0672857040645285
1768918219.9677765,0.4148082585890127,0.9940734678319818,1.0771480635646853
1768918219.9879045,0.4473447236611712,1.01470393868455,1.1089370518516497
1768918220.007705,0.4419403626149836,1.0180745265852815,1.1098590116722522
1768918220.0278533,0.431798817098898,1.0336095062568003,1.1201780349000037
1768918220.0477815,0.4321429364152909,1.027148166657196,1.1143522215892374
1768918220.0675907,0.4223005099113326,1.0420293385027062,1.1243499735277085
1768918220.0876176,0.42983602965945966,1.058503536318458,1.1424485759946
1768918220.1076596,0.42026124633368855,1.0733566329692326,1.1526985628120618
1768918220.127779,0.44752079142765844,1.0630926069410833,1.1534473328647592
1768918220.1476052,0.43871056619605353,1.0774622056172345,1.1633536716861377
1768918220.1676757,0.43721815509789685,1.0731867248226332,1.1588310754733577
1768918220.1880698,0.42852395105373864,1.0872563038472416,1.1686569414855124
1768918220.2076933,0.43011298276712306,1.0878850866913834,1.1698252603659873
1768918220.2276597,0.40720177955977066,1.1066109754296414,1.1791527213291697
1768918220.2477312,0.39846822259635406,1.1205614685758953,1.189300184678395
1768918220.2676067,0.430339245278494,1.105877946837091,1.1866582908855792
1768918220.2876594,0.42239818457671907,1.1192448793898668,1.1962981761977844
1768918220.3078177,0.42582036115181854,1.1132463485617503,1.191906209631251
1768918220.3278427,0.41804996557758134,1.1263477971312117,1.2014262914643372
1768918220.3478396,0.4103116532537223,1.139398784775965,1.2110265247073446
1768918220.367585,0.40271044051213867,1.1521548125235115,1.2205066205959592
1768918220.3876724,0.4212161988667762,1.1327708841885196,1.208549941977168
1768918220.4076166,0.4140962350615198,1.1449289969420726,1.217513079983499
1768918220.4276724,0.4155339004797778,1.1450946106663125,1.2181584830493
1768918220.4476438,0.4085828442272761,1.157040214577937,1.2270623450939278
1768918220.4676461,0.4091812987944099,1.1578464322757749,1.2280218630044095
1768918220.4876044,0.4024158849892805,1.1695268243513461,1.2368231633378517
1768918220.5076213,0.4061556305757188,1.171302437670085,1.2397224676274294
1768918220.5279536,0.3994186223727265,1.18316835202394,1.2487684273431856
1768918220.5478969,0.40297625142541715,1.1856111953400523,1.2522235286595396
1768918220.567613,0.3965515297227138,1.1971143758093166,1.2610852249133497
1768918220.587656,0.4034428106541714,1.2011237730362616,1.2670692244788375
1768918220.6075816,0.4017501477176615,1.2082150979218733,1.2732583807057878
1768918220.627671,0.39561245044818794,1.2196016107252108,1.2821611832500424
1768918220.6475992,0.4042569393905029,1.229831183360643,1.294568813393717
1768918220.667687,0.39846505567033663,1.2410979204951849,1.3034947061065636
1768918220.6879976,0.3797358462037552,1.162206777128322,1.2226708083924647
1768918220.7080371,0.37376088404526264,1.1716589163712214,1.2298299942489943
1768918220.727896,0.36774182924949494,1.1811923924514245,1.237113382420902
1768918220.747856,0.37053084616016685,1.1706055100377526,1.227847860317766
1768918220.767702,0.4546889627244268,0.6687655848978289,0.8086961483568167
1768918220.7877169,0.45057500285225327,0.6680331147030176,0.8057828960303905
1768918220.807637,0.44930989624643525,0.5988766126241702,0.7486872377790227
1768918220.8275816,0.44521043152576834,0.5969210796501772,0.7446657664147681
1768918220.8481665,0.42742466350672936,0.5357402093313421,0.6853534962836559
1768918220.8679624,0.42310828890748686,0.532766723882137,0.6803388907142723
1768918220.8877687,0.42688185800855694,0.5446592620587678,0.6920128845933717
1768918220.9077652,0.4122778340127917,0.5150130042541958,0.6597055456559474
1768918220.9277265,0.4079898816663823,0.5115865465746094,0.6543519986813547
1768918220.947692,0.39619740075329846,0.4873462735394103,0.6280754498437425
1768918220.9676304,0.3917325790449646,0.4835390146494145,0.6223057063641199
1768918220.9877014,0.39819176761666375,0.4537243706593146,0.6036741574126511
1768918221.0076647,0.39395574106898845,0.449391360562041,0.5976233938434959
1768918221.0278196,0.37792574723389727,0.43439549579874726,0.5757840890407958
1768918221.0476298,0.37346690363681256,0.42999283963424206,0.5695361009179201
1768918221.067722,0.3641172744160146,0.38902496085156235,0.5328431379812514
1768918221.0875778,0.35947895849955014,0.38393141706033296,0.5259548028204293
1768918221.1076188,0.3548664882823829,0.3788171062679271,0.5190689978288787
1768918221.1276386,0.3676892615897587,0.39696257617674835,0.5410865734550274
1768918221.1477435,0.33537977100799754,0.2898196992098576,0.44325506071726833
1768918221.1680033,0.3305903019116938,0.2830933461939704,0.4352376251857875
1768918221.1876497,0.3142702513271365,0.31260782306832713,0.4432712960622874
1768918221.2078097,0.3092703568956421,0.3065409003337063,0.43544859309883766
1768918221.2276764,0.32164328906924666,0.3372983176390463,0.466073556947199
1768918221.24766,0.334614422875958,0.37776819273792395,0.5046539600965078
1768918221.26763,0.3302838319565482,0.3733843185836623,0.49850101205121655
1768918221.2878835,0.3268934482429877,0.3483372500122126,0.47770091715451163
1768918221.3078594,0.3226963797876121,0.34342950147710116,0.4712502265387689
1768918221.3277686,0.3192307008343245,0.36593442471184723,0.48560914689116447
1768918221.3477273,0.31490743760161166,0.3616958721761381,0.4795733501833376
1768918221.3676038,0.3105673876077897,0.3574871468154823,0.4735495353010087
1768918221.3875377,0.3176719785330575,0.35740684093335107,0.4781789789305518
1768918221.4076834,0.31806715372821426,0.3562421563404232,0.4775721811777169
1768918221.4276493,0.3140867636495255,0.3521259291969221,0.47185078691534327
1768918221.4476357,0.3469688420716337,0.35238427438637476,0.4945321568951226
1768918221.4676106,0.3437360333545394,0.34833690637018355,0.48938028256751726
1768918221.488016,0.34032110631106915,0.3442963553858629,0.48410581047202733
1768918221.5077863,0.35958801520055683,0.3836030585756296,0.5257897367051336
1768918221.5278537,0.3510069579057813,0.3530805953510696,0.49786724265785626
1768918221.5480416,0.348191105600832,0.34929125341438105,0.4931951193303915
1768918221.5676389,0.3232930336495645,0.40527691126381615,0.5184281632105624
1768918221.58764,0.34720692796733266,0.3991542113822417,0.5290337751908586
1768918221.6078744,0.34450149365066496,0.3964193307375572,0.5251947875883308
1768918221.6276302,0.34161397243486347,0.39388126249810984,0.5213852271687726
1768918221.6475952,0.3522116463597498,0.4103125914641317,0.5407489866337771
1768918221.6678543,0.3495741982013918,0.408049368601235,0.5373140676215471
1768918221.6875877,0.3540294823523249,0.41890706810774425,0.5484706064004538
1768918221.7077825,0.35612223695361855,0.42777087812115777,0.5566066580821646
1768918221.727626,0.35369495556439157,0.4260377568121463,0.5537222153943459
1768918221.7477517,0.3582979362276819,0.4380386869037798,0.5659110374691446
1768918221.7682254,0.3559238599967278,0.4365568416586556,0.5632616355779531
1768918221.787608,0.36039768527959337,0.4449271830080601,0.5725789812195141
1768918221.8077736,0.3583845580739138,0.44357703729275233,0.5702631668618009
1768918221.8276563,0.36596711256322134,0.4210934901966765,0.5578993233226583
1768918221.8476095,0.3642576237754609,0.4193228951341008,0.5554415422546186
1768918221.8681579,0.36241016559199757,0.4175646425635522,0.552902666699706
1768918221.8877187,0.3533251133007984,0.41322927617458705,0.5436883945577606
1768918221.9077096,0.3513055286045659,0.41148383695728397,0.5410494640097355
1768918221.927752,0.34005483147514903,0.40083512162833745,0.5256482503922143
1768918221.947685,0.3377448885461338,0.39894631026415217,0.5227138492640323
1768918221.9677207,0.3369820802726995,0.3961235882619407,0.520068091313466
1768918221.987778,0.3346570476473065,0.39422254128657874,0.5171138671496441
1768918222.0076563,0.33468139549152554,0.3940099019435195,0.516967541841552
1768918222.0282009,0.33242791758569856,0.3920954653283828,0.5140497780579669
1768918222.0480807,0.33051728247373857,0.38659844543073385,0.5086256305213935
1768918222.068009,0.32828629017242283,0.3846657494131769,0.5057070565918309
1768918222.0877879,0.3257375396219131,0.37808850366102487,0.49905496823453244
1768918222.1076257,0.32357431273455495,0.3760701082978932,0.49611396091707466
1768918222.1276655,0.32222316718274735,0.37406007312662615,0.4937091327662247
1768918222.147584,0.31994404199928095,0.37204762926281987,0.49069708420870234
1768918222.1675835,0.31552604938294593,0.36983024370267614,0.486138968810761
1768918222.1877613,0.3131891351013967,0.3678108803211271,0.4830862014466604
1768918222.2086446,0.30783839425091486,0.36719156461109925,0.47915980851541456
1768918222.2276473,0.30565458914014343,0.3652902860786864,0.4763000325066947
1768918222.2476895,0.30343976889369806,0.36328661524020145,0.473342220976476
1768918222.2678978,0.2984696519831691,0.36088626910323374,0.4683193700694065
1768918222.287741,0.3232102656310536,0.31753794075198805,0.4530951551565182
1768918222.3077319,0.33614565833439825,0.4113694880865313,0.5312426558039564
1768918222.3276067,0.334714370632339,0.41044637445714116,0.5296224468551296
1768918222.3477378,0.3203563450417892,0.39733385478370664,0.5103943377093966
1768918222.3676567,0.3186650071147583,0.39618152635590986,0.5084360221160057
1768918222.3875954,0.31216211539015504,0.4031288239893134,0.5098607996462008
1768918222.4076273,0.3102174290629538,0.4021390943574117,0.5078884764444139
1768918222.4276083,0.30859726870352144,0.4140201401814281,0.5163767526981852
1768918222.4477794,0.30667662898400483,0.4132760619337965,0.5146335182753842
1768918222.4676063,0.3057830432472648,0.42835307228288677,0.526298037305619
1768918222.487631,0.30390557481285674,0.42791255692852737,0.5248502212816939
1768918222.5078113,0.3009413002506056,0.4457873428427632,0.5378587372492303
1768918222.527834,0.29909685952581366,0.4456895507019514,0.5367477126016575
1768918222.5478842,0.29723189214200874,0.4455955670410132,0.535632529886788
1768918222.5679371,0.29969999378258505,0.39307856572143063,0.49429833613203533
1768918222.5876231,0.29329473628753444,0.3961416778363076,0.49289961579711067
1768918222.6075864,0.29140385185406226,0.3951282769637956,0.4909608539708255
1768918222.62779,0.28944670551092555,0.3941062051048445,0.4889776029975915
1768918222.647601,0.2679609740405322,0.3898348587527236,0.47304788415921145
1768918222.6676908,0.3122308885408822,0.41146776846628086,0.5165209117215388
1768918222.6880088,0.3107302733188777,0.4108240098885143,0.5151016111969585
1768918222.7077384,0.30582128770901207,0.4081233782291953,0.5099915213738452
1768918222.727634,0.3043397478892875,0.40744792984841327,0.5085631698059472
1768918222.7476165,0.2871482524202711,0.40533616600615385,0.49674090463800546
1768918222.7676198,0.28533087883785724,0.4046292334178263,0.4951146604117896
1768918222.7875786,0.2993148328028683,0.3985078128776003,0.4983952709048286
1768918222.8079374,0.29785772615126893,0.39767276787726,0.4968529514244285
1768918222.8281376,0.2879494301633687,0.39927434253302785,0.4922752024392356
1768918222.8475282,0.2863620783241969,0.3985192879438788,0.4907350229660093
1768918222.8675838,0.2654401074735997,0.40280019463357686,0.48239656658442703
1768918222.8876119,0.2612412159766637,0.40329638302184323,0.48051529162292755
1768918222.9076824,0.25913495570339684,0.4026513427555214,0.4788308982200562
1768918222.9276514,0.279261969315836,0.396626555276284,0.48507718133972255
1768918222.9476135,0.2775798276283443,0.3958767351579362,0.4834965875220715
1768918222.9677007,0.2717564653282811,0.39777085955844704,0.4817397981914999
1768918222.9877295,0.26996001162363115,0.39708580224461176,0.48016199580982877
1768918223.0078285,0.26816492851799856,0.396392106866188,0.4785803289656593
1768918223.0276883,0.26027739427296837,0.4210292535514988,0.49498480210573986
1768918223.0477667,0.25849193043723107,0.4207830364189915,0.49383847747938053
1768918223.0675952,0.2517804145038216,0.4232013381233406,0.49243552848784405
1768918223.0881429,0.2611402009273922,0.41799081050326947,0.4928595359791458
1768918223.1076288,0.2594385041807721,0.4177268487928698,0.4917357599910521
1768918223.1279154,0.2547430705357616,0.418583177728336,0.49000602921100855
1768918223.1477063,0.2539752135593272,0.4172732674489188,0.48848785944995887
1768918223.1676517,0.24872710357917338,0.4175917891657286,0.48605357156749623
1768918223.1879306,0.2487661418700413,0.4153194077927571,0.4841227156726195
1768918223.2076032,0.24620644727847418,0.41636876334294337,0.48371537268234516
1768918223.22792,0.24547794169468284,0.41486598857656176,0.48205104328926207
1768918223.2475927,0.24715478542321057,0.41329088710832407,0.48155461302367225
1768918223.2675965,0.248259543019282,0.44505155296968457,0.5096113082545075
1768918223.2876463,0.2527701857927851,0.4392703306329242,0.5068048837571296
1768918223.3076992,0.26206904510355544,0.4291713334394771,0.5028600380301741
1768918223.327674,0.2694448582574891,0.43299141591053925,0.5099824486132949
1768918223.3476644,0.27614478989433877,0.4330324185647241,0.5135883765368945
1768918223.3677042,0.29326039108102586,0.41703787709132145,0.5098257034573996
1768918223.387611,0.30860291566935816,0.4028485126214938,0.5074669286574041
1768918223.4076357,0.3216916245379777,0.40514503966790194,0.5173277534265769
1768918223.4277508,0.28044235999312983,0.33687759561694275,0.4383314176592509
1768918223.4476485,0.29153231131796886,0.3249942356608533,0.4365917334938665
1768918223.4676523,0.2996142676999014,0.3178944942292832,0.4368359175601749
1768918223.4877636,0.30928893261158485,0.30734356765189386,0.436027192286224
1768918223.5076265,0.2952185517063639,0.30062698279898203,0.42134377420156865
1768918223.5276654,0.3054444506251377,0.2893812358762826,0.4207586149979307
1768918223.5476234,0.32968734049495696,0.3238595322189566,0.46214579852219695
1768918223.567702,0.3480029654728596,0.307114939619642,0.4641396881494629
1768918223.5876696,0.33813347516418,0.33357349721603224,0.4749794996329204
1768918223.6078918,0.37228851124008244,0.30428759409426887,0.48082187504421586
1768918223.6276033,0.38959803153641914,0.28293979393250357,0.48149927639366213
1768918223.6477113,0.4122851503964453,0.26321331955499616,0.4891424095583821
1768918223.6676793,0.40084007937128296,0.26861954103762464,0.48252380983495574
1768918223.6878366,0.3687570698855591,0.2035504306726268,0.4212060712022026
1768918223.7077637,0.39278116462488377,0.1811719484588421,0.43255094288702384
1768918223.7275617,0.423647315240093,0.17461566943550277,0.4582223038248439
1768918223.7475805,0.4450952892015869,0.1548788629254103,0.4712719794879729
1768918223.767614,0.4624760031111337,0.13846364978107362,0.48275898310062043
1768918223.7876952,0.4599723090226395,0.16759547032876476,0.48955364031159904
1768918223.8077455,0.628383030226153,0.09346309134821462,0.6352956651202392
1768918223.8276632,0.6662290899226111,0.06287599199543115,0.6691895027781892
1768918223.8476222,0.614075095934532,0.15070151502063345,0.6322967421049384
1768918223.867691,0.6473744130020327,0.12496494405036529,0.659325312612247
1768918223.8876204,0.628630617298648,0.17706896752352286,0.6530925449468289
1768918223.908297,0.6447689039401858,0.16563173613756144,0.6657032458266756
1768918223.9276996,0.7256917737451483,0.1447989255095301,0.7399968103377838
1768918223.947655,0.7021914760187808,0.17300961031093287,0.7231909804839762
1768918223.9677622,0.7396393026261121,0.1465952598732274,0.7540268352031912
1768918223.9875724,0.7577955803889544,0.13493001684876393,0.7697143958013518
1768918224.0077243,0.7894210244434507,0.1507386419489274,0.8036838258979424
1768918224.0280726,0.793871765992149,0.15034828988849736,0.8079832851686284
1768918224.0477443,0.7862060226387477,0.19399561374258045,0.8097865201303364
1768918224.0676277,0.7646762411077326,0.1371473574774722,0.7768778226836603
1768918224.0875797,0.8292674631704102,0.09191820728618083,0.8343461405818289
1768918224.107697,0.7945026266017887,0.13277832217666496,0.8055212638516699
1768918224.1276464,0.8612354362583847,0.08743179721419114,0.8656620563656893
1768918224.1477373,0.9209101506206894,0.04811046568585464,0.9221659950490099
1768918224.1677444,0.9185889238169702,0.07156261947371423,0.9213722480437313
1768918224.1876493,0.8803735351501203,0.09416279482418144,0.8853949363542921
1768918224.207644,0.9138789607651621,0.07487731591348634,0.9169413107541947
1768918224.2275662,0.943540776674836,0.050533094979662074,0.9448930050203442
1768918224.2475867,0.9608507884394291,0.04242915183337015,0.9617871233126235
1768918224.2677357,0.9422625476070321,0.07228139565075598,0.9450308507028305
1768918224.2880359,0.9920829700914577,0.043504520883824505,0.9930363854778028
1768918224.3076787,0.9281516215752523,0.07778230339529824,0.9314051316984724
1768918224.3275392,1.019452887629729,0.023112948585628068,1.0197148613651341
1768918224.3478043,0.9572812323552569,0.11272924152727626,0.9638958655969607
1768918224.3676038,1.0480886135103313,0.061147137358242176,1.0498708083269659
1768918224.3879576,1.0298935502275857,0.09314173919129232,1.0340967596796535
1768918224.4076095,1.0947272263401153,0.05968322475039134,1.0963529483733456
1768918224.4278545,1.0378340064735427,0.11643847312675426,1.0443454136525019
1768918224.4478996,1.0928234283613376,0.09046040923946919,1.0965610476463221
1768918224.4680157,1.1350333971026831,0.10597412310240806,1.1399698799993716
1768918224.487894,1.069225095578684,0.15637540287187424,1.0805996352204579
1768918224.507616,1.0976149839115639,0.14765871297886868,1.107502482356477
1768918224.52764,1.0995236594096767,0.1544210165357054,1.1103144275157228
1768918224.5478594,1.1452571069148174,0.13648615932464558,1.1533613105293978
1768918224.5678737,1.237089965513384,0.13741019900619822,1.2446980138028776
1768918224.5877364,1.2054078986619876,0.13497678939191626,1.212941439572108
1768918224.6077101,1.1588756626300816,0.17057523111070516,1.1713619043253802
1768918224.6278834,1.229417063621404,0.14189622907931465,1.2375786262498252
1768918224.6476192,1.1655724602150421,0.18430804309565474,1.1800544965218749
1768918224.6677074,1.2354449382138561,0.15718850321605338,1.2454045209896831
1768918224.687841,1.1521738661520633,0.19480700850716737,1.1685265886608247
1768918224.7076201,1.2389775114960093,0.16009834006664114,1.249278492764899
1768918224.72771,1.2198046960105824,0.19621683195984296,1.2354855489052985
1768918224.7476327,1.243261179824227,0.194768995474063,1.2584249373148582
1768918224.7676291,1.1792855792825074,0.21220244255576848,1.1982255022032844
1768918224.787966,1.201249739233817,0.21158108891275162,1.2197407483538536
1768918224.8077853,1.2367399375293635,0.22484929171238832,1.2570134752912143
1768918224.8283875,1.268758923979771,0.22021476109889004,1.2877281344228475
1768918224.8479507,1.2563461285346413,0.18801313470049674,1.2703363859639258
1768918224.8679147,1.2250344492935037,0.20654166954685316,1.2423239767528595
1768918224.8876545,1.254811382062166,0.2032051946502369,1.2711585092684563
1768918224.9076736,1.2843011947845486,0.20048995664926128,1.2998560618938706
1768918224.9278128,1.3047506647988474,0.2021301367411823,1.3203146933485377
1768918224.947914,1.2808568520560284,0.18916591673059102,1.294750176486338
1768918224.967733,1.3468590209972398,0.17115684612673743,1.3576906453304063
1768918224.9877534,1.2961175344068367,0.2554800284460006,1.3210566634068452
1768918225.0076861,1.34226998862861,0.24821766839511294,1.3650277408450553
1768918225.0276055,1.303978857780847,0.28161291402862343,1.334041489192572
1768918225.047586,1.3588825114613936,0.27182275353587304,1.385802759881596
1768918225.0676053,1.2866014726758754,0.3228938169254807,1.326500571617079
1768918225.087649,1.3406208042705767,0.31458422920484885,1.3770357214348135
1768918225.107672,1.268632114550913,0.3343966478669156,1.3119636276111282
1768918225.1278017,1.31147193846878,0.3312675728098933,1.3526628738109203
1768918225.1478271,1.2358872055942287,0.3650818245919787,1.2886822430680573
1768918225.1676733,1.2489984188519818,0.3961747032477536,1.3103249390087164
1768918225.1877186,1.2705928674277267,0.4027811182033112,1.332906172218931
1768918225.2076814,1.2399651792382755,0.4356220144176044,1.314260318646447
1768918225.2277238,1.2608715760170863,0.4432859312517232,1.3365251767376172
1768918225.2478027,1.26254685167783,0.4580741060108977,1.343077227593143
1768918225.267975,1.2647773099568171,0.46335934170349,1.34698311916872
1768918225.2876332,1.2576794256190045,0.48103213931315114,1.3465323823352842
1768918225.3076515,1.2126405644630616,0.5087878376398693,1.3150521671445383
1768918225.3277411,1.2325619782649246,0.517992977294913,1.3369838274232015
1768918225.3476107,1.2713988212107648,0.4388000872009936,1.3449908843942853
1768918225.3677392,1.2536678862598905,0.42363072002989544,1.323308790869459
1768918225.3878586,1.3021859257343777,0.42270302905660806,1.3690748832530417
1768918225.40764,1.2895811049286081,0.4746621597602756,1.3741628695672063
1768918225.4276357,1.328425761069127,0.4783917970153837,1.411939699181129
1768918225.4478157,1.2079662113209402,0.47807309094856265,1.2991290343850295
1768918225.4676585,1.2736382318017316,0.47404069730618925,1.3589955585687465
1768918225.4876888,1.1439614558127218,0.5102079566561475,1.2525813232762188
1768918225.507654,1.198044819374351,0.5103821069503907,1.3022293516600065
1768918225.52765,1.1896363311843263,0.5473503590215634,1.3095140381052577
1768918225.5481935,1.2032598279896352,0.5605041931258219,1.327403165645342
1768918225.567691,1.1507669852707973,0.5286355273384968,1.2663807386223507
1768918225.5876303,1.1678229160268785,0.6300791177207783,1.326955183035703
1768918225.607822,1.182036866417695,0.6441647382370856,1.3461646866407604
1768918225.6276681,1.1363589703946921,0.6238511808152092,1.2963417780049424
1768918225.6476388,1.179032051791566,0.6307859202452457,1.3371639601527823
1768918225.6677668,1.21156134636826,0.6409668025730424,1.3706638311469301
1768918225.6876192,1.1939191508147236,0.5016798376268126,1.2950388404072735
1768918225.7077208,1.1785730568761341,0.5244178480014607,1.2899800501158296
1768918225.7276897,1.1815793024008414,0.5392751283590513,1.2988253585177378
1768918225.7476192,1.1896791461274692,0.5507909292967854,1.3109947057582654
1768918225.7681358,1.181194704105181,0.568979514491013,1.3110906211687103
1768918225.7875824,1.19903119034052,0.5679942492731227,1.3267604390457015
1768918225.8076415,1.064691303430207,0.66572980552038,1.2556925362357283
1768918225.8276126,1.1132452280151348,0.6744527705361527,1.3016149497383478
1768918225.8478544,1.0633422560583448,0.7020105768436231,1.2741725171732308
1768918225.8676457,1.1310035018562363,0.7313251399222267,1.346850170395109
1768918225.8877993,1.1504266912846965,0.7473385535613151,1.3718587703037703
1768918225.9077082,1.1294400459134213,0.7375487053785985,1.348930283639061
1768918225.927734,1.0127370171638734,0.7788311405611967,1.2775813913179208
1768918225.9476447,1.0095345977894006,0.7990507824165212,1.287494565819313
1768918225.9676075,1.0036769991888228,0.884779253448035,1.3379842473036603
1768918225.9881516,1.027689230634655,0.9036641074450982,1.3684860152179106
1768918226.0076978,0.9693362380756874,0.7998280647339246,1.2567170228745772
1768918226.0276952,0.984612492838572,0.8174986787032683,1.2797522614691395
1768918226.0478294,0.9895046300674046,0.8371277815873901,1.2961104642854544
1768918226.067684,1.0287484572244114,0.8841099260403489,1.356456320551708
1768918226.0877335,1.0181020207704155,0.8971936820268667,1.3570144537792255
1768918226.107652,1.0331329178316455,0.9171753203454118,1.381511561355184
1768918226.127623,0.9359695522831011,0.9150471931202047,1.3089501015845462
1768918226.1476007,1.0190475047142815,0.9284696214320523,1.3785911847921348
1768918226.1677973,0.9416362488521681,1.030745425536331,1.3961070723323676
1768918226.1881516,0.9731605590278019,1.0522682946753648,1.4332864464671058
1768918226.2076337,0.902403827118281,1.091969731838489,1.416591176892311
1768918226.2281613,0.7739512920983671,1.1323412113367608,1.3715674323314675
1768918226.247595,0.7546686266863549,1.1583978529305865,1.3825376384673445
1768918226.2676518,0.8115307104751555,1.0432434370164252,1.321718185893708
1768918226.2876034,0.7716944784432371,1.0690950520333384,1.3185130254729933
1768918226.3076653,0.7919376635875484,1.1276672937932544,1.3779690811115852
1768918226.3279178,0.7822454890997186,1.1528566955931412,1.3931929391835125
1768918226.3476882,0.7692793653448291,1.1531627758267735,1.386208905431592
1768918226.367752,0.7905285632755419,1.176447965458526,1.4173797038147533
1768918226.3875904,0.8179082596337217,1.1885880003244536,1.4428150802137973
1768918226.4076517,0.8296125635302083,1.2130447679618772,1.4696035569659078
1768918226.4277554,0.8312931583408378,1.238296157882914,1.4914508673542926
1768918226.4477353,0.6844591275374388,1.3496310318680091,1.5132707026340062
1768918226.4676142,0.6710915310627144,1.323551046173292,1.483964694624004
1768918226.487663,0.7089133261656198,1.3500511033160763,1.5248593658367835
1768918226.5077794,0.686039863280806,1.3673155262111525,1.5297720229591165
1768918226.5278013,0.693722382543557,1.394956267532212,1.5579325185544173
1768918226.5480983,0.6414028851616624,1.2649866208014755,1.4183049079448469
1768918226.567764,0.6288605514188781,1.2901056501802826,1.4352136362778696
1768918226.587614,0.6387425997926215,1.2882907078472625,1.4379447335400055
1768918226.6079967,0.6157054753356679,1.3278422344804088,1.463645528134543
1768918226.6277328,0.5840048959795947,1.353013826404685,1.4736716503245844
1768918226.647789,0.5711737009797808,1.3790153238738423,1.4926227454282675
1768918226.6675854,0.6555468788032002,1.3823934621715201,1.529952088976377
1768918226.6876981,0.6144915818725405,1.3724240679482858,1.5037113175327033
1768918226.7077317,0.6024670840427291,1.3980790484873964,1.5223638241807944
1768918226.7277493,0.5997629170086878,1.3975711623055105,1.5208289549869656
1768918226.7475736,0.6279189150857611,1.4248959508808623,1.557116127576603
1768918226.7677894,0.6521414086271662,1.3811552370774676,1.5273762489160096
1768918226.7881393,0.6487252574598763,1.4071504296989499,1.5494892034048904
1768918226.8077335,0.6772265175117358,1.434804979011738,1.5866004802148357
1768918226.8276067,0.5784322493364638,1.3507003622124207,1.4693452063940609
1768918226.8479633,0.5663621687553935,1.3753475404971818,1.4873960344672699
1768918226.8675714,0.5532206367513002,1.3993298840517348,1.5047183116210674
1768918226.8876886,0.5945647090796431,1.3605076160021277,1.4847518871793877
1768918226.9076245,0.5616738449690164,1.3822981385331188,1.4920541719101232
1768918226.927653,0.5584346712697279,1.4696415242965974,1.5721626798817467
1768918226.9476695,0.5459398510044551,1.4947584914281773,1.591336943771308
1768918226.9677148,0.45692542714111006,1.49852066193022,1.566634935203435
1768918226.9883592,0.4824782620059018,1.527777587426729,1.6021515627279688
1768918227.007755,0.5514412679155019,1.5332393793877959,1.6293895993487038
1768918227.0277522,0.5677223523909039,1.5622390959520605,1.6621972392966402
1768918227.047599,0.47104188735322516,1.594047068653909,1.6621872688495145
1768918227.0676668,0.42277737126872417,1.6182289996570063,1.672544708217932
1768918227.0876453,0.4455991450336345,1.6501075875457092,1.70921433662681
1768918227.1077433,0.36688067213865416,1.6277961700098444,1.6686287180459376
1768918227.1277537,0.35790636598729186,1.6556454670122918,1.6938886856144293
1768918227.1476202,0.3567579320300247,1.6713350008432775,1.7089870997494798
1768918227.1676307,0.3287228960318327,1.6964911652045238,1.7280454322709684
1768918227.1877506,0.30035692856480267,1.7218867003358467,1.7478867507165194
1768918227.2077243,0.2875002648284042,1.7113902085136488,1.735371098086168
1768918227.227655,0.30482579910981755,1.7456620596770875,1.7720764076074684
1768918227.2477963,0.3272002351124499,1.7792585287046716,1.8090939461028426
1768918227.2679286,0.2450711875397822,1.810960613329942,1.8274677096995502
1768918227.287922,0.2674004393945779,1.845430188307133,1.8647025432770004
1768918227.3079503,0.32972356384977886,1.7376205148505681,1.7686273440686573
1768918227.327809,0.37241472343871607,1.774486463074524,1.813145039391132
1768918227.3476772,0.30653241073221693,1.7700906859921997,1.7964362375173912
1768918227.3677049,0.21589716000398695,1.8617072784286925,1.8741839755616727
1768918227.3876042,0.20542047657349372,1.891078150882315,1.9022024458348687
1768918227.4076617,0.21410785442401803,1.9250830054930095,1.9369529553822558
1768918227.4276745,0.18108471647990854,1.9143493881460731,1.9228950190891476
1768918227.4476516,0.16022198741027438,1.9418765792587092,1.9484752331818858
1768918227.4677677,0.17982971070683718,1.9607342064255748,1.9689635225418052
1768918227.4879434,0.12312758761749265,1.9795335632454218,1.9833591532669064
1768918227.5076163,0.10321863867538639,2.0072164884856187,2.0098686820333653
1768918227.5277305,0.13745764281054562,2.0533303377197214,2.0579261598432574
1768918227.5477216,0.10787322647060549,2.07963943545381,2.0824353085951604
1768918227.5676231,0.13658352941584795,2.1207943708953962,2.1251879503068167
1768918227.5879037,0.1349070980906788,2.155366581966791,2.159584457198758
1768918227.6077735,0.04804216696865993,2.1661028806625016,2.166635580669124
1768918227.627677,0.03567137689066158,2.198112776880249,2.198402198646434
1768918227.6477568,0.1632558367503556,2.083095498985296,2.0894830284369044
1768918227.6675825,0.04926706477683496,2.079392450058357,2.0799760106865226
1768918227.6876626,0.02554300649108754,2.1061511292532487,2.106306013957929
1768918227.7076843,-0.0824989098108766,2.0920873490201286,2.093713339034275
1768918227.7277117,-0.09811067833391718,2.1214679059485153,2.1237353368941054
1768918227.7477996,-0.152050298523001,2.139425994089226,2.144822341702363
1768918227.7676587,-0.06770546137330058,2.12747507328087,2.128552140994252
1768918227.7876134,-0.12527642719779664,2.1162343551808886,2.119939156971095
1768918227.8077028,-0.1579991671302281,2.139157805449589,2.1449848142655337
1768918227.827708,-0.14521658410305704,2.119426063840706,2.124395136594383
1768918227.8477554,-0.12948544597632505,2.157253642615177,2.161136219514202
1768918227.8676767,-0.2017019850456805,2.189849009856572,2.1991185454043123
1768918227.887632,-0.16771709357704268,2.2351893450433256,2.241472826440941
1768918227.9077592,-0.18534507567752811,2.1921879430900244,2.200009267004842
1768918227.9276452,-0.14202563361951093,2.2408613133265334,2.2453575898213938
1768918227.9476645,-0.1366640788064366,2.2770594776531325,2.281156929105485
1768918227.9676325,-0.14414650854541833,2.2070894823992946,2.211791626542478
1768918227.9876354,-0.15129277655988815,2.208036516720287,2.2132136732384105
1768918228.0079782,-0.1763518973112781,2.232511487575467,2.23946590370153
1768918228.0276663,-0.20456485036477545,2.1829465952109084,2.192510573645578
1768918228.047671,-0.22937991073723651,2.1912459286766985,2.2032189776306916
1768918228.0676203,-0.2813758727448956,2.203844572676771,2.221734296057882
1768918228.0876133,-0.2275760936320097,2.1692297287545257,2.181134680505823
1768918228.1076336,-0.25032946611792894,2.1918988004770856,2.206147137690452
1768918228.1282141,-0.28508991965792774,2.1863912711849576,2.204899782984328
1768918228.1476781,-0.2871908934404779,2.216407065304054,2.234935992015178
1768918228.167717,-0.28245175527236555,2.249706812598393,2.267368460728882
1768918228.1876583,-0.18858165920927306,2.2645211718485347,2.272359826246799
1768918228.2075992,-0.26994161037800524,2.2101289361497134,2.226553028207443
1768918228.2276254,-0.24211990194039146,2.2498334681837378,2.262824050047924
1768918228.2481174,-0.25645994933492844,2.2223809095668825,2.237129547616811
1768918228.2677927,-0.2563285286644792,2.2493827878031967,2.2639406442467918
1768918228.2876987,-0.22503143962024197,2.2503515687343283,2.261574967079935
1768918228.3076599,-0.23557951186565163,2.2720668842324825,2.284247279266577
1768918228.3276393,-0.25551553120470416,2.2901100585122975,2.304320348125673
1768918228.3477528,-0.3101403434896213,2.1974252067307614,2.219203589541886
1768918228.3675861,-0.27403749609882766,2.2172556358783915,2.234126026906854
1768918228.3875914,-0.35734936036752174,2.215728313880855,2.2443597141029716
1768918228.407674,-0.3875465752869687,2.2271360416447274,2.260603303547441
1768918228.4277728,-0.4944897767262546,2.267713924867132,2.3210012029990574
1768918228.4476612,-0.5338824202912988,2.2765087640883213,2.3382734210667135
1768918228.467637,-0.5131619709224893,2.2667275111883214,2.3240888146495293
1768918228.487589,-0.5455554804712222,2.2766655188774614,2.341118678563256
1768918228.5075996,-0.5245418021390549,2.331294375361872,2.389576859359244
1768918228.5276642,-0.5648563223918899,2.339156867547141,2.4063909732084356
1768918228.547746,-0.5038699870038137,2.3111125496032097,2.365401906809215
1768918228.5676928,-0.5156922905235781,2.3264320272896937,2.382902540202744
1768918228.587682,-0.47265160701198283,2.305103782645487,2.353062470564167
1768918228.608031,-0.5078616892374832,2.311888523100298,2.3670133161091482
1768918228.6277473,-0.5079395966414104,2.282447426915934,2.338283321257586
1768918228.6479597,-0.552026431638005,2.2853932037026565,2.3511178781076207
1768918228.6676087,-0.6010916936621165,2.291591619990844,2.3691144710633663
1768918228.6876023,-0.6703195482014763,2.286855140673361,2.3830725400468213
1768918228.7076204,-0.6858337631428846,2.2982557811598276,2.39840521728529
1768918228.728122,-0.6801251969210398,2.3423307238995035,2.43907431285118
1768918228.7476535,-0.5430867499597376,2.1967555170023827,2.2628915173870436
1768918228.7677457,-0.5477888010345779,2.207809186768139,2.274751409652644
1768918228.788315,-0.6041510084400947,2.200896415017829,2.282310993409425
1768918228.8077805,-0.7211347366156708,2.218624773289555,2.3328804497890334
1768918228.827644,-0.7438706267239859,2.2244692567205195,2.345550464901038
1768918228.8475926,-0.7981463805255942,2.174242348536284,2.316110410778096
1768918228.8677328,-0.8291616702675775,2.1765855779362466,2.3291702070739664
1768918228.8877118,-0.7876291189084945,2.201675521281759,2.3383187827932863
1768918228.9076152,-0.8284658828536386,2.2009260030769324,2.351686839286358
1768918228.9276319,-0.7833087882189567,2.234854722698297,2.3681529277620426
1768918228.9476027,-0.8285091754008036,2.232931549909207,2.3816823382439676
1768918228.9677448,-0.9394885715073897,2.2843409361184728,2.4699903417664646
1768918228.9881501,-0.9883597729730376,2.282717560166713,2.4874996483064646
1768918229.007552,-1.0562921060130215,2.3014303150308217,2.5322587759090287
1768918229.0282161,-1.0974178989443786,2.3019687897332437,2.5501737889464375
1768918229.0476565,-1.1328796322145607,2.338730908847002,2.5986686062449214
1768918229.0680437,-1.168705060565273,2.3404839707645015,2.616053656941395
1768918229.087744,-1.196252830214057,2.3777045821763334,2.661672390414995
1768918229.1075854,-1.2343866293929366,2.3785382325943916,2.679767615808749
1768918229.1276412,-1.2275830861616832,2.3232630014328652,2.627643660631534
1768918229.1476588,-1.168210506425929,2.308968952209355,2.5876733583647478
1768918229.1675463,-1.2162631671128175,2.305883300113976,2.6069894294798788
1768918229.1877227,-1.268507344533809,2.3020191525508276,2.6283841161152695
1768918229.2076159,-1.2658614895066407,2.31199771352352,2.635856357610171
1768918229.227582,-1.3111203044553186,2.3119132212388385,2.657814740589334
1768918229.2477686,-1.3700413606057609,2.306906901428338,2.6830640658821734
1768918229.2678435,-1.4609669646656087,2.447739602745542,2.8505882962457316
1768918229.2876797,-1.5204374435325292,2.445446121921443,2.879572321529077
1768918229.3076828,-1.3775575512270848,2.347370655546282,2.721729928090321
1768918229.328134,-1.4209354608433635,2.345507626573422,2.7423463694792876
1768918229.3477714,-1.5360530102871301,2.428370176877812,2.8734022632346017
1768918229.3675904,-1.579408004116054,2.4283082576112864,2.89675864328546
1768918229.3877048,-1.6017476362248964,2.4411838659322678,2.9197558386687157
1768918229.4076715,-1.6508756150246349,2.4404693631833236,2.946401365890157
1768918229.427806,-1.7127738566705162,2.4041710186332725,2.9518862733733733
1768918229.4476037,-1.76278993598115,2.4027395995250256,2.9800311980786556
1768918229.4678872,-1.8258776713115168,2.3989217763610764,3.014739617229546
1768918229.4876194,-1.854894553226977,2.434371198397092,3.0605223304489058
1768918229.507583,-1.8752267998420784,2.4860023608680617,3.1139497891082857
1768918229.5276196,-1.9330263622065154,2.484803012178822,3.1481481741363924
1768918229.547587,-1.8822389921667906,2.561579638482109,3.1787598002867705
1768918229.5678194,-1.9413923683366399,2.5612511903242403,3.213878029386474
1768918229.5878572,-2.013527636111924,2.5675785849843002,3.262936305148547
1768918229.6076102,-2.096806443118581,2.5706849296006693,3.3173812363338033
1768918229.6276174,-2.158113684603798,2.570078859983015,3.3560035789918006
1768918229.6478333,-2.0538046109973536,2.5611179119035725,3.282900902986154
1768918229.66762,-2.1113717169683213,2.5603928426673734,3.318659674627103
1768918229.6876462,-2.0972608891553755,2.518512001537772,3.277408418105774
1768918229.7076397,-2.1537864756373075,2.516931757294153,3.312663830441297
1768918229.728179,-2.211665037345732,2.515223023280501,3.3492997916367235
1768918229.7476592,-2.1135964341031652,2.4508340506866535,3.23633703903947
1768918229.7676768,-2.1283524014616333,2.4625467236066747,3.254845666195783
1768918229.7876825,-2.181186628516926,2.4598599876049594,3.2876262359095665
1768918229.807601,-2.179299877403011,2.4413408044000233,3.27253615394503
1768918229.8276324,-2.2310624557088623,2.4382817405123287,3.304974663653186
1768918229.8479888,-2.2837111991926626,2.4352578272996306,3.3385352367081746
1768918229.8677678,-2.2307798366428173,2.400437297517186,3.2769616871247926
1768918229.8878074,-2.2125761283081076,2.4213228624987844,3.279984379233871
1768918229.9076188,-2.242030484551634,2.389983374607848,3.2769988136343216
1768918229.9277575,-2.290367601969024,2.38636357366234,3.3076449110888295
1768918229.947668,-2.2297842382993487,2.3939115884976463,3.2715058372118992
1768918229.9676557,-2.275847112555347,2.3904297800408525,3.3005506530021123
1768918229.9875653,-2.236956922264561,2.3784828323321507,3.2651427006742146
1768918230.0076668,-2.281477923543889,2.3748579809638777,3.293188719974299
1768918230.027658,-2.2122860611427555,2.3787846974501745,3.248511390337064
1768918230.0476882,-2.254482549635725,2.375214852022701,3.274803377285607
1768918230.0677347,-2.1816717382543516,2.3477898808311535,3.2049662865669784
1768918230.087634,-2.2215162291566024,2.3437264249249443,3.2292704921232027
1768918230.1076684,-2.1396573080474646,2.321290783283402,3.1569802496115478
1768918230.127675,-2.1770854791321135,2.316810378486286,3.17919982280285
1768918230.1478016,-2.20244022071655,2.3754261245403177,3.239350582906796
1768918230.1677709,-2.239667664460196,2.3720821157180847,3.2623434538592306
1768918230.1876068,-2.162993817307335,2.336014741238973,3.183631122632699
1768918230.207592,-2.1980194830783617,2.332067925414637,3.204657619269147
1768918230.227684,-2.23317885257563,2.3283508512558964,3.226190551429823
1768918230.247708,-2.051631913623183,2.2309761426341588,3.03091538285052
1768918230.267724,-2.101287066197976,2.2517606755040456,3.0799080301718966
1768918230.2875617,-2.1325310352481424,2.2465883466646828,3.0975551352100363
1768918230.307762,-2.2531614847135266,2.3028570981100387,3.2217832780173548
1768918230.327977,-2.2864237598015933,2.2990303100520393,3.2424179212315045
1768918230.3476348,-2.2102342702032267,2.3523152921226,3.2277736541979865
1768918230.3676631,-2.2502131284934848,2.3529003815901053,3.255702586129651
1768918230.3876157,-2.2813678110374447,2.3501797503640773,3.275360124972388
1768918230.4076238,-2.309866224599361,2.3211908015888874,3.274661618079915
1768918230.4281101,-2.3416551311972107,2.318013579092934,3.294925751260787
1768918230.4477954,-2.3722077464447935,2.314866735478309,3.314510159181397
1768918230.4676263,-2.3649966934428868,2.3322784807968997,3.32155570056925
1768918230.487676,-2.3630022363779126,2.3742300227242055,3.349738462914978
1768918230.507862,-2.3928440949977023,2.372322493503944,3.369512854427201
1768918230.5278234,-2.4242876004181078,2.3939123576050942,3.4070495660373608
1768918230.5475898,-2.4538979895891337,2.3926459183317874,3.427297745136736
1768918230.5675821,-2.471500873809589,2.4245555847874902,3.4621938641511356
1768918230.587559,-2.500926109100618,2.423859455140975,3.482775626057105
1768918230.607733,-2.530619213525739,2.4232138217211716,3.5037121499412813
1768918230.6275902,-2.5827039699032213,2.4820339871738843,3.5820179382074775
1768918230.6477954,-2.5990075362226754,2.479395595981308,3.5919691945663685
1768918230.6682813,-2.629027200231871,2.479818670282924,3.6140399357288238
1768918230.687722,-2.6669925231469946,2.502081002702317,3.656946603740039
1768918230.70772,-2.7247881292693386,2.531633361848807,3.7193598680731332
1768918230.7276008,-2.7548857720395326,2.533072930542409,3.742439590485404
1768918230.7477303,-2.5468471966317843,2.3586932622418866,3.4712914813274396
1768918230.767756,-2.572687572203037,2.356794080576617,3.4890112757640863
1768918230.7877383,-2.5984977088204353,2.3549032376713095,3.5068161630658468
1768918230.8076527,-2.557576190473881,2.3514565034139476,3.47426879465689
1768918230.8277445,-2.5587177125465246,2.3383580354094855,3.466259458589825
1768918230.847655,-2.582791579257762,2.3362430815461366,3.4826490029799144
1768918230.8677146,-2.5049025584477143,2.35919205050931,3.44097718075901
1768918230.8878698,-2.5270292277282884,2.3576066256662562,3.4560361281645275
1768918230.9077227,-2.4706301138883013,2.3108590676832863,3.382910402352653
1768918230.927883,-2.4914496464630993,2.308378950706193,3.396459144598169
1768918230.9479167,-2.6289147551240326,2.4122198710582428,3.567912204081975
1768918230.9676347,-2.651616454202454,2.4118241046942703,3.584405854835849
1768918230.98777,-2.6744446025181716,2.4114458140855497,3.601072735478874
1768918231.0078323,-2.5883473678649374,2.361773321195183,3.5039285548427888
1768918231.0277874,-2.6089894015866335,2.360481907332085,3.5183377513299514
1768918231.047818,-2.5407551302891562,2.308143849559558,3.432632322627969
1768918231.0676794,-2.5597641688829036,2.3058416732395424,3.445184816863228
1768918231.0875878,-2.5403356661838004,2.296774861296968,3.4246868558119585
1768918231.107793,-2.5463767951087597,2.290767543751615,3.42514973719021
1768918231.1280441,-2.564585650410855,2.288326538618298,3.4370827609526757
1768918231.147639,-2.57249449460139,2.289618957200684,3.443847106642106
1768918231.1675873,-2.5904330458107516,2.28721297724313,3.4556745460326197
1768918231.1879115,-2.6156467272884036,2.305188414042556,3.486474067910239
1768918231.2076106,-2.6334912352886555,2.3032549967286267,3.4986082470458957
1768918231.2276275,-2.422671006092102,2.176698287566614,3.2568927275633057
1768918231.2477133,-2.436479438841676,2.172259872983239,3.264221961152674
1768918231.2676213,-2.4590457303935835,2.188708626131363,3.292013267632552
1768918231.2878046,-2.473064865952395,2.1846652226138286,3.2998199899549774
1768918231.3078866,-2.445573753735708,2.2032243806663763,3.291660471027305
1768918231.3278701,-2.437848306725339,2.185619149131049,3.2741465195760457
1768918231.3475661,-2.450512151133303,2.181844765584275,3.281075491962882
1768918231.3676949,-2.463342486518325,2.1780047622531074,3.2881242297522
1768918231.3876545,-2.4316206966473537,2.149711682531829,3.2456185127611024
1768918231.4076593,-2.443568076502075,2.145429501345437,3.2517522491332858
1768918231.4276938,-2.437584215255555,2.093875708772183,3.213429988384569
1768918231.4478111,-2.410853526818869,2.118533588723616,3.209423514328569
1768918231.4676108,-2.4216482071676246,2.11396769251075,3.2145356498656836
1768918231.487739,-2.3942188241961233,2.0876277544264914,3.176550553538675
1768918231.5076706,-2.404386957037943,2.0826557620221733,3.180963951738268
1768918231.5278516,-2.414674028666397,2.0775572568401808,3.1854190964714997
1768918231.5476258,-2.366183870291543,2.0336034693249907,3.119995060649697
1768918231.5676298,-2.3578833563808637,2.0171990175740904,3.1030155975759715
1768918231.58779,-2.3665914963593906,2.0111282929460685,3.105703192729264
1768918231.6076107,-2.3332395384423137,1.9913085337091454,3.0674609076846227
1768918231.6277575,-2.319853857010223,1.9564363432636602,3.034693573184629
1768918231.6477559,-2.3274684573323086,1.9496996193798655,3.03618807482126
1768918231.6676362,-2.3006511590347287,1.9830201320850236,3.0373285301103574
1768918231.6875954,-2.3076277546160924,1.9770579349060036,3.038733935679348
1768918231.7077281,-2.2924194244239544,1.9568265319399698,3.0140266909203812
1768918231.7280502,-2.2989191941054408,1.9505500197506258,3.0149087615673507
1768918231.7477212,-2.305398534344075,1.9441809772345158,3.0157423753358583
1768918231.7676983,-2.287164339856897,1.9106602081497979,2.9802253519692203
1768918231.7875915,-2.2910810526500818,1.9066380479097171,2.9806578192656037
1768918231.807643,-2.2970825640271855,1.899865284492857,2.9809522648272706
1768918231.8276427,-2.266472625747845,1.8715288002194521,2.9393057366179502
1768918231.8478582,-2.2718702636752646,1.864316785768934,2.938889513518963
1768918231.867812,-2.43374351227369,2.0507874626905513,3.1825833375833263
1768918231.887606,-2.4420536568574107,2.0473813518723976,3.186753279274299
1768918231.9076188,-2.2259991851225642,1.8612836065765226,2.9016286868372436
1768918231.92762,-2.2301358690688957,1.854443606732735,2.9004253283026604
1768918231.9476116,-2.3425196123316567,1.9303046987978743,3.0353705481142836
1768918231.9676418,-2.34874353107897,1.9250579334107876,3.0368477442527673
1768918231.987808,-2.3550987618601944,1.9158965221620017,3.0359758994016857
1768918232.0079036,-2.3611851586019768,1.9104898598291484,3.0372959779567488
1768918232.0277035,-2.3313990109816807,1.9512392453097922,3.0401901159045113
1768918232.0478272,-2.3368122914587843,1.9467086663274644,3.0414414867077926
1768918232.0677214,-2.360749878864592,1.9246072370296252,3.045858336723163
1768918232.0877337,-2.3665654033731727,1.9197955838548113,3.0473343912723565
1768918232.1076472,-2.3851026589192053,1.918127033826197,3.060706782996102
1768918232.127764,-2.391250012743267,1.9133991956683811,3.062543567923415
1768918232.1476328,-2.4181767896515503,1.9135381948230528,3.083700278732702
1768918232.167835,-2.4256667319760545,1.912484475007398,3.0889247258163666
1768918232.187684,-2.4321703649502275,1.9079790287532736,3.0912516329642927
1768918232.2076342,-2.433042586934757,1.932063119049178,3.1068575966445926
1768918232.2276459,-2.439463923159643,1.928049023817028,3.109398216800034
1768918232.2480867,-2.465114074734533,1.9274949061387288,3.1292209916599116
1768918232.2679465,-2.471815007812051,1.923479782709152,3.132035106338327
1768918232.287701,-2.4991456740243443,1.8991547796606003,3.138872086769752
1768918232.3076446,-2.506235019695282,1.8947545939460975,3.1418639285027687
1768918232.3276777,-2.518204186923647,1.8869342980613428,3.146724228819558
1768918232.3480003,-2.5255077067467795,1.8824348228266938,3.1498809563264363
1768918232.3676512,-2.5293908331427346,1.876251702660408,3.1493076125590806
1768918232.3876777,-2.5365755566753343,1.8717596647081312,3.152411742959837
1768918232.407601,-2.5374484185395083,1.8634308952506755,3.1481771198780075
1768918232.4276502,-2.544563754785468,1.8590057331783445,3.151302432036296
1768918232.4476168,-2.5260425164468963,1.8734727061674423,3.1449627622043046
1768918232.4680307,-2.532684416786143,1.8693574300656257,3.147854436973369
1768918232.4877863,-2.524893703808999,1.8727629471385843,3.1436172272892136
1768918232.507958,-2.5312834013486913,1.8688212943043299,3.1464088558209835
1768918232.527892,-2.5106761118955845,1.8222148241905778,3.1022510221358663
1768918232.5476036,-2.5200388553188375,1.8086540792053487,3.101906737886042
1768918232.5676975,-2.5258672508324267,1.8036665533693803,3.103742644706732
1768918232.5876622,-2.537679809444313,1.7883365466621175,3.104507435872672
1768918232.6076562,-2.543577540013093,1.7830976211730052,3.1063199816972955
1768918232.6276217,-2.511827592049027,1.821961828466379,3.1030344433420916
1768918232.6478107,-2.5170600844619884,1.8175655924793785,3.1046958227428183
1768918232.6677444,-2.525030202479634,1.8067456747974848,3.104852243961661
1768918232.687987,-2.5303243858419826,1.8021720057043416,3.106503731807032
1768918232.707611,-2.533761935495207,1.7933876308229237,3.1042211165046014
1768918232.7276459,-2.53909933430554,1.78903134603169,3.1060680267107474
1768918232.747705,-2.5458725105015425,1.771973716508147,3.1018313448224615
1768918232.7675903,-2.5511970544828593,1.7673629542696787,3.1035750712568344
1768918232.7878778,-2.5576694554996777,1.7550883903508714,3.101936218161236
1768918232.8077147,-2.5629950570435085,1.7503524296027857,3.103655472220754
1768918232.8276076,-2.549899828232558,1.7699766576301492,3.10399847013107
1768918232.8476236,-2.559966673037401,1.7685866457208208,3.1114832621250277
1768918232.8676212,-2.5649314662497034,1.7641137316571172,3.1130323937889
1768918232.8877234,-2.569880814166037,1.75960895593051,3.1145643478357536
1768918232.9076474,-2.584356972202464,1.7691965596402648,3.1319255141868294
1768918232.9278193,-2.5952116979366266,1.7705837469055394,3.141670027535223
1768918232.947757,-2.600488794392927,1.7665131894633657,3.1437415317279522
1768918232.9683564,-2.6240892336191486,1.7755586071353822,3.168351728165367
1768918232.9876864,-2.6295857257638353,1.771833760657434,3.170822600611138
1768918233.007727,-2.6352745657921055,1.7681284967987754,3.173476078104681
1768918233.0277421,-2.6811319006857275,1.786475361971024,3.22179491709267
1768918233.047664,-2.7057271426860368,1.7898470478507145,3.244150401163279
1768918233.0676622,-2.712431069949801,1.786513361806084,3.247908912075691
1768918233.0875504,-2.728146231735508,1.7907694196271757,3.2633781540000086
1768918233.1076696,-2.735187673294405,1.7877193938905505,3.26759731904561
1768918233.1276703,-2.759189969377701,1.7838473071805643,3.285611130741109
1768918233.1476145,-2.764786301011334,1.7816407961522627,3.289116479660458
1768918233.167616,-2.7893884483394835,1.8188704211648954,3.3300116403277507
1768918233.1880352,-2.795001779593278,1.817504815790282,3.333970411288987
1768918233.2076852,-2.7900418580833524,1.8122285286073634,3.32693640001663
1768918233.2277863,-2.792721633925982,1.8122480272819086,3.32919465291313
1768918233.2476664,-2.787781096530086,1.79690211215431,3.316712324401245
1768918233.2678156,-2.788751596442058,1.7974575289798755,3.31782896411864
1768918233.2877226,-2.7833291656121126,1.7829756015257088,3.305438433821296
1768918233.3075833,-2.7772374820570818,1.7857604955524709,3.3018159517481536
1768918233.3279495,-2.7735193264693905,1.7888847281473108,3.3003814968724297
1768918233.347727,-2.7617905729465058,1.7772059575406267,3.284196733500307
1768918233.3676214,-2.7504309182195463,1.7848891206646567,3.2788259192834666
1768918233.3876376,-2.736253038024376,1.7768374382651544,3.262549918410185
1768918233.4076414,-2.7252156647335397,1.7842841490341952,3.257371692607976
1768918233.4279375,-2.711275417433505,1.7700966517737609,3.2379401702007877
1768918233.4477358,-2.6949883284261666,1.7806603861428494,3.230125926513031
1768918233.4676838,-2.6671891524284845,1.7801365321038158,3.2066780393052836
1768918233.487694,-2.663105972340393,1.7825833183274433,3.2046429920810757
1768918233.5075722,-2.6511497444812377,1.7745807646305973,3.190255766840622
1768918233.5276768,-2.6406122952021818,1.7809721532364122,3.185073798858745
1768918233.5476944,-2.75050700090339,1.833839423600593,3.305791250755304
1768918233.5677867,-2.7500952434123676,1.8360753769538922,3.306689679679015
1768918233.5876706,-2.7758391783243184,1.8077249799290565,3.312574942092591
1768918233.6076708,-2.7522194381283462,1.8250987239142642,3.302377505320218
1768918233.627806,-2.7635977899000608,1.8501109656588879,3.3257154613093047
1768918233.6477416,-2.729983613032161,1.8748634383063028,3.311785536492643
1768918233.6677406,-2.713189588958457,1.8884787196026354,3.3057146912618713
1768918233.687922,-2.7239471956590933,1.9164214526005283,3.3305494304583676
1768918233.7075977,-2.6925864957488663,1.9405508762106,3.3189998102215803
1768918233.727725,-2.6771563175616038,1.9540457470482613,3.3144321882062098
1768918233.7476997,-2.771332725685287,1.924626363141205,3.3740882789506834
1768918233.767715,-2.8105409470703293,1.9126938181696653,3.399637930313085
1768918233.7878022,-2.796024662420834,1.926578459722717,3.3955056286705068
1768918233.8079875,-2.893568882590184,1.952402848142988,3.4906471835078174
1768918233.8276234,-2.8847027314637934,1.9641772991097648,3.48991437018916
1768918233.8476264,-2.9145609006750313,2.0113207439994394,3.5411970262873127
1768918233.867644,-2.8949704955332685,2.031801159486599,3.536816382242542
1768918233.887672,-2.974327065061974,2.0358452860806047,3.6043428692088657
1768918233.9079747,-2.943965833128498,2.065015822872102,3.59600127577009
1768918233.9275508,-3.001126419577812,2.084080851203449,3.6537860885170645
1768918233.9477358,-2.9514312427396447,2.1280450762895864,3.6386154272387783
1768918233.967696,-3.0487074639636518,2.1125072016413666,3.7090839674796148
1768918233.9877005,-3.0031286851832846,2.1548442192500463,3.696232610240598
1768918234.007716,-3.064431217735727,2.186828511099204,3.7646988757654487
1768918234.0276015,-3.003301634343032,2.2419228490312877,3.7478045263668824
1768918234.0476086,-3.0070222829309863,2.2508658335827194,3.7561389765067945
1768918234.0676167,-3.050378980061545,2.2164637157663867,3.7706131232612887
1768918234.0880327,-3.1154977090530416,2.151109443319786,3.7859738261449074
1768918234.1085694,-3.085268588654163,2.1837745553125005,3.779914492758581
1768918234.127637,-3.092979694786063,2.2270152397694014,3.811314769278976
1768918234.1476908,-3.083550240533281,2.2457470571162936,3.81466406521457
1768918234.167616,-2.8110368940406083,2.101744966709573,3.5098803861024233
1768918234.1876817,-2.7883464299439815,2.123761498475183,3.505030487140861
1768918234.2076004,-3.0635994761856935,2.215882850290094,3.780975873593351
1768918234.2276912,-3.021516218315064,2.2584735361584825,3.7723020784488037
1768918234.2477992,-3.013989368818457,2.245205826839256,3.758334886651751
1768918234.2675648,-3.086684963391342,2.1368050058323624,3.7541390086378597
1768918234.2877774,-3.0434567992090926,2.179488535487124,3.7433674098292653
1768918234.308166,-3.0031063164131346,2.2008753813080633,3.723237837115483
1768918234.327609,-2.929847037818476,2.2669351297774085,3.704456579261338
1768918234.3476543,-2.9503917991970674,2.221297447978648,3.6930981737784556
1768918234.3677585,-2.8841092329813307,2.282580453948161,3.678078247742203
1768918234.3874996,-2.966153493716231,2.2102997705409413,3.6991203851643353
1768918234.4076009,-2.9077986314941278,2.2659447846914076,3.6864344085565
1768918234.4278176,-2.9356954575889453,2.240114079018375,3.6927522130146655
1768918234.4477556,-2.8656193654931386,2.30615194914719,3.678329941759532
1768918234.4676578,-2.7873193165932015,2.123770118356511,3.504218670157104
1768918234.487882,-2.762128852778158,2.1493878668039725,3.4998891412891515
1768918234.508218,-3.0600032538450783,2.2609918930337916,3.80469502771339
1768918234.527544,-3.0541396424762155,2.3228904424231587,3.8371329092495094
1768918234.54792,-2.9840221951791754,2.39435713287227,3.825876963659216
1768918234.5675993,-2.9788733810246555,2.33542079451883,3.7852182113648647
1768918234.5875962,-2.8958816066803514,2.4173311976628673,3.772216907748515
1768918234.6075954,-3.0240603095576155,2.304684087298384,3.8021716818271223
1768918234.627674,-2.9830732919622562,2.3514370366603896,3.798418408047845
1768918234.6477146,-2.7969276293709804,2.1868763747084365,3.550384830155273
1768918234.6676037,-2.7412222042507075,2.2403807670380647,3.5402832025688533
1768918234.6876638,-2.772651449887025,2.1698053048451333,3.5207458192114216
1768918234.7077813,-2.7608937369660858,2.1857050802366302,3.5213407850690586
1768918234.7279582,-2.7689263912459268,2.171463134328927,3.518835816557487
1768918234.747688,-2.7582539870205984,2.1873007478137865,3.5202627200681738
1768918234.7676647,-2.6981385562419256,2.2088660764640453,3.486981647848599
1768918234.7879024,-2.676880437618202,2.234646062954296,3.487023358680029
1768918234.8076859,-3.0129674745752375,2.2728018912909045,3.774069612487798
1768918234.8280277,-2.979670479477786,2.281468042226696,3.7528032980657398
1768918234.8475661,-2.8934793751268764,2.37736875068375,3.7448771770262685
1768918234.8675811,-2.7679481201592218,2.2281475276188956,3.553333392847787
1768918234.8877587,-2.734086946915081,2.271936364482834,3.554845464651158
1768918234.9076073,-2.7633649296105,2.2302923217796016,3.5511110338583176
1768918234.9277725,-2.722098191743477,2.2839295924362117,3.5533298395587973
1768918234.947648,-2.777065164623714,2.238777692544708,3.567101972918961
1768918234.9681406,-2.7195836313160413,2.312453101685527,3.5698143474440185
1768918234.9880817,-2.853341558165166,2.169015355183645,3.584157593992604
1768918235.0077255,-2.836622013045023,2.2008758251449185,3.5903034471474586
1768918235.0276744,-2.8231006616154737,2.230981168516231,3.59821821460119
1768918235.0477493,-2.816556429613371,2.2531669456294456,3.606903298686221
1768918235.0677736,-2.773531632213551,2.3062120400572477,3.607089087975812
1768918235.0877225,-2.758600392357451,2.339764330322058,3.6172328161402754
1768918235.1076953,-2.8311861407366337,2.2851304060500484,3.638328728434754
1768918235.1277945,-2.8095036888577134,2.3287224493646277,3.6491449990209883
1768918235.147784,-2.869118882896391,2.2629971096953483,3.6541755681250643
1768918235.168044,-2.822360993323784,2.338444855100184,3.665248411360427
1768918235.1875968,-2.8456816361067467,2.3078740180690405,3.6639031724860454
1768918235.2081556,-2.901675813158377,2.2541332380607066,3.674348810278955
1768918235.22769,-2.884811638458345,2.29703673482066,3.687616567716915
1768918235.2478986,-2.9467616235045746,2.1942452333246107,3.6739782538451546
1768918235.2676663,-2.925625246454768,2.2454569330579925,3.6880021584743856
1768918235.2877476,-2.95094229055422,2.1555546199023374,3.6543776654259066
1768918235.307657,-2.9578166472672045,2.1710928175487885,3.669103888044456
1768918235.3276687,-2.990155622112102,2.152560380041134,3.6843651874062977
1768918235.3479111,-2.960726941086307,2.2539189461267632,3.721028706605669
1768918235.3677318,-3.0123745671506015,2.1685126889319277,3.711717636738354
1768918235.3876102,-3.012823706357043,2.196112681269165,3.7282727360559647
1768918235.4078982,-3.0282371735697353,2.1422923150684268,3.709398434057854
1768918235.4276147,-3.0056159059828786,2.2046028141869902,3.7274656997239397
1768918235.447608,-2.9749814249768995,2.233282312167771,3.719954887468262
1768918235.4684424,-2.9857471167005123,2.248719953869145,3.7378372457632065
1768918235.4876442,-2.8972093946265858,2.1781920740966605,3.6246852260534377
1768918235.5078144,-2.870061052139061,2.251064235520667,3.647538983403168
1768918235.5276575,-2.807282883020079,2.004667500285152,3.4495693893581914
1768918235.5477192,-2.7884542621613484,2.061961944197024,3.4680202178595443
1768918235.5679834,-2.7191994754819078,1.9467988319341238,3.344259481481835
1768918235.5876062,-2.8669178716028085,2.01883104346177,3.506407971779741
1768918235.6077528,-2.8803866609198607,2.02746967905195,3.5223941596420016
1768918235.627635,-2.892780176051243,2.0106773891055254,3.522925021912228
1768918235.6476045,-2.9201876823816804,1.9957413474769892,3.5370156384108564
1768918235.6677642,-2.9406660618658194,1.9348579044491652,3.520112497892481
1768918235.687733,-2.9616090859822535,1.9313206624947614,3.535693408590717
1768918235.7079318,-2.9632594141339084,1.8896273363862093,3.514484005636002
1768918235.7276733,-2.9765548821847645,1.899263385426237,3.530875298545488
1768918235.7478728,-2.9712817424241784,1.944928626001995,3.551233947954608
1768918235.7676518,-3.085716368689649,2.205524132874804,3.7928857363084894
1768918235.7876205,-3.153445823427756,2.1691462069536556,3.8274555292563996
1768918235.807662,-3.1614408494028403,2.205985322459271,3.85500706707247
1768918235.8277004,-3.3111398757168047,2.030708792957368,3.8842535291039213
1768918235.847744,-3.316270536714665,2.0778117816008947,3.9134322624061424
1768918235.86759,-2.9497572217197288,2.036423003558274,3.584422731278915
1768918235.8877456,-3.0955700943519524,1.955600796639676,3.6615473074731524
1768918235.9076705,-3.1112590978382286,1.97419824961161,3.684751267406077
1768918235.9276986,-3.1451486478257706,1.9541712308235688,3.7028023463721063
1768918235.9475937,-3.1618696575576273,1.9731248460258328,3.7270150776979767
1768918235.9678056,-3.1945875028921016,1.989915671466827,3.7636622714031693
1768918235.9877584,-3.223788746120686,1.98360372537614,3.785168109733105
1768918236.007782,-3.2534476569847186,1.8618314739375927,3.7485114504405592
1768918236.0277796,-3.2512665094885556,1.931214423550454,3.781576796185846
1768918236.0476341,-3.260594894871918,1.8232810701183144,3.7357506513573147
1768918236.0678892,-3.266444791683938,1.8773966158231126,3.767529645566601
1768918236.0876164,-3.3063256839444186,1.9077421268360313,3.8172332324362093
1768918236.1076744,-3.3142795219813443,1.9635715889055998,3.8522801215101365
1768918236.1276147,-3.3848136529277326,1.7603809684932648,3.8152201272376494
1768918236.1476898,-3.385188669193955,1.8403261463436769,3.8530900133471198
1768918236.1676106,-3.38338233024065,1.8322204032010103,3.847636625058391
1768918236.1876261,-3.394489961148839,1.886926457396373,3.8836907127064935
1768918236.2076635,-3.4191788931288762,1.8837317642978886,3.9037455940471895
1768918236.2279112,-3.4503396449843144,1.884649144706263,3.9315068439966545
1768918236.2478034,-3.4893909600613178,1.8508718470981345,3.9498830193485612
1768918236.2677736,-3.5092526004936175,1.8917565654542834,3.9866774031780654
1768918236.2877166,-3.5763152451855333,1.7714189593287628,3.990984322496877
1768918236.3078005,-3.6071552249387544,1.7825232723796853,4.023550426349611
1768918236.3276122,-3.6720457698480686,1.7424271308982977,4.06447689652058
1768918236.3476093,-3.6845963867285008,1.716167440368006,4.06466249724033
1768918236.3676262,-3.720533199355291,1.7136866056526538,4.096228639846442
1768918236.387665,-3.780023687266972,1.7040610097655309,4.1463722699852354
1768918236.4077015,-3.814190420437349,1.7148058049052382,4.1819382482161
1768918236.427677,-3.860244767637134,1.6272905317219672,4.1892199919199555
1768918236.447648,-3.8792456407648714,1.7051671091248393,4.2374687740954995
1768918236.4676793,-4.101153723460801,1.7204881791546045,4.447419638179775
1768918236.4876025,-4.123430899859198,1.8133096030646203,4.5045281775653265
1768918236.507605,-4.2285484111099905,1.670919621199202,4.54671244369042
1768918236.5278945,-4.255833509613673,1.7609865866526961,4.60577817745507
1768918236.5476315,-4.404773191504891,1.5688939421458086,4.675837365681359
1768918236.5676692,-4.4540881677713315,1.5609342232952428,4.719683999563413
1768918236.5877151,-4.523058652133365,1.6133186135187008,4.802172062657105
1768918236.6076493,-4.5710333220777315,1.6209442615924772,4.849928445939647
1768918236.627629,-4.659224446151729,1.5936087219482253,4.924221887596795
1768918236.6476166,-4.6994589096196435,1.6572519429074788,4.983111281666712
1768918236.6676466,-4.8532657203142335,1.6152722945425015,5.115006621451612
1768918236.6877646,-4.896688576155167,1.6915861686115763,5.1806392248144935
1768918236.7077947,-5.123871217861584,1.5794792821369414,5.361791777002365
1768918236.7276392,-4.793785190810805,1.5524716772054141,5.038903131055605
1768918236.7476606,-4.844144436640292,1.5702264064733367,5.09228301360198
1768918236.7679114,-4.956293644387735,1.5102029105802979,5.18127006828668
1768918236.7876496,-5.013387517733243,1.4852539959736744,5.228769820475869
1768918236.807692,-5.05491940635347,1.5085851458129484,5.27522884308315
1768918236.8275664,-5.111876909348084,1.4973522480493875,5.326663992694177
1768918236.8475988,-5.115921044391886,1.498383752571896,5.330835019246347
1768918236.8675737,-5.173874767735068,1.4738549421509237,5.379705243106569
1768918236.8876138,-5.096597477520991,1.5009410659098625,5.31301514501963
1768918236.907663,-5.152917149312245,1.4768907735799575,5.3603881860143145
1768918236.9277854,-5.128489994014689,1.4648345329890518,5.333586956987394
1768918236.9478421,-5.177549375129047,1.5401470518524896,5.401765495949366
1768918236.9676569,-5.16143712625027,1.5551543505160836,5.3906343098158445
1768918236.9875784,-5.195029049291978,1.4942788661945725,5.405663340695872
1768918237.0076141,-5.248602128386235,1.5386801941893111,5.4694936732837505
1768918237.0276718,-5.25016980762846,1.369793297805086,5.4259208147230815
1768918237.0476377,-5.305212324969588,1.4106051628498637,5.489543217651894
1768918237.0676475,-5.361774103464057,1.39522548464286,5.540331731004444
1768918237.087757,-5.290462043798733,1.266687806338389,5.439989580468094
1768918237.1078017,-5.29530053907154,1.2893398467248582,5.450009636637703
1768918237.1276946,-5.349390049629626,1.2593881686708928,5.495637584708864
1768918237.1478815,-5.315240497779964,1.2812929006332965,5.467494220065851
1768918237.1676078,-5.368089164667719,1.26722469867798,5.515635930403897
1768918237.187714,-5.333170588208375,1.2384198343394726,5.475070064302034
1768918237.2077582,-5.388819756970712,1.3074022053291579,5.545149132315327
1768918237.2276077,-5.36164527424188,1.2076391939258926,5.495965108104878
1768918237.2480104,-5.417082735973011,1.2313164779827828,5.555261077332799
1768918237.2676606,-5.381784771552962,1.2992383749559142,5.536391214706331
1768918237.2876766,-5.413018375009134,1.145277756134151,5.532849994973857
1768918237.3076353,-5.46879669783333,1.1675487330844039,5.592039642774337
1768918237.3276858,-5.528238687824967,1.2174723665286287,5.660712141844481
1768918237.347588,-5.457261970805213,1.1350054756274908,5.574042128267528
1768918237.3676236,-5.475677128251341,1.0524299787559208,5.57589892959324
1768918237.3876789,-5.527941213776135,1.0295916540882892,5.6230056942113285
1768918237.4076226,-5.490764827790912,1.0827366660954514,5.596500431717419
1768918237.4277532,-5.540259449611291,1.048739118599654,5.638645981783959
1768918237.4477262,-5.511207334319316,1.024948739726355,5.605704790739668
1768918237.4678454,-5.56151841880796,1.0051852047081162,5.651626705516235
1768918237.4879932,-5.543911085908626,1.0523719165148258,5.6429103111009695
1768918237.507819,-5.6013751026638765,1.0897792692923236,5.7064018344769645
1768918237.5278876,-5.640821977363089,1.027591068168686,5.733656423581944
1768918237.5476544,-5.660027883969121,0.9407444969459089,5.7376751263767085
1768918237.5677326,-5.7228927175880635,0.9865946635725962,5.8073117780271115
1768918237.58767,-5.699480765500336,0.8701508534559359,5.765521962847631
1768918237.6077013,-5.755759254925437,0.8721564037714344,5.821462135348759
1768918237.6281009,-5.720848293965258,0.7795794041560864,5.773720572555408
1768918237.6476052,-5.77342073061611,0.7685187238500895,5.824346140264676
1768918237.6676395,-5.743825648531118,0.8225938603334058,5.802429985771663
1768918237.687685,-5.788149136657122,0.7690103831754431,5.839010823557037
1768918237.7076173,-5.985823168184169,0.7437686748186092,6.031854676831314
1768918237.7276456,-6.036566577724432,0.7035884078222168,6.0774314224778765
1768918237.7476556,-6.017753488519176,0.7285482937576528,6.061694454929405
1768918237.7676117,-6.06766530707738,0.6898951398523927,6.106759990592589
1768918237.7876637,-6.088391128823844,0.7202038268964035,6.13084008026772
1768918237.8080363,-6.1626145200717595,0.7748654641594666,6.2111379159173685
1768918237.8277237,-6.170376099651342,0.6329909346962559,6.202758961507061
1768918237.8481615,-5.783990433920916,0.6984612514688582,5.826010080620537
1768918237.867631,-5.84744685786443,0.7436354882914173,5.894542263398831
1768918237.887583,-5.792150289670168,0.7184814696794461,5.836541835744772
1768918237.9076395,-5.837407094721996,0.6925809211653409,5.878349251437254
1768918237.9282858,-5.774266916203267,0.647691692526859,5.8104787193593515
1768918237.9478211,-5.841873583974461,0.7046371909411882,5.884216221553734
1768918237.9677796,-5.899055322034215,0.7196286199263824,5.942787144348799
1768918237.987942,-5.761235407463261,0.7885926161204235,5.814955866935536
1768918238.007613,-6.14015213944155,0.5455521657124631,6.164340634731521
1768918238.0277665,-6.198860754521522,0.5408364480761687,6.22240939809611
1768918238.0475547,-6.149094917115175,0.599469017134874,6.178246628469628
1768918238.0676055,-6.197894454364526,0.5695063629526071,6.224004592293137
1768918238.0876915,-6.161028126574408,0.4688658880565395,6.178843160125042
1768918238.1077166,-6.213749604572982,0.4510714335826691,6.230100287035933
1768918238.127637,-6.209044584541825,0.3877750686017336,6.2211417084533
1768918238.1476371,-6.290270353528456,0.3531754237045277,6.300177299123246
1768918238.167625,-6.361813863124421,0.3836367572859256,6.373370598873326
1768918238.187667,-6.4188373284857505,0.37397849495238944,6.429722588436373
1768918238.2076535,-6.380914719747228,0.26940627884129675,6.38659943974616
1768918238.2276297,-6.206211853750901,0.30749707332130427,6.213824910933632
1768918238.2479284,-6.242614083044977,0.25614419913352116,6.247866871227429
1768918238.2676952,-6.252584976561856,0.2945060265747905,6.259516969288916
1768918238.2877877,-6.287798573732303,0.24471477537095154,6.292558797906844
1768918238.307596,-6.288614026045266,0.27878284308515155,6.2947904049437495
1768918238.3277626,-6.349567358326908,0.30177160844817763,6.35673436141514
1768918238.3479652,-6.246600380667797,0.21440967928939791,6.250279019878397
1768918238.3676324,-6.293957631039714,0.21125649282625503,6.297502041848363
1768918238.3875763,-6.240862432094229,0.15097588542064244,6.242688332305533
1768918238.4078918,-6.276016696505064,0.11753380383969336,6.277117154383481
1768918238.4276152,-6.214314679675539,0.06208036656126836,6.214624760188122
1768918238.4476244,-6.1802198493351455,-0.04169486695793978,6.1803604949911115
1768918238.467639,-6.20294899267293,-0.10068019778552362,6.203766010088408
1768918238.4876497,-6.160199555693147,-0.09544690400480249,6.160938944466675
1768918238.5075784,-6.188660932306558,-0.1312935654089138,6.190053484048038
1768918238.5276582,-6.138027566812479,-0.10803648360281848,6.138978277591409
1768918238.5476015,-6.1606129511561285,-0.1545562281685715,6.162551384095577
1768918238.567698,-6.18664304854104,-0.19085844009308595,6.189586347585429
1768918238.5876794,-6.137216212431738,-0.119757829710057,6.138384541221887
1768918238.6079695,-6.111799048846837,-0.20882634669303535,6.115365570148548
1768918238.627607,-6.148078339021286,-0.20487576818055153,6.151490985373408
1768918238.6476634,-6.106981857271542,-0.20971611017556846,6.110581662322414
1768918238.6680603,-6.130425142851504,-0.24234391901159746,6.13521336280881
1768918238.6875892,-6.058345280095384,-0.3573843014859328,6.068877249689814
1768918238.707878,-6.07561587943588,-0.4038997226055674,6.089026465731141
1768918238.7277987,-6.005070859777668,-0.4503269961565941,6.021932450170652
1768918238.7479134,-6.004392607755928,-0.5447265875967098,6.029051139549971
1768918238.7676208,-6.026440614726457,-0.378422082792941,6.0383101738458205
1768918238.7879322,-5.988945632882654,-0.47557354800202134,6.00779826502051
1768918238.8075953,-6.015127396462269,-0.4830524753930767,6.03449229758845
1768918238.8277125,-6.028529936335531,-0.5304249772033884,6.051819879154938
1768918238.8480046,-5.721121266776571,-0.43103849214697476,5.737335856551845
1768918238.867772,-5.679159315151505,-0.42222103990755144,5.694832845080945
1768918238.8877993,-5.693614608048307,-0.4425250004774135,5.710785907476186
1768918238.9076076,-5.753024477967255,-0.5888160724704079,5.783078333490727
1768918238.927683,-5.761883868941883,-0.6314253955126112,5.7963785029336155
1768918238.947808,-5.770325346773461,-0.675561745095095,5.8097365068522855
1768918238.9678295,-5.437748170340775,-0.5843900141594318,5.469059960605087
1768918238.9877136,-5.398105623560323,-0.6040673401852565,5.43179911949918
1768918239.0079439,-5.395391216974041,-0.6562943376360266,5.435160406263437
1768918239.027717,-5.322574886656078,-0.6620655541116065,5.363593405731186
1768918239.0475974,-5.308130425075575,-0.7428704110934738,5.359860544574942
1768918239.067951,-5.247859311407101,-0.6647569471945616,5.289794811820743
1768918239.0876558,-5.237411168914278,-0.7280936381594216,5.2877779925216455
1768918239.1076999,-5.109907822489287,-0.6909037668280291,5.156404364414642
1768918239.1276743,-5.096428776070216,-0.7548976503400695,5.1520342324217445
1768918239.14775,-5.453866618099241,-0.8605943133855654,5.521347993040179
1768918239.167775,-5.460895715918291,-0.8861261049260314,5.532323335992404
1768918239.1879332,-5.384704801047977,-0.8084920905613657,5.445062465659088
1768918239.2076604,-5.386758346159915,-0.8410463627849118,5.452020218623298
1768918239.2277668,-5.362174157582462,-0.8279495514342301,5.42571766275811
1768918239.2478936,-5.36189122632145,-0.8650811277182981,5.431228487224351
1768918239.2678347,-5.327126068491996,-0.9939270010369619,5.419055548063455
1768918239.2876794,-5.324933231233018,-1.0351926512854597,5.4246232811472845
1768918239.3076644,-5.327921676842731,-1.1075239510963364,5.441815753663725
1768918239.3278103,-5.317454000095289,-1.1745845323682964,5.445637324208089
1768918239.347702,-5.343214586070122,-1.2351298126201122,5.484112304358427
1768918239.3676496,-5.363994498748635,-1.2851211880637976,5.5157930935284485
1768918239.3876038,-5.352507286944789,-1.3580964562873845,5.522115558495441
1768918239.4077132,-5.185802185926526,-1.1791088933763199,5.318161533274395
1768918239.4275513,-5.173652772895139,-1.239093072463266,5.319965663114003
1768918239.4478292,-5.221535529853426,-1.1821660494866606,5.353685633101798
1768918239.4675972,-5.211376356716119,-1.2351894033840871,5.355757312796399
1768918239.4875867,-5.2313467749473865,-1.1896415118052843,5.3649078283194
1768918239.5078027,-5.2188600129062515,-1.249040362749252,5.366246515217934
1768918239.527609,-5.384032962854647,-1.4061519795945046,5.5646270616118505
1768918239.5479891,-5.385218282579697,-1.491852123254791,5.588040686026762
1768918239.5676374,-5.375567428611461,-1.5564621481486611,5.596364855704816
1768918239.5877166,-5.360366877277752,-1.6411362777727732,5.6059665840279775
1768918239.6077132,-5.409829075036079,-1.4795146815627085,5.608494834986061
1768918239.627734,-5.427803157392205,-1.6051172214705822,5.6601632847523256
1768918239.6477244,-5.417320267155166,-1.6761072267047155,5.670687287475998
1768918239.6676583,-5.47745609892204,-1.652964342465637,5.721434822933939
1768918239.6876671,-5.467285215405319,-1.7259925845198403,5.733258936103189
1768918239.7077298,-5.45768196761475,-1.7971942210014653,5.7459724614401235
1768918239.728152,-5.560121906883136,-1.6353104616087997,5.795618683561656
1768918239.7479308,-5.554940817651769,-1.6939782228827767,5.807489105217055
1768918239.7675786,-5.570853910617373,-1.766000186665405,5.844071350757374
1768918239.787758,-5.585499469532184,-1.8680551281483027,5.889603915879699
1768918239.8076184,-5.5806555927402535,-1.9295400146560624,5.904815112511313
1768918239.827651,-5.697490466663947,-1.8912214796794586,6.003175518250947
1768918239.8476372,-5.69237645256889,-1.9597747754983175,6.020287937336574
1768918239.8678117,-5.325200552659137,-1.6912322000869864,5.587309484953581
1768918239.8879447,-5.312279963810628,-1.75627960209545,5.595072515583725
1768918239.9076428,-5.549193946510016,-1.8094088942331403,5.836738301698424
1768918239.927717,-5.540120953056679,-1.8775123015203583,5.849614740891738
1768918239.9475687,-5.577139159302252,-1.7827708392991681,5.8551475701025755
1768918239.968907,-5.548858217514244,-1.864536025359623,5.853744281051164
1768918239.9878047,-5.541102869902669,-1.9252698236790806,5.866045082405425
1768918240.007821,-5.531680875666957,-1.9181654972708024,5.854814444979422
1768918240.0275958,-5.523170507169947,-1.982088888913335,5.868056647206606
1768918240.047732,-5.496536129384257,-1.996632026414101,5.847943986610076
1768918240.0677264,-5.487252483753675,-2.0619896944984397,5.861888886756439
1768918240.0882657,-5.477268865942875,-2.1305716626630655,5.87705792378891
1768918240.1075861,-5.436213805753514,-2.0854846595246848,5.822513787615955
1768918240.1276174,-5.441931236664075,-2.055822956222457,5.817303809490393
1768918240.1475854,-5.431205267672734,-2.1203757567073573,5.8304360050710065
1768918240.1676788,-5.451580492376696,-2.005624035785452,5.808808624647782
1768918240.1876304,-5.441439682136409,-2.06688495879839,5.820762771942849
1768918240.2078376,-5.41522855707062,-2.0635100054002358,5.795064612901225
1768918240.22777,-5.404839791268731,-2.1229789708785525,5.806835014022216
1768918240.2477312,-5.375598565012172,-2.1067046328011045,5.773669919732731
1768918240.2679052,-5.364593917823388,-2.1654535815619056,5.785158348485111
1768918240.2876275,-5.3395646327525235,-2.11403730067644,5.74283067624259
1768918240.3082714,-5.306105248451473,-2.099663736515314,5.706429769486498
1768918240.3276906,-5.294676955225938,-2.152914318990028,5.715649055454062
1768918240.3475854,-5.285771550215522,-2.0837509110315793,5.6816721781789505
1768918240.3681805,-5.273850647456985,-2.137104966916933,5.6904058107751405
1768918240.3877132,-5.285225399687217,-2.051171567877482,5.669295575851366
1768918240.407655,-5.273899821857221,-2.1008600343698056,5.676938630547095
1768918240.4280925,-5.255451513623896,-2.0913419807804807,5.656278095411021
1768918240.44777,-5.2441854457540416,-2.1389523994067225,5.663620604912222
1768918240.4678917,-5.232646495430398,-2.187818705362556,5.671608240497074
1768918240.4876955,-5.241588505197374,-2.0806004354148584,5.639428005539723
1768918240.5076077,-3.626851558531367,-1.5590689337090744,3.9477522931002342
1768918240.527699,-3.584746587368656,-1.5936429929278333,3.9230225699783077
1768918240.547862,-3.3943986343812647,-1.446216014413352,3.6896453555097994
1768918240.5676188,-3.349808371658476,-1.4769882887170454,3.660971255260073
1768918240.5877483,-3.4411872845955536,-1.4590801713185932,3.737737935435979
1768918240.6076407,-3.3989456951727206,-1.488933928558133,3.710762196954249
1768918240.627986,-3.109094691253617,-1.3371964272234464,3.3844592011369516
1768918240.6476865,-3.062547721681426,-1.3633819895874204,3.352313976510471
1768918240.6679046,-2.73355598072634,-1.2143850495558262,2.991163544233155
1768918240.687674,-2.681861929121304,-1.23731040219133,2.953526779672247
1768918240.707816,-2.728611730032359,-1.1688694817066683,2.968430197686211
1768918240.7280686,-2.677739200058582,-1.1905767047919618,2.9304880333356866
1768918240.7476773,-3.027105677396129,-1.3422625337127663,3.3113497990295273
1768918240.768002,-2.983940114908762,-1.3666049444416792,3.2819975142486264
1768918240.7876494,-3.2120477957083367,-1.4096979192821486,3.5077769691847864
1768918240.8080902,-3.1742790094883375,-1.4343278659741685,3.4832949426065363
1768918240.8277204,-3.087672330352948,-1.37556469422276,3.380221686164882
1768918240.8480308,-3.0486113489423943,-1.3986977392340663,3.3541595851477988
1768918240.867635,-2.8558999829059957,-1.2800638750196036,3.1296530536934393
1768918240.887725,-2.851786959142693,-1.2554973071933553,3.1159207866545797
1768918240.9079242,-2.8106322219684685,-1.2748777321569378,3.08625448061514
1768918240.9276164,-2.839356625971387,-1.2950771426410306,3.1207644664150602
1768918240.9475787,-2.8001786879137924,-1.314295527135254,3.0932787486572146
1768918240.9676278,-2.8263062658958873,-1.3241979974193718,3.121138805790577
1768918240.987601,-2.7883810939036415,-1.3432478653618851,3.0950579885744514
1768918241.007668,-2.8414867543470486,-1.2845769008858348,3.118362517318854
1768918241.0276437,-2.8053824141075907,-1.3021495364700293,3.092856916301374
1768918241.0476422,-2.824382959875969,-1.3036910691679573,3.1107474194903757
1768918241.0676084,-2.7893023805260384,-1.3209599201360724,3.086283020173964
1768918241.0878894,-2.8078994776288653,-1.3257159106046892,3.105128363224116
1768918241.1077778,-2.7740630827599233,-1.3425673395354565,3.0818684346218936
1768918241.1276245,-2.8257216142499324,-1.282894056730818,3.1033078806387384
1768918241.1477594,-2.793205689169234,-1.2984620006037737,3.0802599872444745
1768918241.167611,-2.7976841467995293,-1.3239125464143733,3.0951221326155776
1768918241.1876824,-2.76592502035664,-1.3396674642155872,3.0732800283919297
1768918241.2076495,-2.764254829484244,-1.3628733242415159,3.08196827697108
1768918241.2277546,-2.732959550441521,-1.3788854536871256,3.0611097658756816
1768918241.2476256,-2.739821549029827,-1.3890592256114545,3.071824808283261
1768918241.2676115,-2.7257228070420965,-1.4029602548004938,3.0655933026706776
1768918241.2879844,-2.695163576009751,-1.4190163734561025,3.045901208113319
1768918241.3079534,-2.728600801559871,-1.3832493255642717,3.059189603628252
1768918241.3279371,-2.6999294511010987,-1.397990468351157,3.0403941176307665
1768918241.3476336,-2.6733117436074423,-1.367781709270723,3.00290234318817
1768918241.3678133,-2.6444389726771647,-1.3817529374045776,2.9836720094943474
1768918241.387687,-3.02088217427924,-1.5770514742714958,3.4077588622700357
1768918241.4077618,-2.999891240936595,-1.5944378403674087,3.3972900206257917
1768918241.4276783,-2.6873981119163908,-1.4071021970151634,3.0334873009090844
1768918241.4477391,-2.660757602287653,-1.4205805388502704,3.0162360792039578
1768918241.4676113,-2.718123256441732,-1.4121216140138735,3.0630510100183694
1768918241.4876542,-2.6931419109222574,-1.4251561323542283,3.0469793819376023
1768918241.5076396,-2.7315785031524022,-1.4513090879269406,3.093189161299976
1768918241.527713,-2.7078604639457993,-1.464577094372924,3.0785539393622123
1768918241.54764,-3.11908873383614,-1.6378637453159506,3.5229692274789923
1768918241.5680077,-3.1037177393879993,-1.6541956663425452,3.5170196343407314
1768918241.5876274,-3.1771319388495485,-1.6796072157166435,3.593779035492487
1768918241.6077163,-3.1634324976659656,-1.696124172497779,3.5894487565391437
1768918241.627687,-2.9426594768882595,-1.568050354565397,3.334370512011668
1768918241.6478496,-2.9249452295448606,-1.581841569617957,3.3252860549445424
1768918241.6676402,-2.9900026098226355,-1.640306832018858,3.4103844519223805
1768918241.6876457,-2.9739406814723566,-1.6548486148608177,3.4033582113881327
1768918241.7076728,-3.0705899480063295,-1.6270054872633146,3.4750064006246735
1768918241.728315,-3.0561954581731747,-1.6411700901418413,3.4689724621758704
1768918241.7482588,-3.0839615378217964,-1.6580471709605398,3.5014195960916235
1768918241.7676294,-3.0823444415499566,-1.671095828815698,3.5061957340455394
1768918241.7878065,-3.0692919208938534,-1.6849610066255067,3.501377798740479
1768918241.807599,-3.0753005741150687,-1.6908799567006056,3.509494073100041
1768918241.8276184,-3.062687672705408,-1.7045508184235239,3.5050747885216333
1768918241.847614,-3.0627706278157056,-1.7045000713778222,3.50512259584991
1768918241.8677166,-3.0504063647812956,-1.7179372243563478,3.5008980700853645
1768918241.8876696,-3.0545293842668926,-1.7143410211564891,3.502729635037474
1768918241.907702,-3.042526536456897,-1.7273936247508992,3.4986935361466647
1768918241.9278493,-3.039116723199662,-1.7287262026146912,3.4963873842637145
1768918241.9476478,-3.027338672880134,-1.7413974590483825,3.492455375619825
1768918241.967582,-3.2190481846358665,-1.8163997215514627,3.6961573510146586
1768918241.9877803,-3.21103158133959,-1.8304643190202121,3.6961227576429816
1768918242.0076156,-3.2030972392360475,-1.8444482463608374,3.6961901002931596
1768918242.0276399,-3.0233355330173417,-1.6729552160362253,3.45533455689432
1768918242.0476694,-3.0120408843704034,-1.683406883707324,3.4505432942120935
1768918242.0676491,-2.781930236600754,-1.501806979923014,3.1614174109501914
1768918242.08798,-2.7662876893006576,-1.508735776867784,3.150973059925649
1768918242.1076634,-2.5407828001222725,-1.3393201182139975,2.872169148300624
1768918242.1276383,-2.521271570980687,-1.3427393783173223,2.8565292529080484
1768918242.1477401,-2.8179520982049624,-1.513586524502962,3.1987182112425447
1768918242.1677241,-2.8045391604385124,-1.5201200376328572,3.190016431187475
1768918242.188237,-2.670741806784118,-1.463150503069869,3.0452702988631577
1768918242.2076244,-2.6554684135580153,-1.4684306406828398,3.034435868806678
1768918242.2275946,-2.5855252450503166,-1.43137294376454,2.9552951285673084
1768918242.2478194,-2.5686173664022363,-1.4359577505207568,2.942748687241877
1768918242.2677283,-2.495226432369396,-1.3709734580096118,2.847055175327963
1768918242.2880042,-2.477167538633175,-1.374246657421967,2.8328277197693104
1768918242.307754,-2.401049772788273,-1.341796330337381,2.75053765717059
1768918242.3278747,-2.381983745850224,-1.34432451191946,2.7351517250131043
1768918242.3476582,-2.313117883572236,-1.3144096622843975,2.6604862532267073
1768918242.3678927,-2.2929567873061636,-1.3163355734969144,2.6439346002703723
1768918242.3876905,-2.1931368827650246,-1.278111608867409,2.5383889913222375
1768918242.4078512,-2.171057050677536,-1.281525522007449,2.521070483118849
1768918242.4276564,-2.1496235195206097,-1.282739354711243,2.5032581824097146
1768918242.4476252,-2.117811167077047,-1.2674914190844362,2.4681285697566326
1768918242.4677174,-2.0959690184656345,-1.2682892936357888,2.449825271058931
1768918242.487691,-2.048444559179078,-1.21871667417928,2.38356779722184
1768918242.507599,-2.026208779984305,-1.2185487711728982,2.364399105018539
1768918242.5277123,-1.9708457943845836,-1.1891241750869703,2.3017926598674494
1768918242.547902,-1.9476915425432253,-1.1884208063124753,2.281632388832785
1768918242.5677683,-1.9405804939084241,-1.1146977768917132,2.237946332498881
1768918242.5876482,-1.91815550004441,-1.112595732502676,2.21747373971684
1768918242.6079202,-1.8427538060057884,-1.1276170485140753,2.1603846411341694
1768918242.6276627,-1.8194577034727217,-1.1258765632262069,2.1396318305606425
1768918242.6479015,-1.766234399997277,-1.1148708650552166,2.0886648849163687
1768918242.6687565,-1.728748855588524,-1.0757004370385879,2.03610020282491
1768918242.687842,-1.7049865234043153,-1.0731098918368964,2.0145828066745057
1768918242.7079256,-1.6549742241539498,-1.0619589593641585,1.9663917498778758
1768918242.7276018,-1.630289624578765,-1.0591502382994697,1.9441305221869736
1768918242.747627,-1.605388859446876,-1.0563307134677693,1.9217460722612307
1768918242.7676473,-1.7402162901291938,-1.1177054834222844,2.0682403835394125
1768918242.7876027,-1.7050261496574528,-1.1117862770868427,2.0354809989126257
1768918242.8076544,-1.6829165133328985,-1.1100876294193185,2.0160611438739555
1768918242.8276224,-1.7864425530817343,-1.1543701599144072,2.1269573248097853
1768918242.8476562,-1.7667498376222959,-1.1535694055818482,2.1100064839314756
1768918242.8676124,-1.619305010445462,-1.0711424884627867,1.941518721888622
1768918242.887648,-1.5971894747437467,-1.068797132448438,1.9218068395554766
1768918242.9078047,-1.623599157880566,-1.0996563718543513,1.9609483322184595
1768918242.927763,-1.6025971888695771,-1.0979737317661815,1.9426435765269
1768918242.9476397,-1.6265294330376392,-1.127849008382686,1.9793032567667725
1768918242.9678693,-1.6061641400054576,-1.1267982335893016,1.9619983445098625
1768918242.987619,-1.6225697204357985,-1.1522492646108056,1.9900781053695475
1768918243.0076592,-1.6029073477868856,-1.1515920217851594,1.9736960632854337
1768918243.02761,-1.6133149365295374,-1.1891435507799137,2.0042074415565785
1768918243.0476866,-1.5941674679528184,-1.1891837805791958,1.9888509194687594
1768918243.0676742,-1.6036330442179576,-1.231782427656416,2.022109514737243
1768918243.0883148,-1.5847047181794274,-1.232719731586446,2.0077068960539775
1768918243.1077123,-1.6323415932476664,-1.1977426428990974,2.0246299700600217
1768918243.1277778,-1.6151188109955186,-1.197955283215439,2.0108967239058697
1768918243.1477075,-1.598019473100507,-1.1980526547882953,1.997247205544097
1768918243.1676292,-1.6315203279700192,-1.2167856945795599,2.0352950663510345
1768918243.187804,-1.6163140257171982,-1.2156112289289567,2.0224197609864043
1768918243.207697,-1.6016698939173324,-1.2141583350984213,2.0098574356829713
1768918243.2276134,-1.6198719665795558,-1.2467107483975433,2.0440824049632345
1768918243.2476778,-1.6188499846074365,-1.2525920098474792,2.0468663893369405
1768918243.267593,-1.6086159917476195,-1.2465424721070768,2.0350708940164712
1768918243.2876525,-1.6199208565377994,-1.2606941293921246,2.0526795340066903
1768918243.3079002,-1.6120310405069596,-1.252375462878998,2.0413447468713692
1768918243.3276272,-1.6314945150402487,-1.2568079718253102,2.0594515363683765
1768918243.3477495,-1.633074417794198,-1.2649134348046118,2.0656568087664176
1768918243.3677077,-1.6303948470004954,-1.2526549478295976,2.056047610209389
1768918243.3877468,-1.6430326021966124,-1.2656095839993569,2.0739632954784897
1768918243.407642,-1.644495741696094,-1.2495664179201924,2.065377078707539
1768918243.427681,-1.6558478407112673,-1.265911433332338,2.084313754843474
1768918243.4477966,-1.654457017562894,-1.2544122891156313,2.076241367001299
1768918243.4677255,-1.6721604530489564,-1.2551478432470837,2.0908172299722176
1768918243.4879308,-1.670602051943753,-1.2447618250372194,2.0833490386943487
1768918243.507755,-1.663576622020404,-1.2410812572010705,2.0755167704233584
1768918243.5276568,-1.7446950127720022,-1.257476218694535,2.150629472543749
1768918243.5476794,-1.7528690786956886,-1.253657171030902,2.155042066764516
1768918243.5675998,-1.771945898413751,-1.222121850234121,2.152527371190663
1768918243.5881624,-1.8017857143588927,-1.2020923607426255,2.165977332342969
1768918243.6079912,-1.8145216906585517,-1.1787786826731121,2.163794849008317
1768918243.627781,-1.8281095294746024,-1.1892898061027957,2.1809160219173678
1768918243.6477804,-1.6786433921543882,-1.10702313610658,2.010806768911135
1768918243.6679468,-1.686090978206483,-1.085954234251652,2.0055421675144074
1768918243.6878424,-1.7956277544094341,-1.1814651586693365,2.1494508492996593
1768918243.7076697,-1.8136611858809353,-1.1531931580794677,2.1492373896366908
1768918243.7279093,-1.7376491343072367,-1.1918368216474384,2.1071069083920153
1768918243.747829,-1.7562385187726903,-1.1623699859678922,2.106057387418465
1768918243.767623,-1.7393774084390685,-1.1280368012418265,2.0731379100156606
1768918243.7877102,-1.75193460618366,-1.1046257926276652,2.0711042962830706
1768918243.807697,-1.7048377754035116,-1.1399712327608214,2.050855005105193
1768918243.827672,-1.7384475572424591,-1.0932349226014715,2.053621801909426
1768918243.8477492,-1.6864707757779485,-1.1363472141723534,2.033585176163109
1768918243.867575,-1.7180565267880894,-1.0921580726301023,2.0358112596334297
1768918243.8876193,-1.706538513386299,-1.09552560515667,2.027917663324773
1768918243.9075942,-1.7297609170917418,-1.091392766985372,2.0452899555139
1768918243.9276996,-1.7406806752763053,-1.077672690920437,2.047278105689618
1768918243.9476423,-1.7731828660824611,-1.0340485899354732,2.052665087859184
1768918243.9676173,-1.7871306558157727,-1.0652926803633136,2.08054908036128
1768918243.9877708,-1.7952407817573395,-1.1047386461296966,2.107922422846054
1768918244.007599,-1.8270393001319327,-1.0648403765278296,2.114700364522244
1768918244.027637,-1.8640665712492357,-1.1064220967362566,2.1676978659848185
1768918244.047639,-1.8933582402591327,-1.0714448990426924,2.1754998500670517
1768918244.0677187,-1.9125760390353008,-1.1095536171118248,2.2111210582729055
1768918244.0875573,-1.931943704269095,-1.0865935955490507,2.2165495975396547
1768918244.107597,-1.767846171879217,-1.0737308812926756,2.0683757136626673
1768918244.1276386,-1.7788208583108656,-1.0562791362109785,2.0687989896450585
1768918244.148241,-1.8059899626451994,-1.0125881641914773,2.070491375358969
1768918244.167568,-1.8517439477162831,-0.9596997831034884,2.085660404186829
1768918244.187636,-1.8343924978034316,-1.005820336660122,2.0920493267694704
1768918244.20779,-1.8750535667867325,-0.9592238571621685,2.1061662532831344
1768918244.2276127,-1.8707548908966558,-0.9473263396739071,2.096938495915825
1768918244.2478127,-1.8780651694789974,-0.9348267344856112,2.0978631519522923
1768918244.2676053,-1.8958012480326616,-0.8846373820332047,2.0920434196576227
1768918244.2880194,-1.9258792540147738,-0.8492139779972021,2.104798156942925
1768918244.3076403,-1.949822994564098,-0.853967168693007,2.1286309298082786
1768918244.328148,-1.981827332565615,-0.8181377979891593,2.1440590086568725
1768918244.3476713,-1.9921094576683096,-0.7909976423337781,2.1434032195340946
1768918244.3677368,-1.9408970294677559,-0.875500950461646,2.129221264513391
1768918244.3876011,-1.9664745607205525,-0.8476281626621613,2.141377056965709
1768918244.4075754,-1.9059547227964906,-0.7979865808760351,2.066263775176943
1768918244.4277868,-1.9400870606918375,-0.7607784189524054,2.0839197695227174
1768918244.4476979,-1.9028467984328934,-0.8195315105391252,2.0718247597402764
1768918244.467965,-1.9653254308162893,-0.7577083357029579,2.1063299767621833
1768918244.487644,-1.9570238986964341,-0.7899635461586882,2.1104466220041203
1768918244.5079744,-2.0034550101627,-0.7446299555311562,2.137359527178419
1768918244.527678,-2.032759097328505,-0.6632034373546318,2.138211483247342
1768918244.5476444,-2.0826663862042345,-0.6151460340094808,2.171613206669779
1768918244.5679033,-2.039757048632751,-0.6523525628731655,2.141535123161462
1768918244.5877528,-2.112061507556671,-0.5861892791592851,2.191899104134093
1768918244.6078677,-2.02892168443341,-0.7309840025917929,2.1565854524245553
1768918244.6277263,-2.124521126472416,-0.6476046780794285,2.22103170528878
1768918244.6476924,-2.201741033123888,-0.5812771449969354,2.277179548528669
1768918244.667622,-2.1557929614585234,-0.6068141908083184,2.2395684304884425
1768918244.6876447,-2.1125406933925603,-0.6604330543501788,2.2133684737336043
1768918244.7075956,-2.122780788116838,-0.6521589652455049,2.2207002477480007
1768918244.7277446,-1.9909642876739717,-0.5323291519107869,2.060901045845526
1768918244.747809,-2.0349272995335674,-0.49301610633965254,2.093798938651295
1768918244.7676501,-1.9539163205362229,-0.4592262287716373,2.007156624892445
1768918244.7876906,-2.0233352570071474,-0.39969712241479627,2.062436266146144
1768918244.807735,-1.8676572010372645,-0.3945928849357401,1.9088863154803797
1768918244.827624,-2.013050788766524,-0.6376098478700847,2.1116154470581137
1768918244.8476052,-2.1002573014854207,-0.5730072567043543,2.177020452057966
1768918244.8675904,-1.7627322106622145,-0.3777541667627453,1.8027542974606146
1768918244.8877115,-1.81967134248411,-0.3299815857758013,1.8493489777781358
1768918244.9077022,-1.7478281080255904,-0.2748895540275704,1.769312680709035
1768918244.927678,-1.7644884952334365,-0.2557499858965784,1.7829267245451388
1768918244.9476383,-1.9174577453241248,-0.5254334986603943,1.9881460123989836
1768918244.9676695,-1.9668941172405674,-0.49187889885241987,2.027465738199248
1768918244.987623,-1.8945870078193146,-0.41862970429110646,1.9402862571055342
1768918245.007615,-1.9290975423056516,-0.39563697225297645,1.969250096240497
1768918245.0276418,-2.0095453649737927,-0.34331524924684587,2.038660818835021
1768918245.0483518,-1.9811965589218978,-0.2951863933875778,2.003066352352097
1768918245.0677652,-1.9441281770729013,-0.3852078840919333,1.9819231778389865
1768918245.0876327,-1.9625421391971578,-0.3774497325333783,1.998509431730077
1768918245.1077363,-1.9692873123746004,-0.3504103468844768,2.000219970374078
1768918245.1279342,-2.0653715816843565,-0.29818222009620854,2.086785184634692
1768918245.1476684,-2.0747522845103816,-0.27676837432382584,2.093131093626699
1768918245.1680164,-2.140020460980697,-0.24596735405205905,2.154109447701162
1768918245.187656,-2.0753397195999597,-0.32430799161528157,2.1005262733835957
1768918245.2083013,-2.0365772073308825,-0.3579053357460964,2.0677869693890574
1768918245.2277248,-2.069251753318884,-0.3493813885116417,2.098540009923947
1768918245.247625,-2.026953731143685,-0.42860348216944644,2.071772760976715
1768918245.267604,-2.105418277948605,-0.40068017267032374,2.143205712453004
1768918245.2877347,-2.112637763542903,-0.41477761138886393,2.1529697598566058
1768918245.3076353,-2.224060827144239,-0.37550509041276925,2.2555377708571895
1768918245.3277626,-2.180940541575346,-0.4213640247178816,2.2212719975755815
1768918245.3480673,-2.2257632355419865,-0.41662277441436757,2.2644196865535013
1768918245.3676136,-2.1780653258322644,-0.4772028380679032,2.2297289324608203
1768918245.3877792,-2.189694992501508,-0.48919593670012773,2.2436748482500963
1768918245.4082692,-2.2349738578535963,-0.48769286755365826,2.287564748450128
1768918245.4278176,-2.3399348357688545,-0.4222410857322778,2.3777263446673147
1768918245.4475937,-2.325839664529731,-0.45780024113502904,2.3704664532287865
1768918245.4675934,-2.4728264441374677,-0.421824966460548,2.5085467755565163
1768918245.487583,-2.390175519547853,-0.509932260103426,2.4439660235240663
1768918245.5079787,-2.3643771243515914,-0.5771745547648877,2.4338055905978084
1768918245.527651,-2.4256781168645887,-0.5798029721323843,2.4940099865736873
1768918245.5476296,-2.400980464842153,-0.6102354998592929,2.477315998786219
1768918245.5676718,-2.4094923019783465,-0.6328168841743533,2.4912066076881394
1768918245.5877147,-2.4341444466585074,-0.6096503233981636,2.5093291342544
1768918245.6075873,-2.477787441423768,-0.6218300632371516,2.5546238925569575
1768918245.6277072,-2.4774180890097846,-0.6404987059745508,2.558874553413662
1768918245.647529,-2.5560777405385835,-0.6445582282219569,2.63609345912573
1768918245.6676664,-2.5626127469498243,-0.7092057289203062,2.658939047207195
1768918245.6877337,-2.587870603319633,-0.7321783951568861,2.6894533760339545
1768918245.707754,-2.6450830393233424,-0.7724592785151145,2.755568475266057
1768918245.7275968,-2.705311864673238,-0.7898381073484515,2.8182541618813546
1768918245.7476118,-2.6656253753048844,-0.8543850121019041,2.799202098879907
1768918245.767596,-2.741538413574805,-0.8721109855417808,2.8769098776654287
1768918245.78793,-2.764207173468588,-0.9028760212796989,2.9079247596279134
1768918245.8075762,-2.60882714092541,-0.9624829104379806,2.7807107731862755
1768918245.8278785,-2.5663483636058295,-1.0114551283079933,2.7584751947340145
1768918245.8481197,-2.585320698254389,-1.0451804470181045,2.788599160806645
1768918245.8686569,-2.6055515161656686,-1.0274812054034435,2.800824223483246
1768918245.887555,-2.6408857940087707,-1.0352014411608472,2.8365330600539154
1768918245.907668,-2.6957556308942827,-1.0644435099999328,2.8982992266981698
1768918245.927621,-2.678329412472049,-1.1497651246914202,2.9146883681912805
1768918245.9477663,-2.6783475253396354,-1.1904235880606606,2.930981710196119
1768918245.9676704,-2.5879575336086376,-1.117147120992115,2.8187837600111636
1768918245.9876993,-2.6567718597937144,-1.1488570274174386,2.894530909221421
1768918246.00789,-2.587473274663406,-1.142648538271132,2.8285444364744428
1768918246.0276463,-2.710627251484617,-1.1699183468464334,2.952322650859648
1768918246.0479536,-2.6306219259818455,-1.2540889034098903,2.9142598880525834
1768918246.0678995,-2.7163354606042702,-1.2898359844902956,3.007017658980782
1768918246.0878475,-2.7146381327265185,-1.3011564019386235,3.010360140242158
1768918246.1077077,-2.8008048587574983,-1.339684418553027,3.104716121991409
1768918246.1280186,-2.7944522428282585,-1.3860504319618698,3.119310683049954
1768918246.1476948,-2.770704419406913,-1.417252827082418,3.1121389036471534
1768918246.167725,-2.819149547151831,-1.4619759691620224,3.17568542264715
1768918246.187681,-2.7589401999053216,-1.4015116448142635,3.094508994526207
1768918246.2077546,-2.7146375642016523,-1.477723348959298,3.090780387059903
1768918246.227605,-2.7793881032229617,-1.5241624986655182,3.16986901159585
1768918246.247658,-2.7793594686767875,-1.5349650648810922,3.175052252566677
1768918246.2676554,-2.8069095276447076,-1.5837287705210485,3.2228772727112567
1768918246.288026,-2.898146681784942,-1.5913765118465868,3.306317194643926
1768918246.3078716,-2.8902840608105045,-1.640460205206427,3.3233795505541
1768918246.3277671,-2.89055505170753,-1.5139662115691728,3.263035733289636
1768918246.3476508,-2.9165064149586932,-1.5634516021876337,3.309137437592807
1768918246.3677692,-2.888049234876627,-1.634099356739334,3.318299126174037
1768918246.3875933,-2.7829578557728087,-1.6331577745640544,3.2267721865087724
1768918246.4078484,-2.783967252675513,-1.6849519496136445,3.2541568395632785
1768918246.4276981,-2.820321437691069,-1.6569280688704957,3.2710279175376553
1768918246.4478874,-2.8034279627251912,-1.7071336993617265,3.2823031258075432
1768918246.46759,-2.69676131692386,-1.6391136940719875,3.155822444712508
1768918246.4877226,-2.733252552470711,-1.6936709948252755,3.215461235079673
1768918246.5082784,-2.5915519990634337,-1.6979038394860453,3.098228398938841
1768918246.5276375,-2.57551379928929,-1.745795972795392,3.1114425768376575
1768918246.5477126,-2.5924384002939256,-1.799866742357736,3.1559875078276174
1768918246.5675879,-2.7500554359673153,-1.684291637985865,3.2248477828701447
1768918246.5876765,-2.6568181391222847,-1.772064304000942,3.1935708105322393
1768918246.6076972,-2.6555815790412094,-1.8240621199081914,3.221694606915275
1768918246.6277733,-2.61848187043109,-1.675135213617125,3.108460276354901
1768918246.647951,-2.632384449426164,-1.7283455283630396,3.149067505626579
1768918246.6676729,-2.6021397629361864,-1.7397431369690608,3.130149761350811
1768918246.6877434,-2.7216397029740804,-1.8152974979019518,3.271487074511212
1768918246.70762,-2.710448761532243,-1.7716005754695168,3.238070581055267
1768918246.7276692,-2.7570187608250585,-1.8351297374314512,3.311925965468819
1768918246.7476666,-2.5811322736818028,-1.7991872291772424,3.146318245167878
1768918246.7675679,-2.5552173226577803,-1.8466750423646445,3.152672561193575
1768918246.787588,-2.604616990517071,-1.7901156964948832,3.160465768542283
1768918246.807636,-2.578885112653083,-1.8367797430883641,3.1661345910879186
1768918246.8276782,-2.611451167072465,-1.7965835461436654,3.1697617633314787
1768918246.8477411,-2.672987097904697,-1.8661609034212,3.2599718623053793
1768918246.8676395,-2.585897021994459,-1.8242751766192207,3.1646237261938266
1768918246.8876793,-2.6082295008596983,-1.885668114861236,3.2184787351416753
1768918246.9077797,-2.528334499200792,-1.8887587007070188,3.1559285114440385
1768918246.9276934,-2.5681431393258762,-1.9565436603318034,3.228532527147766
1768918246.947786,-2.6408070439512734,-2.0373861356957406,3.3353866506460514
1768918246.9677737,-2.613754464905096,-2.031224450469985,3.3102243384698893
1768918246.9877026,-2.476976029464005,-1.9117129362115115,3.128906614301185
1768918247.007664,-2.403432870848345,-1.876576527346593,3.0492669656267415
1768918247.0277507,-2.3841995912081124,-1.926986577390526,3.0655643787335776
1768918247.047832,-2.4048101626148686,-1.878329272992449,3.0514312667985974
1768918247.0676134,-2.3699050318429578,-1.9217774283100795,3.051176550761472
1768918247.0877886,-2.4181298332022845,-1.99859241691329,3.1371521383519503
1768918247.1076732,-2.486373670470675,-2.165966647747787,3.2974938284044755
1768918247.12766,-2.518205581117371,-2.2207797310299426,3.3575619074745444
1768918247.147607,-2.5324070626590256,-2.290288165420211,3.414455360913244
1768918247.16777,-2.382151329673478,-2.039248491148708,3.135790070479432
1768918247.18765,-2.460132032435821,-2.1345793014464114,3.257096622942011
1768918247.207646,-2.2972650696597032,-2.00932082759811,3.052015233988545
1768918247.2278905,-2.3544921675890116,-2.0974682415113435,3.153253302763146
1768918247.2477186,-2.356408291362447,-2.032629893775404,3.1119518506350796
1768918247.2679186,-2.4134579808614536,-2.1220065256450162,3.213672528473285
1768918247.2879086,-2.3174019850935217,-2.0894700923195515,3.1202944135471045
1768918247.3076866,-2.356832594993225,-2.1727032095620764,3.2055107420914766
1768918247.327649,-2.346214170679799,-2.2324613955895316,3.238611557055933
1768918247.3478482,-2.2932693544911107,-2.2203566374384707,3.192031943710017
1768918247.367798,-2.2634109657751758,-2.271783641998965,3.2068723261217302
1768918247.387629,-2.2179630892881352,-2.3150481035165456,3.2060580136735086
1768918247.4077632,-2.268131425256139,-2.320287326855375,3.2447116114379266
1768918247.427963,-2.1932132894177414,-2.300554220788495,3.178479865543645
1768918247.447746,-2.1177060020076093,-2.324974061144072,3.1448661491281014
1768918247.4676225,-2.088341534493553,-2.3771696585813586,3.1641912000336996
1768918247.4875567,-2.2351846204298758,-2.3315423964283895,3.2298823869839723
1768918247.5081153,-2.125228006466414,-2.240448517655345,3.0880744226351218
1768918247.5279708,-2.1125942070276054,-2.2997216747873956,3.122783064039758
1768918247.5475783,-2.1279227062393513,-2.3081204398352746,3.1393430855060087
1768918247.5677137,-2.1428832886544438,-2.3877772552598806,3.2083374213961493
1768918247.5876486,-2.094378365349974,-2.3983495827895744,3.18410135807781
1768918247.607679,-2.136992263741263,-2.5000799375094154,3.2889414146845315
1768918247.627649,-2.122623207980002,-2.460993840090122,3.249926147471176
1768918247.6476347,-2.1624063261235653,-2.5643968525122176,3.354419821136553
1768918247.6678195,-2.018590736393704,-2.556904070875394,3.2576781591669914
1768918247.6881862,-2.0116061167629944,-2.6301126602975735,3.3112009565799343
1768918247.7080805,-2.010083197584134,-2.504273596636491,3.211202377306781
1768918247.7282205,-1.9443413475896456,-2.532025895917279,3.1924314265998603
1768918247.7476778,-2.050157968109536,-2.6550091413176595,3.354433072023253
1768918247.7683556,-1.928404698520377,-2.477907544285337,3.13986790793843
1768918247.787642,-1.9495213422913116,-2.572083822481236,3.2274213629334185
1768918247.8079107,-1.8417007414207243,-2.54084255316684,3.13811129517948
1768918247.8278282,-1.8016228010979285,-2.5891280693852465,3.1542715287550185
1768918247.8476806,-1.834119043498129,-2.5993971654021095,3.181329641710053
1768918247.8676693,-1.792760594752492,-2.647811692976969,3.197639334190595
1768918247.8879669,-1.8524585442306298,-2.6805438917272966,3.258361277324782
1768918247.9077291,-1.8526500808532038,-2.766127842626645,3.3292304762271594
1768918247.9276938,-1.8137886598888269,-2.504875108820535,3.092608706825031
1768918247.9476318,-1.8106931958275743,-2.58644379656905,3.1572616873212764
1768918247.967752,-1.7727500640389557,-2.7378447039245657,3.2616616029805905
1768918247.9877727,-1.76797841411428,-2.823688564432363,3.3315108857213933
1768918248.0077534,-1.6760744101337792,-2.6778920266494914,3.1591662087801295
1768918248.0278003,-1.6731865817231233,-2.7242993123587347,3.1970861859788178
1768918248.047712,-1.6376969548365103,-2.7826291484886845,3.228788672846156
1768918248.067838,-1.5884766188691994,-2.8284518324320835,3.243978689369358
1768918248.0877583,-1.6323683542859122,-2.7946580293056016,3.236470291048006
1768918248.107745,-1.575420926539132,-2.770363088407656,3.1869833286964373
1768918248.1276624,-1.5259234491334759,-2.8147745925054792,3.2017805014132046
1768918248.1475933,-1.4637197464826999,-2.8461262485787557,3.200454673806889
1768918248.167648,-1.6886752985847338,-2.6816441977245447,3.169043998943523
1768918248.187645,-1.5040220812619247,-2.6801665098397685,3.0733328718819473
1768918248.2076206,-1.5019197651954181,-2.7702926319049546,3.151235352599285
1768918248.2282438,-1.391208926088578,-2.858157520362539,3.178761816687981
1768918248.247868,-1.3739326675113759,-2.933281518805451,3.2391096683225373
1768918248.2676423,-1.4173838654610869,-2.7585831278340116,3.10141224206649
1768918248.2876558,-1.4146038005522472,-2.840632239998417,3.1733728799898833
1768918248.3076186,-1.391730474330115,-2.732417817239817,3.0664345486490876
1768918248.327761,-1.342247586203782,-2.7600322983449637,3.0691052231191525
1768918248.3475885,-1.3796580510430356,-2.729814893310202,3.0586509590906346
1768918248.367996,-1.3383035353785573,-2.6135419205693147,2.9362659490209477
1768918248.387799,-1.3262995767928936,-2.67273462261322,2.983719311583521
1768918248.407595,-1.3692523915538528,-2.6236619082582457,2.9594685199578055
1768918248.427707,-1.3336348357224397,-2.6556357302469067,2.971696991083788
1768918248.4479918,-1.3073768147538964,-2.6986943622048614,2.9986972832135534
1768918248.4676757,-1.4069591008229039,-2.531441522720357,2.8961578158555437
1768918248.488213,-1.331129456244219,-2.608356447106466,2.9283833397359196
1768918248.5076928,-1.262606194269806,-2.6006033211948463,2.89090159569954
1768918248.5276184,-1.3529435996539863,-2.5796520239470624,2.9129127945235265
1768918248.548224,-1.3252983924519848,-2.615177708026337,2.9318203003584142
1768918248.5676873,-1.2929766910873344,-2.5845039741969558,2.8898874573822093
1768918248.58768,-1.2521583513555004,-2.6052589192113977,2.890549181902959
1768918248.6075864,-1.2706238045765137,-2.4807495261936197,2.7872213877742764
1768918248.6276996,-1.1436841430191107,-2.548610662884137,2.7934619614306686
1768918248.6476636,-1.098105987040174,-2.564659179934168,2.7898590408825448
1768918248.6677547,-1.0314684135294683,-2.557550803033468,2.757715213397884
1768918248.6877174,-1.148331348315122,-2.4828771104421,2.7355700742405666
1768918248.7079258,-1.0888076930004222,-2.3981093691233113,2.633710450792552
1768918248.727769,-1.017029313141774,-2.3780525864043263,2.586403434790082
1768918248.7477965,-1.1153186412746452,-2.371651446696948,2.6208140445660097
1768918248.7677689,-1.0630792072226292,-2.371374565748514,2.598760229784204
1768918248.7877026,-1.1046894874913078,-2.4351950569234653,2.674044470280606
1768918248.8076396,-1.0433669303244737,-2.4243996868612747,2.639380304720743
1768918248.8277328,-0.9900641216772894,-2.423471674632548,2.6179079286290627
1768918248.8480396,-0.9522390899670585,-2.4419513634894905,2.6210466890365525
1768918248.8677104,-1.0240618820832594,-2.389064742459375,2.599294727805677
1768918248.8878562,-1.0090853811781604,-2.4012116332564126,2.6046248509513616
1768918248.9079,-0.963039709485506,-2.4067147270149896,2.5922425155214093
1768918248.9278252,-0.9482974805796376,-2.4510611239479054,2.6281112504995785
1768918248.9475918,-0.9162364347292067,-2.4747488285100943,2.6389147330933924
1768918248.9676118,-0.8658987025939351,-2.4772778269573053,2.624249606094696
1768918248.9878476,-0.8061297460285637,-2.469025175031625,2.597292914242062
1768918249.0077763,-0.7692902756242879,-2.489409573606011,2.6055647282943006
1768918249.0276845,-0.7017558835534738,-2.4713675897911784,2.5690696923151335
1768918249.0478787,-0.6601553098116387,-2.488540235646127,2.574614056029016
1768918249.0676503,-0.6120620417574165,-2.496730230428234,2.570657850919581
1768918249.0877137,-0.555020192733615,-2.4944652658966167,2.5554655891063645
1768918249.1077092,-0.5031901091755417,-2.5000342971431593,2.5501709301268773
1768918249.12773,-0.44990460418272504,-2.5045191077601157,2.544608047224629
1768918249.1476307,-0.4196154005328153,-2.5417498013771063,2.5761539428312266
1768918249.1676273,-0.36295432546226414,-2.5436066256716092,2.5693716174450665
1768918249.1878333,-0.30395415905818746,-2.5437678665761467,2.5618632066982285
1768918249.2077184,-0.21803303827388687,-2.5040764751897484,2.51355075528179
1768918249.2278924,-0.15181800060058226,-2.494834502235422,2.499449519164295
1768918249.2477415,-0.0657908704591682,-2.4549574210193708,2.4558388338109354
1768918249.2679617,-0.7089269048209328,-2.1336793439352295,2.248369386714483
1768918249.287773,-0.6330189651660487,-2.087405081778959,2.181277833219904
1768918249.3077614,-0.5951679233084759,-2.100009887892499,2.1827199513867077
1768918249.327828,-0.5123206328326152,-2.0446164189926304,2.107825593269106
1768918249.347805,-0.4580262136826997,-2.0331831640948064,2.084135742023316
1768918249.3676836,-0.4033840047177053,-2.0212530821878243,2.0611120002357644
1768918249.3877919,-0.3461923328952168,-2.007129810625223,2.036766851668564
1768918249.407683,-0.2928908749359903,-1.9992771241561496,2.0206172531666784
1768918249.4277344,-0.23758978544164366,-1.9895092766098461,2.0036456941941707
1768918249.4477735,-0.18104703904851038,-1.9783631591615496,1.9866300158499317
1768918249.4680088,-0.12245619876701203,-1.9651886481517167,1.9690002395735857
1768918249.4878001,-0.06317043620612628,-1.9509746943092274,1.9519971213722258
1768918249.5078237,0.007168705067188252,-1.917811393692487,1.9178247918172973
1768918249.5277035,0.08547172372770162,-1.871725605190555,1.873676107731252
1768918249.547705,0.1612736617606993,-1.8307069004903038,1.837796765009809
1768918249.5676093,0.24305446968478833,-1.7784594508838598,1.7949912238425774
1768918249.5875292,0.2996566751921072,-1.7708816755525376,1.7960556872755786
1768918249.6077485,0.37991881357373053,-1.7225951643074993,1.76399331206296
1768918249.6276772,-0.15593786809989796,-1.8841448707731328,1.8905868170407425
1768918249.6481724,-0.08764997850063244,-1.8428289157411655,1.8449121744470443
1768918249.667602,-0.309135682043842,-2.1216860445707795,2.1440887438814444
1768918249.687891,-0.24947552673447548,-2.0931799778150655,2.1079944160185344
1768918249.7075925,-0.2812473532040781,-2.1366968228128798,2.1551272320452344
1768918249.7276554,-0.22519445991391973,-2.1381120048003233,2.1499384851309538
1768918249.7476733,-0.17197876068027673,-2.1206528387971453,2.127614898618525
1768918249.7679734,-0.07823196417652079,-2.1646078166872726,2.166021061828014
1768918249.7877445,-0.01767194138203476,-2.135098853559148,2.13517198651111
1768918249.807724,0.0403361474250612,-2.2012533991632743,2.2016229314115
1768918249.8276832,0.10845134676116253,-2.160019385529589,2.162740261908011
1768918249.8479822,0.0037385225571444636,-2.1773322605425136,2.1773354700987357
1768918249.8676422,0.06474069771921231,-2.144050336290011,2.145027552850191
1768918249.8877861,0.10572413533853364,-2.1884495653167644,2.191001846810772
1768918249.9076705,0.1625550113447416,-2.1645964606199257,2.1706915877299564
1768918249.927761,0.11965093829658957,-2.1260762366659343,2.129440422071215
1768918249.947788,0.17954056526162476,-2.0929875829966917,2.100674138735658
1768918249.9676104,0.2390154643646608,-2.0595760378209818,2.0733986224968484
1768918249.9877284,0.29358243512812154,-2.037108304407175,2.058154729387573
1768918250.0076344,0.2339452758798497,-2.1541313247184295,2.1667976731203296
1768918250.027689,0.29039428293315606,-2.125862411945864,2.14560477117398
1768918250.047824,0.29049558879877235,-2.1856429587889306,2.204863449380749
1768918250.0676389,0.34213001730929493,-2.165296434294893,2.1921591176541533
1768918250.0876732,0.33102288745972364,-2.208241044179749,2.2329139395019775
1768918250.1076376,0.3896751144301501,-2.1733420071908505,2.207999586736036
1768918250.127685,0.39203126237947505,-2.196435206076792,2.2311468183820726
1768918250.1477208,0.4510978873356303,-2.159862536295087,2.206466741115695
1768918250.167805,0.4347529586076848,-2.213345231863091,2.255638989383987
1768918250.1878493,0.5096508586040724,-2.1949943662178626,2.2533850681594623
1768918250.2076895,0.5683854183560707,-2.1576534223275488,2.2312620363107487
1768918250.2276502,0.5633677369819042,-2.1898112942580568,2.2611184647276352
1768918250.247682,0.6227522683509849,-2.1504036641367392,2.2387622264253544
1768918250.2676535,0.605602278359832,-2.206543902007178,2.2881411912379193
1768918250.2876406,0.6643570787667543,-2.1665875727348674,2.2661579906168634
1768918250.307839,0.6385208098616247,-2.1074975550103794,2.2021023520720084
1768918250.3276908,0.6970642169408765,-2.0664487723584983,2.180850533925088
1768918250.3476536,0.7556439120454126,-2.025405352008182,2.1617734760503198
1768918250.3676734,0.6548714289874612,-2.129202748156146,2.227635726787431
1768918250.3876276,0.6860855043541181,-2.12231927517176,2.2304601375165687
1768918250.407693,0.7413201651785034,-2.0844981041916064,2.2123941632717
1768918250.4276292,0.6773703120705641,-2.144428594827632,2.2488673900408145
1768918250.4492178,0.733331061529094,-2.1063766118369482,2.2303804331766117
1768918250.4677968,0.7241434500084729,-2.1360802034585458,2.255487169504113
1768918250.4879444,0.7084270192138906,-2.1469158721114514,2.260777875749042
1768918250.50776,0.7582490484955993,-2.1133141518386367,2.245225673268934
1768918250.527699,0.7319009411235782,-2.1286675073143346,2.250978530398147
1768918250.547629,0.7806080730877852,-2.095850120727924,2.2365009931419837
1768918250.5676496,0.7933907071493229,-2.105927204885102,2.2504217841253853
1768918250.5876315,0.8414864059902665,-2.0738199440339926,2.238041226550478
1768918250.607685,0.8157199217853642,-2.104537080995664,2.2570944411085843
1768918250.627709,0.8622663164431934,-2.073617301673977,2.2457497443558085
1768918250.6476822,0.8866813082312988,-2.1300119581848307,2.307196282152246
1768918250.6676388,0.9327867509411878,-2.100839898388319,2.2986124948306665
1768918250.6877544,0.9010876285500803,-2.139145160700556,2.3211852431192592
1768918250.7076063,0.9454954670021125,-2.11134203810618,2.313379968789369
1768918250.7280653,0.9912519961380977,-2.0828759804421395,2.3067190704007645
1768918250.747701,0.9228101665788995,-2.1567727077913705,2.345900065351271
1768918250.7678545,0.9785924295142348,-2.132420105653681,2.346243518925226
1768918250.787904,1.021349619059478,-2.1063934978170167,2.3409503651292454
1768918250.8077095,0.9867715238425934,-2.1421779648889814,2.358525911140798
1768918250.827779,0.9493549928985943,-2.098649539469104,2.303389848040356
1768918250.8477435,0.9891875543505639,-2.0735035114151685,2.2973699809854495
1768918250.8676355,1.0289113170458162,-2.048353789154948,2.292250366755427
1768918250.8877912,1.0001515263527196,-2.112523932046633,2.337319070887722
1768918250.9078538,0.9919851909623051,-2.125880145314646,2.345932865904637
1768918250.9278986,1.0297072557200224,-2.103114946235923,2.3416638335942648
1768918250.9479105,1.067439909385141,-2.080455327804403,2.338316131565166
1768918250.9676323,0.9841931099194385,-2.1403959707316016,2.3558291510924496
1768918250.9876943,1.0196198490599302,-2.119167539233244,2.3517005965762046
1768918251.007766,1.021210116396131,-2.111387476856981,2.345384228491845
1768918251.0277095,1.0375238122301595,-2.097739144032454,2.3402916863824084
1768918251.0476801,1.0719325295844693,-2.076928550615028,2.337235878626973
1768918251.0678003,1.021569149394722,-2.1075420945107695,2.3420796756579176
1768918251.0878155,1.0541101901326242,-2.0878135702659897,2.338827440648039
1768918251.1076815,1.0869162125766678,-2.068087202753336,2.3363158030014106
1768918251.1276116,1.0339355795923217,-2.0944070288568426,2.3357147910804215
1768918251.1478562,1.0301882720675044,-2.0960588253604264,2.3355407243884145
1768918251.1685712,1.0160845726194978,-2.1039261850029796,2.3364360146720347
1768918251.1879425,1.0449801328088961,-2.0864999025310134,2.3335520823901117
1768918251.2076426,1.0741080774074026,-2.068922677698456,2.331126167380645
1768918251.2277007,1.0180482829110116,-2.098994356809653,2.3328522491269843
1768918251.2476816,1.0215394455880134,-2.093803129478399,2.329711223286226
1768918251.2676642,1.04905392271488,-2.0770991295584373,2.3269840839111673
1768918251.2877307,1.024940651474175,-2.0877610366763886,2.325779328592542
1768918251.3076112,1.0512984231461404,-2.0716505316687517,2.323136737231148
1768918251.3277617,1.0271626235360214,-2.0841674803490076,2.323535483123452
1768918251.3476074,1.0526196217561794,-2.0685821719914816,2.3209998428235874
1768918251.367932,1.0277185246850697,-2.0825464900012562,2.3223275498941596
1768918251.3881328,1.0520418488459748,-2.067658196173408,2.3199143234021227
1768918251.4076252,1.027297736435771,-2.08134855940148,2.321067096188448
1768918251.4279299,1.0278841211754366,-2.079799929296861,2.3199382561757607
1768918251.4475753,1.0508041799864236,-2.065736570588985,2.3176403956924987
1768918251.467736,1.0739833298121546,-2.0515411361463016,2.315655679503078
1768918251.487635,1.027320374159994,-2.0786556661418736,2.3186626597131257
1768918251.5076277,1.0270412699262574,-2.0784301582740206,2.3183368376822875
1768918251.5277998,1.048756017042467,-2.0650367938920056,2.316088543948731
1768918251.5476277,1.0271287782147116,-2.0774232712699323,2.317472971805866
1768918251.5677536,1.0479851813755494,-2.0645365029678207,2.315293483010165
1768918251.5876603,1.0252248645725082,-2.078668594629386,2.3177465670854147
1768918251.607637,1.0449882712030152,-2.0664784356893477,2.3156713091716967
1768918251.6277683,1.0063348013457847,-2.0618948463421702,2.294367034668181
1768918251.6479788,1.0251987705493042,-2.0496898006236357,2.29178114092868
1768918251.6676116,1.0022152710984482,-2.063044682484895,2.2935973516622608
1768918251.6876848,1.020131374683879,-2.051418855071333,2.2910668564135355
1768918251.7076485,1.0000688789679375,-2.0641715334250392,2.2936743190964286
1768918251.727579,1.017211696892876,-2.053045800275388,2.291226024276979
1768918251.747642,0.9978476770013589,-2.065393270597598,2.2938067374403737
1768918251.76844,1.0143413338676661,-2.0546565305786775,2.2913973466516113
1768918251.7876134,0.9947421839906728,-2.066523037001115,2.293475414096878
1768918251.8077345,1.0106034684192124,-2.0561399780570575,2.291076380164009
1768918251.8278735,0.9934909354643175,-2.0655223345845126,2.292031141480678
1768918251.8476508,1.008374120287121,-2.055797988613424,2.289786832098531
1768918251.8675973,0.9937912478099915,-2.0636231092410213,2.2904500390135825
1768918251.8875766,0.994872715171454,-2.0614708355113454,2.2889809359311983
1768918251.9076493,1.0091111123969254,-2.0520870492128225,2.286780814750279
1768918251.927577,0.9973956357430767,-2.056308330458897,2.2854325638955078
1768918251.9477506,1.0111932434928623,-2.0471726551611695,2.2832931602676974
1768918251.9679863,0.997971738375147,-2.0546665491764564,2.284207131347812
1768918251.9879024,1.0111272185055247,-2.0459226471186494,2.2821432317003465
1768918252.0078318,0.9987687819311948,-2.0522861431572235,2.2824148380948355
1768918252.0275936,1.0113761406949502,-2.0437578302232815,2.2803130852069384
1768918252.047686,1.0012676159802254,-2.046907023328929,2.278676194847355
1768918252.067819,1.01350383750348,-2.038705751356483,2.2767325642789675
1768918252.087859,1.0030018563269674,-2.042139639032335,2.2751586821807526
1768918252.107652,1.0146886577889784,-2.03425985297255,2.2732809376892904
1768918252.1275892,1.005999552297773,-2.037139958614823,2.2719978675624946
1768918252.147795,1.0174560634090746,-2.029339145709576,2.270117664192137
1768918252.1676016,1.0088170511614134,-2.0327019425868684,2.269270594290253
1768918252.18788,1.0199467703720153,-2.0250538350551377,2.2674069880071874
1768918252.207597,1.012033741410773,-2.027608123157151,2.2661436395000982
1768918252.2277176,1.0227260149928619,-2.0202756452642507,2.2643944410351886
1768918252.2483509,1.0337908121631134,-2.0383036254126043,2.2854769989398354
1768918252.2676032,1.0440897794786657,-2.031526374395515,2.2841240941499645
1768918252.2876487,1.0100918525913627,-2.056307820819516,2.2910013977811006
1768918252.307771,1.0141373038416879,-2.0525365919262484,2.289406240106702
1768918252.328025,1.0239495942886998,-2.046105938673815,2.2880171074360973
1768918252.3476362,1.0202025811234696,-2.046857632662608,2.287015407670041
1768918252.3677928,1.029623259676198,-2.0407192499096567,2.285751323704762
1768918252.3877165,1.0279081060070974,-2.039869456838261,2.2842203211023056
1768918252.4080315,1.0372931531019827,-2.0337688844966895,2.283022768397013
1768918252.427895,1.0334109692671547,-2.035303829037092,2.28263004183655
1768918252.447667,1.0422721237645942,-2.0294210659126044,2.2814208385886654
1768918252.4680073,1.0512848213126245,-2.023390108692766,2.280198962257031
1768918252.4879723,1.0422309754184136,-2.0276805053484814,2.2798538632754273
1768918252.5076895,1.048705309852926,-2.022352236805453,2.278089418048761
1768918252.5277023,1.0572991353188232,-2.0166179495615992,2.276978132534426
1768918252.5475771,1.0559430209948595,-2.0161523182266503,2.275936254353018
1768918252.5678573,1.064437457190123,-2.0105107952496954,2.274902362319082
1768918252.5876255,1.0627290568890788,-2.0103771387334,2.273985331592586
1768918252.6077554,1.0709546303871442,-2.004762069348242,2.272886881269086
1768918252.6278403,1.079190097061569,-1.999242201362236,2.2719200349711866
1768918252.6476662,1.0540945865581302,-2.016144402025347,2.2750722290136856
1768918252.6675951,1.060232297349623,-2.010619299954426,2.2730337643098233
1768918252.687691,1.067758301839632,-2.0054734482415615,2.272010462728848
1768918252.7076046,1.0662011494139971,-2.0021039438601687,2.2683044533378163
1768918252.727758,1.0735470935447688,-1.996972294387671,2.267245400615112
1768918252.7478993,1.0745662646823817,-1.9799293463964531,2.2527345324994092
1768918252.7679806,1.077761843936901,-1.9678924800255508,2.243695925295445
1768918252.787565,1.084769287230624,-1.9625825789911016,2.242421634278041
1768918252.8076267,1.086445263003835,-1.941787063614223,2.2250618665383257
1768918252.827656,1.0934923669197278,-1.9361072559942318,2.223564000253922
1768918252.8475955,1.0659646711124005,-1.948351562190398,2.2208904722992378
1768918252.8676739,1.0723394870412806,-1.9430033011288579,2.219273260251111
1768918252.8877711,1.0787318694577877,-1.9376905145342285,2.2177256314295994
1768918252.9076874,1.073652874206935,-1.9293265865349998,2.207947366176016
1768918252.9277265,1.069042832745032,-1.9254768957523876,2.2023428103544127
1768918252.9477644,1.075002567855159,-1.9200790061239577,2.2005303703092016
1768918252.9677217,1.0702511185076755,-1.9138218983548185,2.192749806815491
1768918252.9876642,1.0759274500155405,-1.9084690336328087,2.1908614584296036
1768918253.0075817,1.0816476413390574,-1.9031238717636256,2.1890276588684117
1768918253.0277371,1.0651518207895054,-1.9076942513382598,2.184913215191908
1768918253.0481334,1.0693059413719244,-1.9024759121246237,2.182390843196451
1768918253.067883,1.0745083045945056,-1.897458766972841,2.1805774164208556
1768918253.08768,1.0890127111899928,-1.881902589836507,2.1742828801162766
1768918253.1077569,1.0944750747956082,-1.8765981856859977,2.1724402039800386
1768918253.1276195,1.066238424807591,-1.866559033406034,2.149629503827541
1768918253.1476567,1.061057600201265,-1.8673710639875605,2.1477704536478988
1768918253.1677108,1.065052097777279,-1.863935884170667,2.146763366391105
1768918253.187836,1.0532131169649595,-1.8761231310254338,2.151533377039669
1768918253.2076132,1.056082729638301,-1.875370163114635,2.1522834340627393
1768918253.2276855,1.07287591308175,-1.865361913111192,2.1518916775146573
1768918253.247774,1.0760019209421536,-1.8650789393985612,2.1532068140471936
1768918253.2677262,1.0665480935280718,-1.8782638218094547,2.159953661569299
1768918253.2877192,1.0688603205580895,-1.8807045339374078,2.163217956849532
1768918253.3077111,1.0709298346503129,-1.888421056140528,2.170950205789864
1768918253.3276222,1.071946387824961,-1.8964339238784582,2.17842389952186
1768918253.347605,1.08411042961812,-1.907414269845038,2.193974617085454
1768918253.3676157,1.0850159465315956,-1.9180262653838938,2.203652504123629
1768918253.387699,1.0871847742391783,-1.9236652009453952,2.2096285974493046
1768918253.4082403,1.1136476970641085,-1.9286549195184115,2.2270880071875836
1768918253.4282176,1.1239833537829305,-1.9416038956104167,2.24347147675888
1768918253.448202,1.1233376280302945,-1.9638734459465006,2.262451400194601
1768918253.467649,1.1586023470699114,-1.950461229188388,2.2686247828151274
1768918253.4877825,1.17404512736181,-1.953336619474781,2.279014240864496
1768918253.5075927,1.1762736735530326,-1.966833718796142,2.29173616118597
1768918253.527778,1.1896357958635586,-1.9721704934148807,2.3031912169631545
1768918253.5477114,1.1904010148498816,-1.9944292700965658,2.3226714553663306
1768918253.567971,1.199242319632389,-2.0077622083480993,2.338651582957177
1768918253.5880802,1.2035950340781376,-2.0132941921674323,2.345633072386358
1768918253.60795,1.162171225883705,-1.9372292424272501,2.2590925381637845
1768918253.6276426,1.1576366745276494,-1.9833541344168246,2.2964791078343705
1768918253.6478555,1.1552530782938903,-2.01996099066492,2.326983471947215
1768918253.6676877,1.1678058940487743,-2.0311933770856285,2.342971860968795
1768918253.6878252,1.1652106107444693,-2.0725930926595026,2.3776790984343075
1768918253.7075858,1.1836810801204085,-2.0705920584483586,2.385047666597971
1768918253.7276273,1.2009542944715248,-2.087186294023427,2.4080360967744743
1768918253.747605,1.2013486295539404,-2.1177649586194462,2.4347827315158033
1768918253.7676384,1.2017026452103607,-2.1496374017734254,2.462728203965834
1768918253.7877944,1.2150996761189978,-2.0860622800647715,2.4141505875180047
1768918253.8077924,1.2250048154507998,-2.07462958438769,2.409299630659144
1768918253.8278928,1.2096998676019064,-2.091176422420773,2.4158627029209696
1768918253.8475773,1.2108442316586148,-2.1185364091084704,2.4401516899691202
1768918253.867616,1.2292231627418222,-2.085593591028248,2.4208862449027033
1768918253.88774,1.227980298836378,-2.134584758603605,2.4625977556217116
1768918253.907731,1.1923720021666788,-2.0527012767667223,2.373885743499612
1768918253.9277978,1.1905920398908691,-2.103411418269177,2.41699172525614
1768918253.9476476,1.2154126880176266,-2.083256820410897,2.411884529156144
1768918253.9676285,1.212511736480118,-2.153329095187077,2.4712367153474446
1768918253.987623,1.2052357902484192,-2.13583473174911,2.452423966495501
1768918254.0077047,1.2061178352793376,-2.1759199595915337,2.487840007542233
1768918254.0276637,1.15812544173266,-2.1208990719446135,2.4164989989991703
1768918254.0476685,1.1599018325155193,-2.1441829476210295,2.437804908917378
1768918254.0678144,1.126035719728976,-2.1399835510248906,2.418157571533057
1768918254.0876894,1.126406144387571,-2.173277429577764,2.4478410054630197
1768918254.107656,1.1601643537822064,-2.138319575364095,2.432774534183587
1768918254.128034,1.162299339154498,-2.162347274163224,2.45493085195492
1768918254.147781,1.1629225851691596,-2.2066456498790625,2.4943283591433407
1768918254.1681318,1.1326364165772038,-2.121478497310388,2.4048983901003367
1768918254.187651,1.133643723848469,-2.156225110707968,2.436073648449203
1768918254.2079937,1.1473967249933177,-2.1642056436313997,2.449552063633552
1768918254.2276602,1.1497466765698539,-2.1899043908989526,2.473377985986359
1768918254.2477422,1.165711529344547,-2.1209286134201104,2.42016973637614
1768918254.2677715,1.1667026257129414,-2.1878898953515034,2.4795276185246826
1768918254.2876067,1.1317933257151795,-2.108971569995891,2.393473880196807
1768918254.3079545,1.1326794424212445,-2.1991466549557845,2.473703444086804
1768918254.327631,1.1495945525682607,-2.1694301992984446,2.455197553135533
1768918254.3477318,1.153128595073673,-2.2284316663633312,2.5091060655993473
1768918254.3675885,1.1312422441493122,-2.1496848881189816,2.429167374462923
1768918254.3875952,1.135521998954596,-2.1734984504870916,2.4522450375889497
1768918254.4076786,1.1704721777044993,-2.1214684363402583,2.4229390097912686
1768918254.427801,1.175868774319115,-2.144875949625634,2.4460499205251724
1768918254.4476385,1.1273817170148528,-2.191431839297609,2.4644194127921204
1768918254.4681456,1.1322052709140444,-2.1906506139306323,2.4659357022842667
1768918254.487649,1.1333410217826043,-2.1992270054986935,2.474077867281058
1768918254.5077546,1.1391662482122793,-2.236827975088689,2.51019902223019
1768918254.5276682,1.1465011314402602,-2.3143181703863664,2.5827375860071995
1768918254.547631,1.0904723531325407,-2.1586883034277076,2.418484059137462
1768918254.5676796,1.074038174072405,-2.181815076507803,2.4318460122798764
1768918254.5876944,1.1025706592206175,-2.071925915830912,2.3470277073920434
1768918254.6076171,1.1163396477613117,-2.2030614642684068,2.469755863341214
1768918254.6276317,1.0450570123435543,-2.0831202901691626,2.3305652323766637
1768918254.647645,1.056731283795665,-2.159376688073243,2.4040775127159693
1768918254.6676123,1.0569648597837893,-2.0500231047142936,2.3064625391885722
1768918254.6876583,1.0690286501427662,-2.1120591024386552,2.3671957897520945
1768918254.707702,0.9586423945243022,-2.080055683094434,2.290333356817898
1768918254.727674,0.9668307109428629,-2.11413088280902,2.324717405034239
1768918254.7479193,1.0120160273517782,-2.0895414363540574,2.321714851969865
1768918254.7676983,1.0255423522378035,-2.154837263652528,2.386432640796501
1768918254.7876456,0.9257759773209335,-2.1161004025845873,2.309749353069112
1768918254.8076775,0.9471746357685443,-2.2428858069184887,2.434682018974896
1768918254.8278747,1.0020123641801901,-2.170195213955294,2.3903506112376984
1768918254.8479235,1.0236428716276131,-2.2679759201935177,2.4882844498191234
1768918254.8675811,0.9448502476688108,-2.1679948737438863,2.364940541134086
1768918254.887615,0.9682728498474398,-2.265919574974003,2.4641314559093734
1768918254.9076235,0.9568015399779918,-2.0813561489373456,2.290744989217166
1768918254.9279091,0.9266170099714385,-1.9873357532052083,2.192743140255174
1768918254.947715,0.9467950817476909,-2.0500064454620777,2.2580848861939797
1768918254.9676404,0.9717145705178335,-1.9639617339297288,2.191203983862964
1768918254.9881113,0.9908135344066106,-2.0092233996471176,2.2402433192965536
1768918255.0076163,0.8880353638441731,-2.043704284112197,2.2283029435730684
1768918255.0279093,0.9261406455872229,-2.1758499821806687,2.36475361092109
1768918255.0475883,1.007518703188707,-1.978908747019256,2.2206246342649574
1768918255.0676842,1.035440800707908,-2.0412128946976003,2.28881797730846
1768918255.0877767,0.986867053009785,-1.9899336748657248,2.221202964765
1768918255.10805,1.0308456348450514,-2.1034628168135727,2.342477010473398
1768918255.127656,1.014613047959582,-2.027754816326458,2.267427889090407
1768918255.1475966,1.0579434277333486,-2.1257564062103684,2.374465117627254
1768918255.1677606,1.0037569524291947,-2.1290059920615754,2.3537617835677502
1768918255.1877918,1.0330585402330743,-2.175298743882209,2.4081392344887385
1768918255.2076747,1.0074251910074876,-2.075780986925623,2.3073301066727288
1768918255.2284439,0.9389084431693561,-1.910770171182512,2.1289884245189192
1768918255.247559,0.957291306641086,-1.9202941752979346,2.14567853264504
1768918255.2675884,0.9884239385620968,-1.9638764207448993,2.1985887469648353
1768918255.2878537,1.0080366210118799,-1.970481554419977,2.213353877176087
1768918255.3076234,0.7837537287513446,-2.0220079794272037,2.168590827288292
1768918255.3277495,0.8412712108153353,-2.1420313091209895,2.30131166498614
1768918255.347701,0.8955212559651428,-2.2460791428128886,2.4180218848605293
1768918255.3677135,0.9306186085701793,-2.1424141893814506,2.3358059751357936
1768918255.387582,0.9126248752324886,-2.0540208245591183,2.2476400313697114
1768918255.4075923,0.9577614588425678,-2.1156485789857093,2.3223427657881373
1768918255.4276018,0.9508363009645817,-2.09561885773401,2.3012405498170776
1768918255.4477181,0.9816557707581735,-2.1181274341353724,2.3345474678189175
1768918255.4676158,0.9152432605189074,-1.9595459318213164,2.162750675607975
1768918255.4876826,0.9374285423764355,-1.9598807154484268,2.172534163332914
1768918255.507616,0.8489844798669821,-1.861061417477587,2.0455620857550856
1768918255.5276904,0.8796610378380769,-1.8804341549298549,2.0760144875499114
1768918255.547747,0.7310204574764131,-2.0221426680533696,2.150221355863397
1768918255.567875,0.7791239320164327,-2.083747118436663,2.2246429275355277
1768918255.5876775,0.7599960618120863,-2.0683544947225,2.2035617372355714
1768918255.6077023,0.8008970348307753,-2.109677456775191,2.256584816049724
1768918255.627678,0.7620711926374004,-2.017924922505682,2.1570288582949817
1768918255.6480424,0.8245347870260813,-2.0939870572129493,2.250475374402371
1768918255.6677737,0.9114309980057143,-2.2098645867782305,2.3904409543057556
1768918255.6887581,0.6698108533235487,-2.121151097275981,2.2243939751548325
1768918255.7076404,0.7126464628133709,-2.156552947010133,2.2712519882695754
1768918255.728233,0.7062085523178359,-1.9857157563341898,2.107557255288861
1768918255.7476397,0.762798371677903,-2.0335736080664653,2.1719307022230065
1768918255.7678425,0.7422802866272085,-2.0138343595302026,2.1462779064090913
1768918255.7876585,0.7883424194036524,-2.0375778932635566,2.1847671366412387
1768918255.8077533,0.6452966854770676,-2.1994746690962,2.292181631608527
1768918255.8275392,0.6781946203494451,-2.206807690340259,2.3086680413640757
1768918255.8476443,0.6450966358927857,-2.1961825826779133,2.288966493004653
1768918255.8675492,0.7165795899289913,-2.2562003875947942,2.367261391922257
1768918255.8876863,0.6905400544033464,-2.1218791605548404,2.2314158596577847
1768918255.907604,0.8432377595428875,-2.285073618629183,2.4356952522173168
1768918255.928003,0.7641202470005104,-2.19653064328778,2.3256454198304497
1768918255.9476545,0.909526728975723,-2.3378112884855176,2.5085056291129972
1768918255.967555,0.7882305682811603,-2.4947480763699046,2.6163094987642768
1768918255.9877846,0.8522886541068728,-2.528116655159482,2.667914873457186
1768918256.0076005,0.6633312170348802,-2.552293294896116,2.637083496339213
1768918256.0275984,0.7550297122047587,-2.615890133532278,2.722673512748732
1768918256.0477493,0.7354163842576824,-2.487166566417047,2.5936142325599243
1768918256.0676239,0.7709833388462766,-2.480757399064898,2.5978014900668973
1768918256.0877411,0.911416419500112,-2.4780296277829583,2.6403239812387707
1768918256.1077085,0.8930310381906907,-2.2630050755617033,2.4328371106981193
1768918256.127945,0.9468213218652033,-2.2656690467309426,2.4555502122443493
1768918256.1476767,0.9046989058154669,-2.47872786334697,2.638668590542651
1768918256.1676745,0.97499386964448,-2.4999163651936236,2.683317886275723
1768918256.187755,1.0628717021906904,-2.5356109478850026,2.749367042493966
1768918256.2075975,1.102293887714871,-2.637485322945869,2.8585626884237536
1768918256.2276146,1.2127544333595641,-2.5444392701769276,2.818677795572203
1768918256.249109,1.1731711651486547,-2.45077110842828,2.717095804097278
1768918256.2676322,1.275421640818068,-2.468627024460578,2.7786363108122196
1768918256.2878928,1.2682866965404664,-2.402429912418365,2.7166561484118747
1768918256.3076298,1.222347618606721,-2.3505029979284284,2.649339171186666
1768918256.3279145,1.1957550961425034,-2.2670004691379564,2.5630297261293093
1768918256.3476388,1.3130746319483908,-2.2310948938103876,2.588812355937214
1768918256.367643,1.3567149695225629,-2.2015492737072915,2.5860190859867433
1768918256.3879607,1.364185469939768,-2.1593765114533108,2.554194376826293
1768918256.408011,1.4611627317745097,-2.166723191811955,2.6133667784416588
1768918256.427616,1.5964564154919372,-2.1994901238200124,2.7177987216398383
1768918256.4476686,1.325546629646528,-2.1058228678404545,2.4882853168571857
1768918256.4675336,1.441289641122487,-2.0035057085023165,2.468066237686573
1768918256.487968,1.2856030236906033,-1.7093016848485478,2.138805130054748
1768918256.507698,1.3433999354584518,-1.673866001094058,2.146287673218198
1768918256.52773,1.3638535843354047,-1.6115902349623914,2.1112365298399576
1768918256.547608,1.3976114836422884,-1.8415685311110228,2.311859103402975
1768918256.5676014,1.3249525882442263,-1.5830684601721443,2.0643655467690016
1768918256.5878124,1.325825183571057,-1.508077838939081,2.008011749390525
1768918256.6078315,1.4177577500701695,-1.6232600289927528,2.1552285631945356
1768918256.627623,1.5364468529209523,-1.619899508479409,2.232653880345659
1768918256.6476214,1.4285258046513158,-1.4821999686953538,2.0585438352765766
1768918256.6676135,1.5848839046581924,-1.4920845905709514,2.176734576530607
1768918256.6878896,1.34587864195489,-1.3497485112484044,1.9060982037889924
1768918256.70776,1.5405363854263099,-1.3730471013292331,2.0636159277566573
1768918256.727552,1.4565280551870305,-1.205208334772145,1.8905028711301022
1768918256.7480016,1.219638218982225,-0.9226122922633815,1.529290955651548
1768918256.7676728,1.2510584092799384,-0.8533517851500338,1.514383178937484
1768918256.7876482,1.2813679183580877,-0.780693407475459,1.500461908437859
1768918256.807722,1.2916283043301693,-0.6975917678850871,1.4679706915220991
1768918256.8277466,1.126942648546625,-0.6560765444161127,1.3040077320500325
1768918256.8477173,1.19577904114478,-0.5979329927197967,1.3369410529353873
1768918256.8677616,1.0113125590670986,-0.5494447963276623,1.1509312213761473
1768918256.8875766,0.9555772103421134,-0.4409413569577536,1.0524053806404454
1768918256.9076333,0.9257384728574483,-0.3622022920732313,0.9940735488441199
1768918256.9277859,1.0749803172373715,-0.33128399205285364,1.1248696661561441
1768918256.9477768,0.8540811636702923,-0.269266550409923,0.8955216967254676
1768918256.9677062,0.9810294085603735,-0.22592548348469643,1.0067080135511537
1768918256.9876387,0.8435080837698195,-0.27698440732910257,0.8878210682837432
1768918257.00771,0.8853893791954164,-0.20306754027277263,0.9083781033823299
1768918257.0275652,0.8188576714269296,-0.1713505720263413,0.8365936316925248
1768918257.0482883,0.7258458742154588,0.04123428023539111,0.7270161614311846
1768918257.0677698,0.8301111349276642,0.10140067897766025,0.8362814083955383
1768918257.0878875,0.9323032074978901,0.1682118396810659,0.9473565821377622
1768918257.1078126,0.5053542954931629,-0.11922859415633624,0.5192286795217377
1768918257.1276512,0.43178707375384917,0.019684692396480408,0.43223554247152796
1768918257.147718,0.48362755759346676,0.09648665558571157,0.493158482812511
1768918257.168281,0.44686602580255474,0.19782517258328758,0.48869626960329565
1768918257.187665,0.5454473594445517,0.2657081216421098,0.6067236832624981
1768918257.2076983,0.10654192719543154,0.23143453918576062,0.25478054905867914
1768918257.2277348,0.25862863312949536,0.294564330777761,0.3919909627031997
1768918257.247705,0.001230581607076786,0.16302172546807325,0.16302636997025824
1768918257.26784,0.08479965972162518,0.23948813946126313,0.2540581650558014
1768918257.2876394,0.04822345912010384,0.13136243836193628,0.13993424249232864
1768918257.307716,0.10993752652286837,0.2125236486925779,0.23927507390359876
1768918257.3276534,-0.08726060246885403,-0.016373857440844297,0.08878353423197607
1768918257.3481393,-0.13912049697713513,0.07611784359272367,0.15858259296773844
1768918257.3676205,0.06830877064624019,0.0013425571233787181,0.06832196284380435
1768918257.387591,0.17676093794398362,0.07531786984308564,0.1921385195647578
1768918257.4076726,-0.05024510985384012,-0.033970474494672054,0.06065116818015648
1768918257.4277458,0.05369330278762163,0.0431088379095419,0.06885740824453367
1768918257.4475884,-0.007578409434543687,-0.16562670823525494,0.16579999629192954
1768918257.4675882,0.05201457793393516,-0.08626657404043137,0.1007344931705056
1768918257.487692,-0.2735980603007846,-0.152153138783107,0.3130598604770391
1768918257.507739,-0.17484099474013348,-0.07317142060408965,0.1895347731550598
1768918257.5277371,-0.09022759913760936,-0.10617732396124246,0.13933644092522157
1768918257.5481184,0.01067492496261302,-0.02324204956210263,0.02557629548634152
1768918257.5677116,0.025911291368064582,0.06084064684187762,0.06612850617168674
1768918257.5878196,-0.10786728135402868,-0.20126991397131455,0.22835264101106767
1768918257.607677,0.035879236101287404,-0.36054281711027514,0.3623236709808307
1768918257.6276126,-0.1360661034199051,-0.26079686243967437,0.29415810027645806
1768918257.6475778,-0.15105308427081,-0.18021821740732857,0.23515025016614285
1768918257.6677282,0.05548029572163138,-0.2833721847359101,0.2887522437927754
1768918257.6877575,0.044264238911791765,-0.20378595487380302,0.2085378580744222
1768918257.7076635,-0.2749514677776581,-0.06885219326621872,0.28344123579792924
1768918257.7279325,-0.31444833843155706,0.012292876751692994,0.3146885323001132
1768918257.747727,-0.19343904113924992,-0.16163443449248938,0.25208005286134655
1768918257.7676127,-0.16152372852546648,-0.07762480151865869,0.17920804861272205
1768918257.7876048,-0.2841462082450441,-0.12340787323400981,0.3097879449497307
1768918257.8076196,-0.2555051028568567,-0.03785044002457916,0.25829346371123524
1768918257.8276203,0.004662434248638547,-0.4858896604581737,0.48591202952106693
1768918257.847811,0.10409246416881146,-0.3970222881715273,0.41044115096039113
1768918257.8677807,0.05450136876301137,-0.3997653637069827,0.40346343727383516
1768918257.8877354,0.15315928651820698,-0.30664691062516924,0.34276828155873285
1768918257.9076998,0.25382645850117314,-0.4961726555280559,0.5573286060566159
1768918257.9277601,0.3080424306446723,-0.4101812529844673,0.5129705638507781
1768918257.9476597,0.319483450651429,-0.3315146658472812,0.4604037889852543
1768918257.9676316,0.14240553892491192,-0.5432889467253839,0.5616424281965098
1768918257.9876559,0.12822845878270073,-0.4722548233204549,0.4893538145260756
1768918258.0076363,-0.13010709045358837,-0.42425309173755865,0.44375504598277593
1768918258.0277274,-0.17082721181526495,-0.35681871890673245,0.39560274829533115
1768918258.047686,0.1577201488234543,-0.14887184662714903,0.2168835449338422
1768918258.0677295,0.14320180092168755,-0.07112700998090205,0.15989311222200278
1768918258.0876124,0.4477951481227933,-0.47524447815793147,0.6529761164865978
1768918258.1076126,0.39455593110306353,-0.4171684271174039,0.5741984668668265
1768918258.1277359,0.6113928799356572,-0.4296605472961046,0.747267983750679
1768918258.1476693,0.6882291068397599,-0.33163699197202545,0.7639649193161339
1768918258.1675513,0.7255322420524948,-0.5146411924259047,0.889523800243297
1768918258.1876602,0.7574446636454866,-0.4347327767494509,0.8733355630370907
1768918258.2076094,0.84998912589624,-0.47418387021630126,0.9733097435632524
1768918258.2277253,0.8607196661420033,-0.4034236648074865,0.9505729835264123
1768918258.2476223,0.8729064740942114,-0.5701881850393273,1.0426314204329497
1768918258.2676923,0.9028737599109071,-0.4969021079408069,1.0305788330892867
1768918258.2876613,0.7158721550028488,-0.6859289387036753,0.9914491672595087
1768918258.3076463,0.6806441801453111,-0.6378400207075954,0.932800295873639
1768918258.3276277,0.664927846954857,-0.5828885333202769,0.8842443575914326
1768918258.3477447,0.7430716552568448,-0.4754532609676225,0.882162846764073
1768918258.3676171,0.8069164499359509,-0.3922802431804615,0.8972167778006384
1768918258.3876145,1.1126613576463669,-0.5166951697721656,1.2267800109495357
1768918258.407871,1.1779889418638305,-0.4371904003658664,1.2565004549643162
1768918258.427725,1.380668701879049,-0.3914231658348566,1.4350812378052191
1768918258.4476547,1.4878079381624403,-0.29886964297276997,1.5175294146572063
1768918258.467624,1.3509802364305408,-0.4571174013626984,1.426220150556886
1768918258.4886906,1.4152182186661442,-0.3821467719313083,1.4659054409279249
1768918258.5076213,1.2875456427480998,-0.5146025283456606,1.3865747525248553
1768918258.5277727,1.3077935245299166,-0.4092273531951913,1.3703251181400433
1768918258.547644,1.2931073429022213,-0.36352073442399746,1.343232639799899
1768918258.567689,1.472176274243722,-0.23751746855991573,1.4912134422399892
1768918258.5876615,1.515824031938532,-0.1689020550755549,1.5252050354005304
1768918258.6076145,0.8816477190195435,-0.21001211134206432,0.9063155010054256
1768918258.6278589,0.9286970367835252,-0.13483850538578768,0.9384346587084119
1768918258.6479304,1.2724316607355561,-0.3616746598215399,1.322834415487922
1768918258.667602,1.3464584500955183,-0.2838266497844044,1.3760479370143557
1768918258.6876752,1.362730179720451,-0.2272822953318756,1.3815537573660528
1768918258.7077703,1.1548239759219356,-0.5647088087740724,1.2855016351880613
1768918258.727628,1.5911493158092256,-0.3360395476480771,1.6262468209911098
1768918258.7476323,1.6245483115307024,-0.2769943676027029,1.6479936578096643
1768918258.767666,1.4613405836209168,-0.3418217183281018,1.5007859235941339
1768918258.7879238,1.4524703297614465,-0.29937106364278443,1.4830013798321084
1768918258.807702,1.3591162905940912,-0.26155242119265987,1.3840544643871444
1768918258.827733,1.2973669370103877,-0.2401622310944651,1.3194085290356383
1768918258.8477333,1.3847486991274138,-0.19930968711367458,1.3990186957694368
1768918258.86784,1.3583612507349798,-0.1636602210120195,1.3681849127365795
1768918258.8876102,0.6980148502694412,-0.030272044299534562,0.6986709725348144
1768918258.9076688,1.0936430611398613,-0.17159573526119254,1.1070231440847096
1768918258.9277728,1.0126657215833141,-0.15815180219722436,1.0249409037637653
1768918258.947656,1.0220523237977837,-0.2961516455564652,1.064094333105036
1768918258.967716,1.0049568196219134,-0.25843370215395023,1.0376541753944748
1768918258.9878874,0.7633497777432368,-0.025694819868575802,0.763782106983875
1768918259.0077143,0.7387096566276092,0.015482849866303772,0.7388718937913817
1768918259.0280235,0.7576972089079952,0.0777570049899643,0.7616765797974725
1768918259.0476265,0.742418700395401,0.02106205169958497,0.7427174003068678
1768918259.0678244,0.9015217878362058,-0.154833056612119,0.9147211648164923
1768918259.08763,0.8603237954274654,-0.12655173443468382,0.8695817238575947
1768918259.107587,1.03330794478207,-0.06541612051792267,1.0353765390298164
1768918259.1277845,1.0080307913777133,-0.029875208769002515,1.0084734029534792
1768918259.1478505,0.9040901870252824,0.07841441077342415,0.907484372368116
1768918259.1685147,0.9796698253915466,0.09726218970555289,0.9844861097694687
1768918259.1876392,0.9846103348513502,0.1474429586944781,0.9955887391712853
1768918259.2079723,0.9533815640603365,0.1828368478649769,0.9707552315735075
1768918259.2276392,0.9056546394425773,0.1352758606167933,0.9157018534487514
1768918259.247669,0.8012323974351254,0.09900627817789243,0.8073262028562413
1768918259.2676811,0.8026420209133462,0.15008787417375757,0.8165540911108451
1768918259.2880886,0.716450666602281,0.106653882330492,0.7243456414523519
1768918259.3077054,0.6515679375123682,0.12265450313993798,0.6630119941106846
1768918259.3276641,0.602082384659397,0.015490444319512964,0.6022816216541578
1768918259.3477197,0.5579195228307086,0.04138557646015317,0.5594523750012906
1768918259.3675835,0.6691068090223702,0.1049015644160044,0.6772800455476476
1768918259.387578,0.613851611038104,0.12459655729752583,0.6263689826807131
1768918259.4076297,0.6711261555916224,0.05928701811267989,0.6737397622494042
1768918259.428018,0.6241471410510222,0.08197484988173875,0.6295073706441396
1768918259.447823,0.4522588279073432,-0.1861798001437457,0.48908175737977483
1768918259.4675472,0.43006729821620837,-0.14590091808849803,0.45414200300572916
1768918259.4879217,0.4073856587240563,-0.11201526204919654,0.42250502229675735
1768918259.5077643,0.35967886106605107,-0.07625139919830315,0.36767262473220746
1768918259.5276654,0.29352578398410145,-0.06686947198600102,0.30104636212246105
1768918259.5476277,0.22504475512679534,-0.05802565489074685,0.23240507403148353
1768918259.5678368,0.0308334298454902,0.023502689729454573,0.03876953469614738
1768918259.5876348,0.5147024698325637,-0.12639914364843075,0.5299956376865737
1768918259.6079705,0.45065650866440876,-0.12035350726775518,0.4664506999815135
1768918259.6277194,0.3285511329575286,-0.1625030681173354,0.3665420768687041
1768918259.6475995,0.29316972931980345,-0.1400669866805231,0.3249111431564154
1768918259.6678941,0.362035266168121,0.0028702087572654023,0.3620466434697779
1768918259.6876044,0.2703778164028954,-0.007022164193470348,0.2704689897063208
1768918259.7078464,0.38463016230635105,0.06175377828206574,0.3895560176507616
1768918259.7281039,0.301665324640922,0.057169490913057563,0.30703471918004815
1768918259.747653,0.5160433426591595,0.015614354006201703,0.5162795168838966
1768918259.7677388,0.4276238363601941,0.0034838114566734246,0.4276380272680105
1768918259.787637,0.4931993967361237,0.04670466550719632,0.4954058646413216
1768918259.8077135,0.42828792755191003,0.049080016497097034,0.4310909380931887
1768918259.8276649,0.28022846573694693,-0.1319782492824071,0.3097519189495562
1768918259.8476639,0.3407397726077228,-0.09922297617347509,0.3548926480465391
1768918259.8676522,0.2798660603426377,-0.09707079143118524,0.2962224675489447
1768918259.8876448,0.19525434051576696,-0.15450459199134536,0.24898981191337763
1768918259.9077504,0.11079306630943009,-0.16830918687650342,0.2015020742555161
1768918259.9276204,0.13516750302210312,-0.08540474292704936,0.15988816087398605
1768918259.9476538,0.06518590712233419,-0.08909872953114573,0.11039830656049865
1768918259.9676323,-0.11126127771606065,-0.07928646682095342,0.13662143221310674
1768918259.9876437,-0.1648388660547866,-0.07036343982057813,0.17922852849257007
1768918260.007623,0.0073750503647644905,-0.1000743665846987,0.10034575334916507
1768918260.0276043,-0.03328495615630089,-0.08592279294747984,0.09214453133106904
1768918260.0476198,-0.06358641980001778,-0.11142522984430103,0.12829191178261942
1768918260.068045,-0.10846732767184264,-0.10014037484170024,0.14762539024743376
1768918260.0878537,0.04188510463598405,-0.18361094384209142,0.1883277480589384
1768918260.1081474,-0.013729382567483128,-0.1840185829064942,0.18453003766487067
1768918260.1277716,-0.04420138858649025,-0.17419796662308018,0.17971837504437232
1768918260.147744,-0.09531687326103366,-0.17254552955850944,0.19712246472405526
1768918260.1676698,-0.2527473183064224,-0.16912672871142798,0.30411355983533017
1768918260.187722,-0.33709705239845533,-0.18818087862907307,0.3860653646953284
1768918260.2076373,-0.30844561749519883,-0.1611566562707254,0.3480088602497862
1768918260.2277076,-0.3959460984822094,-0.1828776446939422,0.43613936514844337
1768918260.247718,-0.35289269447345006,-0.16063207472380947,0.38773175939405236
1768918260.2678328,-0.09382850899409334,-0.19946090916953896,0.220427864361096
1768918260.2879088,-0.14168523074925332,-0.20129411681830733,0.24615853850340336
1768918260.3077736,-0.06052243124186063,-0.268278434659329,0.2750205141197391
1768918260.329053,-0.1251378280377473,-0.28288446116073174,0.30932684069152866
1768918260.3477743,-0.19890575427520218,-0.3060843139148055,0.3650357603146359
1768918260.3678093,-0.02033803839758619,-0.2558449998288712,0.25665209865359917
1768918260.3878307,-0.03998312063177778,-0.3225833495298198,0.3250517917645328
1768918260.4078,-0.08756063236746314,-0.33233623301803417,0.34367751761965337
1768918260.427728,0.002500605101673159,-0.36273053376722575,0.3627391530465536
1768918260.4475963,-0.042614861984361596,-0.3749551266943201,0.3773690150188536
1768918260.4676049,0.020639412190771367,-0.3833242729676154,0.3838795170124755
1768918260.4877043,-0.029507595156445632,-0.39973769870123577,0.40082530600609123
1768918260.5075784,0.04418253284545415,-0.4058550294020187,0.40825286416576806
1768918260.5278304,-0.010953396199123944,-0.426011962404804,0.42615275313000983
1768918260.5477262,-0.08560180831320352,-0.3993440363912144,0.4084156326436563
1768918260.567661,-0.1465347111099966,-0.4213732006198314,0.4461253139653598
1768918260.5877774,0.1203009670214108,-0.451362447671821,0.46711923727736143
1768918260.6076415,0.0962654703605672,-0.48934132145399145,0.498720332116187
1768918260.6277716,0.03470968300181454,-0.5156999102015045,0.5168666747585167
1768918260.647706,0.13269710075774555,-0.39821113087826077,0.4197387584020025
1768918260.667546,0.0803642727686622,-0.41868547327656125,0.42632844365635986
1768918260.687712,0.13188870218224835,-0.5059840097795814,0.5228904741109186
1768918260.7077317,0.08720890413247773,-0.5247877879507832,0.5319846006627108
1768918260.7277076,0.17148349966890208,-0.5478760001094392,0.5740859710484245
1768918260.7476223,0.11582232541235271,-0.573676222144822,0.5852514151356493
1768918260.767717,-0.06402127594413898,-0.5263883088401327,0.5302672679480513
1768918260.7879145,-0.12015605752757352,-0.5499222109800084,0.5628960084151515
1768918260.8077638,0.11110841111717917,-0.5074940943008264,0.5195145183449642
1768918260.8276772,0.05318666349423751,-0.5334214901945089,0.5360665139467115
1768918260.847844,0.10665671936841292,-0.5143963237514011,0.5253372570790965
1768918260.8679721,0.0554354631135503,-0.5372087499300715,0.5400614146298954
1768918260.887606,-0.03173980617876282,-0.5477746539027384,0.5486934360410467
1768918260.9080272,-0.02186443590946041,-0.5087627901952074,0.5092323931613655
1768918260.9276054,-0.07061176182037698,-0.5293308174263587,0.5340197891320458
1768918260.9477043,-0.12416200676461031,-0.5521934710392462,0.5659804178433968
1768918260.9677234,0.08216492751303406,-0.6333955094384238,0.6387025494625668
1768918260.9876451,0.03598189273736807,-0.6563535491734738,0.6573390891446964
1768918261.0082028,0.10271984779382493,-0.5580954832288236,0.5674697661824819
1768918261.027723,0.11621174978753501,-0.6781874715556144,0.6880722471976892
1768918261.0479004,0.06992175692577263,-0.7026416937624058,0.7061121737407516
1768918261.0676703,0.06800494209663199,-0.7546823800184046,0.7577401710743663
1768918261.0878804,0.023031104067605668,-0.7796078155841573,0.779947932797103
1768918261.1077778,0.07156395308644647,-0.6783376187905448,0.6821021363753272
1768918261.1277504,0.026123784214579615,-0.7015927264140012,0.7020789171159617
1768918261.14792,0.038564857207848746,-0.7120994673514958,0.7131429727717618
1768918261.1684084,-0.00682568730705313,-0.735973099727635,0.7360047510240114
1768918261.1876302,-0.09648493351224019,-0.6825280212582632,0.689314037429662
1768918261.2077472,-0.1424698376448852,-0.7046682103081208,0.7189262418756251
1768918261.2276332,0.022721183034285275,-0.7157996695259186,0.7161601909153369
1768918261.2478123,-0.019162540377998027,-0.7381311822104482,0.7383798785890175
1768918261.267619,0.12763358939283265,-0.8307873981988212,0.8405343741616192
1768918261.28767,-0.018562388653734274,-0.8058592016046409,0.8060729589084362
1768918261.3076909,-0.05881959476058185,-0.828302121295738,0.8303879508222759
1768918261.3277037,-0.09913239887706382,-0.8506670418811986,0.856423755304598
1768918261.3476336,-0.11541540779633408,-0.9028658047876781,0.9102128200655579
1768918261.3676302,-0.08112006895922264,-0.8187470072322216,0.8227558127656519
1768918261.3878875,-0.11974031446827027,-0.8399731311132113,0.8484648513056343
1768918261.407715,-0.09023761639419092,-0.8770268273810184,0.8816568966205164
1768918261.427685,-0.12688514155907527,-0.8984659532504031,0.9073813466776922
1768918261.4476833,-0.13640466550425145,-0.9105563482060024,0.9207166209152399
1768918261.4676726,-0.17243768243502444,-0.9320243966424269,0.9478418804105684
1768918261.487896,-0.3446307174084602,-0.9179742147106049,0.9805340331956978
1768918261.5076432,-0.38317097109932874,-0.9384592616413525,1.0136694623266675
1768918261.5277727,-0.42495856419834155,-0.9651725868370093,1.0545842326088326
1768918261.548101,-0.4639047604883082,-0.9861553886485317,1.0898211217278968
1768918261.5676367,-0.52200468176272,-0.9844278771661754,1.1142652884856914
1768918261.58775,-0.561645294235845,-1.0043033457615638,1.150682687297041
1768918261.607581,-0.42532880294985986,-0.9701377469348749,1.0592789239131666
1768918261.627664,-0.34256536244503977,-0.9510925576322897,1.010904585374224
1768918261.6477911,-0.3764216783180281,-0.9693270319497971,1.0398500732203484
1768918261.667649,-0.40890602163856116,-1.0334327045368856,1.1113898008073932
1768918261.6875973,-0.44282181803449916,-1.0523164911805798,1.1416922352972303
1768918261.707662,-0.47648905627768556,-1.0714422900137601,1.172616903162465
1768918261.7276626,-0.4407192968075968,-1.0520821025019909,1.1406621975780527
1768918261.7477438,-0.4511467472730324,-1.0460377783699868,1.1391788364222077
1768918261.7679443,-0.4833735013736664,-1.064026837058693,1.168675768471035
1768918261.7879195,-0.4805117284338003,-1.0980834521110006,1.1986153632264398
1768918261.8075376,-0.5108533644625943,-1.1160977146892914,1.2274547929424575
1768918261.8276389,-0.6782991528521585,-1.1500720600292522,1.335198668371072
1768918261.8477361,-0.7119683529227423,-1.1687067219664815,1.3684934554221153
1768918261.867797,-0.6875319637497164,-1.05184237456397,1.2566115478165527
1768918261.8875666,-0.7196785462356488,-1.067544794167366,1.2874739210817827
1768918261.9076586,-0.7582670424464233,-1.0855745453371461,1.3241755930179342
1768918261.9276679,-0.791079430942883,-1.1013403029819848,1.356007790919125
1768918261.9478598,-0.8357274314800343,-1.1319077006093934,1.4070022680959187
1768918261.967586,-0.8684755262748425,-1.147685607110482,1.4392470227542318
1768918261.9877448,-0.9020538277860304,-1.11623317018855,1.435157691144987
1768918262.007904,-0.935221817872744,-1.1313875805409734,1.4678820477230308
1768918262.027558,-0.8642153893931379,-1.105228834687982,1.4029964420089196
1768918262.0477228,-0.8954055844912219,-1.1194983589835434,1.4335367928675264
1768918262.0676513,-1.085776429948254,-1.1275852798299595,1.5653622644999412
1768918262.0877306,-1.1197740107102518,-1.1416481551012199,1.5991417526623906
1768918262.1076431,-1.1452818266083682,-1.1991092171358495,1.6581716970746878
1768918262.1280577,-1.179576498814722,-1.2141760931059626,1.6928154954471728
1768918262.1476946,-1.181629772249579,-1.220595220875239,1.6988530283370795
1768918262.1676767,-1.1966704170485798,-1.2301069175224575,1.716153581581737
1768918262.1876068,-1.2298598339609832,-1.2446606564371852,1.7497815180396614
1768918262.2076242,-1.2132867617225571,-1.2159923428652903,1.7177607936142412
1768918262.227584,-1.2455657114421577,-1.2297047485249377,1.750316459976649
1768918262.2476315,-1.2174440053376046,-1.2322594001597695,1.7322335683777128
1768918262.2676108,-1.2484330117471885,-1.2457513331013703,1.7636556831604056
1768918262.2876036,-1.2719975519550992,-1.2746547277421103,1.8007560765231583
1768918262.3080757,-1.3026542076529104,-1.288392964555137,1.8321747776429536
1768918262.3276727,-1.3158671307142846,-1.3036738952090716,1.8523152892377253
1768918262.3476229,-1.3461137000003163,-1.3173642427635537,1.8834730264701252
1768918262.3677468,-1.3660651336522562,-1.299717723220949,1.8855768638363708
1768918262.3878505,-1.396346966757843,-1.3128662415495906,1.9166122768505833
1768918262.4076931,-1.398586709739952,-1.3040842027539612,1.9122448568459165
1768918262.4276953,-1.4380441070141003,-1.2952861323604332,1.9353906629937097
1768918262.4478495,-1.4682072951874225,-1.3076774731725942,1.9661264037402653
1768918262.467955,-1.4984856048792032,-1.3201079521725874,1.9970338288119944
1768918262.487663,-1.5182805171853495,-1.2864280062316074,1.9899931517675233
1768918262.5077374,-1.5342663595711379,-1.30070697432651,2.0114203675943267
1768918262.5275993,-1.5634481571761647,-1.3120776428627503,2.041058029816354
1768918262.547658,-1.5876728807444245,-1.313804270452266,2.0607733590353674
1768918262.5677142,-1.6168901467659502,-1.3250427806139125,2.0904717451249764
1768918262.58762,-1.647075204245649,-1.3469861764771087,2.1277284808126407
1768918262.6076734,-1.6763233950105985,-1.3584541460751345,2.1576509893049387
1768918262.6276243,-1.6502904240419518,-1.3870081211805334,2.155748132761645
1768918262.6479814,-1.6789916720133,-1.3989792846450666,2.1854418485871543
1768918262.667777,-1.6637796847074142,-1.335257182555623,2.133324771995929
1768918262.6876438,-1.6908098880308415,-1.3454960482126272,2.160832638872956
1768918262.707772,-1.494297667856408,-1.4181112170682368,2.06008857676942
1768918262.72779,-1.5129485730005356,-1.4302850363486068,2.0820011214567327
1768918262.7477906,-1.536250197400605,-1.4419359667773977,2.106951352380891
1768918262.7677817,-1.4683253297455927,-1.490216742354108,2.0920624305132467
1768918262.7876503,-1.4898047320318781,-1.5025384270952291,2.115925297472097
1768918262.807688,-1.62137130047617,-1.4039143155943412,2.144719165657479
1768918262.8280418,-1.6451223612347334,-1.414203348191739,2.169423585534017
1768918262.8477356,-1.6685721687663317,-1.424300257122841,2.1938013366806417
1768918262.8677814,-1.653782932611925,-1.4586351355883673,2.205133657393899
1768918262.8876808,-2.3879361043835488,0.18696140503772174,2.395243913590463
1768918262.9075923,-2.424000948106684,0.20859640992360706,2.432959732230503
1768918262.9277122,-2.5661205078750307,0.36237335082133093,2.591580387779296
1768918262.9476936,-2.604648228114801,0.38655227397708813,2.633175849186383
1768918262.967837,-2.7692808898417063,0.38186100742816054,2.7954846584870614
1768918262.9876103,-2.809610776124895,0.4053989587368565,2.838707633600555
1768918263.0076587,-3.1337490153158853,0.4393279579063336,3.1643944042409493
1768918263.0279877,-3.180709200310311,0.46343728729884504,3.2142938783187778
1768918263.0477831,-3.1363496717164843,0.4164072536339736,3.163871720559335
1768918263.0678017,-2.9159144005972237,0.3863117266113292,2.941393129407848
1768918263.087602,-2.9553428784516917,0.407562267193865,2.9833133477486626
1768918263.1076596,-2.9950043885808277,0.42901703548822945,3.025575466643912
1768918263.1276176,-3.19669045151527,0.418800464884141,3.224007393322179
1768918263.1476188,-2.940899503932247,0.32463460897981444,2.9587628363179794
1768918263.1680439,-2.977404137402022,0.3456242175954156,2.997397453993568
1768918263.1877024,-2.9356188023376326,0.35588687160329613,2.957112310687205
1768918263.2076728,-2.967021391667167,0.38151760862046746,2.9914497529288457
1768918263.2275827,-3.0010049345267475,0.4029895591070145,3.027941743462571
1768918263.2476678,-2.990811367629533,0.35593950474976777,3.0119172577917124
1768918263.2679656,-3.0690292937600603,0.3848324543216637,3.0930626931662104
1768918263.2878122,-3.0982732290900685,0.4145841343844634,3.1258881948303134
1768918263.3077285,-3.0615131390374586,0.42973929269707933,3.091526897859176
1768918263.3277261,-3.088711213213486,0.4626331359618321,3.123166082218588
1768918263.3477466,-3.153445180123736,0.44264408788183496,3.1843602642575424
1768918263.3683496,-3.217542410232845,0.46718977933732386,3.251283662119355
1768918263.3877633,-3.245643173855985,0.49935071267862696,3.2838317171028426
1768918263.4077723,-3.286205011957456,0.47379237506507255,3.320184120690313
1768918263.4277475,-3.313354047908785,0.510776267552439,3.3524927206913264
1768918263.447921,-3.339209053159319,0.49174710660499876,3.3752232989175015
1768918263.4677234,-3.36385073237879,0.5331647260030707,3.4058415075835886
1768918263.4876733,-3.4227588436643117,0.5384500647350077,3.464853037878431
1768918263.5076597,-3.442977382384022,0.5942175061359072,3.493878604102654
1768918263.5277274,-3.5157811569130146,0.5908190658301937,3.565078443997141
1768918263.5476625,-3.5459448925651778,0.62250475086016,3.600171849502818
1768918263.5678117,-3.572334233627661,0.7148925227277265,3.6431638991129867
1768918263.5877082,-3.5935373181791803,0.7712179173034266,3.67536223155164
1768918263.607766,-3.6178582719061545,0.8207844433187343,3.7097958943847344
1768918263.627606,-3.636486776405146,0.840171805295781,3.7322814386623446
1768918263.6476066,-3.8916689066524626,0.9149230302482878,3.997770757595323
1768918263.667698,-3.915445693131563,0.9800697426528462,4.036242271757993
1768918263.6875277,-3.639790396434581,0.8262209520393586,3.732387331396117
1768918263.707597,-3.6644788578159684,0.8687125969743583,3.7660412737411892
1768918263.7276804,-3.751024933238483,0.8227104492736177,3.840187564835963
1768918263.7477875,-3.7763566864515674,0.8652396123083808,3.874210811251115
1768918263.7675958,-3.7982801120019154,0.9353024538713917,3.911741618441475
1768918263.7876494,-3.8103746371372864,1.018357234111654,3.9441103346137067
1768918263.8084981,-3.8436885972863912,1.0757114384098876,3.9913778487679283
1768918263.8275955,-3.8776426947509783,0.9969431879753108,4.00374931635411
1768918263.8476636,-3.904505337912134,1.0363773105758414,4.039707893358226
1768918263.8678463,-3.9067318989655604,0.9704763025493355,4.025466231904683
1768918263.887801,-3.930524074269762,1.0165482730101019,4.059850968911789
1768918263.9075508,-4.1234169606096955,1.0146345998587325,4.246416230455299
1768918263.9276335,-4.150404398039669,1.0617544239869527,4.284061055134822
1768918263.947586,-4.179740052738868,0.9840804207177003,4.294023891748792
1768918263.967564,-4.201401806648704,1.0469098468357982,4.329872673452737
1768918263.9876263,-4.227941708412914,1.0948122196003434,4.367391084609179
1768918264.007686,-4.198206263279896,1.2290820877584778,4.374423231409061
1768918264.0276124,-4.225132685628051,1.3004965446088335,4.4207507816774765
1768918264.0477512,-4.260854122094095,1.3170674168844476,4.4597695490221145
1768918264.067609,-4.2882509425549635,1.3411332003029885,4.493076274366869
1768918264.0888271,-4.355842744815561,1.2518696128223494,4.532167643089821
1768918264.107644,-4.369595901516529,1.3426050903339615,4.571209552311151
1768918264.127875,-4.396107272942476,1.3958431428929083,4.612389536322674
1768918264.147619,-4.480389954936875,1.3102418133184814,4.668043247193341
1768918264.1677034,-4.386590473414483,1.1451790794259327,4.53360905961305
1768918264.1877298,-4.411457644288863,1.1946310393549715,4.57035030031014
1768918264.2080247,-4.444462550934151,1.276982023588987,4.624276208794791
1768918264.22809,-4.462170961138593,1.3610352193253519,4.665124495088263
1768918264.247614,-4.273219423008413,1.3336824041606428,4.4765067845747835
1768918264.2677126,-4.281728518765469,1.4426093376229732,4.51822097837263
1768918264.287612,-4.28996888758887,1.3560933251030143,4.499202391854521
1768918264.3075628,-4.2959413485342886,1.4791894286656908,4.543469317154341
1768918264.3278613,-4.28014269885745,1.3650699829183561,4.492553570170028
1768918264.3476157,-4.285673444896609,1.4907242176599569,4.537538492333686
1768918264.367699,-4.223037640244211,1.4066434114887452,4.45114508840187
1768918264.3879132,-4.240215301134107,1.4719713699321075,4.488443551374085
1768918264.4078128,-4.166636867211793,1.3880641620012164,4.391763302028086
1768918264.4278364,-4.186615500878876,1.4278207355190955,4.423394782853727
1768918264.4478078,-4.10575807471011,1.5284123847492364,4.381015154721804
1768918264.467651,-4.468527576346371,1.4233624594354182,4.68974406460502
1768918264.4876974,-4.498815841728053,1.4358700367604045,4.722400527300667
1768918264.507849,-4.509726194147397,1.5699723364683158,4.775190413319133
1768918264.5280762,-4.282096119361029,1.5147431044004684,4.542113368001238
1768918264.5476656,-4.528742908753202,1.4692128723198028,4.761102687169498
1768918264.5679262,-4.546717331845027,1.5777594838226845,4.812687760959814
1768918264.5877607,-4.59876430810337,1.4862912217241542,4.832979904495749
1768918264.607784,-4.623777265187869,1.5519467698000975,4.877279464451587
1768918264.6275742,-4.678604723199381,1.5045079548629205,4.914558611125659
1768918264.6477466,-4.708386912394051,1.540405415938304,4.9539636819677675
1768918264.6675792,-4.369491773160981,1.3971451267895159,4.587425515584224
1768918264.6876378,-4.389502230209356,1.4615252865659967,4.626422591191246
1768918264.7076592,-4.407134606493258,1.476679247737076,4.647947615931985
1768918264.7276618,-4.427731187852373,1.5430267472528856,4.68889486069142
1768918264.7478833,-4.457350163044165,1.5165822951591954,4.708289746179623
1768918264.768026,-4.402119307341284,1.4990187334336493,4.650345316129967
1768918264.787644,-4.378486514257993,1.4818203120730313,4.622438273553399
1768918264.8079743,-4.393566274324904,1.6280440625829478,4.685504463405921
1768918264.8276265,-4.795696737811976,1.5522930173341987,5.040666703197599
1768918264.8477185,-4.623673965866626,1.4316899786143011,4.84025796187532
1768918264.8676603,-4.651363515805844,1.478688823845415,4.8807482207070505
1768918264.8875616,-4.873828059808517,1.377771546241136,5.064825208258282
1768918264.9079142,-4.905756049442537,1.5067023641001827,5.13191917615887
1768918264.9276664,-4.716147487336002,1.4200639625507225,4.925304942847797
1768918264.9476912,-4.74722422395967,1.4637485249381967,4.967765853661808
1768918264.9679384,-4.566706615798584,1.347027616143154,4.761228067781553
1768918264.9877503,-4.594121909926006,1.337380460904277,4.784824199536563
1768918265.0076814,-4.558546572841319,1.4634742187146204,4.787703379033177
1768918265.0283651,-4.586786034372331,1.4708656567144276,4.816850828623927
1768918265.047661,-4.984301208589628,1.4346019435103496,5.186650294194867
1768918265.0679266,-5.021406969989872,1.4588632517736633,5.229035278676029
1768918265.0879068,-5.029514455941261,1.4379489357036865,5.231033626752315
1768918265.1076732,-5.075669936896002,1.591444862563442,5.3193159389990585
1768918265.1277714,-5.1166538160203565,1.6346609012354714,5.371430213176342
1768918265.1478448,-5.119987700324501,1.302800246397652,5.283139458076794
1768918265.1676502,-4.7258852234666655,1.3635101630921334,4.918653383827337
1768918265.1877785,-4.7056649452546075,1.2138427816214916,4.859701315460925
1768918265.2077138,-4.747125486421904,1.3063486009956335,4.92359086959504
1768918265.2280583,-4.671415763436489,1.2016395708506629,4.82349073733091
1768918265.2477937,-4.713653938367184,1.2954110687374225,4.888417257936549
1768918265.2677882,-4.7472905154450125,1.3114059778080183,4.925094199775755
1768918265.2876973,-4.6400137870346825,1.248271009399632,4.804987872698485
1768918265.3076658,-4.981657891801014,1.1510658136525649,5.112911876641623
1768918265.32771,-5.03095822384817,1.2229621023006683,5.177468199204048
1768918265.3477116,-5.082177803252009,1.2960311803731628,5.244828695426274
1768918265.3677514,-4.79538122083957,1.2266519591766567,4.949783437902383
1768918265.3880916,-4.804825442412202,1.237231011490822,4.961561055539498
1768918265.4076002,-4.878331055146077,1.4347498777194279,5.084940618652154
1768918265.4276392,-5.063209052320463,1.2257654808900789,5.209470886917554
1768918265.4476612,-5.13907006571597,1.380406556276073,5.3212370179261805
1768918265.4677558,-4.635365355336926,1.0428938595877124,4.751235584542571
1768918265.487649,-4.702359829632698,1.1730793389575283,4.846473264429743
1768918265.5076935,-4.738978795302678,1.1792550686275085,4.883499005755207
1768918265.5276296,-4.693874181602471,1.1873382540331594,4.841717356703588
1768918265.5477674,-4.699379034720021,1.1585156501107612,4.840074567970791
1768918265.5676916,-4.73675048150465,1.1645457285161989,4.877804001581025
1768918265.5875838,-4.68619393136062,1.094112612599723,4.8122235994777816
1768918265.6077297,-4.703620305477223,1.0333627696623005,4.815795115224669
1768918265.6276405,-4.671598790394164,1.1321034828036574,4.80681740387425
1768918265.6477695,-4.68092646364877,1.0510967395187532,4.797486520451551
1768918265.667598,-4.650905082525405,1.1290810440023034,4.785994368006087
1768918265.6879687,-4.658959197423311,1.0478900926177168,4.775350714812643
1768918265.7075682,-4.680719930055858,1.2606293672314326,4.847507139257088
1768918265.727961,-4.752183990450693,1.355922703978944,4.941839643114843
1768918265.7475836,-5.0902269972753444,0.9544377857156139,5.178934482168364
1768918265.7676249,-5.0667375010318985,0.7497783882766882,5.121913366691178
1768918265.7876463,-5.151075619353165,0.832954073091372,5.217987401687943
1768918265.807776,-4.745907200494784,0.8164670304574635,4.815625978783264
1768918265.827606,-4.8367607096219665,0.9230549191999593,4.924051639250145
1768918265.8477154,-4.864886105567624,0.8844767980755481,4.94463507515761
1768918265.8676362,-4.9086069209910335,0.8783479983483868,4.9865736845055935
1768918265.887644,-4.9638291592046535,0.8946541260578744,5.043808672723694
1768918265.9076846,-4.87342788153796,0.8486900789799421,4.9467741172111905
1768918265.9277325,-4.921263645535365,0.8928158885461883,5.00159535345559
1768918265.9480643,-4.943392534369664,0.8388987209287233,5.014068289606513
1768918265.9677489,-4.919798701153269,0.6999818847494215,4.969345419554445
1768918265.9881854,-4.999783225625354,0.7560072543614353,5.056617374479879
1768918266.007619,-4.946798625639339,0.8190089800449485,5.014139243381811
1768918266.027752,-4.9919547507521145,0.8071449233965691,5.0567870393088
1768918266.047639,-4.978387123167181,0.7154300440835151,5.029530643717576
1768918266.0677068,-5.0371075242621295,0.7227772178313021,5.088699157701712
1768918266.0877972,-5.0654755032618155,0.6469161263254879,5.106617525196646
1768918266.1076667,-5.015495776637,0.4433900992107169,5.035056371634946
1768918266.1277564,-5.11660634119184,0.5050776060228586,5.141474869998912
1768918266.147819,-5.113312644546703,0.3825576763044438,5.127603395016101
1768918266.1676576,-5.160211724393577,0.3507544575841628,5.172118882052509
1768918266.1876626,-5.121949420280014,0.34913117637183433,5.1338346722719415
1768918266.2077174,-5.183552453006566,0.33653607852832934,5.194465570703267
1768918266.227854,-5.126066519736344,0.37636737699424216,5.139864819937135
1768918266.247609,-5.17308305060773,0.34430862442599874,5.184528587763703
1768918266.2676036,-5.220684816157679,0.31022445286237854,5.22989380014672
1768918266.2876885,-5.316576855306852,0.1992175267982006,5.320307987454118
1768918266.3076608,-5.437877598432134,0.21679495122219805,5.442197426261333
1768918266.3277748,-5.521803832677371,0.2174514604027742,5.526083848821134
1768918266.3480408,-5.480071688960457,0.1415114067039731,5.481898502742755
1768918266.368751,-5.404233215158197,-0.1374775202494618,5.405981567892462
1768918266.3876638,-5.489309909849734,-0.14040666929844647,5.49110529121032
1768918266.4078577,-5.482244460674764,-0.17796076428281893,5.4851321187573285
1768918266.4277558,-5.549697655240337,-0.21077191898671188,5.553698665431303
1768918266.4484487,-5.270090547678798,-0.02626198039791916,5.270155981785344
1768918266.4677944,-5.4058921311198915,0.02023090429762675,5.405929986856346
1768918266.487641,-5.305491913984689,-0.1961045425309038,5.309114939512816
1768918266.5077753,-5.42329340975553,-0.18016452618508083,5.42628516250236
1768918266.5275538,-5.352797520030741,-0.28479233232998524,5.360368267479503
1768918266.54758,-5.5105144535401145,-0.23632316484888705,5.515579587035138
1768918266.5676117,-5.491328602520166,-0.422073305343428,5.507525369523014
1768918266.5876703,-5.594589082899834,-0.4359106930889993,5.611545699613551
1768918266.6076207,-5.753670372062306,-0.6484289424335365,5.790093509066418
1768918266.6275866,-6.021780042904073,-0.5318177329488272,6.045218357197415
1768918266.6476882,-6.03329618638967,-0.6388219287830772,6.067022031392194
1768918266.667875,-5.995960905809053,-0.7838333429937521,6.046977914097196
1768918266.6877563,-6.061503557926734,-0.8641835033780758,6.1227966249312304
1768918266.7076013,-6.258191767990777,-0.8330478256375713,6.313393135608379
1768918266.727606,-5.825891514192172,-0.8532552829159883,5.8880435216598395
1768918266.7490706,-5.928510386203126,-0.9021187470806176,5.996753591165193
1768918266.7675931,-5.798918457103561,-0.9421904876685652,5.874961973254761
1768918266.787873,-5.708122488235329,-0.9364304787341915,5.784424291336195
1768918266.8076103,-5.769825439120478,-1.0051916853610408,5.856730822074785
1768918266.827638,-5.524261865244618,-1.0646388398816562,5.625915482406442
1768918266.8476155,-5.537418299780484,-1.165248444622339,5.658692902467721
1768918266.8676267,-5.528688542957401,-1.0027934616259344,5.61889595309507
1768918266.88768,-5.696708470330567,-1.00827673918905,5.785249292703447
1768918266.9076355,-5.73344516061897,-1.3856510319568436,5.89851016716833
1768918266.928118,-5.926408524328831,-1.3960294966793043,6.088613664278274
1768918266.9476023,-5.68066106578522,-1.4200641934607603,5.855466886412852
1768918266.9678047,-5.8271405328914945,-1.458471523617476,6.006888210652005
1768918266.9875836,-5.48460232950368,-1.4131875074037943,5.663740958401906
1768918267.007832,-5.556901521289596,-1.4884572604523818,5.752795801478098
1768918267.0276716,-5.655367868277814,-1.5516192839961676,5.864359140436227
1768918267.0477736,-5.662762466197357,-1.4242819802829345,5.839131605635572
1768918267.067625,-5.532524856043295,-1.5757566921651396,5.752550776450401
1768918267.0888789,-5.671289586891472,-1.632099018781446,5.901463613841146
1768918267.1078615,-5.593983093519981,-1.5764152392787665,5.811861307465768
1768918267.127975,-5.712981440392056,-1.639440984836206,5.943561531693334
1768918267.1476593,-5.531906334122958,-1.6966629571921175,5.786246873390177
1768918267.167742,-5.524760820889885,-1.8109305702364153,5.813987586696127
1768918267.1877563,-5.335347054564089,-1.8317391631759001,5.641027969666348
1768918267.2079794,-5.273852580921318,-1.8917240293014856,5.602868983683903
1768918267.2276769,-5.413075441410566,-1.9521138045722175,5.754314384911865
1768918267.2476559,-5.334938437536003,-1.9343965786502864,5.674809094215683
1768918267.2676654,-5.496555974256715,-1.9949956323275302,5.8474041378327115
1768918267.2876115,-5.337494943103941,-2.0711795189944766,5.7252630391591905
1768918267.3079383,-5.494683520600741,-2.1427352233325827,5.897699655702339
1768918267.3276055,-5.284469663371201,-2.2243654063007554,5.73353478090419
1768918267.3475902,-5.465193623657456,-2.2959849496656766,5.927890706917378
1768918267.3676677,-5.231317392113031,-2.3394709346074762,5.73060257834178
1768918267.3875966,-5.281865096525369,-2.4439365214768536,5.819873247666252
1768918267.4080617,-4.94271417995817,-2.2735765789339517,5.440549046285363
1768918267.4276206,-4.96480161638782,-2.3778722293467673,5.504864342487077
1768918267.447736,-4.877253968570258,-2.263760492417944,5.377008261195687
1768918267.4677148,-4.844937041190846,-2.3780906054278788,5.397103840091225
1768918267.4880452,-4.7983751198221505,-2.2390482375448073,5.295067591691417
1768918267.5077448,-4.7936797095863675,-2.343694626346643,5.335941309615968
1768918267.5275989,-4.924940044814829,-2.1474117946273346,5.37274714282417
1768918267.5480773,-4.812222877415355,-2.2539947332045003,5.313942159944286
1768918267.5676842,-4.832694835840687,-2.352788656777303,5.374993380444407
1768918267.5879722,-4.7860616185828775,-2.6641769003295828,5.477611192218912
1768918267.6077406,-4.85801510602025,-2.7627911556481983,5.58867835360462
1768918267.627919,-4.676739964591231,-2.557646499073723,5.330427028918871
1768918267.6477203,-4.847520622389444,-2.645246628137283,5.522298969465761
1768918267.66775,-4.572497279302869,-2.6576240638598776,5.28873302729862
1768918267.6876495,-4.764318772394326,-2.749499973810714,5.500771170570004
1768918267.7076235,-4.387499149150564,-2.6139061917669473,5.107118009519117
1768918267.727975,-4.490981192356463,-2.716453115091088,5.248621685412996
1768918267.7476516,-4.4213065030810235,-2.9022450765344523,5.288759559523861
1768918267.7676308,-4.524526273735123,-3.011459811409992,5.435092289690851
1768918267.7876766,-4.5244031842365295,-3.1252762947105595,5.49887043780897
1768918267.8078372,-4.515323956624858,-2.9472134960086933,5.3920513558687615
1768918267.8276098,-4.425235916177511,-2.9633272316708243,5.325788316839986
1768918267.8476322,-4.476449103919004,-3.07349362333078,5.430005491031498
1768918267.867723,-4.477525303996673,-2.964348886155321,5.369878691998618
1768918267.8877778,-4.603978763983097,-3.0780699995971545,5.538152704794926
1768918267.9076872,-4.454806668671528,-3.1646191624519453,5.46444113323571
1768918267.928291,-4.570991879827954,-3.289129556409378,5.631371059013857
1768918267.9476514,-4.526852258520515,-3.2206860535813995,5.555646679389
1768918267.9689806,-4.455748032746426,-3.33654943550896,5.566529678975835
1768918267.9877007,-4.224134681885454,-3.2634173081189175,5.337902803314955
1768918268.0077603,-4.308319941734494,-3.3884187569537225,5.481149732749775
1768918268.0277236,-4.082658419972153,-3.3162791794144795,5.259829595147307
1768918268.0476184,-3.953587012768855,-3.2779550302966953,5.135741372789519
1768918268.0677917,-3.9298087085047495,-3.390053603409573,5.1899768707991365
1768918268.087682,-3.783532100812206,-3.292136961902653,5.0153046700875565
1768918268.1077383,-3.805817252193618,-3.41127961716672,5.110877966024204
1768918268.127628,-3.737942224001303,-3.213294755872738,4.9292469260619365
1768918268.1476896,-3.807643596774497,-3.3399352724828404,5.064910402409193
1768918268.1678224,-3.753524631415539,-3.4453869233726166,5.095060177308035
1768918268.1878042,-3.7264772739399525,-3.199346967844356,4.911461482476048
1768918268.2076905,-3.603362221137651,-3.210997916807081,4.826461117471214
1768918268.227734,-3.6606072881919403,-3.341137487681479,4.956132103763423
1768918268.247772,-3.6466983256636727,-3.455478463095737,5.023817282437401
1768918268.267599,-3.7340903919819493,-3.4787956285799595,5.103474314711395
1768918268.2876065,-3.553913812072686,-3.3682285080116827,4.896454499515299
1768918268.3075964,-3.6457599522759683,-3.5154748788550094,5.064595665349793
1768918268.3276098,-3.3706584369333825,-3.422943362021474,4.803944166835941
1768918268.3479555,-3.251887298161659,-3.5057664879270263,4.781753827605237
1768918268.367766,-3.3599700447288434,-3.4349454491068165,4.805023302733794
1768918268.3880591,-3.183911985555497,-3.3978599793153528,4.656473770010615
1768918268.4076574,-3.20061785916589,-3.519944650896516,4.757516686863709
1768918268.4279723,-3.0358896377698716,-3.5833558024029912,4.696494937645911
1768918268.4478104,-3.3447427830148495,-3.3921776100364056,4.7638401760094995
1768918268.467693,-3.2180886778491757,-3.5640454548141243,4.801928231708828
1768918268.4876494,-3.2477236947002712,-3.696920301655471,4.920866683208351
1768918268.5075972,-3.00209255456143,-3.463496627421563,4.583488692504184
1768918268.5277598,-3.0006263658610184,-3.5854297792688925,4.67536793092998
1768918268.547616,-2.9978146791809337,-3.7093043003877213,4.769258982649981
1768918268.5676167,-2.9119074559541014,-3.5356857947244933,4.580423459796884
1768918268.5876324,-2.8273693481588884,-3.634852208188363,4.605015527257236
1768918268.6076798,-2.757728195649497,-3.729755943410016,4.638549794761566
1768918268.6276186,-2.853963712817471,-3.6553076563467073,4.6374974864279705
1768918268.647659,-2.7265650001916972,-3.7191760852685007,4.611553691924608
1768918268.6676154,-2.7456040336042618,-3.618177262423771,4.541976245167335
1768918268.6875908,-2.6599017825107882,-3.699278485374794,4.556285636893379
1768918268.7077258,-2.681371024446257,-3.532387412994474,4.434806805963678
1768918268.7276514,-2.6746754497083653,-3.651479049262459,4.526277500162282
1768918268.7476597,-2.6215485331596273,-3.5685541362370437,4.427989988128463
1768918268.768658,-2.603970409266733,-3.6887996416986724,4.515296744283039
1768918268.7876446,-2.6062254648753953,-3.6341127203162884,4.472044995047526
1768918268.8080351,-2.609749267968981,-3.7655254773919857,4.58148156850519
1768918268.8279037,-2.320833775418416,-3.622761776596789,4.302403084683445
1768918268.847609,-2.3901210782349267,-3.5524343462174564,4.281643207088645
1768918268.8678184,-2.3334888383978187,-3.646285144508564,4.329037481241187
1768918268.8877616,-2.1765318552431125,-3.6345870704458783,4.23645064759881
1768918268.907705,-2.18612668045838,-3.7771563926286866,4.364179221501762
1768918268.9278464,-2.156165457597222,-3.8978457741169663,4.454464183191614
1768918268.947679,-2.1873628978546753,-3.5877592048047653,4.201972460472882
1768918268.9676065,-2.155074338556328,-3.6450506157346467,4.234470379630907
1768918268.9876866,-2.073943111513457,-3.723579743798876,4.262192644428853
1768918269.0078118,-2.1060650274664097,-3.5515640697990207,4.129057669953821
1768918269.0276392,-2.0115860420130565,-3.6141134112763424,4.136217372671469
1768918269.0476246,-2.104243962686361,-3.8644132099580126,4.4001741001692185
1768918269.067917,-2.040645144933988,-3.957111342891121,4.452298595959196
1768918269.0876422,-2.0905048469672005,-3.8780687574756456,4.4056359135659475
1768918269.1080575,-1.7996543994351382,-3.7532925590037323,4.162446515077285
1768918269.1277714,-1.7776790672985499,-3.8795242258889466,4.267417378880425
1768918269.1476314,-1.691407132932515,-3.8212929920899015,4.178891984812527
1768918269.1676767,-1.6592768649780316,-3.9445826677650615,4.279361183340787
1768918269.1882184,-1.554933194735721,-3.795544578811903,4.101704022700743
1768918269.207634,-1.465408274823809,-3.8608808513650317,4.12962738759313
1768918269.2277377,-1.3540862057734415,-3.9121025601701085,4.139818340695088
1768918269.2480407,-1.594275457423822,-3.812258302736712,4.132194042022825
1768918269.2676086,-1.4855044366926857,-3.7591813362840156,4.0420499440877435
1768918269.287883,-1.4299872040043589,-3.8576974026706203,4.114206199765375
1768918269.307723,-1.3871301376776164,-3.9692222356715625,4.2046230716918105
1768918269.327606,-1.4905599475100972,-3.783849451056504,4.066852053539926
1768918269.3476744,-1.3930467129679673,-3.7128173872682524,3.965550667399461
1768918269.3675632,-1.3431796553806583,-3.814779823450749,4.044338844364482
1768918269.3878753,-1.3316365986204959,-3.7284170651166555,3.9590844702075576
1768918269.4076216,-1.3477582932039218,-3.9045072634959404,4.1305725254003836
1768918269.4276867,-1.186795539407059,-3.7161336458543666,3.901042543501334
1768918269.4475796,-1.1162382584476522,-3.7973521001318815,3.958013494418413
1768918269.4678943,-1.1543183582709888,-3.7464887666956734,3.9202842946932175
1768918269.487733,-1.0534997007979658,-3.7878846089902964,3.9316575932559252
1768918269.5077517,-1.1631903133882444,-3.683401905585601,3.8627012961439147
1768918269.5277145,-1.0025670696542173,-3.648816939132704,3.784046218594165
1768918269.547827,-0.923182168780809,-3.719463355242528,3.8323195283988056
1768918269.5677419,-0.9348889743797466,-3.66175636613681,3.7792164636813634
1768918269.5876336,-0.8533770782461643,-3.7282055360629016,3.8246266427987488
1768918269.6078153,-0.9163150369877566,-3.657586552570123,3.7706196621446284
1768918269.6278858,-0.8142078114992608,-3.6954378728117305,3.7840712773569294
1768918269.647758,-0.9315338960768689,-3.603060974901261,3.7215324516113757
1768918269.6676986,-0.8235529169344558,-3.6256763265109164,3.7180328443429524
1768918269.687595,-0.7068507283062422,-3.63613738148986,3.704204774195806
1768918269.7079022,-0.7756304383719348,-3.4729135055351215,3.5584730986558384
1768918269.727648,-0.7652246230811874,-3.6092075051167463,3.6894372929704056
1768918269.748328,-0.6808409210301922,-3.511452144882508,3.576847847693442
1768918269.7675858,-0.6412980272376638,-3.633594938810681,3.6897527476904894
1768918269.7878175,-0.4979573215983937,-3.5934937125055058,3.627831109071927
1768918269.8076684,-0.7508032738386405,-3.591345841749259,3.668987668425245
1768918269.8277316,-0.6566350520770183,-3.6271064733316543,3.6860644270686014
1768918269.8476503,-0.5663084746568174,-3.5095257249341927,3.5549227983801566
1768918269.8682573,-0.5068548427171805,-3.4323433772778422,3.4695652308508227
1768918269.8876858,-0.4186773652529958,-3.4733026602964223,3.498445670036537
1768918269.9082074,-0.49559554980151055,-3.4531845016302327,3.4885667760962096
1768918269.9276652,-0.40112920766006166,-3.4802514008638106,3.5032919453640323
1768918269.9477284,-0.37443342104111776,-3.4417589096436707,3.4620665474401475
1768918269.967614,-0.29342794695586094,-3.504572454750665,3.516834947883087
1768918269.9877641,-0.34121556682396625,-3.4528929375315656,3.4697114723127003
1768918270.007602,-0.23711179480759936,-3.4621172540866674,3.470227353399412
1768918270.0278897,-0.21383454437487548,-3.40989714368102,3.4165953437379715
1768918270.047758,-0.11422377998663769,-3.4271279468158404,3.4290309178776144
1768918270.0676455,-0.0022344197570778324,-3.4148067073887702,3.4148074384156692
1768918270.0876062,-0.2581841385102366,-3.481258344804667,3.4908192036612844
1768918270.107616,-0.16666023695475185,-3.40111337006776,3.405194236843985
1768918270.1276298,-0.09062603017282805,-3.47036974740411,3.4715528601826806
1768918270.1478033,-0.06757654461604057,-3.369854568025559,3.3705320646783603
1768918270.167609,0.014053698631143363,-3.4244715252696345,3.4245003626555146
1768918270.1876512,-0.06453847950842656,-3.3075144941053054,3.3081440936050432
1768918270.2078533,0.028559903382720797,-3.3284179278019863,3.3285404564455723
1768918270.2276368,-0.016086246565283346,-3.4564003788543474,3.4564378117178722
1768918270.2482135,0.08793455310072068,-3.4433853848122666,3.4445080046311034
1768918270.2680202,0.12919861573532,-3.381209968353323,3.383677456909834
1768918270.287937,0.11262090324858154,-3.4464471809677484,3.448286768679349
1768918270.307655,0.2137274595141847,-3.426061250259483,3.4327212408641574
1768918270.327706,0.24731159183245588,-3.364633078683436,3.3737099427226225
1768918270.3477547,0.3396679415681123,-3.3802497884829172,3.3972728685031948
1768918270.3678427,0.26075075573591566,-3.3569049846828936,3.3670167853465935
1768918270.3883035,0.3568731672091422,-3.3600016740826018,3.3789006654993234
1768918270.407609,0.2574939640834387,-3.399522837746712,3.4092607213149395
1768918270.4276488,0.34610751123597744,-3.415750505285141,3.433240731974625
1768918270.4479923,0.44414015491312175,-3.394721070064108,3.4236517960714776
1768918270.4676673,0.5017887700849244,-3.3180142171277183,3.3557428856879077
1768918270.4875982,-0.28647059170599565,-1.3086904334182368,1.3396775919723356
1768918270.5080228,-0.20340769815954568,-1.2388540918381707,1.2554418156707796
1768918270.527595,-0.3401862274011782,-1.1106930742411638,1.1616220445914125
1768918270.547911,-0.3628714300626226,-0.9991946817848731,1.0630454773258136
1768918270.567641,-0.29085098010369637,-0.9531448722701068,0.9965337125065459
1768918270.5876293,-0.5193228343911874,-0.8010538095437791,0.9546640310102281
1768918270.6076338,-0.4485374286438213,-0.7316462936893053,0.8581911931287272
1768918270.6276748,-0.3745219965358267,-1.0049661350488623,1.0724848057125238
1768918270.6477976,-0.3038459007470776,-0.9511028341721204,0.9984582778318996
1768918270.6676383,-0.39937240638637655,-0.9409033040608268,1.0221532891770322
1768918270.687634,-0.33243936417324643,-0.8970500793840266,0.9566685819942039
1768918270.7079775,-0.6245881972571854,-0.5712557538288916,0.8464298863081312
1768918270.727661,-0.5629304409602394,-0.5053781782263389,0.7565036578808213
1768918270.7477224,-0.5111670778604849,-0.7987757132441793,0.9483324425311909
1768918270.7676036,-0.44714344232603337,-0.7222909362428709,0.8494948231706758
1768918270.787654,-0.43988122324572904,-0.7154763914428965,0.8398821091536048
1768918270.8078578,-0.37612212121927546,-0.6386850910262201,0.7412061086969388
1768918270.8276687,-0.3142624807390221,-0.5816185306145663,0.661090781931265
1768918270.8480165,-0.5653529404744976,-0.5214161295988227,0.7690895445323497
1768918270.8676062,-0.504439060872115,-0.7278153606728281,0.8855359763244294
1768918270.8877199,-0.44555311260054364,-0.6453728700538175,0.7842344786793898
1768918270.907625,-0.5683475734685395,-0.6518475487907587,0.8648261045621237
1768918270.9278047,-0.5033776200999829,-0.6051183250977097,0.7871195689262084
1768918270.9476275,-0.4481244117097245,-0.566300491176646,0.7221576937740796
1768918270.9677246,-0.45807326463635095,-0.6456910334416062,0.7916741921027196
1768918270.9878142,-0.4029370135055218,-0.5873939995760811,0.7123130966020028
1768918271.0076818,-0.4583228265144593,-0.6416997268903231,0.788567278547188
1768918271.0276344,-0.4057159432757503,-0.5782459984230286,0.7063808189074623
1768918271.047996,-0.4298484381423421,-0.5744690359597495,0.7174847406390849
1768918271.0676625,-0.37877092367348153,-0.5191869537737883,0.6426682702525216
1768918271.0882063,-0.3263874904994597,-0.44403320732687135,0.5510846424674918
1768918271.1076086,-0.42815156089483164,-0.6511383897637568,0.7792913201882969
1768918271.1276803,-0.37985966432589935,-0.5790060643505139,0.6924892686074322
1768918271.147631,-0.41693839035267777,-0.6400678526268955,0.7638877386869665
1768918271.169082,-0.3789538858930458,-0.6463428499953743,0.7492430362529787
1768918271.1877759,-0.33201998040448455,-0.6132867878438972,0.6973936847517904
1768918271.207786,-0.28498770705053916,-0.545895766916507,0.6158085591377285
1768918271.2277014,-0.31773248858541064,-0.6280192111778167,0.7038196245566652
1768918271.2477214,-0.2708931976581067,-0.5713336246163703,0.6323015381562135
1768918271.2676241,-0.2819338113062521,-0.6384610696044639,0.6979392605077791
1768918271.2876055,-0.23808323463928144,-0.572315028091035,0.6198613699813413
1768918271.307538,-0.2767979712689572,-0.5985690796764747,0.6594710456444258
1768918271.3277154,-0.2333832128527567,-0.5384941336052087,0.5868932236520537
1768918271.3475158,-0.2293817233688863,-0.5806937252400068,0.624356610879389
1768918271.3678927,-0.18628634177453113,-0.5219138381041617,0.554163022527085
1768918271.387688,-0.20910005660972764,-0.5647234702194179,0.60219218816824
1768918271.4076562,-0.16736887858471716,-0.5131035732561386,0.5397106802787244
1768918271.4278202,-0.20635205751063374,-0.5561532598540211,0.5932011632533488
1768918271.4475968,-0.166588808927157,-0.5061319147206298,0.5328427032047448
1768918271.4675164,-0.19432751978879348,-0.5452031172918694,0.5788001589944805
1768918271.4877603,-0.1555007828611933,-0.49394259572195764,0.517841463518507
1768918271.5077848,-0.1822561767462681,-0.5254505353467476,0.5561614685128327
1768918271.527652,-0.14620998588262918,-0.4716605319489595,0.4938026097239403
1768918271.5478377,-0.11427710946612046,-0.5271697469506016,0.5394137557088186
1768918271.567646,-0.07910184759644695,-0.470916546652818,0.47751387016984886
1768918271.5878532,-0.10950169631126672,-0.5076760261587907,0.5193511038126578
1768918271.607622,-0.07585755379405279,-0.4529553056479205,0.4592634074060536
1768918271.6276982,-0.04176130091578628,-0.39788640607730485,0.4000719915156431
1768918271.6476111,-0.007740471337368715,-0.3428237299602319,0.34291110323285046
1768918271.667694,-0.056196293940911524,-0.49406282527180423,0.49724852817102505
1768918271.6877,-0.08168649662369298,-0.4096247387047285,0.4176902085153178
1768918271.7076583,-0.025544162509967827,-0.46386425970766254,0.46456706262118225
1768918271.7276387,0.006266770322728932,-0.41401931231803246,0.4140667378365163
1768918271.7476556,-0.036059598987455144,-0.46793504567159694,0.46932238562294853
1768918271.7676938,-0.005643132255027994,-0.41982147900395717,0.41985940405654576
1768918271.7875264,-0.057837625815624405,-0.4045310384649543,0.408644774885869
1768918271.8076737,-0.029049140325729528,-0.357157851979494,0.35833724866983907
1768918271.8279269,-0.013781591848996355,-0.4415589233257684,0.44177394110846346
1768918271.8475955,0.014356075085610598,-0.3976717567985091,0.39793080183252494
1768918271.8676362,0.016074443064515775,-0.4123697537577744,0.4126829309943432
1768918271.8875902,0.043955556800527484,-0.3688525901260853,0.3714624129254079
1768918271.9076004,0.009633091646708392,-0.4128278307441171,0.41294020667836073
1768918271.9278255,0.036766462820563894,-0.37048001141425146,0.3722998947701165
1768918271.9476585,0.035362580623339634,-0.398774376774357,0.4003392507363212
1768918271.9676304,0.06149434456597386,-0.35821084300132,0.36345090790547635
1768918271.9878595,0.056373437809820404,-0.3888312834575949,0.39289659133896565
1768918272.0076597,0.08158036838853794,-0.34992256157486246,0.35930649257357283
1768918272.0279386,0.10752890348965466,-0.31020961637509537,0.32831763762745264
1768918272.0479016,0.04374578159855458,-0.3599992024417862,0.36264737578864487
1768918272.0676374,0.06738380035060271,-0.3227444716602932,0.32970376178771704
1768918272.087748,0.048306927903107755,-0.3488110673156335,0.3521401993032143
1768918272.1075563,0.07116378154992242,-0.312741029587821,0.32073546014143095
1768918272.1275833,0.05141968140649422,-0.34081362526189984,0.344670728087118
1768918272.1476033,0.07378278546979616,-0.3058236778745176,0.31459819036411935
1768918272.1676593,0.06445356247022338,-0.3274749605419238,0.3337575639547927
1768918272.187693,0.08612958393871922,-0.29369042895257813,0.3060594277061339
1768918272.2076068,0.06145107094043317,-0.32376464566634944,0.32954480712519646
1768918272.2276378,0.08214906441341935,-0.29086286526946914,0.3022410878367888
1768918272.2479405,0.05882918369541151,-0.31711725865407203,0.32252787257932003
1768918272.267586,0.0784228439944607,-0.2858720986801657,0.2964338024989423
1768918272.2876985,0.06050287279360994,-0.3079218332777778,0.3138095808375317
1768918272.3079183,0.0800019620605738,-0.27696210521142106,0.2882851395002589
1768918272.3278797,0.06277172602661918,-0.3005845007410599,0.30706893635487326
1768918272.3476756,0.04952926968263471,-0.3094028925754184,0.313342142855587
1768918272.3677227,0.06752072125950065,-0.28073427340294543,0.28873998694757
1768918272.3876777,0.08554118906549457,-0.25202652067304676,0.2661478201099914
1768918272.4076188,0.062408711271685124,-0.2962799252579096,0.3027815076146908
1768918272.4276578,0.1308864010938015,-0.31760696721697457,0.3435191925002908
1768918272.4477494,0.14915742079239291,-0.29133626813384694,0.3272991862311847
1768918272.4676118,0.15039026199431954,-0.3148098752654569,0.3488875011624415
1768918272.4876766,0.16829305812546141,-0.2891886884901069,0.33459326198213857
1768918272.5076165,0.1882273893139889,-0.33577984542863604,0.38493850766588505
1768918272.5280366,0.20647570137330584,-0.31126003143425685,0.37351709790323273
1768918272.5476344,0.1749246849651857,-0.31115944338968404,0.3569577630767364
1768918272.5677543,0.19203771310482765,-0.2874482889945611,0.34569495527188826
1768918272.5877583,0.17372608853855714,-0.30449407243748894,0.35056724602916534
1768918272.6076992,0.18995665872122247,-0.28175758261367534,0.3398100462800255
1768918272.6276686,0.17367630554998298,-0.3267463756822391,0.37003601599164637
1768918272.6476402,0.18943128474055027,-0.30530574751557005,0.35929905525132744
1768918272.6677852,0.18980866913764705,-0.31378004373780044,0.36672230192326827
1768918272.68787,0.20516771343001988,-0.29311540970432226,0.35778545811734086
1768918272.7078197,0.18788119528461844,-0.32527732971669643,0.37563903520427877
1768918272.7281446,0.2027293054788703,-0.30551878394409826,0.3666618314504875
1768918272.7476058,0.20330582024506727,-0.32526069271071556,0.3835723853044874
1768918272.7677727,0.21787772980273162,-0.30609435867290813,0.3757185935715333
1768918272.7876744,0.2286232215074273,-0.33248616690569044,0.4035041865905146
1768918272.8078406,0.24312030654151656,-0.31437898053704316,0.3974187047137459
1768918272.8275807,0.23849638896531483,-0.326359620022858,0.4042166858641031
1768918272.8478165,0.2526947118392967,-0.30867003147247907,0.3989132809530994
1768918272.8675783,0.23558171008023032,-0.3432666978832728,0.41633011901616224
1768918272.8876345,0.20960882872753056,-0.3017551481247178,0.367412616141985
1768918272.9077659,0.22225122852484774,-0.28467226783056176,0.3611563493178532
1768918272.9278538,0.26251138158702364,-0.3363023099092626,0.42662802195007493
1768918272.9476094,0.27561971427503507,-0.3207415135553049,0.42289637668677155
1768918272.9675412,0.22811531193086776,-0.28908447347661514,0.36824778117806617
1768918272.9875934,0.24008618198562826,-0.27303065569535256,0.36357545809621195
1768918273.0076292,0.21712406125660483,-0.2977446161550006,0.36850334384622685
1768918273.0276005,0.22853318592480315,-0.28254635552179863,0.36340041288858116
1768918273.0476682,0.21646288755521004,-0.29478373574300143,0.3657234372409556
1768918273.067736,0.2272601844904944,-0.2801066668643113,0.3607033909966578
1768918273.0875862,0.21836915831090697,-0.2808843592208774,0.3557823949499706
1768918273.1076255,0.2288299258593287,-0.2664983768355622,0.3512613269700711
1768918273.1276033,0.26068278733352634,-0.3112273409286139,0.40597779908939874
1768918273.1480966,0.2716597808056076,-0.2980122926839872,0.40324975275642416
1768918273.1677444,0.26850987880967686,-0.32969613843950185,0.42520242087775856
1768918273.1880162,0.2790714986294079,-0.3328928104472002,0.43439443435050956
1768918273.207624,0.29162982842048224,-0.32655902349376476,0.43782274112905684
1768918273.227621,0.2983346703866925,-0.3363667625365778,0.449606688666967
1768918273.2476022,0.3099535892599927,-0.3270560066553845,0.45059611514583564
1768918273.2677426,0.31080089801681154,-0.3490239292455115,0.4673488005698017
1768918273.2878397,0.32413003487358916,-0.345058538414321,0.4734191318903172
1768918273.307623,0.33541240257811283,-0.36702839859298386,0.4972035047915011
1768918273.3280005,0.3523691524577777,-0.3714387311699916,0.5119870609859061
1768918273.3475635,0.30255513311686105,-0.3688768306758998,0.4770846096709241
1768918273.367614,0.3187790699687038,-0.37374630333783543,0.49122947255718385
1768918273.3875842,0.3269725303793554,-0.39103876582251296,0.5097277233961997
1768918273.4076107,0.3446217665741858,-0.39896640432396246,0.5271985904532599
1768918273.4276605,0.35139276616398885,-0.4172372249449712,0.5454940677882393
1768918273.4476407,0.36697314773625855,-0.4210205878241915,0.5585048133465688
1768918273.4677274,0.37388877141665555,-0.438704534274013,0.5764151991264932
1768918273.4876566,0.38890636367659553,-0.4416574016593007,0.5884806030351359
1768918273.5076532,0.3873616768914811,-0.446736124483353,0.5912886212693308
1768918273.5277872,0.4098894377338185,-0.46530581664969795,0.6200958427322248
1768918273.547759,0.37237998877280937,-0.42836412042560745,0.5675937593970197
1768918273.5676186,0.3955503090298427,-0.4494439125410281,0.5987151889619899
1768918273.587837,0.3664863453217201,-0.4572585760057848,0.5860014049796375
1768918273.6077046,0.38713075878540043,-0.4746644061285856,0.6125165490361569
1768918273.62782,0.379229029667827,-0.4687962265923602,0.6029797334985955
1768918273.647807,0.3901754723980271,-0.48529732929855207,0.6226960711979247
1768918273.6677673,0.4144688354501925,-0.5100335344739779,0.6572051596324067
1768918273.687681,0.41188159178084083,-0.4973427671890338,0.6457524864242992
1768918273.7075167,0.4281771881306694,-0.5068569840443242,0.6635056192000148
1768918273.7277393,0.3932585406484861,-0.5030862819947348,0.6385515538500104
1768918273.7476163,0.41167179187831426,-0.5180915583654873,0.6617344838210271
1768918273.7678325,0.3989475621302397,-0.5192905165490398,0.6548448655272713
1768918273.7877212,0.43075410447399526,-0.5604224553027244,0.7068397462853427
1768918273.8075926,0.42941883906145256,-0.5706284439256226,0.7141549974325343
1768918273.8278892,0.4604976052127493,-0.6101760905703575,0.7644428728887478
1768918273.847662,0.4274148039408514,-0.5829921986578679,0.7228854116135776
1768918273.867868,0.4594750230214186,-0.6248751624354973,0.7756199232931825
1768918273.8876195,0.4812492693442225,-0.6219136112296741,0.7863697597676823
1768918273.9076977,0.5124209955200432,-0.6609682798875198,0.8363338709314713
1768918273.927774,0.4193344355945752,-0.5916827510116747,0.725210208643097
1768918273.9476311,0.4053954053410307,-0.5656021500281625,0.6958816183720465
1768918273.9676924,0.4219121118204019,-0.5798542862966176,0.717105866268929
1768918273.9876282,0.40680023068638316,-0.5560906227894158,0.6890016026402368
1768918274.007728,0.4271504989454049,-0.5773120135565986,0.7181550736060301
1768918274.0284932,0.4064719462879318,-0.5628038220815892,0.6942388531829261
1768918274.0476995,0.45501575177039877,-0.6350132560618853,0.7812049473304036
1768918274.0676816,0.43916767785310107,-0.630483331007369,0.7683602540143737
1768918274.087653,0.4733553637182931,-0.6765469807398716,0.8257003799860538
1768918274.1075897,0.4607777041326806,-0.6486285154358757,0.7956349939905435
1768918274.1276333,0.5008292732373155,-0.7041744028192323,0.8641131583983894
1768918274.1476057,0.4326817897463031,-0.634141768552686,0.7676908973025488
1768918274.1676598,0.4639875234596329,-0.6750458483108464,0.8191283899657694
1768918274.1875794,0.42423450867878987,-0.6065241390314124,0.740166501256123
1768918274.2077713,0.47581540575031855,-0.6809522582278795,0.8307203370178131
1768918274.2275925,0.439613142930237,-0.6610197369834143,0.7938556594990195
1768918274.2478604,0.4728253761004588,-0.7041355204129562,0.8481572185578361
1768918274.2676275,0.43588039290846825,-0.6568177777426953,0.7882901179647588
1768918274.2876818,0.4589346334859208,-0.6830070658085159,0.8228728029028635
1768918274.3075936,0.43666900648683127,-0.6384419193765414,0.773490727574286
1768918274.3276167,0.1958036690486149,-0.3325700187706655,0.38592990840050256
1768918274.347662,0.20902562372109434,-0.3439208681079826,0.40245903504846414
1768918274.3676796,0.1644241954198522,-0.28059454705585196,0.32522087244970066
1768918274.387698,0.20743166402500024,-0.33900739311446415,0.3974341553344974
1768918274.4076033,0.1945469201699921,-0.32248238249630745,0.37662101795853614
1768918274.427656,0.2526608998645732,-0.4028551009778134,0.47553103232514715
1768918274.4478867,0.16148780801776952,-0.30676149517035967,0.3466712088673338
1768918274.4675593,0.2083312096893235,-0.36897125684839693,0.4237235906943377
1768918274.4877024,0.13418800270144615,-0.32295484521381823,0.34972310778111965
1768918274.507795,0.1892725372134425,-0.3969041723472255,0.43972379440945664
1768918274.5276587,0.18090196792603774,-0.37835871807093646,0.4193814988048418
1768918274.5478506,0.1363927077340048,-0.33293038349015447,0.3597855068980892
1768918274.5676787,0.14265205137490122,-0.3330602401563727,0.3623240694937173
1768918274.5876775,0.1641475689311962,-0.3549234545265083,0.39104358191773486
1768918274.6076932,0.08239031182651857,-0.29941470996998554,0.31054360729095926
1768918274.627692,0.08796079183615602,-0.2985159766673622,0.31120554176639065
1768918274.6476502,0.10963640158117638,-0.3207828815918017,0.339001176508296
1768918274.6675978,0.1482313660608643,-0.36604221798056,0.3949170080262406
1768918274.6880653,0.006245131730266973,-0.28187894011268533,0.28194811322188207
1768918274.7078528,0.1529204543624001,-0.425861373922249,0.45248488942875037
1768918274.7276433,0.19495463233140553,-0.4740662103070772,0.5125876319444193
1768918274.7476385,0.176654425122182,-0.48820547178875806,0.5191833670291571
1768918274.7676086,0.17455305361685047,-0.47640153027431253,0.5073728279822184
1768918274.7878351,0.10147094828086889,-0.42041047640386253,0.4324827418697091
1768918274.8077345,0.1454095742103534,-0.4687201801128804,0.4907571206993204
1768918274.8277903,0.2154499754455843,-0.5465516771258567,0.5874839807931699
1768918274.8476105,0.2531269609631792,-0.584057187374345,0.6365501209567755
1768918274.8676226,0.17324225608506438,-0.5133304310818847,0.5417757938189529
1768918274.8881056,0.19015390633360196,-0.5241652558781755,0.5575910002535563
1768918274.9076219,0.1467020973179225,-0.526078561740773,0.5461503075900604
1768918274.9278157,0.14227446030013313,-0.5110074200968029,0.5304437816090265
1768918274.947574,0.11822621875767858,-0.5337792482860344,0.5467153964381674
1768918274.9679558,0.054872250608569484,-0.4814315255897732,0.4845485297867966
1768918274.987728,0.16192117767328273,-0.5971189558644596,0.6186836956246425
1768918275.0079927,0.17939955223509152,-0.6069056151163039,0.6328654082835075
1768918275.0276031,0.07493796208390924,-0.5401407666912732,0.54531435521461
1768918275.047702,0.13999939693209296,-0.6033899434118801,0.6194184812805811
1768918275.0676663,0.10367059504736975,-0.5959936596269308,0.60494300111083
1768918275.0879247,0.020682676406606593,-0.5516885788782622,0.5520761371115916
1768918275.1076636,0.11407908999161442,-0.6433466610380325,0.6533827094759243
1768918275.1277704,-0.04742038963892181,-0.5546971730204655,0.556720438919215
1768918275.1476934,-0.01874619956760526,-0.5757074370522997,0.5760125632966316
1768918275.167606,-0.11563781420345265,-0.5462327427274243,0.5583388875058558
1768918275.187617,0.008818111898289516,-0.6660898206692094,0.666148187940634
1768918275.2078595,-0.17396537599655293,-0.5422775209590949,0.5694987811955032
1768918275.2276754,-0.031547370757090576,-0.6767005578316887,0.6774355183863656
1768918275.2477043,-0.18470937300914692,-0.6292312591609388,0.6557816176004728
1768918275.2677913,-0.11098382960856057,-0.6908979368315986,0.6997552211686181
1768918275.2876277,-0.23065303199869458,-0.6699045381840811,0.7085004667957656
1768918275.307756,-0.21753728959922736,-0.6738531212963901,0.7080963927651839
1768918275.327695,-0.20348150328566827,-0.6783418210424799,0.7082036065670826
1768918275.3476973,-0.17334221474006295,-0.6974996496921637,0.71871641468084
1768918275.3676643,-0.17342387598397035,-0.6879929037625807,0.7095139719476785
1768918275.3879733,-0.1737812312550293,-0.6778780645143128,0.6997989616212535
1768918275.4076798,-0.15656580125410002,-0.6839651567249287,0.7016560309269028
1768918275.4276726,-0.07451317556247261,-0.7491026288363312,0.752799416751837
1768918275.447838,0.009472547783318852,-0.8147225710498001,0.8147776364993726
1768918275.467788,0.12955332362011784,-0.9116601442209005,0.9208193537398592
1768918275.487675,0.18003006860111626,-0.944164715511624,0.9611752366856257
1768918275.507687,0.163474512473484,-0.9165957023446483,0.9310593954120877
1768918275.5277963,0.22448221684641734,-0.9595718675234153,0.9854797991956288
1768918275.5476189,0.20879746107129193,-0.9374444696851025,0.9604158023965458
1768918275.5678515,0.2783642158605346,-1.0015101554895667,1.039475458209758
1768918275.5877995,0.25604347274974426,-0.9759196326585027,1.0089486554557947
1768918275.607624,0.28997701767708683,-1.0053698797772528,1.0463533179305282
1768918275.6277559,0.2674239305198105,-0.977394243674607,1.0133188373769244
1768918275.647668,0.28546845753779504,-0.9899963921911086,1.030332517588579
1768918275.6676733,0.2631184220323517,-0.9622609631709169,0.9975858184915298
1768918275.6877053,0.2568555866432991,-0.9506048818645123,0.9846950968774633
1768918275.7076416,0.24274962538857903,-0.93114326784334,0.9622656420533103
1768918275.7276936,0.22046172220673643,-0.90350259301119,0.9300109174285559
1768918275.747739,0.20587683007699642,-0.8835401312084334,0.9072091449155306
1768918275.7676198,0.1921357486758719,-0.8645019060881154,0.8855956704666201
1768918275.7876637,0.16995826615399068,-0.8370007726570687,0.8540820251372819
1768918275.807629,0.18034799640195942,-0.8421037670430014,0.8611992535262758
1768918275.8276265,0.1746983204507977,-0.8311724461365015,0.8493333493893108
1768918275.847657,0.1529247208199198,-0.8041112049982244,0.8185235489841125
1768918275.8679109,0.16333738565425904,-0.8092212738113851,0.8255411386122977
1768918275.8876486,0.15951020318936315,-0.8002333632703209,0.8159760662007443
1768918275.9077103,0.18013767083606247,-0.8156922791040762,0.8353463201835774
1768918275.9280298,0.19200695513597665,-0.8223544466785366,0.8444723244680971
1768918275.947815,0.1888250450139486,-0.8140957522904566,0.8357073599782906
1768918275.9676461,0.17689798014312874,-0.797125815789995,0.8165185004502861
1768918275.9879801,0.20606025935319305,-0.8201327414346924,0.8456231690640277
1768918276.0076113,0.21079961548356696,-0.8168939891734643,0.8436541159952672
1768918276.0278037,0.21466860824643685,-0.8101977605823629,0.8381545338534763
1768918276.0477757,0.2015729739291814,-0.786026255238494,0.811460989661798
1768918276.0678492,0.1887390342282016,-0.7605409971503545,0.7836102547745594
1768918276.0877566,0.17533376104396226,-0.7328125025125862,0.7534959134597748
1768918276.1079648,0.1698359249054926,-0.7094250328647513,0.7294711225563749
1768918276.1278446,0.18888656235437562,-0.7015349878961716,0.7265187352577599
1768918276.147687,0.1754182200999761,-0.6678925337156087,0.6905447042271045
1768918276.1676974,0.19306281730125185,-0.652596798453466,0.6805555324703564
1768918276.187677,0.17040880802776392,-0.6096100780343736,0.6329799436747726
1768918276.2076945,0.1947215481927369,-0.5929790143619886,0.6241318713255172
1768918276.227593,0.18682146193006943,-0.5553117507689467,0.585895382453012
1768918276.247712,0.20934570004481223,-0.5315623135048435,0.5713003721912616
1768918276.2677512,0.1926759979305075,-0.48607707222057384,0.5228718392847734
1768918276.2876065,0.18387531792294887,-0.4437315945634208,0.48032058102382164
1768918276.3078303,0.1586047141375353,-0.39240507767149957,0.4232460281314225
1768918276.3278437,0.14910078961857032,-0.3481455209210451,0.3787299159061336
1768918276.3477583,0.1620158499465063,-0.312540357417987,0.3520377971878189
1768918276.3679693,0.18097118068057938,-0.27767172426526443,0.33143951890709705
1768918276.387669,0.17865708719441287,-0.23437822307170642,0.294705796100183
1768918276.4076433,0.1827361002994614,-0.19255427422041693,0.26546116641272854
1768918276.4276538,0.18663256197500822,-0.15016833652014316,0.23954590892474503
1768918276.4476647,0.19014902748523177,-0.1069714672342097,0.21817320517382288
1768918276.4679947,0.17806878802402615,-0.057036525531718674,0.1869803693254347
1768918276.4875937,0.17511979704548075,-0.011121582255070539,0.17547259874153193
1768918276.5075994,0.14911300798449467,0.044059234879676445,0.15548602936716363
1768918276.5276031,0.10846152073597892,0.10448488186360949,0.15060209832008853
1768918276.5476303,0.07503305987255793,0.16268444519517145,0.17915409228454596
1768918276.567603,0.06371225129966085,0.2138864771983,0.22317409368914223
1768918276.5876052,0.0083545811869854,0.27958686829932944,0.279711665742129
1768918276.607883,-0.018157209521836748,0.3367430183397433,0.3372321821211323
1768918276.6281073,-0.030082831038402702,0.39025111950650127,0.3914088821160841
1768918276.6479118,-0.012132522720179395,0.43681221634812495,0.43698067515453903
1768918276.6679084,-0.06002553754161255,0.5010672366027431,0.5046498199285014
1768918276.6878002,-0.04943690707534998,0.5531101839420196,0.555315120775179
1768918276.7083404,-0.062080645362362574,0.6133145256410009,0.6164484681551682
1768918276.7278693,-0.042856816107747164,0.6690134227978324,0.670384715346766
1768918276.7475965,-0.03855072947910898,0.7305887186488214,0.7316051083475963
1768918276.7677317,-0.02036706523822218,0.7966500195831947,0.796910328109959
1768918276.787628,-0.016183685942008808,0.866607135595884,0.8667582357014973
1768918276.8076959,-0.041692428210035715,0.9374474712980185,0.9383741364792074
1768918276.8276858,-0.07461797360702604,1.0086391618146284,1.011395471974902
1768918276.8476446,-0.09239469099842701,1.0826815890042338,1.0866168607625355
1768918276.8677862,-0.11046239141476022,1.158478847949715,1.1637332946444243
1768918276.887682,-0.142327718127099,1.2311506873981797,1.2393503114246098
1768918276.9076426,-0.1442647043132137,1.310242198393686,1.3181604315720066
1768918276.9281397,-0.16191084986709825,1.387793048608322,1.397206022414113
1768918276.9476438,-0.15457589541177796,1.4684501245956003,1.4765634005579262
1768918276.9679031,-0.15602152748762244,1.5498625385841018,1.5576959284616263
1768918276.9878595,-0.14025555345910767,1.634022009960408,1.6400303501189153
1768918277.007898,-0.1315189071371865,1.7170852663999066,1.7221146985674902
1768918277.027996,-0.13043034874158188,1.799302152888774,1.8040233682696651
1768918277.0476947,-0.12764786015859642,1.8807608236782358,1.8850875979873998
1768918277.067587,-0.1328037233080952,1.9611646407232,1.965656016943822
1768918277.0877254,-0.12096566249990026,2.045724639066421,2.0492979262146043
1768918277.1076906,-0.14149465343242795,2.122717869419639,2.1274284688570413
1768918277.1278183,-0.17049405305777654,2.198270818653318,2.204872516557544
1768918277.147635,-0.18174499713020964,2.277100292765296,2.2843416967025
1768918277.1677675,-0.2015324966491363,2.3545215303361826,2.3631307589768014
1768918277.187641,-0.2030615597179377,2.4351398651098544,2.44359165158222
1768918277.2078316,-0.18673368706046567,2.52002378541216,2.5269327946991837
1768918277.2277677,-0.16884660144924624,2.6044939694322697,2.6099613046231207
1768918277.2476802,-0.15827030716597967,2.686522166564383,2.6911801949279055
1768918277.2675831,-0.12846959612142683,2.772789367258395,2.775763915088748
1768918277.2876525,-0.11605579310653447,2.8556741978393863,2.8580315028563295
1768918277.3077488,-0.1217048752649017,2.9353930650267044,2.937914995855073
1768918277.3276887,-0.04849270508929493,3.032834087463578,3.033221743382424
1768918277.3480434,-0.07253589045007303,3.1109127772318357,3.1117583072834685
1768918277.3676944,-0.08431463961218277,3.1895960078433014,3.1907102111760097
1768918277.387771,-0.09713767375379945,3.2703838029843046,3.2718260874448055
1768918277.4076147,-0.09890476516069668,3.3536894953976737,3.3551475949818057
1768918277.4279342,-0.1318171532776855,3.4305125434944888,3.433044140842244
1768918277.4477413,-0.13249988831840298,3.51417577780418,3.5166728050402987
1768918277.467875,-0.15441748894087226,3.593708258869774,3.597024299439695
1768918277.487672,-0.19575173731135642,3.666523127616869,3.671744896913428
1768918277.5076127,-0.17557029248803957,3.756759415682765,3.7608597733663833
1768918277.527672,-0.15525890291059952,3.847041185461305,3.8501728804780346
1768918277.547718,-0.12500204532083004,3.9404193390666657,3.942401562376031
1768918277.5677917,-0.09550307023491023,4.034149904609777,4.0352801996004395
1768918277.5875952,-0.05609336801009057,4.130133652962715,4.130514551150965
1768918277.60773,-0.048640454010966394,4.217882854262738,4.218163304810516
1768918277.6276433,-0.03182997208551086,4.307952728081236,4.308070316801425
1768918277.6478581,-0.03640262600987043,4.393456730644219,4.393607537687385
1768918277.6677537,0.007113388172097501,4.49217980602467,4.492185438063207
1768918277.687744,-0.007652248183587673,4.573910551481551,4.573916952662841
1768918277.7075777,-0.003957277896146749,4.6614376996904054,4.661439379434568
1768918277.7279482,-0.02079084189537994,4.7449208651273675,4.744966414573212
1768918277.7477245,-0.0268721190756267,4.829692517906229,4.829767274755898
1768918277.767579,-0.005068761434383617,4.923208853210172,4.923211462518088
1768918277.787713,-0.011720173406644108,5.00837988323527,5.008393596479856
1768918277.807723,-0.018589645016559686,5.093564741818012,5.093598664401568
1768918277.827629,-0.015871131917972292,5.180938376599608,5.180962686118376
1768918277.8477166,-0.03228510879469226,5.2629980112740995,5.26309703453442
1768918277.867837,0.015350849037615077,5.364425233116907,5.364447197080754
1768918277.8876288,0.01742234247447705,5.4507359541685325,5.450763797861987
1768918277.9076293,0.04551606990937174,5.5457324766446074,5.545919257898615
1768918277.9276552,0.03671001781499683,5.630002089126225,5.63012177035041
1768918277.9476202,0.04535999270071933,5.719598844665246,5.719778708379707
1768918277.9677663,0.07924052996513709,5.817999879262754,5.818539477969585
1768918277.9878345,0.1038470295920817,5.9135888332060755,5.914500578558996
1768918278.0077653,0.09362543637624832,5.9979490858033335,5.998679767934415
1768918278.0277371,0.0743091637236617,6.080025402824924,6.080479483627067
1768918278.047592,0.07251116018500348,6.167566935528549,6.167993172221934
1768918278.0680733,0.034927893711701685,6.2451347259022185,6.245232397791848
1768918278.0876627,-0.000920744130811002,6.320887326105781,6.320887393166758
1768918278.1077514,-0.02007932703528681,6.403276577029146,6.403308059222537
1768918278.127817,-0.013212509122437766,6.494980473493468,6.4949939123496305
1768918278.147896,-0.0064298577030079684,6.587617993719384,6.587621131656364
1768918278.1676645,0.0021063086732340253,6.678995329613876,6.678995661739885
1768918278.1876416,0.001611678376081116,6.767973292556205,6.767973484453176
1768918278.2077324,0.0016673149829706801,6.856745188043079,6.856745390758737
1768918278.227736,-0.00681251333326216,6.942436877924841,6.942440220434651
1768918278.2480679,0.048751331508913864,7.049131387269667,7.04929996576357
1768918278.2676442,0.052310943981829894,7.13601549205861,7.13620722357197
1768918278.2875881,0.07446464584367618,7.229641464531335,7.230024943881689
1768918278.3076146,0.07863826938915963,7.317567674490989,7.317990205525557
1768918278.327932,0.06388022178072994,7.400201883327416,7.400477592475865
1768918278.3477046,0.0899701972331517,7.4931564297856905,7.493696545606101
1768918278.3675766,0.10719424304276615,7.583873140064503,7.584630670661118
1768918278.3877668,0.1357501200269695,7.677973868718578,7.6791738373221285
1768918278.4076328,0.10424728632321845,7.7543639670303754,7.755064669613324
1768918278.4281042,0.14538397050697682,7.852338727967543,7.853684485489553
1768918278.447722,0.16887198724627694,7.943225508061574,7.945020404001274
1768918278.4678507,0.22576297959768254,8.045046018990037,8.048213116625595
1768918278.487758,0.2301282067498409,8.131183542259983,8.134439426872728
1768918278.50762,0.2804336135991612,8.230335136649938,8.235111381955367
1768918278.5284154,0.25083341745369836,8.30909543675633,8.312880630710174
1768918278.5476475,0.2700075060290086,8.397947071669485,8.402286538310515
1768918278.567682,0.2886734992866842,8.48843356490211,8.493340731122657
1768918278.5875359,0.32025618579714,8.581908123493715,8.58788164011526
1768918278.6076548,0.35207992597070437,8.676249139566034,8.683389856852672
1768918278.6278594,0.4085575386774103,8.777393855050072,8.786897185530334
1768918278.6476052,0.4067007405868619,8.861056713477806,8.870385085883475
1768918278.6675937,0.48949051713837477,8.968050399382403,8.981399052053709
1768918278.6877189,0.5365808540141437,9.065300633290645,9.081167027691668
1768918278.7077005,0.5600151805139859,9.155682673812207,9.17279358897556
1768918278.7275383,2.675480994737418,1.8828341262102035,3.2715841575638653
1768918278.7478156,2.687815631104506,1.919598645993943,3.3029096004146847
1768918278.7676225,2.7857977634093913,1.8095152862307438,3.321899268448623
1768918278.7876046,2.870781791271149,1.677001256018137,3.3247137178681108
1768918278.8077168,2.8868504043151724,1.7055915651841649,3.353050528119438
1768918278.8276122,2.929002280083086,1.7409641937036509,3.407346574754338
1768918278.847848,3.1349085759996065,1.6723862979167858,3.553101139756043
1768918278.8677325,3.2233839905753356,1.7888766490196768,3.6865002395368487
1768918278.8875628,3.314643107617947,1.83534309663083,3.7888445749634023
1768918278.9076562,3.5205012478315787,1.740010889243449,3.927030294086039
1768918278.927837,3.6641583975685776,1.7967617226776218,4.080981432272362
1768918278.94763,4.173426185343468,1.6169525138501912,4.47571464199372
1768918278.9676337,4.263356970677126,1.6517980977677822,4.572160278819029
1768918278.98766,4.1178000229557785,1.7181730900767076,4.461882539525033
1768918279.0079935,4.1606466772314565,1.7426237442376,4.510844520346255
1768918279.027644,4.742053069056055,1.4356928797831308,4.954622221199506
1768918279.047626,4.799191992906458,1.4525101984616389,5.014182850815527
1768918279.067722,4.765599548292357,1.50331113991902,4.997087495540672
1768918279.08809,4.853458400860063,1.5292592888824004,5.088682778628692
1768918279.1079166,4.59965517800045,1.7011804672816173,4.9041658555524865
1768918279.127643,4.7138667642918595,1.7385962961846797,5.024266807465791
1768918279.1476445,4.758270877295878,1.6083787791755007,5.022750644718903
1768918279.1677694,4.888773141125512,1.6461554351921621,5.158481418227936
1768918279.1876326,4.76473556134307,1.6179048205385569,5.031930144372948
1768918279.20778,4.892217305193524,1.6540875480594135,5.164280760946309
1768918279.2276115,4.830162291252309,1.6852408769284102,5.115711541233164
1768918279.2475832,4.636526510153779,1.6657010849288056,4.9266558824106825
1768918279.267919,4.690353638091381,1.6843226913731333,4.983609151913047
1768918279.2876015,4.639050527918723,1.6203875784176063,4.913903306422813
1768918279.3075368,4.624755157573521,1.6210977203957007,4.900644660304909
1768918279.3275926,4.656001126526219,1.7688962806496766,4.980696792810186
1768918279.3476007,4.709174282835175,1.7880740964377417,5.037214647051268
1768918279.3676703,4.51003376181913,1.755062945166869,4.839488658344621
1768918279.3881412,4.592427685320125,1.7805215075484644,4.925510012550722
1768918279.4076598,4.516064938333983,1.8148576349312053,4.867088530355454
1768918279.4276168,4.631043166782131,1.8094712288268253,4.971996273183592
1768918279.44763,4.729550138259164,1.8370870549846336,5.07380856535792
1768918279.4679701,4.55034183671858,1.817418793977339,4.899859375910034
1768918279.487829,4.574221833886998,1.829063767047809,4.926355615415482
1768918279.5079393,4.483688700155632,1.9728085991382298,4.898513869403357
1768918279.5275857,4.520795339438514,1.9906429540643882,4.939660906545629
1768918279.5477068,4.59627656013161,1.9585000965048103,4.996146599653039
1768918279.5676286,4.6328379841897664,1.9752582513254797,5.03635115407781
1768918279.5877032,4.668357866429407,1.991908636592191,5.075555652890024
1768918279.6079855,4.566997216685024,1.7458748006009586,4.889329442426865
1768918279.6276352,4.686656012553257,1.9482467541282986,5.075471406182193
1768918279.6476054,4.834695779400597,1.9881987509410308,5.227544122491691
1768918279.667791,4.574539771134916,1.9524089281647594,4.973762634110372
1768918279.68766,4.679022237171015,1.9828346678666673,5.0818188098391275
1768918279.7076204,4.804270257992279,1.956541467800088,5.187395032870595
1768918279.728562,4.500153515218848,1.9367608977578419,4.899226922241948
1768918279.7476647,4.515931069881017,1.9468311176436233,4.91770117316437
1768918279.7675798,4.513118808411079,2.0501258471115626,4.956940323206316
1768918279.787616,4.508444056160343,2.05785832126898,4.955890301241898
1768918279.8076012,3.974512300819324,2.0276618399593405,4.461856179505499
1768918279.8276272,3.958384855565331,2.034276843250934,4.450516030726769
1768918279.8476126,4.044111214914302,2.035164971538819,4.527331662245902
1768918279.8677075,4.058781383673477,2.04739269668778,4.545934796596278
1768918279.8876185,4.34822825562992,2.0802591191318838,4.820224783740876
1768918279.907722,4.308098797808828,2.0803625392482257,4.784101122090669
1768918279.9276943,4.2496600448453385,1.9709622020109583,4.6844746235315196
1768918279.9476051,4.323531718175744,1.9915517280588029,4.760168568822506
1768918279.9676054,4.33851598460204,2.000225771082259,4.777407674037147
1768918279.9877498,4.275812903915963,1.7685555515301283,4.62713353256012
1768918280.007649,4.197314408588255,1.9243756111498618,4.617431075536589
1768918280.0276058,4.262263943572265,1.94127831899912,4.6835302322598755
1768918280.0478966,3.860770305740001,2.01935086136082,4.3569857992610475
1768918280.0675805,3.9460939238276502,2.0428342326266122,4.44351538285406
1768918280.087638,4.23285547753466,1.9668129553695186,4.667485264583548
1768918280.1078534,4.2651444911450795,1.9773801890169418,4.701222175377579
1768918280.1277225,3.9984595095925997,2.060559422133016,4.498175583721987
1768918280.1480668,3.9828669780717405,2.096925886335465,4.501147357929764
1768918280.1678247,4.008180380860068,2.1093725860922516,4.529344618426498
1768918280.1881208,3.951989769603255,2.1062159160119887,4.478210426488578
1768918280.2076323,3.936972050077898,1.9199779591000166,4.380189982925905
1768918280.2276201,3.8172758122510935,1.9502505412100337,4.2866154248179615
1768918280.2480469,3.8216755282161756,1.9564502120714566,4.293355479724551
1768918280.2676828,3.9717467723333435,1.9154665117305782,4.409510673657752
1768918280.2878041,4.015628327408784,1.9285991653232442,4.454746413026603
1768918280.3078725,3.892577830332602,1.9118473816866697,4.336741008644514
1768918280.3276672,3.957565826040515,1.9304119822031955,4.40327351960759
1768918280.3477337,3.9203454659265944,1.9279522984687762,4.368765115840201
1768918280.3675692,4.028223754028787,1.9146275371021586,4.460088028094473
1768918280.3876004,3.954609723344177,1.9776617537104482,4.421547701434125
1768918280.4075835,3.930562676067865,1.979135718767112,4.400715980814666
1768918280.4276965,3.7804473500971625,1.910584125833287,4.235813247623507
1768918280.4477825,3.7656506555281233,1.9136375549895925,4.2239949752983765
1768918280.4675782,3.922788994142941,1.9707278759972295,4.389993377421148
1768918280.4876087,3.8751731550976345,1.9669777168625817,4.345798927771888
1768918280.5075798,4.063205155687534,2.006617071597601,4.531682712771569
1768918280.5285754,3.769831679974864,1.930799123160928,4.235518403848709
1768918280.5476217,3.798657581758423,1.9446203283505046,4.267475558791729
1768918280.5679476,3.7786942088452022,1.947302469224586,4.250943051913121
1768918280.5877655,4.130815387805363,2.042038433188975,4.607988360526799
1768918280.607766,4.1263889049617575,2.0486299937252017,4.606948040317148
1768918280.6276574,4.085719910290322,2.030417686260148,4.562422949050293
1768918280.647685,4.025657950892143,2.0288982813892575,4.508031740549905
1768918280.667631,4.004124169580749,2.031497436515224,4.489987995528344
1768918280.6877902,3.971175485782606,1.9452394698208515,4.422012136327718
1768918280.707604,3.9381252929933694,1.9433957523037053,4.3915393512282455
1768918280.7276232,3.904024658529625,1.9415293395495468,4.3601542072200905
1768918280.7480576,4.073394428588937,1.9797585786689682,4.529016030074609
1768918280.7677584,4.078714295740031,2.0094536560440277,4.546846632784397
1768918280.7877321,4.046869183167921,2.0083582265308024,4.517815063916201
1768918280.807796,4.088173778696309,1.964368386557224,4.535626528157437
1768918280.8276007,4.106992697185909,1.9749313509483928,4.5571639048532395
1768918280.8476155,4.037363464006258,2.0433468001779964,4.524993910083225
1768918280.8685281,4.023085902592136,2.0474366467712812,4.514113091425337
1768918280.8876767,4.034828994397099,2.024079629169573,4.514060628663148
1768918280.908044,4.025130580795388,2.028515150090323,4.507388368734181
1768918280.927801,4.039522936104333,2.079913326983684,4.543543220777955
1768918280.9477344,4.062911694239418,2.098370895545216,4.572790379020084
1768918280.9675913,4.021347907121058,2.0955348301492016,4.5345898617708915
1768918280.9877286,4.095275994535083,2.1241688962758767,4.613391265795824
1768918281.0076132,4.047646726347772,2.119795611557242,4.569133118666075
1768918281.0276897,4.009383861156625,2.091006687879042,4.52188764951741
1768918281.0476406,3.9664318773043767,2.0871656519634154,4.482057819353984
1768918281.0679083,4.151884622416983,2.1157867678047717,4.659903385766745
1768918281.0876389,4.146757263285732,2.120136426524275,4.657314061526031
1768918281.1076264,4.103922667124859,2.1154479720593002,4.617066317504117
1768918281.1277854,4.164524170799737,2.102854734157483,4.665325240767655
1768918281.1477683,4.071276412832223,2.131179797143143,4.5953475339124354
1768918281.1676476,4.077618451572633,2.1383019083983354,4.604270548964902
1768918281.1877372,4.043351262155227,2.164165738218106,4.586098861957664
1768918281.2075994,4.0203949376443795,2.1654474914159776,4.566479857912033
1768918281.227939,4.050932116073291,2.222552772793154,4.620583495283315
1768918281.2482333,4.008073254982065,2.2201268119521567,4.581878902639328
1768918281.2675848,4.121681443147473,2.215215050164219,4.679255884994996
1768918281.2878423,4.08214053429467,2.189163158176335,4.632095279120255
1768918281.307626,4.035739033418661,2.184641794733582,4.589101144794671
1768918281.3276162,3.957830928849539,2.2010787065470128,4.528705458933345
1768918281.3477893,3.9119126967576037,2.19749244751406,4.486873522168268
1768918281.3678916,4.043279312807375,2.230217548739331,4.617572729917846
1768918281.3876603,3.995797237575861,2.226152322475767,4.574073646836387
1768918281.4077518,4.038328448852859,2.2769779670715016,4.6360247328226585
1768918281.427669,3.9940923209786767,2.2743224450240564,4.596228459556927
1768918281.4476426,3.97611312717601,2.2668047008914067,4.576885311222553
1768918281.4680722,3.933013073942888,2.264487943490103,4.538336422745423
1768918281.4876652,3.891106355330912,2.2622126697725786,4.500923775379471
1768918281.5075824,3.962644572405406,2.3112356315270013,4.587413448955091
1768918281.5276575,3.8948815803209307,2.306797882204516,4.526744856303093
1768918281.5476167,3.8527841067828668,2.3052586991889026,4.4897842981222125
1768918281.567715,3.941261382936098,2.366811082718078,4.597318347678403
1768918281.5877984,3.8966628386784095,2.365069174437293,4.558237979549859
1768918281.607711,3.797252134620617,2.3484662622583548,4.464797594387293
1768918281.627792,3.710608109562475,2.352119362659847,4.393299220284247
1768918281.647591,3.660005631710799,2.348896400904234,4.348902795687164
1768918281.6681383,3.862049916378133,2.370952035779702,4.531759383789508
1768918281.687718,3.8143044198792637,2.3675400252444367,4.48933892445702
1768918281.7077556,3.8826928719885636,2.3601806544877544,4.54376018953565
1768918281.727745,3.8328082717135494,2.3555933882682396,4.49880422541022
1768918281.7476761,3.8565332918110435,2.408110455614241,4.546630070424198
1768918281.7676535,3.8155569008905665,2.4065828283001203,4.511110215169059
1768918281.7876058,3.8168786890372424,2.3865153245737325,4.5015573217778675
1768918281.8078732,3.775299988693689,2.384223052054918,4.465132648262607
1768918281.8279393,3.6949534883965427,2.3823976175298434,4.396418961999147
1768918281.8481088,3.6505738622699866,2.3794832768089673,4.357594541544951
1768918281.867575,3.6046689835357526,2.3757958551666656,4.317180147537486
1768918281.887592,3.472316059246225,2.408270105627241,4.225724046475003
1768918281.9075253,3.6176165153058406,2.383346984911335,4.332146362058826
1768918281.9277334,3.5659425160472225,2.3783071371414737,4.286291038454023
1768918281.9475806,3.498271433575791,2.413831092101268,4.2502333540838935
1768918281.9677584,3.446723290936447,2.4095329708116315,4.205442970926143
1768918281.9876618,3.407584059011427,2.4767343182422916,4.2125813941558325
1768918282.0079262,3.355296032341112,2.473567062091613,4.16851837890977
1768918282.0277078,3.4255338181810053,2.418949358231502,4.193518562876565
1768918282.0476665,3.3757498383915454,2.4146456296156833,4.150445817984216
1768918282.0676582,3.3395125623415147,2.3903168373893555,4.106818566377609
1768918282.0879805,3.4687008849218515,2.393056631625968,4.2140960918359065
1768918282.1076176,3.423540984595931,2.3883061444997002,4.174283065756693
1768918282.127625,3.32391772795593,2.4183009608709805,4.110548454837775
1768918282.1479735,3.27626701338772,2.413983414693414,4.069550524250481
1768918282.1677582,3.27273465988317,2.4190195241261083,4.069698712694088
1768918282.188079,3.226113314505781,2.414799964899723,4.029772448726005
1768918282.2077026,3.1806630062138446,2.411051294728627,3.991213537874149
1768918282.2277164,3.308534395906431,2.385473972274011,4.078833892338922
1768918282.2476335,3.26565195625286,2.3812637839858866,4.041645693068718
1768918282.2676778,3.304838318885885,2.4067128191661435,4.088303181995573
1768918282.2876835,3.3029588908974254,2.4075691895312117,4.087288445575909
1768918282.3077033,3.262428069503482,2.4039435872102635,4.052453784952219
1768918282.3276134,3.3044301481769054,2.4105081859813735,4.090208835605299
1768918282.3477998,3.2649228894457885,2.4074193938011135,4.056524326523478
1768918282.367736,3.313779011310416,2.3997746128024326,4.091460561712957
1768918282.3879933,3.215625360357908,2.3940345075391187,4.0089459564161
1768918282.4077184,3.177602024120354,2.3901216148295115,3.976158442186252
1768918282.4276652,3.1391943776869695,2.3866042247297115,3.943402219708153
1768918282.4476988,3.20515552002497,2.3635692044144996,3.9823964257219706
1768918282.467767,3.1685929689897634,2.3596104221273047,3.950663583164626
1768918282.4875715,3.296768703615779,2.3430466021728336,4.044570590939677
1768918282.5076797,3.2959269790361674,2.3538135118891566,4.050132429920093
1768918282.5276616,3.2631367991136564,2.350157575752883,4.021355791346792
1768918282.547648,3.2881009891223663,2.320461769434793,4.024444177532586
1768918282.5676723,3.256387571089192,2.3163742507429435,3.9962044095177487
1768918282.5876691,3.189254930080491,2.3402619698404203,3.955777179837621
1768918282.607663,3.157033142841154,2.3366407304515873,3.927689927705957
1768918282.627614,3.1247285531590165,2.333074900978808,3.899636781099557
1768918282.6476452,3.205512404565667,2.2663276420889176,3.925754800942193
1768918282.6676505,3.199878211843096,2.2786656594175607,3.9282996013589693
1768918282.687855,3.1700242417679902,2.2743364337228122,3.9014945735135558
1768918282.707837,3.1898389355851364,2.2945709415232436,3.929392859037867
1768918282.7279184,3.3524077605606912,2.2781603630552807,4.053227409468128
1768918282.747811,3.3276644436984277,2.274119335815457,4.0305048571344635
1768918282.7683456,3.3910250004011964,2.239138088541001,4.063593229261632
1768918282.787834,3.3681889808111336,2.234661286386814,4.042079672066535
1768918282.808072,3.423528775560264,2.2504347533852442,4.096950799842886
1768918282.8275876,3.4020456347645336,2.246344472923628,4.076760722933705
1768918282.8478923,3.274225615154865,2.274440272882952,3.986681819991173
1768918282.8676386,3.250545460528201,2.270947342592536,3.965255051543166
1768918282.887655,3.2838525973436212,2.238768931026182,3.9743897905978676
1768918282.9075847,3.2612484619369013,2.2347829101541805,3.9534789977945994
1768918282.9278197,3.296993872639284,2.229729293715966,3.980183578614947
1768918282.9477012,3.275129297993015,2.225618144469256,3.959778787200491
1768918282.9677606,3.386249252161406,2.199513402700778,4.037888458888387
1768918282.987764,3.36727690103476,2.1952014608260377,4.019634707514482
1768918283.007621,3.3482479019672553,2.1908343952015326,4.001314703972457
1768918283.0279474,3.4768308792200138,2.1248714180222477,4.074730850722007
1768918283.047638,3.390736565681383,2.1624188588881603,4.021585480767996
1768918283.0677502,3.373032538553911,2.1577390949847732,4.0041461646859435
1768918283.0876577,3.4123674053219624,2.1826305362565783,4.050694677052743
1768918283.1081097,3.395788182940869,2.1786797430499973,4.034603178278783
1768918283.1277342,3.536481641165686,2.156871539544933,4.142317857963205
1768918283.1480834,3.5630276871816164,2.1086214757044504,4.140223523848054
1768918283.167637,3.5508810861310636,2.1037304410834796,4.127279764758456
1768918283.1876242,3.486374461136119,2.1401038166056576,4.090825250375805
1768918283.207657,3.4744836822478113,2.1369544765051263,4.079045389899653
1768918283.2278519,3.376526266005687,2.105038108258565,3.978959042544558
1768918283.2478182,3.365048904130724,2.1027312304832613,3.9680011031804208
1768918283.2678037,3.3869331605672492,2.075544738469718,3.9723043936158
1768918283.2876544,3.3850039510474907,2.079022062732326,3.9724783808014488
1768918283.3075612,3.4127206080638963,2.0785966033196246,3.9959011234058193
1768918283.327679,3.4119938902674214,2.083414339453353,3.997789091117997
1768918283.347652,3.42994949532979,2.0986116925714837,4.021035261808932
1768918283.3675652,3.437974332698758,2.111034310340478,4.034369017793262
1768918283.3880048,3.4329188752107633,2.1130518555067583,4.031118969695497
1768918283.4083076,3.6495339358088934,2.0552248656354797,4.1884420966449
1768918283.4276845,3.6660700688741947,2.036300363536812,4.193636717746948
1768918283.4476686,3.5902964442826075,2.030333281981626,4.124618987706697
1768918283.4676547,3.585877463727794,2.0286996849592773,4.1199683975274315
1768918283.487894,3.606252387582817,2.0152508685091517,4.1311369313995945
1768918283.5078907,3.607353115925232,2.0178160764695257,4.133349516002046
1768918283.5276906,3.6387597512499035,2.0113916791695807,4.157675915021382
1768918283.547896,3.649175395686875,2.021537478905648,4.171701672831683
1768918283.5677311,3.6801894517378777,2.0130378717611723,4.194772446012714
1768918283.5876098,3.702132231490836,2.0329143668782956,4.223567672300693
1768918283.6076853,3.7235133965671174,2.0179626943992366,4.235177145102885
1768918283.6277182,3.752217649189628,2.043571862664833,4.272624865906853
1768918283.6476424,3.7750983957184623,2.0358635172388277,4.289068448763689
1768918283.6678572,3.804257796947738,2.061672563379137,4.326993314557807
1768918283.6878214,3.832499861024271,2.0487899321778222,4.3457560183406825
1768918283.7076058,3.8461570432339194,2.0600290727347588,4.363100248874683
1768918283.7277896,3.763336119227418,2.050341128813457,4.2856268492235445
1768918283.7476711,3.7764023910936295,2.062447183952612,4.302894770506448
1768918283.7676156,3.793355465994683,2.0606929336735886,4.316943485648613
1768918283.7875981,3.7997144913105423,2.065667032310553,4.324905837570342
1768918283.8077517,3.8144617983393125,2.079185634615765,4.344321778388721
1768918283.8277574,3.8432906738054164,2.1059098902286664,4.382435358236628
1768918283.8476903,3.9608998028940405,2.135462704545363,4.4998809107653335
1768918283.8676174,3.9542357375775268,2.1193476816493444,4.486381043117909
1768918283.8877757,4.007726892237535,2.168143142170302,4.5566127252273745
1768918283.9076347,3.802937210253802,2.1694004985048565,4.3781993956472665
1768918283.927917,3.866688621431731,2.2324405121455158,4.464870830760746
1768918283.9476235,3.9482195454306677,2.1660724068753234,4.503366213261742
1768918283.9676213,3.990333207524344,2.2060887592084812,4.559559926196555
1768918283.9877157,4.007788524066363,2.22344636516486,4.583239312146254
1768918284.0080829,4.029366391149672,2.2440320608663047,4.612100758257825
1768918284.0276456,4.033375936825767,2.2293839904567587,4.608500235941193
1768918284.0479362,4.043942689550228,2.2391211785763625,4.622459965074433
1768918284.0676854,4.199197193916852,2.21137823742201,4.745887775995429
1768918284.0883458,4.214574819234713,2.2277193632545647,4.767113850994817
1768918284.1076608,4.260496505621656,2.269764297347179,4.827386502024287
1768918284.127731,4.307373521548016,2.3130141714276027,4.889120699201225
1768918284.147679,4.24021146831948,2.331382088180967,4.8388775286381325
1768918284.1676464,4.267640725401549,2.349810459699305,4.871792951021022
1768918284.187625,4.3020184130829655,2.382945385604307,4.917905157409782
1768918284.2075918,4.255214993214768,2.322141458353829,4.8475968882617915
1768918284.2276716,4.275262174033514,2.340892112655891,4.874181217375523
1768918284.2475889,4.354352061252214,2.3771919993588835,4.960990190994868
1768918284.2676036,4.398067481427631,2.4204888608217576,5.0201358444322395
1768918284.2876103,4.431077392496114,2.3860215452870017,5.0326479782380895
1768918284.3075643,4.499381703201447,2.4550246865054595,5.125581130218815
1768918284.3275976,4.523927947613874,2.433525853288006,5.13692243992675
1768918284.3476703,4.579090664990609,2.4888971044587755,5.211782815389319
1768918284.3677683,4.618503305329856,2.4372955422809666,5.222162611578222
1768918284.387958,4.675567961426587,2.4945037026769477,5.299385293087093
1768918284.4076965,4.585190448164301,2.489725156643132,5.217538001927615
1768918284.4277952,4.5851169376555845,2.514297750662619,5.229243780028163
1768918284.4475825,4.6250237379194274,2.5566547955462093,5.284631332449561
1768918284.4677851,4.719657013098395,2.5477815208087673,5.3634273556247125
1768918284.4876263,4.753423703161275,2.58172364112525,5.4092821946096015
1768918284.5076256,4.779100235666217,2.606742215888156,5.443795003730245
1768918284.527622,4.812434478355428,2.643532098252309,5.490700097706515
1768918284.5477052,4.82455371445543,2.6801834589797986,5.519030885713053
1768918284.5678146,4.90325590515106,2.7698124169820826,5.631498849921472
1768918284.5876296,4.870698729432043,2.76579783273674,5.601191280831442
1768918284.607671,4.914250617751037,2.8159428824215507,5.6638673581861925
1768918284.6276593,4.79183676691202,2.8546085865962496,5.577677812799775
1768918284.6482608,4.8419716178354015,2.918123368499998,5.653329385566469
1768918284.6676729,5.076808055175988,2.8703198380797774,5.832042181086666
1768918284.687799,5.113423487015993,2.9119691385618403,5.884442541269596
1768918284.7077632,4.9403484038710275,2.909720957519653,5.733543267671405
1768918284.7276406,4.9837619959254305,2.9650782172366155,5.79910100501463
1768918284.7476568,5.013414230510087,3.009555176119621,5.847370742888589
1768918284.7678826,4.865393524286251,2.929643192319883,5.679336526432715
1768918284.787626,4.924921147629018,3.0122374940846974,5.773077431589947
1768918284.8078992,4.881736403937346,2.9433582474907727,5.700412975443014
1768918284.827621,4.950448267232986,3.041000456187998,5.809872788717984
1768918284.8476486,5.068096218474857,3.013287632933544,5.896227746492615
1768918284.8679152,5.15786662361559,3.141549329798792,6.0392814389268965
1768918284.8877294,5.199339112616329,3.203856678459628,6.107194513366372
1768918284.9076488,5.20820294470262,3.1690781036733338,6.096591993925033
1768918284.927656,5.191661347032756,3.176846120515272,6.086517790634223
1768918284.9477117,5.261048948930799,3.2847602485198983,6.2022807041686185
1768918284.9677324,5.2602339015279185,3.2870561266919633,6.202805710225559
1768918284.987698,5.270084703942143,3.307694608273918,6.222108678601595
1768918285.00765,5.323421644000028,3.3445626305718097,6.286884537640673
1768918285.0279043,5.342576434464366,3.380828180900009,6.322430082401991
1768918285.0476294,5.361850115530878,3.479285298460683,6.391780882469543
1768918285.0681078,5.389175051498938,3.53302427548525,6.4440257810522965
1768918285.0875878,5.410202931558494,3.545308907601509,6.468346853019149
1768918285.107828,5.417716937794445,3.5676696680881026,6.486904013368834
1768918285.1277716,5.432108158444059,3.5616383775916383,6.495619060395098
1768918285.1476429,5.39781808006823,3.611901928214934,6.4947883387031355
1768918285.1683114,5.468578334110134,3.7527109565198025,6.6323591971094675
1768918285.1877506,5.498323174491663,3.6737080551120247,6.612691479673542
1768918285.207573,5.511722095958337,3.712127921456865,6.6452219051236385
1768918285.2275484,5.551686320782146,3.7928129030618276,6.723589125012912
1768918285.2477474,5.601242279807003,3.9045524650196164,6.827843365894411
1768918285.267583,5.650628141032296,4.019374427267154,6.93433264091039
1768918285.2876585,5.4582029181092935,3.870754241110122,6.6913912970568985
1768918285.3075156,5.617714899987551,3.8760501670090672,6.825136305943872
1768918285.3278193,5.663969747859689,3.990527284886788,6.928554056662592
1768918285.3475971,5.684219952507476,4.1250681229502195,7.023285804199068
1768918285.3676326,5.692628953819224,4.166706400581457,7.05460605806642
1768918285.3881018,5.610602101928183,4.110282742650391,6.955090234546965
1768918285.4076416,5.695887794860681,4.330936010238206,7.155427624986567
1768918285.4277234,5.650390025097494,4.231263446749146,7.0590720205645106
1768918285.4482973,5.7133568668265795,4.413675404577814,7.219624454546757
1768918285.4675786,5.835097871319537,4.326960636111659,7.264362017021013
1768918285.488176,5.8729494369759685,4.450268392177387,7.368610713810946
1768918285.5076509,5.841130481823818,4.423279730364287,7.326950858218097
1768918285.5276012,5.868355877976182,4.5276379767674655,7.411956985792928
1768918285.5476398,5.897819781887243,4.606642531820933,7.483677812118989
1768918285.5677752,5.751306153845377,4.424851813716263,7.256503017887321
1768918285.5876741,5.757479131628642,4.485672318289637,7.298617821081553
1768918285.6076634,5.780484030639574,4.501145538860211,7.326275096560346
1768918285.627835,5.806655041278503,4.62715599091689,7.424810794402988
1768918285.64776,5.831960406721237,4.756525619530315,7.525709146307236
1768918285.6679282,5.845794989515529,4.792679340075697,7.559305147712538
1768918285.6881497,5.9028354637074045,4.7978826757641535,7.606782807600044
1768918285.7081037,5.930891792538713,4.951792384382905,7.726300878999963
1768918285.7276452,5.836087221042771,4.884662172790174,7.610508432023839
1768918285.747839,5.851603685947342,5.015692306085679,7.707038017728964
1768918285.7675922,5.975955441480185,4.987375681187228,7.783698325593972
1768918285.7875707,5.979611160142898,5.073838154538269,7.842166999302795
1768918285.8075898,5.7432783610296845,5.081503918859546,7.668567559176664
1768918285.8276408,5.752003280140915,5.216682391969053,7.7652634799748945
1768918285.8476133,5.638992768774113,5.128212862587585,7.622126121384734
1768918285.8676045,5.659581815901323,5.336249102188086,7.778587327496173
1768918285.8876889,5.934557756019906,5.312519894338163,7.96503881894337
1768918285.9077678,5.94646796588642,5.475453842437993,8.08338271084466
1768918285.927593,5.956947610700713,5.4867393267179985,8.09873652343295
1768918285.948013,5.9459433351734425,5.551695156697143,8.134836277269997
1768918285.9677465,5.823906304986302,5.5711832586669985,8.05952650910155
1768918285.988362,5.799382529000418,5.585342277079384,8.051638719528194
1768918286.007717,5.8323988490025584,5.558274954469095,8.056754731486171
1768918286.0276716,5.82726049780036,5.699018083140386,8.15081419375915
1768918286.047689,5.828709960680321,5.677474543592865,8.136803856483146
1768918286.0677648,5.822025346450342,5.705220261749865,8.151411986262957
1768918286.0876782,5.808661554386276,5.846030169299812,8.241153911544716
1768918286.107656,5.960306379705905,5.898934628166174,8.385862024105865
1768918286.1277573,5.948154373133917,6.093060067581536,8.51504089442845
1768918286.1476462,5.901436105053328,6.110863845851458,8.495269568681236
1768918286.1676378,5.876097746596461,6.202454795323046,8.543943481530167
1768918286.187584,5.727502398754176,6.076308846063327,8.35019837611552
1768918286.2075956,5.695641869445531,6.1399206810398255,8.374900732214176
1768918286.227767,5.657361584252893,6.117028684414173,8.332093375672537
1768918286.2477815,5.623290788320169,6.181601906360665,8.356650131406022
1768918286.2676487,5.572667748013483,6.140315878197615,8.292050706176092
1768918286.2882192,5.535380488528862,6.177124191566072,8.294413808752058
1768918286.3076756,5.495001581392632,6.373228545305601,8.415051067593451
1768918286.3277683,5.455345598558495,6.495635077084906,8.482574529844543
1768918286.3477297,5.413702715708286,6.560948139513172,8.506128236950618
1768918286.3676147,5.341636632368729,6.4376959090512536,8.365226268887099
1768918286.3876002,5.2911529293943005,6.61223206594557,8.468642879243209
1768918286.4077423,5.244624014961811,6.650008457084507,8.469279398957719
1768918286.4277773,5.149215673021203,6.651412712708133,8.411641523630365
1768918286.4476933,5.382604818206595,6.714246718566805,8.605436864376262
1768918286.4676454,5.32739903194981,6.862886036813784,8.687944820261773
1768918286.4876804,5.192590500821538,6.8535321761421315,8.59848238927298
1768918286.5076804,5.138689913863452,6.916310932716886,8.616350210434874
1768918286.527638,5.289086165936098,6.938056668425961,8.724165450344609
1768918286.547651,5.229646039624086,7.059109781592916,8.78522786319949
1768918286.5676854,5.180323014118997,7.0390323769835845,8.73977822000273
1768918286.5884292,5.1131361100974715,7.189613787690529,8.822398046819949
1768918286.6076672,4.90737469813498,7.236010387103214,8.743121453471923
1768918286.6277974,4.830834557185078,7.386751968092771,8.8261581198739
1768918286.648007,4.7561046879493745,7.509112264111494,8.888604997285212
1768918286.667587,4.6743002930792485,7.664490337275325,8.977388003203803
1768918286.687905,4.599783134017201,7.758829415716413,9.01983585117686
1768918286.7079816,4.517814603547631,7.885030313762961,9.087593292010215
1768918286.7275887,4.433929256399217,8.014024345030077,9.158838073330463
1768918286.7480943,4.359558889637352,8.080509899410938,9.181524598164197
1768918286.7676263,4.271481887420251,8.211777031020176,9.256286486585742
1768918286.7876363,4.194516805723666,8.281685643694729,9.28333390191679
1768918286.8076773,4.1012870477836145,8.41217359757228,9.358697563443847
1768918286.8277476,4.028644985532225,8.452957872529957,9.363892204325087
1768918286.8477948,3.9074244608101942,8.67627013041761,9.515546715397631
1768918286.8680596,3.839624326256015,8.686930517695771,9.497656383869185
1768918286.8877966,3.7294584229589347,8.852368238582649,9.605898373397785
1768918286.907912,3.633428492688676,8.956157925931471,9.665121179049283
1768918286.9277112,3.563175802987878,8.970072251859566,9.65186085719118
1768918286.9477901,3.4735259918682786,9.04456674353803,9.688630986599637
1768918286.9677038,3.363644901719013,9.181942744949048,9.778659396685352
1768918286.9875896,3.2115410296943523,9.444134978953816,9.975253444705515
1768918287.0076282,3.126015799994473,9.489081078559082,9.990727425832569
1768918287.0278077,3.018622857684761,9.596113876288975,10.059696093006126
1768918287.047888,2.8878280883810277,9.765399960893308,10.183446737930014
1768918287.0677743,2.764818355450597,9.902853142533246,10.281571908089596
1768918287.0882132,2.6507619773329623,10.009184359151881,10.35424118880591
1768918287.107593,2.5470749430348363,10.086477037020515,10.403105775862228
1768918287.1278262,2.3691304371826263,10.346582924600277,10.614356186034797
1768918287.1479993,2.260538245369304,10.421358782822018,10.663711925923305
1768918287.1676776,2.188729064179512,10.405206839002027,10.632914195026624
1768918287.187687,2.0399974093620052,10.57267732741402,10.76768755582266
1768918287.207814,1.9142083833250005,10.676956224903158,10.84719263050537
1768918287.2276819,1.759806550583999,10.841280406482046,10.983181685989258
1768918287.2478023,1.6434042290981807,10.912902903629387,11.03595157855726
1768918287.2675607,1.5397015094745754,10.954221550797627,11.061900854836724
1768918287.2877872,1.406546949914393,11.054091438600558,11.143218200109681
1768918287.307879,1.2712990225190381,11.152212725901943,11.224439847423438
1768918287.327913,1.149229314052974,11.220816187539768,11.279514348181538
1768918287.3476877,1.0106482065787503,11.317320214372828,11.362356561563832
1768918287.3677213,0.8854854313031737,11.38365464470495,11.41804175500172
1768918287.387611,0.7279928300879064,11.506877552509131,11.529883111684086
1768918287.4076457,0.6307854755765376,11.512585678201038,11.529853395170209
1768918287.42786,0.437152190037871,11.688583500923503,11.696755374689001
1768918287.447797,0.3056004010982676,11.750019846886694,11.75399327919591
1768918287.46789,0.17240864778244003,11.80943372548009,11.810692175242599
1768918287.4882245,0.054243787969859625,11.838753994806765,11.838878263504801
1768918287.507765,-0.047147137280923346,11.842170627914811,11.842264480799358
1768918287.5277026,-0.2520070640910035,12.009661978199492,12.012305706689384
1768918287.5476823,-0.37357584199515514,12.036454632959579,12.0422505803947
1768918287.5679555,-0.4963370587828848,12.061515851259053,12.071723783540387
1768918287.5876193,-0.7263752527032175,12.24994107938689,12.271457837444991
1768918287.6075983,-0.9428865218412525,12.406083910090615,12.441862922299022
1768918287.6276016,-1.1442373015880989,12.532468753412843,12.584595824165943
1768918287.647688,-1.4245353399886191,12.758337180750566,12.837619271212198
1768918287.667721,-1.4977288779591866,12.699459493334015,12.787472901817008
1768918287.6877258,-1.765071940332163,12.8926455854076,13.012908558253915
1768918287.707716,-1.858582671157805,12.858357762058795,12.991985755942997
1768918287.727597,-2.0518928780770054,12.946475157373047,13.10806939955616
1768918287.7475858,-2.1667598768760605,12.934669168674212,13.114896677713142
1768918287.7676039,-2.322586098535073,12.970671251584854,13.176976849861965
1768918287.787621,-2.4183922809138103,12.933170964271412,13.157337588412657
1768918287.8076375,-2.5964964519270346,12.99082348952681,13.247765425191949
1768918287.827706,-2.7969343805220532,13.070043595311258,13.365959805127469
1768918287.8476453,-2.894311283568751,13.030785694817325,13.348348722986271
1768918287.8677123,-3.0763713054406843,13.083311755456286,13.440130464374201
1768918287.8877494,-3.323854054947141,13.202762564974549,13.614732649805573
1768918287.9078484,-3.4446799357015436,13.183343716174523,13.6259447891962
1768918287.9276989,-3.718167044653722,13.319366527990354,13.828604082802386
1768918287.9477108,-3.8406718984550743,13.29781548943427,13.841338714973364
1768918287.9676569,-4.0966699151022645,13.405702897956584,14.017687918540117
1768918287.9877484,-4.243322124786253,13.402693071712307,14.058377012629359
1768918288.0076563,-4.526048822128299,13.526225586659898,14.263376057634527
1768918288.0277295,-4.697604433093261,13.5413622099476,14.33303798609403
1768918288.04776,-4.939397034019212,13.616063907028071,14.48429630254609
1768918288.0677774,-5.159759738225645,13.668374880484688,14.609845735998693
1768918288.0875726,-5.405317071616992,13.737927308649503,14.763065378926283
1768918288.10769,-5.511162463351308,13.686345346718266,14.754286178839326
1768918288.1276662,-5.759627744362266,13.751255134649497,14.908733330898762
1768918288.147669,-6.010040262216457,13.813322178312163,15.064144634041241
1768918288.1676278,-6.26256763717927,13.871971650928558,15.220096941031969
1768918288.1875992,-6.566209297452534,13.963893472590527,15.430665100759864
1768918288.2077138,-6.798659771794917,13.997339915094223,15.561082847646318
1768918288.2275836,-6.982577569054218,13.994044122418693,15.639362532023494
1768918288.2478745,-7.193099585651872,14.004794712816452,15.744045115447198
1768918288.2676249,-7.429453618636369,14.033186172850773,15.878510485349663
1768918288.2876153,-7.591277118810215,14.007874783855126,15.932609461564537
1768918288.3075964,-7.753819102784341,13.981369940660212,15.987508126543682
1768918288.3277366,-7.917082356759728,13.953660916817821,16.043218069491086
1768918288.3476725,-8.132553293928705,13.957883294156524,16.154285163135025
1768918288.3676817,-8.3233995361371,13.943771923020705,16.239081109452833
1768918288.3877375,-8.646459301763123,14.006269083956216,16.46015893329204
1768918288.4075274,-8.839565913588544,13.98930749961129,16.548070880297715
1768918288.4277353,-9.167496173565308,14.044212823364713,16.77149068867453
1768918288.4476454,-9.282831004112658,13.978517512119943,16.7800447939676
1768918288.4676254,-9.641571654030571,14.042353485790244,17.03371936424019
1768918288.488142,-9.731480249624113,13.958748492071969,17.0161208068627
1768918288.5076404,-9.956803339807635,13.948674357839302,17.13777841753849
1768918288.5279527,-10.184302123035643,13.933698068797895,17.25885139879507
1768918288.5476742,-10.440016688986525,13.932428438727214,17.4099543556717
1768918288.5677197,-10.753572640158943,13.95349342747027,17.61644979437205
1768918288.587684,-11.041042512792568,13.958119320730724,17.79701420859828
1768918288.6076927,-11.188779352941395,13.897643420093974,17.84189664920434
1768918288.6276746,-11.5630902271349,13.933859044294543,18.10683526923276
1768918288.6476007,-11.654845333288986,13.84752954809623,18.099433536116155
1768918288.6679366,-11.91784763280559,13.82977239950289,18.256442611330986
1768918288.6876037,-12.180695914719998,13.811934063927438,18.415723595698203
1768918288.7078876,-12.272842487037156,13.723861883531182,18.41105775640999
1768918288.727576,-12.507170576436383,13.691433286394581,18.54412740637503
1768918288.747628,-12.76996454831474,13.666689151188628,18.70428792871924
1768918288.7678907,-13.004169668458477,13.62843238770968,18.83726620591294
1768918288.7879846,-13.265763610378919,13.599319238166785,18.99794641291597
1768918288.8077767,-13.469830635844573,13.548989490193982,19.105272925653903
1768918288.8276622,-13.701184112411763,13.506986806816265,19.239572206307322
1768918288.847678,-13.959726599453436,13.471400917392799,19.399809519905585
1768918288.8676226,-14.244675803715023,13.442232052414433,19.58582118022888
1768918288.8878021,-14.528120267188186,13.409551188719007,19.770744588425583
1768918288.9079325,-14.837541796833637,13.380872723567236,19.980000035462734
1768918288.9276342,-15.198265747273531,13.36616882441588,20.239608463790372
1768918288.947948,-15.3956395478979,13.299677771549064,20.34470805678553
1768918288.967595,-15.591499458222216,13.234214573911078,20.450899509411904
1768918288.9876468,-15.81369508726577,13.172961548986557,20.581541931645738
1768918289.0079255,-15.928981862873297,13.082000236359058,20.612403871742977
1768918289.0276237,-16.096383719414856,13.00619676424363,20.694316203075303
1768918289.0476673,-16.263714013589784,12.92800510967463,20.775988776267905
1768918289.0676236,-16.456674582521288,12.85538613074388,20.882602588890215
1768918289.0882413,-16.75403482532526,12.802269076393337,21.085439915557576
1768918289.1075635,-16.996208988800262,12.738714482071927,21.240196954047388
1768918289.1279042,-17.2894886660527,12.679493833513533,21.44052196677293
1768918289.1476383,-17.529157494522096,12.60862606845427,21.592795414254837
1768918289.1683564,-17.71775481942334,12.523178990327871,21.69674740289402
1768918289.1876776,-17.979560632034627,12.45422304733605,21.871723119905432
1768918289.2079499,-18.240788399282835,12.378448957564274,22.04432716193523
1768918289.227702,-18.474779641766958,12.298183140000177,22.193755683904232
1768918289.248013,-18.658837322649923,12.206510835779362,22.296885814326465
1768918289.267617,-18.792002732160594,12.110312033515946,22.356185368587646
1768918289.2877212,-18.998847790689844,12.020256017148853,22.482054445526185
1768918289.307927,-19.180498243172018,11.925124188767718,22.585395718779377
1768918289.3277602,-19.409063892694505,11.835103423809699,22.732827238224676
1768918289.3480394,-19.565073954653098,11.73387573833643,22.813942199755072
1768918289.3677142,-19.838894056130854,11.643413351759982,23.003277850130985
1768918289.3876748,-20.110823661677593,11.547742868298805,23.190420300275655
1768918289.4076433,-20.380404247907464,11.448463827564801,23.375803757714607
1768918289.4281063,-20.6716650691696,11.342768753585347,23.57914628923699
1768918289.4476106,-20.84393014626129,11.237157695993893,23.68001556221733
1768918289.4676025,-21.016185006835023,11.12746117022808,23.780252823223957
1768918289.4877157,-21.25554355987078,11.01502771448829,23.940112104510064
1768918289.507704,-21.380675468883098,10.903021113243057,24.00019068469089
1768918289.527768,-21.55001700276807,10.789295870122437,24.1000443608022
1768918289.5476599,-21.740821818611813,10.672559655384703,24.21914248990605
1768918289.5676494,-21.88628561174223,10.556754787625344,24.299270966940668
1768918289.5876873,-22.03104027334537,10.44021309712005,24.379597721025725
1768918289.6076558,-22.175343345980647,10.322107718527953,24.4600032760632
1768918289.6276243,-22.31886124775511,10.203472264985507,24.54062781712956
1768918289.6477158,-22.5476204067906,10.075402453622083,24.696334153294366
1768918289.6677878,-22.753199560616416,9.946227619041487,24.832147190587825
1768918289.6877298,-22.95699932132706,9.814775438785603,24.96705098230867
1768918289.7076373,-23.17954163473331,9.678566786209487,25.119032732799496
1768918289.7277143,-23.441134961805762,9.530980437598906,25.304671434331755
1768918289.7482078,-23.679921125378506,9.380348694220459,25.470170908914426
1768918289.7675996,-23.854139536740597,9.244977556037725,25.58299402044124
1768918289.7876148,-24.087112041656198,9.090584507518642,25.745440240858905
1768918289.8075764,-24.219950365554187,8.956977703314216,25.823118426858837
1768918289.8275812,-24.39071569583966,8.812225095229358,25.933806571428523
1768918289.8479683,-24.464708273911164,8.69033164736043,25.962353804474116
1768918289.867631,-24.652111456200913,8.539135862184956,26.08914411248107
1768918289.8877056,-24.76271768991577,8.407080878351046,26.15093107875135
1768918289.9077005,-24.92903007582322,8.256516821859172,26.26074276464667
1768918289.9278185,-25.130879332311768,8.090766673675304,26.40116666708253
1768918289.9476426,-25.238614660953818,7.956696939833222,26.463119547711383
1768918289.9677355,-25.436621182870297,7.786850331562441,26.601818270317537
1768918289.9876752,-25.63165051640568,7.6148992934675945,26.738889270962865
1768918290.007679,-25.824126749587396,7.439447630942659,26.87435400958121
1768918290.0277035,-26.013927517126863,7.260749152428801,27.00820066425799
1768918290.0480247,-26.117352634809308,7.117519691995987,27.069820745932756
1768918290.0675972,-26.335631565345103,6.919717245964343,27.229542352189796
1768918290.0877347,-26.469255801381465,6.758484640746765,27.3184665989542
1768918290.107598,-26.681819040416926,6.552471865485138,27.474612915444858
1768918290.1277988,-26.812346442343078,6.388066524056526,27.56282488534147
1768918290.1475875,-26.98856395846102,6.195494399566471,27.690553179649566
1768918290.1677234,-27.147546796629186,6.00945592566076,27.80472725271066
1768918290.1877694,-27.31964948388158,5.81305055085064,27.93125139747405
1768918290.207818,-27.489965331911442,5.613470820057913,28.057249483820303
1768918290.2276506,-27.62826138041911,5.433841810593115,28.157547189471387
1768918290.2478895,-27.751464920444533,5.261068845351332,28.24575455933493
1768918290.2678523,-27.930320457686655,5.048145406001595,28.38285702513411
1768918290.2876258,-28.050174591864618,4.875835197340145,28.470793166080014
1768918290.307704,-28.19701779688475,4.68088727531358,28.58290605103036
1768918290.3278472,-28.30116700296344,4.516663567021787,28.659314428424288
1768918290.3476915,-28.404230164211206,4.353236858602365,28.735882836074133
1768918290.3677132,-28.58618611804949,4.125068169620015,28.8822821844081
1768918290.3879592,-28.725870129703324,3.9274078975814533,28.993105171791566
1768918290.4076817,-28.862276703664328,3.7328745627111957,29.10266944834822
1768918290.4276788,-28.947269697943156,3.5800438032579436,29.167809938332766
1768918290.4476807,-29.116746615274163,3.352478559041508,29.309111995195494
1768918290.4677525,-29.234857483149945,3.1680426181315227,29.406009353368333
1768918290.4876158,-29.385287748400692,2.9524159502756646,29.533233754530674
1768918290.5076547,-29.498797191027265,2.7689308855842114,29.628466277661087
1768918290.5282245,-29.600675810727154,2.5928994159994474,29.7140225454794
1768918290.5478866,-29.731298095526384,2.3913722512260236,29.82731546232387
1768918290.5677798,-29.849405563506124,2.198642279523405,29.930269634067418
1768918290.5875914,-29.954930522633816,2.0176057558880913,30.022801261741247
1768918290.607633,-30.039434384942233,1.8564540937464074,30.096744673958305
1768918290.6276813,-30.170863169982734,1.6448279703387882,30.215665530877015
1768918290.6477575,-30.26193684108638,1.4746011313264873,30.29784266033492
1768918290.6678412,-30.361101092756385,1.2938504188603375,30.388657562830215
1768918290.687755,-30.47567697150197,1.0951864761278713,30.495349158336076
1768918290.7078328,-30.57101551855411,0.9157795510526796,30.584728902212007
1768918290.7278233,-30.63957896103804,0.7668800036252321,30.64917460307284
1768918290.7479236,-30.73224224853039,0.5887928587758609,30.73788201312676
1768918290.767768,-30.8308664814557,0.40276721298584306,30.83349719745078
1768918290.7880569,-30.928206061558974,0.21515318433325348,30.92895441296039
1768918290.807769,-31.000469343344342,0.05912266544915923,31.000525721303536
1768918290.827652,-31.072065502442925,-0.0969267329373551,31.07221667952999
1768918290.8479888,-31.16488543871394,-0.2825178189730906,31.166165961282463
1768918290.8677237,-31.26858996656945,-0.4830359309682706,31.2723207039077
1768918290.8878937,-31.38295679689401,-0.7023142376605236,31.39081430297941
1768918290.908222,-31.455824130405265,-0.865440285095616,31.467727255238064
1768918290.9276688,-31.574926718935792,-1.0960542918124787,31.593944551397282
1768918290.9481618,-31.627984308454025,-1.2339706162571815,31.652046930610982
1768918290.9676101,-31.71325841734801,-1.4188285092521582,31.744981237735217
1768918290.9876735,-31.781083380657485,-1.5796421428474972,31.820316311246234
1768918291.0076694,-2.221337314842577,-6.184649901989353,6.571471210960978
1768918291.0275965,-2.1281704804883415,-6.367879307969353,6.714089400275083
1768918291.0476649,-2.210597824790609,-7.058413344285924,7.396481709688909
1768918291.0677266,-2.111730187866403,-6.364158526487557,6.705364877216642
1768918291.0876849,-2.0388931582862106,-6.564926050962228,6.874251913154539
1768918291.1080189,-1.99740179279007,-5.049623236818036,5.430313872664604
1768918291.1279433,-1.9088658645463896,-5.1769609225215305,5.517671001622461
1768918291.1476638,-2.0304662562407287,-4.207713350790989,4.672006513282808
1768918291.1677012,-1.9374861589616428,-4.288532244462033,4.705885828189896
1768918291.1876938,-2.1499534018404205,-5.026572785886124,5.467058953577891
1768918291.2077136,-2.0667739208714186,-5.129173409175337,5.529916301481024
1768918291.2277396,-2.1652209465432364,-4.160716734994502,4.690388629550103
1768918291.2477274,-2.097839284719127,-4.261024691255351,4.749448503142087
1768918291.2676046,-2.266445174939985,-3.9588078305462275,4.561680958835555
1768918291.287551,-2.193487283618949,-4.027155687385182,4.585779038924232
1768918291.3076582,-2.321850327429016,-3.3576463347917382,4.082251566540531
1768918291.3279598,-2.259992206477615,-3.424775181306451,4.10324869046859
1768918291.3476665,-2.4404387611838088,-2.610961775455131,3.573914204339015
1768918291.3679888,-2.3818137763335674,-2.65423569042202,3.566231058897113
1768918291.3875952,-2.3219319748950573,-2.6905232210461136,3.5539109863681753
1768918291.4077091,-2.012686828320211,-1.874797302512384,2.750595061873227
1768918291.4275997,-1.9309401296719368,-1.8557157522795578,2.678098343533329
1768918291.4476252,-2.7012761821529,-1.59694585095081,3.13801355368895
1768918291.4676065,-2.6528330681686043,-1.608181765918232,3.1022204756916834
1768918291.4876766,-2.7701629929515788,-1.4227494393817324,3.11416424980756
1768918291.5077229,-2.7183850901225473,-1.4121898437424463,3.0633148145383107
1768918291.527792,-2.6695366587149234,-1.410530521448294,3.0192751322395304
1768918291.5479622,-2.7869899572994923,-1.3733374766712316,3.106987101183063
1768918291.5678504,-3.0317143167747123,-1.2821292049379167,3.2916784467337474
1768918291.5876222,-2.994630170575493,-1.2832909262369867,3.258012501492772
1768918291.6077902,-3.000116211767753,-1.4488365002889338,3.3316399098163623
1768918291.6276727,-2.952416644533918,-1.4208989626229425,3.2765405391821223
1768918291.6475873,-3.5110979347195004,-0.9795307987301385,3.6451734242491733
1768918291.6676302,-3.477021324290149,-0.945167927702073,3.603195762253982
1768918291.6876304,-2.629188184117071,-1.41804011998898,2.987217482775431
1768918291.7076335,-2.5746950967654065,-1.3859996106341157,2.9240468125503303
1768918291.7276425,-3.45409641622515,-1.3530910315937135,3.7096680973314533
1768918291.7476492,-3.4227822208896246,-1.331403848902717,3.6726113789116157
1768918291.7678232,-3.3930780519761434,-1.315761398289844,3.6392590899840953
1768918291.7876894,-3.3418992036105886,-1.895085356967222,3.8418275335163954
1768918291.807519,-3.7398901626264847,-1.9032360932805972,4.196318154677543
1768918291.8276627,-3.712785390543819,-1.8811998809619368,4.162173512525255
1768918291.8476603,-2.7071496895495555,-2.0457666226458926,3.3932021036124915
1768918291.867832,-2.666116212853443,-2.049741103924596,3.362976992719101
1768918291.8875942,-3.4502323130666914,-2.138168825798857,4.059047787566389
1768918291.9077616,-3.4234540303764343,-2.1335142627089425,4.0338468745458265
1768918291.9277487,-3.520471583444796,-2.347882746635044,4.231580503994794
1768918291.9480238,-3.49403122755103,-2.3409463854098504,4.205744190802052
1768918291.9676924,-2.8762776630111215,-3.031600677187221,4.178944347638376
1768918291.987831,-2.8366598451948617,-3.036010828115998,4.1549970909470595
1768918292.0076559,-2.7857303210269873,-3.2128440703732792,4.25237115525231
1768918292.028002,-2.7461627475135977,-3.22217235732775,4.233651442449945
1768918292.0476346,-3.092222087843746,-3.154807915111739,4.417538955323475
1768918292.0682821,-3.061575151734817,-3.167164777534339,4.405017041712121
1768918292.0876005,-3.120398826352991,-3.291465343531918,4.535485965492211
1768918292.1076043,-3.0905135976343434,-3.2990949837543013,4.520542225109236
1768918292.1277604,-2.0744639670021146,-3.863346746981243,4.385071132581626
1768918292.1477108,-2.0241099366697153,-3.879050023275674,4.375391424638496
1768918292.1677938,-1.9784568548778525,-3.9078288656778,4.3801162050838105
1768918292.187747,-0.9607742853850745,-4.884848872262339,4.978437077266302
1768918292.2078023,-1.7907314651401567,-4.76474508108177,5.090138983164992
1768918292.2278066,-1.740457999340765,-4.79720361839744,5.103171230111208
1768918292.2476695,-1.444323556490283,-5.568671522028353,5.752927346671633
1768918292.267649,-1.6462936274489577,-6.078807336767028,6.297791783261153
1768918292.2877305,-1.5946032627362356,-6.132062280674134,6.336004054575368
1768918292.3076205,-1.5531870804769854,-5.490134404997974,5.705608284127389
1768918292.3276389,-1.5018612538336527,-5.52923906808585,5.729578684145429
1768918292.3477137,-1.4498749832283506,-5.566560153201472,5.75228036575077
1768918292.367718,-0.6780222426622835,-6.445652913058652,6.481215598725773
1768918292.3878813,-0.9449512486576799,-6.41257811157336,6.481827743728575
1768918292.40772,-0.8868068899078931,-6.46405079410026,6.524598005141489
1768918292.4276,-0.851561129069343,-7.016472252476198,7.06795863218725
1768918292.447683,-0.7925562855581028,-7.076083735111041,7.120330504413449
1768918292.4677193,-0.6796344287345271,-6.267572664292636,6.304313607277925
1768918292.4876113,-0.6196492159894822,-6.309181662044381,6.3395377115018
1768918292.5076406,-0.6533249327300705,-7.0077430366271045,7.038131565630358
1768918292.527888,-0.5934762077989779,-7.062995652481561,7.087885551855143
1768918292.5476468,-0.40580832656910637,-7.163420880840228,7.174906209419786
1768918292.5685415,-0.4617872953592652,-7.246186875321925,7.260886429234584
1768918292.5875838,-0.40375685294659736,-7.300246445065746,7.311403268524886
1768918292.6076376,-0.1424955703050843,-7.384535616708881,7.385910320468194
1768918292.6276348,-0.07844210927809847,-7.441287950208981,7.44170138627138
1768918292.6477046,-0.07975066171241352,-7.522603587928131,7.523026313203535
1768918292.667916,-0.016610215334554645,-7.580232696953537,7.580250895532216
1768918292.687823,-0.03386160458284415,-7.709788033202628,7.709862393401024
1768918292.7077284,0.02671067179458042,-7.768021722742986,7.76806764549554
1768918292.7276192,0.0679643555878382,-6.896909000668032,6.8972438638289555
1768918292.7476053,0.1285966792907134,-6.937609593337783,6.9388013356412666
1768918292.7677226,0.18936398537351273,-6.863216059270066,6.865827946808678
1768918292.7877479,0.2500194836130163,-6.90169786956659,6.906224961943111
1768918292.8076615,0.12331698120834922,-6.759640115953076,6.760764866126943
1768918292.827717,0.273201833698935,-6.608843252086196,6.614487763431248
1768918292.8475873,0.33205602528156586,-6.640193230204865,6.6484906060236195
1768918292.8675694,0.1827293858939516,-6.456337591140233,6.458922907051891
1768918292.8876562,0.2376032386330973,-6.483562795962406,6.487915060186654
1768918292.9077303,0.2925449504076578,-6.510803391293024,6.517372426682533
1768918292.9276745,0.19060551512699053,-7.028560984821667,7.031144997776261
1768918292.9477887,0.24009661940968474,-6.9184303987524345,6.922595291437578
1768918292.967778,0.2917366500866798,-6.952157515719456,6.958275964373526
1768918292.9879804,0.18701731913692043,-6.836938908599905,6.839496261976055
1768918293.0077074,0.2351152874365372,-6.867412410966779,6.871435979523269
1768918293.0279372,0.1924818418818921,-6.919752038072744,6.922428585970832
1768918293.0475986,0.2389259865153397,-6.9506790487699135,6.954784314846965
1768918293.0676126,0.16468019068387907,-7.006100710230939,7.0080358679948365
1768918293.0878677,0.2097085191323007,-7.038096416221521,7.0412199814397844
1768918293.107597,0.21904313964792355,-6.28252196825742,6.286339330537599
1768918293.127838,0.26245737767697364,-6.260352392869315,6.265851574846122
1768918293.1477077,0.30625426305756864,-6.2759964392232135,6.283464249821383
1768918293.1676793,0.28123804218120085,-7.0621965156000215,7.067794172252259
1768918293.1875868,0.32418848592499927,-7.093497289163956,7.100901489654869
1768918293.2076168,0.3675530075869151,-7.125385190977497,7.134858746547657
1768918293.2276056,0.18836697623403786,-7.050344675239401,7.052860565572819
1768918293.2477543,0.17532486234100642,-6.3082135409604305,6.310649482082762
1768918293.2679958,0.21574396271793628,-6.3261604759117915,6.329838214712739
1768918293.2879984,0.25773867533269357,-6.347692324970616,6.352922719288588
1768918293.3076198,0.06605525734615192,-6.271756686823366,6.2721045300390745
1768918293.3278155,0.001068550862503237,-6.253536513150429,6.253536604442847
1768918293.3475702,0.04237254260391232,-6.28149519361348,6.2816381063983595
1768918293.3676617,-0.08639668273783663,-6.229572788431604,6.230171868669083
1768918293.387773,-0.04531905065004693,-6.259303259950521,6.259467318900151
1768918293.4076393,-0.12711410447908644,-6.978998896412698,6.980156415990058
1768918293.4275756,-0.0881290518038016,-7.021954193053666,7.022507203208538
1768918293.4476936,-0.31509611169600493,-6.968343611626402,6.975464016773395
1768918293.4676392,-0.282312412793976,-7.007508151933202,7.013192625176342
1768918293.4876275,-0.34840316921304293,-7.042313953116981,7.050926930736399
1768918293.507731,-0.31947195529159345,-7.078366198071215,7.085571985677302
1768918293.5278037,-0.2762810777285196,-7.164826627691724,7.170151451593697
1768918293.5477643,-0.253404464678618,-7.192670243065784,7.197132696303651
1768918293.5676224,-0.26510728334636635,-7.247216161173171,7.252063427635812
1768918293.5876465,-0.23727776908390563,-7.283593293156173,7.287457169672493
1768918293.6078043,-0.3939679009432657,-7.408808760067494,7.419276106887145
1768918293.6277483,-0.3669854119368221,-7.450611519415084,7.459644113884735
1768918293.6482399,-0.4207083925954551,-6.783344939795192,6.796378750764652
1768918293.6681643,-0.3920483763799343,-6.815992440833789,6.827258225885812
1768918293.6879172,-0.46929073589617776,-6.912021438336822,6.927934335631784
1768918293.7076812,-0.490581490330392,-6.935162719834494,6.952492513425453
1768918293.7276127,-0.45193853385341143,-6.986589544704245,7.001191463211975
1768918293.7475986,-0.459681241433322,-6.934615465057789,6.9498344219085055
1768918293.767657,-0.42446891754366156,-6.980252264408307,6.993146325992184
1768918293.7878928,-0.6248813495343946,-6.899963771939866,6.928201552717599
1768918293.8076031,-0.6013348953718491,-6.933131763589046,6.959160847952806
1768918293.82766,-0.6243383332468175,-6.820756590774771,6.849271408329421
1768918293.8475938,-0.6105419498854721,-6.838932464259429,6.8661312777481545
1768918293.8677151,-0.6721111739240078,-6.772937685430229,6.806204398990269
1768918293.8876987,-0.6560936010438505,-6.794443722932378,6.8260474886588565
1768918293.907634,-0.64704675749263,-6.741254480125008,6.772236076229713
1768918293.927646,-0.6269883497970206,-6.766858692089421,6.795843652519336
1768918293.947611,-0.766117996859661,-6.58727259746707,6.631673775032425
1768918293.9676836,-0.7286258500125733,-6.636327963753715,6.67620734188252
1768918293.9878225,-0.9095909725065114,-6.581300569025785,6.6438597905979675
1768918294.0075867,-0.8817252507130888,-6.561783731648042,6.620758654313414
1768918294.0277731,-0.8436524815349147,-6.613241521960703,6.666836801466279
1768918294.0478034,-0.8269264861266645,-6.636298613906071,6.687620406870401
1768918294.0676234,-0.9086410656629171,-6.873025839753552,6.932828627633101
1768918294.0876591,-0.8329316621229337,-6.842497888976375,6.893007508657815
1768918294.107684,-0.81567891694473,-6.869825465314442,6.918080226437889
1768918294.1277199,-0.9094922449641256,-6.846842223988546,6.906983754421484
1768918294.1476555,-0.8985486499629012,-6.867610718499392,6.926143707518484
1768918294.1676846,-0.8937970587529573,-6.861077583204107,6.919050425093125
1768918294.187612,-0.8719933039721228,-6.8953053260701935,6.950223583590977
1768918294.2075946,-0.9452000424490272,-6.908531671486735,6.972891292439668
1768918294.2276273,-0.8965112670475088,-6.978773546646998,7.036121990651032
1768918294.2479167,-0.938654270078171,-7.015129168341424,7.077648556353347
1768918294.2678246,-0.8875236819955017,-7.089025430938904,7.14436700111363
1768918294.2876494,-0.9571899121260516,-7.15164053044149,7.215412310085219
1768918294.30763,-0.9577760774540396,-7.2262552170519925,7.289451246596989
1768918294.327657,-0.9162665975303614,-7.290401817224037,7.3477549723935
1768918294.3477223,-0.948270464589279,-7.326317781327212,7.38743183433889
1768918294.367715,-0.9386458545513827,-7.351985203192314,7.411662598110172
1768918294.3876398,-0.9140322291438601,-7.402159012383194,7.458378708574635
1768918294.407656,-0.8898813218742987,-7.445299814120176,7.498291678052987
1768918294.4277139,-0.8719445144335687,-7.480669120399625,7.531314475252729
1768918294.4475944,-0.8319252809932136,-7.127277949093667,7.175666563936236
1768918294.4677024,-0.9267234731973675,-7.172434140394536,7.232055578746066
1768918294.4876552,-0.872145841498237,-7.245651796884317,7.2979523381929265
1768918294.5076118,-0.9336391639521402,-7.260956589246469,7.3207358017747755
1768918294.5276108,-0.8773231636393408,-7.336374837785193,7.3886461340319896
1768918294.5479422,-0.8030562439254627,-7.324696396652719,7.368587153182419
1768918294.5677993,-0.7500833039813566,-7.392587236279262,7.430543116684717
1768918294.5877163,-0.7389452892259509,-7.450440027223834,7.486995174282424
1768918294.6077573,-0.8039131814857061,-7.438389805213539,7.481705640939851
1768918294.627621,-0.7488099589611616,-7.50821924959839,7.545467026942682
1768918294.6475918,-0.75079990128489,-7.446422227508357,7.4841769408599585
1768918294.6677482,-0.747578705265389,-7.456578148542846,7.493959674690873
1768918294.6876876,-0.7793830904263421,-7.041131275585826,7.084134925428468
1768918294.7077906,-0.7490847595611214,-7.072988806382554,7.112545158536404
1768918294.7277782,-0.6521050767870946,-6.981477717284754,7.0118665238376465
1768918294.7477086,-0.5993636681789418,-7.032987951869181,7.058481163668993
1768918294.7675862,-0.5351932841100382,-7.095852911641501,7.1160073352272235
1768918294.7879279,-0.5327339510943574,-7.032177997423695,7.052328186499727
1768918294.8076403,-0.4757497784644311,-7.084452648687936,7.100408944786945
1768918294.8275836,-0.5834176612555133,-7.686845997294014,7.708954374853951
1768918294.8477852,-0.6417257338418363,-7.706675617848191,7.733347334512438
1768918294.867941,-0.6072583168735459,-7.748409763378795,7.772169357691322
1768918294.8876038,-0.5061678091858077,-7.776817355461219,7.79327235705636
1768918294.9077723,-0.6343637907853577,-7.396723068434049,7.423875643500771
1768918294.9280233,-0.5530626885536094,-7.475462771841393,7.495893675250254
1768918294.947596,-0.5505570159963451,-7.477155215142382,7.497397090937209
1768918294.9678454,-0.5983043835761457,-7.440568193809057,7.464584595416506
1768918294.9876578,-0.548822384173981,-7.486697667559966,7.506786794282774
1768918295.0076451,-0.4203875364571079,-7.462716629943259,7.4745478244265815
1768918295.0275962,-0.5534070945964977,-7.4490713909487525,7.469599989276596
1768918295.0475955,-0.47678230574334535,-7.517670022147577,7.532773986319136
1768918295.067596,-0.5394429823487421,-7.1482391727296815,7.168564849518516
1768918295.087646,-0.46074612214723487,-7.210539459437413,7.225245067482327
1768918295.1076682,-0.5238190713121558,-7.1631215161495945,7.182248692059861
1768918295.127572,-0.388404186593144,-7.273435099471186,7.283798182156237
1768918295.1476877,-0.5499362066685567,-7.8358922585811115,7.855166282103543
1768918295.1675448,-0.41032546530048997,-7.959041807388459,7.969611877577942
1768918295.1876428,-0.368017989720979,-7.9975524530324265,8.006015393425324
1768918295.207618,-0.3080992902340789,-7.536366864267677,7.542662042374334
1768918295.2275777,-0.24692786061140737,-7.49041507071388,7.494484058287385
1768918295.2476246,-0.18515313918566356,-7.531757790399652,7.534033255713447
1768918295.2675989,-0.24322125308383136,-7.502881161173171,7.506822383448202
1768918295.287903,-0.22665353260767418,-7.506698443673088,7.510119396393608
1768918295.3079789,-0.3305802022445725,-7.587455452730971,7.594653614042777
1768918295.3278866,-0.23602471404831427,-7.655273090019733,7.6589107416408675
1768918295.3477764,-0.35362301080996694,-7.568606299558731,7.576862843650689
1768918295.3681905,-0.3741254593662049,-7.544464138077792,7.5537347709651455
1768918295.3876255,-0.21897384803055608,-7.542902486847623,7.546080272049415
1768918295.4079804,-0.3439931058124053,-7.483345594461113,7.491247729383071
1768918295.4275985,-0.2456529671829184,-7.545769310554618,7.549766875102415
1768918295.447926,-0.21585541256358276,-7.191379256727345,7.194618070003531
1768918295.468081,-0.09718049991420052,-7.2565193518989375,7.257170051338701
1768918295.4877381,-0.1668587593655353,-7.234475115071234,7.236399107025672
1768918295.507873,-0.045873664149223004,-7.296562966034102,7.296707169015545
1768918295.527751,-0.0668092991706466,-7.196322790100929,7.196632905865193
1768918295.5475926,0.020604935171586902,-7.230569026156282,7.230598385013789
1768918295.567541,-0.1546495246324131,-7.34136366419385,7.342992368606601
1768918295.5876725,-0.14516601709724952,-7.327663375623352,7.329101153550256
1768918295.6079128,-0.33438237071010946,-7.300503349372086,7.308157135970378
1768918295.6276197,-0.2688511887247813,-7.323337011970956,7.3282703247480185
1768918295.6480038,-0.12225274908382389,-7.252286951815655,7.253317293910019
1768918295.668007,-0.032039804585361153,-7.285197357433574,7.285267811538229
1768918295.687739,-0.08908649324689222,-7.258796368062534,7.259343022359314
1768918295.707739,-0.019234793331380118,-7.276395604421879,7.27642102749178
1768918295.7277417,-0.18908661613214583,-7.207796309329986,7.21027609632192
1768918295.747619,-0.3397498295733854,-7.1806410453971985,7.188674131544572
1768918295.767649,-0.19087413895188554,-7.2403644466146275,7.242879969785621
1768918295.7880714,-0.32699865453868426,-7.212260864803689,7.21966999952553
1768918295.807776,-0.17578430810044665,-7.2684565607504865,7.270581881699094
1768918295.8276627,-0.3388105246371076,-7.201638890001057,7.209604377050139
1768918295.8478434,-0.2763039511267831,-7.2079005453716825,7.213194448049884
1768918295.8677151,-0.16670512983014518,-7.157932246576149,7.159873228408891
1768918295.887692,-0.09880430212984415,-7.163377893749971,7.1640592640475225
1768918295.9075847,-0.18792062109077534,-7.113435304757989,7.1159170874040205
1768918295.9277415,-0.16470131806391208,-7.0958287408074625,7.0977399250071995
1768918295.9476688,-0.09334221255349462,-6.998419183303376,6.99904163681522
1768918295.967701,-0.11150879334270059,-6.958636699548599,6.959530079487936
1768918295.9875798,-0.1583923845655857,-6.691708669913503,6.693582977037329
1768918296.0079637,-0.09990837926304508,-6.645175431622199,6.645926436643897
1768918296.027902,0.04229092993597838,-6.670794229643526,6.670928284504355
1768918296.0480924,-0.14049573659856307,-6.5875736837832335,6.589071716962548
1768918296.0676467,-0.020124892860980736,-6.600319796521553,6.600350477638819
1768918296.0876591,-0.17535182131440408,-6.495022826131812,6.497389458329518
1768918296.1076272,-0.1287445622375749,-6.472922177036594,6.474202396610559
1768918296.1277559,-0.31128292221772824,-6.613405560257107,6.62072731367967
1768918296.1477532,-0.14809673072629792,-6.6370944356929655,6.638746507433338
1768918296.1677697,-0.2759798887007605,-6.573024940358767,6.57881613708315
1768918296.1875997,-0.18539351474052523,-6.564509409545316,6.567126810357544
1768918296.207608,-0.3750442468619326,-6.423056705272959,6.433996862468629
1768918296.227653,-0.3120901703606549,-6.400813238869947,6.4084171519438815
1768918296.2476509,-0.43576956710980497,-6.313250595924281,6.328272134047125
1768918296.2676907,-0.42356188469308265,-6.272166042846429,6.28645142661586
1768918296.2876427,-0.3414527917439827,-6.2471908467757125,6.2565152828893495
1768918296.3079567,-0.25121919350100796,-6.22832592845775,6.233390325840536
1768918296.3276513,-0.42063434092228036,-6.111980378982384,6.126437578383442
1768918296.3476267,-0.29906222708445895,-6.023457785153017,6.030877374411554
1768918296.3676052,-0.1553887006570811,-6.012675827706261,6.014683387957763
1768918296.3876505,-0.4031898506132059,-5.6730043622058695,5.687314001287807
1768918296.4076338,-0.2881991581225023,-5.64522354459071,5.652575308931657
1768918296.4279456,-0.588644849728098,-5.712539798421268,5.742787973420081
1768918296.4480476,-0.37137907690290106,-5.706533938656413,5.718605775169218
1768918296.4676728,-0.5707952203754196,-5.516513895213649,5.545965447033428
1768918296.4875343,-0.5677607540947065,-5.4554035532703615,5.484868294036337
1768918296.5075288,-0.45020778907389314,-5.416697479069114,5.435374746335022
1768918296.5276618,-0.4179321018121769,-5.358608225788277,5.374881334430643
1768918296.5476444,-0.4253752995225568,-5.259844242023561,5.277016732567021
1768918296.5677412,-0.41953878386631516,-5.193612301845306,5.210529870660653
1768918296.5876749,-0.2744336154328195,-5.1146368174999886,5.121994102320496
1768918296.6076388,-0.29246446857410646,-5.041756919085628,5.050232499254479
1768918296.6276257,-0.4346908093367965,-5.464956114542311,5.482216835696602
1768918296.6476247,-0.28960235151696523,-5.421880163166378,5.4296090122347875
1768918296.667735,-0.49117781065270094,-5.215559475563204,5.23863687277661
1768918296.6877277,-0.4045439397017567,-5.15662607923764,5.17247023386536
1768918296.7076728,-0.7848935947912388,-5.2324061989686825,5.290948174585554
1768918296.7278314,-0.659625048116979,-5.214874716798246,5.2564268772622444
1768918296.7476366,-0.6062100344831514,-5.149513104043855,5.185072402062236
1768918296.7679136,-0.8322562781614344,-5.108824336208375,5.176170071662452
1768918296.7876394,-0.6929434850488576,-5.04664892544757,5.094000004926656
1768918296.807724,-0.9263099492743265,-4.952027854730218,5.037919212943829
1768918296.8277376,-0.9663169387043737,-4.875829410351912,4.970662014750115
1768918296.8479414,-1.0282086651863196,-5.134412679658869,5.236354325693211
1768918296.8678298,-1.0110200400265015,-5.064128579932927,5.164064271039688
1768918296.887905,-1.0482728066617852,-5.14739868987483,5.253055220508508
1768918296.9079952,-0.9729685138272082,-5.076641797468415,5.169038563282583
1768918296.9277823,-0.7160481166572623,-4.516509712456227,4.5729186400022295
1768918296.9475877,-0.5744401538691761,-4.429815678390579,4.466905912921407
1768918296.9675972,-0.933805570337892,-4.710907612438369,4.8025663322981655
1768918296.987649,-0.8005365167343861,-4.622239703667351,4.691050904944867
1768918297.0076175,-0.959921192125087,-4.553276922308342,4.653362163674409
1768918297.0276258,-0.980022048637263,-4.469702480358453,4.575880623304949
1768918297.0475998,-0.8994507804012173,-4.501165811733131,4.590153087978606
1768918297.067674,-0.8865721953568304,-4.4152054849202536,4.503337621325956
1768918297.0878158,-1.1152115506213534,-4.413714880522765,4.55242527112608
1768918297.1076624,-1.1195945703560284,-4.732994913319306,4.863613147802478
1768918297.1276398,-1.077265041273158,-4.649861429275724,4.773019094935127
1768918297.1477208,-1.364191664461405,-4.606342708958028,4.8041036676737905
1768918297.1678028,-1.3254206651108618,-4.520711857031248,4.711005798532393
1768918297.1880257,-1.1440915550879005,-4.306702548175071,4.456078132717278
1768918297.207636,-0.9416399334868011,-4.19522868329641,4.29960805998523
1768918297.2275782,-1.2589879859990774,-4.349010827000445,4.5275761641586
1768918297.2478042,-1.1891156874476856,-4.251852364608421,4.415002225204468
1768918297.2677333,-1.4921684991497237,-4.091748052432994,4.355337983950721
1768918297.2876487,-1.426148816222117,-3.988919857784687,4.236199013011635
1768918297.3075855,-1.2304305007736893,-3.8601880260420245,4.051544250484303
1768918297.3275943,-1.388226758649342,-4.087936706530602,4.317221334380521
1768918297.347811,-1.836369505711744,-4.209534820039799,4.592650254769625
1768918297.3676043,-1.8747998139796884,-4.127372656026182,4.5332195384969936
1768918297.3875976,-1.9106871435466815,-4.264210602274453,4.672709858429521
1768918297.4076798,-1.9526559407156903,-4.18335940468668,4.616639592993238
1768918297.4277115,-2.0178407385506105,-4.343017102138404,4.7888911864461
1768918297.4476056,-2.058389418322669,-4.265063275866947,4.735792620524217
1768918297.4676487,-1.966795007510072,-4.154958957146004,4.596951874572362
1768918297.4876313,-2.247427973529838,-4.311705327398158,4.862276763669269
1768918297.5076225,-1.6808364634354866,-4.055909056000502,4.3903996956269475
1768918297.5276384,-1.579273479530407,-3.9402717359072064,4.244978925264208
1768918297.5478244,-1.758335315909477,-4.041200212945007,4.407158068901234
1768918297.567951,-1.590996688980809,-3.9057691730596034,4.217381094657037
1768918297.5877178,-1.9047174327967902,-3.9767524637789826,4.409366015310161
1768918297.607615,-1.844383039032735,-3.866122521555301,4.2835326713296755
1768918297.6277657,-2.5657163511622514,-4.118662562409231,4.852451102032117
1768918297.6476593,-2.5423113155437846,-4.153469950646006,4.869769959254882
1768918297.667718,-2.5310348514141907,-4.055841626380648,4.780793732985693
1768918297.687756,-2.6936638891517006,-3.9446166507627005,4.776591427911143
1768918297.7078195,-2.683443650381278,-3.8431444553679768,4.687283768836406
1768918297.7276971,-2.794059743275419,-4.095751150647839,4.9580184889757515
1768918297.747529,-2.784111045171713,-3.997539142560928,4.871508340150296
1768918297.7676086,-3.046529819501515,-4.1543557864662475,5.151700296179653
1768918297.7876189,-3.145563682628186,-4.094051228904881,5.162928078752111
1768918297.807631,-2.8827825338139803,-3.8885329235979142,4.840570569175487
1768918297.827908,-2.913996014768159,-3.7988546552972338,4.7877624696885475
1768918297.847761,-3.047391874249584,-3.7376410537135527,4.822505353200486
1768918297.8675785,-2.9128830895629463,-3.577593287426847,4.613465251164618
1768918297.8876019,-3.439117226934002,-3.820057463712434,5.140074544854315
1768918297.9081588,-3.490224050185205,-3.7307349423321057,5.108820522432644
1768918297.9277108,-3.729846868627824,-4.125677471696008,5.561741837219052
1768918297.9477592,-3.204179829318157,-3.7446670040605277,4.92841752998962
1768918297.9677851,-3.250341537373693,-3.6548958930010436,4.891112766871428
1768918297.987601,-3.53606412445221,-3.7674888404771494,5.166983806376582
1768918298.0076933,-3.5567282112435734,-3.6633408164044425,5.10591632381404
1768918298.0277367,-4.040307522311913,-4.2315445973761285,5.850645652783403
1768918298.047645,-4.100839249816573,-4.152387123492645,5.83602616308252
1768918298.0676856,-3.9887641661455007,-4.430070623307394,5.961188245695448
1768918298.0875885,-4.148000810816292,-4.4053631967725195,6.050878913183638
1768918298.107597,-4.317259266616382,-4.1721205209554455,6.00377524700605
1768918298.1277375,-4.3605034095813195,-4.0758064106440415,5.968767702132273
1768918298.1476004,-5.072963560035319,-4.409783413686284,6.721692423569296
1768918298.1677535,-5.042610843814252,-4.264966799668251,6.604382327244958
1768918298.1876767,-5.182411047089552,-4.48502874595345,6.853675445556537
1768918298.2076707,-5.190467525838763,-4.358381220726443,6.777642658178999
1768918298.2275913,-5.137783148768186,-4.129913947933538,6.59188932712787
1768918298.2476604,8.740602201999543,7.134924018621611,11.282963600273769
1768918298.2675874,8.90936858433518,7.429778694481211,11.600795663251102
1768918298.2876441,10.24259504014011,8.48699670220298,13.30187453630153
1768918298.3077,10.429347909846562,8.798868442611887,13.64519635970887
1768918298.3276439,10.655746408141535,8.815356166948202,13.829513218648477
1768918298.3475776,10.974259642955822,9.225209381403182,14.336626620015538
1768918298.3678238,11.296170045973042,9.238450826392555,14.59288975423346
1768918298.3881533,11.449206218182255,9.526350329465792,14.894148972874422
1768918298.4080422,11.463304358951902,9.574353111201201,14.935715059009857
1768918298.4276168,11.739473470223974,9.960220625960403,15.395493895159698
1768918298.44761,11.922788482607814,10.036401043419385,15.584679371272136
1768918298.4676588,12.215432823829076,10.448763515124249,16.07462155288492
1768918298.4879026,12.275426156356357,10.466887020919199,16.13201200188137
1768918298.507617,12.486710335949887,10.81029012247513,16.516062107718085
1768918298.5277379,12.464106450078589,10.861144596102324,16.53234440532659
1768918298.54806,12.669262788360232,11.206205864062792,16.914173626526498
1768918298.5676477,12.834848402927207,11.148748868391792,17.00082159357572
1768918298.5877,12.989103306754181,11.44265689064332,17.310436199891654
1768918298.6076694,13.16113484170183,11.38957183317584,17.405108929981747
1768918298.627709,13.3345080636591,11.556298336846936,17.64531486117493
1768918298.6478057,13.597467403266325,11.9657569426044,18.112715395334178
1768918298.667758,13.781633595975968,12.054385122980118,18.30960472721511
1768918298.6879964,14.013956215521063,12.4416975614049,18.739978842571038
1768918298.707666,14.165828736729345,12.413942385968326,18.835516169207782
1768918298.7277167,14.434027844391537,12.84771108009937,19.323685978880384
1768918298.7476246,14.48401946504158,12.845988175921018,19.359913018389467
1768918298.76772,14.662093814606486,13.178827884685038,19.71442363962167
1768918298.7883272,14.686743911195471,13.206665423773988,19.751365986395587
1768918298.8076365,14.819128042526145,13.482046563997432,20.034274019653914
1768918298.8277066,14.95177031889719,13.39068355165725,20.07151817002588
1768918298.8476493,15.102750642184386,13.69175047224509,20.385217878507568
1768918298.8679078,15.172684271882883,13.771287304397,20.49045392455931
1768918298.8879032,15.418593364502147,13.9786424327311,20.81190682282669
1768918298.9078808,15.600580074207151,14.329678316556098,21.182959644670223
1768918298.9280586,15.742656455291943,14.630277275141811,21.49130627525642
1768918298.9476368,15.872931988876104,14.61240529671582,21.57480842276415
1768918298.9676595,16.063894923328853,14.990015533568904,21.97155628999429
1768918298.987628,16.193429296262714,14.965966525650348,22.05010898884507
1768918299.007713,16.321066796446416,15.152378958269363,22.2704245462243
1768918299.0282035,16.487281237548714,15.50206396356311,22.630608249369434
1768918299.0475998,16.657990579080856,15.65969872479689,22.86295725150515
1768918299.067726,16.784522680281366,15.949890404713798,23.154248109737033
1768918299.0875905,16.908685629258187,15.979241756559343,23.264561393322076
1768918299.1076083,17.03194094147593,16.264945471627982,23.550699850088435
1768918299.1276977,17.08393857401003,16.330958854886,23.63389883875547
1768918299.1475942,17.203162711490425,16.613212273446443,23.91542659708595
1768918299.1677358,17.366835601825816,16.6411306840318,24.052738082469308
1768918299.188203,17.556776003602398,17.058651794081626,24.479337913276847
1768918299.2078733,17.71866686003432,17.16953745098542,24.672741468626246
1768918299.2275808,17.919911095275314,17.416591278671447,24.98921498228517
1768918299.2477455,18.055370464470407,17.73773610083978,25.310544928790158
1768918299.2676172,18.204020704913333,17.813926853693868,25.470028656710788
1768918299.2878497,18.282672840619277,18.020512933647645,25.670898164826248
1768918299.307717,18.36326512455891,18.046180982391974,25.746342538001148
1768918299.3277683,18.427273592530305,18.220620105879576,25.914386141615392
1768918299.3478038,18.515488036463395,18.448908939509856,26.1378181623246
1768918299.3676639,18.554549974357254,18.437555231080474,26.157499262163114
1768918299.387688,18.667187264670098,18.508701915216367,26.287562210303857
1768918299.4076922,18.73989748135265,18.70168084549165,26.475207724553112
1768918299.4277134,18.817415954434278,18.81201355342189,26.608025051407452
1768918299.4476104,18.932227285131606,19.10639770478997,26.897651630383738
1768918299.4676094,19.106404155045144,19.17738991333674,27.07077693055883
1768918299.4875927,19.226480454920118,19.490436335560254,27.377630635866808
1768918299.5077941,19.34400515229178,19.581834102002883,27.525238638933796
1768918299.5278537,19.457417299406504,19.88809523520293,27.823145401764787
1768918299.5476475,19.60824090741994,20.07730603892925,28.06387944073737
1768918299.5676684,19.736251578624785,20.142344508502863,28.1998877422231
1768918299.587608,19.796927849909608,20.312385281653885,28.363909253219592
1768918299.6076763,19.86519825273094,20.50690043106376,28.550990646733563
1768918299.627723,19.887640833377233,20.48855148679707,28.553441122648387
1768918299.6479077,19.99435581200521,20.570533864507087,28.68660188673276
1768918299.6675477,20.058952894541708,20.757433042645914,28.865768961615615
1768918299.6876242,20.106720235574905,20.775678934447747,28.912091481228632
1768918299.7076728,20.15407164817731,20.910742629553226,29.042137685082327
1768918299.7277782,20.23748680698542,21.166842307126025,29.284656144773994
1768918299.7475576,20.275064643412655,21.32879427715779,29.427805076353906
1768918299.7676513,20.39055776897305,21.41730309958625,29.571535607563128
1768918299.787622,20.458620711119494,21.640175372724755,29.78006634585844
1768918299.8075964,20.551411633720907,21.845327878741163,29.992980349880952
1768918299.8276742,20.60782837349606,22.039344446839273,30.173088902495454
1768918299.8476298,20.699840458490357,22.23216156826776,30.376839911427854
1768918299.867808,20.834032816570275,22.22285621342381,30.461652313760595
1768918299.887732,20.876554593535552,22.36218795120687,30.592449749275918
1768918299.9078171,20.90336203704306,22.422545441244182,30.654870551290102
1768918299.9276147,20.947902569282206,22.581648751680028,30.80171232896626
1768918299.9476223,20.99934622429958,22.719744260089612,30.937991549095102
1768918299.9677997,21.04768920123689,22.919301568054017,31.117512835688963
1768918299.9875987,21.15090514324555,22.965652262792805,31.221498558430717
1768918300.0077069,21.186325251576346,23.093994805313667,31.3399581003778
1768918300.0277836,21.2228620387074,23.23441564096968,31.468205275982044
1768918300.0480204,21.26538255228708,23.44492087195399,31.65250084570411
1768918300.0675874,21.34681015778114,23.524896296420685,31.766445342053863
1768918300.0879238,21.38231253843167,23.707874145098,31.925954738597536
1768918300.107657,21.48833054872537,23.77545189047547,32.04715997350775
1768918300.1275942,21.514824266683107,23.86978919821967,32.134942035013864
1768918300.1476321,21.542484464090744,23.93165854563621,32.19942418166067
1768918300.1680622,21.57818622716925,24.101975272543932,32.35001287314606
1768918300.1876712,21.60204347268131,24.231236645553235,32.46230293075978
1768918300.2076328,21.664805072997837,24.247698833889125,32.516375529723184
1768918300.2276034,21.68623988848163,24.4502444368917,32.68191324761335
1768918300.247636,21.718966667655856,24.51286939442062,32.75048517287445
1768918300.267712,21.736796079559834,24.65229636146339,32.86676162474467
1768918300.2876434,21.763887813281297,24.715115460709193,32.9318044599029
1768918300.3077943,21.77252238735975,24.923413270106174,33.094097058850025
1768918300.327835,21.753133687897655,25.060641111492696,33.1848543489735
1768918300.3476079,21.756882972876987,25.22581190782881,33.31221312228628
1768918300.3676975,21.839012237186026,25.21482306076923,33.357604192775305
1768918300.3875768,21.849842204820764,25.30365656571246,33.431880592797796
1768918300.4075603,21.855593384917213,25.36929752345612,33.48534334661172
1768918300.428002,21.858324375522713,25.488700973752273,33.5776744554314
1768918300.4476583,21.83307864657525,25.643828678814,33.67921128078719
1768918300.467616,21.81809260324262,25.805870893257676,33.79307824693031
1768918300.487652,21.84554549084155,25.843986069613635,33.83990948213088
1768918300.5079126,21.831578075119012,25.90289087157727,33.8759141095094
1768918300.5278037,21.818100335102365,26.024592118544422,33.96040189940629
1768918300.5475717,21.88591353375121,26.000035845212732,33.98521848038028
1768918300.567957,21.87523207868187,26.099879560258263,34.05480129961382
1768918300.5876496,21.837928886055337,26.160770333082496,34.07757389329087
1768918300.60778,21.82313280895916,26.25720358896048,34.14220066002759
1768918300.6275947,21.79593128377668,26.3039113834729,34.160772453161975
1768918300.6479611,21.80239138802633,26.34113651433693,34.193562889871814
1768918300.6677856,21.82487637437842,26.326458560681367,34.196602888359756
1768918300.6879745,21.79189689791889,26.442865954642464,34.2653167255859
1768918300.7077131,21.769059884102212,26.52998329247517,34.31809991442766
1768918300.7277708,21.690625643578727,26.639380382495872,34.3531632891817
1768918300.7478473,21.695376165765985,26.650062076098173,34.364446098169154
1768918300.7676246,21.612476380803333,26.814841102965694,34.44030834194259
1768918300.7881851,21.62802692853847,26.79026146413053,34.430940419019386
1768918300.8076742,21.587363217972722,26.87659057026852,34.47267572130902
1768918300.8277311,21.582023184247706,26.891392808509472,34.48087487154235
1768918300.8476899,21.52066672648659,26.992538916056304,34.52153318564112
1768918300.867653,21.503829029859915,27.00098520296403,34.517645702975294
1768918300.8876426,21.523483593547425,26.988249181564615,34.51993539808451
1768918300.9077163,21.466628098267,27.070179006673737,34.548671658439574
1768918300.9278824,21.410833636278127,27.11637029503345,34.55027257457966
1768918300.947629,21.311770442731046,27.23125238961458,34.579367636071
1768918300.9677703,21.330396898594543,27.198680543732138,34.565214525177836
1768918300.9878278,21.232111609501978,27.30550393323235,34.58891597674197
1768918301.0079713,21.191896704582405,27.354794009657677,34.603196980170694
1768918301.027669,21.12986618363475,27.38066596284066,34.58572123733973
1768918301.0476062,21.10380295595644,27.400435719858415,34.58546482038269
1768918301.0676432,21.084423834118606,27.426445638373966,34.594260344332135
1768918301.0876963,21.04200575769675,27.45000526673876,34.587118923826665
1768918301.1076562,20.995499503321412,27.49663053894971,34.5958912356579
1768918301.1276648,20.979528883171724,27.490398684162205,34.58124711420951
1768918301.1478195,20.926636843128772,27.538779595687227,34.58769305958456
1768918301.1676965,20.852870290416412,27.577596438168726,34.57406578138342
1768918301.1877863,20.79460111274945,27.62565272927006,34.57733541145973
1768918301.207614,20.738823908927586,27.654671455469593,34.56703155371417
1768918301.2276132,20.699554253606024,27.685971924225882,34.568549111685364
1768918301.2476616,20.686860385332494,27.680465092277593,34.55653831515879
1768918301.267631,20.667270177772572,27.690687391937917,34.55300601740863
1768918301.2875602,20.637649479728793,27.713020036452505,34.55320615498608
1768918301.3076637,20.63847888604598,27.69374282857569,34.538242609968634
1768918301.3277326,20.62585406924669,27.703408346094797,34.53845234049052
1768918301.3476045,20.59960958614859,27.710513898441206,34.52848817451248
1768918301.3676565,20.579870291309355,27.723958911152604,34.52751017542961
1768918301.3876042,20.53063885831829,27.74577850138496,34.51572622122566
1768918301.4076502,20.497055176383572,27.7665077953704,34.51243581745684
1768918301.4278357,20.43936084209212,27.79733648913774,34.503034468342015
1768918301.4476104,20.36472195164698,27.84066858339368,34.49383607745384
1768918301.4677145,20.363510403299582,27.822814972470184,34.47871211251373
1768918301.4876654,20.313894026146098,27.849164145174306,34.47071560165753
1768918301.5076144,20.30214159179099,27.84336039467306,34.45910142880655
1768918301.527712,20.248752778019778,27.870079363902114,34.44928610023096
1768918301.5476577,20.249326242978753,27.845028594671344,34.429360010500524
1768918301.5676236,20.230902535175357,27.851332136326544,34.42362733872972
1768918301.5876005,20.20937557720602,27.85270430016015,34.41209087011033
1768918301.6080225,20.198227219152148,27.854557263009966,34.40704496341992
1768918301.6275985,20.241061399675257,27.793442397016136,34.38278649065078
1768918301.6476984,20.23781853325383,27.790220408903714,34.37827292579371
1768918301.6676252,20.183171941834964,27.815119950134793,34.36628183953075
1768918301.6880796,20.163710466690503,27.819439206019393,34.35835295123928
1768918301.7076073,20.113016460813217,27.849559311057387,34.35304040362434
1768918301.72792,20.094235989086894,27.853264059227634,34.345052609337735
1768918301.747605,20.03613317542556,27.890357088731115,34.34120922682139
1768918301.7683232,20.02895463271419,27.888358111771474,34.335397796584985
1768918301.7876601,20.027745875401056,27.865583501405958,34.316196594661704
1768918301.8079338,20.044817282423548,27.829965453637968,34.297254657427445
1768918301.8275666,20.030320119155377,27.8301822288708,34.28895984085835
1768918301.8479466,19.985030543656435,27.84881848722756,34.27766236144799
1768918301.8676646,19.976781120472772,27.84597180401702,34.27054025902405
1768918301.887669,19.94953891350711,27.848181942845713,34.256464213099584
1768918301.9077332,19.938984802280387,27.84588864548335,34.24845440895438
1768918301.9278567,19.91041987686257,27.850192495261652,34.23533323477504
1768918301.9479785,19.901791124303898,27.84680009722502,34.22755564760991
1768918301.9676247,19.91867752021207,27.821518808610243,34.2168178381926
1768918301.9877622,19.915202252935078,27.81566972949191,34.210038925372224
1768918302.0077956,19.904936723329236,27.81603409945636,34.2043602334828
1768918302.027734,19.905560291282356,27.808535182286832,34.19862511117021
1768918302.0477312,19.880316373498687,27.815778114095128,34.189830230683704
1768918302.0676808,19.86096443324049,27.81657314452778,34.17922833715395
1768918302.0878334,19.85221702620808,27.81061012381592,34.16929259312459
1768918302.1076593,19.845397357328004,27.80617753008169,34.16172280644905
1768918302.1277273,19.82536960211354,27.806797954692588,34.150597247390905
1768918302.1475947,19.813889300957666,27.805006734217294,34.142475140511905
1768918302.1676672,19.81917308381839,27.79555087932426,34.137842204970354
1768918302.1876497,19.844671493440394,27.7603029266593,34.123971123866205
1768918302.207656,19.85160977974849,27.74991675863457,34.11955877438267
1768918302.2276144,19.784073346130228,27.80261002100262,34.1232278975043
1768918302.2477522,19.785798104082353,27.795107408443886,34.11811545883566
1768918302.2676177,19.779696487980146,27.795027674081638,34.11451240395469
1768918302.2876916,19.78213631504584,27.78748079227723,34.10977874405273
1768918302.307535,19.74132829589816,27.815107377344965,34.10865346652752
1768918302.3284647,19.751287090732013,27.804570295613694,34.105827523522144
1768918302.347677,19.77729430767576,27.772432177919868,34.09471160179512
1768918302.3676143,19.784154074840863,27.76341900827471,34.09135062572429
1768918302.387604,19.794185309875097,27.745636474744156,34.08269524950057
1768918302.4076207,19.777330985156233,27.75703373874683,34.082190992809586
1768918302.4276614,19.7862160034911,27.74756296286701,34.07963606195167
1768918302.447945,19.788308716089585,27.74032728872902,34.074960307079905
1768918302.4677215,19.794110692256243,27.733055105016344,34.07241059207825
1768918302.4876323,19.765219082425844,27.754321957477107,34.072955150611556
1768918302.5077655,19.77618533091811,27.74478881229197,34.07155430093412
1768918302.5276783,19.7887387634445,27.73448819418994,34.07045666323702
1768918302.5475504,19.81804329253978,27.70451643030951,34.06310424171981
1768918302.5678267,19.79548815639658,27.723557411537698,34.06548086994904
1768918302.5876477,19.808066731467026,27.713911979629323,34.064944222072235
1768918302.6075993,19.809441155687345,27.711274781843816,34.0635980033744
1768918302.6276464,19.82447438118673,27.700160380154774,34.06330385585968
1768918302.6476865,19.850799033584256,27.676034821276605,34.05902414486159
1768918302.6680229,19.866441635874008,27.664906667797503,34.05910398424385
1768918302.6876204,19.83265227340798,27.694944316680548,34.0638229930516
1768918302.707675,19.849397824268816,27.68285076741977,34.06374642633016
1768918302.7276425,19.85742147726904,27.678234551846863,34.06467166483416
1768918302.7476337,19.874190572528924,27.667339826307536,34.06560059616711
1768918302.767578,19.86410630359655,27.67875699161357,34.06899334939882
1768918302.7877433,19.881698325843676,27.667004744822503,34.069709125114144
1768918302.8076499,19.899557864235128,27.657715265590017,34.072593339874985
1768918302.8276222,19.938483058929435,27.625595982401837,34.06929203952017
1768918302.8477523,19.95696343754419,27.614705664571993,34.07128348900904
1768918302.8678997,19.915518190031943,27.6518562143714,34.07716268819579
1768918302.8876684,19.932113837100545,27.64015095177251,34.07736942095011
1768918302.9078834,19.901017078545827,27.667382076592293,34.08129269456652
1768918302.9275692,19.91675746114329,27.656519985345092,34.08167140070744
1768918302.9476845,19.910805110042613,27.66190020245371,34.082559806161974
1768918302.967762,19.92637140152998,27.650758998830938,34.08261654338091
1768918302.9878354,19.93532352051838,27.642985020090677,34.08154551496588
1768918303.0081723,19.95098424007427,27.631169231523838,34.081127992612004
1768918303.027919,19.962449143996377,27.621041860089573,34.07963217617617
1768918303.0476093,19.97767497778961,27.60960368112952,34.079285687162546
1768918303.0676272,20.017402693202897,27.575477684557473,34.07496705960805
1768918303.0877616,20.03326439463554,27.56364412721855,34.074714377046824
1768918303.107632,19.991891928217036,27.599231562133156,34.07922131871203
1768918303.1276474,20.0064106035627,27.588430044547536,34.078995548009324
1768918303.1475627,20.014900516197297,27.581141199014866,34.07808082203677
1768918303.167669,20.028590812007465,27.569955943009457,34.077073240146554
1768918303.1876037,20.00277144955117,27.589647833278274,34.07784519636322
1768918303.2076783,20.012084480856366,27.576933866013395,34.07302168460274
1768918303.2276027,20.046768540564774,27.5445969670251,34.067253352667365
1768918303.247875,20.05178559636431,27.52855937810792,34.05724133039223
1768918303.267602,20.014179800166538,27.543977702331517,34.04758582836572
1768918303.287991,20.02274019743223,27.53086441544214,34.04201257968346
1768918303.3075938,19.986501144902434,27.54978397844865,34.03602246553454
1768918303.3277543,19.98492575084294,27.532308518821132,34.020953391141994
1768918303.3476977,19.987646607562443,27.516672434322782,34.00989971709152
1768918303.3675869,20.001883042527346,27.477881667796883,33.986899037664365
1768918303.3875303,20.001172298682807,27.459092312873267,33.97129146748019
1768918303.4076135,20.0149390724255,27.42507807301327,33.951917374189314
1768918303.4275715,20.005910065909152,27.39966461183297,33.92606753524754
1768918303.4477167,19.95558156500808,27.408495583388856,33.903552405940246
1768918303.4676054,19.939464087468064,27.37880320375596,33.87006189786825
1768918303.4877195,19.95661851043007,27.33415672664908,33.844094703919254
1768918303.5077019,19.95199459741508,27.31184873712853,33.823352433711676
1768918303.5276437,19.943985223511163,27.29972978348048,33.80884193294238
1768918303.5476146,19.92973316757677,27.28300666004279,33.786931150117034
1768918303.5676577,19.91988650600056,27.25691082182709,33.76005133232143
1768918303.5876002,19.85667523682192,27.262197730266593,33.72706593442083
1768918303.6076276,19.854341434700512,27.24292804017865,33.710117205492146
1768918303.6276977,19.76374201366462,27.26753552767906,33.676757446879165
1768918303.647794,19.73645087325024,27.231148956321658,33.63127958543353
1768918303.6677902,19.698178778291705,27.193363290004754,33.57822589422675
1768918303.6877005,19.69178990089342,27.17300970712418,33.55799526259566
1768918303.7075841,19.655404645261708,27.142012209437045,33.51154664509242
1768918303.7276115,19.630290405261395,27.10703375828518,33.468486379991994
1768918303.7475963,19.649262531026448,27.017269781944968,33.40698107407487
1768918303.7678206,19.641524644658787,26.993897294640604,33.3835285960059
1768918303.7876105,19.625703840259845,26.97594666468087,33.35970547953469
1768918303.8077922,19.607465837745252,26.944325010405503,33.323405690966084
1768918303.8276255,19.503873249391553,26.965374422485034,33.279610716971156
1768918303.8477197,19.49287716595868,26.94173894635122,33.25401566217968
1768918303.8676112,19.43665282580749,26.9026530148602,33.189399095327666
1768918303.8881996,19.408310137065175,26.864830213762815,33.1421424291009
1768918303.907613,19.381897318270568,26.832322441704463,33.10032433786081
1768918303.9279246,19.345989738856503,26.78827803636286,33.043594827582275
1768918303.9477334,19.31102958580702,26.759889685317006,33.0001145397141
1768918303.9677794,19.264672486787013,26.700699278168358,32.92498971854583
1768918303.9879181,19.206805579124055,26.637469006964558,32.83985590180426
1768918304.0079415,19.15209176245112,26.57772650864368,32.75939812093026
1768918304.0277746,19.096447450618925,26.515765994541756,32.67659944840569
1768918304.0476708,19.067743449824103,26.483925919877045,32.633987994081345
1768918304.0676613,19.03649619590191,26.442410528628642,32.58203894757231
1768918304.0876043,18.98026784697814,26.442993184379283,32.549692104414156
1768918304.1076243,18.94725416291906,26.400897368384985,32.49624320087248
1768918304.1277883,18.95162002575315,26.34994470265451,32.45741036240381
1768918304.1476746,18.918055913695408,26.306217362466032,32.40231336610112
1768918304.167645,18.871794227680326,26.258966255648275,32.33694367418145
1768918304.187857,18.807539144815273,26.187492535356164,32.241406513567206
1768918304.2076175,18.718516288886264,26.145666496586642,32.15553962551451
1768918304.2277436,18.6851195543887,26.04212303908875,32.05192451546141
1768918304.247663,18.64730770737505,25.993089525255318,31.990042009998465
1768918304.2677279,18.585272311547648,25.92138179762144,31.89561695895597
1768918304.2877345,18.49627848745697,25.882651977378615,31.812324518457693
1768918304.308115,18.472703701178887,25.845527243405357,31.768412936770332
1768918304.3279002,18.431548809430353,25.793510623964284,31.70216367731029
1768918304.3477266,18.389591291678144,25.740637142259505,31.63475096099911
1768918304.367698,18.36423556461211,25.70278730505448,31.58921371483364
1768918304.3878787,18.354833870706795,25.63597469521917,31.52940096156543
1768918304.4075937,18.30383065200828,25.572334735865823,31.447965282042773
1768918304.4278407,18.252182217682783,25.50747517683059,31.3651629296601
1768918304.4475691,18.131542976083892,25.449537969867393,31.247909267234174
1768918304.4676983,18.073976754288775,25.369220448821196,31.149092794100095
1768918304.4876084,17.992044452812074,25.273626308246246,31.023698205740114
1768918304.5076537,17.93383611303249,25.205152900499378,30.934159281717363
1768918304.5278447,17.840374422051223,25.095806875779715,30.790883103045484
1768918304.5478325,17.773408557868372,25.01279448429986,30.68442503418844
1768918304.5678763,17.65916224939429,24.948046665174783,30.565520505271472
1768918304.587778,17.647569939286978,24.92219686252666,30.537724558594068
1768918304.607674,17.568444171256118,24.82554099934363,30.413117507230897
1768918304.627701,17.541500507584697,24.793025643724206,30.37101184728557
1768918304.6476822,17.480495938384596,24.71466887182855,30.271811899785774
1768918304.667722,17.479200022340763,24.64174042319023,30.211550845742508
1768918304.687824,17.408050174981135,24.549985142247372,30.09554753413248
1768918304.7076976,17.29170300066538,24.41551453719896,29.918561843434148
1768918304.7285123,17.22911791437873,24.330555325948914,29.8130579876776
1768918304.747634,17.18444768317063,24.268707108119514,29.736768265487747
1768918304.7676585,17.10504343870209,24.154345098166885,29.597548853937617
1768918304.7876582,17.040737703855136,24.065360119791166,29.48776524572225
1768918304.8076892,16.934128185673682,23.98819404892378,29.36321084516559
1768918304.827665,16.857721180470268,23.884179105429855,29.234171357141765
1768918304.847767,16.787885230461093,23.72983391792097,29.067819118111462
1768918304.8677568,16.731816740278404,23.64696404436087,28.96778555474264
1768918304.88768,16.67068023934639,23.56661415975719,28.866882107311177
1768918304.9077907,16.58166907066938,23.441483507608204,28.71332266051181
1768918304.9275904,16.513980690245198,23.407735956419426,28.646704188147755
1768918304.9478037,16.45598751735151,23.320715583501773,28.54216706029539
1768918304.967894,16.39526573260425,23.23453775233645,28.43674529561101
1768918304.9876857,16.27186309656723,23.060225657162494,28.223173740610427
1768918305.0076754,16.22427008763278,22.983161817761122,28.13276856297383
1768918305.0275874,16.087501501166987,22.789215261683673,27.89544831676677
1768918305.047593,16.050670910506742,22.72433587924877,27.82120554236103
1768918305.067719,16.000645571143437,22.573910911442432,27.669515943201677
1768918305.0876245,15.860567073330849,22.421243481600442,27.463971802141746
1768918305.1077442,15.791452507452696,22.30611941196851,27.330073829320924
1768918305.127611,15.738986319926589,22.225504450768565,27.233962959326533
1768918305.1476188,15.648424528293713,22.07542702011226,27.059151286357945
1768918305.167804,15.517428783774555,21.930423532556176,26.86510882867979
1768918305.1876874,15.4696801032066,21.842683871512854,26.765908189456116
1768918305.2075875,15.384918108922385,21.78381609237011,26.668902278954995
1768918305.2282424,15.296779965629696,21.624786431224507,26.488164630886786
1768918305.2476583,15.206340687948327,21.46544254774987,26.305855258643525
1768918305.267613,15.08172578630612,21.33136378967891,26.124424085919205
1768918305.2877092,14.9918305859891,21.167639719906106,25.938850314359442
1768918305.3078477,14.950361364543713,21.016133936885453,25.791300676459684
1768918305.3277347,14.882775063043265,20.884540901499292,25.644902851123053
1768918305.3475933,14.81306519957015,20.75346972680034,25.49771374668589
1768918305.3677046,14.756547268388843,20.63779320248551,25.370735021925388
1768918305.3876717,14.653863989401842,20.612165174156555,25.290256680915686
1768918305.4080276,14.606843356709664,20.514740961770826,25.183615101410897
1768918305.4276128,14.549857435077932,20.39760475369584,25.05515178698959
1768918305.4476762,14.46530264001817,20.246975548845274,24.883428207199564
1768918305.4676278,14.411316973499062,20.125835238135515,24.753490681987447
1768918305.487712,14.30667840762807,19.906577615944652,24.51434028153562
1768918305.5077803,14.27632734962544,19.820212458442917,24.426509052492115
1768918305.5278778,14.173981335086406,19.59636924705175,24.18510770193454
1768918305.547763,14.07307636964493,19.453469003627514,24.010183980572805
1768918305.5679607,13.968116514491292,19.2004141498646,23.743718800742336
1768918305.587684,13.906908707935703,19.05189857450881,23.587643992230948
1768918305.6076627,13.761994474729597,18.997625092824293,23.458521928927986
1768918305.627783,13.709524714302908,18.869392169185385,23.323915381569126
1768918305.6477857,13.686519726960555,18.802462349847335,23.256255344614427
1768918305.6676505,13.652638141832263,18.715747202033704,23.16621940589887
1768918305.6876683,13.538666528177227,18.63540683323513,23.03418935411822
1768918305.7080264,13.469997911286448,18.46160398821594,22.853263783271135
1768918305.7280884,13.345684836187004,18.216487483842887,22.58202205285958
1768918305.747627,13.296085547657611,18.08358509714495,22.44553275946714
1768918305.767725,13.212507496156956,17.9484340869382,22.287140698375126
1768918305.7875922,13.124872917333363,17.700831127380123,22.035918671482246
1768918305.8077793,13.070282428153583,17.54195218459528,21.875839851268054
1768918305.8280122,12.95199670375732,17.375152048600558,21.671412674907206
1768918305.8475907,12.83653093578447,17.11884255035654,21.396992702930223
1768918305.867854,12.799062444427776,17.003480353288964,21.282254194070827
1768918305.8877912,12.69210415745426,16.884812521604356,21.123124812238245
1768918305.9076972,12.65122469450639,16.74272249231872,20.985048075372223
1768918305.9276512,12.621490050897357,16.649964828774664,20.893140977467564
1768918305.9476287,12.569377354702759,16.574742422044608,20.8017146755271
1768918305.967611,12.527229574883044,16.433445607168913,20.663727043919344
1768918305.9876616,12.50595050445505,16.33366848800859,20.571522167696887
1768918306.0079434,12.477621757556193,16.23955391030489,20.479603412428144
1768918306.0277581,12.382227509219241,16.14009835369253,20.342623551472755
1768918306.0478203,12.301644252267337,15.824524682580197,20.0436032873067
1768918306.0676463,12.246588735961804,15.75135294219098,19.952043884706523
1768918306.0876343,12.171093230864287,15.431395261620889,19.65358669950007
1768918306.1078782,12.03389944332337,15.481868752130033,19.608747942441376
1768918306.1276278,11.971722514442025,15.210275625406418,19.356513750250347
1768918306.1476645,11.906058606225464,15.087896927069668,19.21975195513079
1768918306.1675975,11.85413594066587,14.838574773449157,18.992204722122917
1768918306.1877675,11.813680452456126,14.638923357113864,18.811196742583864
1768918306.2077065,11.770127096385831,14.385378764299162,18.586958171186193
1768918306.227624,11.569417022296719,14.401072299491233,18.472744614999222
1768918306.2478266,11.523796910630313,14.121440270531295,18.22671036011808
1768918306.2676322,11.494180199047925,14.031168924610718,18.138078173807358
1768918306.2876189,11.464517381403915,13.85480016703809,17.98306554670452
1768918306.3076582,11.389074420582336,13.801625205085273,17.894017840027097
1768918306.3277617,11.349830319608873,13.463606071395127,17.609296883453936
1768918306.3482826,11.273098645221655,13.440982097418793,17.542598234242007
1768918306.3677347,11.24132854770135,13.099569450653817,17.26169711557552
1768918306.3876019,11.226833377311195,12.91560950716487,17.11299963838825
1768918306.4076483,11.204605267257918,12.542025197649686,16.818013415785572
1768918306.4277894,11.096145135547413,12.602900034645145,16.791590935715146
1768918306.447975,11.07988237712528,12.254984457359786,16.521151217184027
1768918306.4675205,11.005007779694644,12.233903825913579,16.455351684264986
1768918306.487693,10.990985776860981,12.079639731485017,16.33154813205508
1768918306.5076134,10.86327307402886,12.156171296596238,16.30285872088422
1768918306.5275822,10.850617526796917,11.946517362805217,16.13862378930245
1768918306.54785,10.849033569120564,11.839708143193963,16.058649329875735
1768918306.5676227,10.837850478278284,11.684797053861907,15.937173061100163
1768918306.5877342,10.834304628257371,11.415538308346239,15.738382116570929
1768918306.6077776,10.832641956281357,11.173211707263082,15.562351737713294
1768918306.6276329,10.737391153291675,11.039650343577883,15.400176897920543
1768918306.6476965,10.739932302837257,10.796275425898692,15.228450641525919
1768918306.667781,10.606891910219062,10.667849794529246,15.043575879215297
1768918306.687917,10.616150785604002,10.395084445875938,14.858009225315898
1768918306.7076168,10.492366042613014,10.26403801896554,14.67788205521998
1768918306.7276878,10.490393008591123,10.10823094061988,14.56793321729622
1768918306.7477689,10.397059961158615,10.033046538646868,14.448559744229923
1768918306.767718,10.391863118555147,9.90714301190814,14.35765655436802
1768918306.7877927,10.288061892409253,9.840574224814642,14.236611906494106
1768918306.8079457,10.282766095446203,9.715669557675625,14.14671387734985
1768918306.8276508,10.321119857195,9.45658833673594,13.99830625743969
1768918306.8477242,10.199143094886661,9.359295584457087,13.842649085605407
1768918306.8676746,10.237123057114701,9.023044747304773,13.646025978224346
1768918306.8876293,10.113854045069136,8.910363754372732,13.479043952751272
1768918306.9076874,10.131832631429361,8.69516822875185,13.351403783782153
1768918306.9280086,10.007167711987925,8.614409696651158,13.20422129614659
1768918306.947749,10.020484884711767,8.430335100355336,13.095062704279815
1768918306.9677896,10.02779063122562,8.276803205506457,13.002386559642744
1768918306.9877152,10.009860379417624,8.12869923134581,12.89469100091649
1768918307.0076354,10.01970495187911,7.9745055948155645,12.805749755654897
1768918307.027656,9.936660113089165,7.913589134923967,12.702838548900942
1768918307.0477772,9.924345410652638,7.813248504257675,12.630894030876313
1768918307.0677965,9.97113769731142,7.534528460806605,12.497708034093677
1768918307.0878124,9.787919268054978,7.611928377382352,12.399387776029936
1768918307.1080205,9.83623190961709,7.334928957572238,12.269989445488584
1768918307.1277544,9.73982454790665,7.3204539815280825,12.18413840694841
1768918307.1476429,9.792603401649018,7.042978600136575,12.062281249580018
1768918307.1677122,9.699450232004065,7.050753467362242,11.991349351121597
1768918307.187706,9.73475663261405,6.837356792491526,11.896004985038182
1768918307.2077065,9.710914023820745,6.691416933851677,11.793087456670344
1768918307.2280536,9.794926818688925,6.348818075095608,11.672535385859073
1768918307.247968,9.668015106571072,6.3308313403194205,11.55638098889341
1768918307.268061,9.733854857097299,6.053497923089829,11.462668427721773
1768918307.2876887,9.608413440611852,6.006063842305494,11.331125792417094
1768918307.3076081,9.595942678910426,5.929331123255725,11.280030295444405
1768918307.327659,9.628992650948806,5.751545634942669,11.21596079980909
1768918307.3477488,9.650863489633139,5.606015355256659,11.160939667380491
1768918307.3676348,9.607277761562337,5.569849586465661,11.105089391970779
1768918307.3878562,9.616915679787887,5.458254174998871,11.057920502112625
1768918307.4076176,9.569547211924878,5.38199045127601,10.97916458838674
1768918307.4276454,9.57699364075916,5.275814805138687,10.934030777954758
1768918307.4476724,9.645027431866325,5.033362425205365,10.879397569025738
1768918307.4679189,9.50892634180994,5.155059227425934,10.816391071528258
1768918307.4877508,9.593868690733224,4.880480662817931,10.763893717199691
1768918307.5076733,9.53232997350451,4.825810233010184,10.68427625666794
1768918307.5277703,9.65211188740432,4.486311431742013,10.643789463792999
1768918307.5477228,9.519167838870537,4.576908205037171,10.562321954093415
1768918307.5683239,9.69034305164054,4.141715435659009,10.538337402477403
1768918307.587713,9.54445808812919,4.276039182997394,10.458546327792583
1768918307.60758,9.658634169317608,3.9772876481692876,10.44547897671474
1768918307.627742,9.510435155161979,4.109278520096169,10.360238742242604
1768918307.647869,9.50757168384871,4.0474252156287776,10.333226514483723
1768918307.6675649,9.536815169789222,3.9523952559473337,10.32338470860971
1768918307.6878376,9.570155620341762,3.824999789117875,10.306236072607245
1768918307.7079227,9.611602895990409,3.749949749239832,10.31722023376622
1768918307.7276802,9.702900180333526,3.526097861985754,10.323741474960368
1768918307.7477014,9.663517870285254,3.5254478016055657,10.286513492489473
1768918307.7678504,9.646263208587975,3.5037453329926187,10.262876070957182
1768918307.7877004,9.65359612619119,3.4500290829239297,10.25156665298697
1768918307.80763,9.614862203063879,3.438412345752333,10.21118282293136
1768918307.8279915,9.767191550920856,3.143200019021606,10.260494001360616
1768918307.8476791,9.612384443550155,3.352444900703926,10.180217163835986
1768918307.8675835,9.71012115428811,3.160906528398442,10.211649372761746
1768918307.8877218,9.809626992634534,2.9735059750856045,10.250391188559286
1768918307.9077992,9.977547343044122,2.796998763072434,10.362174147509565
1768918307.9277985,10.0015121984664,2.736405978721095,10.369096582463333
1768918307.9478056,10.030805567443963,2.7396914973543574,10.398219551083761
1768918307.9676118,10.003109326529511,2.8271411258007575,10.394947000523652
1768918307.9875991,10.048180088204347,2.7482285642165323,10.417230117750208
1768918308.007645,10.04596974448841,2.7805779001763185,10.423680806995458
1768918308.0275898,10.1573881564223,2.6193219753723334,10.48967977446864
1768918308.047734,10.179974053052362,2.6651280231119046,10.523059398311677
1768918308.06776,10.272953658790826,2.5390249059399537,10.582070891307012
1768918308.0876849,10.454167567565058,2.380768634771357,10.721831878137252
1768918308.1076608,10.597219375844539,2.2056325656954527,10.824318616644247
1768918308.1277466,10.67452292523064,2.1147859354240097,10.881992429419427
1768918308.1476235,10.646595924888722,2.4001176622396727,10.913778886364335
1768918308.167642,10.770236804430844,2.2696451428967386,11.006783812639888
1768918308.1876261,10.789985394644688,2.4573832559793978,11.066278384507305
1768918308.207602,10.844959610294858,2.4160014505955942,11.110815089731572
1768918308.2275426,10.922293071742175,2.428626800304947,11.189044377433962
1768918308.2479148,11.002373156561134,2.3672379195708793,11.254156140913954
1768918308.2675462,11.068115683439437,2.3911832616457076,11.323468645815762
1768918308.2879188,11.127246864112529,2.3574679836338532,11.374237471969748
1768918308.3076289,11.194104482169678,2.3770848527348107,11.443710392824197
1768918308.327826,11.280934644762546,2.320516328822439,11.51712995896701
1768918308.3476403,11.298931946184204,2.4017062806334124,11.551365987749499
1768918308.3678422,11.48705009900602,2.2534493692629702,11.70599649909848
1768918308.3876677,11.471031921450148,2.4102443615321008,11.721512326710473
1768918308.407588,11.764664705825602,2.175095068719468,11.964045060031593
1768918308.4278162,11.830205046090768,2.2935214196112135,12.05047683433178
1768918308.4476023,12.081318537770684,2.1158011147878177,12.265189438749774
1768918308.4678102,12.217406432654165,2.1428306085145152,12.403900312298791
1768918308.4877968,12.423602154701172,2.0189677176136627,12.586584967458876
1768918308.5078328,12.39063498935679,2.3141721349545286,12.60488905582563
1768918308.5281737,12.651025778987773,2.161543641750278,12.834357178129501
1768918308.5476186,12.759851985270778,2.2767677282048346,12.961384724411726
1768918308.5676935,12.833324881105412,2.368124071098471,13.049990004598287
1768918308.587642,12.915329737856617,2.370075290565371,13.130993835978753
1768918308.6076639,12.943970100406958,2.4142100125889137,13.167185422295603
1768918308.627739,13.287181418274677,2.1854368623041083,13.465709202313166
1768918308.648317,13.416314113050262,2.285589341683661,13.609607011918074
1768918308.6677432,13.562216895919661,2.2510789890019822,13.747766500297237
1768918308.6898344,13.64719709041131,2.420903066720115,13.860258297845167
1768918308.708056,13.634429821184717,2.4982218265458016,13.861413666846573
1768918308.72775,13.836670835955026,2.3446549797380367,14.033918440570286
1768918308.7479453,13.98618143291273,2.3206041982461496,14.17739309320548
1768918308.767807,14.214229888773836,2.2748252911196634,14.395108941443587
1768918308.7877252,14.369489729293583,2.252775940535809,14.54500720242279
1768918308.8076985,14.559475201960815,2.3625552119231656,14.749914755207817
1768918308.8276877,14.718030656340169,2.3481384923800093,14.90416655772357
1768918308.8479133,14.88998124622055,2.4290216661741493,15.086805088140535
1768918308.8678012,14.966203162029373,2.4695645195537566,15.1685854977772
1768918308.8878438,15.15171621713393,2.4264496978599475,15.344776390055475
1768918308.9076755,15.346935664436188,2.402685003199096,15.533876834613478
1768918308.9277828,15.456952134831077,2.426228997516507,15.646212207651057
1768918308.9480422,15.597193015209704,2.4379277895737594,15.786574101459834
1768918308.967611,15.806271605452778,2.4377590041470256,15.99315137887598
1768918308.9877422,15.83162124556474,2.5146525048579775,16.030087600609217
1768918309.0079844,16.191390313557655,2.4398935471712555,16.37419313454854
1768918309.0281992,16.38450001658756,2.4313741139269887,16.563919248638953
1768918309.0477006,16.445800487585885,2.4916523313136523,16.63348084489897
1768918309.067682,16.69131753221945,2.485490135945465,16.87535902365513
1768918309.087634,16.995614399870178,2.438163442522331,17.169611230354835
1768918309.1076765,17.132866616840964,2.628517971950025,17.333327010107663
1768918309.1276658,17.350214586197175,2.631390849321356,17.548622851636576
1768918309.1476216,17.545509838078274,2.5378876010463536,17.728107314477946
1768918309.1676154,17.644428252005213,2.593387676891105,17.833998653773932
1768918309.1877217,17.774635454819105,2.6374141848994945,17.969240917034348
1768918309.2077966,18.167936067043676,2.509009062018178,18.340366065307308
1768918309.22767,18.293584234338873,2.5628309133484866,18.472231224983798
1768918309.24811,18.459250929594674,2.5990472850508457,18.641324836815436
1768918309.267973,18.56464432796063,2.656335985547118,18.753723360756748
1768918309.2881987,18.574954319618755,2.753054273683045,18.777865581843106
1768918309.3086777,18.73279201494114,2.8069288252191438,18.94192033836297
1768918309.3280563,18.951341262691578,2.6661453409133973,19.137964014854628
1768918309.3477764,19.131400372302224,2.787456389086323,19.33340097671343
1768918309.3676512,19.396433536500332,2.7946002107920886,19.596719732496915
1768918309.3877518,19.689882350864643,2.686689030101153,19.872336675271903
1768918309.4076688,19.830809186666627,2.7381027645536538,20.018946019889206
1768918309.427754,20.17353183842563,2.5884397980302545,20.338913624478558
1768918309.4478776,20.344336369733668,2.631307925290935,20.513795448979376
1768918309.4684286,20.597803038591216,2.6209053365498907,20.76387812523839
1768918309.4877884,20.708006506196632,2.6825691996174115,20.881037114363313
1768918309.5078526,21.030207193359047,2.7534710588049567,21.209696307757145
1768918309.5277321,21.10919419518303,2.827607254762551,21.297733268053076
1768918309.5476148,21.47659925874592,2.8561149879365626,21.66568043115844
1768918309.5677347,21.583524350343666,2.9265606551175622,21.781030293582536
1768918309.5877273,21.78788785427826,2.992081088356059,21.992376096954693
1768918309.6078327,22.009867999728804,3.035941790250753,22.218263476682353
1768918309.6279905,22.36035274878971,2.990568891303809,22.559452062138867
1768918309.6486278,22.54932186237734,3.04928911025225,22.754561752118885
1768918309.6677322,22.765469107036758,3.0475284465082595,22.968543995989865
1768918309.6883461,22.842261725091504,3.130137879492146,23.05572995726251
1768918309.7077792,23.119913154508602,2.9677039783557415,23.309604268952494
1768918309.727953,23.334453023624434,2.9358126259207857,23.5184118019532
1768918309.7477002,23.602853416700235,2.9788728817481456,23.790089807645796
1768918309.767609,23.870947208170335,3.1129948547770816,24.07307328907391
1768918309.787608,24.053127537034705,3.179777396477917,24.262397420782825
1768918309.8076751,24.28596069612059,3.2415550620800566,24.501338048237507
1768918309.827648,24.56055799254044,3.1924501604419167,24.767170749438613
1768918309.8476446,24.701528590838862,3.2077917985682856,24.908943031509622
1768918309.8676405,24.827369914862153,3.2867984154337115,25.04398811517646
1768918309.8877509,24.875331607162337,3.3760667728780334,25.10338521835692
1768918309.907615,25.0440315738499,3.3091180346766773,25.26170579433252
1768918309.9278135,25.181916524456803,3.3208210956275614,25.399936468303924
1768918309.9477396,25.28116466848835,3.402272615673313,25.509071836242576
1768918309.9677908,25.41744707958854,3.434473958725798,25.648435184565347
1768918309.9876404,25.664377016742414,3.50501992067219,25.90261400518884
1768918310.0078413,25.805710163396434,3.5451397870681536,26.04808425099772
1768918310.0276299,26.023655126254113,3.622704916062439,26.274600226056247
1768918310.0482519,26.231615601690535,3.5934535259374307,26.476604112271016
1768918310.06792,26.327369175509816,3.676578361949451,26.58284401931327
1768918310.0876238,26.539343754205667,3.5141952448535676,26.770998022540116
1768918310.1083202,26.706257778052994,3.5858966436539355,26.94592472428409
1768918310.127896,26.961131384614724,3.669167754435515,27.209656329116807
1768918310.1475363,27.14326833478136,3.7568549463861185,27.402025016084675
1768918310.1675746,27.41385350934027,3.719189094344033,27.664991085323983
1768918310.187885,27.48097813428018,3.7512512682753894,27.73582602509835
1768918310.2076037,27.679201685135745,3.844668362334197,27.944940163520748
1768918310.2277,27.85846678182724,3.805640177592167,28.117202360751957
1768918310.2476156,28.008807026518042,3.899956373116515,28.279019268018093
1768918310.267717,28.154154800354434,4.035071891207224,28.441839562333715
1768918310.2878072,28.30016770840045,4.134760741721903,28.60062479588298
1768918310.307668,28.43410883747066,4.049915155991878,28.72107863837742
1768918310.327942,28.616677006476245,4.157255037019953,28.917070604330135
1768918310.34772,28.736949573013113,4.256271384372095,29.050440906453098
1768918310.367754,28.99215125341744,4.1970810712452185,29.294373586401182
1768918310.3877804,29.0581278741928,4.218053103676018,29.36267643690492
1768918310.407739,29.26745835600211,4.34085846496172,29.587618539401703
1768918310.4277332,29.37389236561075,4.35678619621892,29.695237642862015
1768918310.447871,29.521685849100805,4.470889580449951,29.858311891558348
1768918310.4677687,29.708368230522154,4.440765331446473,30.038434374135996
1768918310.4877982,29.77678782221777,4.487057460342021,30.112966935554315
1768918310.5078547,29.831646350777092,4.575552280639158,30.180503684840886
1768918310.5284524,29.939621229030358,4.52661185373219,30.279880023080576
1768918310.5476544,30.045255930246654,4.628449360592462,30.399670185671265
1768918310.568773,30.11459986465578,4.724315357965244,30.482917849343625
1768918310.5876477,30.254316866923595,4.608886814536506,30.603358096023157
1768918310.6077356,30.37928783353268,4.717192900470032,30.74334136252713
1768918310.6277094,30.557588403482654,4.856434561985143,30.941091863273044
1768918310.6476128,30.63814380831017,4.826781508701718,31.01602288739547
1768918310.6676347,30.748970062406407,4.940387460372488,31.143323331933782
1768918310.6876495,30.921283801359536,4.93827405502325,31.31313370722795
1768918310.7075899,31.01267119540546,5.04562446465941,31.420440813468883
1768918310.727653,31.156717111128046,5.064181602045307,31.56559767280438
1768918310.748334,31.28567699264088,5.1986342062476005,31.714655642119567
1768918310.7676325,31.417743451835456,5.172680062933981,31.84071642785106
1768918310.7877114,31.47440311726593,5.264831332200249,31.91169849043884
1768918310.8076706,31.51692949346613,5.348926666170444,31.967606434892563
1768918310.8276951,31.63642380181146,5.28788151694029,32.075302054774504
1768918310.847609,31.661377073165085,5.316647291682266,32.10466533999842
1768918310.867597,31.840252685890498,5.497731237284123,32.31140262908385
1768918310.887673,31.910384397274733,5.431667070466139,32.36936266821176
1768918310.9076457,32.05560696920486,5.597864320914006,32.540713316082936
1768918310.9277427,32.09031069715738,5.57172322742376,32.57041817912547
1768918310.947628,32.217291272708394,5.731016790032788,32.72305625087868
1768918310.9681036,32.289662083535546,5.689613319076781,32.787100774382736
1768918310.9877145,32.38842192582561,5.829790767063756,32.908909663388165
1768918311.0078924,32.49844178557926,5.831491169895392,33.017495479749094
1768918311.027992,32.550717038095144,5.931783711445911,33.08678342924124
1768918311.0475855,32.623122624623846,5.847468065766014,33.14303867422837
1768918311.0678296,32.68924842959836,5.932108956569071,33.22313771401801
1768918311.0877345,32.76533447300876,6.06429111389815,33.32180622118555
1768918311.1078074,32.8248715738325,6.110177800348573,33.38871765417878
1768918311.12762,32.895850434029356,6.244369307405426,33.483266325513945
1768918311.147633,32.95095171665303,6.298835373003893,33.54758629304654
1768918311.1681628,32.98483664276557,6.388906162138097,33.59788044354192
1768918311.187712,33.06419736197772,6.549555937659248,33.7066437096953
1768918311.2076218,33.14541993701304,6.46348376164179,33.76974215385644
1768918311.2275863,33.20126053874962,6.508801367842818,33.833241000648535
1768918311.2476275,33.23025031018559,6.594803440951802,33.878325934177724
1768918311.2678497,33.287242359729525,6.565596663792332,33.92856559695639
1768918311.2877426,33.327240087602114,6.673238245105111,33.98877815592386
1768918311.3077414,33.38159549386948,6.749316352213363,34.05707252449309
1768918311.3279598,33.40618173152925,6.8310849793760955,34.0974588477707
1768918311.347691,33.47812154526923,6.851999270050625,34.172130694421064
1768918311.367631,33.52075344107144,6.976085376625896,34.2389643307019
1768918311.3876343,33.5843011301007,7.043526491121922,34.31496099121227
1768918311.4077034,33.59372695209696,7.095538530353771,34.334897081071624
1768918311.4276083,33.65908646328933,7.182145805214233,34.41681739950025
1768918311.4477127,33.67077445752585,7.242356268452401,34.44085911949304
1768918311.4676743,33.73242641274132,7.218263019631081,34.496085469391765
1768918311.4882076,33.76189270518132,7.245215723358735,34.53054517255961
1768918311.5076365,33.77975096957402,7.329068345487423,34.56568845516117
1768918311.527612,33.787598309229786,7.382155271702569,34.58465000489948
1768918311.5477495,33.81988558202063,7.318752753060613,34.60272825430676
1768918311.567715,33.82910036842037,7.378316770882675,34.62437855194152
1768918311.587742,33.84829909387815,7.429529186154262,34.65407992540778
1768918311.6077917,33.86638292543429,7.506371097734377,34.68829052445579
1768918311.6276114,33.88005400289518,7.617198763201618,34.72577970668497
1768918311.6475928,33.90658509730715,7.605279564186377,34.74905452253863
1768918311.667718,33.910405475875045,7.682522980813033,34.76976788661346
1768918311.6876252,33.92332428713838,7.7235089658906375,34.79144322152425
1768918311.708431,33.921995754660514,7.746842327677628,34.7953353487088
1768918311.727668,33.940313050953314,7.744578685006761,34.8126894825001
1768918311.7479012,33.93946192607592,7.789883145009236,34.82196656199152
1768918311.7678053,33.94639611135154,7.810911846638579,34.83343441041583
1768918311.787646,33.94477122815664,7.846427421739861,34.83983233335835
1768918311.8076372,33.94928517019101,7.845724285572494,34.84407199413084
1768918311.828025,33.947334239133355,7.880242316836526,34.84996012788963
1768918311.8479207,33.95436567757204,7.897817327535108,34.86078695476331
1768918311.8680224,33.950534299775555,7.960352768235369,34.87127751366429
1768918311.8877914,33.95211131738777,8.01227528721504,34.8847017786652
1768918311.9078894,33.95896565705247,7.9883890758785405,34.88589555285179
1768918311.9275818,33.951168199689235,8.058966047334492,34.894537622322495
1768918311.9478333,33.94788576333367,8.07975774133987,34.896152122534865
1768918311.9675775,33.94778080706503,8.101824976301575,34.90116602165545
1768918311.9877446,33.938750861472904,8.162426063093706,34.9065038248261
1768918312.0079005,33.94040861438864,8.157527902356648,34.906970627503526
1768918312.0277328,33.93554236183586,8.186270873944064,34.90896827770109
1768918312.0477064,33.92559118836478,8.236566286776213,34.91112661711897
1768918312.0677223,33.91225372067181,8.298496660557255,34.912834305459924
1768918312.0877285,33.91907155056283,8.243448412723536,34.90641569375801
1768918312.1079535,33.903238462392,8.31307640364549,34.90754671314877
1768918312.1277192,33.89068704741987,8.357823987611823,34.906043751104946
1768918312.1477294,33.88767621656859,8.337836095734662,34.89833964701364
1768918312.167717,33.88091561050739,8.356391955709036,34.8962136789045
1768918312.1876175,33.8762895662476,8.348933982062668,34.88993685023085
1768918312.2075944,33.86750392285167,8.371632190556227,34.886846339248414
1768918312.227588,33.86410896259553,8.380825703304051,34.88575805826362
1768918312.2477515,33.85502658675938,8.403029716584747,34.88228395056709
1768918312.2676072,33.8435587066922,8.44811907830614,34.882046698761265
1768918312.2881098,33.836006007712584,8.455240293126177,34.87644464346196
1768918312.3077507,33.82629930852729,8.476760188370948,34.872252410781044
1768918312.32763,33.804055429727626,8.52977447107597,34.86360876363084
1768918312.3476167,33.80267905974489,8.515871915006375,34.85887528433627
1768918312.3676574,33.78771082692454,8.535196052489686,34.84908857600596
1768918312.3876953,33.77482783091642,8.559290235663294,34.842509156867095
1768918312.4077342,33.75869479428676,8.600340535316018,34.83698223924116
1768918312.4277015,33.73862010462608,8.638744969644396,34.8270354927725
1768918312.4476936,33.73818018562595,8.592091550890288,34.815066271036216
1768918312.4677467,33.71437729481126,8.63670348849623,34.80304417037521
1768918312.4877975,33.707236447680536,8.633256576582493,34.79527134621812
1768918312.5077069,33.68502653977851,8.67435310984916,34.78398215932058
1768918312.527602,33.668311002076905,8.714995229800266,34.777957208381494
1768918312.5477214,33.651190244350936,8.744594973142002,34.76881571330551
1768918312.5679536,33.64941233550416,8.70660647746041,34.757559564476544
1768918312.587658,33.63887068379425,8.721346893254553,34.75105052388364
1768918312.608417,33.63573560675057,8.7071113030897,34.744445556831394
1768918312.6278276,33.625657854153445,8.720577414934219,34.73806754231519
1768918312.6477835,33.60923810440545,8.744839277579018,34.728275222782194
1768918312.6676853,33.59295602155215,8.770093993392312,34.71888884913906
1768918312.6877286,33.58665163206014,8.758411035740327,34.709839119828054
1768918312.7076437,33.57152266979584,8.78054283991353,34.700793462573344
1768918312.7277114,33.566201314652275,8.766287313681694,34.69204035455079
1768918312.747721,33.55524524040858,8.77136496417147,34.6827237465378
1768918312.7676141,33.54773053525878,8.777557470560396,34.677020333577175
1768918312.787709,33.543854658169096,8.770255076586743,34.67142280663959
1768918312.807842,33.53684686052756,8.775167440186062,34.665886126706454
1768918312.8276849,33.532950777681165,8.774822460477996,34.66202961557931
1768918312.8476,33.523751265686364,8.783846640234735,34.655416037363786
1768918312.8676221,33.509715447564325,8.845387030859108,34.65749415497926
1768918312.8876371,33.50462244499444,8.847310543011243,34.65306088971222
1768918312.9076135,33.5100721394024,8.779768922049492,34.64115005470429
1768918312.9276738,33.5045457383943,8.78144330261979,34.636228599737606
1768918312.9476655,33.50664677274708,8.764233009905258,34.63390186227298
1768918312.9676127,33.49280613222379,8.781270362774608,34.624828834159906
1768918312.9878218,33.48444555762087,8.810646979853747,34.62420532669136
1768918313.0080822,33.475997656847454,8.817908919618425,34.61788463837649
1768918313.0276911,33.472614120912056,8.814958698186006,34.61386128328081
1768918313.0479875,33.466974262057505,8.816815338846146,34.608880348496285
1768918313.0676858,33.470739894152224,8.777662368986167,34.602569062511954
1768918313.0877497,33.46519635561279,8.778935949979424,34.59753002070467
1768918313.1076121,33.43997903075145,8.895994893679642,34.60304788202148
1768918313.1276844,33.43532532685935,8.898175203869492,34.59911128442001
1768918313.1476364,33.43268992589879,8.895614298879075,34.595905963505516
1768918313.1677513,33.42194829762023,8.941936870648352,34.59746902603513
1768918313.1878214,33.41858472180363,8.939952339099095,34.593706835690945
1768918313.2075555,33.41327813419834,8.949726135773613,34.59110801316787
1768918313.2275994,33.40791822320738,8.94799034457293,34.58548150908242
1768918313.2476923,33.40575954135488,8.949873815021324,34.58388370093253
1768918313.2676435,33.40164468398711,8.945724070645955,34.578835242724104
1768918313.2876086,33.41525670479374,8.839221055807851,34.56459473971451
1768918313.3080778,33.412917644812794,8.83085120621166,34.56019384444034
1768918313.3275924,33.39700783827127,8.843829549687092,34.54813241918398
1768918313.3478029,33.390191462897185,8.850021616839008,34.54312910764527
1768918313.367701,33.37457051364339,8.8490070487304,34.527769732761996
1768918313.388239,33.35461855908438,8.911244697625381,34.52449653916727
1768918313.4075825,33.33950754729439,8.910957915338184,34.50982373853897
1768918313.4276912,33.3235903261779,8.97022297429579,34.50980400459442
1768918313.447638,33.298696277962804,8.97528637110289,34.487083658310674
1768918313.4676592,33.287742168370684,8.973596840357148,34.47606733548929
1768918313.487595,33.27420121262132,8.9769264700489,34.463860421993864
1768918313.507572,33.25695493336293,8.990429449185338,34.450731097039316
1768918313.5276988,33.2465637535943,8.988591407572494,34.440220337769276
1768918313.547886,33.23735211838977,8.906618395601004,34.41001928343963
1768918313.567802,33.21601326999895,8.907905544204493,34.38974147528904
1768918313.5880847,33.18247996240936,8.936871252772143,34.364875152462346
1768918313.6075933,33.15417395221304,8.941384846595477,34.33871886702428
1768918313.6276267,33.10943600446867,8.989329276492404,34.30805726611767
1768918313.6476834,33.07699067838334,8.99562584687244,34.27839839774866
1768918313.667603,33.03777117641538,8.963851495174568,34.232221048782776
1768918313.6877224,33.010823768928496,8.966756686619505,34.20697606308237
1768918313.7076228,32.96795655939983,9.003902888606383,34.1753774950611
1768918313.728004,32.9436840675898,9.005988546370496,34.152513079457655
1768918313.747571,32.918204294998596,9.040909649540865,34.137167739846625
1768918313.7680826,32.889103649092306,9.091860082903438,34.12264729776735
1768918313.7877731,32.823224477670074,9.110838205617261,34.064225191841
1768918313.807822,32.806740251914846,9.111209339649516,34.04844110363243
1768918313.8277345,32.77310631706721,9.086085437985641,34.00931411034579
1768918313.8477097,32.72509609095979,9.097087972917569,33.96599658113321
1768918313.8677354,32.68301977284055,9.101735971138874,33.92670598746967
1768918313.8876436,32.618548690986614,9.117981588804774,33.868972629237625
1768918313.907722,32.56817498520077,9.152029826485503,33.82965669071351
1768918313.9278874,32.52443592728954,9.177865093255374,33.79455784676518
1768918313.947611,32.46107678444653,9.19372622458631,33.737903134284736
1768918313.96789,32.403513265728876,9.167302336343193,33.67531891590918
1768918313.9877172,32.32829987199241,9.185587402512121,33.60794531866912
1768918314.0075827,32.27575937533672,9.148197055709737,33.547192917213394
1768918314.0276237,32.24487012130244,9.15072554013581,33.51816562776902
1768918314.0476704,32.20035000429247,9.142003926652514,33.47295589268847
1768918314.0676198,32.100822975732,9.16535766845585,33.38362797704896
1768918314.0876837,32.03478538635021,9.168119815250563,33.320892780600985
1768918314.1076376,32.00077403995421,9.170544806688941,33.28886347125261
1768918314.1276088,31.916729162659898,9.212037489631292,33.21956103191246
1768918314.1481361,31.853426513296384,9.223089367898307,33.16181777475734
1768918314.1676178,31.758043393928638,9.203008532384994,33.064613807782564
1768918314.1882944,31.684168632605207,9.201190404211076,32.993157575380835
1768918314.2076123,31.575739530560114,9.222838539434239,32.89510719888674
1768918314.2276225,31.51587001591814,9.230493781963862,32.839794127234136
1768918314.2476852,31.458988145649116,9.15941727975047,32.76526911308197
1768918314.2676528,31.39726014933884,9.165523088334115,32.70771710725233
1768918314.287666,31.360845647736937,9.080220239579585,32.64893626659912
1768918314.3077,31.31956431778128,9.018660551821714,32.59219764306518
1768918314.327675,31.25571016664579,9.021798644461413,32.531711741046934
1768918314.347726,31.207714082475903,9.051330417299727,32.49381480492403
1768918314.3678365,31.107920200707326,9.063105974553588,32.40127449838299
1768918314.3878016,31.013513105667656,9.030613628104096,32.30154760465075
1768918314.4076252,30.933171585818293,9.036057240958304,32.22594350549804
1768918314.4278364,30.827088011353595,9.115029812642787,32.14643251972304
1768918314.4475815,30.731311261912623,9.124228930678278,32.05721518560188
1768918314.467615,30.634203085795313,9.130504254992758,31.96592727658924
1768918314.487628,30.547746528060514,9.136433959878314,31.884780749533952
1768918314.5076647,30.423627029631923,9.136131848342133,31.765799010703976
1768918314.527642,30.334045653985548,9.141285997439075,31.68149989228817
1768918314.547852,30.213095350821483,9.171937224230437,31.57460313484644
1768918314.5680995,30.147688917884352,9.171892109576937,31.51200964647045
1768918314.5876598,30.072361275828307,9.151414472641974,31.4339831958029
1768918314.6077123,29.97789007888739,9.155342981615085,31.344763497159516
1768918314.627706,29.8807801556353,9.170366176664892,31.256305580210977
1768918314.6477983,29.741137672176897,9.182006550792764,31.126267272742183
1768918314.6679518,29.598825424277592,9.191170114880666,30.99303267796711
1768918314.6877692,29.469794455753693,9.11612084829341,30.84756788768056
1768918314.7076738,29.35289050574746,9.118059811836968,30.736479885872352
1768918314.7276878,29.22718217242474,9.16518095913635,30.63051941697721
1768918314.747682,29.198958447373364,9.155820137352421,30.600787846050377
1768918314.7676208,29.069016663968597,9.129153956483233,30.468823111030353
1768918314.787638,28.946911564027317,9.128982165732017,30.352298174567796
1768918314.807622,28.851876455315377,9.150770580933921,30.2682569240065
1768918314.8275888,28.67907153588706,9.153958763694405,30.104552898323288
1768918314.8477669,28.561955473379072,9.10512843853855,29.97813643883776
1768918314.8681576,28.384565590993354,9.104434252093164,29.808963196328904
1768918314.8880813,28.26079905083381,9.0748468394704,29.682075536448846
1768918314.9078188,28.146250449045972,9.06727169582072,29.57070899295876
1768918314.9276512,28.05113943939444,9.046855352277856,29.47392094061102
1768918314.9479072,27.95182294429833,9.036486409137765,29.376223251669607
1768918314.9677486,27.925203954087287,9.005950351756171,29.341509123009832
1768918314.9875991,27.84214512631123,8.994027054549075,29.258803254619572
1768918315.0076368,27.725323559318902,8.981113847843766,29.143678086625492
1768918315.0278058,27.623664197304265,8.97039009037379,29.04366922513245
1768918315.0476706,27.468217781827185,8.957564450808949,28.891883791132127
1768918315.0678787,27.345280720361217,8.868642604131587,28.74747292050515
1768918315.0877779,27.18702825233568,8.851303441466033,28.59160852079167
1768918315.1075792,27.070466361421815,8.807410174369203,28.46718502072961
1768918315.1276786,26.87277946938088,8.785259407721947,28.27237272092573
1768918315.1476092,26.744439359363753,8.786289501339144,28.15073568928577
1768918315.1676505,26.54286288109246,8.759886926864326,27.951014094231436
1768918315.1876163,26.49610162244555,8.718044282404898,27.893506364330293
1768918315.2076035,26.348587276096502,8.691412276193166,27.745066206459768
1768918315.227906,26.270221269199148,8.705480670437591,27.675077583198313
1768918315.2475817,26.13991364215994,8.678806951797245,27.542998662566564
1768918315.268395,26.02956158395083,8.650547163176315,27.429364602101643
1768918315.289013,25.80102154168265,8.519916741561516,27.17133956722621
1768918315.307644,25.765403768390897,8.498766270052128,27.13088755387828
1768918315.327682,25.6466862343823,8.498662614226031,27.01813800089299
1768918315.347746,25.51246353849541,8.463903647363477,26.87979651624823
1768918315.3676524,25.337624615090114,8.422173827493399,26.7007159663507
1768918315.3876646,25.142200094570818,8.379019666789606,26.501664026469808
1768918315.4079638,24.973747201717593,8.295510271639888,26.315461994085915
1768918315.4278343,24.79480354907158,8.245642869987279,26.12992363893214
1768918315.447609,24.660578133205362,8.184952007540556,25.983409191822165
1768918315.46768,24.43809240796719,8.121525929556446,25.75227259806018
1768918315.4876416,24.403116111341575,8.195549224654346,25.742554322315243
1768918315.5077252,24.17815153712018,8.129571289387707,25.508291614711947
1768918315.5276606,24.144294263174636,8.089845884569826,25.463553402910186
1768918315.5476134,23.896067223846487,8.013621665235657,25.203971134726462
1768918315.5676968,23.79599618808807,7.966528213272682,25.0941229445536
1768918315.5876067,23.56595367960876,7.8888478230502965,24.851319739698152
1768918315.6076226,23.423010967789153,7.826946112732623,24.696123749463016
1768918315.6279063,23.1900326236957,7.741878750794486,24.448196245941624
1768918315.647605,23.10404805666792,7.72057373827206,24.35989112153248
1768918315.6676507,22.92265908390179,7.70702464963022,24.18360040247922
1768918315.687667,22.70754715454226,7.621209092593794,23.952359503998654
1768918315.7080886,22.60762379861253,7.5460333315813415,23.83374231758261
1768918315.727649,22.39039730482606,7.454172686201446,23.59861398268283
1768918315.7479396,22.260829224732817,7.390561134122427,23.45559446379306
1768918315.7679422,22.143326397504836,7.385957280304577,23.342649140423603
1768918315.7878907,21.97287400736076,7.284662563230011,23.14894167782784
1768918315.8077135,21.774060510068395,7.190748376061467,22.930690641669532
1768918315.827649,21.571560549583516,7.110205945184319,22.713151545465514
1768918315.8476613,21.370478356932708,7.010290218081337,22.490920704716743
1768918315.8678412,21.19517672993601,7.015739142584607,22.32613070664092
1768918315.887631,21.01477715739663,6.922266051631922,22.125519796484216
1768918315.9076645,20.807210945989617,6.833678582327833,21.900666435464384
1768918315.9277022,20.763931582266217,6.799600932307737,21.848922801631954
1768918315.9477472,20.496592328729314,6.737773520494798,21.575631835559445
1768918315.9676626,20.35943789764636,6.659204890493658,21.420824477169255
1768918315.9876106,20.11851232212843,6.57554357383013,21.165828860381826
1768918316.007733,19.956463355313332,6.482032251537888,20.98278274590721
1768918316.0276375,19.811444145832702,6.427207432152473,20.827921512224037
1768918316.0476859,19.553275509634823,6.280541583773887,20.537180569425733
1768918316.0676138,19.401499978013312,6.243881140773265,20.381468374407046
1768918316.0880485,19.16489275976746,6.103961937843184,20.11346478934014
1768918316.1084192,19.009728276921606,5.9580868144443855,19.921560371889772
1768918316.1278174,18.771261768522955,5.811218118655006,19.6502041822724
1768918316.1478052,18.568346934294944,5.739154108806332,19.435055897963583
1768918316.1678061,18.361741909388265,5.67608555910531,19.219040382424645
1768918316.1876004,18.217536119234097,5.580392266076041,19.05306799701508
1768918316.207653,18.081131330834438,5.565697625214948,18.91835881513526
1768918316.2276583,17.88696542411926,5.438214769641014,18.69539280048375
1768918316.2479026,17.725808717366597,5.403005524030361,18.530967685940535
1768918316.267616,17.505559038829162,5.256703511097069,18.277787860283137
1768918316.2876601,17.433491267032153,5.200989673250415,18.192770853801896
1768918316.3076587,17.113071234006995,4.984922597921884,17.824327767617774
1768918316.327603,16.923544674964127,4.932581797586073,17.62772610280135
1768918316.3476126,16.601297842010858,4.707957427870648,17.255954137102844
1768918316.367817,16.349060919490455,4.788118608654186,17.0357821293814
1768918316.3875997,16.126473511610286,4.629375546681523,16.7777908519829
1768918316.4076183,15.97566751260829,4.65099899807398,16.63892256588428
1768918316.4277203,15.778252968847951,4.508212992249497,16.40966944007241
1768918316.4477518,15.705086565648948,4.451473611160932,16.323766763384892
1768918316.4681332,15.564685451738008,4.432006958739013,16.183390216325375
1768918316.4876714,15.441670897348075,4.3422994599792695,16.040597392308765
1768918316.5077105,15.391968757005806,4.3083649154942645,15.983576272590085
1768918316.52771,15.271194410060403,4.211884321490116,15.841380881964627
1768918316.547848,15.149200370146005,4.1200756241312035,15.699467984724578
1768918316.5678525,15.053436209915091,4.040807490237448,15.586342319452049
1768918316.5880375,14.884374777241696,3.9084018202476223,15.388964139860217
1768918316.607774,14.669953468879598,3.730926116678919,15.136952945266408
1768918316.6276171,14.456010124057613,3.554520692623786,14.886599546610599
1768918316.6477184,14.378721783436866,3.6386666442962152,14.831976775662634
1768918316.6676428,14.026857120003037,3.3379185286665365,14.41854433599298
1768918316.6879427,13.884296255143923,3.460731556881541,14.309100090830286
1768918316.7076876,13.561039719094452,3.1759713937204115,13.927978767810774
1768918316.7279086,13.437684356809314,3.2275296843334242,13.819851979543454
1768918316.7479134,13.142372891911556,2.9593159578418415,13.471433337562456
1768918316.7677228,13.063622992585564,2.9466480305305307,13.391825129840953
1768918316.787671,12.861282661249469,2.7615597918431387,13.15442146871085
1768918316.8076665,12.815281269042316,2.7301709700315833,13.10287249156726
1768918316.8276615,12.593785141467436,2.519703885395188,12.843376964783117
1768918316.8480062,12.521372794851878,2.5984766446425223,12.788153015209405
1768918316.8677132,12.345393031431009,2.4320195962318802,12.582664599239749
1768918316.8876193,12.15192000397402,2.464474154215935,12.399306135416703
1768918316.907647,11.852501530261208,2.1586749993273706,12.047475680721057
1768918316.9276676,11.681885863449452,1.9893447865345841,11.85006118154554
1768918316.947636,11.413377030321456,1.8123358834053942,11.556372120633197
1768918316.9677103,11.368006135246212,1.7844847483966433,11.507212925302795
1768918316.98781,11.102947571711624,1.6079276578833515,11.218773379169546
1768918317.0078108,10.880198398553595,1.361044236827265,10.964996972479698
1768918317.027626,10.698137730786847,1.4010783015817676,10.789493561518464
1768918317.0481846,10.563981903861247,1.4538635125674109,10.663556291326207
1768918317.0677629,10.442512266132944,1.3321962390094235,10.5271463012332
1768918317.0877655,10.348798769971872,1.4244206668338038,10.446368278855315
1768918317.107673,10.209882716142737,1.279358334750345,10.289726081197951
1768918317.1276348,10.171108541041342,1.2495603376253257,10.247577762135325
1768918317.147622,10.089955454165725,1.17905946380011,10.158611238069172
1768918317.1675935,9.97534640391953,1.1575785082987284,10.04228678544212
1768918317.187908,9.769375743163685,0.9084423898651401,9.811522307308836
1768918317.207799,9.691162239305676,0.8370897149223229,9.727247541795826
1768918317.2276735,9.471770034474908,0.7054283493093259,9.49800277647812
1768918317.2476013,9.297861951794268,0.6927729824249091,9.323635089373747
1768918317.2676609,9.105792573767573,0.4399433654957967,9.116414238137956
1768918317.2876592,9.031888024520711,0.3713629795063351,9.039519442427704
1768918317.307786,8.809335272280727,0.3309032339614557,8.815547906380834
1768918317.3279812,8.721332902975917,0.23825071353137695,8.724586580866083
1768918317.3476775,8.576861893352365,0.15298529089755597,8.578226182426699
1768918317.3684242,8.461023524396857,0.03514370267405553,8.461096510514146
1768918317.3879282,8.376962383159906,-0.05849218577697535,8.377166591674841
1768918317.4090416,8.2934448165162,-0.1504946639474607,8.294810158676091
1768918317.4281533,8.256884848053176,0.07957097291317972,8.257268248866598
1768918317.4479687,8.116265847037084,-0.12131412586756873,8.117172439767163
1768918317.46782,8.069418820901411,0.048023273401861744,8.069561719319468
1768918317.4877353,7.903922621097593,-0.20732738393461325,7.906641350436189
1768918317.5077431,7.863079719940323,-0.25101745000816855,7.867085384203313
1768918317.5276644,7.677177619757963,-0.5660817314962046,7.698019533103711
1768918317.5476167,7.573524372219708,-0.5479032758595128,7.593317418382003
1768918317.5677905,7.422063143468193,-0.8074349996000638,7.4658537746334215
1768918317.587729,7.249443571235261,-0.8332650789028664,7.297174986543989
1768918317.6079354,7.142363004558973,-1.0057854973503497,7.212832575041027
1768918317.6275592,6.984228260748118,-0.9539103610892594,7.0490701071294595
1768918317.6476293,6.88705556257203,-0.9005242006148597,6.9456805395761885
1768918317.6676378,6.808613141100686,-1.0098053800232876,6.883089408884133
1768918317.6876652,6.737690757361769,-0.8510799409512444,6.79123065487602
1768918317.707602,6.629530802518914,-1.0456433364788928,6.711486321871616
1768918317.727684,6.586258943828447,-1.0641012070231266,6.671665328383034
1768918317.7477343,6.532597471202294,-1.291754793737379,6.659088538824372
1768918317.7676146,6.4415387866687155,-1.1674297649302439,6.546473416749094
1768918317.7876065,6.351417226184289,-1.3336323538887616,6.489921111724657
1768918317.8076031,6.297322489866907,-1.207786614749577,6.412099425940913
1768918317.8279693,6.192460681500272,-1.4314024261856888,6.355744031788653
1768918317.8476958,6.144659384799681,-1.4773817036309964,6.31977022156901
1768918317.8676486,6.02801319248033,-1.545724834807845,6.223038511343043
1768918317.8876054,5.964003442532608,-1.300396980089241,6.10412724051244
1768918317.908216,5.846824972905864,-1.6103785437379559,6.064542960349711
1768918317.9276602,5.805339886833934,-1.4331058233020961,5.979612320414043
1768918317.9476001,5.6900228323836615,-1.7757030078131137,5.960661121469994
1768918317.967665,5.634304416776985,-1.7254066225938507,5.8925728060163465
1768918317.987677,5.575436378349842,-1.851013451615834,5.874669489178907
1768918318.0077665,5.562217757917821,-1.8762161626256422,5.870132321795995
1768918318.0279174,5.507147579035511,-2.001744416498341,5.859663400423183
1768918318.0476148,5.4806466844610995,-1.9168044988557824,5.8061715068303155
1768918318.0678127,5.445779771483259,-1.9461036016355218,5.7830646328564415
1768918318.088717,5.43228952433055,-1.7861718361836765,5.718407060058526
1768918318.1079385,5.399088848342913,-1.818190782375186,5.697014842302493
1768918318.1282682,5.376716419983367,-1.7817751450773098,5.664256538022799
1768918318.1480556,5.39241815155966,-1.9199058070009136,5.72400312971839
1768918318.1676202,5.351631385225907,-2.1724631861672385,5.775773089257132
1768918318.1877935,5.306572015562203,-2.0420001125748186,5.685901073365899
1768918318.2077854,5.248079260098855,-2.294115954516517,5.727591460033351
1768918318.2275975,5.228908057439767,-2.304982465293705,5.714404924265516
1768918318.2476866,5.193459457586421,-2.427099683641347,5.732611447841705
1768918318.267659,5.177038693880746,-2.4460460124358323,5.725807430650431
1768918318.2880058,5.135774755819455,-2.695234310507895,5.800040545638569
1768918318.3076124,5.15737277595521,-2.5049839044534163,5.733536283284046
1768918318.3276825,5.136052257149544,-2.5871178099624386,5.750844403285118
1768918318.3479009,5.149996520473692,-2.5373040935753783,5.741112803644039
1768918318.367761,5.1336440483588035,-2.5864643883207004,5.748399711859027
1768918318.3876212,5.15205918401999,-2.4430144816371877,5.701932443753936
1768918318.4078135,5.134989248719393,-2.5553798949517024,5.735684875582613
1768918318.4276204,5.165013672101047,-2.6430005879985035,5.8019667649126685
1768918318.448096,5.174089141473381,-2.6102603592225706,5.795227138502985
1768918318.467678,5.161139662280384,-2.8283964628470923,5.885336792793562
1768918318.4877827,5.154660613684804,-2.774994525781848,5.854154137054526
1768918318.507599,5.210736835767207,-2.965107472389384,5.995301551585259
1768918318.5276732,5.260657311317118,-2.832359042479533,5.974677655960179
1768918318.5476758,5.258858707377705,-2.876591976774839,5.994195217458945
1768918318.5675867,5.326674410379589,-3.016682137557543,6.121587326278331
1768918318.587731,5.334672601582319,-3.2312845431141106,6.23698096555066
1768918318.6076813,5.390483519961975,-3.33539085809693,6.3389387720073636
1768918318.627926,5.400954202741055,-3.4493534417156773,6.408458899453288
1768918318.6476204,5.5186289579912895,-3.398973162247212,6.48137980168242
1768918318.667618,5.528711591469829,-3.402596230396285,6.491865137906045
1768918318.6877565,5.646913486389764,-3.2198145259767754,6.500372105076881
1768918318.7077668,5.663192205875539,-3.2537799793815765,6.531372758839739
1768918318.7277236,5.708894449585536,-3.387144295472276,6.63808875466869
1768918318.747855,5.73072688605798,-3.457326463731202,6.692857156656183
1768918318.7676983,5.81770494196445,-3.5647630198197007,6.8229924651308
1768918318.7877922,5.8329306328285355,-3.5289562950972098,6.817375763451485
1768918318.8076499,5.960425260700681,-3.763114797659016,7.0489504373884655
1768918318.8275776,6.000475436486553,-3.89529921501168,7.153954251904963
1768918318.8477852,6.172222991404091,-3.755474627902049,7.224951649418375
1768918318.867699,6.199870727654847,-3.744542611050262,7.242927336761191
1768918318.887999,6.2541604743142045,-3.8962627765332254,7.368540348147147
1768918318.9077914,6.446004451450484,-3.851748356862748,7.509123703383394
1768918318.9277194,6.508501968650727,-3.9982351873485333,7.638486924076151
1768918318.9477556,6.664331551537714,-4.114206935542017,7.8319865766791965
1768918318.9675844,6.754471941017009,-4.349818244915376,8.033916228452021
1768918318.9876502,6.894085243594688,-4.256319027712496,8.10213940953977
1768918319.0076742,6.95058222626627,-4.2955631455116805,8.170829579740774
1768918319.0277514,7.122986743106232,-4.429679034440735,8.3880269724549
1768918319.0476441,7.177048370311994,-4.435149813577285,8.436858252849378
1768918319.0676153,7.292853265118573,-4.533227457348947,8.586958712292324
1768918319.0876222,7.358244437746734,-4.567066619838198,8.660361350178816
1768918319.1078556,7.468894044792378,-4.632306275312763,8.788779191710136
1768918319.1276152,7.589496995605224,-4.844470264071055,9.003852330295594
1768918319.1478894,7.775563226608668,-4.616892943243349,9.042957698693456
1768918319.1677437,7.896639694194079,-4.7885637283531235,9.235110234340503
1768918319.1878817,8.100798143582942,-4.901208003723968,9.468092229105329
1768918319.2081008,8.22235236745508,-5.035057625264015,9.641518746770318
1768918319.227601,8.394607051552363,-4.981662460600545,9.761474705254802
1768918319.2475934,8.513256429741602,-5.0812510510492315,9.914365702470615
1768918319.2676067,8.602356513239101,-5.095441154284968,9.998202745376197
1768918319.2876291,8.83351209373695,-5.179826487871929,10.240192300667823
1768918319.3076901,8.91652116604029,-5.164860686482841,10.304374586321117
1768918319.327729,8.98909671826845,-5.121676322449815,10.345792775922378
1768918319.3476715,9.156042456238843,-5.583276194073103,10.724089076455476
1768918319.3677056,9.290294909586876,-5.674747054130665,10.886337016437645
1768918319.3876119,9.55337591288977,-5.794417901254391,11.173283767423065
1768918319.4076521,9.852460740464615,-5.665067475514922,11.365032870367491
1768918319.427665,10.025483728205892,-5.792226369770379,11.578437299704328
1768918319.4476507,10.261420759537536,-5.848093777160152,11.810882982687078
1768918319.4676838,10.428908316871734,-5.944130380600225,12.003949960879169
1768918319.4877136,10.51729715045186,-6.058773907422424,12.137639004854512
1768918319.5076363,10.674817985921422,-6.13022696508503,12.309809977250142
1768918319.527719,10.855455270864105,-5.998312036701915,12.402445582520182
1768918319.5476673,10.989934380028096,-6.0176682554993866,12.529604499367432
1768918319.567622,10.990108299059564,-6.337525479407118,12.686477431785086
1768918319.5880108,11.163628650560064,-6.253428737873763,12.795779602168482
1768918319.607822,11.300358616663807,-6.276256967671039,12.92631062559798
1768918319.6277397,11.467505265705242,-6.342154798718264,13.104449798060296
1768918319.6478882,11.676002056101296,-6.5009694320954745,13.363817851614167
1768918319.6676142,11.779751871618096,-6.810903612307138,13.607018856936609
1768918319.6876898,11.937683190977914,-6.852690827666809,13.764724899094258
1768918319.7076535,12.157738742954244,-6.934234654019581,13.996221689403777
1768918319.7276776,12.335569879333235,-6.993586400555996,14.18014580284544
1768918319.7476623,12.625362041068925,-7.162179359338463,14.515391136424745
1768918319.7676196,12.760549331053191,-7.155295493437949,14.629759834961593
1768918319.7878242,12.955559277052316,-7.377004746310407,14.90861211542854
1768918319.8076243,13.059981230939975,-7.33177589315118,14.977250999429007
1768918319.8277893,13.27394178788309,-7.248622766089456,15.124154938150403
1768918319.8477652,13.381403133612544,-7.19946851199426,15.19520637172962
1768918319.8676023,13.512031210391072,-7.418279930964227,15.414469324784717
1768918319.8884773,13.641061890007279,-7.424749181930739,15.530791026267469
1768918319.9077659,13.81605093322603,-7.456384949644917,15.699711459348134
1768918319.9278002,14.058670221385128,-7.471783038756552,15.92085896463853
1768918319.947688,14.290669936267932,-7.548474062401652,16.16176685570308
1768918319.9677064,14.489624284678364,-7.665919648216381,16.39254513381162
1768918319.9876869,14.708791076117485,-7.719700229209678,16.611511266279578
1768918320.0076663,14.876414424279105,-7.719234501899869,16.759901175669885
1768918320.0277019,15.073781580731563,-7.908097010073458,17.022246898231
1768918320.0476072,15.238284657388078,-8.063152587504835,17.240062324393577
1768918320.0681229,15.409806023853264,-8.060006904094365,17.39039484850281
1768918320.087582,15.505492154477139,-8.271851361541476,17.57395265442546
1768918320.1078522,15.6587582899908,-8.255207894765165,17.701558365583203
1768918320.127837,15.86117250661755,-8.27032337490985,17.887846209375255
1768918320.147624,16.016302066292333,-8.252671722164663,18.01745049757419
1768918320.167595,16.10632014111971,-8.328647998954896,18.13228959560082
1768918320.187612,16.281070023568894,-8.325475707010416,18.286245838344573
1768918320.2076209,16.35566352309454,-8.509172806492632,18.43675001542948
1768918320.2280447,16.608241491261985,-8.561616009599158,18.68515330758356
1768918320.2476318,16.832459117187646,-8.825279211477975,19.005715800577963
1768918320.267722,17.00995664813145,-8.844421752941116,19.171917517953425
1768918320.287651,17.22784003931649,-8.864312938116594,19.374584286769554
1768918320.3084004,17.397198143818677,-8.928308012055078,19.55446719328898
1768918320.3276877,17.63633003877898,-8.960063393299228,19.781882449571846
1768918320.34808,17.77280939155913,-9.116159902557385,19.974411756987674
1768918320.3677409,17.99440698584349,-9.131240579950138,20.178657965808853
1768918320.387589,18.115645111032848,-9.085346072311971,20.26623080502546
1768918320.4076474,18.252931852630084,-9.147833828271857,20.416963167093016
1768918320.4277952,18.37420813762366,-9.283422443173691,20.58624436227105
1768918320.4476836,18.557014824058776,-9.272308217569938,20.74460168000225
1768918320.4675896,18.715439770677257,-9.426156675587752,20.95519304331448
1768918320.4876754,18.960118712065,-9.443506565764535,21.181735477369063
1768918320.5076325,19.065084818693965,-9.636474909677819,21.36209511796175
1768918320.5277176,19.307531645982046,-9.651115632978318,21.585291548221363
1768918320.5477345,19.5990714669172,-9.725722963847637,21.879517580029983
1768918320.5685012,19.71742059017206,-9.67872546155397,21.964844668011523
1768918320.5876827,19.877181453924862,-9.881958357826276,22.198095493489237
1768918320.6078486,19.971419522050002,-9.83099353062111,22.259964769173244
1768918320.627526,20.12852544538608,-9.841215751954255,22.40551414455976
1768918320.6476486,20.240303075565187,-9.906994096862864,22.53482639440582
1768918320.667629,20.370972303430896,-9.871797668171647,22.63689249407851
1768918320.6877167,20.496360347385004,-10.052426153605929,22.828755092285622
1768918320.7076142,20.697807235140072,-10.046098693262975,23.007027693680833
1768918320.7278023,20.841318866955582,-10.176626153844449,23.193194950011296
1768918320.747699,21.09027396390455,-10.185152822465438,23.420866634040802
1768918320.7676616,21.211206101313607,-10.14769234038437,23.513632728855388
1768918320.787668,21.471060840103455,-10.153014745271868,23.75058235111577
1768918320.8076758,21.48350010254819,-10.339595766035671,23.842147916268175
1768918320.8276026,21.616090194963313,-10.30720400723912,23.94773078526722
1768918320.8479528,21.658196290839665,-10.388719784532618,24.020886023085836
1768918320.8680072,21.787376888707094,-10.357001257093284,24.123790471855784
1768918320.8880033,21.84879838137397,-10.466546102163814,24.226402498486035
1768918320.9078376,21.941560536195297,-10.426766410763795,24.292993569096318
1768918320.9276776,21.980135316263485,-10.569072800856082,24.38917071962573
1768918320.9480891,22.102296398090594,-10.5372699614623,24.485619541065
1768918320.9676034,22.32252811073795,-10.570959190700098,24.698996729951055
1768918320.9878902,22.443620760881586,-10.60354055350931,24.822392816330005
1768918321.007593,22.617819829851292,-10.579039376846342,24.969618499137702
1768918321.027702,22.67558256500015,-10.66044892830357,25.056480519320893
1768918321.0478113,22.714375300684022,-10.612737393080252,25.071358963462835
1768918321.0677226,22.796963557395213,-10.722103003558455,25.192559224027292
1768918321.088003,22.972979880581377,-10.692712959581588,25.339532652154436
1768918321.1081188,22.93851662333542,-10.812917857100842,25.35931263783476
1768918321.127874,23.05349041805776,-10.778546164917348,25.448781461687616
1768918321.1485627,23.118652121154984,-10.795987718667806,25.51519991535653
1768918321.1677837,23.242117270539172,-10.761050819183685,25.612423351774996
1768918321.1878097,23.26763287824327,-10.858912705146267,25.67681298165125
1768918321.2077396,23.385981130916065,-10.820685387473876,25.768029527114656
1768918321.2277908,23.4376076046661,-10.884696062333296,25.841788997661833
1768918321.2477276,23.57335901377213,-10.842991004823153,25.947518361547942
1768918321.2676,23.636983379218325,-10.928782360491628,26.04122245887155
1768918321.2879212,23.741918933706103,-10.885143989653741,26.118290034574763
1768918321.3077452,23.84147763517848,-10.874779459052293,26.204520299210618
1768918321.3284075,23.86455887245,-10.931489331239964,26.24908815893697
1768918321.3475816,23.989818138204754,-10.88060015509515,26.34195957098094
1768918321.3679254,24.034973654185304,-10.841415104130505,26.366953559663482
1768918321.3876789,24.03123327124102,-10.944886229815156,26.40626264961399
1768918321.408097,24.092520224983016,-10.903055924108813,26.44477565182696
1768918321.427539,24.145016633885955,-10.923982219015064,26.50123045769737
1768918321.448037,24.220503334225782,-10.87640306324337,26.550497648017295
1768918321.4676037,24.25938316588853,-10.8974710950557,26.594596215339877
1768918321.4879684,24.264286202083163,-10.986371833400657,26.635614334164377
1768918321.5076382,24.338615272206866,-10.936367501472962,26.682809587743478
1768918321.527793,24.42547274260095,-10.877213167352625,26.737940926473215
1768918321.5476122,24.442662512721334,-10.9264976788286,26.773720365990222
1768918321.567707,24.46211967160077,-10.948048653489945,26.800281120669247
1768918321.587671,24.531125879798147,-10.890539521035212,26.839895454150568
1768918321.6076097,24.523452782785803,-10.941002478879462,26.85340335287822
1768918321.627745,24.568881339435023,-10.895525238306789,26.876428343249383
1768918321.647647,24.577547460932692,-10.912979587075416,26.89142916734482
1768918321.6675525,24.625366243363146,-10.862622504101925,26.914777173262845
1768918321.68771,24.6099550193996,-10.907335053350334,26.918763790763432
1768918321.7079966,24.644107768217573,-10.866257186845193,26.933391783104234
1768918321.7276645,24.65943198621118,-10.867820813415793,26.948044736401354
1768918321.748245,24.706295500696868,-10.811597962783846,26.968346035243357
1768918321.7678695,24.776733803459216,-10.725782741928676,26.99868429006372
1768918321.7879343,24.82584227309119,-10.661879892391104,27.018477518323927
1768918321.8076112,24.815603218859508,-10.706982591146401,27.026905840716996
1768918321.8275392,24.846710109372175,-10.670434149655668,27.041027498993365
1768918321.8476076,24.89748716700202,-10.593258997299708,27.057383528621195
1768918321.8678167,24.93467746405029,-10.53197249866448,27.06770372508245
1768918321.887689,24.88221696679924,-10.631102612353548,27.0581792428327
1768918321.907739,24.908533790858925,-10.583254532665073,27.063634865138436
1768918321.927872,24.927599587554035,-10.553191625478261,27.069449101920945
1768918321.9476824,24.903398405181854,-10.593195291340992,27.06279805577581
1768918321.9677455,24.92716776078278,-10.545451154233506,27.066034667467143
1768918321.9877102,24.926970943920352,-10.544783161586514,27.065593146353322
1768918322.007678,24.936367233939386,-10.523482361227703,27.065958173191586
1768918322.027818,24.9620393476142,-10.47556946821662,27.071035519079647
1768918322.0477767,24.99244374400864,-10.4084971435692,27.07321660026981
1768918322.0677128,25.031670041548082,-10.326398746944019,27.078017212303834
1768918322.0876226,25.053906181356,-10.272605944814874,27.078121202211097
1768918322.107615,25.018038191983642,-10.317661433659419,27.062083667655287
1768918322.1277812,25.037176985351316,-10.267484345117353,27.06069966155782
1768918322.1476464,25.00759628092846,-10.293601525292933,27.04326356251072
1768918322.167834,25.024195782631246,-10.251152276968078,27.042494292743175
1768918322.1876867,25.04985947813767,-10.177700532518227,27.038510462007064
1768918322.2075918,25.040102600384586,-10.185651592683893,27.03246634336813
1768918322.2275987,25.049986143172866,-10.15481610842621,27.03002212298586
1768918322.2477674,25.050801912062774,-10.1425181364401,27.026160485452316
1768918322.2676792,25.056310164526465,-10.12377357275371,27.024238572313905
1768918322.2876258,25.063479827336167,-10.099921333855413,27.02196203101016
1768918322.3076205,25.04219520859146,-10.131151419686224,27.013918078535205
1768918322.3275983,25.04282870106241,-10.121146836554214,27.010754943870907
1768918322.347798,25.048799811027777,-10.099586517455265,27.008221337150463
1768918322.3678544,25.00680369460393,-10.166807276695625,26.994521689074766
1768918322.3878696,25.023698605607855,-10.109029166579337,26.988478330484888
1768918322.407537,24.997810186450657,-10.137272913428255,26.97507768736065
1768918322.4275892,25.006608546917107,-10.102712948759322,26.970266590150292
1768918322.447849,25.02045046371928,-10.067539898282163,26.969951816993174
1768918322.467721,25.032327441701483,-10.021803767445217,26.963938286195145
1768918322.4875932,25.024438790939477,-10.02520605529243,26.957879984385798
1768918322.5077548,25.03593136037786,-9.978784090292365,26.95132633104025
1768918322.5276053,25.009641337313916,-10.013324780767864,26.93972592633824
1768918322.5477855,25.016141878734366,-9.982326237138764,26.934256841458172
1768918322.5678806,24.999662537136835,-10.00344121222462,26.92678894813039
1768918322.58761,25.00325751933353,-9.981863166501753,26.922118766042043
1768918322.607719,25.00342471968723,-9.974046792002191,26.919376982428766
1768918322.627706,24.99501833841323,-9.983211913671465,26.914967245956024
1768918322.6476579,25.001323060451597,-9.949922325406842,26.90849510943892
1768918322.6676142,25.00376235067477,-9.931042797791992,26.903786773251777
1768918322.6875935,25.014595622713685,-9.896982938767476,26.901306017703696
1768918322.7077246,25.004692313065945,-9.903749480360242,26.894588515923324
1768918322.7283354,25.00759104118731,-9.881101775346767,26.88895278693525
1768918322.7478921,24.938917395870035,-9.990913144608593,26.865739266603885
1768918322.7676077,24.942307906910585,-9.961180922557865,26.85784520573207
1768918322.7876732,24.932979155489797,-9.971203581624227,26.852902085887933
1768918322.8076463,24.933538393725726,-9.95195530531285,26.846280025924255
1768918322.8276339,24.92835768546081,-9.956336706687228,26.843093292524998
1768918322.8476088,24.925278828004792,-9.953679944942301,26.83924866869657
1768918322.867595,24.9245885963576,-9.94676111872744,26.836042432719236
1768918322.8876727,24.920890511460357,-9.946949194333847,26.832677506332715
1768918322.9076285,24.9234714165894,-9.934168072557735,26.830339594335634
1768918322.9277184,24.919731953489823,-9.934507997675944,26.82699181402322
1768918322.948105,24.921014943421305,-9.914310976295862,26.820711175226666
1768918322.967981,24.91785657567248,-9.910463774746946,26.816354497887215
1768918322.9877982,24.93479317417684,-9.85678400999736,26.812312501138642
1768918323.0081296,24.93066770494042,-9.859551253227842,26.809493526159457
1768918323.0276098,24.90384440958102,-9.888651325642943,26.795277408841276
1768918323.047794,24.899658472895666,-9.886660495482335,26.790652247001677
1768918323.0676286,24.90729073793245,-9.85737817502865,26.7869564599905
1768918323.087774,24.900437762953274,-9.853155840142165,26.77903061719817
1768918323.107694,24.89587454858993,-9.850040819268772,26.7736413974713
1768918323.1275284,24.86812073674387,-9.893774890117733,26.763972249156037
1768918323.147683,24.862725052253246,-9.890356185707647,26.75769501478232
1768918323.167598,24.85693138912508,-9.889069285526734,26.751836000873283
1768918323.1875904,24.853679794992757,-9.886649150605173,26.747920120622336
1768918323.2075849,24.84465279035455,-9.897395320622199,26.743507743113025
1768918323.2277017,24.83688754366051,-9.896510781737796,26.735966571446244
1768918323.2483213,24.825510234244888,-9.902263158083269,26.727528393821434
1768918323.2676597,24.817040096794898,-9.901951332211135,26.719545642682693
1768918323.2875993,24.81511967092345,-9.889549707122189,26.71316824511635
1768918323.307638,24.803577572716463,-9.88491490143368,26.70073038353724
1768918323.3279436,24.812403203458445,-9.860189202202172,26.699788085942163
1768918323.3476036,24.799230542417277,-9.85443171405775,26.685420362118883
1768918323.3678215,24.77207416705849,-9.893148375320374,26.67452048893008
1768918323.387611,24.756465995523804,-9.887285391116677,26.657851019782438
1768918323.4076567,24.74555613806084,-9.883093813237323,26.646164675299342
1768918323.4275494,24.72978857792495,-9.879117817579193,26.6300471641054
1768918323.4477508,24.723172819509813,-9.88642343375017,26.62661530451727
1768918323.4676442,24.708783513494993,-9.857352190060613,26.602469338684607
1768918323.4876046,24.71717954618061,-9.823002279220933,26.59756264201118
1768918323.508014,24.700165461766012,-9.818520320403417,26.580096221059723
1768918323.5276864,24.69996799406173,-9.804041225286301,26.574567602404883
1768918323.5477998,24.68342508838346,-9.79995760927153,26.55768520103657
1768918323.567542,24.663710527035377,-9.769389574663847,26.528090576273037
1768918323.5878437,24.64190356427725,-9.761032377090672,26.504738526115517
1768918323.6076686,24.611348407895427,-9.767754646211882,26.478812308776437
1768918323.6276684,24.577539517835675,-9.750369982488492,26.440975086902277
1768918323.6477106,24.552224758101836,-9.712210247852198,26.403385549410782
1768918323.668493,24.510768805399856,-9.715255100498844,26.365962320756122
1768918323.687612,24.480528758591618,-9.701970203427143,26.332954906892226
1768918323.7076943,24.45426672909057,-9.658505977531906,26.292544551175066
1768918323.7276423,24.420812959760575,-9.64319473650955,26.25580526934673
1768918323.7476947,24.426902970889785,-9.576028474194814,26.23688072328443
1768918323.7677133,24.400766306614017,-9.565084516686323,26.208552767395272
1768918323.7876658,24.382407029189203,-9.527360219801611,26.177707410980688
1768918323.8077128,24.329842634878652,-9.497186996629365,26.117767965255087
1768918323.8278046,24.319985512624413,-9.46366716217463,26.096411467684284
1768918323.847599,24.26889389711144,-9.434711423613514,26.03829853573609
1768918323.8677566,24.24969337984841,-9.400597482599593,26.00805379197993
1768918323.8878167,24.17772752301442,-9.357481383386391,25.92537301597707
1768918323.9077294,24.104910658238246,-9.37142090570047,25.862525932968104
1768918323.9279814,24.033066454617078,-9.33037088013734,25.780692464962137
1768918323.947659,23.971728296013886,-9.26459320663047,25.69973627845734
1768918323.9676783,23.902084797704603,-9.292222616110877,25.644786191817314
1768918323.987675,23.864408635575842,-9.27544657260864,25.60359171380188
1768918324.0076454,23.80962246744341,-9.272477950181301,25.55145728483572
1768918324.0276341,23.777561005223802,-9.260061665008982,25.517075643515824
1768918324.0477173,23.756862748452953,-9.22709250639518,25.48583457080434
1768918324.0678003,23.7388830215693,-9.223433090110447,25.467749902170304
1768918324.0879517,23.704638351376325,-9.232312050030622,25.439053935999308
1768918324.1078718,23.656424645780156,-9.209564682902492,25.385872225906276
1768918324.1279309,23.641796438324874,-9.180758207505196,25.361799228285534
1768918324.1477022,23.607883521711372,-9.166874875721096,25.32516059893437
1768918324.1677396,23.593932693128558,-9.097120369200862,25.28697805075984
1768918324.1876984,23.511741493603317,-9.051620901768018,25.193924446408733
1768918324.207988,23.476414144903046,-9.036034786098995,25.155356204168427
1768918324.2277102,23.38279493956356,-8.984247291144628,25.04938718959246
1768918324.2476933,23.337467699206563,-8.962723155016185,24.99935609100708
1768918324.2678165,23.224041948950934,-8.91506962930401,24.876386211465107
1768918324.2879426,23.175203903378396,-8.917362797906438,24.831621679476573
1768918324.3076634,23.10861543285764,-8.884406413403438,24.757640932492546
1768918324.3276582,23.0333776452378,-8.819864518676205,24.664275701425815
1768918324.347663,22.935221155869264,-8.768684045544099,24.55431101373469
1768918324.3676598,22.854226468468262,-8.728147041459305,24.46418235399193
1768918324.3877382,22.75777314890052,-8.640518717853247,24.34285937211136
1768918324.407682,22.693408627874078,-8.63552768159595,24.280921182922192
1768918324.4276505,22.607452876742975,-8.593401779328438,24.18560480358346
1768918324.448528,22.55928448332942,-8.555639651165503,24.127169047370288
1768918324.4677355,22.43814687857312,-8.494460600975195,23.992213241923736
1768918324.488185,22.450310722545126,-8.394569430521559,23.96842188093892
1768918324.508197,22.348404511526937,-8.343129482352872,23.85495742545233
1768918324.5278525,22.245308535812946,-8.317076374412466,23.7492633837625
1768918324.5476825,22.14261013767605,-8.259039544674298,23.63275095941241
1768918324.5677032,22.022207362274827,-8.20060489491365,23.49952207491704
1768918324.5879147,21.94788045370452,-8.166626989008758,23.41801129019523
1768918324.6076107,21.82059637748916,-8.08409998161455,23.269961297390108
1768918324.627805,21.722416161700494,-8.02978740308889,23.15903386674219
1768918324.647742,21.618435043566095,-7.982390521117626,23.0450708865153
1768918324.6676776,21.556500936245655,-7.945954792245535,22.97435374879497
1768918324.687736,21.47615148042248,-7.910842602010158,22.886819636721732
1768918324.7078717,21.42575717049464,-7.881072526645881,22.82924384422872
1768918324.7275941,21.343813217413114,-7.845733786336391,22.74013855071862
1768918324.747661,21.305789919263198,-7.8223892926208825,22.696397474689395
1768918324.767675,21.153215226669587,-7.755529435151118,22.530129854159775
1768918324.7878447,21.061442038150417,-7.795991028191793,22.45800117637401
1768918324.807685,20.903528266595217,-7.730454413418712,22.287158173044183
1768918324.827742,20.84348532993254,-7.612494347507383,22.190109303244654
1768918324.8477063,20.695655095936246,-7.552121738892818,22.030539771167874
1768918324.8678844,20.511520846783014,-7.5534546177226245,21.858114376816896
1768918324.8877954,20.391700563995855,-7.467132226793352,21.71588164418117
1768918324.9076974,20.266791713962903,-7.420548521657067,21.582571365326753
1768918324.9278579,20.14425984542985,-7.367307698282679,21.44920575315955
1768918324.9477139,20.047865868977915,-7.333340647874008,21.347009414863965
1768918324.967711,19.96656292671186,-7.305608842507426,21.261127807951937
1768918324.9876382,19.908039429684848,-7.236132537657657,21.182342836344482
1768918325.0077915,19.826970536021513,-7.206150704983748,21.095908812355134
1768918325.0277452,19.74417516504615,-7.178085781760311,21.008507049248756
1768918325.0476425,19.678497369267227,-7.154294414437058,20.93865294809345
1768918325.0676446,19.52768052270558,-7.1033102314851675,20.779492843704745
1768918325.0876188,19.47674558035203,-7.087132809708394,20.72609634890776
1768918325.1077096,19.271829550290263,-7.020085151305619,20.510607249592166
1768918325.1276793,19.20056113853149,-7.002297985505681,20.437556730497473
1768918325.1475973,18.95563457015551,-6.926268574113775,20.18140922527539
1768918325.168163,18.883436473165666,-6.870026885850199,20.094313684432915
1768918325.1880913,18.702868378851335,-6.8204238921724025,19.9076735874776
1768918325.2076871,18.57584750342867,-6.784725957218419,19.77611227681494
1768918325.2276251,18.4062950842685,-6.7484562439671265,19.60442196051456
1768918325.247723,18.25794044315905,-6.709481049960009,19.45172293617497
1768918325.2676914,18.199595599772664,-6.582860411713042,19.35353536683578
1768918325.2876413,18.06849203312754,-6.5484056431861255,19.218533263985194
1768918325.30772,17.97248177335367,-6.6061388137815245,19.148137536598192
1768918325.3277276,17.81988197363105,-6.569569235080904,18.992299320742138
1768918325.347831,17.78115335135002,-6.561113397001546,18.953037316286256
1768918325.3680487,17.69841462812331,-6.5541865157232975,18.87302946619483
1768918325.388023,17.61518157709925,-6.467857307862967,18.76506861562337
1768918325.4080684,17.439865863483924,-6.428765092383016,18.587036933017437
1768918325.4278274,17.258073855606987,-6.359605440403593,18.392544537480298
1768918325.4477465,17.059163394155632,-6.319283291595858,18.191987165451227
1768918325.4676142,16.910630266396517,-6.22555471629711,18.020181673123474
1768918325.4877203,16.64667123443178,-6.177604665365333,17.7559697732566
1768918325.5076613,16.596241827240597,-6.146855178315622,17.697996253006608
1768918325.5276167,16.327963191157146,-6.10305847403434,17.431285228268884
1768918325.547743,16.275120972344048,-6.0344457394386595,17.35782526835267
1768918325.5676289,16.108574845064986,-6.008220426583335,17.19258259347541
1768918325.5878553,16.0405697186847,-6.008339120056357,17.128923371933922
1768918325.607605,15.872031331452995,-5.98447700550801,16.962763442790788
1768918325.6276243,15.835946801527918,-5.88360470565291,16.893608715523257
1768918325.647951,15.752557949892555,-5.86936009002258,16.810486900475937
1768918325.6678982,15.660900386259087,-5.828311554952819,16.710266798885247
1768918325.6877577,15.533578187287226,-5.810449702230628,16.584733252082092
1768918325.7080345,15.46198032178529,-5.815859319975701,16.51959609376161
1768918325.727691,15.201420625338862,-5.789275309537571,16.266496169676465
1768918325.7478743,15.071409449390664,-5.774762496262607,16.139865695829794
1768918325.7675803,14.914706594044858,-5.6813606483507595,15.96014823249063
1768918325.7876208,14.728296678553214,-5.641996988057025,15.771964147332005
1768918325.8076513,14.528370984576178,-5.627329379405555,15.580128350234984
1768918325.8276098,14.43404345396636,-5.502126151930234,15.447168110134095
1768918325.8477788,14.232500870869856,-5.490047190195867,15.254661556058487
1768918325.8676083,14.041434107537377,-5.500966180825735,15.080533834016038
1768918325.887721,13.888673894128274,-5.441015190914134,14.9164308346601
1768918325.9076703,13.753524073435607,-5.4342840158007135,14.788200269233572
1768918325.9276793,13.656013209039315,-5.443535895500668,14.700978872546566
1768918325.9475653,13.613932126960691,-5.435745862392004,14.659006823042422
1768918325.9677896,13.481383556171984,-5.381683799542516,14.515861087337628
1768918325.987623,13.29676047792205,-5.3811678042713424,14.344364961369195
1768918326.0076513,13.155003919240151,-5.259179970605739,14.16732515609225
1768918326.027736,12.87248584384563,-5.269381634197773,13.909251403538113
1768918326.0478055,12.809869999165947,-5.172808651102615,13.81487309881831
1768918326.067619,12.598067512416108,-5.180690444831152,13.621705419387066
1768918326.0875776,12.523678420766956,-5.191226510838636,13.556966986520907
1768918326.1076636,12.235668105456604,-5.212775993112663,13.299797274442183
1768918326.1279752,12.13842735464442,-5.224176344432141,13.214894517993866
1768918326.1478415,11.871795747946862,-5.2496323630161275,12.98068465943902
1768918326.1677148,11.725574150862556,-5.140652206196076,12.802944750034843
1768918326.1877923,11.482025842421166,-5.16748170914809,12.591258263589369
1768918326.207586,11.40186018666018,-5.066654701912299,12.476914906520623
1768918326.227924,11.284685177901117,-5.072010209526798,12.37212217567727
1768918326.2477202,11.232386589379267,-5.045022021953674,12.313356800453105
1768918326.268527,11.205627536043274,-4.8870531633414505,12.224948960951
1768918326.2877288,10.985799908072817,-4.914419408110776,12.034920761643118
1768918326.3077188,10.784217875553832,-4.833411773616778,11.817835020034426
1768918326.3278322,10.615491000368142,-4.851865925533454,11.671728755340814
1768918326.3479002,10.44576887483625,-4.872581290413246,11.526323603742131
1768918326.3676143,10.287997242961701,-4.79632274213261,11.351105634161195
1768918326.3876216,10.1269562815216,-4.769424842647551,11.193866930489813
1768918326.4078512,9.82340041016149,-4.831240440469106,10.94714939205568
1768918326.4276428,9.751537788005201,-4.730580518666441,10.838398464463273
1768918326.447566,9.499741829380419,-4.782038390752181,10.635458899149944
1768918326.4676278,9.412332506856579,-4.788455650523657,10.56036508538701
1768918326.487506,9.2669177773879,-4.810202288359369,10.440967921979531
1768918326.5082066,9.274345457474574,-4.685674696287286,10.390814743031763
1768918326.5276423,9.10178826988458,-4.717135551830394,10.25153244759781
1768918326.5476403,9.005340394191226,-4.739359126450438,10.17632942394856
1768918326.5686321,8.864009611674234,-4.647027212295235,10.008272993262405
1768918326.5875113,8.579999078021505,-4.722478841074089,9.793783262010772
1768918326.607596,8.427507555919767,-4.660150386219213,9.630154994976138
1768918326.6275985,8.22647839274683,-4.707606520096043,9.478212167617965
1768918326.647663,8.132461058970257,-4.584029267082077,9.335429673942848
1768918326.6678169,7.847608873527687,-4.6671863924885315,9.130585624925741
1768918326.6876488,7.7016822376807355,-4.573195809970425,8.957121703233579
1768918326.7076595,7.557609883558733,-4.601211707037992,8.848085460993701
1768918326.727792,7.513751571882313,-4.480457247951051,8.74819751918537
1768918326.747767,7.399019871511182,-4.496125431481827,8.657981228591051
1768918326.767822,7.359358349827371,-4.399791484470949,8.574282502227048
1768918326.7876017,7.302355214164699,-4.389827534678755,8.520268625933229
1768918326.8077369,7.067380128206196,-4.510811247944481,8.384228049805555
1768918326.827612,6.98068389360343,-4.516502354200661,8.314369557453798
1768918326.847844,6.9371704597964765,-4.430944500438837,8.231500662348394
1768918326.8681777,6.90935076965075,-4.408277468321,8.195854945994348
1768918326.8876677,6.707890271760633,-4.4690727858232755,8.060297976065597
1768918326.9085066,6.642421811663652,-4.441109019296778,7.990320196671985
1768918326.9278314,6.323430967763883,-4.564462898964123,7.7987243033777816
1768918326.9476986,6.324750188284703,-4.528885706982017,7.7790276186110425
1768918326.9675796,6.052936315853685,-4.51429038740072,7.5509506517761675
1768918326.987902,6.027875916289094,-4.490115971304254,7.516410679169921
1768918327.0075934,5.812904560169187,-4.4835354545430945,7.3411136483357
1768918327.0275955,5.727455973644862,-4.353485897424807,7.194205403595097
1768918327.0477045,5.470082063366643,-4.455446851207986,7.054984367374929
1768918327.067737,5.4336190837749285,-4.327519998299561,6.94634045258694
1768918327.0875938,5.356149915610146,-4.330310040962891,6.887664841537704
1768918327.1076798,5.2462581840271625,-4.385157002837506,6.837603883891402
1768918327.127536,5.078779088707279,-4.442112864039164,6.747322708211944
1768918327.1476183,5.021569546257886,-4.387390973545337,6.668235168517358
1768918327.1676238,4.944858319395735,-4.392170415141411,6.613832833882384
1768918327.187761,4.864173867028136,-4.435130822966428,6.582596207083214
1768918327.207617,4.546940743885344,-4.588560781782608,6.459842116996206
1768918327.2276087,4.5740551326562375,-4.464384813254641,6.391612638246904
1768918327.2478433,4.202621957060401,-4.6591162337404555,6.274503597374859
1768918327.2677505,4.188736536294659,-4.629174008611381,6.242977316352586
1768918327.2877076,4.150010641366439,-4.437968192081971,6.076030776533806
1768918327.3076022,4.141492383267195,-4.388522390972284,6.034160085440664
1768918327.3276818,3.815860633213209,-4.57155286937957,5.9548205690548635
1768918327.347935,3.8279793021213386,-4.494952705048522,5.9040685428010065
1768918327.3676455,3.681373957667944,-4.560796779235835,5.861175776043891
1768918327.3877223,3.7251927336673916,-4.441087493222366,5.796578216967701
1768918327.4081123,3.788939635074307,-4.3015352763537855,5.73230052352047
1768918327.427936,3.70808011098784,-4.3224007101239685,5.694998332605882
1768918327.447671,3.603552675305366,-4.411507866010769,5.696226253896113
1768918327.4675782,3.4965958348707,-4.455943453922071,5.664063426285592
1768918327.487659,3.356059127435792,-4.52235006243059,5.631587960248073
1768918327.5076632,3.1989097916019844,-4.612171140846426,5.612944546961397
1768918327.5276895,3.264181176029606,-4.511721667978321,5.568708212795055
1768918327.5476956,3.060785905939639,-4.646690226632373,5.564183715899355
1768918327.5676103,3.0691713820252886,-4.613641288184567,5.54125427211966
1768918327.5875988,2.9529639874354103,-4.682417904281181,5.535795673742249
1768918327.6076071,3.0231129711906064,-4.597198613626951,5.5021311443580165
1768918327.6275935,2.940047589989071,-4.641993644678966,5.494723362339586
1768918327.6481252,2.8976334209610854,-4.766069338590949,5.577785974966
1768918327.6675878,2.683013530489312,-4.937038843943991,5.618978034429441
1768918327.6878195,2.4466861350120936,-5.256251962701814,5.797797662791199
1768918327.7076175,2.1336699831919717,-5.533416933157024,5.9305354356350755
1768918327.7276185,2.1251528624377976,-5.65609439247514,6.04215842769091
1768918327.7479298,1.7968071626772968,-5.9659455631545875,6.230651847308783
1768918327.7677038,1.753182212295851,-6.121004893991884,6.367130341196352
1768918327.7875767,1.6267172737829938,-6.241445690327772,6.449949875319582
1768918327.8076997,1.6461667157268494,-6.266813568493049,6.4794148777660086
1768918327.8278005,1.4764545578626134,-6.440699054881044,6.607762282117816
1768918327.8478107,1.1994049312813573,-6.802189994465671,6.907123924615145
1768918327.868085,1.0570804726183987,-6.9593527967093,7.039176832176948
1768918327.8876786,0.9582519166351915,-7.172950808102559,7.236675343774528
1768918327.9077487,0.8441672157881293,-7.308909133702745,7.357497605363857
1768918327.927659,0.6682766595737242,-7.595327674554824,7.6246702340225445
1768918327.9476597,0.4975957695990445,-7.86258120976083,7.878311039176286
1768918327.9677305,0.3673657962449539,-8.034893893648732,8.043287730178772
1768918327.9877234,0.4395505773830841,-8.06061736607331,8.072592955941754
1768918328.0075438,0.380711071205063,-8.152753162706428,8.161637400164123
1768918328.0275865,0.30300499453077023,-8.27269807428555,8.278245312564641
1768918328.0476468,0.4232328053448917,-8.260683823134325,8.271518798462182
1768918328.0676768,0.2904199515507422,-8.446254483099171,8.45124597568498
1768918328.0876548,0.2790419162610931,-8.486032796992486,8.490619354479552
1768918328.1076195,0.31395461155100435,-8.581550117628705,8.587291186368805
1768918328.1278603,0.23117552660548668,-8.731657059973632,8.734716774863893
1768918328.1478484,0.32243033643705843,-8.777585295885928,8.783505276847492
1768918328.1677024,0.22834631824229845,-8.957576514709135,8.96048654136166
1768918328.1877382,0.3161888475061012,-8.980151303069679,8.98571604343868
1768918328.207611,0.24755027017846842,-9.132735109461787,9.136089519912852
1768918328.2277687,0.37157558324754447,-9.145572703416963,9.15311796534663
1768918328.2479668,0.27524746629548247,-9.356735073500175,9.360782681131447
1768918328.2676094,0.2748944817972223,-9.514092799369507,9.518063288880636
1768918328.287719,0.1872451489134228,-9.728518791313519,9.730320581498425
1768918328.3077512,0.36047866908229054,-9.786177980329416,9.792814934100802
1768918328.3277578,0.5439695548325005,-9.782747160112997,9.79785919858433
1768918328.3476005,0.4913708723596777,-9.9675681331986,9.979672330500623
1768918328.3677838,0.4733885762493628,-10.093460823439965,10.104555811040917
1768918328.387719,0.4862411380814109,-10.174754981695454,10.18636683915807
1768918328.4081721,0.5457972016270034,-10.153303033408406,10.167962287180465
1768918328.42758,0.5391641884462217,-10.29902505690021,10.313128290909662
1768918328.4478512,0.5246756255172116,-10.43041382619198,10.443601730132604
1768918328.4676652,0.4781972105763117,-10.633245974412826,10.643993260265132
1768918328.487616,0.5183499779920382,-10.797599855630843,10.810034659611576
1768918328.5076444,0.4553992665396116,-11.056847942336368,11.066222251152956
1768918328.5276673,0.5493017314012718,-11.154205485251019,11.167722793807355
1768918328.5476065,0.4823291261083149,-11.44828129124398,11.45843732405686
1768918328.5677915,0.6405011290501932,-11.55645034311613,11.574186201596357
1768918328.5876472,0.6097789398227604,-11.791670553801975,11.80742668005404
1768918328.607681,0.7081504816216935,-11.852744712267977,11.873880339586446
1768918328.6277177,0.7197593112507654,-11.995117346109325,12.016692290853793
1768918328.6476085,0.7787011017800474,-12.097842088706162,12.122877488830106
1768918328.6677315,0.7943581200157865,-12.242120730110397,12.26786553535022
1768918328.6883574,0.802550020226942,-12.367772902245058,12.393784454171914
1768918328.7076504,0.8788913315936853,-12.602298557229041,12.632908568429032
1768918328.7276967,0.9439698088033452,-12.62083939570023,12.656092052920254
1768918328.7476614,0.8778188453301929,-12.930774285861393,12.960535851465057
1768918328.7677276,0.8720514623666382,-13.180844525212372,13.20966071293418
1768918328.7879207,0.8807407305449075,-13.399271854597686,13.428186417675862
1768918328.8077798,1.03930635138682,-13.52455922417845,13.564433637286276
1768918328.8279433,1.1083038146348656,-13.638170042212863,13.683129007863903
1768918328.8476892,1.1156115301592422,-13.895738570052156,13.940449759367858
1768918328.8677351,1.087896713151757,-14.09009439156775,14.132030258309502
1768918328.8877325,1.08425272306539,-14.418965959657434,14.459674384758273
1768918328.9081533,1.1035296260724685,-14.681378400449642,14.72279353155538
1768918328.927636,1.2878744321088185,-14.827224005730173,14.88305050280287
1768918328.947737,1.3154019683790388,-15.08900660034788,15.146233938631653
1768918328.9681256,1.3787278854731468,-15.18739514975072,15.249847934220622
1768918328.9878106,1.4216396329372891,-15.474028680859128,15.539196338999934
1768918329.0078402,1.50865372465665,-15.470169408061135,15.543557429849544
1768918329.02762,1.5704294504024823,-15.817021541293641,15.894792200479959
1768918329.0477831,1.6588708223393631,-15.814544611668563,15.901310439069606
1768918329.0676117,1.4679140509924302,-16.426758154534113,16.49221498552132
1768918329.088132,1.5497320490578481,-16.462030751241283,16.534815568330078
1768918329.1077547,1.6226360114888934,-16.956594594750534,17.03405553227133
1768918329.1283896,1.7081976048842122,-16.993162470136717,17.07880293796363
1768918329.1477642,1.8177826521963176,-17.34700818807125,17.44199033504023
1768918329.1676686,1.8765335610776894,-17.63330692389864,17.732876001322026
1768918329.187666,2.0078475613084663,-17.910785404219922,18.022976602810918
1768918329.2076726,2.0670510883691264,-18.100294701887094,18.217940841299548
1768918329.22793,2.1524497401678353,-18.20677119375759,18.333563679377498
1768918329.2479126,2.1827148171094777,-18.353857896178088,18.48319084048877
1768918329.2677267,2.268982116908404,-18.427653376741155,18.566816873663882
1768918329.2877073,2.339774845899562,-18.69480176527084,18.840651776737396
1768918329.3076086,2.4333662985809887,-18.699489953387875,18.857152384703365
1768918329.327631,2.3789418334244417,-18.977186089924427,19.125714526219355
1768918329.3483276,2.456945222522414,-19.28371462996345,19.439604670783357
1768918329.3676417,2.533632898060283,-19.59180728695411,19.754954022504876
1768918329.387629,2.6211696656586234,-19.76276938031745,19.935836676592782
1768918329.4077044,2.6589140884582143,-20.191729485965354,20.366044381867685
1768918329.4276135,2.7511880630336947,-20.294913704361157,20.4805409602785
1768918329.4475982,2.8755671871756086,-20.70486375554419,20.9035946617707
1768918329.468131,2.9740070793086346,-20.804649875558475,21.016140810157157
1768918329.4876409,2.915250236142768,-21.24995516574184,21.448992481824614
1768918329.5077558,3.0901006790819707,-21.379063619571266,21.60122874876655
1768918329.5276835,3.190189922735968,-21.50964080184918,21.744929504776536
1768918329.5476687,3.2911146801854088,-21.607745669524878,21.856946464614012
1768918329.5677493,3.199666659148704,-21.920442651623357,22.152735108170646
1768918329.5877044,3.3245874855382915,-21.937291481550584,22.187781310791525
1768918329.607645,3.4291333074640526,-22.096310206232598,22.36081125474696
1768918329.6276014,3.3771345345591364,-22.337326274903145,22.591174887021488
1768918329.6476135,3.482189740946442,-22.495326150312483,22.76324546282637
1768918329.6676528,3.3971553092208495,-22.84268807348939,23.0939183036942
1768918329.6878052,3.5031221093357168,-22.998881352664302,23.2641442564915
1768918329.70759,3.616521315034717,-23.28811100057417,23.5672514391722
1768918329.7278607,3.7396516292407362,-23.525486113112585,23.820862519361803
1768918329.7476125,3.767419991084516,-23.702409221935426,23.999951173144346
1768918329.7678604,3.90897774735247,-24.01859141491306,24.33460171414014
1768918329.7876277,3.923941100032227,-24.191676094935872,24.50784580575808
1768918329.807875,4.0514342532647944,-24.39241178932309,24.726582303432785
1768918329.8277516,4.0400517927285655,-24.54262540650269,24.87292665393119
1768918329.8476086,4.168704774297453,-24.741008558619107,25.08975097510763
1768918329.8676152,4.103085602325379,-24.850456583328018,25.18691136006717
1768918329.8876102,4.20835899350412,-24.941977000817282,25.294515257808467
1768918329.9078276,4.257537881304533,-25.02411973501363,25.383719138909527
1768918329.9278018,4.389301303925201,-25.218287137239045,25.597421199661415
1768918329.947829,4.483522189126919,-25.256086753338003,25.65096273656271
1768918329.9676452,4.309535967169406,-25.732421962683425,26.090796084403387
1768918329.9876835,4.471880405581182,-25.84536648814352,26.229385872876875
1768918330.00777,4.632275548062488,-26.105241152127185,26.513045701388066
1768918330.0276272,4.700974628333359,-26.37946665825767,26.79506341903975
1768918330.0479643,4.827434728347981,-26.511544010831035,26.947469118540447
1768918330.0677986,4.872231511340786,-26.811094024854267,27.250200048984563
1768918330.0878735,4.999335663395851,-26.94037392018285,27.40031211564149
1768918330.107647,5.048279545531347,-27.101813592059013,27.56797827822245
1768918330.1276238,5.167590975789096,-27.206025578393078,27.69245067279592
1768918330.1476114,5.2235436669332955,-27.300429095776465,27.79566220211127
1768918330.167801,5.199351324671106,-27.424300908718628,27.9128202539497
1768918330.1876266,5.327144050126595,-27.549506477583776,28.059824854927903
1768918330.2076285,5.375726649739697,-27.644582485166737,28.16241072408236
1768918330.2279892,5.506253807300848,-27.76682071946219,28.30751073226273
1768918330.247913,5.49753448381756,-27.910409278971343,28.4466840162514
1768918330.268018,5.722254751278111,-28.219597551093337,28.793920979682465
1768918330.2876732,5.718699402792403,-28.388028572515413,28.958309499925054
1768918330.307571,5.927800099898896,-28.64534858590736,29.252261615685484
1768918330.3280983,6.001004545713251,-28.702972489735224,29.323585819339495
1768918330.3485055,6.216565013870714,-28.951432238389817,29.611334134512727
1768918330.3677251,6.2306114995631035,-29.123098328449657,29.78213182273954
1768918330.3878253,6.342732491700417,-29.274201135620075,29.953449009922245
1768918330.407816,6.454822611323372,-29.343154981282808,30.044724648417624
1768918330.427567,6.439467601228248,-29.499394340868577,30.194055863122088
1768918330.447766,6.538312303918289,-29.54915414705106,30.263873489521366
1768918330.467663,6.55333214236807,-29.618301835866795,30.33463310819343
1768918330.4876316,6.638465231165156,-29.649979237784827,30.384049918114272
1768918330.5076737,6.736465763354538,-29.69913929362351,30.45355226837913
1768918330.5276682,6.703146111881438,-29.88209664245916,30.62469375433002
1768918330.5479584,6.836376510247881,-29.989610266320767,30.75894614117462
1768918330.5675797,7.024628862679926,-30.156733716236154,30.96407594439676
1768918330.5875878,7.087639093603972,-30.29436211456592,31.112425232527766
1768918330.607701,7.321301078176685,-30.502385332498676,31.368725834014064
1768918330.6276734,7.314664862908241,-30.597208216598844,31.459394029551305
1768918330.6476605,7.552126319243758,-30.796411713133807,31.708888128514683
1768918330.6677363,7.594838968944806,-30.91157886149159,31.830917151009274
1768918330.68791,7.735360717871995,-30.997817261042364,31.948403409005795
1768918330.707618,7.745578515573296,-31.101598055131756,32.051573879045094
1768918330.727621,7.838441368904178,-31.227444693782274,32.196187122033244
1768918330.7477627,7.979176690446142,-31.30950071760252,32.310247536082294
1768918330.7676408,8.075705133513083,-31.3953341900679,32.41734138249922
1768918330.7876587,8.248265356893992,-31.501120094530293,32.56308413844975
1768918330.8076055,8.176231972192152,-31.629424048923056,32.6691174495071
1768918330.8277988,8.317117953913414,-31.705852184037674,32.7785831569236
1768918330.8476787,8.389014577982934,-31.832100494943415,32.91896394951984
1768918330.8677082,8.54616797011305,-31.91760347493257,33.041949073207135
1768918330.8876565,8.65263063259269,-32.044880037108484,33.19250447701642
1768918330.9076126,8.811531119133345,-32.125628131554635,33.31214588570346
1768918330.9277601,8.914979692085495,-32.2488722040823,33.45843124453879
1768918330.9475808,9.108662988443793,-32.34683583315538,33.60484384510886
1768918330.9677234,9.241516767233403,-32.436552241814994,33.727370984039794
1768918330.9878855,9.353332928561112,-32.476405795938916,33.7964757082007
1768918331.0075889,9.437366765196117,-32.58089008943102,33.92017527195891
1768918331.0278711,9.521322606554655,-32.61564399453909,33.97698952757002
1768918331.047643,9.615452741317512,-32.643437635641845,34.03014769425118
1768918331.0677145,9.762520186668688,-32.699051011263606,34.12528003448958
1768918331.0877502,9.656075507853817,-32.82411974326452,34.214947481087
1768918331.1077147,9.729899198762823,-32.84189317203757,34.25289601685693
1768918331.127721,9.906142533513087,-32.91852389966924,34.37674905553712
1768918331.1475902,10.03760894172002,-32.97684533858434,34.47065305084616
1768918331.167603,10.28847458610571,-33.074936795628346,34.63818923303805
1768918331.1878097,10.39702467527712,-33.104909127527634,34.699180544217235
1768918331.2076719,10.49245100051429,-33.24276209885294,34.85932816276193
1768918331.227659,10.43708423612657,-33.27768880667138,34.87602757863434
1768918331.2479076,10.673954567146051,-33.36185131316087,35.027795093938636
1768918331.2678258,10.718064217122649,-33.399254792944134,35.07687445150104
1768918331.28757,10.979982494265418,-33.487630595416604,35.24175674493905
1768918331.3075733,10.974204061492209,-33.5279283411644,35.27825298443118
1768918331.327601,11.100740450089077,-33.56186006507552,35.35003379868193
1768918331.3476417,11.123379200358258,-33.61289471098074,35.405596389362515
1768918331.3681183,11.21360847802461,-33.6467153190857,35.466131264377026
1768918331.3876128,11.365332537344283,-33.686495925489865,35.552085612836585
1768918331.4076884,11.499846589618755,-33.718401915987336,35.62551191706338
1768918331.4277642,11.575315936631942,-33.763833968050086,35.692918390836276
1768918331.4477153,11.720140047440271,-33.795470064594625,35.770036058390055
1768918331.4676368,11.778978510487676,-33.84916343677281,35.84006417572223
1768918331.4876213,11.949794199629675,-33.87318059445671,35.91921414783711
1768918331.5075915,12.127745292159265,-33.904489260800155,36.00828512866455
1768918331.527635,12.186757634422836,-33.93046378464849,36.052648089724364
1768918331.5480268,12.251161021800552,-33.93533773327427,36.079053389099236
1768918331.5676153,12.30431992983085,-33.97512760140346,36.134548350121655
1768918331.5878549,12.365942024705337,-33.97870298011361,36.1589377383954
1768918331.6076863,12.40907383983389,-33.997421052626976,36.19129386733851
1768918331.6276436,12.513959274441213,-33.99663635457494,36.22665400154394
1768918331.6476493,12.598589447289534,-34.000789114516635,36.25986922854505
1768918331.6678264,12.671682404205349,-33.99787972375483,36.28260410532776
1768918331.6876686,12.754637151254862,-33.999685258273985,36.31334970120306
1768918331.707639,12.836494792415852,-34.00009026875199,36.342560955978364
1768918331.7276144,12.902410984844643,-34.017582929640454,36.38225058454748
1768918331.7476633,13.004827500484744,-34.006854557184454,36.408676097749854
1768918331.7677093,13.08252888774285,-34.00279543652284,36.43271413985848
1768918331.787727,13.094682001848021,-34.02367391854084,36.456564342306294
1768918331.8077266,13.201528582463371,-34.015558861637274,36.487512954202664
1768918331.827765,13.284345855154939,-34.006253308233866,36.50889081940369
1768918331.8475497,13.304101619421132,-34.015399648999974,36.52460175253211
1768918331.8676965,13.383099193884853,-34.00657238158033,36.54523647723494
1768918331.8876905,13.509195607845648,-33.9833511411546,36.57002215960567
1768918331.9076076,13.563799755086169,-33.976136353855466,36.58352778685859
1768918331.9277344,13.662473149426603,-33.94914933085701,36.595189750124696
1768918331.9478397,13.715032292293927,-33.9351440479285,36.60185941085948
1768918331.9677043,13.768909362720777,-33.91635407000062,36.60467099210793
1768918331.9877584,13.840730294229488,-33.886967306067035,36.60454026866145
1768918332.0076492,13.87531439393554,-33.87198902821237,36.60377016453215
1768918332.0275657,13.912125281904512,-33.85486799210554,36.601903183062745
1768918332.0477586,13.927547101265667,-33.84770644427398,36.60114478804891
1768918332.0679777,13.979142330861585,-33.822532747724026,36.59754283797412
1768918332.0876095,14.012972415707942,-33.80472285974517,36.594025243850524
1768918332.1076038,14.055357301211707,-33.78258907319676,36.58984002907362
1768918332.1277378,14.14428685596437,-33.73826080506706,36.58320779831274
1768918332.1478763,14.215131662645852,-33.69801475005412,36.573571965029906
1768918332.1676912,14.232890187085353,-33.68572655008718,36.56915826601536
1768918332.1877344,14.308496829327567,-33.639435958719986,36.55604920031294
1768918332.2076292,14.361706176884596,-33.60547986276637,36.54568211318488
1768918332.2276912,14.415009608165665,-33.56615995714992,36.53052964675551
1768918332.2477825,14.454131500361061,-33.53809526941593,36.520210181899955
1768918332.2676768,14.53707734234499,-33.47736104744621,36.49740155625314
1768918332.2877703,14.52924824541179,-33.46852614559897,36.486179533289636
1768918332.3076797,14.589491372529078,-33.420813448879095,36.46647816959952
1768918332.3277435,14.606928511407897,-33.406473249322985,36.46031836798896
1768918332.3476107,14.659423286217873,-33.36260413655178,36.44121356180072
1768918332.3678055,14.690342078494755,-33.3362933010693,36.429584151320086
1768918332.387663,14.741320859401906,-33.290973627808306,36.40872787900267
1768918332.4075615,14.870453665462936,-33.21202184580419,36.38913007070731
1768918332.427644,14.926765265362981,-33.158460841231204,36.363331071928904
1768918332.4476457,14.858781757002077,-33.16406425907985,36.340590989726564
1768918332.4676366,14.951999502181348,-33.091978584549864,36.31310143396648
1768918332.4876077,14.992874706354943,-33.05061414515016,36.29227724092356
1768918332.5076725,15.009127427828759,-33.02040182181988,36.27148801220109
1768918332.5275488,15.03748250181891,-32.99145586411934,36.25688955256151
1768918332.5476797,15.099891229626785,-32.933593899763366,36.230212838197495
1768918332.5675945,15.131803616323513,-32.90062055866008,36.21356532886409
1768918332.5875797,15.158282741100226,-32.87344016549572,36.19995309352713
1768918332.6082346,15.195021387178851,-32.84103702768089,36.18594185606242
1768918332.6275775,15.227139630301856,-32.81629745486238,36.17699766380174
1768918332.6476157,15.283074248936071,-32.757330610555556,36.1471308298146
1768918332.6676915,15.303064139170083,-32.73726724424118,36.13741051415306
1768918332.6878428,15.341494750808494,-32.6833171852125,36.104856784348165
1768918332.7076354,15.372525660065481,-32.66350567593548,36.10012670630452
1768918332.727668,15.42814274750284,-32.60436417739909,36.07037776416806
1768918332.7479515,15.466867826628892,-32.58289554663631,36.06756274784062
1768918332.7679994,15.512292737276532,-32.53581705619085,36.044564326412406
1768918332.787638,15.553843238599189,-32.499989471945646,36.0301450894594
1768918332.8076859,15.518360886580592,-32.50287847201983,36.01744901534594
1768918332.8275523,15.539868444039527,-32.48178591919691,36.00769261919728
1768918332.8477612,15.560921210241673,-32.46142931988749,35.9984258322694
1768918332.8680453,15.587274432088414,-32.440910858084976,35.991329810434245
1768918332.8876672,15.609478744798686,-32.42350762595917,35.98527022901112
1768918332.9076157,15.623686648091333,-32.410828447049624,35.98001368957256
1768918332.9276443,15.665010620667335,-32.37770589267326,35.968158093208906
1768918332.947594,15.689312094726866,-32.3564061761673,35.95958195867772
1768918332.9680185,15.71291609125969,-32.33641894806251,35.95190846777934
1768918332.987606,15.75338296121134,-32.31481520130655,35.95019271460414
1768918333.0076382,15.711743982600836,-32.3205698997774,35.937141478158644
1768918333.0278363,15.737145406486423,-32.3012208586441,35.93085880554209
1768918333.047741,15.779302921967627,-32.27738168575861,35.92792464353266
1768918333.0686128,15.821513308376076,-32.25664963822467,35.92786842063276
1768918333.0876713,15.838696995190304,-32.2458312930933,35.92572836127454
1768918333.1078954,15.860822297312993,-32.235215889882,35.925963138296545
1768918333.1276126,15.875586817535485,-32.226325387805346,35.92450841419843
1768918333.1477382,15.89363482809216,-32.218011448607086,35.925031520533445
1768918333.167804,15.906188747111695,-32.21081053432327,35.92413054949018
1768918333.18782,15.844905552310816,-32.23119528816902,35.91533073306911
1768918333.2075858,15.858758402821739,-32.2225375056008,35.91367624427941
1768918333.2277002,15.87048610982448,-32.21499149059669,35.912087186647184
1768918333.247696,15.905674814454027,-32.197181558663516,35.91168321904028
1768918333.2677226,15.92593323131237,-32.18691709268941,35.91146030475343
1768918333.2875872,15.94511493689869,-32.17218682686659,35.906772280082734
1768918333.3076148,15.975773053383861,-32.15795385264549,35.907649890268544
1768918333.3275845,15.985938738695893,-32.14987832854804,35.904942750236785
1768918333.3476741,16.00043742869172,-32.136987294955816,35.89986003183898
1768918333.367651,16.028653452858745,-32.12226002741099,35.89926629863689
1768918333.3876293,16.04296719287419,-32.11160043759645,35.89612345387008
1768918333.4077597,16.055754683412342,-32.095970817056525,35.88786147352975
1768918333.4277587,16.081357116601286,-32.07062234482382,35.876661833230465
1768918333.44804,16.089205580584068,-32.058069970924485,35.868961324172574
1768918333.4676468,16.043593827925438,-32.05719430922836,35.84774204737406
1768918333.4876065,16.0647295414245,-32.035386781513736,35.83771116408388
1768918333.5076656,16.070157998973254,-32.020014197984295,35.82640489012371
1768918333.527855,16.083067023728056,-32.00851480441928,35.82192156870506
1768918333.5479052,16.08765601691012,-31.99447714559279,35.81144012656129
1768918333.5676043,16.09226170351335,-31.98000140640871,35.80057788204355
1768918333.5877116,16.09572542484873,-31.970507419933867,35.79365476785192
1768918333.607893,16.107032808919584,-31.952478392972516,35.782640782381996
1768918333.6276248,16.11107471888661,-31.92364791321974,35.758719561594575
1768918333.6476572,16.12914891765012,-31.887656755606713,35.734746370600206
1768918333.667678,16.131942534174264,-31.87256396542526,35.72254055433384
1768918333.6877065,16.0717119869698,-31.876525790042013,35.69891906816399
1768918333.70853,16.071627258280962,-31.84184057107851,35.66791294263096
1768918333.72799,16.071477497812122,-31.81725350447583,35.64589751332909
1768918333.747665,16.08006740101544,-31.771006962424046,35.60850251032184
1768918333.7678514,16.088592417513727,-31.72130926981061,35.56802310739034
1768918333.7879272,16.083491753840093,-31.673074145012297,35.52270165389013
1768918333.807935,16.09411964257609,-31.632411031267193,35.491268147540005
1768918333.8277085,16.089764299041065,-31.595230296112014,35.45615733075217
1768918333.847674,16.085824250597035,-31.562093557147136,35.424842858242926
1768918333.86757,16.12096399358889,-31.48969309675643,35.37635158422218
1768918333.8876188,16.12076810526303,-31.47113363819151,35.35974288334935
1768918333.9077644,16.078497639167797,-31.435827816676756,35.3090548847243
1768918333.927745,16.07423618803753,-31.398274937304592,35.273683364051806
1768918333.9477057,16.063719462953756,-31.33467964690517,35.21228807616245
1768918333.9676888,16.05539854852629,-31.2819968832228,35.16161474611172
1768918333.9881952,16.045074535150366,-31.22078453406258,35.10244726170658
1768918334.007735,16.07047829823405,-31.13704125213821,35.039629145745366
1768918334.0276415,16.0577267144945,-31.064020976418778,34.96890027525567
1768918334.0475905,16.01080307540164,-31.025015904965564,34.9127115392468
1768918334.067833,15.964899686801267,-30.992432661562574,34.862715102113285
1768918334.0879023,15.954172861713108,-30.937632593651994,34.80908993641203
1768918334.1076047,15.948654687482595,-30.90543493698227,34.77794552564318
1768918334.127674,15.930130926363521,-30.851414332805177,34.721446364826164
1768918334.147804,15.92533520779513,-30.826641608882568,34.69723525532156
1768918334.1675816,15.912976115454278,-30.76816936468805,34.639616841199995
1768918334.18759,15.901395523996413,-30.726626523456062,34.597398126485274
1768918334.2077835,15.879244229060358,-30.631298265706995,34.50256266900839
1768918334.2275612,15.865038435478922,-30.578640116867255,34.44927685679493
1768918334.247631,15.835854871930003,-30.460234417908136,34.33074686514618
1768918334.2678525,15.823242635672138,-30.413968884836695,34.28388121020091
1768918334.2877398,15.79916754181858,-30.318680366944893,34.18824467865268
1768918334.3077934,15.768833020240617,-30.212027128854785,34.07965196499061
1768918334.3284411,15.742124663641405,-30.111618887192613,33.978288375566564
1768918334.347724,15.761803880683338,-30.0372580231176,33.921546708846684
1768918334.367845,15.746068916634854,-29.97452094213942,33.858685621833715
1768918334.387611,15.735996282746406,-29.931920442149355,33.81628957123722
1768918334.4078095,15.716124475539097,-29.857105279733084,33.74082548213224
1768918334.4277363,15.623616686033163,-29.842991917887623,33.68533159942469
1768918334.447612,15.611751286205145,-29.81138024509253,33.651822689712084
1768918334.4678466,15.578487816786726,-29.70184615904117,33.539364154872125
1768918334.487685,15.554502263397822,-29.62372122359335,33.45904062873326
1768918334.507956,15.548361632827277,-29.474187339255536,33.32385435052054
1768918334.5276961,15.531106333700343,-29.41592878069375,33.26427708487821
1768918334.547612,15.493156537687614,-29.298502199465133,33.14272364536982
1768918334.5678217,15.502025778831879,-29.202010771168815,33.061612730280224
1768918334.5876703,15.461818982263,-29.080696189100493,32.935615025121855
1768918334.6075835,15.431755359965134,-28.994911098823167,32.845759895585786
1768918334.6278162,15.383845706005907,-28.85754945547678,32.70200099812678
1768918334.6476288,15.32222600737937,-28.808395051068572,32.62965269872858
1768918334.6680024,15.304420749726233,-28.757217742268157,32.576108833942605
1768918334.6875918,15.277791019278993,-28.69430368369847,32.508059959355826
1768918334.7077985,15.248255296110699,-28.61701753078605,32.42596154214527
1768918334.7276208,15.218871262175139,-28.53869402261475,32.343022416142354
1768918334.7476656,15.22986821254219,-28.460044236545748,32.27883213063236
1768918334.7676532,15.194433132008676,-28.366984105301768,32.18006503153041
1768918334.787858,15.161925423473846,-28.2870327884248,32.09423946007137
1768918334.8077261,15.095878514734782,-28.124582085328793,31.91986318275861
1768918334.8278973,15.065673418864407,-28.056801804662708,31.845857549609214
1768918334.847658,14.995087870987707,-27.890677281562205,31.666110267648797
1768918334.867686,14.953186985370927,-27.7922966456784,31.55961903858875
1768918334.8876324,14.969798865785538,-27.737446942494802,31.519213838066904
1768918334.9077196,14.906104360101605,-27.595347834373676,31.363915082373122
1768918334.9280243,14.868341053713287,-27.50867320555906,31.269708460741665
1768918334.9475439,14.738986217239631,-27.334864429149476,31.055314006977312
1768918334.9682345,14.697675000763404,-27.246559900544813,30.957982441400183
1768918334.9876099,14.636563469950755,-27.129637980925743,30.82606441286311
1768918335.008085,14.59953774627682,-27.05530431590106,30.743064161384048
1768918335.0276155,14.547398696870605,-26.95026348729568,30.625863430773265
1768918335.0476232,14.525567831670088,-26.904671886051702,30.57537391641433
1768918335.0676188,14.427013523007009,-26.724252188867915,30.369793780123675
1768918335.0876186,14.378432098470757,-26.632437615957027,30.265922139894844
1768918335.107649,14.312486682978314,-26.509035918594137,30.12600637960076
1768918335.1277883,14.242642329639352,-26.38552318464398,29.984140712340245
1768918335.1478705,14.173069749976833,-26.260323449392963,29.840919788177548
1768918335.167702,14.127679305638686,-26.10587114371043,29.683460558617227
1768918335.1875968,14.035844416645972,-25.946775235089227,29.499831755258054
1768918335.2077215,13.929742981260546,-25.77088466424417,29.29464517453237
1768918335.227564,13.892044492730154,-25.705875667225307,29.219530181144943
1768918335.2478247,13.820777605089553,-25.593125924440074,29.086457126875928
1768918335.2676249,13.771319919046991,-25.511330608154957,28.99098552500974
1768918335.287624,13.717248779412905,-25.430640789195397,28.89429710211677
1768918335.3076603,13.65544702261045,-25.331887161462497,28.778042680981432
1768918335.3275995,13.522873171862319,-25.135128011740562,28.54194735803531
1768918335.347587,13.446124888494072,-25.01856295380467,28.402935883293246
1768918335.3676207,13.354662183793533,-24.885355794800944,28.242307538108108
1768918335.3880966,13.25055511067887,-24.73411292558966,28.059820971577125
1768918335.4075408,13.21981677958982,-24.554836514454333,27.887336766667133
1768918335.4276164,13.08063715132798,-24.412495197865894,27.696082576251232
1768918335.4477127,12.981632410550048,-24.275552751926952,27.528625854812145
1768918335.467674,12.992678704508435,-24.16325230183185,27.434876739664226
1768918335.487838,12.931136168101492,-24.076266681331877,27.329121828346295
1768918335.507884,12.838407776231907,-23.95598086783954,27.179288687695745
1768918335.5278282,12.705629785014995,-23.782386519751043,26.96358538489821
1768918335.5477338,12.599869010982786,-23.641992272381025,26.789932767762753
1768918335.5676026,12.474843962026522,-23.484469283435793,26.59214224919739
1768918335.5876808,12.296669721689657,-23.321625403921377,26.364868627117225
1768918335.6076787,12.194989155499393,-23.198089893861997,26.208188324003814
1768918335.6275878,12.051391234063814,-23.019435682317162,25.98327249999135
1768918335.6479337,11.945512625673999,-22.894938030909547,25.823893186917523
1768918335.6675794,11.88315806860518,-22.754122016751456,25.67020674705737
1768918335.6876643,11.814536980445798,-22.66147943511435,25.55632865359248
1768918335.7077038,11.721318096948007,-22.553343716700468,25.417368288897915
1768918335.7276416,11.557784514093242,-22.42205326651662,25.22559921113317
1768918335.7477784,11.427045944384112,-22.277662830864788,25.03740482200102
1768918335.7676313,11.29602321826103,-22.180321335685797,24.89109871222584
1768918335.78768,11.160751721911339,-22.03541385434785,24.700644581276258
1768918335.808159,10.926612774132238,-21.876441085276262,24.45341573836655
1768918335.8276482,10.767117248093584,-21.714567802458742,24.23743527442151
1768918335.8478017,10.65509832308734,-21.5843237802602,24.07102310508975
1768918335.8678024,10.453765004645142,-21.38810192440031,23.806135904444464
1768918335.8876033,10.37622859715503,-21.245420011530406,23.643899664961243
1768918335.907682,10.246287617424937,-21.120962287035645,23.47512423544075
1768918335.9276156,10.16220327059473,-21.02903678229434,23.355743689807323
1768918335.9476478,10.02969132964212,-20.90532473442707,23.186791723301145
1768918335.9677355,9.910001758179916,-20.7771800728468,23.019542711066855
1768918335.9876099,9.794594181851302,-20.671665712236685,22.874698653875576
1768918336.0077574,9.649180532289051,-20.528194386116315,22.682888918717637
1768918336.02785,9.406955474440203,-20.3943620275362,22.459314633539265
1768918336.0477169,9.182387911050757,-20.2061896607376,22.194736951689926
1768918336.067613,8.931714969498941,-20.027856194731484,21.929216950297512
1768918336.0876217,8.720842996086162,-19.860415367582235,21.690763037184322
1768918336.1076329,8.615477104357456,-19.776944547499028,21.572064837899944
1768918336.1277623,8.566069493373856,-19.674343082431054,21.458269321884114
1768918336.1479528,8.438389898219661,-19.57514307807049,21.316487764200428
1768918336.1677818,8.369529747285263,-19.503648905722912,21.223603577818718
1768918336.1875958,8.284792997623462,-19.437721291761516,21.129666443880975
1768918336.2076027,8.115877268527228,-19.353637939418693,20.9864424171393
1768918336.2276275,8.02358745694287,-19.31443696747324,20.914718048534816
1768918336.2478335,7.8908937850855665,-19.218384653294105,20.77528612100138
1768918336.2677178,7.8032519052101215,-19.15432562728145,20.682817277443043
1768918336.2878292,7.530940834176782,-18.966527401007916,20.406965269266653
1768918336.3078864,7.505300068376702,-18.92863036388477,20.36228318654261
1768918336.3276317,7.134562465063574,-18.68436335922442,20.0001853918263
1768918336.347793,7.090580834052616,-18.60716468223787,19.912380924343392
1768918336.3677733,6.904057724171434,-18.487258588307483,19.734354389481304
1768918336.387662,6.658587541563374,-18.3202331284385,19.492760962187948
1768918336.4078875,6.492713403647052,-18.2181572896869,19.34054245293213
1768918336.4275577,6.190943600048126,-18.07340473164222,19.104338283560732
1768918336.4475965,6.073556224138596,-18.001452084573742,18.998430523624236
1768918336.4677784,5.952742074382442,-17.931047528135018,18.89332166826045
1768918336.487682,5.886829205512118,-17.88678354076705,18.830607625064186
1768918336.5075984,5.739958687150136,-17.803769209933293,18.70618410608532
1768918336.527667,5.567780725862459,-17.707989504612865,18.562679615474835
1768918336.5478919,5.368064751602411,-17.600479147153738,18.400896320201085
1768918336.5677328,5.146147883083046,-17.545153810497112,18.284289985355226
1768918336.5877247,5.019706386896388,-17.479558650104778,18.186050225738988
1768918336.608247,4.819586792196695,-17.3747759978564,18.03084185009684
1768918336.6277592,4.508442109238899,-17.223432251474804,17.803726260912374
1768918336.6477666,4.385418527311831,-17.15893697384832,17.710477512822425
1768918336.6675925,4.069664042242806,-17.013682601965925,17.493643448326083
1768918336.687634,3.9411007561439284,-16.95331934222195,17.405381693299205
1768918336.707672,3.6477854483113354,-16.826752730203836,17.217605702313378
1768918336.7277093,3.4777904754025357,-16.722433891805345,17.080246539690247
1768918336.7479813,3.344857433134287,-16.667298060294467,16.999614580298267
1768918336.7677069,3.158344237808521,-16.591632387962264,16.889564932874283
1768918336.7883494,3.0500263559802505,-16.549670852334266,16.828376810993287
1768918336.8077016,2.832237706146252,-16.46767179046735,16.709451954587582
1768918336.8279696,2.6410801909497934,-16.397796231244236,16.60912477575008
1768918336.8476946,2.414499835084122,-16.32268156936813,16.500295241861924
1768918336.8675766,2.2185004331648273,-16.257839676128498,16.408506790889003
1768918336.887648,1.9956513444902164,-16.18525475923478,16.307823150564815
1768918336.9076319,1.7733111354487008,-16.096510305928206,16.193896270260574
1768918336.9278777,1.4910042683864333,-16.012861888043112,16.082127955400995
1768918336.947553,1.2634304980251585,-15.931410309316934,15.981429568945014
1768918336.9675827,1.036011592377875,-15.869685946725781,15.903466668221967
1768918336.9876535,1.03290262862504,-15.717143360544128,15.751047052691986
1768918337.0084243,0.9836556569774153,-15.700030933847067,15.730815292770382
1768918337.0276072,0.6872892766295635,-15.633460033238983,15.648560290347818
1768918337.0481503,0.60792830305504,-15.610883287443453,15.622715955807323
1768918337.06764,0.3583845042905267,-15.564984396786851,15.56910976019932
1768918337.0880506,0.18883046138298631,-15.525972912046747,15.527121169384731
1768918337.107626,-0.15653077953117034,-15.469172149446976,15.469964087681866
1768918337.1279,-0.26845920077690444,-15.444881499804318,15.447214470106882
1768918337.147603,-0.5217546777954265,-15.407865516345087,15.416697042932947
1768918337.1677597,-0.7071318516221456,-15.37990649293177,15.396154038814478
1768918337.187638,-1.0034394168885754,-15.331712441090112,15.364514214241952
1768918337.2077172,-1.1700768179773533,-15.315075495373808,15.359707588003337
1768918337.2277274,-1.469409254790225,-15.272862698470586,15.343386150533963
1768918337.2477005,-1.7278192304168787,-15.24787645953392,15.345458475334226
1768918337.267652,-2.0616961081989356,-15.209755712105022,15.34885206341093
1768918337.2876377,-2.3243123329761985,-15.191224767846109,15.368010208496294
1768918337.3076394,-2.4117657125464564,-15.181084550565387,15.371465186625176
1768918337.327738,-2.640801313449817,-15.167087855969346,15.395271534072112
1768918337.3478155,-2.7290723750936827,-15.158218207311037,15.401928945718302
1768918337.367621,-3.1421353138339327,-15.12122248415336,15.44423464421942
1768918337.3876705,-3.367469327644418,-15.111528243947063,15.482187685861316
1768918337.4077628,-3.7434547652734533,-15.095310983738486,15.552551793047478
1768918337.427751,-4.010544945649615,-15.092730611784592,15.616497305124968
1768918337.4476445,-4.423091298459072,-15.085863176164814,15.72090978297598
1768918337.4677446,-4.563232247725402,-15.089333945340883,15.76423443941055
1768918337.4876685,-4.849556130895158,-15.0893555485302,15.849506160655666
1768918337.5078104,-4.909093278872026,-15.08832373598506,15.866843100710255
1768918337.527826,-5.122173999964771,-15.108290326791472,15.952965338285415
1768918337.5476904,-5.352176515132037,-15.114340577980542,16.033997772119097
1768918337.5676074,-5.478873547533908,-15.11690947939898,16.079148222409344
1768918337.5879045,-5.614837028847823,-15.123196481484442,16.131877345123353
1768918337.607937,-5.939783856918719,-15.136144291041425,16.25988610864597
1768918337.6277425,-6.138213853376401,-15.137315122857963,16.3345026994545
1768918337.6476393,-6.465219925647899,-15.156713032650583,16.478016222868415
1768918337.6675985,-6.735156893744906,-15.177525441321936,16.60480704209881
1768918337.6877697,-7.031508214575119,-15.201022060668098,16.748527680383
1768918337.707622,-7.338837710246157,-15.231028939250564,16.906885623485458
1768918337.7277997,-7.637720323522913,-15.260901917684318,17.06545924027642
1768918337.7475846,-8.015031153056817,-15.305276891515856,17.276927536759555
1768918337.7676096,-8.180669371656226,-15.324801984606633,17.371612108142344
1768918337.7876098,-8.351655507524072,-15.339889424388282,17.46603438874482
1768918337.807831,-8.449241118606025,-15.35201532627839,17.523528470562923
1768918337.8277478,-8.724472387851447,-15.391033904243358,17.69181570919025
1768918337.8477323,-8.788427270162762,-15.399460706221433,17.730759823690533
1768918337.8677433,-9.09969046100689,-15.447157532647019,17.92816338403221
1768918337.88784,-9.198464503824678,-15.461974569400414,17.991231386786946
1768918337.9076161,-9.579046871591828,-15.525281893433895,18.24260170147722
1768918337.927591,-9.853885300362823,-15.573277725002526,18.42894556432262
1768918337.9476326,-10.196905546084148,-15.63616934391273,18.667262104210085
1768918337.9676192,-10.51420066523475,-15.70367598412162,18.89851462531119
1768918337.9877362,-10.825295131725614,-15.766574291653566,19.125163517815825
1768918338.0076835,-11.103664212867272,-15.825598080224989,19.332379924596204
1768918338.027706,-11.487082375596568,-15.910488297188031,19.62388084346974
1768918338.0477543,-11.660818804907567,-15.950383783093933,19.75827517848843
1768918338.0679781,-11.90471510366954,-16.00781217308172,19.94924289962406
1768918338.0876935,-12.006721886943543,-16.028768898899347,20.027051777152128
1768918338.107618,-12.179874488866107,-16.07119057126144,20.16513101723701
1768918338.1276453,-12.535214093451454,-16.161800647022027,20.45324894785045
1768918338.1479502,-12.602341048128855,-16.17899704453683,20.50802148576222
1768918338.1676674,-13.174367133947499,-16.335906688126883,20.98632403979374
1768918338.1883738,-13.278428636722655,-16.36469112357924,21.07414963007261
1768918338.207666,-13.743922135465343,-16.49823341318427,21.47293881660459
1768918338.2276106,-14.026746999109879,-16.582147782128708,21.719052844113484
1768918338.2475495,-14.456861498141397,-16.71413910794208,22.09894319862563
1768918338.268063,-14.63462268614686,-16.77014066362269,22.257803104609756
1768918338.2877936,-14.923349101924583,-16.86368211918003,22.51866166171217
1768918338.3076854,-15.101920175588587,-16.92212997521129,22.680971669833596
1768918338.3277469,-15.317807736739177,-16.993916454790263,22.878558309738352
1768918338.3477173,-15.424252688859713,-17.02984342856162,22.976578035275825
1768918338.3676944,-15.677244934268037,-17.116330672459707,23.210876425030094
1768918338.3877764,-15.926182140795433,-17.20333478652234,23.44350667794733
1768918338.4075797,-16.324561657495025,-17.34654455808755,23.820031935643442
1768918338.4276435,-16.530093475467826,-17.423203930436863,24.016911239984513
1768918338.447809,-17.031703955398,-17.615618114964185,24.502835370556085
1768918338.4678159,-17.120493641826208,-17.652015317393655,24.59074922212237
1768918338.4877305,-17.65005576184156,-17.868342424906054,25.115774513437046
1768918338.5076802,-17.74044338790669,-17.90799379242225,25.20753009060896
1768918338.5275996,-18.0860849977203,-18.057753647448752,25.557561255658023
1768918338.5476267,-18.357673769800034,-18.171800452501724,25.830573317755572
1768918338.5676284,-18.59586100160567,-18.28060107384373,26.07654927347664
1768918338.5876508,-18.806245877144416,-18.382885653537546,26.298390995318474
1768918338.6077032,-18.93898410940988,-18.446501293875574,26.437823834072145
1768918338.6277475,-19.130968516803012,-18.541154494638366,26.64147830704889
1768918338.647662,-19.361824155455878,-18.656100045775123,26.88736326873212
1768918338.6675599,-19.602237380810834,-18.782917118989133,27.148585337591214
1768918338.687584,-19.85609784749748,-18.89821227953783,27.411804922183954
1768918338.7077992,-20.27658977011283,-19.123650898032295,27.87210283375217
1768918338.7278085,-20.607368471977054,-19.31249467284455,28.24245183811921
1768918338.74769,-20.63744799077348,-19.329948711074966,28.27633598514258
1768918338.7684498,-20.927311022038303,-19.503365220637093,28.606530749859942
1768918338.7877128,-21.11245672524202,-19.613278175160033,28.816948307401077
1768918338.8075893,-21.3435448950653,-19.757210534033078,29.08426166801859
1768918338.8279326,-21.61642350819585,-19.926755966309113,29.399751166064622
1768918338.84772,-21.919677864111748,-20.12900826403125,29.75985973353821
1768918338.8676538,-22.15530048508028,-20.284308530239386,30.03848385212111
1768918338.887834,-22.30807395308802,-20.394857940045494,30.225823295504803
1768918338.9077835,-22.499504329652382,-20.530048736576425,30.45834198058472
1768918338.9277244,-22.641238482065685,-20.629470131292447,30.630062322817093
1768918338.947691,-22.812825665356538,-20.739755044109977,30.831192875521946
1768918338.967659,-23.067034333820892,-20.922964893857813,31.14255180468162
1768918338.9876273,-23.20159162798415,-21.012522736218138,31.302395528327036
1768918339.007704,-23.45164674417954,-21.199157082101678,31.613035222917283
1768918339.02761,-23.643397227870995,-21.345723911020745,31.85357376748205
1768918339.0477,-23.959312373045,-21.597304560001476,32.2566615390776
1768918339.0676215,-24.118045543617164,-21.71258594615766,32.45175664449114
1768918339.0876248,-24.436387705554637,-21.972873428042945,32.86250463341128
1768918339.1075854,-24.56029535038251,-22.066584675299822,33.01730253867202
1768918339.1276195,-24.89738618187228,-22.354143984177533,33.46023897037535
1768918339.1478412,-25.012030830535316,-22.461538413798756,33.61729308231414
1768918339.1675928,-25.213781610241707,-22.641232903954947,33.887463913667176
1768918339.1878333,-25.23896417779958,-22.69294707948973,33.94075956605526
1768918339.2076216,-25.461247444757888,-22.897332526833782,34.24270664371598
1768918339.2277532,-25.600309297575436,-23.032257101599406,34.436328249767044
1768918339.2479727,-25.841920446601815,-23.247627481901812,34.75999188587036
1768918339.267648,-26.080098847703695,-23.480537612878447,35.09283691148088
1768918339.287592,-26.215705673424964,-23.619590932950107,35.28665894917716
1768918339.3076978,-26.447562615911252,-23.85598357284282,35.61715205557981
1768918339.3277345,-26.553400392062585,-23.972193069603073,35.77358121501837
1768918339.347782,-26.824560381339737,-24.260116478986827,36.1678073875947
1768918339.3677504,-26.993810596802764,-24.45103112605636,36.42140488316504
1768918339.3877304,-27.145940910247383,-24.62111674189445,36.6483491786552
1768918339.4078372,-27.23074920855908,-24.718352590352747,36.77649598915644
1768918339.4277034,-27.360023837123727,-24.865845707138963,36.971356305919045
1768918339.447812,-27.608120743622468,-25.124722568433064,37.32907734106439
1768918339.4675977,-27.774544689362017,-25.323915017444403,37.58624754497466
1768918339.4876626,-27.816496088570585,-25.41112421743282,37.676022728510816
1768918339.5077791,-28.039495857422082,-25.68795015883056,38.027412629588056
1768918339.5276594,-28.1958827745258,-25.88987948677439,38.27915444826991
1768918339.5476098,-28.430126071048974,-26.19649159678813,38.65912881062285
1768918339.5677526,-28.59798254386508,-26.387385186253198,38.91193521976139
1768918339.5879483,-28.748425635692037,-26.594266519193198,39.16282661178577
1768918339.6076567,-28.875180242670886,-26.775368565603383,39.37888261328187
1768918339.6276848,-29.002064816526264,-26.958040270357216,39.59615762722681
1768918339.6476595,-29.091152710132206,-27.088950593201993,39.75055232629065
1768918339.6677089,-29.16123268874387,-27.193851211988665,39.87333740316756
1768918339.6876216,-29.233282831125926,-27.299886332540513,39.99835770196364
1768918339.7076457,-29.35495563602163,-27.44312362311352,40.18505262639691
1768918339.7275822,-29.493493467215217,-27.656073930888795,40.431727420077586
1768918339.7478404,-29.629527540998943,-27.870159819614518,40.67744719956834
1768918339.7677906,-29.800656434214176,-28.140827861168667,40.987623944576214
1768918339.7876337,-29.91478928691433,-28.33025812917468,41.200705621944785
1768918339.8077562,-30.070141446758377,-28.64560941321031,41.530523055726846
1768918339.8276715,-30.199139975975278,-28.82114404065393,41.74501645826325
1768918339.8480945,-30.38297648665322,-29.15185521965395,42.106483146140185
1768918339.8676221,-30.521968590765464,-29.403013705156287,42.380747770671555
1768918339.8877144,-30.609008312179338,-29.569957501326325,42.559297180349546
1768918339.9076312,-30.686434944980597,-29.711454962017367,42.71332164082434
1768918339.9277952,-30.759834536231715,-29.852373590467078,42.86410654243442
1768918339.9478886,-30.843303116377264,-30.020945884966103,43.0414514039291
1768918339.9675813,-30.91974574507976,-30.164431827253736,43.19633809018325
1768918339.987621,-31.000796232207144,-30.333974516312814,43.372795355927245
1768918340.007623,-31.090208936643435,-30.506666984690245,43.557523141690844
1768918340.0275905,-31.18175655356248,-30.70424898250424,43.76131679171971
1768918340.0480785,-31.311956174949408,-30.962159602112337,44.035144222866236
1768918340.0676255,-31.436675000959042,-31.24203442729568,44.320754170842484
1768918340.0877705,-31.59471336575556,-31.580196412286277,44.671408284302295
1768918340.1076746,-31.606194196686715,-31.60780763202881,44.69904937358301
1768918340.1277528,-31.70283417485017,-31.806268494248997,44.90777672348414
1768918340.1477392,-31.80527769917281,-32.05410928651527,45.15574837906425
1768918340.16765,-31.922618250149988,-32.30644759906698,45.41761896462726
1768918340.1876786,-31.987394115090435,-32.47003885489407,45.57956565734751
1768918340.2081277,-32.07350703681725,-32.66369620009031,45.77801768417413
1768918340.227533,-32.160684739864706,-32.88040850567215,45.99381378443023
1768918340.2476625,-32.23071411084493,-33.06694899129725,46.17620651036714
1768918340.2676656,-32.317782746670076,-33.3043297577711,46.40708418200096
1768918340.2877192,-32.373371193008886,-33.50697429160236,46.59133490874069
1768918340.3076825,-32.47874430313744,-33.7925744478015,46.870106884012856
1768918340.3276422,-32.530594380711854,-33.94542309756614,47.016287816406546
1768918340.3477297,-32.63201521993085,-34.11348338066215,47.207818904038675
1768918340.3679826,-32.682050586208234,-34.264148309417784,47.35132828009423
1768918340.387653,-32.72290739105653,-34.38881107269472,47.46976927600505
1768918340.4081075,-32.817749191485206,-34.66269355886566,47.73370912417193
1768918340.42764,-32.78146029477152,-34.847894572738745,47.843493760493665
1768918340.4477942,-32.842704548220254,-35.06263760779932,48.04197953933154
1768918340.4678895,-32.86864944618831,-35.157038740414606,48.12863481765744
1768918340.487604,-32.973102736158275,-35.382901586608114,48.365020714736005
1768918340.5076373,-33.02940925668187,-35.5491236050085,48.52506635677642
1768918340.5275671,-33.0982869579139,-35.822174102984626,48.77217195299955
1768918340.5476885,-33.114497881554016,-35.9719531691214,48.893265228954675
1768918340.567653,-33.14516211381604,-36.10473745990994,49.01177244907768
1768918340.5878181,-33.1997650396178,-36.32500899604662,49.211082870108605
1768918340.6075714,-33.21367352461326,-36.38975463083456,49.2682692114503
1768918340.6277792,-33.28031283449894,-36.689157092808685,49.5345684400592
1768918340.6484897,-33.28858000650996,-36.731080711139555,49.571179621409684
1768918340.6676066,-33.34301984050338,-36.9818437441776,49.79371183998006
1768918340.687681,-33.35366833438573,-37.04294674082108,49.84623450776911
1768918340.7077098,-33.39454936690353,-37.20872924082233,49.99685449241166
1768918340.727686,-33.42794261423886,-37.389002940610276,50.153413526038385
1768918340.7476938,-33.45087268694847,-37.56359083236423,50.298948694179614
1768918340.7676988,-33.482139583825166,-37.72038347744997,50.436901181542005
1768918340.7876787,-33.496635847541484,-37.851854456750786,50.54490576623766
1768918340.8077404,-33.5074083556531,-37.90925913396909,50.59504267019556
1768918340.8277836,-33.52107776279851,-38.05614292770014,50.71422550836329
1768918340.8476074,-33.46624111929072,-38.23090371897175,50.80936226547026
1768918340.8677137,-33.477322927555676,-38.457829294736314,50.98760422356519
1768918340.887601,-33.485727523221506,-38.56195703751481,51.07169938745501
1768918340.9076216,-33.48856772166301,-38.67984676048208,51.16263004833494
1768918340.9276404,-33.49401144550821,-38.764282781023624,51.230053896506874
1768918340.9478254,-33.49436292389069,-38.911335244702784,51.341643508977704
1768918340.9680865,-33.495030643544155,-39.00818245118304,51.41551687921407
1768918340.9880638,-33.4919957935477,-39.16587216540956,51.53328365932274
1768918341.0082228,-33.48784166149265,-39.27382380452654,51.61268037385967
1768918341.0276961,-33.5578161217982,-39.38937026369449,51.746009630065565
1768918341.0476825,-33.54938406680675,-39.53843778253982,51.85411491430434
1768918341.0677025,-33.537772229258856,-39.66870840184819,51.94601613572024
1768918341.08775,-33.52615337812865,-39.79652370781346,52.03620143285217
1768918341.10768,-33.51526890565127,-39.85066200673158,52.07061082984215
1768918341.1277006,-33.49282390076391,-40.027476102575946,52.19164776082348
1768918341.1475916,-33.47010378330983,-40.11703942565906,52.245810353993114
1768918341.16795,-33.448675940036594,-40.2459755447571,52.33118066402448
1768918341.187802,-33.39419719560938,-40.2816151835953,52.32380842540517
1768918341.2075996,-33.37403947308055,-40.38053103454749,52.38715298031371
1768918341.2278416,-33.39998902541987,-40.42810233083436,52.44035397449738
1768918341.2494102,-33.38140707730321,-40.51203415212737,52.4932686123065
1768918341.2676446,-33.36375485748973,-40.56960181730223,52.526495502794795
1768918341.287737,-33.333621763149125,-40.68405308236895,52.59584123348255
1768918341.3076468,-33.296720745966255,-40.781126989945975,52.64762037362144
1768918341.3276722,-33.251098343147106,-40.90769318197776,52.716931838797954
1768918341.3476381,-33.22186837329552,-40.98988105865891,52.76232450731845
1768918341.3680124,-33.17170999403075,-41.09621347502982,52.813455727809576
1768918341.3875566,-33.13917762851946,-41.172323002210774,52.85229678351679
1768918341.4076624,-33.10262136056747,-41.234516783114046,52.877867915395484
1768918341.427611,-33.081072063396235,-41.2794291333236,52.89941964177585
1768918341.4475884,-33.04150298638312,-41.33781871525471,52.92028132705293
1768918341.4679205,-33.01860161632989,-41.38027101532603,52.93916208252388
1768918341.4876056,-32.99268491157294,-41.41114320941645,52.94714382839863
1768918341.5080156,-32.97397419615622,-41.43418291393972,52.953512518383434
1768918341.527751,-32.93970605811336,-41.489832405581566,52.97575321067324
1768918341.5475628,-32.90641583763286,-41.52569560301244,52.98316335019325
1768918341.567676,-32.87561254470009,-41.57060979292459,52.99925941694695
1768918341.5878086,-32.87628894105977,-41.615695171714734,53.03504934626845
1768918341.6076744,-32.817513704603826,-41.692308528597735,53.058814500473375
1768918341.6279526,-32.77846296151887,-41.72175918012539,53.057825277748066
1768918341.6476653,-32.739290632728085,-41.766658553298804,53.06896379092101
1768918341.6677778,-32.69342364900106,-41.815609375097736,53.079234520703324
1768918341.6881418,-32.62552645991834,-41.86280117613053,53.07465590184328
1768918341.7077417,-32.58381316123041,-41.893920711477406,53.07358545176242
1768918341.7275686,-32.51564225392074,-41.95056627060002,53.07652024774194
1768918341.7480533,-32.46187115129767,-41.9811072817191,53.067753365322154
1768918341.7676065,-32.390295286212805,-42.029976019305636,53.062699826822474
1768918341.78773,-32.35227561453341,-42.04906015354062,53.05462465454647
1768918341.8076985,-32.31177708055226,-42.07251545573967,53.04853904563966
1768918341.827617,-32.27575285292751,-42.09038960575063,53.04078731869597
1768918341.84776,-32.23420493891489,-42.111266136817584,53.032091262648166
1768918341.8676593,-32.212399533257724,-42.12090970474836,53.02650014894238
1768918341.8876882,-32.127458019963164,-42.157157499773874,53.003768613988534
1768918341.9077857,-32.09872481429407,-42.168009674416524,52.99499197665251
1768918341.9276152,-32.01837556621688,-42.19458846707555,52.967534111049375
1768918341.9475935,-31.983200620900377,-42.20570717639541,52.955139884777914
1768918341.9675863,-31.89462817422399,-42.22704001318266,52.91871327467186
1768918341.9875844,-31.831981209905727,-42.240326395082114,52.891589139586856
1768918342.0077972,-31.774789256700004,-42.24870443668824,52.86388425840783
1768918342.0276427,-31.713724459205537,-42.25640600733169,52.83336226032628
1768918342.047676,-31.665207902346687,-42.26023240615827,52.80731610791585
1768918342.0676885,-31.63912124409291,-42.262284862441376,52.793320741288404
1768918342.0884202,-31.611796930530197,-42.263520352906326,52.777939120409066
1768918342.1077065,-31.58455537401507,-42.264415253089304,52.76234390983585
1768918342.127723,-31.55075410614177,-42.26510441371313,52.742669023934454
1768918342.147823,-31.537159285461016,-42.26520806967166,52.73462078150537
1768918342.1677604,-31.483579749685042,-42.26502716965325,52.70245075427049
1768918342.1878223,-31.41055379577044,-42.262746765894576,52.65702853328434
1768918342.2082188,-31.36433868970397,-42.26002989268116,52.627292044838924
1768918342.2277153,-31.28619936297862,-42.2532643071611,52.57532325331779
1768918342.2476504,-31.234849198817976,-42.247285480716705,52.53997463800374
1768918342.2675512,-31.154204849618964,-42.23543809475781,52.482537199226
1768918342.2879677,-31.117952440318348,-42.228978103257724,52.45582480262163
1768918342.307605,-31.064935195554455,-42.21827949523016,52.415773601477724
1768918342.327681,-31.059298687603736,-42.21708002880658,52.41146707662782
1768918342.3477318,-31.024688527779947,-42.209282962446665,52.38468160110979
1768918342.3675911,-31.01361934334235,-42.20671142187838,52.376054393429236
1768918342.3876889,-30.974074701343486,-42.19697930623131,52.34480266630986
1768918342.4077718,-30.941057460556152,-42.18835008184681,52.31831342279585
1768918342.427735,-30.886464555693784,-42.17294859911865,52.2736194106935
1768918342.4476879,-30.84892260055178,-42.16153563052406,52.24223494777749
1768918342.4676614,-30.79711336633799,-42.144636320721716,52.198013011080896
1768918342.487638,-30.750997796055554,-42.12842565808929,52.157723434618674
1768918342.5077257,-30.70546305234751,-42.11132143162,52.117068739294
1768918342.5276375,-30.661223229800417,-42.093575351798314,52.07667132070919
1768918342.5482316,-30.622438058812822,-42.077096703516574,52.040520555264564
1768918342.5676408,-30.588710110196743,-42.06207409030759,52.00853067511307
1768918342.587666,-30.565318179241494,-42.05119029999469,51.98597196402735
1768918342.6076295,-30.54169557934585,-42.03991551924086,51.962964366232434
1768918342.6278498,-30.513652782539367,-42.02606942063605,51.93528200637302
1768918342.6475976,-30.481785528192574,-42.00962106511258,51.90325144941386
1768918342.6676052,-30.459145408454344,-41.99753627567203,51.88017532969365
1768918342.6876295,-30.409687968823103,-41.969962426778906,51.82882275786724
1768918342.7076209,-30.387603622714213,-41.95705673530774,51.80541539087421
1768918342.7277193,-30.339512559052352,-41.92771933349665,51.75345081083351
1768918342.7478034,-30.296701805280556,-41.90001812988545,51.705915131276996
1768918342.7681665,-30.262853959371377,-41.87707794736857,51.66749449292294
1768918342.7877176,-30.23030350908295,-41.853944099400955,51.62968029076931
1768918342.8076954,-30.193506226169795,-41.82740346795346,51.586621318910964
1768918342.8276803,-30.161852531409167,-41.803954575953696,51.54908307928351
1768918342.8476667,-30.1383873721592,-41.78630925194022,51.52104457688246
1768918342.8676264,-30.118064922481565,-41.77125875507764,51.496950323863494
1768918342.8877318,-30.0936582359719,-41.753083423163794,51.46793410819163
1768918342.9076912,-30.07501379112525,-41.738403616644064,51.445124074126404
1768918342.9277601,-30.0575543292765,-41.725778173314836,51.42467439300015
1768918342.9476385,-30.03936989177047,-41.71111652127054,51.402149614054224
1768918342.967801,-30.000418136730225,-41.68075949580383,51.354754410139016
1768918342.9877515,-29.95951100718262,-41.64658848999745,51.303124979329326
1768918343.007621,-30.01731288522116,-41.66020383297616,51.34794695267169
1768918343.02781,-29.986402241917673,-41.63414351357285,51.30873439798399
1768918343.0475638,-29.923083467664455,-41.60335229854361,51.24675449908558
1768918343.0675485,-29.893854005586434,-41.58056911571534,51.21119248068821
1768918343.087737,-29.879914941307344,-41.57001206170467,51.19448427037851
1768918343.1076698,-29.79858947662129,-41.530902620113665,51.11527958680818
1768918343.127893,-29.77223029778265,-41.51338810541318,51.085683795901836
1768918343.1479647,-29.786523578113588,-41.51227210158906,51.09310836018774
1768918343.1682842,-29.76521375157516,-41.49853528290452,51.06952496649475
1768918343.1875725,-29.751464033685863,-41.490373631860706,51.054879455925715
1768918343.2076805,-29.742667617822434,-41.484480979415714,51.04496487564437
1768918343.2277062,-29.694000182768956,-41.46563609152797,51.001300212144685
1768918343.2477489,-29.683503231806913,-41.45901476971047,50.98980554765592
1768918343.2676208,-29.665189246255053,-41.44559518435055,50.96823337335902
1768918343.2877538,-29.655388295171534,-41.43819049354313,50.95650779161152
1768918343.3076649,-29.64015310266004,-41.42643287971982,50.93808022577077
1768918343.327772,-29.66432468979941,-41.427269609697134,50.95282942699432
1768918343.347602,-29.651253753672442,-41.415952481750736,50.936018387142404
1768918343.367718,-29.67601417336335,-41.4156583660822,50.95019700760436
1768918343.3875442,-29.661158694930528,-41.39952628161008,50.928431268472984
1768918343.4076564,-29.647435032288364,-41.38290845563719,50.90692994319543
1768918343.4276383,-29.63802229138698,-41.368610524507886,50.88982513305755
1768918343.447592,-29.629510845545205,-41.35652740399949,50.875045669404976
1768918343.4677358,-29.62421915621757,-41.34645225040039,50.863773693172305
1768918343.4877663,-29.6164655702041,-41.331297610289575,50.84693889529058
1768918343.5076249,-29.610615506299567,-41.31566993357592,50.830828566157535
1768918343.527661,-29.609095704517642,-41.31104561599693,50.8261845737634
1768918343.5476418,-29.606327040186503,-41.299434209011054,50.815134229822824
1768918343.568197,-29.601149733326537,-41.284119204878564,50.79967090501119
1768918343.5879498,-29.59622468903538,-41.2680415158365,50.783735254475644
1768918343.6078866,-29.634535704111975,-41.25979469087764,50.799373660820486
1768918343.627696,-29.55964050150684,-41.2105635746806,50.7157066077277
1768918343.6477973,-29.553930218523707,-41.184760473635514,50.691412355862596
1768918343.667949,-29.54863006486094,-41.15751362952373,50.66618662258326
1768918343.6878557,-29.54177217899202,-41.11391419616852,50.62677398378624
1768918343.7075696,-29.581990654675195,-41.097283091093544,50.636753929954615
1768918343.7276206,-29.577983503793604,-41.052571302208975,50.598129596593175
1768918343.7476203,-29.58192543563973,-41.028956625162664,50.58127711148887
1768918343.7676663,-29.580273928288136,-41.00264431050154,50.55896998679924
1768918343.787638,-29.581695198167438,-40.98545398230914,50.54586164003204
1768918343.8077793,-29.580070761642435,-40.95769060920394,50.522401034620735
1768918343.8276596,-29.580843499631573,-40.93458543578761,50.50412445483528
1768918343.847779,-29.577867038100017,-40.88999387948677,50.46624434201527
1768918343.867614,-29.579123427700356,-40.84477932366081,50.43035336728944
1768918343.8876898,-29.581046329196447,-40.7977325284356,50.393385294022856
1768918343.907831,-29.576540555744547,-40.72367954652505,50.330803957950685
1768918343.9285176,-29.582725687469406,-40.69663669713809,50.31256202539192
1768918343.9476347,-29.58026633770168,-40.641808540324256,50.26677588664048
1768918343.967716,-29.578416608595347,-40.591368886828576,50.22491371001272
1768918343.9876895,-29.582830556446545,-40.55433461643555,50.19758878584956
1768918344.0076578,-29.585541626298664,-40.52240170429798,50.17339248252945
1768918344.027681,-29.58529080164213,-40.48880598188926,50.14611492086702
1768918344.0476484,-29.548601239330274,-40.43576364593247,50.08164151493703
1768918344.0677404,-29.54718179318798,-40.38607599610713,50.040694302567786
1768918344.0876212,-29.548361150588267,-40.36496090760769,50.02435122775997
1768918344.1079342,-29.545855151681586,-40.27559776810834,49.95078910510426
1768918344.127608,-29.553122020017774,-40.24758172134525,49.93250299701011
1768918344.1478913,-29.551762048894165,-40.16119345988669,49.8620908137325
1768918344.1675994,-29.55506456105784,-40.138250246075515,49.84557125788486
1768918344.1874766,-29.554263615193392,-40.03089582450272,49.75868887288464
1768918344.2076106,-29.562074230318117,-39.99955019759472,49.73811665924574
1768918344.2278411,-29.562705476861204,-39.87742728930779,49.64033402713633
1768918344.2477584,-29.566406921317267,-39.842659266983894,49.61461393281112
1768918344.2676506,-29.568407942289966,-39.74196771859377,49.534985075070175
1768918344.2877674,-29.501533684639476,-39.65380181565742,49.424330933067296
1768918344.3076174,-29.50259368980578,-39.59617732702441,49.37874333495061
1768918344.3278835,-29.505544031705224,-39.53812544053967,49.33396894593771
1768918344.3475745,-29.507843192764643,-39.45856020212268,49.27160219754708
1768918344.3680172,-29.516234690422948,-39.430706332383146,49.25432683704821
1768918344.3879085,-29.518656355813917,-39.36951764586942,49.20680839803631
1768918344.4076488,-29.526935498519524,-39.28794872979187,49.14654449021301
1768918344.4276361,-29.569917099238943,-39.25920451782724,49.14941644239991
1768918344.4476697,-29.576049394375616,-39.16312639414727,49.07640132224959
1768918344.4677048,-29.551621215458773,-39.077192029917725,48.9931143468653
1768918344.4877257,-29.56032110060861,-38.954719850461316,48.90074418860117
1768918344.5076346,-29.57359124029296,-38.8774923298431,48.84727944015861
1768918344.5278533,-29.586812748069484,-38.72655201490778,48.73525745856571
1768918344.547591,-29.59896622583257,-38.66951777901707,48.69733470016295
1768918344.5677257,-29.614022074539456,-38.52505903346946,48.591876656120384
1768918344.5877762,-29.62330306279698,-38.490109729954206,48.569832523637885
1768918344.6076634,-29.637953229598644,-38.36639181184094,48.48080333801795
1768918344.627928,-29.644327361098988,-38.34243655754095,48.465746521239666
1768918344.6475596,-29.654335750077724,-38.266888517849026,48.41213056265778
1768918344.6675851,-29.663111583139226,-38.21664379339774,48.37780536181044
1768918344.6877697,-29.67752579883693,-38.113756866414946,48.30542412620785
1768918344.7076423,-29.68236421308453,-38.08815701382825,48.2882019751019
1768918344.727718,-29.692349685372275,-38.02296810779747,48.24294490974831
1768918344.7476473,-29.707973953523215,-37.91707771843606,48.16916543940879
1768918344.7677834,-29.731733175963626,-37.769286163659366,48.067607959613376
1768918344.7876298,-29.752210441942562,-37.646189755634026,47.98363918356798
1768918344.807966,-29.772206835532273,-37.53547406566271,47.90924872289016
1768918344.8276274,-29.795080385407225,-37.40893859555132,47.82442369771545
1768918344.847758,-29.81741908061907,-37.29527224581619,47.74951112334883
1768918344.8677368,-29.842784553089043,-37.16540396231356,47.66402250717036
1768918344.8876312,-29.86813640757952,-37.04905958202123,47.58926757551472
1768918344.90765,-29.890964255180016,-36.94606429563774,47.523482732664355
1768918344.9276237,-29.90817382274269,-36.87199276102035,47.476759699669145
1768918344.9477541,-29.93265515316878,-36.76730323293941,47.41095265380604
1768918344.9676208,-29.952837458186117,-36.69261639441165,47.365816467827976
1768918344.9876366,-29.975367505220547,-36.601563969368705,47.3095882678852
1768918345.0076623,-29.961332077203494,-36.49749665484464,47.220214759262355
1768918345.0276897,-30.004600113220413,-36.32700855354868,47.11610741990329
1768918345.0476887,-30.030482162272797,-36.23342470276958,47.060502808510854
1768918345.0676477,-30.060396984709122,-36.12296535151135,46.994638977917454
1768918345.0875947,-30.08437322486288,-36.044140123961164,46.94943609468162
1768918345.1075947,-30.130157146381663,-35.883826902684575,46.85590040589854
1768918345.127803,-30.148488101968326,-35.83673704415715,46.83164589042959
1768918345.1479356,-30.197417165440733,-35.67408634598675,46.73889643631494
1768918345.1678257,-30.288618002570168,-35.52280959789012,46.6826561180228
1768918345.1885874,-30.343252410872694,-35.35687380260952,46.59207542022126
1768918345.2077487,-30.39910853920976,-35.207539936600654,46.51533799045198
1768918345.227582,-30.465990549022017,-35.02173581751831,46.418730700064856
1768918345.2476792,-30.503646982921474,-34.91946766117839,46.366385464027466
1768918345.267631,-30.53742763081585,-34.8343352443363,46.32456581795587
1768918345.2876515,-30.583362483124944,-34.71362634969583,46.264218518424265
1768918345.3076236,-30.61890634093786,-34.627547672823795,46.22320286770281
1768918345.327671,-30.640127365256507,-34.575559232191004,46.198340892048165
1768918345.3476253,-30.68844466752499,-34.45297207793908,46.13878976647516
1768918345.3676283,-30.73159463589667,-34.34748256838728,46.08883235286766
1768918345.387822,-30.77081726638928,-34.25996275061899,46.04984519968901
1768918345.407844,-30.823321253382765,-34.135578669890094,45.992552269008655
1768918345.4275925,-30.87226901755156,-33.92649687348312,45.87051541457251
1768918345.4475946,-30.943811872762822,-33.76360245258627,45.79847534354421
1768918345.4676125,-31.042809776805733,-33.56556295065596,45.719832185096585
1768918345.4876459,-31.102861332937906,-33.43698535170475,45.66639872494964
1768918345.5077326,-31.17504705314269,-33.31119187860569,45.62366779577182
1768918345.5279615,-31.23845415436015,-33.18127452019013,45.572338065303164
1768918345.547647,-31.30667931913277,-32.964167503388964,45.461461802085736
1768918345.5677326,-31.35439776218606,-32.870037543206806,45.42617777362744
1768918345.587716,-31.406947847530912,-32.77687553054977,45.39515329462694
1768918345.6076417,-31.46638877492267,-32.663066232251055,45.354266813906264
1768918345.6275897,-31.500202247734414,-32.60717794824504,45.33752083425703
1768918345.6480305,-31.541130356985267,-32.53093608499272,45.311198469718484
1768918345.6675904,-31.61409996730329,-32.39700469016384,45.26607150656155
1768918345.6876101,-31.720803913407327,-32.204373840122614,45.203219966582154
1768918345.7076645,-31.822966459388972,-32.03093121777711,45.15176351986004
1768918345.7277336,-31.92803402730627,-31.856478175401755,45.10248949435802
1768918345.7476277,-32.04515620347695,-31.660487656318104,45.047513968487856
1768918345.7679121,-32.1834689394758,-31.516850115004083,45.04539392823462
1768918345.787761,-32.320826546040166,-31.299307052470375,44.99202652230766
1768918345.80768,-32.388545495781976,-31.201262120158333,44.97262097346747
1768918345.8278282,-32.532855005123466,-30.98200325532023,44.925173127068305
1768918345.847686,-32.58812046704654,-30.902494936615213,44.91046413568074
1768918345.8677273,-32.68403127395538,-30.762236709320337,44.88386244160755
1768918345.8878844,-32.71277845221225,-30.722403760485285,44.87752184430199
1768918345.9076812,-32.83743782612333,-30.540487119576717,44.84438288666203
1768918345.9277427,-32.853352634781146,-30.520846550246418,44.84266777845593
1768918345.9476442,-32.95438577384489,-30.379283325111032,44.82066930645681
1768918345.9676013,-33.05637230746673,-30.23694002889698,44.79951218976571
1768918345.9884746,-33.13353496557566,-30.008791448507978,44.70300553111692
1768918346.0076013,-33.27029595685663,-29.824026780453977,44.68092620412055
1768918346.0275993,-33.404513114779185,-29.636615781023043,44.65636003289384
1768918346.0476286,-33.51533573809041,-29.49174168016304,44.64348280506782
1768918346.0676897,-33.696644179420886,-29.316839451273868,44.66476132664617
1768918346.087624,-33.929458475730854,-29.024697683862673,44.65020972062693
1768918346.1076512,-34.09339416020305,-28.81256741703654,44.63769221772383
1768918346.1276038,-34.1803632728228,-28.707308849388312,44.636384428359584
1768918346.1476262,-34.24475674329603,-28.620988253800576,44.63030733741041
1768918346.1676865,-34.386610560139005,-28.451578808118835,44.63105782400032
1768918346.1876962,-34.415967721121476,-28.407005277158618,44.625293085847545
1768918346.207686,-34.542401805813455,-28.25801622773004,44.628387867375615
1768918346.2276819,-34.702066019621036,-28.174045677944378,44.69910777513387
1768918346.2476354,-34.79568088537734,-28.067580714692717,44.70490460176382
1768918346.2675834,-34.82639430029374,-27.91223913672939,44.631500463075405
1768918346.2876828,-35.01528965173618,-27.698588819251317,44.646190565074384
1768918346.3075583,-35.11696497116165,-27.566378642464713,44.6442209053482
1768918346.3280656,-35.330743162405234,-27.33272855836883,44.66922276974736
1768918346.3476365,-35.41944663135569,-27.22363943984292,44.672852427643626
1768918346.3680425,-35.578572836650665,-27.05474161688845,44.69668767425001
1768918346.3879597,-35.76486498851054,-26.950351185093332,44.78221741546803
1768918346.407806,-35.94956443363445,-26.76253105827396,44.81745476500326
1768918346.427562,-36.09300759405105,-26.56140363997659,44.81309362797874
1768918346.4481912,-36.28753568975115,-26.405183720454733,44.877822738474414
1768918346.4676473,-36.50100488534363,-26.20064442704411,44.93102631848373
1768918346.4876952,-36.60881105138071,-26.044138132657267,44.9277439637094
1768918346.5078003,-36.760974708360614,-25.902686533920075,44.97019492044985
1768918346.5276582,-36.861661973778375,-25.79927874238147,44.99316511533941
1768918346.5475845,-37.105682376310284,-25.58003562736495,45.06850216402675
1768918346.567604,-37.32468987654336,-25.380905297907166,45.13671264194448
1768918346.5875995,-37.506634511360524,-25.224653488639728,45.199897964384
1768918346.6076322,-37.722666397046694,-25.080451155438745,45.29932218326478
1768918346.628049,-37.9090375564178,-24.927303499186447,45.370316157091615
1768918346.6476126,-38.12096313558831,-24.75678532169207,45.454441475495344
1768918346.667936,-38.2805517233127,-24.623202232329792,45.515961248944635
1768918346.6877081,-38.37299917921202,-24.547591811888353,45.55295083494476
1768918346.7083523,-38.51412493439328,-24.435412684605204,45.61170039067848
1768918346.7277558,-38.586414920752134,-24.38008705009401,45.643181977230775
1768918346.7476318,-38.70619921252084,-24.287939376747943,45.69544678245232
1768918346.7681441,-38.92651338001794,-24.124560174845364,45.79593702015988
1768918346.787799,-39.170129599535116,-23.9440878935923,45.90880523277044
1768918346.8077118,-39.39503623287221,-23.784861117452806,46.0183495810729
1768918346.8279014,-39.62879509065055,-23.655535112087403,46.15220191687466
1768918346.847608,-39.88398378480405,-23.483203677024402,46.283831058838736
1768918346.8675976,-40.12765508045484,-23.28342476602134,46.393389303767506
1768918346.8876626,-40.309067202044815,-23.166039981297757,46.49178752332557
1768918346.9078588,-40.58991405118096,-22.981946757472393,46.64451735676502
1768918346.9276981,-40.66836727573237,-22.932728848892623,46.68860834647668
1768918346.9478016,-40.849243893109985,-22.817814653553267,46.790099296781726
1768918346.9680843,-40.92833468119271,-22.76936175359229,46.83558918644745
1768918346.9876454,-41.259301851768,-22.60690342916736,47.04680724502998
1768918347.007616,-41.36714875172716,-22.54452718200838,47.11153469913537
1768918347.0276742,-41.6659095591386,-22.37606821286871,47.29414813755789
1768918347.0475998,-41.80679538631503,-22.278527504232805,47.3723646045885
1768918347.067643,-42.054087944798745,-22.14616071252403,47.5289253736481
1768918347.0876393,-42.25431279472441,-22.0242576764496,47.64971013503713
1768918347.1078753,-42.532660720063305,-21.883955953922836,47.8323609716398
1768918347.127882,-42.890512117630536,-21.772903422877125,48.10047144441046
1768918347.1476064,-43.06095379483487,-21.69331846287301,48.216654878294186
1768918347.1678956,-43.24699913396617,-21.553320290533335,48.320270587400344
1768918347.1877286,-43.44670773006966,-21.464254391025406,48.45957726956301
1768918347.2078223,-43.6214972987434,-21.39035806988916,48.58376729878355
1768918347.2276027,-43.736262817300954,-21.34116343632411,48.66524367595336
1768918347.2475822,-44.00105283147383,-21.23452604220996,48.85691093914396
1768918347.26763,-44.20459635787153,-21.152615467006743,49.00489241144604
1768918347.2877574,-44.51199135971452,-21.06463442472764,49.24465654520012
1768918347.307847,-44.74816058496873,-20.976483404452747,49.42075203551065
1768918347.327639,-45.08631185187867,-20.863106729301876,49.67941967055469
1768918347.3476248,-45.30408875627611,-20.79387569940056,49.84822689563456
1768918347.367619,-45.604807390155635,-20.694326871868213,50.080471461168585
1768918347.3879492,-45.81658020248952,-20.6270134153326,50.24572323976903
1768918347.4076045,-46.03053588584573,-20.54282986859358,50.40652827708046
1768918347.427849,-46.21590311035032,-20.48926232980505,50.554125164271774
1768918347.4477184,-46.39924770857942,-20.4362192034229,50.70038701284699
1768918347.4677248,-46.55537696585024,-20.394017814534358,50.82636212687235
1768918347.4883957,-46.70918228267631,-20.35188111191871,50.9504344859782
1768918347.5075693,-46.86417747687658,-20.310962586532767,51.076279541248105
1768918347.5277364,-46.98793044062785,-20.278743825247005,51.17707551456291
1768918347.547678,-47.306580592375695,-20.221438270571745,51.44724611748894
1768918347.5677228,-47.36967135836741,-20.20652453507819,51.49941163145897
1768918347.5876472,-47.715802670805296,-20.126587319471135,51.78684525675923
1768918347.6076627,-47.905009828581555,-20.084813312676797,51.94506417824098
1768918347.6276586,-48.15095120680746,-20.011915488335106,52.14394369083163
1768918347.6478407,-48.43615443937176,-19.95465592743748,52.385583418122664
1768918347.667731,-48.6548381241403,-19.91095178602251,52.57127803194068
1768918347.6880822,-48.91038252437185,-19.86486386730197,52.79051368519555
1768918347.7077792,-49.04149307592721,-19.85974789510991,52.910090054483355
1768918347.7276013,-49.524976321067584,-19.782019895268952,53.329650202669825
1768918347.747624,-49.620500899332114,-19.76698767275613,53.4128066212169
1768918347.7676907,-49.913100113268904,-19.725694028816136,53.66954972641075
1768918347.7876663,-50.17439474651508,-19.691664014920296,53.90019962723354
1768918347.807969,-50.365744371726954,-19.666022496251728,54.06903593500835
