timestamp,delta_x,delta_y,dist_error
1769370142.7310119,-0.40485361681926135,-0.023255074990359503,0.40552096069678634
1769370142.751231,-0.4051721694974666,-0.024325892182802455,0.40590175654433075
1769370142.7711804,-0.2539900485034772,-0.008493973713879832,0.2541320371937603
1769370142.7910151,-0.2542942375489057,-0.01112647010897394,0.25453753669678103
1769370142.8110185,-0.13940752503868592,-0.04289322177858512,0.14585707563213632
1769370142.8310413,-0.13972617960294698,-0.046400697084783005,0.14722917494976592
1769370142.8511915,-0.22910823462615082,-0.03914686488385577,0.23242861313475635
1769370142.8709896,-0.22956571524279124,-0.04365147654094148,0.23367898711509916
1769370142.8909123,0.19140697003509133,-0.041784022009918154,0.1959146055641071
1769370142.9111035,0.18999685650379816,-0.05523815648973773,0.19786373951209357
1769370142.9311662,0.5657137066225548,-0.05220356330794296,0.5681172501189138
1769370142.951394,0.5636111290618921,-0.07106485848027955,0.5680736914461388
1769370142.971114,0.6713942947900606,-0.07860988897546406,0.6759806311732443
1769370142.9909966,0.6687391510546035,-0.10148613974885556,0.6763959555721456
1769370143.0113826,0.10883487541525483,-0.07742597675882568,0.13356575902420595
1769370143.0310128,0.10623974828598759,-0.09809981144913049,0.14460448513868773
1769370143.0513961,0.10402051341466345,-0.1153626545453399,0.1553345076755246
1769370143.0709481,0.593740959926911,-0.13120935013178325,0.6080659676851966
1769370143.0911534,0.5114312610514864,-0.09977476856151135,0.5210728732358044
1769370143.111002,0.5088117715237355,-0.119548379026722,0.522667421759802
1769370143.131232,0.8730186032462488,-0.1573893385847578,0.8870923771029592
1769370143.1509683,0.8713087574788057,-0.1696827449636107,0.8876774103229426
1769370143.1711767,0.661106511867571,-0.1539948128426616,0.6788049958685876
1769370143.191955,0.4380889524541738,-0.14521735409726944,0.46153007506922783
1769370143.2110438,0.4327645001862759,-0.1811337200031513,0.469142342092096
1769370143.2309918,0.42934390865017247,-0.20372798986104623,0.475227614673043
1769370143.2510118,0.553731619408877,-0.20196457742337337,0.5894136042432166
1769370143.270993,0.6477484112676974,-0.22323433197652776,0.6851361698763485
1769370143.2910345,0.6422543652738926,-0.25739212766950637,0.6919113939657346
1769370143.3112679,0.6356566230200946,-0.29750687486476224,0.7018330876932977
1769370143.3308861,0.5786143796605321,-0.3278755157863831,0.665054098703353
1769370143.3509183,0.5728020794416602,-0.3615612169171456,0.6773689805352008
1769370143.3709965,0.5925910899294402,-0.3317002732939338,0.6791091747039149
1769370143.3909385,0.5188055318930687,-0.33055313106974626,0.6151622163160403
1769370143.411149,0.5159619643524851,-0.34619199012845225,0.6213418082565936
1769370143.43128,0.5072026233265652,-0.3943083310362905,0.6424434302208829
1769370143.4510314,0.5355142998490539,-0.3271768050742452,0.6275509757154497
1769370143.4712243,0.48079179161736896,-0.3414202356293021,0.5896851059538537
1769370143.491062,0.4682070361916162,-0.4061426513339299,0.6198142318242552
1769370143.5112438,0.45440082401100623,-0.4602830360064232,0.6467925340456333
1769370143.5314302,0.3994641320225536,-0.4744382012830002,0.6202122214284242
1769370143.550975,0.388620422351291,-0.5267632309794292,0.654603188336555
1769370143.5709593,0.4091172132563572,-0.5050297881910346,0.6499476756962278
1769370143.5913837,0.4047195345666368,-0.5256095441607194,0.6633726664346928
1769370143.6109629,0.39724219358202273,-0.5603459031931246,0.6868689042220326
1769370143.6310642,0.351741861981024,-0.5032669265883376,0.6140032059098298
1769370143.6509957,0.35123138758347183,-0.4506981681070812,0.5713950702962791
1769370143.671013,0.34154656787766147,-0.4943891225825139,0.6008948847817878
1769370143.6910326,0.3134445166233366,-0.4449282247623243,0.5442504847874648
1769370143.7110283,0.30127180633218775,-0.4981996721346702,0.5822092532807703
1769370143.7309933,0.27112674753225674,-0.5714284960879858,0.6324873432479082
1769370143.7510254,0.2617735376963868,-0.6104359512317235,0.6641968349775996
1769370143.7711062,0.33016391800773714,-0.6251029943289508,0.7069384458870801
1769370143.7909453,0.3143777229928184,-0.6875823259339313,0.7560441836631403
1769370143.8112335,0.29411683660997356,-0.7655578704492356,0.8201119232057454
1769370143.831048,0.2816822274762294,-0.8122707095352943,0.8597258765705152
1769370143.8509934,0.27752972453571245,-0.7415697410503164,0.7918007507209763
1769370143.8710067,0.36326743379238846,-1.0499881989504223,1.1110528549035183
1769370143.8910828,0.3545605906470115,-1.0810206519013068,1.137681353577127
1769370143.9109988,0.37235591754117414,-1.0244171816482934,1.0899905923374578
1769370143.9310434,0.37365446053998164,-0.9807200296946279,1.0494900821473523
1769370143.9509447,0.35529549886760803,-1.0425192129514533,1.1013996553878616
1769370143.970967,0.44615400239379777,-1.0050653875814612,1.0996407718733776
1769370143.9909394,0.4294747228629039,-1.0589537270037086,1.1427298602527254
1769370144.011071,0.37995193190931476,-0.9989369708216378,1.068755604540126
1769370144.031002,0.36032235101541055,-1.0603441978266206,1.119893751436203
1769370144.0510466,0.39389965892116297,-1.0645045788723078,1.1350449064853416
1769370144.07096,0.37630512673048666,-1.118098318464832,1.1797242890427968
1769370144.0913663,0.39741901119092815,-1.0975028142072354,1.167242176092338
1769370144.1109898,0.3714872675773049,-1.1737928973800926,1.2311752742449
1769370144.130936,0.3805958640047482,-1.1412931062364162,1.2030806980582343
1769370144.151667,0.35911972670804904,-1.2020298784225685,1.2545289182523607
1769370144.1711178,0.3839302696393778,-1.1399688744422884,1.2028846522599677
1769370144.1910574,0.36452607049167707,-1.1929214778981123,1.2473736042175654
1769370144.2111058,0.3392632359717713,-1.2608496878213344,1.3056957833129408
1769370144.231048,0.3135151615554208,-1.3286675810860338,1.3651554115023439
1769370144.2510376,0.3366221925378938,-1.2087012277767206,1.2547004258140548
1769370144.2710059,0.32199793999831106,-1.2462340117558974,1.2871603961512932
1769370144.2910357,0.2200145266716269,-1.268233518554561,1.2871762309535637
1769370144.3109899,0.20816870721332115,-1.298202137258511,1.3147862943632442
1769370144.330984,0.15481064799278776,-1.3417560442901713,1.3506574766095047
1769370144.351088,0.1276109091537585,-1.4089661187021378,1.4147332143501883
1769370144.370998,0.19052938110035744,-1.3092316889418831,1.3230226983661697
1769370144.3912125,0.1564876294744033,-1.3910483318070241,1.3998227886420562
1769370144.4109666,0.1093463724011956,-1.3598462664591748,1.3642354993036423
1769370144.4310868,0.08704382969345126,-1.4116377382987695,1.4143188227825323
1769370144.4510531,0.04730774774594537,-1.3643900995468101,1.3652100082910865
1769370144.4709675,0.01794352313393688,-1.4306723099454723,1.4307848295488639
1769370144.4909542,0.06573499194878352,-1.3649066001622092,1.3664886081972538
1769370144.5109446,0.042428157214541073,-1.4162445082930142,1.4168799016835347
1769370144.5309827,0.02524035101897537,-1.392331118819762,1.3925598801320722
1769370144.5511425,0.01506576515677649,-1.4142453473097443,1.4143255918164734
1769370144.5709906,0.03805622226927596,-1.4089602369661547,1.4094740953295777
1769370144.591705,0.027730910672635112,-1.430773770047212,1.4310424817110938
1769370144.6110327,0.061769655150071046,-1.3946150730013898,1.3959823394799915
1769370144.6311178,0.051229998994782644,-1.4163235933512848,1.4172498135051916
1769370144.6509833,0.004799243335058101,-1.5101530897122508,1.5101607156538162
1769370144.6710987,-0.0126881333072979,-1.3953016062703076,1.395359294657589
1769370144.6916764,-0.04548430730042208,-1.4599027324978961,1.4606111085998978
1769370144.7109628,0.0048296436116745944,-1.3953455707819717,1.3953539290654118
1769370144.7309952,0.04361955138825513,-1.3844852231861964,1.385172190914994
1769370144.7509496,0.02102649503688525,-1.427159383615047,1.4273142680342044
1769370144.771096,0.08451544404822675,-1.3487164800850264,1.3513619070906255
1769370144.790953,0.06163649078344591,-1.3912315784904887,1.3925962666850844
1769370144.8109639,0.08323085911629091,-1.3745193910158453,1.3770370119164577
1769370144.8310826,0.05215376043545916,-1.4308814152702243,1.4318315680600422
1769370144.8510292,0.14567929301138793,-1.330532664519702,1.3384840782639873
1769370144.8709521,0.11005289818214914,-1.3935532959295553,1.3978921378255253
1769370144.8912854,0.11285040117080536,-1.3029249218544248,1.3078029534428228
1769370144.9114757,0.08055513007946935,-1.358568742545196,1.3609548696422507
1769370144.9309895,0.11915337688843763,-1.2108303874500548,1.2166789857626241
1769370144.9509735,0.0945052075751569,-1.2523024824205509,1.2558633451675774
1769370144.9710476,0.09357743157348164,-1.263403224339541,1.2668640191320606
1769370144.991667,0.12023875599325917,-1.132168854941046,1.1385357590086163
1769370145.0109487,0.08657882260425254,-1.1869680010000485,1.1901213920947686
1769370145.0309863,0.05261554118277134,-1.2415747904501617,1.2426891628461716
1769370145.0509725,0.07866096916260101,-1.0954709672632064,1.0982914859845652
1769370145.070995,0.05704229066613742,-1.1293490976589509,1.1307887545017092
1769370145.0909417,0.05300315668209343,-1.1348159999899678,1.1360531186751335
1769370145.1111338,0.05630609130479591,-1.0704353321043016,1.0719151907381808
1769370145.1312745,0.0029655876209155885,-1.150792041743467,1.1507958628923007
1769370145.1510363,-0.02047614745831794,-1.0998417515481282,1.100032340916934
1769370145.170989,-0.04757457234266571,-1.1397355890390377,1.1407280801557178
1769370145.1910434,-0.020545868959688462,-1.114655100893271,1.114844440573974
1769370145.2109237,-0.04801468808725673,-1.1542995605513149,1.1552977476655424
1769370145.231349,0.012768359773668969,-1.0759509069309743,1.0760266656253905
1769370145.251035,-0.024349206128283285,-1.1284743598538678,1.128737021934992
1769370145.2709577,0.012904039593342631,-1.0015515015906398,1.0016346262865976
1769370145.290958,-0.03540110259039597,-1.0526437220010738,1.0532388349908532
1769370145.3109322,-0.068517150072406,-1.0981765827764818,1.1003119588610657
1769370145.3309472,-0.04118796644851486,-1.059918264047612,1.0607182354621172
1769370145.3510056,-0.07965862681789293,-1.1114951247552374,1.1143459557880457
1769370145.3710976,-0.0905525068631925,-0.9814080768222544,0.985576770095138
1769370145.3909676,-0.1296179776565589,-1.0325568963099239,1.0406606383682238
1769370145.4111116,-0.09612240920016024,-0.9471675750005639,0.952032527113907
1769370145.4309442,-0.13581443433068507,-0.9978565243621267,1.0070567033611502
1769370145.4510796,-0.19275508321071522,-0.9045195353762951,0.9248297745968814
1769370145.471067,-0.22802599810200475,-0.9484752517868738,0.9755004659468847
1769370145.4910047,-0.09431150305562053,-0.8213524390193117,0.8267493505843124
1769370145.5109591,-0.12481744131424932,-0.8588122863353529,0.8678352014160248
1769370145.530983,-0.1080072642476324,-0.9054355339730495,0.9118547446338804
1769370145.5509987,-0.14399060090634297,-0.9488332720893686,0.959696760113937
1769370145.5715904,-0.13966265121119914,-0.826011210243637,0.8377351464463568
1769370145.590955,-0.1812673209334883,-0.8752279853882192,0.8938019176781425
1769370145.6109776,-0.15611039064037158,-0.7773635882431955,0.7928837256447038
1769370145.6313255,-0.09729738907629315,-0.699456717761159,0.7061915334682775
1769370145.6512563,-0.13971087645935487,-0.7480159859347646,0.7609514072626445
1769370145.671029,-0.1369196271948936,-0.6456874770763636,0.66004492450471
1769370145.690946,-0.18527840710852583,-0.699777817872272,0.7238902420441591
1769370145.7111526,-0.24796958929257773,-0.7496906991123868,0.789636031060861
1769370145.7311125,-0.28612679433871246,-0.7912982087194198,0.8414400736600974
1769370145.7509522,-0.30939485064204675,-0.644061367868001,0.7145209718292493
1769370145.7709627,-0.3258851759439203,-0.6617702339926721,0.7376591289333548
1769370145.7909667,-0.3589793758473556,-0.6970869436965079,0.7840895352929379
1769370145.8109465,-0.35005299680734137,-0.6617536933305743,0.7486354594931076
1769370145.8309915,-0.27759239598705765,-0.5389475080211809,0.6062358903199944
1769370145.8510027,-0.3450317595836152,-0.6084464542257924,0.6994669418788173
1769370145.8709717,-0.34343513007761395,-0.5803158311707852,0.674324960593086
1769370145.8909948,-0.3718942068855231,-0.608937828781961,0.71351985286795
1769370145.911037,-0.3257309138342732,-0.4960903561061265,0.5934696872198395
1769370145.930988,-0.37167113264023843,-0.541497173667379,0.6567789734209198
1769370145.9510813,-0.40318325788440745,-0.456438702089893,0.6090098752925035
1769370145.9709582,-0.46125030637792186,-0.5125690570432424,0.6895497685968182
1769370145.990944,-0.37652962997709327,-0.3732760593269181,0.5301976789060092
1769370146.0109355,-0.41755118718845274,-0.41219223925735415,0.5867294402247754
1769370146.0309608,-0.44858935025348945,-0.40519229386110034,0.6044941688430652
1769370146.051051,-0.4236428946881148,-0.2791245166427848,0.507330068112263
1769370146.0710464,-0.4593547291139215,-0.31191408460038317,0.5552451380529317
1769370146.091722,-0.27553281135688046,-0.13332352345393028,0.30609392682703945
1769370146.1109698,-0.31764003459754786,-0.1711066126024079,0.36079449061120916
1769370146.1313424,-0.27552279111233613,-0.15583356844958807,0.3165389541242349
1769370146.1509767,-0.3240778653586931,-0.19856640958751814,0.3800724691843981
1769370146.171503,-0.37896397403732873,-0.24632499119143914,0.4519841755013418
1769370146.1909165,-0.2954560066898413,-0.07997009822447598,0.30608735436005824
1769370146.21134,-0.32628215446774966,-0.10612479258863727,0.3431071493369057
1769370146.231051,-0.27570065800700316,-0.05623936209591118,0.281378248403194
1769370146.2511373,-0.33782076998601696,-0.1079783018376439,0.35465784398725303
1769370146.2711604,-0.33154104057401224,-0.07942913166415222,0.34092293636805965
1769370146.2913852,-0.37550989806441315,-0.11508852716177254,0.39275062396972965
1769370146.3109493,-0.3677875190981563,0.038859863122340466,0.3698347579207013
1769370146.330933,-0.3310597818037424,0.0910417595795141,0.3433499397339041
1769370146.350969,-0.3501162105916453,0.07602022899893446,0.3582742471014401
1769370146.3710217,-0.2513937424962922,0.1689131588590902,0.3028703831708348
1769370146.3909574,-0.3154898203241219,0.119568403766112,0.3373876552384848
1769370146.4109428,-0.25439672617762454,0.13817271910639461,0.289498522613066
1769370146.4310954,-0.299636221013305,0.10411442831545381,0.3172092040382623
1769370146.4509974,-0.4801120279907938,0.07936634169141588,0.48662775877965625
1769370146.4709518,-0.5257064668143085,0.04578025126714658,0.5276960494986358
1769370146.491074,-0.3941528471921085,0.1848106822448874,0.43532913435866705
1769370146.5110965,-0.4728945793189503,0.1280247590540038,0.489917974848936
1769370146.5309563,-0.43166922101592675,0.21733853684316617,0.4832953092774906
1769370146.5509543,-0.4846102635288876,0.1801049951444753,0.5169960510424904
1769370146.5713794,-0.5311039164058107,0.14776820160958826,0.5512774359871101
1769370146.5913165,-0.6270322537998121,0.20707975590375183,0.6603419361288736
1769370146.6110034,-0.6804373712884386,0.17051304915561794,0.7014768108628158
1769370146.6310582,-0.538750613620925,0.2599998593247028,0.5982074477351385
1769370146.6513093,-0.6127250908800326,0.210562621215459,0.6478955582862634
1769370146.6709466,-0.6989080844562148,0.20797789432020952,0.729196348759457
1769370146.6909442,-0.7531156755671544,0.17261377699831737,0.7726439909781194
1769370146.7109885,-0.563278151869941,0.39812918875048453,0.6897746931492451
1769370146.7310064,-0.5982306275848019,0.40367389409597143,0.7216872567498415
1769370146.7515721,-0.6529226520658105,0.36907263749981034,0.7500150674031274
1769370146.7712588,-0.6032259701408726,0.3376830387735765,0.6913113666993722
1769370146.7910995,-0.6583210322747979,0.30373509190710024,0.7250114396277966
1769370146.8111134,-0.7431182057671268,0.3116902292502468,0.8058383626712153
1769370146.8309925,-0.7985162921968199,0.27824421592203263,0.8456051753613052
1769370146.8510942,-0.48367122211198144,0.49163159294273573,0.6896662049707158
1769370146.8710306,-0.5533780612414549,0.4506005577226757,0.7136302553026587
1769370146.8913736,-0.7719685790874093,0.3641544587153911,0.8535478644461206
1769370146.9114397,-0.7361948479611176,0.4343695150513476,0.8547863649886068
1769370146.9311185,-0.7714201102538878,0.4145017352888636,0.8757286537858627
1769370146.9509716,-0.8208511850763411,0.38689331469925037,0.9074596988297645
1769370146.9712784,-0.8127841269895546,0.41661794989925127,0.9133392323033251
1769370146.991138,-0.862519862504544,0.38956216381989606,0.9464138590991242
1769370147.0109549,-0.637214232822549,0.5677389330875533,0.8534456483309426
1769370147.031035,-0.6943647926208998,0.537393296635265,0.8780284850162795
1769370147.0510051,-0.7609278108554518,0.4530091362498574,0.8855667173393048
1769370147.0709279,-0.8184342826723396,0.42334243778106195,0.9214409881700506
1769370147.091761,-0.7044025039146682,0.6490224549541352,0.9578168063653647
1769370147.1111922,-0.7335617808273822,0.5728565274541402,0.9307402899506695
1769370147.13099,-0.7915375014960917,0.5441153811335511,0.9605171337674226
1769370147.151014,-0.6239739982457264,0.7096410347727184,0.9449518234915748
1769370147.1709893,-0.682169263862777,0.6814108333034499,0.9641968825413122
1769370147.1910524,-0.8748565869386109,0.5448844305802973,1.0306663332032777
1769370147.211364,-0.926077981328512,0.520746826783411,1.0624489094099931
1769370147.2310092,-0.3352717921097419,0.9609773123145597,1.0177841467461521
1769370147.2512002,-0.39408530666913144,0.9340488484332434,1.0137802918739207
1769370147.270992,-0.6414779428216555,0.7535415326257269,0.9896053721148812
1769370147.2910948,-0.6858437183538841,0.7338485319382086,1.0044477456957859
1769370147.3109095,-0.7039685709691277,0.7115436887720819,1.0009326500537872
1769370147.3312294,-0.7857946515975813,0.6765435281492791,1.036910979766363
1769370147.3516903,-0.4832115358012805,0.9661041407390694,1.080208590543793
1769370147.3712435,-0.5205498336304482,0.950530789890287,1.083734705461692
1769370147.3914447,-0.621328181269007,0.8508937360149913,1.0535980537323528
1769370147.4109368,-0.6587424727848559,0.8355886330751603,1.0640253799487687
1769370147.4309573,-0.7598030872216928,0.7964787085031939,1.1007629465286934
1769370147.4509997,-0.8350297025116102,0.766656000908764,1.1335942959480905
1769370147.4710917,-0.45805125108541045,1.083802259702384,1.176621556303004
1769370147.4910269,-0.5791766204079369,0.9805050469129903,1.1387869443618526
1769370147.5109663,-0.639736479655423,0.9576070493615303,1.151639711189576
1769370147.5309536,-0.7398089155419685,0.9215891796552218,1.1817968723824614
1769370147.5509765,-0.8158593624136934,0.893909183504213,1.2102479612010288
1769370147.5710626,-0.8033259327605018,0.8915823038227639,1.2001048115624893
1769370147.591008,-0.856787804804017,0.8728498319468825,1.223091236004325
1769370147.6114976,-0.4442768758115374,1.2488189353595027,1.3254926162349234
1769370147.630933,-0.4979235827846473,1.230639930815661,1.3275550962619496
1769370147.6509228,-0.7386443579155593,0.9517341389681215,1.2047378796891381
1769370147.6709619,-0.7847340827265565,0.9364851253323319,1.2218068466666092
1769370147.691038,-0.3533884291677971,1.2791780959553654,1.3270945644684395
1769370147.7109654,-0.3841872803152562,1.2692451851989093,1.3261158344981205
1769370147.730937,-0.40949670132216553,1.2902357284842538,1.3536601432601272
1769370147.7510407,-0.4635558542977467,1.2733922207948565,1.355142715006272
1769370147.7711189,-0.5023436266094077,1.213943483079543,1.3137761983330285
1769370147.7919972,-0.5375962628649127,1.2226498891341366,1.3356206397199906
1769370147.8109589,-0.5841369873944817,1.2089310233923514,1.3426579010912567
1769370147.8319721,-0.6387722274989489,1.1982255151419525,1.3578565254698916
1769370147.8510342,-0.700987390889976,1.180530915000202,1.3729663373360435
1769370147.871086,-0.4426791731350228,1.4056008714872092,1.4736616505334965
1769370147.8912418,-0.4972657112163059,1.3906969011767232,1.476926219719184
1769370147.9109478,-0.5759715267873524,1.3065052803901662,1.4278302585941862
1769370147.9311419,-0.6541961401660483,1.2862028455264474,1.4430143275963985
1769370147.9511611,-0.7094519379911937,1.2817237671913184,1.464970261712696
1769370147.9710052,-0.7486398161380485,1.2719998291096068,1.475955669917657
1769370147.9910023,-0.7791235421227363,1.2276909145867845,1.4540489935517353
1769370148.0109391,-0.8262989745869795,1.2165694800221951,1.4706499566943074
1769370148.0309784,-0.38844187744073366,1.4806349310143387,1.5307406348201245
1769370148.0509663,-0.4435554603543519,1.4680164696064404,1.5335624543675808
1769370148.0710554,-0.5976103890345907,1.3763481867734395,1.50049075582511
1769370148.0910869,-0.6449265022908683,1.3659026623491899,1.510503318887363
1769370148.1109555,-0.7080744684830016,1.3522761862966757,1.5264404138198668
1769370148.131403,-0.6079095586617811,1.4566411463051523,1.5784034530567745
1769370148.1512494,-0.6711884683921792,1.443702897199767,1.5920967355929225
1769370148.1710093,-0.7247956344468793,1.442300134651263,1.6141742130663301
1769370148.1909282,-0.8798805903996954,1.301805140146624,1.5712690655245165
1769370148.2109663,-0.9592396669930316,1.287090894731862,1.6052238815923987
1769370148.2310936,-0.7469908110676045,1.4570351242753317,1.637359650532365
1769370148.2510445,-0.8185226164874955,1.4444504780991156,1.6602459026849905
1769370148.2714188,-0.764193163303327,1.4324147169565782,1.6235156642894886
1769370148.2909195,-0.8119272151112789,1.4243946523226283,1.6395505262734837
1769370148.3110073,-0.361773937358036,1.6875880572166482,1.7259298457966932
1769370148.3309307,-0.7192325221187748,1.3955663789858237,1.5700002990537731
1769370148.3510964,-0.7750304156353351,1.3868448123498718,1.5887135294638965
1769370148.371344,-0.790381872806531,1.4745835466526458,1.673051147132046
1769370148.391014,-0.8382741888163618,1.4675833613179439,1.6901196815767232
1769370148.411114,-0.3867856047696492,1.740127941633772,1.7825959601972658
1769370148.4309328,-0.4667041769598175,1.7292279879423118,1.791100841123904
1769370148.4509637,-0.6399957246067451,1.63375993142402,1.7546412855742144
1769370148.4709513,-0.7040180642215574,1.6257868500692076,1.7716727453478043
1769370148.4909623,-0.7680782879765111,1.6181658955874263,1.7912021444000075
1769370148.5110614,-0.6764224368553684,1.694296557950974,1.8243322447859855
1769370148.5312057,-0.8738623216504475,1.5872182973493745,1.8118767288756035
1769370148.5510426,-0.9380198218303928,1.580608143530819,1.837988925304683
1769370148.5709918,-0.8767399884559772,1.5912432134469445,1.8167905690251547
1769370148.5911977,-0.9329304370649414,1.5860928825855494,1.8401222330570108
1769370148.611038,-0.923774017778463,1.6275990289313218,1.8714799050218909
1769370148.6309888,-0.9559031030786738,1.6249773153750122,1.8852856595112633
1769370148.6512728,-0.9144254705173935,1.5919045698290262,1.8358469709029381
1769370148.6711483,-0.9706701792563042,1.5876473806876734,1.8608666804212213
1769370148.691015,-0.9470012787373676,1.5770368450650114,1.8395261978625947
1769370148.7110116,-1.0113168887639201,1.5729378654252621,1.8699987641674298
1769370148.7310066,-0.8093568433149354,1.7998192235823116,1.9734253817657132
1769370148.751058,-0.8817374285721478,1.7959781754054305,2.00074948443768
1769370148.7711935,-0.8066481247266708,1.8103429440427368,1.981924007667897
1769370148.7911925,-0.903181733581583,1.8064468967771732,2.0196503743844656
1769370148.8109603,-0.7784255655003616,1.8396776820039795,1.9975886299956989
1769370148.8312044,-0.5188896129538865,1.9643207593616752,2.0316994059384528
1769370148.851021,-0.5832529758518845,1.9627391434239247,2.0475665993975776
1769370148.8709838,-0.631525072552396,1.9617848857155948,2.060927911180898
1769370148.8910005,-0.43606037906868345,2.1046864620203416,2.149384506691445
1769370148.9112496,-0.4762708082749434,2.1041756269645195,2.1574032891247747
1769370148.9314895,-0.9172070794971479,1.7709326166759092,1.9943598370119344
1769370148.9510677,-0.355627458878363,2.1779111608546255,2.206755064361114
1769370148.970939,-0.44409537109231323,2.178380143043431,2.223187069553873
1769370148.9910994,-0.4843208730923294,2.1788209652306034,2.232000785537795
1769370149.01148,-0.8561899904878256,1.9609533753531494,2.1397194769689913
1769370149.0309296,-0.9285590555050334,1.9625884635631325,2.171169131337192
1769370149.0509722,-0.3063377973539527,2.3422278920437316,2.362175764915747
1769370149.07095,-0.3465158431607591,2.343602979617072,2.3690817114720697
1769370149.0909438,-0.5362970570490848,2.2390022939290333,2.302334859576031
1769370149.1109104,-0.5925231546529517,2.2414696223148503,2.31846280033995
1769370149.1309292,-0.6644500792974419,2.1210284336696947,2.222668559257924
1769370149.1509511,-0.350631151364869,2.286238180696355,2.3129693519762067
1769370149.17107,-0.4148479304793433,2.2898763428221773,2.3271511491176637
1769370149.1910613,-0.8942405597484182,1.9972495245291277,2.1883034163321575
1769370149.2109625,-0.9584176682970273,2.001550567690972,2.2191820794896397
1769370149.2310119,-0.5004602841054915,2.2465216724478823,2.3015907804701032
1769370149.251334,-0.5325294360117194,2.2489591425029727,2.3111479452572192
1769370149.2709296,-0.8095093047579986,2.0982501596986283,2.248990672983127
1769370149.2910693,-0.8736044141583381,2.1036983175602146,2.2778786806462303
1769370149.3110006,-0.6315896806636072,2.216718000912627,2.3049390925338638
1769370149.3309999,-0.6636076110039824,2.2197942878383223,2.316864636033374
1769370149.3510656,-0.723894911865882,2.2262283539692778,2.340964871039733
1769370149.371155,-0.9769150534718456,2.0754057838601443,2.293833513875852
1769370149.391002,-1.0568436404165382,2.084304425615595,2.336930341052047
1769370149.4119394,-1.1127591901328895,2.0908595379642527,2.3685283664590746
1769370149.4309828,-0.5881276488156448,2.3932590885890197,2.464464078946042
1769370149.4510963,-0.6359894501207872,2.399452023035915,2.4823079163383595
1769370149.4710329,-0.37914739888261373,2.5779471696358778,2.6056792510808164
1769370149.4915094,-0.4428806021370999,2.5868589384837533,2.624496598466573
1769370149.510985,-0.7483959021014766,2.323650424330309,2.4411980093332675
1769370149.53144,-0.46931222354048074,2.36435827299204,2.4104862592909364
1769370149.5512264,-0.5249816366861104,2.3728603375991826,2.4302411198498257
1769370149.5718017,-0.7764085401548755,2.331095168697566,2.456993062007005
1769370149.5910385,-0.8478737672131196,2.342866368461306,2.4915683305089655
1769370149.611055,-0.4736544454353009,2.514860535489521,2.5590764050030357
1769370149.6309464,-0.5449750811485963,2.5275076135199512,2.5855932734044305
1769370149.6509554,-0.6241139195730305,2.5420585755255485,2.617552289068509
1769370149.6709373,-0.9201300750489594,2.333206440543435,2.5080852555690707
1769370149.6909378,-0.9162993080385604,2.346741276554608,2.519285422693724
1769370149.7109816,-0.9952272649205245,2.3624202274484585,2.5634950048515432
1769370149.7310624,-0.9478504876931471,2.3220205086230115,2.5080270711230384
1769370149.7510362,-1.0029678035454381,2.333651309384629,2.5400537098142935
1769370149.7709699,-0.68290689107757,2.4716176890416213,2.564226164491868
1769370149.791042,-0.722213999550517,2.4802189243484807,2.5832303369701837
1769370149.8109426,-0.4000107170298719,2.6190561977680935,2.649427096714725
1769370149.8310487,-0.47060275340263225,2.63525726510014,2.6769474788970378
1769370149.8511457,-0.7285230020094335,2.4738283879317393,2.5788704227614434
1769370149.870999,-0.7911058095809587,2.4889298179696153,2.6116316816754632
1769370149.8909628,-0.23243882978940356,2.8407535322983115,2.8502470841769494
1769370149.9110065,-0.2792576447375765,2.8525559369892197,2.8661926323603626
1769370149.9309623,-0.4357438931281781,2.637119664205091,2.672877263125951
1769370149.951075,-0.5292011059964867,2.6614215819745253,2.7135251330304073
1769370149.970991,-0.66081483365598,2.56028346030028,2.644187520102717
1769370149.9912136,-0.5601923956748696,2.5448393554382314,2.605767231576762
1769370150.0110247,-0.5989724034944697,2.555557712629182,2.624812976714044
1769370150.0316026,-0.660943391334289,2.572980314147857,2.6565153610587076
1769370150.0510032,-0.26059410342324796,2.7725247457494766,2.7847446476350695
1769370150.0711784,-0.33007327614907744,2.7928808773946017,2.812317898628145
1769370150.0911715,-0.5555616968258388,2.6653363900233193,2.7226213234606362
1769370150.1111062,-0.609444734563457,2.681736462653888,2.750115150246351
1769370150.1310184,-0.593119413195554,2.6717317922513546,2.7367757321410306
1769370150.1510606,-0.5585045244832543,2.695392861559672,2.752647812927601
1769370150.1711047,-0.5968198325817529,2.707655116173824,2.772650381982048
1769370150.1911652,-0.22857669536457692,2.8438505290441243,2.8530217554740687
1769370150.2109997,-0.3049247781056508,2.869233282934056,2.885390571863595
1769370150.2309573,-0.2733159052880012,2.898068852320321,2.9109284870763523
1769370150.2509694,-0.34939834561469496,2.9242294177926316,2.945029183522995
1769370150.2709594,-0.27765528149365437,2.8445500129796484,2.858068794078239
1769370150.2911298,-0.3458744184799514,2.868815346728228,2.8895900413349724
1769370150.3111346,-0.2388542899945989,2.907855438092258,2.917648817231358
1769370150.3310072,-0.32188060272211416,2.93847443335889,2.9560512711914524
1769370150.350902,-0.48525274191749546,2.806004103600328,2.847653288755555
1769370150.3712893,-0.5604297851084006,2.834633202174449,2.8895028871600767
1769370150.3909614,-0.48515606963649205,2.857031538282207,2.89793126603174
1769370150.4109442,-0.5151149679262694,2.8687688577891253,2.9146488964543233
1769370150.4310427,-0.5599922764471899,2.886527485158598,2.94034560422011
1769370150.4511695,-0.4081204361058788,2.8804467865664307,2.9092156985359696
1769370150.4710186,-0.3971438061414645,2.8997992106028465,2.926868405748612
1769370150.491343,-0.44185992999420165,2.9179538092093145,2.9512191769527436
1769370150.510986,-0.39573588713702534,2.8792698130011494,2.9063381682845857
1769370150.5311031,-0.440222884788362,2.897970525222329,2.9312163607193464
1769370150.5510068,-0.4176024323652143,2.904841012325883,2.934704942308137
1769370150.5711923,-0.46925185084505117,2.927239973791764,2.9646131558241984
1769370150.591084,-0.8173613168884621,2.760402392956197,2.8788714617682984
1769370150.611818,-0.47388321143824896,2.9319504019250684,2.9699997403083387
1769370150.6314023,-0.5324692390718511,2.958530602983229,3.0060650058417004
1769370150.6510386,-0.5042844514501397,2.9473784449072964,2.990207769617108
1769370150.671079,-0.5480160752330683,2.9677018191626887,3.0178760256470754
1769370150.691056,-0.6134864512088853,2.9985974994795104,3.0607111248371095
1769370150.7110233,-0.5959584383656882,2.9631588788537084,3.0224951615492843
1769370150.731048,-0.6538453951908068,2.9912086401348326,3.061836528887442
1769370150.7510607,-0.6433760746140855,2.9953035365823046,3.0636213946322237
1769370150.771025,-0.7009292031688332,3.0240235043306027,3.1041939215517504
1769370150.7910373,-0.6389187516823647,2.955102633346145,3.023383658231398
1769370150.8109872,-0.6961507485519398,2.984451472690556,3.0645679071533487
1769370150.8310187,-0.6401756225933646,2.9735536513113177,3.0416847543737453
1769370150.851062,-0.6970657364863762,3.0035003404787393,3.0833285482152557
1769370150.8710358,-0.6401398432956853,2.91836570685195,2.9877478839259695
1769370150.890976,-0.6826303319997216,2.941200456406685,3.019378130498554
1769370150.9110599,-0.6857046026856111,3.016618600664554,3.093570523524493
1769370150.9309874,-0.7420832569587503,3.0475731216168187,3.1366207121454432
1769370150.9509873,-0.7172053066618567,3.047881865037768,3.1311287605478686
1769370150.971181,-0.7873018680171988,3.087257686982711,3.186064069854404
1769370150.99094,-0.38245932709011043,3.2621495540511534,3.2844930887237926
1769370151.0109968,-0.31041291440962127,3.2298594521742405,3.244741631968801
1769370151.0315194,-0.35204111712575425,3.254242344450158,3.2732287094793127
1769370151.0511923,-0.25130817877252554,3.264220640847806,3.273880296048532
1769370151.07113,-0.313382466867548,3.3014249053857183,3.3162652150334853
1769370151.0911179,-0.6300693084004045,3.156136874819983,3.2184137872539966
1769370151.1115255,-0.08594933764733881,3.4175594074379085,3.418640020828365
1769370151.13114,-0.12697859358132035,3.442952767932595,3.4452935035266017
1769370151.1514592,-0.028131016833501832,3.4978757388157837,3.497988856229269
1769370151.1712446,-0.08249300808357773,3.53224643229457,3.5332095826373497
1769370151.1914423,-0.14345502743399052,3.5713182425576435,3.5741982785683706
1769370151.2110727,-0.23314360355352548,3.383720578646906,3.3917430466113547
1769370151.230869,-0.2868559785660203,3.419111504985316,3.431123698726413
1769370151.250987,-0.1557332619996039,3.4261936488023346,3.4297311509776525
1769370151.2710538,-0.18240020026549075,3.4441965894492546,3.4490230471585384
1769370151.2909868,-0.16198730876649137,3.475710156591707,3.4794828611211983
1769370151.3109655,-0.21494527559681487,3.512271751748922,3.5188427543206346
1769370151.331035,-0.08980287588835267,3.449239227904042,3.4504080639585064
1769370151.350973,-0.011494204490805515,3.4870447241565654,3.487063668045798
1769370151.3710437,-0.03770498805997846,3.505710764334129,3.5059135227915683
1769370151.3909628,-0.0005323950459370508,3.5075929048164953,3.507592945220911
1769370151.410977,-0.059170572621216166,3.550061871095799,3.5505549489160884
1769370151.4311972,0.026677025497178875,3.5574174853444105,3.5575175092645046
1769370151.451104,-0.03806592489430116,3.6051696616443643,3.6053706194896242
1769370151.47094,-0.28384850952393137,3.2924434279496277,3.30465636679635
1769370151.4909346,-0.3608200188668391,3.3507130646129815,3.370084439206707
1769370151.510987,0.06522909996026272,3.536189446667859,3.5367910085565932
1769370151.5309505,-0.004750791895844486,3.5903594126395144,3.590362555780794
1769370151.5510073,-0.38516625603417864,3.306995536398448,3.329350165204412
1769370151.5714564,-0.43560716885884787,3.3469718933492123,3.3751999141429874
1769370151.590992,-0.4858257095344314,3.3872274324369935,3.4218907491470767
1769370151.6109543,-0.07493731481227428,3.5709888818121085,3.57177507622988
1769370151.6311104,-0.08939851218419292,3.498831306878957,3.4999732296086288
1769370151.6509767,-0.12664031442768575,3.5295421611322038,3.5318133637620392
1769370151.6709485,-0.01364614101890993,3.3584088875388827,3.3584366114406365
1769370151.6911895,-0.07532365618614634,3.4100653080029293,3.4108971045791403
1769370151.7109773,-0.5244392106726572,3.35976424920153,3.400448837418919
1769370151.7310274,-0.6038670137396913,3.42783562044052,3.480619544139195
1769370151.7510245,-0.1261016790378413,3.513600072406137,3.515862213208671
1769370151.7709508,-0.18061655266145493,3.5612543294139067,3.56583156330534
1769370151.7911663,-0.1642012759166107,3.5234655992081256,3.5272895951163012
1769370151.8109505,-0.22433385784589177,3.5769437561861244,3.5839715839686734
1769370151.8315775,-0.2439337956131702,3.536730753502127,3.545133018577719
1769370151.851116,-0.29151601692281304,3.5800752161002096,3.591924295006439
1769370151.8709931,-0.22446306639636404,3.5567414418108134,3.563817244482456
1769370151.891066,-0.26571451122984513,3.595085674947475,3.6048918446592344
1769370151.9109461,-0.23362731479028298,3.6143428027803095,3.621885644001746
1769370151.9309986,-0.2686307887680144,3.6475883999836207,3.657466833256208
1769370151.9509652,-0.1614778974603226,3.5777537737858784,3.5813959816260614
1769370151.9710023,-0.2076860444162527,3.622565450247214,3.6285140118745676
1769370151.99095,-0.11079650058250579,3.5877221964460024,3.5894326046622824
1769370152.0109637,-0.16223629356307256,3.6386924463469033,3.642307418938041
1769370152.0309694,-0.11891120716852299,3.7112074921452898,3.713112026985667
1769370152.050967,-0.16408277495989765,3.7570671491661516,3.760648444135933
1769370152.0709836,-0.07810638105781464,3.7576775374330067,3.758489202071829
1769370152.0910099,0.014247844026332501,3.748037987548156,3.7480650684270986
1769370152.1110072,-0.019126800759142526,3.7829234791704778,3.78297183227242
1769370152.1309865,-0.37204243536162096,3.577306132318464,3.5966004418107236
1769370152.1512313,-0.3941305165768014,3.6007171823669655,3.6222235010404584
1769370152.171133,0.07752886623982747,3.756258562329625,3.7570585718318332
1769370152.1911213,0.03371094256214846,3.80341690082477,3.803566293510332
1769370152.211084,0.1264531560570603,3.7220764540349625,3.724223882953101
1769370152.2309935,0.08319387193606076,3.7697490666253404,3.770666949711992
1769370152.2510772,0.15536005509159878,3.731648186352702,3.7348808459477625
1769370152.2714407,0.10712241022312341,3.7856669885162058,3.787182298056613
1769370152.291447,0.12965213427741062,3.8024043386356365,3.804614097434561
1769370152.3109586,0.09790767110756349,3.8387831851874736,3.840031543482396
1769370152.330998,0.1957191840185395,3.81274866087306,3.8177687659131734
1769370152.351038,0.13814782214457821,3.879986079369898,3.8824446933430337
1769370152.371235,0.3078452122772255,3.8281450841836766,3.840503021777441
1769370152.3909664,0.2561674634524884,3.889830248487044,3.8982561654381387
1769370152.410955,0.38689242769470056,3.802649154584772,3.8222802544386747
1769370152.4309602,0.34102062862081084,3.858695574922178,3.8737354851704744
1769370152.4510643,0.44335087414197716,3.844672155872953,3.8701503825752344
1769370152.4711602,0.3980251634693275,3.9011624430396585,3.9214145965120726
1769370152.491351,0.5713092174022414,3.841326457685679,3.8835786558797505
1769370152.5114295,0.5217539725324194,3.904736676670809,3.9394410418219934
1769370152.5311754,0.0919409404496605,3.861008848804917,3.8621033734327512
1769370152.5514393,0.7613004502994833,4.0359678112613775,4.107141895426082
1769370152.5710778,0.7321430607094612,4.074484719370849,4.139741439961144
1769370152.591084,0.6983583186838018,4.119576344341705,4.178350583440149
1769370152.6112297,0.4227403955625064,3.8888087400060924,3.9117186578776493
1769370152.631213,0.5105238869487323,3.985966414499723,4.018527453765249
1769370152.651049,0.45852162437740773,4.057634620951372,4.083459415393385
1769370152.6711092,0.5473768958152867,3.982240715188488,4.0196843880804005
1769370152.6909518,0.5056016289351888,4.041466718338842,4.07297019908352
1769370152.710965,0.5477728533543349,4.0051580131718625,4.042443049610808
1769370152.7309384,0.5203942221769857,4.044996631102131,4.078333960344931
1769370152.7510252,0.4977187076229441,4.07828487918718,4.108543716175434
1769370152.7709467,0.5200699662951358,3.9792551324268315,4.013096582289978
1769370152.7909453,0.4554480880794287,3.9658111286446927,3.9918781129960994
1769370152.8109586,0.4375661387665346,3.992624101208971,4.016529763284445
1769370152.8309433,0.3991187238997327,3.9832674601331703,4.00321313630977
1769370152.8511112,0.36828014174921364,4.030504556807692,4.047295052903159
1769370152.8710268,0.30182715388475856,3.9746969921173774,3.9861404654087518
1769370152.8909385,0.26282687410556704,4.035869096668226,4.04441804604738
1769370152.9109883,0.4564254059276962,4.00662151294399,4.03253519503077
1769370152.9311826,0.4350764294352061,4.040814918987046,4.064169867138721
1769370152.9512079,0.33829490279921615,4.003960675421975,4.018226540600409
1769370152.9710422,0.2962978071287843,4.072797172784453,4.083560848224299
1769370152.9908683,0.48714570759609543,4.132780958011374,4.16139272207403
1769370153.0110328,0.46641584833202643,4.167366394062213,4.193386031113088
1769370153.0310903,-0.050652933591926796,3.9417243321984796,3.9420497752726336
1769370153.0509465,-0.07506989603310643,3.9835067112283786,3.984214001241895
1769370153.0710952,0.44270826797732354,4.053967053572793,4.07806810659032
1769370153.091337,0.40252736454389293,4.123910299467858,4.1435087108951185
1769370153.1114795,0.09254120902848229,3.9708819833707496,3.971960171153139
1769370153.131212,0.06099943184617729,4.0271871153127705,4.027649065202522
1769370153.1510785,0.564324124364223,4.114118547261026,4.152641705981461
1769370153.171179,0.5333112944539877,4.170729035722794,4.204688053377251
1769370153.1910923,0.5674806488028068,4.089873141196181,4.1290551701138085
1769370153.211039,0.5332690259643798,4.153918386193244,4.18800833490184
1769370153.2310114,0.6079723211345573,4.168337896800108,4.212442422771579
1769370153.2522364,0.6724580997499672,4.161691313488134,4.215670110988516
1769370153.271021,0.6467570382827219,4.211995848521827,4.261361718339965
1769370153.29104,0.7305850093306532,4.175992231602352,4.2394180702381625
1769370153.3109353,0.7125111464237612,4.212054007847466,4.271893151613463
1769370153.3309574,0.7968496123614557,4.22882747015521,4.3032488978747105
1769370153.3512452,0.7579385958432105,4.308604342124965,4.3747619697586835
1769370153.37104,0.8653575538660121,4.153552763263225,4.242740182151689
1769370153.3910425,0.8308052797454799,4.226472559826496,4.30735507148172
1769370153.4112916,0.6836440874978678,4.173768037510719,4.229386346660337
1769370153.4310675,0.6499443053331859,4.247085172458269,4.29652883874296
1769370153.4526,0.23110803493986865,4.022527498079889,4.029161004058118
1769370153.4712853,0.2178170559673518,4.051950201342798,4.057800476124008
1769370153.5006652,0.8208965432958806,4.168464450086322,4.2485252743073785
1769370153.5110693,0.8077323686734132,4.197924010292213,4.2749266163983
1769370153.531289,0.7848678411888024,4.249571991719472,4.321444161497285
1769370153.5509448,0.27825084013715085,4.089014115993125,4.098470442839385
1769370153.570961,0.24958689023445757,4.155736474491146,4.163224622956706
1769370153.5909567,0.7949744579396913,4.246938174145335,4.320702285947206
1769370153.6109796,0.7702126602201744,4.306547723375164,4.37488066530634
1769370153.6310232,0.24647158983330897,4.063869847224621,4.0713371734328785
1769370153.651026,0.7984168822151219,4.116165404292627,4.192885301710697
1769370153.671199,0.7745629520974404,4.176140544394075,4.247363607379752
1769370153.6914432,0.7421063731154369,4.145519919078115,4.211419863714846
1769370153.711021,0.7190000288608829,4.205783823428831,4.2667995747301735
1769370153.730972,0.4676423515174726,4.090176265894502,4.116822956482278
1769370153.7510912,0.44495313731886554,4.150596554465368,4.174378403109819
1769370153.7709777,0.44614810381220593,4.1503624178579495,4.1742731499151935
1769370153.791036,0.43237298380523015,4.188273046033012,4.210531736639837
1769370153.811247,0.4829233869080056,4.225714565989531,4.2532197910334695
1769370153.831187,0.5032594187259782,4.112166200158164,4.142846955930142
1769370153.85117,0.4795538334041609,4.180785843655566,4.208199395185952
1769370153.8709486,0.7466476757125733,4.154515887939859,4.221076286303258
1769370153.8909168,0.7313361331335599,4.2004268048052085,4.263617933416741
1769370153.9111335,0.7037445020308049,4.284761170584868,4.342169344128623
1769370153.9311051,1.057537793109237,4.272945656944198,4.401869008847564
1769370153.9509706,1.0430243139659687,4.319110708822517,4.443266482509183
1769370153.9709227,1.4038643768776424,4.3659789774267495,4.586132097966474
1769370153.9910526,1.3944234451795765,4.396827401760789,4.612646522912959
1769370154.0109293,1.0177683225632421,4.1309686165110575,4.254498098367477
1769370154.0310135,1.4603784620218718,4.214670534892795,4.460510393445001
1769370154.051093,1.4380619386573308,4.29216733414775,4.526667931684396
1769370154.0709417,1.5282901538776166,4.286304047349154,4.55061239623427
1769370154.0909545,1.508907762529386,4.356246118883846,4.610171676208166
1769370154.1110578,1.7936404904518675,4.299372778270071,4.658513979319813
1769370154.1310134,1.7832505803851255,4.338330359477841,4.6905322662157465
1769370154.1510751,1.066111225330598,4.16396644634376,4.298279854901561
1769370154.1709747,1.0521724083897084,4.218662096040776,4.347893358575823
1769370154.1909373,1.6830864216225052,4.381858584588408,4.693981738138866
1769370154.2109857,1.6678473697485074,4.44453010752942,4.747163650593109
1769370154.2309883,1.7041044645658765,4.37472437546256,4.6949105835382685
1769370154.2509634,1.6876535685965308,4.445398141125446,4.754969947404313
1769370154.2709756,0.9183355634425929,4.17426700622049,4.274089990431226
1769370154.2910259,0.9044344622152316,4.237248509191985,4.332698538450633
1769370154.3110416,1.5108423640667432,4.201704686380832,4.465083081042661
1769370154.3310082,1.4892156015361486,4.304252869361729,4.554597223824227
1769370154.3510442,1.7552262184310194,4.231997267444392,4.581552133232193
1769370154.3709893,1.734671578599933,4.334761130675295,4.668965575544089
1769370154.390934,0.9191564238132628,4.030122351364714,4.133610370899347
1769370154.4111118,0.9041994928026362,4.109333909242341,4.207636141639803
1769370154.431429,1.4420449790513103,4.230801939530784,4.469807464885321
1769370154.4511912,1.3414496993135252,4.2477929601816244,4.454574315056031
1769370154.471023,1.3332051302092331,4.295448467153889,4.497589738203221
1769370154.4912488,1.3009404399574471,4.23340821705891,4.428791162448121
1769370154.5109959,1.2918696685260969,4.2890990103134685,4.479430495133249
1769370154.5311956,1.2843378926845936,4.33686572196365,4.523044120161641
1769370154.5511565,1.854568329649208,4.416088513839102,4.789703691398822
1769370154.5712478,1.8452620993161766,4.479890006615367,4.845039389576206
1769370154.590989,1.3193790546447985,4.210446375119552,4.41232589090978
1769370154.6109796,1.9832992379810932,4.354236778216322,4.78464771829108
1769370154.6309922,1.9750170328089673,4.418174504627776,4.839520454882738
1769370154.6510751,2.092964422964151,4.237923656681718,4.726573494155804
1769370154.670965,2.0845251182828335,4.309957775794638,4.787586134774467
1769370154.6910503,1.7890238031385515,4.105007186814545,4.4779113626774025
1769370154.710985,1.7839150222107634,4.153086235807591,4.520008638102774
1769370154.730973,1.3010675521621629,4.020232289361207,4.225522977775851
1769370154.750967,1.2971288986788139,4.060330202454914,4.262490437849131
1769370154.7709656,1.8553449098493004,4.204685796503104,4.595833698233505
1769370154.7909887,1.8490593986087127,4.27693461589419,4.659526839521068
1769370154.811017,1.806075475807706,4.255821155319457,4.623193953359373
1769370154.8310313,1.801034476851811,4.32008646745772,4.680477782568806
1769370154.8510156,2.0871261710538427,4.305290759908601,4.7845192215365016
1769370154.8709755,2.0828517820971655,4.3696105259427345,4.840637116600963
1769370154.8910434,1.8863112402231756,3.960323694531738,4.386608469018157
1769370154.9112678,1.8822803647148802,4.032728661020414,4.450379739393784
1769370154.9312024,1.9009257287126715,4.111553282652485,4.529722841650715
1769370154.951505,1.8206445478545206,4.2191933881356825,4.595251833808486
1769370154.9709578,1.8188104642496228,4.267501404791616,4.638926572469362
1769370154.9909518,1.8171771064295044,4.315816146808727,4.682777129993102
1769370155.011034,2.1458958080608177,4.270163259035033,4.779033697084138
1769370155.0311875,2.1446408467052827,4.318490305383193,4.821705391150042
1769370155.05101,1.885632141558112,4.165449251654829,4.572370943109144
1769370155.0710328,1.8843037501408588,4.2460056215742545,4.6453379167973425
1769370155.0911407,1.9549626941339575,4.268954802370764,4.6953012938617595
1769370155.1108687,1.9548362473917074,4.341460215674897,4.761266801850576
1769370155.1309786,1.9800585129249377,4.288312016318979,4.723372911798545
1769370155.1511447,2.0216061364738174,4.155593363892471,4.621238749194391
1769370155.171005,2.021853111564475,4.171704008106138,4.635839118864218
1769370155.1909657,2.331331876463956,4.216595103831801,4.818172121030471
1769370155.2109554,2.332070826150833,4.248811281651655,4.846746501032853
1769370155.2310297,2.0967286649728187,4.161958792262462,4.660275966400436
1769370155.2511158,2.097972423989855,4.20221984149272,4.696822318127116
1769370155.271095,2.1288560655412283,4.26709338345627,4.768659569619953
1769370155.2909467,2.1314470170977806,4.331488588598112,4.827510722914107
1769370155.3109868,2.1675656036329443,4.1733094145684495,4.702643098915577
1769370155.3311393,2.258084410283807,4.149826348870327,4.724405140305517
1769370155.3512397,2.261382866590459,4.206119356857986,4.775488719853112
1769370155.3710382,2.5768047848205775,4.228636973886664,4.951897975119801
1769370155.3912468,2.5825443763493645,4.3089867817075085,5.023634395608796
1769370155.4109602,1.7146314824587066,4.087216797545917,4.4323021411880354
1769370155.4309387,1.7192512403290507,4.14341437110834,4.485945550057435
1769370155.4510002,1.723427283388844,4.191565075048574,4.532043620652389
1769370155.4709568,1.695816864257747,4.153814046979594,4.48664306291307
1769370155.4910245,1.5950017528821654,4.066670617291168,4.368276605394455
1769370155.5109525,1.6005137241555367,4.122786103570435,4.4225568890635785
1769370155.5310938,2.1023655895267837,4.161110228420842,4.662057421900212
1769370155.5512183,2.1101994895673286,4.233180058546942,4.729984703342042
1769370155.5709865,1.9839147925470577,4.068790912697693,4.526696079409171
1769370155.5909958,1.9924948695768023,4.14077443022855,4.595220200091009
1769370155.6109824,1.9458939423381558,4.069718897406407,4.51099935033637
1769370155.630925,1.9563932420342915,4.149577860674334,4.587643288146544
1769370155.6509523,2.548953651751116,4.209780200627189,4.9213223889893705
1769370155.6713555,1.9780868904923956,4.01299502333471,4.474031381611781
1769370155.6909487,1.988701304309874,4.084703389028907,4.543097473542477
1769370155.7113621,1.9911205692548108,4.100629434265007,4.55847813184073
1769370155.730956,2.7237189778415,4.095403388560591,4.918432065738788
1769370155.7509747,2.7339235419181556,4.159024277326557,4.9771297825600245
1769370155.7712886,2.809974193936391,3.9828027265452874,4.874286873909356
1769370155.7909486,2.3315410945709694,3.9831097889590916,4.615327449550566
1769370155.8112187,2.3413720149868027,4.038624646244036,4.66824506059966
1769370155.831217,2.3544021843936385,4.109920461754565,4.736523603638685
1769370155.8511138,2.517528378362538,3.8768292165399467,4.622526788465206
1769370155.8709524,2.5330204886246506,3.955864351954758,4.69734558733533
1769370155.8909497,1.971622848583575,3.912745460026078,4.38142370605851
1769370155.911026,1.983172607603187,3.9679264514646224,4.435923118786016
1769370155.9310627,1.9798060788450975,3.9395357809464375,4.409033259025073
1769370155.9511247,2.5235710952959955,4.029753232995837,4.754715784550516
1769370155.9709918,2.5323096630541677,4.069062330497127,4.7926882309480785
1769370155.9909542,1.8219071887937694,4.019465681417341,4.41309983669871
1769370156.0109334,1.8327347424296612,4.066559014573173,4.46047294074463
1769370156.03095,2.345641215322189,4.1130272835310695,4.734873403385683
1769370156.0512967,2.3512090385735576,4.136537628740302,4.7580592153791486
1769370156.0710564,2.3682035936435533,4.206998203263636,4.827755393887484
1769370156.0910935,2.2562866950805684,4.18039143707364,4.750421267377895
1769370156.1110463,2.2603803122951547,3.8423462838279114,4.457908043136118
1769370156.1309931,2.276540173364623,3.9047116814357565,4.519890316820075
1769370156.1509924,2.2768885473546057,3.7963505761752474,4.426793326359465
1769370156.1711643,2.2937336605783223,3.8585326803844024,4.488818168656921
1769370156.1910336,2.2902430543294336,3.868135303808165,4.495295760733803
1769370156.2109869,2.3120465478401186,3.945654856788977,4.573155528547204
1769370156.2309644,2.3231479729974183,3.9843575257148984,4.612171006929704
1769370156.2513468,2.643915462950112,3.8869486578093966,4.700921063331416
1769370156.2709582,2.6577310764071242,3.93324627194224,4.746994913653026
1769370156.2911856,2.3892118874992825,4.013596430624564,4.6708981739372275
1769370156.311026,2.4627767549119106,3.806640590834773,4.533848468169768
1769370156.3311489,2.4821705187318734,3.868070163893945,4.595991435682642
1769370156.3509543,2.528752874103297,3.8000014533138735,4.564493634947171
1769370156.3709722,2.5488631739487886,3.861212405815629,4.626625630233854
1769370156.390923,2.5663441867586805,3.8768630517829754,4.649321413624797
1769370156.411021,2.574066262344786,3.899751807407063,4.672673890003058
1769370156.4311337,2.5847708208478544,3.878961632245775,4.6612641569365385
1769370156.4511752,2.6110603842068976,3.9550703494275012,4.739221222827148
1769370156.471167,2.624554202722937,3.8102441255583033,4.6266883469045315
1769370156.4910216,2.642605141408435,3.8903065102487195,4.7029614794384464
1769370156.5109768,2.667367435794585,3.95842154943913,4.773253628354716
1769370156.530951,2.6925493081653187,4.026388459879119,4.8437202444762715
1769370156.551192,2.630115912464504,3.9742763923440627,4.765750995986082
1769370156.5709636,2.05789877389941,3.8814655528857944,4.393258722389989
1769370156.5909712,2.0753830588102034,3.9265264053374835,4.441263835059666
1769370156.6110754,2.0841945806168667,3.949031426023069,4.465278967051276
1769370156.6310623,2.602642605383366,3.847855411035834,4.645399853144448
1769370156.6509461,2.6176360749707683,3.885249668177181,4.684782129945774
1769370156.6709664,2.5460091563856047,3.9539586706188796,4.702760018687064
1769370156.6912997,2.508054781157462,3.8168550699903143,4.567134923625267
1769370156.7109911,2.5298669361168464,3.868893334297498,4.622614232945342
1769370156.7309923,2.5205046242461187,3.8984021925467793,4.642249801087788
1769370156.7509992,2.5429203456139255,3.950201197529818,4.697928627076326
1769370156.7710044,2.5484100033710106,3.9879795909094753,4.7326921263475334
1769370156.7910745,2.568092925764052,4.032186318992148,4.780546808308315
1769370156.8109512,2.580411079140532,3.903327124150012,4.679154194453995
1769370156.8309786,2.599592060272631,3.828283311859952,4.627486574340103
1769370156.8511975,2.6164839828833024,3.864913772329107,4.6672847459978355
1769370156.8709552,2.7099118189104487,3.7533592908811126,4.629398236565321
1769370156.891017,2.7202423604465196,3.775255405466128,4.6532001758004
1769370156.9113462,2.7485558943965103,3.812451781625091,4.69993064755621
1769370156.9314184,2.7766789157728375,3.8705693041880878,4.763533619050094
1769370156.9514642,2.812959559443982,3.8161051325561512,4.740822699256816
1769370156.9710834,2.845465255949879,3.881079025591079,4.812426303404647
1769370156.9913342,2.8783692761283604,3.9458598251536543,4.8841395812897614
1769370157.0108979,2.892426183484215,3.7004191942558204,4.696725608349071
1769370157.031015,2.9260475811019404,3.7783193147634826,4.778854600339637
1769370157.0511146,2.944889068476165,3.8140175794867393,4.818620313146108
1769370157.0711532,2.9718239420136072,3.8772859246134033,4.885190240259893
1769370157.0910015,2.998679223516433,3.927029729871716,4.941016047823103
1769370157.1109238,3.007668080283022,3.8312528431463537,4.870786962008334
1769370157.1310775,3.0505602497476474,3.9090532104837976,4.9584891690649195
1769370157.1510296,3.065262947005433,3.729883004166769,4.827821885597744
1769370157.1709557,3.1050487629132846,3.8001759822853725,4.907409226507192
1769370157.1910694,3.1218578214982564,3.7263645496698725,4.861253852113279
1769370157.2109907,3.1624076675033805,3.7962257673506414,4.9408655448394
1769370157.2309802,3.188079267394052,3.7833132890075536,4.9474547858438225
1769370157.251989,3.1962251987433206,3.7378416914523385,4.91806018989612
1769370157.2709782,3.2337223706101277,3.800130135155305,4.9897845057978065
1769370157.291021,3.2631506919664197,3.848418189025251,5.045639205898626
1769370157.3109972,3.2425203207950304,3.630133045715553,4.867422722587877
1769370157.3309689,3.26141422736735,3.6313094475678778,4.8809047385162
1769370157.3515286,3.2914330782006296,3.679234895398073,4.936628517904516
1769370157.3709943,3.3303634697062634,3.740642573400198,5.008365771615328
1769370157.391373,3.3381082514575127,3.742852582252393,5.015168207639913
1769370157.4110682,3.3733972662463785,3.7969972137312933,5.079074419321078
1769370157.4310904,2.790374091822784,3.702045655159729,4.635874200752524
1769370157.4510117,2.8440780278716105,3.782740061555611,4.73264220091904
1769370157.470996,2.821847183762575,3.69328276859326,4.647919872082206
1769370157.4911456,2.853735563877432,3.7400006424811334,4.7044034132181025
1769370157.5108824,3.3136515238761177,3.675473353528627,4.9486756606374485
1769370157.5309799,3.3414312795963994,3.715194807039076,4.996782509827233
1769370157.5510185,2.6535193006483375,3.6955022764787895,4.549494670221425
1769370157.5711675,3.144464581840765,3.6254137186062785,4.799091803405059
1769370157.5911283,3.1821506737001,3.6779169553739397,4.863451042290557
1769370157.611118,3.1264246928858803,3.543268435938513,4.725387028530545
1769370157.6309144,3.1598520531824015,3.5888803972102608,4.781707592846003
1769370157.651342,3.1371448949302163,3.508526376272618,4.706531145630228
1769370157.6709983,3.1806403606813127,3.566786829959625,4.778958191318311
1769370157.690937,3.1984397838596728,3.6050024726627115,4.819342266210253
1769370157.7110674,3.232761284767445,3.64994417178627,4.875739736844843
1769370157.731049,3.2772030119029196,3.7074845343804856,4.948282646928735
1769370157.7510026,3.2734708237329038,3.5862000303269603,4.855557835238673
1769370157.7711198,3.308401189538184,3.630669002752793,4.911952344891757
1769370157.7909489,3.2966473484007324,3.206375711768535,4.59877472211205
1769370157.8110812,3.3421395123685755,3.2630869631081154,4.670934922362053
1769370157.8314278,3.3783389096693988,3.3022591694216583,4.724202515834354
1769370157.8511133,3.4245229304131186,3.3584064967779046,4.796483242806681
1769370157.8709595,3.4543796059508054,3.374338869630252,4.828964823759478
1769370157.8910773,3.495990472123893,3.423781079864524,4.893283791485971
1769370157.9109974,3.517940084713409,3.4417917071363817,4.921568103251865
1769370157.930974,3.5301089421647056,3.471195162539674,4.950844877391136
1769370157.9512718,3.561719525805138,3.5079327598486874,4.999143749495628
1769370157.9710796,3.5837948741472054,3.350389750482295,4.90598585200779
1769370157.9911098,3.615781982796225,3.3868169869960827,4.95423138847178
1769370158.0111063,3.115648634710695,3.5223005013632527,4.702538382286575
1769370158.0312266,3.1480553592355065,3.55833688809693,4.751001363292031
1769370158.0512097,3.131817654149952,3.4904081716489213,4.689480890627328
1769370158.071243,3.035894982559906,3.444798149563482,4.591654673031107
1769370158.091605,3.096359876787769,3.5098835125044054,4.6804622376354486
1769370158.110968,2.9336560548187194,3.442360951936827,4.522851619431479
1769370158.1309972,2.9894099218159553,3.5008046097096095,4.603499168677641
1769370158.150974,3.0230536581394496,3.5356868776951504,4.651874366005169
1769370158.1712282,2.8134973083480617,3.4645174526707283,4.463031288702989
1769370158.191071,2.8417812840680625,3.493344659672262,4.503240808322406
1769370158.210998,3.2101563610749224,3.380056267984717,4.661532391530982
1769370158.2310443,2.604317365730271,3.4505051098521466,4.323014510102879
1769370158.2515063,2.644354332798599,3.490426151747128,4.379004973528917
1769370158.2709389,3.1123416726870445,3.3755575981565222,4.591411524358998
1769370158.2909591,3.15281342218028,3.4150365152144495,4.647871219744387
1769370158.3109703,3.020790603195909,3.3616690170804517,4.519512633985589
1769370158.3310864,3.0792026456176202,3.4174486780861812,4.600048304108506
1769370158.3509965,3.2851020207107418,3.307840923011346,4.661942391152678
1769370158.3711257,3.344159645190409,3.3629343283891586,4.742650211598814
1769370158.390996,3.0773207014078743,3.392839453628964,4.5805307833715885
1769370158.411248,3.1190690946233595,3.4309790450028714,4.636831808927664
1769370158.430998,2.902538703610187,3.353358606528227,4.435058609526151
1769370158.4511817,2.9627165843843954,3.4072216903592256,4.515179864262411
1769370158.4710069,3.2766688702697273,3.295377791158824,4.6471575905985265
1769370158.491085,3.325222704340412,3.338002308660485,4.71162025699055
1769370158.511207,3.0228995541281236,3.2675682052713206,4.451395701400634
1769370158.5311909,3.0534368338514213,3.2939884008606732,4.4915293701951065
1769370158.5509765,2.7325893759413944,3.2243431060974466,4.226515487176867
1769370158.571553,2.787881956489297,3.2715365504129856,4.2982830530348615
1769370158.5911412,3.008628337256532,3.2434237157812014,4.4239848408233655
1769370158.610883,3.064530604654191,3.28985495258876,4.496053095319825
1769370158.630945,3.219256847592483,3.200474905600748,4.539455283638248
1769370158.6509757,3.275729503590803,3.2462254875654573,4.611765789457964
1769370158.6709163,3.4408075410526706,3.071521053204645,4.612309412305759
1769370158.6911097,3.454592986310434,3.0593454138171055,4.614521325349901
1769370158.7109635,3.505303824242066,3.0993683710808533,4.6790211796809
1769370158.731049,3.8251566573866462,3.0322340944025967,4.881215735532176
1769370158.7510757,3.8698517483879407,3.0668390209098693,4.937737754749294
1769370158.771045,3.1691220269254856,3.123125512953809,4.4494097800952535
1769370158.7911196,3.227043019083368,3.167019625690042,4.521484264765343
1769370158.8110263,3.3318637552624786,3.1370082685416403,4.576257964814746
1769370158.8311217,3.4032423078664884,3.189870350954042,4.664475432666366
1769370158.8509674,3.6673994226036584,3.054300456901231,4.772689996840431
1769370158.8709326,3.6315994524187154,2.9003182974409505,4.647618832184787
1769370158.8910408,3.6775717360410454,2.933198595324672,4.704060785464255
1769370158.9111755,3.7369108000779327,2.9751439170570464,4.77660796538094
1769370158.9309907,3.7180699917314257,2.9252730511533507,4.730884366291122
1769370158.9510348,3.751274920529326,2.948229371309967,4.771175950983895
1769370158.970943,3.7412832045821176,2.896506610220964,4.731485026917234
1769370158.9910204,3.794674589078067,2.932844170577594,4.7959493498040375
1769370159.0109363,3.7846787051568533,2.8075258954466413,4.7123236895263485
1769370159.031171,3.780402381827262,2.828158266737624,4.721220324263802
1769370159.0510013,3.8207243576242824,2.854986231304032,4.769578702346685
1769370159.07093,3.82091156836891,2.806925283700849,4.741117459162393
1769370159.0909626,3.8749669290156454,2.842237097338593,4.805588457041724
1769370159.1120775,3.38701094479395,2.867262268079859,4.437683636099859
1769370159.131315,3.4414505467483387,2.901956038998268,4.501658662981119
1769370159.1511312,3.3624239970118452,2.897017213145748,4.438310925221876
1769370159.170909,3.4240779838317934,2.9353669395556654,4.510065310968123
1769370159.1909654,3.3836558065419133,2.9250662846442737,4.4727105189926455
1769370159.211079,3.425043348437299,2.950145662322683,4.520429334432287
1769370159.2309542,3.249634230143478,2.8419626691563042,4.317044642182684
1769370159.2509503,3.2912591266706706,2.866626224979047,4.364622841968204
1769370159.270934,3.2432466960090593,2.9091139385834097,4.35678700866062
1769370159.2909508,3.3060965481366686,2.9453694146370104,4.427807061546422
1769370159.3109794,3.3551332081754097,2.9732879488184842,4.483007926737431
1769370159.331092,3.077819090164649,2.8722101025555773,4.209817243658478
1769370159.3510265,3.1270643727036003,2.899742360939804,4.2646262850173535
1769370159.3710372,3.048085408861482,2.821558772074198,4.153554930897522
1769370159.391031,3.1118321249192142,2.856141552519631,4.223865971087208
1769370159.4109561,3.201926364244642,2.8467864984728024,4.284451634682314
1769370159.430943,3.068217055807736,2.8580867902166176,4.193163006843428
1769370159.451144,3.139707298022511,2.8952183297360605,4.270837282558946
1769370159.4709468,3.073387155378491,2.868033064634595,4.203727187470995
1769370159.4912145,3.109277869367851,2.886305920022977,4.242448671805042
1769370159.5109894,3.2408624798006436,2.7968832319052517,4.280858024496064
1769370159.5312119,3.2985171724568616,2.8256500932577744,4.343329827047501
1769370159.5513632,3.2596220014116852,2.7469871044720477,4.262754243939339
1769370159.5711207,3.310369680379864,2.7715308594717634,4.317398606311743
1769370159.5909913,3.5605918770390126,2.6963752881227485,4.466346852768517
1769370159.611643,3.1205396146420057,2.6915883926151736,4.120972647544607
1769370159.6312227,3.157035542020214,2.7085644321110323,4.159710890972572
1769370159.6511152,3.236907797101974,2.7060428918148993,4.219033090564887
1769370159.6709304,3.295608084299598,2.7325307561325367,4.281092965413285
1769370159.6912444,3.361822312042584,2.761951597776658,4.350887942272058
1769370159.7110684,3.377891162488403,2.679812331827957,4.311791140516252
1769370159.7309937,3.4148879640656062,2.695664041201116,4.3506395426586275
1769370159.7513041,3.4018984236865037,2.6564099995888526,4.316181990022706
1769370159.7713165,3.075042122139571,2.668194086700044,4.071258249882181
1769370159.7909462,3.127183196603596,2.6895458726976997,4.124673532107131
1769370159.8110247,3.0984257191310363,2.620985928138982,4.058301266844939
1769370159.8309946,3.1358149499014942,2.6358701314723696,4.096479799781012
1769370159.8513136,3.0441332141315662,2.5929589404599582,3.9987726982525786
1769370159.8709805,3.119145445006726,2.622122465842171,4.074873560367295
1769370159.8909621,3.0326642601487848,2.7039268297057504,4.0630373878646955
1769370159.9110408,3.100469809435836,2.729390464953269,4.1306761370750085
1769370159.9314063,2.968495218028419,2.683307764856533,4.001512766491812
1769370159.9509299,3.0063095050861115,2.6970571061920943,4.038813424068061
1769370159.971628,2.9276689490201555,2.6846706506231293,3.9722414298949653
1769370159.9909635,2.9883480824446274,2.706204036572462,4.03159578199645
1769370160.0109353,2.8129797109166965,2.716171706018198,3.9102996804084964
1769370160.0311737,2.866294680742854,2.734340719473604,3.961346282140228
1769370160.0510323,3.209652187343508,2.5572734466737117,4.103841449761602
1769370160.071565,3.2555150488635682,2.57234976756256,4.149139857856845
1769370160.091162,3.0989261024452226,2.5057286657629056,3.9852251046637615
1769370160.1111321,3.1679891408297003,2.5274984498381556,4.052703247259683
1769370160.1313202,3.1687811800280627,2.506101165380457,4.040014507154811
1769370160.151026,3.222692618213717,2.5223937481048324,4.0924586658838145
1769370160.1709208,3.276805661599166,2.436157411186336,4.08317502392029
1769370160.1911354,3.2774182412414774,2.3930509184993127,4.058098449588524
1769370160.2113616,3.3083294139508723,2.402005538201209,4.088358364522587
1769370160.2311938,2.945568863894449,2.5187861704356465,3.8756495848208856
1769370160.2509758,2.9765582012540843,2.5275084166712176,3.9048940474482525
1769370160.2709656,2.9989302080267297,2.4973070946864055,3.90257929039069
1769370160.2909608,3.076628583727249,2.5181795098109987,3.975785643849464
1769370160.3109984,3.010231938936048,2.4767644983868458,3.8981865920784404
1769370160.3309858,3.0725836168239127,2.492724096773383,3.9565696638640646
1769370160.3509436,2.96621401826774,2.4403814715450487,3.84107892770097
1769370160.3709445,3.036561085388646,2.457527549419609,3.906423540971079
1769370160.3910177,3.303701581313973,2.2871621467958043,4.018153160857864
1769370160.4110553,3.374235273355273,2.30352223614058,4.0855450520523
1769370160.4314995,3.2461324812361845,2.3343268849741463,3.998306903134086
1769370160.4510236,3.293257079937634,2.344728574952903,4.042684044636685
1769370160.470995,3.33257105388423,2.353299304239304,4.079711686445531
1769370160.4909449,3.2986840099018835,2.2650563130803576,4.001474265643545
1769370160.5109544,3.369585595438931,2.2797399982551205,4.0683315431063125
1769370160.531253,3.3806222553972702,2.240866830424796,4.055871174653529
1769370160.5511992,3.37992428312025,2.0955349489591555,3.9768272381303147
1769370160.5709472,3.443161994333998,2.107509089137171,4.036949229309413
1769370160.590973,3.1039505783644614,2.2028169928112966,3.8061676128025788
1769370160.6110241,3.15147637594141,2.2112682542988225,3.849871509620362
1769370160.6309776,3.1520856043485246,2.2376142668547523,3.865560924933552
1769370160.6509604,3.231401206325433,2.251092150226036,3.9381937008038013
1769370160.671064,3.1755725794276444,2.2378219672327404,3.884856286176125
1769370160.6910322,3.1075490358748095,2.1369657531213626,3.7714034046200906
1769370160.7109492,3.147316707189086,2.1430266345585025,3.8076456783396604
1769370160.7312295,3.0401237785390975,2.1328320193621053,3.713667326465185
1769370160.7512367,3.1197782876459765,2.1441497853661247,3.785550800894483
1769370160.7710023,3.0284240568293335,2.1233134850316446,3.698623044282813
1769370160.791338,3.1162071121677624,2.134576011834497,3.7771896320179916
1769370160.8110032,3.038892823971466,2.0770705167865664,3.6809090626215264
1769370160.8311465,3.078850043925474,2.0817490735106396,3.7165840227340885
1769370160.850932,3.126820409652453,2.087182068479766,3.7594327845038817
1769370160.8713093,3.396783150791359,1.8984693389141079,3.891313609091028
1769370160.8914192,3.328620546044494,1.8613431458386067,3.813700702219552
1769370160.91096,3.400695277593819,1.868437670800212,3.88017882329078
1769370160.9310308,3.0457140185354366,2.001064177245496,3.644260106545425
1769370160.9509919,3.117867467106697,2.007376102909845,3.7081877461875963
1769370160.9709983,3.1284688496779633,1.9472624863794614,3.6849896247162057
1769370160.9909933,3.2087235117097705,1.9533243661692588,3.7565120329994444
1769370161.011115,3.113815462601634,1.87778110262429,3.6361942473566953
1769370161.0311193,3.1941208959918512,1.8831941972350563,3.707941299793131
1769370161.0511112,3.1005947255223294,1.8490197307330227,3.610063935247811
1769370161.0712702,3.1889953458416542,1.85399377561572,3.6887645947961443
1769370161.0912256,3.127339122573318,1.8112986976298835,3.6140078804027755
1769370161.1110084,3.1755816859008537,1.8135725947300152,3.6569611154871016
1769370161.1310124,2.9347837435426705,1.9077348858148078,3.500343985370176
1769370161.1509671,3.0071728418508723,1.9105845248865378,3.5627828628056144
1769370161.1709933,3.0849424661470657,1.8032868423391086,3.5733336613295568
1769370161.1912324,3.1010334727834277,1.8037952613125192,3.5874902012488823
1769370161.2109973,2.9472191247420536,1.8292672898471594,3.4687633800751083
1769370161.2311907,2.987448922198629,1.8300766995556508,3.5034314306123155
1769370161.2510574,3.0598941946177174,1.8312271641606515,3.5659985150046083
1769370161.271028,2.9229151515809573,1.7980074085864324,3.4316561052461574
1769370161.2909644,2.995358682519459,1.798359669048093,3.493747434518339
1769370161.311272,2.9311809727444356,1.858701473643638,3.4708202291539165
1769370161.331185,2.8411022894211353,1.8373178395593506,3.383430073537365
1769370161.3512669,2.9054784314376843,1.8363336071771243,3.4371392221435744
1769370161.3709671,3.0713165835918392,1.6722412975634136,3.4970525466344964
1769370161.3909163,3.1195997262676745,1.6711480316465668,3.539016557718478
1769370161.411152,2.9642828513018173,1.7227080857251025,3.428512209566225
1769370161.431072,2.980373019709946,1.7221902854939017,3.442174126342906
1769370161.4509459,2.79719939983773,1.7694637676990368,3.309883156193316
1769370161.4712276,2.7661877787752047,1.787918247164555,3.293697995565057
1769370161.490964,2.782271380090643,1.7872249602906258,3.3068424654279074
1769370161.510972,2.7712737680974335,1.7645259813216683,3.2853478105832483
1769370161.5310535,2.83557672276301,1.761094051339409,3.3379556031107525
1769370161.5510163,3.05922465724084,1.609984633106329,3.4570082473591026
1769370161.5710378,3.1234842282955846,1.6058054358385263,3.5120883847334796
1769370161.5912793,3.053218568382073,1.5450882258243546,3.4219060846104656
1769370161.610949,3.109400245024016,1.5407582923902794,3.4702025876488567
1769370161.6312273,3.173583938842743,1.5354803328306765,3.525526183336386
1769370161.6513305,2.7858861900309773,1.6396556653055505,3.232589142556459
1769370161.6709492,2.7040219181164122,1.617739083929191,3.151002106842523
1769370161.6910288,2.7521036218096135,1.613056596087592,3.189988389847098
1769370161.710929,2.4523217844468874,1.803029242344195,3.0438128364308223
1769370161.7311587,2.4923660787805417,1.7988395518897669,3.0737131297664835
1769370161.7510176,2.9777670084763948,1.5050073573751312,3.336486700486566
1769370161.7710252,2.8153497453882252,1.5111913297891455,3.1952923847572117
1769370161.7909865,2.91131826285884,1.4995924635250653,3.27483611564252
1769370161.8110464,3.10786063184751,1.3306771966675264,3.3807542810323485
1769370161.831015,3.195715804781109,1.3188720011018127,3.457169776018828
1769370161.851582,2.9083584027869733,1.3893954701094309,3.223192264110567
1769370161.8710096,2.9801338595639457,1.378753375104278,3.2836197542165166
1769370161.8910735,2.964677325928408,1.2862484783824009,3.2316786342418173
1769370161.91102,3.0204374393539872,1.2774359922211218,3.2794641390436388
1769370161.930923,2.8027248770420865,1.4353853110938246,3.1489042106254193
1769370161.9509785,2.834555613838571,1.4300984709533502,3.1748838033173543
1769370161.9709995,2.8423347408187674,1.3847430244937335,3.16170523970046
1769370161.9909205,2.8820831598848375,1.3778755801095706,3.1945178751658374
1769370162.0109265,2.929761711842426,1.3694540247162443,3.234023502386676
1769370162.0309963,2.89009422844671,1.3580980628197281,3.193285924801549
1769370162.0510085,2.9297682067223842,1.3507394405352784,3.2261492187031355
1769370162.070941,2.8808186802281828,1.3122606430370816,3.1656190964194892
1769370162.0910726,2.5630135321120715,1.4633902004527641,2.951363963419418
1769370162.1109633,2.634276266665026,1.4491120739003662,3.006549060274661
1769370162.130979,2.876990988629391,1.32557129503207,3.1676831291762313
1769370162.1510277,2.9402109695210736,1.3121597392358595,3.2197210634717366
1769370162.1710446,2.8371673904440087,1.3074507588021405,3.123931223329214
1769370162.1909773,2.9081303930961155,1.291505264035468,3.1820132354031294
1769370162.2114391,2.830046632316181,1.2831302601754047,3.107344075840646
1769370162.2309487,2.8929721695344544,1.2681959847924489,3.158735352881684
1769370162.2510142,2.787342666389341,1.232319148702402,3.047603915231284
1769370162.2709317,2.826604851443255,1.2226738777756303,3.079712064073108
1769370162.2909787,2.747966790817559,1.2269157973392701,3.0094258351381264
1769370162.3111742,2.795005777519357,1.2150008427588617,3.0476686736374954
1769370162.3311036,2.982083158542297,1.131503958812857,3.18953306508504
1769370162.3510287,3.0290398667560687,1.119232716905021,3.229204915917882
1769370162.3711922,3.0499473239812662,1.0752500406969752,3.233935888214133
1769370162.3910456,3.1124159770526685,1.058193666515006,3.287386051267053
1769370162.4110403,3.049273726315736,0.9342270341039871,3.1891770739879255
1769370162.431132,3.1348713747862735,0.9098724080859881,3.2642436084720416
1769370162.4511163,2.9543250696505723,1.0130741399627112,3.123196412367792
1769370162.4715235,3.031915586169589,0.9898785487857396,3.1894155676243012
1769370162.4910927,3.072411730342697,0.9099821052486803,3.204337883654005
1769370162.510969,3.1573538420177236,0.8832819957833387,3.2785774915013186
1769370162.5309675,3.12080191627979,0.8223513291181526,3.22733114339976
1769370162.5510485,2.8574512257544686,0.9810519399824535,3.0211736819502866
1769370162.5709517,2.8959154791766437,0.9683827652831276,3.053537562014309
1769370162.5911915,3.079008507198962,0.8162749934792686,3.185372545305048
1769370162.610931,3.109723542787771,0.805960481094047,3.21246833597685
1769370162.630957,2.884168265500625,0.9142458486519587,3.025602759037978
1769370162.6510227,2.9224730187469845,0.9010768761757717,3.0582328364731812
1769370162.6710796,2.8738486378199664,0.9625532259292733,3.0307614069481823
1769370162.691001,2.927365997610641,0.9437867034909964,3.075744629460214
1769370162.7109773,2.882957791518386,0.9439336879281797,3.0335550818935637
1769370162.7309499,2.9362881383315713,0.9246194728137382,3.07842641633888
1769370162.751166,2.8499440013804733,0.9265219587573092,2.9967688851601526
1769370162.7709332,2.9106502581308717,0.9037645529056384,3.0477328118202944
1769370162.7909517,2.7410568825584356,0.942236720856986,2.8984828568670706
1769370162.811046,2.8015041978097024,0.9187785004610198,2.9483181143246373
1769370162.8310463,2.7009642384736097,0.9140710029021406,2.851444128132244
1769370162.8511183,2.7536282484903776,0.8929532932203159,2.894794313031099
1769370162.87115,2.6168642893078324,0.9567697391123495,2.786285527783486
1769370162.8911552,2.6393837396197615,0.9474799134357035,2.8042939773378475
1769370162.9109821,2.60501426333847,0.9216931165295392,2.7632621144681164
1769370162.931262,2.564393543070908,0.918562978090602,2.7239442337284445
1769370162.9510975,2.5867724382252835,0.9090398402058497,2.741850666656274
1769370162.971116,2.705260400708317,0.8100825677438195,2.823945396462712
1769370162.9910502,2.7349244091801275,0.7970822520022836,2.8487105223918947
1769370163.0109115,2.7635112320185584,0.7576074052618011,2.8654778502023444
1769370163.0309072,2.8004501416717105,0.7409060606099018,2.8968021656021983
1769370163.051118,2.6047654989509663,0.8297253924935575,2.733724114001606
1769370163.0710263,2.663531481515223,0.80226594410518,2.7817315826825664
1769370163.0912812,2.729465669848132,0.7709947711041139,2.8362679316223627
1769370163.1109495,2.672882932217701,0.737686679133013,2.772811714832254
1769370163.131021,2.716619324040445,0.7163800594007697,2.8094876652615888
1769370163.15122,2.6373258000703146,0.7349369625212603,2.7378129436826946
1769370163.1709802,2.666387060561096,0.7205359627576762,2.762026797544653
1769370163.1910625,2.7099058133529352,0.6987874267359508,2.798552015776781
1769370163.211433,2.5876084254874296,0.7720198163840166,2.7003207143861903
1769370163.2309825,2.6454193974298867,0.7425056437917057,2.7476459778073377
1769370163.2512143,2.0817544947654856,-0.6775116271935246,2.1892290381453283
1769370163.2710943,1.9019579284569792,-0.6605668791287691,2.013403229217209
1769370163.291035,1.7914008770371037,-0.5682952171008466,1.8793819611853795
1769370163.3109217,1.8342286685623783,-0.5913536273498003,1.9271984643922593
1769370163.3312535,1.8521790407000287,-0.5846327983173438,1.9422571167785296
1769370163.3511019,1.9089785709407279,-0.6159129639467764,2.0058783521112655
1769370163.3710306,1.8414142737388142,-0.6163965409029224,1.94184222406614
1769370163.3912525,1.8908304921086296,-0.6443200571231529,1.9975956262214196
1769370163.4111233,1.8313869731856176,-0.647902939826551,1.9426158819977422
1769370163.4312346,1.8944582178867853,-0.6844756598856172,2.0143184624816963
1769370163.4514024,1.8427916648902665,-0.6120725402519298,1.9417811191582564
1769370163.471115,1.9123554656651551,-0.65352574241588,2.020940207690376
1769370163.4909568,1.8250974420337407,-0.6113626373481402,1.9247714013002626
1769370163.510931,1.8803873410941456,-0.6450808041893339,1.9879602099842613
1769370163.530972,1.7113956743249616,-0.5238079188516096,1.7897625233392962
1769370163.5509694,1.7526726008381495,-0.5494281587989889,1.8367723177928206
1769370163.5708988,1.674705314827877,-0.5268859234509584,1.7556328397029681
1769370163.59101,1.742986205012052,-0.5702229081281764,1.8338906935301431
1769370163.611181,1.815725459138883,-0.6836703139559788,1.9401711370778025
1769370163.6309805,1.7814194884289778,-0.6441795798406815,1.8943132594262961
1769370163.650998,1.8220059304415681,-0.6707494852832667,1.941548475462823
1769370163.6709917,1.5870676936481,-0.5355544659430933,1.6749932687068003
1769370163.6910512,1.6206722897877546,-0.5579974727720511,1.7140419628777703
1769370163.7111523,1.655800427837507,-0.6431046779413983,1.7763047834245622
1769370163.7309847,1.682468758501087,-0.6613513841491887,1.8077850471359245
1769370163.7518277,1.5025433146002536,-0.5438192028324416,1.5979285771332925
1769370163.771009,1.57531758910583,-0.5947457095008986,1.6838491516510414
1769370163.7913654,1.588708288829002,-0.6529316771954399,1.7176477526196186
1769370163.810994,1.6544155045004079,-0.6998159876298082,1.796338798243144
1769370163.83124,1.4819227990691424,-0.6209497147607088,1.6067587655470648
1769370163.8511622,1.5470210904186246,-0.6686106221680994,1.6853232385142156
1769370163.870957,1.4504451521197241,-0.5754102519044437,1.5604127970842667
1769370163.891025,1.4891959175968852,-0.6043919238534592,1.6071695861378519
1769370163.9111845,1.286453191144318,-0.5193104826858388,1.3873158221662427
1769370163.9312136,1.3441808034341145,-0.5632766464790606,1.4574301399344938
1769370163.9510496,1.4505223909838625,-0.6633409313036545,1.5950035730017473
1769370163.9712029,1.5078574776883729,-0.7077673800602113,1.6657037063349645
1769370163.9912982,1.260489476752575,-0.6200257183197451,1.4047297293009413
1769370164.0109465,1.3235344639036128,-0.6701846100933828,1.4835399855570606
1769370164.031396,1.3296844550111793,-0.6911793085376452,1.4985958716241528
1769370164.0509343,1.3983810775039576,-0.7471309283033065,1.5854571145094054
1769370164.0709283,1.5851747472447597,-0.9406555118504443,1.8432611782590955
1769370164.0921345,1.634632842201702,-0.9819102753095841,1.9068750136186057
1769370164.1109757,1.3606431147990978,-0.8816216029508865,1.6212977322626099
1769370164.131042,1.391307797783142,-0.907682739117238,1.6612120102694745
1769370164.1509748,1.3220748004128895,-0.7778835113562756,1.533944110822409
1769370164.171141,1.3112061410684843,-0.8498808953251533,1.5625489050312602
1769370164.1910641,1.3597226157905142,-0.8921824976855355,1.626294930530314
1769370164.2110147,1.2455249350002413,-0.6937692134580438,1.4257096777568523
1769370164.230936,1.2994826085029958,-0.742033542990221,1.49641866759419
1769370164.251671,1.4261827485746226,-0.9733185063395347,1.7266575071840065
1769370164.2709548,1.4795602022199157,-1.0221975976286473,1.798328757649951
1769370164.2911599,1.5267466186459542,-1.0659171169505406,1.8620243118055702
1769370164.3110428,1.1714346861234999,-0.8148998586273208,1.4269971981206167
1769370164.3311243,1.2357432713666725,-0.8756035112718905,1.514510792856779
1769370164.3510244,1.4329008428586878,-1.070552079536263,1.7886549640622573
1769370164.3710997,1.4676630183676087,-1.1039824104494151,1.836521684616226
1769370164.391035,1.2964918216966055,-1.0248083436267343,1.6526110204440587
1769370164.4109924,1.1434118062685625,-0.8998819386928645,1.4550525977778141
1769370164.4310417,1.183485763732655,-0.939362765705642,1.5109735135176985
1769370164.4511547,1.1794753889828336,-0.8846469778365353,1.4743684982430687
1769370164.4716406,1.224748925705252,-0.9302791127367787,1.5379951750933736
1769370164.4912124,1.020169902542606,-0.8181254922531487,1.3076987233794515
1769370164.5110202,1.0593478962236835,-0.8584701432957615,1.3635207927141375
1769370164.5311494,1.202703463497766,-0.9399668425327654,1.5264446554561153
1769370164.5512173,1.26900264023595,-1.0098920869161603,1.6218044666795344
1769370164.5710185,1.090709543957975,-1.0209410834623203,1.4939772438635837
1769370164.5910308,1.1343230221652143,-1.0681233169389426,1.558068079001259
1769370164.6110246,1.1550240396897369,-0.9771576760559686,1.5129169362976607
1769370164.630935,1.1927932985486231,-1.0187941446754376,1.5686610093603592
1769370164.6512237,1.1074380495933491,-1.0267900876677878,1.510204263608054
1769370164.6710324,1.1449252933485958,-1.0687214136807235,1.5662117951953665
1769370164.6909907,1.117670522148301,-1.0131615174140212,1.5085369257820431
1769370164.711131,1.1599096785411689,-1.0615549269515228,1.572351527270073
1769370164.7309732,1.2071032224524982,-1.1162755172430536,1.644131752643763
1769370164.7510016,1.0818047524679755,-1.0521216442913257,1.5090597989637722
1769370164.7710125,0.9538950208100911,-0.994828208382307,1.3782593641689633
1769370164.7909777,0.9949678338646333,-1.044202042095307,1.4423310629468153
1769370164.811026,0.9136873622858364,-0.8901093707440744,1.2755858606488475
1769370164.830947,0.8877827499797197,-0.8781315013334705,1.2487085908232267
1769370164.8509748,0.9179588996985535,-0.9156721732599635,1.2965739741404667
1769370164.87104,0.8269857196785688,-0.8756295911685559,1.2044220860986785
1769370164.8910234,0.841961430815021,-0.8944895393967656,1.2284179203635524
1769370164.911729,0.7702114655233241,-0.8710626711445606,1.1627449757728836
1769370164.931061,0.7999104045169605,-0.9089819121563547,1.2108281347416363
1769370164.9510174,0.814460642040923,-0.9169520224959449,1.2264367692600855
1769370164.9713302,0.8486254586119513,-0.9615680118495771,1.2824890683419852
1769370164.9909809,0.7871225469747918,-0.8661691259984927,1.1703891911621005
1769370165.0109608,0.820751863561358,-0.9111943573778678,1.226339585293041
1769370165.0309336,0.7541519653938411,-0.8721913428017292,1.1530233845701816
1769370165.051101,0.7966130206373467,-0.9306614720867508,1.2250400321114554
1769370165.0711257,0.8247147906829646,-0.9697927518147686,1.2730484937517925
1769370165.0912006,0.7025678658030845,-0.8686614136658903,1.1172171935891086
1769370165.111302,0.7349391297752126,-0.9146577020486149,1.1733431878148863
1769370165.1310956,0.6380179515070923,-0.8653998691153557,1.0751668893293642
1769370165.1511693,0.695510544687735,-0.8775111534813931,1.1197145807106714
1769370165.1711283,0.7229143460033729,-0.9171860159648304,1.1678336095261699
1769370165.191354,0.8387476616793439,-0.9326037443009714,1.2542915864569764
1769370165.210962,0.8880358359903724,-1.0058881612182198,1.3417967949291318
1769370165.23094,0.7878861080892676,-0.9853854634828227,1.2616453665603937
1769370165.250973,0.8361663893652609,-1.0593910650143314,1.3496235250381259
1769370165.2709525,0.8089313892802572,-1.0252046143900913,1.3059151940036622
1769370165.2909284,0.8434216805638188,-1.0794351954490242,1.3698687792701787
1769370165.3109324,0.8342237080301498,-1.0532181964900449,1.3435764825484686
1769370165.3310559,0.7869827808935663,-1.017751963010511,1.2865305886898764
1769370165.3509974,0.8121934492969798,-1.0588384209895043,1.33446506167995
1769370165.371274,0.7167555603255695,-0.884133077545977,1.1381695093739514
1769370165.3910446,0.7457485541475313,-0.9323226940088283,1.1938871436517828
1769370165.4111204,0.7680296356571228,-0.9448909843544833,1.2176569687567993
1769370165.4312465,0.7925485331495352,-0.9863946519927751,1.2653488004804951
1769370165.451823,0.8014910739826688,-0.9201206932234118,1.220249987409065
1769370165.470981,0.829706914070742,-0.96876970281218,1.2755109957752593
1769370165.4913256,0.8496912236867677,-1.003583334053678,1.3149732636067597
1769370165.5109506,0.7816759529854771,-0.9877978794259583,1.2596673950190875
1769370165.5309877,0.7699211551413816,-0.9507710420020317,1.2234149579941667
1769370165.550943,0.8090353450704724,-1.0209481011044907,1.3026408617582068
1769370165.5709345,0.7816332944099171,-0.9714017618746347,1.2468247631095737
1769370165.590951,0.8084803073120543,-1.0208184073858888,1.302194543134495
1769370165.6112022,0.7427637996270287,-0.941039473142057,1.1988550171091836
1769370165.6309655,0.7691164673997681,-0.990752142265368,1.2542447718961856
1769370165.651114,0.6857153862029599,-0.9461937202086812,1.1685410335276287
1769370165.6712399,0.7298868092511785,-1.0319128454925686,1.2639536680636028
1769370165.690977,0.7713210062843157,-1.0469497599463793,1.3003998979495617
1769370165.7109406,0.7964233835656684,-1.0972685102180328,1.355834941800177
1769370165.7310023,0.7724800436348684,-1.0334716153678407,1.2902670256908615
1769370165.7515848,0.7901066442453941,-1.0695316163029887,1.3297241772459434
1769370165.7709334,0.6565922407491183,-0.9886685208815589,1.1868356309085422
1769370165.790984,0.6876379764708558,-1.0539613797600182,1.258443712174118
1769370165.8109598,0.6378999814066715,-0.9694403053036957,1.1604873509978273
1769370165.8310826,0.6682575624885541,-1.0350593160435189,1.2320373198696626
1769370165.851187,0.6572672054198758,-0.9510279571666267,1.1560511903168391
1769370165.8709717,0.69341228633171,-1.0316752430660063,1.2430504438642354
1769370165.8909566,0.5569482779217114,-0.9091750528569289,1.0662038552816058
1769370165.9109392,0.595516135002726,-0.9975217310596847,1.1617611936129106
1769370165.931003,0.5676379563563263,-0.9248100534727666,1.0851204930793115
1769370165.9512944,0.6052408030192991,-1.0136155637830289,1.1805646703093537
1769370165.9709685,0.5717154096973551,-0.9450716966613388,1.1045447123207626
1769370165.9910862,0.5961602899054557,-1.0045481259738978,1.1681284298645536
1769370166.0110474,0.5168799049100965,-0.9103152095128877,1.0468231067235585
1769370166.0313413,0.5354547781334247,-0.898475003012658,1.0459298018818046
1769370166.051284,0.5592315998220871,-0.9582355744957898,1.109484293926168
1769370166.0709324,0.5361239247395766,-0.9285073128991108,1.0721728838136573
1769370166.091279,0.5563233260592113,-0.9810475553788862,1.1278075851103646
1769370166.1108966,0.36826445854139056,-0.8263640509567161,0.9047078291572244
1769370166.1311336,0.3935722549627072,-0.8941813239726812,0.9769643596457178
1769370166.151296,0.40886999675287417,-0.8850324859827552,0.9749139323496773
1769370166.171121,0.4359601159854525,-0.960784240496654,1.0550675710667925
1769370166.1913264,0.409468199818837,-0.9051369102646536,0.9934470458893733
1769370166.2109778,0.43813011802875956,-0.9888878716252574,1.081599381920786
1769370166.230962,0.4211985809433596,-0.9385640667139405,1.0287423156045006
1769370166.250984,0.4338543812810354,-0.9767668932202547,1.0687858475147856
1769370166.2709398,0.44637695013800727,-1.0150167338008842,1.1088333290041044
1769370166.2909245,0.3902615884733389,-0.8751163829021404,0.9581924603447156
1769370166.3109229,0.32551364162885754,-0.8488125465374665,0.9090884830674619
1769370166.3309689,0.3400441658538629,-0.8948834782845267,0.9573121092088319
1769370166.3509405,0.28523515217741613,-0.8138908892727201,0.8624253426696208
1769370166.370949,0.3041812493313063,-0.8754618103680851,0.9268007411831949
1769370166.3909879,0.3393089375371805,-0.8976783041330485,0.9596649898812586
1769370166.4109545,0.3576128758276682,-0.9594577609376209,1.0239366015438496
1769370166.43101,0.3123055795851628,-0.9130261984731565,0.9649619754883444
1769370166.4510639,0.29434272191651134,-0.8650551229609444,0.9137603644863326
1769370166.4712036,0.31788598416143765,-0.9505006937196914,1.0022490048325816
1769370166.4909804,0.3486060894441303,-0.9249300006383301,0.9884440862680853
1769370166.5109642,0.3670438811140506,-0.9950780610425056,1.0606137648698408
1769370166.5309641,0.28349436203995815,-0.893833447535803,0.9377138610696666
1769370166.551039,0.2953808809478464,-0.9407109118139765,0.9859953774919074
1769370166.5710142,0.18448459261778716,-0.8595869996987595,0.8791611768978803
1769370166.5910501,0.1941057451080903,-0.8987274753805803,0.9194498981934353
1769370166.6109376,0.1929278568911923,-0.8396996152762934,0.8615779720140154
1769370166.6312194,0.20782257852786445,-0.9024531417224715,0.9260733756839842
1769370166.6510954,0.2223695207288512,-0.9652936840533108,0.9905756408383926
1769370166.6711228,0.1788598612999719,-0.8516005593870766,0.8701806494818343
1769370166.6909947,0.19456376358884264,-0.922455885647091,0.9427512498357211
1769370166.7110958,0.23063937473699436,-0.938573192178568,0.9664958138840224
1769370166.7314293,0.16418212517249153,-0.9138943143474165,0.9285249528271657
1769370166.751291,0.17384882295143456,-0.9613130920699255,0.9769064818224109
1769370166.7709973,0.23832007366510521,-0.9885049845303087,1.016827695311751
1769370166.791262,0.2548346532481942,-1.0757005635556762,1.105473836384257
1769370166.8109996,0.26726061023637104,-1.0210150675065623,1.0554146113539207
1769370166.8312218,0.28129020312610264,-1.1004646405331115,1.1358462058916228
1769370166.8509793,0.18083461647095045,-1.0080201274844782,1.0241121696025388
1769370166.871348,0.18618415483845085,-1.0398475489263443,1.0563841462844066
1769370166.8915231,0.19127983865119313,-0.9582113005550177,0.9771166118666518
1769370166.910952,0.20394561882092654,-1.0379010912709337,1.057748784304499
1769370166.931344,0.2402474661428926,-0.9684631763942697,0.9978175028630029
1769370166.950955,0.24972869813559084,-1.032319737548562,1.0620962589166902
1769370166.9711363,0.258881826956761,-1.006511734059142,1.0392717022642401
1769370166.9910133,0.26570039968883785,-1.0544484874413023,1.087408991622774
1769370167.010991,0.22210047804602384,-1.0396373939848633,1.0630966716719181
1769370167.030967,0.2294694612361421,-1.0956469522033565,1.1194188123810094
1769370167.0509768,0.22595150233336647,-1.0865243784592913,1.1097699339922011
1769370167.0710917,0.2308916760696491,-1.126573862889492,1.149991145454609
1769370167.0911868,0.17264180080814118,-1.055851641717446,1.0698728338936845
1769370167.1111763,0.18152853169471161,-1.1360697278137657,1.150481218566423
1769370167.130983,0.19864739970938594,-1.0588139083400172,1.0772871863646958
1769370167.1511395,0.166500918639938,-1.0549047656085708,1.0679637729865266
1769370167.1709464,0.174658324695655,-1.1433135664448653,1.1565774689152346
1769370167.1912,0.18897340661383755,-1.0285937293989953,1.0458087820276574
1769370167.2111795,0.19305280926159352,-1.0768498726399276,1.0940178405165162
1769370167.231029,0.14857135958918888,-0.995378282261882,1.0064051737192108
1769370167.2513344,0.15166268739968614,-1.0356165846229786,1.0466629262066456
1769370167.2712016,0.14991827899937626,-1.0467888045603893,1.0574697592513478
1769370167.2910013,0.15325945132256868,-1.0951015669234891,1.105773892483439
1769370167.3108804,0.08755539215341646,-1.0865242431907252,1.0900462732087646
1769370167.331278,0.09216295188345713,-1.1671030941845881,1.1707363674863407
1769370167.3515708,0.16455522422461932,-1.09105676056131,1.1033962464074971
1769370167.3709788,0.1678568987239636,-1.1636173584177794,1.1756620667778637
1769370167.3909638,0.1498279969835783,-1.12024288713814,1.1302179236163734
1769370167.4111114,0.1521396019620721,-1.1847630122456465,1.1944914623682146
1769370167.430962,0.15387985411330596,-1.2412256648352056,1.2507278523114174
1769370167.4510965,0.10418564892998738,-1.114389642097855,1.1192492679729338
1769370167.4711976,0.12502869655189208,-1.1104147095431305,1.117431430617208
1769370167.4909878,0.12615086234604234,-1.1830267298031387,1.1897337027668666
1769370167.511161,0.10664576913587487,-1.1683689194440197,1.173226002097366
1769370167.5311053,0.0738353080531674,-1.1733833508722133,1.175704104279393
1769370167.551031,0.07377243508326137,-1.2298658845374124,1.2320764855020592
1769370167.5710933,0.07079326627011873,-1.1049333720054832,1.1071989175936725
1769370167.5909526,0.07029230345443516,-1.1533333048234473,1.1554733748295134
1769370167.610936,0.03576534133828435,-1.1470814232981361,1.1476388592744329
1769370167.6309352,0.034446489964863325,-1.21159811918087,1.2120876878648348
1769370167.6510608,-0.0005302759244265598,-1.100461616828042,1.1004617445892177
1769370167.670976,-0.0025445437835918128,-1.1649530887863815,1.1649558677374854
1769370167.6913702,-0.004906892745624614,-1.229428986186325,1.2294387783340626
1769370167.7112048,-0.03855374811539247,-1.1286670321110268,1.1293253122409233
1769370167.731371,-0.10710462701028844,-1.057825022618089,1.0632333608404005
1769370167.750893,-0.11091396023516564,-1.1302960910044426,1.1357249490589572
1769370167.7711194,0.012897882675513839,-1.1342532485246046,1.134326578709205
1769370167.791321,0.009851275081302235,-1.1825321247123313,1.182573157820432
1769370167.8111906,0.004913176403410713,-1.2549218219372076,1.25493143975142
1769370167.831539,-0.12574827405280564,-1.1502670900312708,1.157120135005984
1769370167.8512757,-0.12958047410110674,-1.198480458496359,1.2054652664701337
1769370167.8713355,-0.11830765903114349,-1.160379223924454,1.1663947211390093
1769370167.8910491,-0.09783574382602489,-1.1236355046625688,1.1278867762804463
1769370167.9109647,-0.10381852720476281,-1.187833669394327,1.1923619889688521
1769370167.9310093,-0.06723547929774853,-1.1599169246682166,1.1618639687193038
1769370167.951034,-0.07313890364608044,-1.2160154344833671,1.218212968297548
1769370167.9710264,-0.10480050187527556,-1.1617207164815229,1.1664382402406277
1769370167.9919941,-0.06589452000680329,-1.0796954626398572,1.0817043865178795
1769370168.0111208,-0.07577350376647152,-1.159651736893145,1.1621246812422217
1769370168.0314305,-0.09545434586066759,-1.095810594007344,1.0999601765893234
1769370168.051112,-0.10070970581463268,-1.135736805536399,1.140193201301996
1769370168.0710003,-0.018033295933383542,-1.108752552346921,1.108899193839563
1769370168.0909836,-0.02366766868566539,-1.1486293766864808,1.148873188619261
1769370168.1109154,-0.08736018959004666,-1.1301646138959853,1.1335359973233627
1769370168.1310983,-0.09090419750286993,-1.1540648598739631,1.1576395267610513
1769370168.151008,-0.044953124572591596,-1.108188733269425,1.109100109076783
1769370168.1710443,-0.049841788766893824,-1.1400288923897497,1.1411179077513782
1769370168.1909792,-0.05860648006241642,-1.1957137791445822,1.1971491808214736
1769370168.2109997,-0.043503397088665796,-1.1438945924612556,1.144721531299362
1769370168.230947,-0.05410768774520469,-1.2074315106949296,1.2086432454997516
1769370168.251223,-0.051773445762345105,-1.1943985511588764,1.1955201331205298
1769370168.271209,-0.037976651113809545,-1.1331475794136185,1.1337837813096299
1769370168.2909782,-0.05420125747125293,-1.220200089562475,1.2214033055791755
1769370168.3109572,-0.00022489910145795378,-1.1430322685830827,1.1430322907082697
1769370168.330985,-0.012854361986826879,-1.206188659529765,1.2062571521032734
1769370168.3512948,-0.004689864887122752,-1.1433161683971305,1.1433257872325608
1769370168.37094,-0.01629400132761538,-1.1984614533025484,1.1985722128980467
1769370168.3909304,0.0001598552646402407,-1.0947160176789286,1.0947160293503142
1769370168.411179,0.017330378346571473,-1.0551240873302659,1.0552664031789138
1769370168.4309726,0.005071312444083542,-1.1101043240324788,1.1101159076625793
1769370168.4510295,0.018075158033568517,-1.0764039788802586,1.076555728741987
1769370168.4709647,0.005249012735998093,-1.1312485077592953,1.131260685448909
1769370168.4913461,0.018309618377921,-1.0414973816680098,1.0416583116101292
1769370168.5109744,0.0011621685057170428,-1.111867413915376,1.1118680212878242
1769370168.531134,0.004943612925030871,-1.0184882404871294,1.0185002382519708
1769370168.5510232,-0.00103770829612726,-1.0418693936962073,1.041869910477988
1769370168.5709667,-0.02132462440213234,-1.1197128353273031,1.1199158777348415
1769370168.5910165,0.02214700221450361,-0.9863464431442726,0.9865950514828498
1769370168.6110787,0.005359434852962863,-1.048467814636437,1.0484815124123312
1769370168.6309493,0.01627789150034986,-1.0189531679517838,1.0190831802314635
1769370168.6510527,0.01341969408146304,-0.941163696725777,0.941259365012519
1769370168.6709936,5.8647802214650824e-05,-0.987532388234766,0.9875323899762606
1769370168.6912274,-0.024935184210118422,-1.072391251308363,1.0726811079227179
1769370168.7110653,0.03125461030037169,-0.9999978997010839,1.0004862068372593
1769370168.7311516,0.07566346736499163,-0.9313878329114562,0.9344561282313857
1769370168.7511222,0.0540891080689212,-1.0004392622095564,1.001900368790277
1769370168.7710953,0.06220753018351033,-0.9783921007793017,0.9803677267632118
1769370168.7911916,0.044779480832774166,-1.0319048614559403,1.032876006595204
1769370168.8110647,0.07606703630965761,-0.9989306437832681,1.0018226515218096
1769370168.8309586,0.052805335140348575,-1.0674388728741366,1.0687441933138593
1769370168.8510215,0.041634424022526595,-0.9652324297647352,0.9661299440205867
1769370168.8710043,0.11529149451069154,-0.902734264151487,0.9100666351315357
1769370168.890977,0.0991378381122201,-0.9481744754949464,0.9533431422765265
1769370168.9109516,0.1996694644697128,-0.9214914599428812,0.9428756046209301
1769370168.9313407,0.17466327177898577,-0.9893619999081933,1.0046613486000542
1769370168.9510064,0.1549224658089141,-1.0420385332679931,1.0534919435988224
1769370168.9710736,0.13492700889423448,-1.0946159589218891,1.1029004466658048
1769370168.9909258,0.1835072801823816,-0.7720752263503554,0.7935836925138317
1769370169.0110059,0.16289521018389186,-0.8244068912098248,0.8403461023739577
1769370169.0316494,0.33630098417584753,-1.0242484470744149,1.0780460255907418
1769370169.0509841,0.3313818500749508,-1.0465542485601587,1.0977657881982001
1769370169.0716712,0.34612047501253884,-1.0489676197679731,1.1045960576358187
1769370169.0910099,0.31212568232767124,-1.1305701697508619,1.1728645916298297
1769370169.1110044,0.29392223497835657,-1.0865992957975337,1.1256501720527423
1769370169.131049,0.2557203281740368,-1.175098520764572,1.202601105830409
1769370169.150911,0.32916080848355134,-1.110483825575412,1.158240546996239
1769370169.1713843,0.29635853928980627,-1.1837996841226084,1.2203319531745347
1769370169.1909616,0.3536159707074269,-1.0110456498627274,1.0711010973973
1769370169.2113264,0.3334180146035717,-1.0547962966621078,1.1062381298410775
1769370169.2310762,0.3949277246992211,-1.0234592179071411,1.0970126154494309
1769370169.2511957,0.48773304930719874,-1.0214767381958323,1.1319444571451796
1769370169.2712002,0.47051083485207634,-1.0577498460080945,1.1576766312072406
1769370169.2909539,0.6727262444060931,-1.0369350637397137,1.2360400180922988
1769370169.3110223,0.6517734249628089,-1.0803237508579864,1.2617083673161635
1769370169.3310673,0.6271006123469323,-1.1308316631765911,1.2930720894244965
1769370169.351039,0.602182930140239,-1.1812176180377163,1.3258579646836157
1769370169.3710253,0.8661293511867054,-0.989212300125224,1.3148083615896804
1769370169.3910563,0.8443082699866054,-1.032165306919472,1.3334997846178838
1769370169.4111655,0.4312524123355024,-0.9810699950528012,1.0716701816968193
1769370169.431036,0.37364726618645916,-0.9780679055553163,1.0470096023465962
1769370169.450908,0.33604272229038035,-1.0490082964461518,1.1015185505551812
1769370169.4713097,0.3280525138039927,-0.9959839550908351,1.0486193258811807
1769370169.491016,0.3863824279029022,-0.9521192849586191,1.027532244448929
1769370169.511235,0.3592186786706244,-1.0013194964360577,1.0638039260356345
1769370169.531028,0.38303406378368265,-0.9543459626036652,1.0283439650022548
1769370169.5508559,0.34371740805654616,-1.0243454864834964,1.0804745865961962
1769370169.570925,0.3905005793754297,-0.9373232116827326,1.0154139577786878
1769370169.5909414,0.3423324109342176,-1.020757132308582,1.0766320646975336
1769370169.611058,0.3408367744319629,-0.9528348044405437,1.011960409975822
1769370169.631165,0.308153259980112,-1.008078479453892,1.0541255391908695
1769370169.6512218,0.35644051729994075,-0.9728455661356583,1.0360879971908077
1769370169.670997,0.30637203808597935,-1.0551503598276388,1.098729314965862
1769370169.6912656,0.40444307328104756,-0.9388804149574954,1.0222869622154913
1769370169.7109115,0.3618652439601133,-1.0069410742322642,1.0699891503012255
1769370169.7312112,0.34039948284833343,-1.040860158476755,1.0951080665521866
1769370169.7510264,0.3372888284913236,-0.8838424292548277,0.9460133157499024
1769370169.7711546,0.4213714208169992,-0.821007212818514,0.9228253994019461
1769370169.7910328,0.43113269400154497,-0.8349530143032657,0.9396924688062256
1769370169.810982,0.3915689755147107,-0.8954117253704783,0.977286253109383
1769370169.8309336,0.516630899607029,-0.8706541512860833,1.012396235463397
1769370169.8509643,0.47627505663062,-0.9305910356025302,1.045388733970426
1769370169.8709223,0.47135119710846496,-0.8418241143225065,0.9648003889253235
1769370169.8910458,0.42570756721686376,-0.9078797787882324,1.002732579264417
1769370169.9111476,0.393485368208502,-0.953933031079548,1.0319006554793897
1769370169.9309425,0.5444753221925285,-0.8592105340180922,1.017200136769708
1769370169.950962,0.587521447106993,-0.8317520241029632,1.0183284737303928
1769370169.9710665,0.5592366718460551,-0.8707612194177456,1.0348771697063046
1769370169.9909542,0.626880202713326,-0.828007454305407,1.0385447187960763
1769370170.010965,0.6078082473439039,-0.853859520325958,1.0480968209047021
1769370170.030934,0.6034645680729396,-0.8119015853698079,1.0116094450159445
1769370170.0512679,0.5793903365737059,-0.8440466322486118,1.0237714000328468
1769370170.0709784,0.7232549569339106,-0.72748983846297,1.0258358532418095
1769370170.0909615,0.6842925749421478,-0.7785950458215607,1.0365647946456762
1769370170.1110847,0.6450477743068053,-0.8294893774347747,1.05078030930128
1769370170.1311026,0.6759797153460179,-0.7705569018318734,1.0250397624092535
1769370170.1509817,0.8307456329060763,-0.6946359024530488,1.0828930434577917
1769370170.1714272,0.805703495656529,-0.726052641178244,1.084578517524229
1769370170.19096,0.7695387988625386,-0.7630649706127568,1.0837241864658396
1769370170.2110772,0.739059900562637,-0.8004287650681488,1.0894474491999038
1769370170.231283,0.7132119418664176,-0.7065190838300748,1.003912590735346
1769370170.2511828,0.6668572108069943,-0.7620528866737917,1.012631789789923
1769370170.2710013,0.6779358353587432,-0.7889611350527566,1.040219529468319
1769370170.290944,0.6466632226667266,-0.825679546476807,1.0487707266222976
1769370170.3109493,0.7002929339484316,-0.8094698069213941,1.070351139418958
1769370170.3313913,0.7281031966342701,-0.7235313944518398,1.0264657537913608
1769370170.3510444,0.6750156880686009,-0.7839110747501612,1.0344867095592285
1769370170.370999,0.666137152700375,-0.7673677332470443,1.0161653134389452
1769370170.390978,0.6284950635647868,-0.8092162122561923,1.0246155001284942
1769370170.4109805,0.7423412004794634,-0.7316139018872161,1.0422712503777163
1769370170.4310174,0.7042950496460074,-0.77310372975227,1.0458111177037386
1769370170.4510093,0.722281325807721,-0.677915912627848,0.9905858358590675
1769370170.47098,0.6782285880675367,-0.7248139993330646,0.992647647104085
1769370170.490987,0.6561049763190958,-0.7481733039337968,0.9951065433760823
1769370170.5109646,0.6832817594660421,-0.6805031221010882,0.964343539413387
1769370170.5310893,0.7956151820018453,-0.7038999516005339,1.0622987619756805
1769370170.551477,0.7395075133307696,-0.761575011043365,1.061540324113201
1769370170.5709565,0.878070403840054,-0.6807389665195476,1.111041481960929
1769370170.5909579,0.8269445522930328,-0.7320138477956748,1.1043919439817342
1769370170.6109903,0.8038810609909621,-0.8839796784381191,1.1948409233498472
1769370170.6311285,0.7580431680831312,-0.9291698598830066,1.1991605702292403
1769370170.651067,0.8471974385188856,-0.6827164969009281,1.0880465591938775
1769370170.671162,0.8182860418254565,-0.7106962879889178,1.0838271356667537
1769370170.6911387,0.8898517155658494,-0.769518411718148,1.176433024727165
1769370170.7109716,0.8547997738557642,-0.8027264076837507,1.172626257158147
1769370170.73137,0.7749494818400571,-0.7876855243719342,1.10498650883586
1769370170.7509701,0.7158444485292046,-0.8423117196780203,1.105405946970173
1769370170.771035,0.7388432235287956,-0.748778853153549,1.0519311193630343
1769370170.7910151,0.6790568140735855,-0.8026474505102126,1.0513615394098799
1769370170.8113043,0.7234649106445383,-0.7624445346857308,1.0510581075307162
1769370170.8308988,0.753042160746916,-0.6940300024571169,1.0240850258513743
1769370170.8510642,0.716706587378197,-0.7258510148701469,1.0200627569808258
1769370170.8710108,0.6863260861156819,-0.7522546727810604,1.018297888244796
1769370170.8910851,0.7441225804011475,-0.68620776284598,1.0122250285647687
1769370170.9112053,0.8122180038124389,-0.6726835777038465,1.0546095397963693
1769370170.9310715,0.7692779366740199,-0.7091817172709649,1.0462921446540792
1769370170.9509869,0.7323315246846587,-0.7403020608756772,1.0413244467425757
1769370170.9710913,0.6929942469441386,-0.7614002120614218,1.0295490805322745
1769370170.9909828,0.6729917838788548,-0.6744410309537234,0.9527794316642045
1769370171.0110633,0.6230458269403751,-0.7151206063270212,0.9484638021882239
1769370171.0309532,0.6779310371966858,-0.7261673939244326,0.9934332263386283
1769370171.0509825,0.6149724607385165,-0.7763728991074916,0.9904271835603855
1769370171.0710256,0.7421943925585675,-0.6511469554767308,0.9873423286641754
1769370171.0911286,0.6850174060666596,-0.6956882546019441,0.976335492648605
1769370171.1110106,0.6718199486672605,-0.6380441082025032,0.9265216281551166
1769370171.1312244,0.6398155592259922,-0.6624833606063953,0.9210038832209191
1769370171.1511233,0.57555270662351,-0.7110324545723106,0.9147830724039295
1769370171.1709423,0.7065134093763943,-0.6383635909644607,0.9521918251579867
1769370171.1909413,0.7385655612180511,-0.6404433537476735,0.9775718784707865
1769370171.2111316,0.7190807069036556,-0.6547365896078006,0.9725004189265496
1769370171.2309375,0.6800215566785974,-0.6832033052083597,0.9639481696622542
1769370171.251329,0.7379355984820721,-0.6065173596833981,0.9552027298455624
1769370171.2710264,0.7050991490066432,-0.6298500205997373,0.9454500824366042
1769370171.2909918,0.6416007562582724,-0.6071676137218582,0.8833481995135795
1769370171.3111577,0.6230803333105701,-0.6214610794649491,0.8800244173022422
1769370171.330962,0.5499198007790946,-0.6715096213880254,0.8679498596725552
1769370171.3513918,0.5835323048578829,-0.6154537939783429,0.8481116219785516
1769370171.3719316,0.6129451705682483,-0.5595686529293507,0.8299511187197154
1769370171.390977,0.5590726019021712,-0.5950094677701028,0.8164548003004971
1769370171.410979,0.6045389823834499,-0.5580327715563582,0.8227198522900051
1769370171.4310014,0.570691476155103,-0.5799216275429071,0.813632506140275
1769370171.4509609,0.8090448340802805,-0.43901924285236316,0.9204843502996946
1769370171.471002,0.7750297192284545,-0.4606567034955118,0.9015961757697784
1769370171.4910877,0.6850542492471066,-0.48977099175237004,0.8421252571759245
1769370171.5109694,0.6440468918694124,-0.5154466822928878,0.8249131355563419
1769370171.531101,0.6437180659121164,-0.5412665267215497,0.841036504160697
1769370171.5512161,0.5955759700189436,-0.5707529615246516,0.8249058607824084
1769370171.5711799,0.7831441638628975,-0.41635770946006545,0.8869433598710513
1769370171.591228,0.7346677081778461,-0.4453151004882745,0.8590938133650893
1769370171.6109736,0.6393856230439372,-0.46505127932759116,0.7906242263929895
1769370171.6310577,0.5836621972549558,-0.4976146605525287,0.7669953786701008
1769370171.6509507,0.5277577852868864,-0.5298776908798466,0.7478627195034377
1769370171.670961,0.7384278426926905,-0.45316286257610283,0.8663903617203672
1769370171.6909368,0.7786554322132702,-0.3855813318300769,0.8688942660479988
1769370171.7110064,0.7434158944300551,-0.4052379906851664,0.8466906289701037
1769370171.7309732,0.7542562962782684,-0.35770675308686783,0.8347794209726066
1769370171.7510026,0.6903840804077577,-0.3923170657460693,0.7940672884309432
1769370171.7711344,0.8948765847546092,-0.2908598331872132,0.9409588431508398
1769370171.7909393,0.8377194426544534,-0.32091287470277896,0.8970835734485888
1769370171.8110116,0.6486137819278923,-0.3789575190677468,0.7512047918941845
1769370171.8309538,0.6127454187981742,-0.3974865085309309,0.7303783079488737
1769370171.8510487,1.000217892541035,-0.1297069481246962,1.0085929431396257
1769370171.8712282,0.9694677934926732,-0.09734591860533381,0.9743428711129716
1769370171.8915389,0.9043508015946733,-0.12964589340492427,0.9135964262307997
1769370171.9109893,0.7936701375007758,-0.21940009921672887,0.8234371200624919
1769370171.930956,0.7354783526403388,-0.24750302461118245,0.7760065427522053
1769370171.9510183,0.6844314521940138,-0.2718345323034965,0.7364376590758157
1769370171.9710698,0.801457495224291,-0.1377855807737287,0.8132152131633718
1769370171.9909708,0.9530141460080834,-0.06518013906456144,0.9552405000940821
1769370172.0111918,0.8795021154682967,-0.09872579635341339,0.8850258493280435
1769370172.0309675,0.8426582571900347,-0.11531185215614626,0.8505114706211949
1769370172.0510173,0.9363090877615674,-0.04077000821489918,0.9371962982186504
1769370172.0710542,0.8172749658482275,-0.08955922118421356,0.822167394087934
1769370172.0911715,0.7653857747305306,-0.11216314731848431,0.7735605702052313
1769370172.1109846,0.9976311776686799,0.020443944579968232,0.9978406293224314
1769370172.131396,0.9678509741347234,0.0077920302141030184,0.9678823398886822
1769370172.1510072,0.858028921186623,-0.022254286175286353,0.8583174720613881
1769370172.1711092,0.8281633471972096,-0.034647892152529725,0.8288878127174385
1769370172.1910002,0.9763282340600696,0.050667520033959246,0.9776420706011202
1769370172.2109754,0.9463600901882998,0.038517962565387975,0.9471436288870847
1769370172.23103,0.9650276268843818,0.03259554077071769,0.9655779564220783
1769370172.250995,0.9424669779904704,0.023690263121169952,0.942764675393197
1769370172.2710702,0.9672694270733242,0.034082781229912484,0.9678697125786729
1769370172.2911656,0.9370837145058086,0.02254746121897533,0.9373549359764555
1769370172.3109584,0.9779603956936604,0.12318092185767293,0.9856876153503233
1769370172.3311749,0.9627646948453865,0.11756758683808766,0.9699164887327474
1769370172.3509667,0.9141866876440794,0.15436117112652514,0.9271271061818903
1769370172.3710034,0.8760541420075256,0.14083959893894304,0.887303021722469
1769370172.3911767,0.8986844561035419,0.15960626450045634,0.912747452097188
1769370172.4109304,0.8680969064261639,0.1490895210515788,0.8808064056499959
1769370172.43105,0.9429549869015865,0.1695638142877387,0.9580793257545943
1769370172.4509568,0.896955806565396,0.1541347642464217,0.9101028757677233
1769370172.4712546,0.9612075108297944,0.213150654502678,0.9845573017303408
1769370172.4911296,1.027570311316552,0.24556365151828707,1.0565047333761408
1769370172.511054,0.9659618628299924,0.22583420915857566,0.9920097834539074
1769370172.5310698,0.8608356778985282,0.22890066437900458,0.8907488863288959
1769370172.5512114,0.798988968771619,0.2099323426363071,0.8261083226208915
1769370172.5712903,1.0639981415596065,0.3589510546673571,1.1229149143586545
1769370172.5909529,0.9941844782696379,0.3383994722932693,1.0501985429815808
1769370172.6110473,0.8514832485253123,0.3035838428647284,0.9039838893297463
1769370172.630942,0.7892371772273687,0.28597627152028027,0.8394508620464132
1769370172.6510148,1.1245703028885288,0.46666481542786986,1.217552633809777
1769370172.6709616,1.0777621644093216,0.45390817590232624,1.1694459864325684
1769370172.6910646,1.1530929221382404,0.47884199966657315,1.2485643546609797
1769370172.7110693,1.1140113731998849,0.46849292487292615,1.2085143608061437
1769370172.7309647,1.24870355431041,0.5287058677195295,1.3560200813809917
1769370172.7510195,1.193854471663979,0.5147440248301005,1.3000961159123465
1769370172.7709236,1.3199468145003728,0.5905266097153459,1.446022568942678
1769370172.7910776,1.2649589657899387,0.5771310813754607,1.3903961558570133
1769370172.8110688,1.2177765678432166,0.5658600156840645,1.3428243841016494
1769370172.8309894,1.2574246559537858,0.649186812552613,1.4151184695963508
1769370172.851128,1.2101452721900312,0.6383381871400804,1.3681839134287352
1769370172.8709688,1.2826632400469755,0.6540811800416018,1.4398080349311915
1769370172.891302,1.0628287733704855,0.5699738130092236,1.206016230827962
1769370172.911055,0.999543448046154,0.5565211557496283,1.1440292397176293
1769370172.932062,1.3406209207794042,0.7373304306376736,1.5300067376243003
1769370172.9511108,1.261354883703886,0.7214812255808272,1.453117786522915
1769370172.9719286,1.4346919268426426,0.8178508459519906,1.6514299655667632
1769370172.9911067,1.3552414496495242,0.8029864788792023,1.575267174834467
1769370173.0110266,1.1441712914447297,0.6595282337850392,1.3206458402334496
1769370173.030984,1.1123371645480749,0.6538896562514895,1.2902967295112944
1769370173.0510676,1.3030717791569337,0.8122396572696471,1.5354899291355613
1769370173.0711799,1.2552603348473514,0.8041445227311068,1.4907471018517944
1769370173.091401,1.2887478227344946,0.8727541808831143,1.5564609891840708
1769370173.1112132,1.208936049216705,0.8602313574363354,1.48375346989062
1769370173.1310549,1.278132131457884,0.8982367916074572,1.5621943154621745
1769370173.151225,1.1981316768772778,0.8866969188328291,1.4905539040921636
1769370173.1709,1.2651251982344895,0.9851900042876194,1.6034778176688618
1769370173.1912358,1.176992644620217,0.9737201301220342,1.5275609897136557
1769370173.2109363,1.2981337551006682,0.9628358016983931,1.6162314274768785
1769370173.2309844,1.2660529032028514,0.9589422702703061,1.588225497660687
1769370173.2510374,1.315151995838029,0.950138194943789,1.6224633621896654
1769370173.2712731,1.5216100104944612,1.0399185398739657,1.8430213220716019
1769370173.291037,1.4573620681332624,1.032929260341914,1.7862942239463668
1769370173.3109274,1.4883602821551545,1.1127508104140107,1.8583408448328331
1769370173.330933,1.440119497538923,1.108072970779542,1.8170772894304634
1769370173.3510444,1.36656303893721,1.1141982439651388,1.763216454733877
1769370173.3710105,1.3021920136504352,1.108539686182577,1.7101357479032888
1769370173.3910253,1.6353279223766428,1.2684408159833955,2.0695988783716834
1769370173.4110446,1.578968375591982,1.2639372417805328,2.0225425786072746
1769370173.431033,1.2872282484109103,1.1456472642779532,1.7232133407255696
1769370173.45112,1.1985918734351326,1.1396066223946537,1.6538820190299222
1769370173.470934,1.134104190667781,1.1356376373829158,1.6049502044396498
1769370173.4910097,1.2410335762839537,1.1259638496190378,1.6756965501286512
1769370173.5109384,1.200703189554428,1.1240012061838676,1.6447087465289913
1769370173.5309381,1.6597653506054186,1.3729192080493267,2.154002825184108
1769370173.5516803,1.275787448106806,1.1746758044980168,1.734213613837678
1769370173.5709522,1.235438879490017,1.1732185231427859,1.7037461454104272
1769370173.5909367,1.2031572315129342,1.1721539536909642,1.6797417107684227
1769370173.6109684,1.3362537339359406,1.20954779000424,1.8023817292021922
1769370173.6311114,1.4595618484433963,1.2395985389683783,1.9149217548620732
1769370173.651492,1.3949971208992142,1.2383554531633862,1.8653528341031336
1769370173.6712358,1.4437165837719217,1.312178683113948,1.9509306678292602
1769370173.6910555,1.3629739200602984,1.3116337244346328,1.891581595871244
1769370173.7111063,1.4670019237398186,1.3104559451783202,1.967076365703562
1769370173.7310517,1.4024097135514921,1.3106038660181971,1.9194883428365546
1769370173.7513845,1.6411245954977929,1.3990806254149022,2.156552001311155
1769370173.771156,1.5249301801919977,1.4275380348138196,2.0888458285140388
1769370173.7909982,1.444230516690462,1.4290000859006708,2.0317093864143376
1769370173.810898,1.5387428971314954,1.3621388122302207,2.055030862847705
1769370173.8311088,1.4661454051560732,1.3643975730574427,2.0027888272170147
1769370173.8510284,1.6132494425099004,1.477205181518224,2.1873977489388605
1769370173.8709507,1.5568183523304597,1.4796755787195375,2.147818241940394
1769370173.891144,1.6520074946567984,1.4775150200768565,2.216343700095936
1769370173.9109814,1.6117245438451278,1.4797040132137038,2.187962516121683
1769370173.93105,1.7419235663215087,1.4946181176167292,2.2952518442241625
1769370173.951023,1.7016597669146947,1.4970897794185962,2.2664782747636902
1769370173.9709804,1.6453078896863786,1.500787389008222,2.226971225424873
1769370173.991041,1.6075780124254546,1.4695508154364374,2.1780465250273404
1769370174.010963,1.535174157811852,1.4749146513718072,2.1288806738858215
1769370174.0310478,1.5833295748964265,1.519685491279101,2.194624463352649
1769370174.0516496,1.5029638189105476,1.5265760174353757,2.142273226729735
1769370174.070959,1.6833122108386398,1.557521039346974,2.2933407481591015
1769370174.0910015,1.877753983969157,1.6773444047143733,2.5178253069541294
1769370174.1109958,1.8135823516456355,1.6840283406555945,2.4748802795957117
1769370174.130988,1.645753111013084,1.5154473225545515,2.2372044810090568
1769370174.151149,1.597683563982077,1.520966400317528,2.2058856637444584
1769370174.1709783,1.6704646123752767,1.5672764359501556,2.2905910695457417
1769370174.1910446,1.6304582871913755,1.572282754011379,2.265053483879054
1769370174.2109566,2.029220101487766,1.7682361189146905,2.691541044182033
1769370174.2309241,1.9812650357256523,1.7746304863483875,2.6598354281545475
1769370174.2516577,1.8443975055951611,1.7160247624644658,2.5192346345739374
1769370174.271049,1.7645774437831854,1.7274095743052866,2.469347564137129
1769370174.2912197,1.8992906317228133,1.7072268249666869,2.553806636305082
1769370174.3109694,1.8036942008520622,1.7220957143883098,2.4937775401390443
1769370174.331005,1.6685502890012138,1.7131232032222266,2.391411962909029
1769370174.3509948,1.5890749337225252,1.7266266306518534,2.346571683682691
1769370174.370998,1.5973528796656602,1.6154326166273418,2.2718183820542603
1769370174.3909552,1.5259813121032657,1.628457129749088,2.2317015007207037
1769370174.4109387,2.0850805529048433,1.8377132331256445,2.779343598641067
1769370174.4309127,1.5934334785286097,1.572900698507007,2.2389834429623674
1769370174.4509983,1.5538732635625188,1.5806056621057523,2.216491908014824
1769370174.4710202,1.76759852209792,1.7013984294401756,2.453397878662213
1769370174.491065,1.7123243280924676,1.7127243518492161,2.4218751639988874
1769370174.510969,1.5679348547944745,1.624292348170059,2.2575972495560794
1769370174.5311177,1.504900590293925,1.637872129675984,2.2242641254662963
1769370174.5509598,1.567253134313269,1.582346403844395,2.227128763402344
1769370174.5710628,1.52008032907432,1.5929901679081953,2.2018768998040903
1769370174.5909567,2.0434713387298302,1.856354593766917,2.760765743414283
1769370174.6110404,1.957192554096732,1.8767363325881572,2.7115939880203555
1769370174.6311235,2.00438444794845,1.867078513773925,2.7392588763703696
1769370174.6510925,1.9183264627853944,1.8883539717554134,2.691812983932422
1769370174.6709392,1.935007353202817,1.8552118080289661,2.6806835526781367
1769370174.6910193,1.8414020125195076,1.879489440648229,2.631205413725634
1769370174.7111123,1.7435097103349957,1.8229396475812467,2.5224858906951413
1769370174.7311547,1.6579921525903387,1.846278036845269,2.4814674221896134
1769370174.7512405,1.6191846650516375,1.8571042934449524,2.4638578157576503
1769370174.771087,2.43526192936646,2.1470978760136323,3.2466182334552216
1769370174.7910337,2.4606627391636167,2.152890537432943,3.269525773269955
1769370174.810915,2.4142561883894533,2.166441692769941,3.2437790540276716
1769370174.830855,2.14881749274179,2.0308772549364824,2.956666880413053
1769370174.8509746,2.1179435640476427,2.0401237626607522,2.9407124829646123
1769370174.8709342,2.2940112408190316,2.042236759899287,3.071354514947438
1769370174.8909352,1.9587775614326546,1.9116540878313604,2.737011305547423
1769370174.910955,1.9280306750369292,1.921335190056618,2.721916823937362
1769370174.9312985,1.957309386589614,1.9182779833963877,2.740593084792984
1769370174.9510105,1.8960437121502949,1.9382902773596986,2.7114481292644723
1769370174.9709914,2.140413511607271,1.9844894276977483,2.9188299521066834
1769370174.9910357,2.0717516449225,2.0077805949612126,2.8850195485892094
1769370175.0109744,2.5333847991522127,2.112851627668672,3.298815020748762
1769370175.0309913,2.4649517966507624,2.1367992938848372,3.2621922969313997
1769370175.0512438,2.353190963524579,2.0766598725474887,3.138474778783906
1769370175.0714214,2.322876870565967,2.0875834464587304,3.1231012794558635
1769370175.090955,2.2419473142800506,2.0633635227044564,3.0469323567868845
1769370175.1127012,2.2117245900483162,2.0745348304024978,3.0323951630316115
1769370175.131191,2.1438505599373414,2.099979649770885,3.0010014583127913
1769370175.15102,2.953210352121971,2.326740257212759,3.759677061718848
1769370175.1709409,2.5628882567602957,2.1898122756753793,3.3710048975547946
1769370175.1910462,2.5178974042700446,2.2074606630924882,3.348535488468139
1769370175.2110794,2.358545004741341,2.145686451714488,3.1885270719348524
1769370175.2315235,2.3062783980090487,2.1667999607931767,3.1644813349451906
1769370175.2515678,2.49394834220627,2.241377046548702,3.353140229454889
1769370175.2713807,2.4270511659138627,2.2692875839427726,3.322686187499606
1769370175.2910247,2.701848925117819,2.2967246026204835,3.546114988891721
1769370175.310892,2.635282665788605,2.3254045604984346,3.5145726765273775
1769370175.3309264,2.738366504723377,2.358804323574956,3.6142231462801004
1769370175.351055,2.8588466436934326,2.2935794100463056,3.6651753903934208
1769370175.3711135,2.8294438977666054,2.3067363113365786,3.650586963852165
1769370175.3909535,2.7634205274477743,2.336630682272359,3.618886010481171
1769370175.4109554,2.4470444454931943,2.1573718000708393,3.2622506957559207
1769370175.431001,2.306438673228392,2.1204542977914818,3.1330473635720724
1769370175.4509723,2.240937534166086,2.1514638512803237,3.1065411208288136
1769370175.4709537,3.1782282037750242,2.489607048005748,4.037236402386032
1769370175.4909785,3.113027810974195,2.521237035231073,4.005942877740464
1769370175.511245,3.076890113082669,2.5389809897019946,3.98919506091818
1769370175.530998,2.7092177136829463,2.371511785042797,3.6005456206983855
1769370175.5510798,2.576262586468321,2.293567868262742,3.4492872424261423
1769370175.5710382,2.5260853850681357,2.3192294170015986,3.4292757925457678
1769370175.5910249,2.6249066178129006,2.261957691204799,3.4650522866240423
1769370175.611062,2.5892560581142057,2.2806511565820022,3.450451656305293
1769370175.6310604,2.613007677290124,2.258898142529657,3.4540454455465786
1769370175.651016,2.5278027091285935,2.304428668556548,3.4205522982031953
1769370175.6709507,3.015365016603905,2.454851709767031,3.888280223994251
1769370175.6912115,2.9518275118651367,2.489669889855202,3.8615724543578795
1769370175.7112474,2.5658463412652353,2.278296235236872,3.4313555896290753
1769370175.7313535,2.509722123939163,2.309876187955372,3.410899169291427
1769370175.7509887,2.567911720614809,2.247249549216143,3.4123747070512445
1769370175.771298,2.512137146072842,2.279437269231844,3.392147889618336
1769370175.7910903,2.738229637531095,2.349377211814372,3.607973784722714
1769370175.8110325,2.67589670639353,2.386289349167047,3.5853591230497166
1769370175.8313415,2.6429818919977706,2.312636318390607,3.511928248493607
1769370175.8510833,2.914985517631443,2.4064160429325105,3.779944277325264
1769370175.870935,2.88064041703781,2.4273915425240866,3.767003970397328
1769370175.8909588,2.8258384062689927,2.4611947727485806,3.747378071098487
1769370175.9110448,2.402715327368025,2.2608587518650807,3.2991700835595252
1769370175.9309552,2.3550806869654366,2.290939759194812,3.2855456201941826
1769370175.9509835,2.9514784721883274,2.4118172552867465,3.811572857061772
1769370175.971047,2.51973856184269,2.2451445665313208,3.3748713374975026
1769370175.9910128,2.4658612552646773,2.2803851416293828,3.358664634103791
1769370176.0110507,3.0282123093826847,2.3640193387306656,3.8416997832456126
1769370176.0311072,2.974701210243744,2.3998062556436253,3.8220305277236957
1769370176.0513368,3.0584273540376934,2.406739890867458,3.8918343724031614
1769370176.0710723,3.031845229268157,2.4248867941250145,3.8822881730440844
1769370176.090937,2.6619679072103963,2.257735371113094,3.4904787844926486
1769370176.1109517,2.615768255893947,2.289948789943156,3.476508166120797
1769370176.1311965,3.16860488257797,2.4836971818070133,4.0260164670320275
1769370176.1512902,3.12278529123623,2.5164416881205938,4.010519510596174
1769370176.1712615,3.2822796396083334,2.5445619232336023,4.153089815277019
1769370176.19099,3.2238657137348525,2.587339233390851,4.133719202950133
1769370176.2111423,2.889796770487891,2.3511252769639093,3.7254148014282733
1769370176.230977,2.838308995040684,2.3897290516220813,3.7103642532095726
1769370176.251351,3.1421564520040093,2.43114922648875,3.9728621584856514
1769370176.2709713,3.1102025586838344,2.455570706401897,3.962724750746963
1769370176.2910314,3.239102835335629,2.4701627218711826,4.07351089975237
1769370176.3113074,3.175584592838998,2.519503514635951,4.053669382983686
1769370176.3312275,3.4964170252910556,2.5860938340578645,4.348886447505529
1769370176.3515427,3.2839915186633775,2.506522630503968,4.131253561799557
1769370176.3710806,3.2589284001815955,2.5266878640038732,4.123683532912611
1769370176.390939,3.3079024471165184,2.572533164114607,4.190482726382363
1769370176.4109612,3.2581965945106646,2.6133728152538453,4.176788541450081
1769370176.4309845,3.352124728110404,2.5899847102879154,4.236125705445298
1769370176.4510262,3.3090421321594192,2.626205345951727,4.224537176012491
1769370176.470984,3.1521673975504534,2.546443485465359,4.052225774416939
1769370176.4910457,3.10337629148351,2.5883555423971774,4.041104900939857
1769370176.510984,3.166703944327825,2.532924864308347,4.055085971869507
1769370176.5311074,3.1303944394849204,2.5646820529592222,4.046846102773028
1769370176.5509403,3.221848077066692,2.389314819772477,4.011125819477959
1769370176.5709589,3.1677973357463856,2.437413841890895,3.996989641843375
1769370176.5909498,3.677581324046624,2.671913763905198,4.5457372951725405
1769370176.6110294,3.6299369053802266,2.7151103640303775,4.533019548370219
1769370176.6309884,3.588444520776367,2.75312068214547,4.522898138267881
1769370176.6511638,2.6460469319754623,2.2754694793264374,3.489889069521105
1769370176.6710827,2.5931751584747147,2.324848316457707,3.4827398836356696
1769370176.6909566,3.743616002334406,2.6086867729175767,4.56288367725163
1769370176.71106,3.7402863080040873,2.5881250019878808,4.5484209009015
1769370176.731019,3.6882068239117274,2.6383294940976336,4.534716319173064
1769370176.7511084,3.2124415359068337,2.3497193603588205,3.9800705639554335
1769370176.77126,3.1493435975175004,2.411644149954723,3.9666601318029895
1769370176.7913618,3.7465124151164204,2.598978545507265,4.559719811197672
1769370176.8112254,3.6899553812231893,2.656073347959312,4.546481754627171
1769370176.8317227,3.782632359565863,2.5895675074724727,4.584121229133453
1769370176.8514786,3.9222645553408064,2.5568079676161046,4.682032275128826
1769370176.8711634,3.866784840724499,2.6149395750033495,4.667968935776617
1769370176.8914688,4.049028043307782,2.645334263432841,4.836571250460869
1769370176.9110398,4.021581469119852,2.6746745807343095,4.829803476912331
1769370176.9309387,3.9942366926381503,2.7041088967091937,4.823497867945912
1769370176.95109,3.8988016335987403,2.599627345991662,4.6860128591564765
1769370176.9709988,3.7177046162717,2.5165339263521003,4.489350801210462
1769370176.9910448,3.6853215704611024,2.5522467421235366,4.482806990088474
1769370177.0109427,3.6584493190260687,2.58210916319204,4.477894499708831
1769370177.03094,3.779708321839326,2.5406890974382033,4.554261310906831
1769370177.050953,3.7317495017701603,2.594805474286857,4.545213943628053
1769370177.070983,3.7486835750937004,2.5458110333285173,4.531421671351553
1769370177.090981,4.344823750658097,2.7043086913395475,5.117692734263881
1769370177.110961,4.303084535908109,2.7531809970251357,5.108477476269405
1769370177.131039,3.798106632493276,2.5359561243985533,4.566912245343012
1769370177.1510425,3.7672088624336695,2.5729912447733856,4.562033160650992
1769370177.1710005,3.818686520658922,2.5564696145681696,4.595422029941588
1769370177.1909955,3.7882296123342805,2.593825262787375,4.591145073904801
1769370177.210913,3.521673763735336,2.4401976294205765,4.284477864199045
1769370177.2309957,3.4916076321268363,2.477865884111,4.281488432352417
1769370177.251134,4.015153509423332,2.602189002354989,4.7846468321300115
1769370177.2732751,3.9853494409873136,2.640063564445313,4.780475477511581
1769370177.2911224,3.970506506402028,2.6590470134825184,4.778645512830089
1769370177.3127155,4.04890429847255,2.5979689618449235,4.810724347216237
1769370177.33111,4.024341449656134,2.629744150604826,4.807377497249487
1769370177.3519084,4.139478352171086,2.5659354877256013,4.870247011729761
1769370177.3709388,3.9906167923693054,2.5072403494652664,4.712884101431585
1769370177.3914115,3.971238851743948,2.5328695836929787,4.710219352174337
1769370177.4110637,4.383273508892344,2.63189962806801,5.112727482076659
1769370177.4311082,4.349808891154854,2.67708907924993,5.107606418647491
1769370177.4516833,4.31413551665354,2.5708141610032396,5.0220365098699045
1769370177.4710157,4.271810286615381,2.6293992437000195,5.0161841580631
1769370177.4915454,4.404588250294861,2.6630972191056306,5.147085044279304
1769370177.5118492,4.363018575052713,2.722237237401864,5.1426167135955545
1769370177.5312438,3.8853762919391635,2.5165905158130233,4.629187483159758
1769370177.5514205,3.9265436172382095,2.48303498553049,4.64577308070923
1769370177.5711129,3.899443138755828,2.522924241465919,4.644437912230746
1769370177.5919738,4.191225169734231,2.530999524942249,4.896154309115637
1769370177.6110103,4.168809073367367,2.5643585371207016,4.894374709510287
1769370177.6314235,4.0094067657983885,2.511104193776035,4.730854773254986
1769370177.6513968,3.969663844701497,2.571570822199799,4.729821088954594
1769370177.6712465,4.26094344649421,2.5581747175966654,4.969899087503964
1769370177.6911685,4.217483090001156,2.6258359966725675,4.968116171736236
1769370177.710929,4.147747389194805,2.559798254876412,4.874051242061438
1769370177.7309656,4.1135992215451544,2.6143359627271003,4.874058994462945
1769370177.7509434,4.0401735478365985,2.438644625177118,4.719109015963057
1769370177.7709074,4.0024383938864005,2.5004359069241135,4.719289440317405
1769370177.7909515,4.249339771192933,2.59170737755616,4.9773321791820395
1769370177.8110068,4.220475154729755,2.6400697108847213,4.978190294677583
1769370177.8309588,4.195915123874752,2.6816340666389946,4.97964506708256
1769370177.8510036,4.551332350114269,2.6429234220568434,5.2630476319384885
1769370177.8709984,4.301687239185252,2.4676742743162188,4.959226696561805
1769370177.8910284,4.269688254514925,2.5235415441840026,4.959687461520664
1769370177.9110456,4.2340492997553625,2.5866028685391087,4.9616214962745415
1769370177.9311492,4.399564096297734,2.497751349963324,5.059142817086281
1769370177.9509609,4.352923630276948,2.582337855119392,5.061265941343733
1769370177.971018,4.770505726408434,2.68007476456984,5.471793639144274
1769370177.9909356,4.616415427333557,2.4197383225521287,5.212142068991468
1769370178.0111437,4.5938130449983845,2.4624278096715653,5.2121654818550445
1769370178.030979,4.700697434073657,2.5602586464677244,5.3527077917180765
1769370178.0510342,4.671140527931037,2.6174863015502043,5.354511030008512
1769370178.070931,4.455944854705997,2.4502325892417067,5.085182817712946
1769370178.0910475,4.4305149168030695,2.500542378593059,5.087452664659824
1769370178.111138,4.476512894148005,2.4347188029344706,5.09578486014039
1769370178.1309314,4.441039601625693,2.50701609381583,5.099800235093457
1769370178.151068,4.748685842368669,2.5665948716618683,5.397909453182189
1769370178.1709795,4.714151778857502,2.6393495470620016,5.40272089096612
1769370178.191276,4.375314509740299,2.4622823762907085,5.020578807242828
1769370178.2109635,4.338229971895817,2.542736349777572,5.0284935550853955
1769370178.2313435,4.413318957160477,2.2285017230059134,4.944047344744219
1769370178.2513285,4.386823827759166,2.287218146204034,4.947281086022968
1769370178.270921,5.024316432401555,2.5074616769137634,5.61525775669216
1769370178.2909145,5.0347532995590605,2.4923085816898745,5.617859276787364
1769370178.3109138,5.021916510455238,2.521852599097886,5.619553894176981
1769370178.3314703,4.449326898458711,2.2351454865389693,4.979195235712669
1769370178.35094,4.421106533061003,2.3019026868736314,4.98446977686802
1769370178.3709688,4.873613270712077,2.4548065485049038,5.456938839958116
1769370178.3910587,4.846174249697562,2.5218871343926135,5.463087000684386
1769370178.4110553,4.921839226571148,2.43634825656782,5.491838872317317
1769370178.4312801,4.892250966799118,2.5112411184779706,5.499131883968722
1769370178.4511483,4.998721567399166,2.444329647888153,5.5643476469328
1769370178.4709728,4.972813341938771,2.5120109971512896,5.571272007681304
1769370178.4910562,5.112982434048309,2.367322584970698,5.634430369806598
1769370178.5110142,5.096131088290466,2.4126005370336188,5.638367974896235
1769370178.5310373,4.852003126345952,2.3426457679105384,5.3879424209970965
1769370178.55125,4.838260258602922,2.380486243365515,5.392168124681285
1769370178.5709717,4.868861077071724,2.3086978087863597,5.388496428515005
1769370178.5909514,4.844783716505084,2.377043184734371,5.396504754172365
1769370178.610962,4.831591228357183,2.4150761364759203,5.401561491172116
1769370178.6309369,4.521808031377294,2.329013692283472,5.086359469352524
1769370178.6512966,4.496408930509915,2.30735876371796,5.053869580319162
1769370178.6711662,4.473802027196186,2.376195930383144,5.065689654737459
1769370178.69191,4.743548702672815,2.21259286295056,5.234197309216447
1769370178.7113361,4.7241293245392555,2.2739871326038026,5.242939571864183
1769370178.731074,4.629220774214755,2.355681340608421,5.194123559842617
1769370178.7511103,4.610591107904106,2.4173238097896927,5.2058625381064925
1769370178.7709026,4.578253442005128,2.2878949415546286,5.118092207338889
1769370178.790953,4.564665206658862,2.3342399873679485,5.126874756370543
1769370178.810989,4.467412223266276,2.1423531514794654,4.954538222502975
1769370178.831137,4.456396216944285,2.1810625120892473,4.961501881893867
1769370178.8509686,4.411035290467769,2.22880293275582,4.942144761822848
1769370178.87136,4.39178570459373,2.298642493567355,4.956968729809317
1769370178.8911633,4.381706932319901,2.1087822866925934,4.862748026929703
1769370178.9111142,4.367174738249346,2.1632304696516633,4.873579922319178
1769370178.93137,4.001026515232358,2.1535636761816215,4.543792433965407
1769370178.9510996,4.956033063530185,2.3089791808052693,5.467508443907203
1769370178.9711537,4.942457817484616,2.363671985714917,5.478579609138512
1769370178.9909668,4.927268426430189,2.4262604780434804,5.492241259578061
1769370179.010941,4.857731504198572,2.263401322333094,5.359154869270202
1769370179.0310018,4.9217565044849785,2.1946188254257017,5.388881041399325
1769370179.0511618,4.905818824446676,2.2653096822872043,5.403580877062868
1769370179.0709844,5.1467641058392,2.1835672011971927,5.590809108107602
1769370179.0910258,5.134980095102684,2.238688011854888,5.601762632558038
1769370179.1109624,5.260087088799555,2.1548590681067457,5.684358696032266
1769370179.1310575,5.2503646763570195,2.2021873304901676,5.693501407157897
1769370179.1512475,5.5688520761839015,2.225615410321783,5.997122426720964
1769370179.1710165,5.55814418586095,2.28096220345829,6.0079743145610385
1769370179.1909635,5.018662463992836,2.1806240442364677,5.471936965078531
1769370179.2109857,5.011399946992878,2.220232215056967,5.48120064561561
1769370179.2309656,4.942499738557366,2.0225405831751324,5.340315915395833
1769370179.251144,4.93291279989343,2.0780978060538002,5.352767432167967
1769370179.2710247,5.2702686974617095,2.1402070113892693,5.688252648665013
1769370179.2909012,5.260044125562462,2.2038253302461284,5.703061483896051
1769370179.3121667,4.914562104505293,1.9623348495565587,5.291850219046611
1769370179.3312497,4.9050242655938945,2.0260592521396257,5.306993418051835
1769370179.3513305,5.17548511321171,2.088004652433635,5.580807252150941
1769370179.3711112,5.168851884285523,2.135875185305234,5.592762520336857
1769370179.3909612,5.116887219699471,1.8964878779523557,5.45703226033565
1769370179.4113512,5.109583039473566,1.9523976844869315,5.4698899034318655
1769370179.4316864,5.046551745679839,2.1581439533025604,5.4886491821759416
1769370179.451236,5.035139988555915,2.254121664062666,5.516674648803526
1769370179.471061,5.034738520606108,1.936920249582661,5.394464943265304
1769370179.4911158,5.027838300512251,2.0009853755124256,5.411386185545486
1769370179.5110908,5.009594274055711,1.9450628964929626,5.373946823514852
1769370179.5310938,5.004203639570285,2.0011908783844863,5.389510088868724
1769370179.5509884,5.347953077797914,2.041253956909639,5.724274612466408
1769370179.570959,5.345162752473556,2.073352635255562,5.73319771162236
1769370179.5909636,5.016707255492225,1.9096012575904195,5.367860714502496
1769370179.6109562,5.065758401989946,1.9861991804815524,5.441221863871875
1769370179.6310515,5.060661541102828,2.058516221984169,5.463312572951435
1769370179.6510248,5.10287686826053,1.9338172755815073,5.457013980920873
1769370179.6710482,5.098584390069707,2.0061871161436233,5.479082909360211
1769370179.6909676,5.13345659606976,1.82004351070389,5.446552579805639
1769370179.7111578,5.1311156813239265,1.8683189509005924,5.460674302448608
1769370179.731051,5.504393817282757,1.8459681431659867,5.8056825336324005
1769370179.751242,5.502820454086024,1.8862147338201591,5.817116035630351
1769370179.771137,5.502230267903126,1.90231491511304,5.82179868745827
1769370179.7909765,5.1777869768426115,1.7886864981385635,5.478035904061249
1769370179.8111174,5.249250173657245,1.8944748400942881,5.580650706269915
1769370179.8310628,5.247830647948074,1.9508463128579043,5.598707694275027
1769370179.85096,5.279354041612983,1.8602290128886647,5.597502217693895
1769370179.8715866,5.278046214461039,1.94883227369834,5.626341535402445
1769370179.8919353,5.3135798382551656,1.8896008744780675,5.63956755100425
1769370179.910957,5.313256012147775,1.9782143512803056,5.669569778231488
1769370179.9313412,5.700840646791033,1.9379130538268097,6.02122006609102
1769370179.9510636,5.701430634436171,2.0104140072651635,6.045500455702176
1769370179.9715323,4.716127999816397,1.70582253379877,5.015146441278446
1769370179.9910455,4.717227847937568,1.7622076794431258,5.03563446596812
1769370180.0110226,5.044788779109602,1.9012284882256836,5.391156053229314
1769370180.0309875,5.04562045505628,1.9334419501271247,5.403377050603976
1769370180.0515501,4.916314904081183,1.7820477728991762,5.229325625832234
1769370180.0710595,4.917660598327981,1.8223015992841507,5.244441712813775
1769370180.0916698,5.54836877323028,1.8648750267164944,5.853388327202264
1769370180.1110492,5.551295251189682,1.9292615711788663,5.876982999457176
1769370180.130944,5.541166719896022,1.8032658074166044,5.827203118982648
1769370180.1509712,5.543418374506356,1.8434832912988046,5.841910468341034
1769370180.170996,5.225069089920186,1.6712691372325423,5.485844285386286
1769370180.191005,5.284127137546701,1.6377898099864243,5.532120304860774
1769370180.210981,5.289431623881306,1.7100998568396868,5.559004265520827
1769370180.2309906,5.286288165640542,1.7128074990491449,5.556847316508726
1769370180.2510626,5.293689864083454,1.801113711532798,5.591704836538795
1769370180.2713425,5.51310899201567,1.657627393188477,5.756917520035603
1769370180.291509,5.515362003891735,1.6816900450243413,5.766047124461143
1769370180.310944,5.504314238091045,1.679475714514,5.754833960010845
1769370180.3310232,5.510041457107892,1.735575690283273,5.7769178491432545
1769370180.351142,5.31329484671539,1.6189064865912925,5.554454099230606
1769370180.371058,5.319650914524459,1.67493878005034,5.577105501002956
1769370180.3912017,5.6173908371533585,1.4484197049155227,5.801120534769303
1769370180.4109738,5.626424566522083,1.520359035470884,5.828219710983892
1769370180.4310346,5.696951032764524,1.5950800590347374,5.9160401844854835
1769370180.4510016,5.708032625123483,1.6748767359388053,5.94868460502514
1769370180.4710085,6.217764565826034,1.5954454746698374,6.419193287219685
1769370180.4909341,6.224989815625104,1.6432417835854283,6.438225047632094
1769370180.5110831,5.182194032300124,1.4221966429705102,5.373804823370831
1769370180.5309815,5.189724422812876,1.4699470088448052,5.393883924738484
1769370180.551048,5.3632167045302985,1.506973920394099,5.570912296608231
1769370180.5710125,5.377861213301006,1.594383424969676,5.6092289786873035
1769370180.5909634,5.7961319216954195,1.4718144119028356,5.980082183112664
1769370180.6112566,5.808926240778458,1.543194600188242,6.010413766526785
1769370180.6311538,5.906212842883495,1.4693642108006202,6.086245257087794
1769370180.6511152,5.915266046074006,1.516857156109733,6.1066544054725505
1769370180.671116,5.034992222320049,1.4536768662822936,5.240641478901958
1769370180.6909738,5.4595605442391175,1.4417555528346995,5.646721208838118
1769370180.7110276,5.467764568569962,1.481205651525606,5.66484064731043
1769370180.7311125,5.47948540861087,1.5363879071501003,5.6908038223450035
1769370180.751036,5.088684508245283,1.5030441536095065,5.306020330921778
1769370180.771017,5.732098316530319,1.376736038486829,5.895112656263502
1769370180.791111,5.746587633118764,1.4395668371814914,5.924155813601314
1769370180.811067,5.697685724601705,1.4836226948991076,5.8876785677506
1769370180.831024,5.7129301229239715,1.5462789709982445,5.918492142899532
1769370180.8509643,5.353256033613185,1.381127497826398,5.52854983939443
1769370180.870948,5.363156742526005,1.4201971823319433,5.548009578362834
1769370180.891062,5.803487572897705,1.2805977314331596,5.943096714552931
1769370180.9109645,5.813800358944285,1.3195627933375285,5.9616709552961265
1769370180.9309587,6.332153067292214,1.2017505393961425,6.445181675217318
1769370180.9511387,6.3470870912725275,1.2561699160676199,6.470199177941255
1769370180.9709907,5.345743194690691,1.243050859596794,5.488364578189587
1769370180.9911337,5.363437680901615,1.3050707326316306,5.519934182043022
1769370181.0110512,5.48866079199264,1.2295907993883475,5.624703620947307
1769370181.0310328,5.514020673081443,1.3145687107641901,5.668554919773624
1769370181.0510504,5.359405003546854,1.2190350799037244,5.4962958906957455
1769370181.0711246,5.383491210117679,1.2959717540720845,5.537284568880941
1769370181.0911436,5.981368787338642,1.2539245011777869,6.1113909402690725
1769370181.11102,5.996323420522735,1.2999249669598427,6.135609137097556
1769370181.1310532,5.626596886594484,1.248884762931013,5.763532395616077
1769370181.151278,6.2684288472825465,1.1394798869743141,6.371154889520658
1769370181.1711106,6.276147828987501,1.1623992190257564,6.382883636390076
1769370181.190992,6.2865122454077,1.1929334869967434,6.398697251476988
1769370181.2109942,6.286754676178912,1.1878750620596445,6.397994335846244
1769370181.230932,6.305487534206058,1.241100976100471,6.426469067606685
1769370181.2510216,6.323647497608004,1.1025347244981436,6.419042022975716
1769370181.2713957,6.357975218103395,1.054281781797478,6.444793165761565
1769370181.2910852,6.371816449843642,1.092131975596038,6.464734884170993
1769370181.3110144,6.397051141930426,1.1601419358139609,6.5013992819782676
1769370181.3309631,6.452910773878671,1.0348290513347145,6.535359869289963
1769370181.3509297,6.491387656262685,1.0464539260212753,6.575194257447067
1769370181.3709776,6.51189951869306,1.099006968761227,6.603987557448957
1769370181.391071,6.550278159240243,1.0217994291689685,6.6294960620600545
1769370181.4109344,6.580359029227491,1.0965600697945384,6.67109953007775
1769370181.4309998,6.590656009702407,0.9886161404668954,6.664391083318724
1769370181.4510288,6.6277125507341665,1.0779284222621008,6.714797341594134
1769370181.4714332,5.88254665727824,1.0798457911435158,5.980837910168254
1769370181.4909601,5.91736345146067,1.161350886233846,6.030250914981786
1769370181.5112605,5.84574761603773,1.0076983886180457,5.931966051220642
1769370181.5309842,5.874769378123609,1.0741485522290635,5.972161280340196
1769370181.551171,5.726680806023772,0.9375815282724815,5.802924450330096
1769370181.5716646,6.292371201233205,0.9063519262174733,6.357311471704618
1769370181.5913029,6.315772836577391,0.9576584535006774,6.387964952691125
1769370181.6109776,6.33941551723915,1.00885278723643,6.419187880606645
1769370181.6312304,6.101793149606387,0.9094677761858225,6.169198592726921
1769370181.6511111,6.129343536873186,0.9677261659363339,6.20526761109035
1769370181.6715868,5.74242133172152,1.0828774268877392,5.843631257418059
1769370181.6913154,5.767195767520562,1.1335352999912232,5.877537689988324
1769370181.7110333,5.562912098887626,0.8893337609510503,5.633551771158021
1769370181.731018,5.584542236963028,0.9325643040370579,5.661871437748135
1769370181.7512946,5.859847358591189,0.8457328558497057,5.920563750982827
1769370181.7709394,5.8891930596001,0.9031267706354136,5.958039346721397
1769370181.7911046,5.385424737885295,0.9347482262281908,5.465944918663528
1769370181.8110478,5.419035571164702,0.9990133855305956,5.510351555574077
1769370181.8313937,5.700057134549322,0.9807917630688365,5.7838225957951295
1769370181.8512661,5.582860317177168,0.9275241892306649,5.659384281237629
1769370181.8711472,5.613674687542204,0.9841798957513301,5.699294128640244
1769370181.890962,5.54794090387421,0.9251071500501418,5.624541893519372
1769370181.9110017,5.571454794661314,0.9673889896968983,5.654816529856767
1769370181.9310262,5.591181321993318,1.002554256597719,5.6803541802275985
1769370181.9510052,5.813053560463814,0.883043000605344,5.879741204996961
1769370181.9719326,5.83711200055696,0.9250335822635503,5.90995462210679
1769370181.991021,5.44398238558237,0.7877753010305444,5.50068487912595
1769370182.0121858,5.4480183043814385,0.7947594418622561,5.5056830652794035
1769370182.0312426,5.46015458282934,0.8156961838225634,5.520747081029426
1769370182.0515072,5.146251947484739,0.8816581320656542,5.22122879874345
1769370182.0716972,5.154442437486491,0.8955606110149468,5.23166375538061
1769370182.0911891,5.483248408573971,0.8591621866984518,5.5501506982406745
1769370182.11115,5.49972403859265,0.8869138427247414,5.570779179351001
1769370182.131822,5.520424887787058,0.921543033743701,5.596814496188014
1769370182.1510103,5.477000252444427,0.8874644203552702,5.5484344515072745
1769370182.1710677,5.1251495987926035,0.9265087832159082,5.208222051274332
1769370182.1910548,5.4488356295633125,0.793193604334407,5.506266049870423
1769370182.21138,5.483027768254491,0.8479731551979715,5.548211601893553
1769370182.2309368,5.451102433325325,0.7491455005094529,5.502339204332902
1769370182.250986,5.490340553716106,0.8102977281016202,5.549812771972251
1769370182.27095,5.1396362743956026,0.759902350896823,5.195508889029219
1769370182.290936,5.179577916863142,0.8206068624935998,5.244179918693476
1769370182.3114808,5.507971508215707,0.8055973563680912,5.566573204037047
1769370182.3311083,5.544005025766019,0.8592103460028113,5.610190205723613
1769370182.3512628,5.451105928549261,0.6795765462782306,5.493303207225717
1769370182.371029,5.473910616373914,0.7128948604683032,5.5201373640637925
1769370182.3912013,5.13635817331016,0.730867823546097,5.188096284768152
1769370182.4110086,5.177899559791985,0.7905161252287218,5.237896485760354
1769370182.4314668,5.556169263189343,0.6414034567191536,5.59306850266482
1769370182.4511838,5.579586513052892,0.6743110695429291,5.620185145984949
1769370182.4713771,5.204672697114155,0.6854243331240983,5.249611833319122
1769370182.4909363,5.257059674836018,0.7571710747466565,5.311307227154158
1769370182.5109696,5.285859871371532,0.7961409680722547,5.3454798681520534
1769370182.5311005,6.196673269905297,0.5213189537024743,6.218563585382741
1769370182.5511615,5.484180566847137,0.5602970323170471,5.512727932177233
1769370182.5710106,5.513559840815244,0.5988337531223387,5.545984491695699
1769370182.5909705,5.219730067163503,0.6432060111151632,5.259210582091707
1769370182.6111047,6.215283389186361,0.41275900773472785,6.2289740412336005
1769370182.63108,6.255253716883335,0.4635237348233314,6.272404109695687
1769370182.6511314,5.672612238699259,0.44080821097290546,5.689713656195868
1769370182.6709442,5.71825465462809,0.4973794282958348,5.739845171332386
1769370182.6909301,5.423342996171677,0.45932998734764396,5.442759712811247
1769370182.710972,5.459229938183345,0.5030138573595728,5.4823548278685035
1769370182.730951,6.167695759923689,0.37170606385381966,6.178886338563475
1769370182.7510843,6.193561817916475,0.40271571676158757,6.206640632490303
1769370182.770993,5.542419445031264,0.4257686023410514,5.558749158524795
1769370182.7909613,5.589507244962373,0.4811383910947349,5.610176948445752
1769370182.8111763,5.878745105325763,0.34336199810842416,5.888764002329913
1769370182.8310783,5.947519225762022,0.42268592257323867,5.962520300170933
1769370182.851582,5.900772049246882,0.22863093189059036,5.905199647784181
1769370182.8709602,5.975793160544995,0.31321553717959816,5.98399597847016
1769370182.8910143,5.986576317023818,0.32524026907019987,5.995404676264591
1769370182.911057,5.6543742572389775,0.3203600774795259,5.663442311895613
1769370182.9310071,5.623750752189395,0.2690681695730177,5.630183851583193
1769370182.951074,5.645610914908431,0.2928500002513381,5.653201192703159
1769370182.9709477,5.601563225870603,0.2900411085637682,5.60906716113141
1769370182.9909616,5.618122074721018,0.30772498763224654,5.6265433717763935
1769370183.0109446,5.572076874254506,0.33484092999083614,5.58212854930796
1769370183.0311408,5.611079051190597,0.37575698667567003,5.623646631123399
1769370183.051038,5.492331921386263,0.2743108814211883,5.499177792574504
1769370183.0710156,5.526084447810902,0.30907043691541247,5.534720757121592
1769370183.0909605,5.428015294325547,0.30629503029977734,5.436650318074393
1769370183.1111045,5.467793159340506,0.34645374608780344,5.478758274601016
1769370183.1311677,5.3661605422012855,0.31728279324993025,5.375532283929702
1769370183.1512713,5.417901820705705,0.36832757471736777,5.430407474683955
1769370183.1710382,5.303577657411374,0.2901306129674417,5.311507482887883
1769370183.191194,5.26257804484483,0.20572256991746585,5.266597521536678
1769370183.211078,5.2977046140304225,0.23908615048965132,5.30309686549993
1769370183.2310085,5.821261810763016,0.045556186952744326,5.8214400654492335
1769370183.251436,5.862600420100701,0.08409837598269831,5.863203580177636
1769370183.2712936,5.892240747346065,0.11150645053776387,5.893295742892668
1769370183.2909508,5.245661761150803,0.17058979753726788,5.248434832540417
1769370183.3109946,5.9240871137569755,0.10589365817822838,5.925033468110018
1769370183.3309963,5.936058829932033,0.11672982836551427,5.937206437816046
1769370183.351587,5.346485113599094,0.09244616438391162,5.347284297963408
1769370183.370992,5.388760317779962,0.12995254275271506,5.390327024016993
1769370183.3911104,5.443377331719805,0.1778747942162937,5.446282789012935
1769370183.4109774,6.106488487958607,-0.11538764491908537,6.107578567826285
1769370183.4309378,5.527490506845737,0.04132774492799385,5.527645003595164
1769370183.4510338,5.576775144238461,0.08306581081527398,5.577393740657217
1769370183.4710886,5.856223038028194,-0.11451113694124615,5.857342492258391
1769370183.4909673,5.9060184370980195,-0.07338778652804123,5.906474375340438
1769370183.5109806,5.284997733077354,0.05940356332871133,5.285331571620547
1769370183.5309453,5.322659276486725,0.08985818072062202,5.323417724189284
1769370183.5511296,5.576043774694256,-0.053752450086882675,5.576302852535622
1769370183.570944,5.6139131420338835,-0.023558315678489095,5.61396257206426
1769370183.5909557,5.481408338949759,0.06251417090751232,5.481764807055499
1769370183.6109655,5.513146448375963,0.08744666461175754,5.513839921542175
1769370183.6309562,5.673326657734723,0.0015361129011388641,5.6733268656940865
1769370183.65119,5.711687735974351,0.03109887712949444,5.711772398602602
1769370183.6709774,5.769456695472567,0.07514435623319926,5.769946033994333
1769370183.6911068,5.596186364833731,-0.05791724338705251,5.596486061541878
1769370183.711014,5.272897127836696,-0.037200954752588444,5.273028354919305
1769370183.7310064,5.33129480992957,0.006001822386956235,5.331298188270277
1769370183.7511497,5.255785097321326,-0.07486434785679563,5.256318260893737
1769370183.770966,5.334257182777016,-0.018098199105569535,5.334287884696424
1769370183.7912443,5.534565057152356,-0.15665641949322762,5.5367817010986
1769370183.8111022,5.600536557219389,-0.11015622430239702,5.6016197766809706
1769370183.8315382,5.248134445839696,-0.12065652751247669,5.249521231430586
1769370183.8511558,5.234619887059669,-0.2073412090616813,5.238724629046247
1769370183.871069,5.261337109795797,-0.1892239721092004,5.2647387299404675
1769370183.8909168,5.253187160262591,-0.11548431712355978,5.254456391316731
1769370183.9110925,5.313593029204753,-0.07515819303537441,5.314124540692822
1769370183.9309747,5.1734386027107355,-0.18550382413506128,5.176763336756505
1769370183.95102,5.227535292943713,-0.15027381728472022,5.229694776861594
1769370183.9710433,5.434800211726973,-0.3320530755633335,5.444934580541682
1769370183.9910488,5.489208956617386,-0.2973114684841214,5.497254685631794
1769370184.011006,5.516484366963606,-0.2800538983795562,5.523588503586364
1769370184.0310304,5.435884835343128,-0.2287494511442958,5.440695750959816
1769370184.0509317,5.490739306766777,-0.194727475788401,5.494191198411339
1769370184.0712214,5.266905824929854,-0.20206616781948483,5.270780559353356
1769370184.090948,5.252903192150207,-0.2358091772014319,5.258193407830702
1769370184.1112578,5.3290660026731835,-0.19026369517562713,5.332461414257868
1769370184.1313002,5.249557610949722,-0.35574010988350224,5.261597298963507
1769370184.1509776,5.347097760059459,-0.298818264443387,5.355440860545268
1769370184.1710422,5.557586838432211,-0.49350872464975026,5.5794553791584685
1769370184.1910067,5.641751967766826,-0.44570776898811815,5.659330409256666
1769370184.211135,5.5577331192024,-0.4582142057227827,5.576590148343825
1769370184.2316043,5.573399500937981,-0.5063656847034217,5.596354903300978
1769370184.2513282,5.608805312970215,-0.4870603489157439,5.629913393853305
1769370184.2711277,5.581003252037448,-0.6124260422847065,5.614504693783867
1769370184.2911193,5.609451095791645,-0.5972183074056865,5.641153366358568
1769370184.311067,5.610293564381756,-0.6451208398218533,5.647262591425672
1769370184.3309896,5.674590169235241,-0.6114618766975717,5.707438936636621
1769370184.3509521,5.660645838465641,-0.7061987753125507,5.7045269759018
1769370184.3709533,5.725283370727613,-0.6732132539594566,5.7647277264790935
1769370184.3910956,5.746984957030225,-0.6693343844916733,5.785831367625101
1769370184.4109764,5.804728050987418,-0.6405955106752828,5.839968352158897
1769370184.430985,5.862627374944378,-0.6121787324075925,5.894502738811762
1769370184.4510126,5.31636710914006,-0.5062941082946324,5.3404206728721375
1769370184.471046,5.381860124208341,-0.4750755892253835,5.402787725981992
1769370184.4909055,5.38615237326993,-0.4698949331846478,5.406610642196634
1769370184.511099,5.264669433168745,-0.5794264403093301,5.296459122873588
1769370184.5310812,5.308673602397608,-0.5593614642340548,5.338061508119147
1769370184.5509408,5.1554745604582735,-0.5512235738885671,5.184859243214121
1769370184.571002,5.184901317652354,-0.5380513516245813,5.212744088364415
1769370184.591204,5.236484285777912,-0.5151971956560821,5.261767367112585
1769370184.6110947,5.15164082650854,-0.4831678502576331,5.174249160687198
1769370184.6309764,5.270873545695924,-0.6264626339147625,5.307971681010416
1769370184.6510055,5.345034363864947,-0.5949195212547806,5.378040682968768
1769370184.670932,4.868136278485501,-0.524602664782531,4.896320943504786
1769370184.6909614,4.935177404640523,-0.4969350217310122,4.960133106187492
1769370184.711191,4.7985732309159275,-0.45106233366747617,4.819726369962974
1769370184.7309492,4.880853870900559,-0.41810305082621824,4.898728883107858
1769370184.751034,4.736725890169815,-0.4242829357822693,4.755690083279297
1769370184.7710345,4.781805672403451,-0.4068214467233702,4.799080034563282
1769370184.7910328,4.6466142355340025,-0.49188797014105745,4.672577193480781
1769370184.8109963,4.699365369082152,-0.4719377717214961,4.7230032958390025
1769370184.8312688,4.435505024975491,-0.38628148346504076,4.452293589943365
1769370184.8510234,4.503586520552222,-0.3613407791909893,4.518059174779147
1769370184.871252,4.354722028489196,-0.33996691431908843,4.367972235287296
1769370184.8913476,4.415448748284913,-0.3183988252474279,4.426913762504274
1769370184.911163,4.468391977995555,-0.4480048261340066,4.490794494658422
1769370184.9308712,4.544650466601162,-0.42206659729718154,4.564207277954429
1769370184.9510384,4.699368910028664,-0.5230874350223687,4.728391758010568
1769370184.971199,4.775955886596147,-0.49816785673534625,4.80186691237863
1769370184.9909585,4.6088923016095045,-0.54343657934389,4.640820139113813
1769370185.0110478,4.575204462492131,-0.48255766238736086,4.600582329568363
1769370185.0309467,4.621372121572293,-0.4682969107466164,4.645038458684752
1769370185.0508645,4.518265048955126,-0.6055098817212148,4.558657836411009
1769370185.0710218,4.556823649864366,-0.5939331937506296,4.595367059833418
1769370185.0909653,4.5262372868756415,-0.6314345319442083,4.570069315145556
1769370185.1109445,4.580338838320724,-0.6156497066595179,4.621528798475586
1769370185.1310127,4.642260300005795,-0.5979403838424737,4.680610365715093
1769370185.151013,4.586177007524611,-0.6878224944371247,4.637469064931982
1769370185.1711307,4.6272482003731525,-0.6460775190642032,4.672134637239892
1769370185.1910024,4.689462201595775,-0.6294756595881275,4.731521462089061
1769370185.2110925,4.759560599376901,-0.6112240222100489,4.798646882660531
1769370185.2309833,4.587393967834625,-0.7787855978371461,4.653030240985338
1769370185.2510107,4.664043836225899,-0.7165720891870073,4.7187689565435
1769370185.271135,4.718792476243127,-0.7033133790220027,4.770917327198208
1769370185.2909322,4.6554087126750545,-0.8755254224487139,4.737021748673401
1769370185.3111682,4.694605381279445,-0.8664463291187801,4.773892429368442
1769370185.3309965,4.476921149556654,-0.7988356504706289,4.547632502281875
1769370185.3509858,4.516186626462643,-0.7900645075346375,4.584773011950099
1769370185.371018,4.712522685924423,-0.9429700612126481,4.805940345207764
1769370185.3909714,4.783331326316823,-0.9277872564960248,4.872478606483591
1769370185.411234,4.754346621905983,-0.9791921175259972,4.854135247832911
1769370185.4311607,4.825332770247211,-0.9648672813424284,4.920854114300357
1769370185.4511817,4.885386537600796,-0.9689997769439742,4.98055842145121
1769370185.4709523,4.948655856768667,-0.957141532286137,5.040368508507873
1769370185.491016,4.542545012726546,-0.8473615618424866,4.620902163986481
1769370185.5111194,4.621823121586237,-0.8335317375700946,4.696384154300601
1769370185.5312395,4.552589402770618,-0.9170616583382376,4.6440362138352675
1769370185.5512314,4.5764067688438566,-0.9131280344694233,4.666615660331785
1769370185.5710459,4.562568621496768,-0.9142291402715017,4.653262011405384
1769370185.5909498,4.610250440544785,-0.9066479345915361,4.698555054678245
1769370185.611127,4.55744497939178,-0.9665830370887925,4.6588182522793415
1769370185.631016,4.6450085251832185,-0.9535589351099283,4.741875034388059
1769370185.6509829,4.60777403244294,-0.9842419791255423,4.711720896607569
1769370185.670955,4.511856196840686,-1.0028437112226243,4.621962986665781
1769370185.690935,4.591686518081998,-0.9926762479238462,4.6977644910668035
1769370185.7109425,4.655602243132579,-0.9849461746353647,4.758650146122316
1769370185.7309544,4.522724362840638,-1.0185641521405344,4.636001358310631
1769370185.7510047,4.444834292363414,-1.0124226148599185,4.558678694276398
1769370185.7710214,4.500863569507027,-1.0065415095083061,4.61203845188641
1769370185.79096,4.5725711911535925,-1.1253018553618581,4.709003245257814
1769370185.8111544,4.62063756376941,-1.1206445786994195,4.754591020002174
1769370185.8309789,4.106726068386676,-0.8774724665855658,4.199423404514296
1769370185.8509898,4.1548286874839935,-0.8731839893144304,4.245592031923819
1769370185.870936,4.080281767917603,-0.9169494267535825,4.182044423105106
1769370185.8909934,4.152496877048124,-0.9111964526529306,4.251295013195592
1769370185.9109185,4.300574157768903,-1.063319314821804,4.430077431799902
1769370185.93101,4.324663509154162,-1.0616192553934525,4.453060735138444
1769370185.950977,3.945299371664529,-0.7722734224033125,4.020173301116141
1769370185.9709826,3.9854779252459327,-0.7698557275419944,4.059151651989839
1769370185.9911654,4.049781578864721,-0.7662772303460805,4.1216394347709375
1769370186.0109334,4.06275581056946,-0.9751999655673877,4.178157458636347
1769370186.0309558,4.183599143755584,-1.0613591271714178,4.316130789545485
1769370186.050997,4.272095382557115,-1.0577915158910898,4.401104616883924
1769370186.0712676,4.230475839654677,-0.9758053508274607,4.341557544546133
1769370186.091133,4.302909574658653,-0.9737599496342462,4.411716134023221
1769370186.111185,4.019751634935783,-0.9245535554653159,4.124706351183374
1769370186.1311305,3.7372577616000893,-0.8638475415493616,3.835795634764838
1769370186.1512077,3.785566613701164,-0.8633029158297738,3.8827575911005683
1769370186.1713183,4.061900122595045,-1.0871024594684329,4.204857234594292
1769370186.1909425,4.126319084262645,-1.0870895468987847,4.267115286481808
1769370186.2109604,3.821275928579416,-0.9404025891736119,3.935289919696503
1769370186.2309682,3.8695900810605615,-0.9408609612219614,3.9823293113194187
1769370186.2509472,3.7999392963611722,-0.8989413992087023,3.904821928749266
1769370186.2710276,3.8563012604710565,-0.8999636637637956,3.9599234850696057
1769370186.2910922,3.7280351133994962,-0.8777748408171568,3.829978391311259
1769370186.3110132,3.8004839270884236,-0.8799411977209033,3.901022249552538
1769370186.330944,3.6840886322960156,-0.9768335143888294,3.8113924969026685
1769370186.3511105,3.7484681199779235,-0.9794046892301225,3.874305975497648
1769370186.370998,3.804789175217575,-0.981946452355352,3.9294579146678865
1769370186.3909855,3.605876445965105,-0.9813553099429662,3.7370313335479532
1769370186.4109702,3.558658012456254,-0.9922960232340152,3.694414466102191
1769370186.4314647,3.6229768843221564,-0.9962010968967725,3.757443030811114
1769370186.4513974,3.539462829997147,-0.9477240816237718,3.664147658026493
1769370186.4708426,3.627827254908137,-0.9541914523569233,3.7512147258195343
1769370186.4913478,3.5316000243645416,-0.9965639465820324,3.669514740632443
1769370186.5112221,3.5797655119092475,-1.00059096067546,3.716975032313281
1769370186.531117,3.52544038948084,-0.9451429257062287,3.6499349432278034
1769370186.5513308,3.5575288383108763,-0.9480930723960661,3.6816968790679856
1769370186.571031,3.6456974412924623,-1.0508466658469793,3.7941255314720572
1769370186.590902,3.7258586316834723,-1.058883091216952,3.873403663982803
1769370186.611143,3.6761863987717476,-1.0308989150903507,3.8179967275586884
1769370186.6309314,3.7482605361128734,-1.03884667638199,3.8895577465325117
1769370186.6510344,3.5854828683736706,-0.9991953448235193,3.7221067604943947
1769370186.6714299,3.5604249882717127,-1.0617030048383285,3.715351849770404
1769370186.6910183,3.6243812804775857,-1.0697459504985716,3.778954361312721
1769370186.7109783,3.680308157901198,-1.077067211765371,3.8346762465394835
1769370186.7310364,3.7889593169914146,-1.2064865804739782,3.976408250504447
1769370186.7511752,3.8368306750645367,-1.2132625688709382,4.024086938690502
1769370186.7713723,3.614081442036417,-1.1602819644831044,3.7957659183327936
1769370186.791015,3.685766231927465,-1.1712898102270906,3.867401263892667
1769370186.8111129,3.674322747462824,-1.209951525777221,3.868414448744263
1769370186.8309731,3.5143881371745955,-1.062129985364873,3.671381767744225
1769370186.8509598,3.6017975519983114,-1.0768360210205365,3.759324596486498
1769370186.8710015,3.556457045550861,-1.0927588922683746,3.720552205450148
1769370186.8910773,3.604064653848301,-1.101200789331891,3.768544176143336
1769370186.911295,3.5925199788367053,-1.1939324683964294,3.7857198176082805
1769370186.930993,3.6637942336962492,-1.2073365817437534,3.85759637708283
1769370186.9513836,3.453159752087476,-1.1051531260826302,3.6256965821104017
1769370186.9709895,3.5400971610017677,-1.1224552936675103,3.713784295784422
1769370186.990908,3.1526219957543145,-0.9519466742177123,3.293209364536072
1769370187.011221,3.2156869839908353,-0.9652825183448641,3.3574414543265347
1769370187.0309634,3.516266385504606,-1.2315428141491616,3.7256981891871033
1769370187.0509791,3.309285503390548,-1.1530362760767545,3.5044062545458083
1769370187.071156,3.356412515114327,-1.1638015891699638,3.5524553636281784
1769370187.091003,3.2873664320658875,-1.0792131996079952,3.4599825417018697
1769370187.1111174,3.3344096434212585,-1.0903275682761304,3.5081479267960787
1769370187.1309237,3.3892339500454174,-1.1035345254628908,3.5643646302011622
1769370187.1509674,3.3357882477203784,-1.1721761724428248,3.5357432334478283
1769370187.1709256,3.3206419063485644,-1.1297299675010777,3.507556481322605
1769370187.1909614,3.383064299528124,-1.1457302288733473,3.5718093191120786
1769370187.210936,3.300544156216567,-1.1889524132439178,3.508161850327585
1769370187.2311015,3.3316870087030512,-1.1972051770758014,3.5402596740885808
1769370187.2509391,3.076738805972944,-1.0484248112613663,3.2504640076530995
1769370187.2709262,3.1621298544757277,-1.0720158516346032,3.3389044914047106
1769370187.2910244,2.905992039436697,-0.9801545497894821,3.066837569018365
1769370187.3109753,2.9601491165076474,-0.9957912015114623,3.123152719443711
1769370187.3310833,3.1173726300938753,-1.098647935167481,3.3053047363754793
1769370187.3510883,3.186773208759041,-1.1195059460190606,3.377694042869547
1769370187.3709505,3.108269993811126,-1.119899570100479,3.303864010751328
1769370187.3909705,3.1774170124131658,-1.1415567132872226,3.3762598538062405
1769370187.4109297,3.0137688918350136,-1.114956134062428,3.213398530259806
1769370187.4309962,3.052055282647814,-1.1273787354764409,3.253617104322954
1769370187.450969,2.7131608826073066,-0.9212546448222199,2.86530139697676
1769370187.4709876,2.781885961106971,-0.944176917496506,2.9377473601617377
1769370187.490989,2.905664491334562,-1.1187472807484546,3.1135962510230195
1769370187.5111387,2.9894237522287703,-1.1474483466394538,3.2020762137393226
1769370187.5310707,2.9970272529169577,-1.1500886218995632,3.210120900051866
1769370187.5511642,3.103169909852223,-1.2457883285027727,3.343897733012478
1769370187.5710695,2.902851696234741,-1.1642060270411108,3.127606695818987
1769370187.5909352,2.9860356658824223,-1.194499028719033,3.2160903170670743
1769370187.6110935,2.9211095783871954,-1.216033748946348,3.1641142911598386
1769370187.631262,2.9964323621123583,-1.2443692621292115,3.244543382549576
1769370187.6510978,3.0287925876987583,-1.322801019515559,3.3050547766308416
1769370187.6711195,3.111270161194671,-1.3549548431365501,3.393509192985855
1769370187.6909986,2.6225259327790145,-1.0697930025786455,2.8323310781871305
1769370187.711142,2.8324765740966082,-1.1828239800129232,3.0695270173920397
1769370187.7311213,2.892070402834012,-1.2072051228498637,3.1339137549689267
1769370187.7510216,2.8085405242190298,-1.1801992937470374,3.0464356630563376
1769370187.7710164,2.845670862475586,-1.1957283711146403,3.086682522552492
1769370187.791038,2.7548067371456835,-1.118513257266688,2.9732191418905844
1769370187.8110209,2.814044590666901,-1.143783327969956,3.0376120982778025
1769370187.8310385,2.887907499533105,-1.1758233587818907,3.118103637937116
1769370187.8510718,2.670346753362983,-1.0596120966985758,2.872895678347227
1769370187.8709018,2.513872872479057,-0.9670191637927488,2.693451852572927
1769370187.890922,2.579890189531211,-0.9969577146220345,2.7658196027188358
1769370187.9110699,2.645735657229773,-1.0272990308382326,2.8381790758685805
1769370187.9310422,2.5058128851289494,-1.0108392504373,2.702016692306491
1769370187.9510489,2.3920159527341642,-0.9175668616908901,2.561965898252356
1769370187.9709451,2.4283151483200642,-0.9350659895098374,2.6021266042025526
1769370187.9910288,2.4376043899211215,-1.0203765241692082,2.6425524427792078
1769370188.0109751,2.4810237358200213,-1.0416851062120003,2.690833818392775
1769370188.030922,2.417335848343251,-1.0463841935118836,2.634090447216439
1769370188.0513754,2.460594568418567,-1.068037404261844,2.68239250055493
1769370188.0712228,2.3490691908250465,-0.9063310299153073,2.517848684705016
1769370188.0910137,2.4135932483533686,-0.9395892070222267,2.590030935423286
1769370188.111016,2.3358932329057893,-0.9202180822575521,2.5106171580806236
1769370188.1310837,2.3715635524160366,-0.9390578376172982,2.5507142735984063
1769370188.1511257,2.3184758754621004,-0.9743488625133914,2.514892858747842
1769370188.1709456,2.3326791219415517,-0.982014787118576,2.5309573145475115
1769370188.1914,2.540576560346641,-1.1629231035778957,2.794086506144363
1769370188.2110188,2.604072459603005,-1.1982498565352238,2.8665303231519337
1769370188.2309165,2.286267379715486,-0.9598803673929766,2.4795944933108705
1769370188.251007,2.363381685477555,-1.0039595948259645,2.567782673688302
1769370188.270938,2.51743882574808,-1.1783507811407148,2.77956989564911
1769370188.2910016,2.5662213001014518,-1.2069526781014872,2.8358819665618555
1769370188.311231,2.628705941197749,-1.244091079940219,2.9082395947506052
1769370188.3309896,2.2925241541998442,-1.0652736370179952,2.5279388677963035
1769370188.3509643,2.399968548791934,-1.0958505632652233,2.6383209608004803
1769370188.370947,2.4620097813679536,-1.1337785841947046,2.710525049050465
1769370188.3910038,2.1079700397252195,-0.8906580817359853,2.2884076356586402
1769370188.41095,2.126842327612686,-0.9311268439998344,2.3217354470615383
1769370188.4310226,2.1882282937351016,-0.9701390485771668,2.393640081356645
1769370188.451026,2.1319065861207793,-0.9856246555420398,2.348719151698968
1769370188.471048,2.192850430306331,-1.0253383948314223,2.4207254767135695
1769370188.4912906,2.253556136972178,-1.0654216738618523,2.4927171130354036
1769370188.5110936,2.1878278909941153,-1.0084973749028947,2.409078212885125
1769370188.5309527,2.1480417911569516,-1.0040363403061363,2.37111208280252
1769370188.5510633,2.1747884899662484,-1.0222048752242223,2.403041361071807
1769370188.5710666,2.07294225543599,-0.9680894954875257,2.2878563909575576
1769370188.5909445,2.106215273387197,-0.9910366921109777,2.3277234592966094
1769370188.6109548,2.007346327032163,-0.9400481839163533,2.2165581121942077
1769370188.6312423,2.0272587068480616,-0.9539237299560703,2.2404794904360488
1769370188.6511068,2.1410653880556767,-1.1057041883086818,2.409718395990155
1769370188.6710718,2.173932156613013,-1.129232315367247,2.4497237892517147
1769370188.6910172,2.2524867715548567,-1.1861518961208688,2.5457126657776508
1769370188.7109354,2.128951249650732,-1.1465904570367123,2.4180783898701605
1769370188.731044,2.293956322119831,-1.2325265061527126,2.6041039142404734
1769370188.7512453,2.3456839979440263,-1.2713726946527224,2.6680745767161747
1769370188.770973,1.9520120218123074,-0.987404345926592,2.187537034121821
1769370188.791119,2.022216717266261,-1.0302150889054964,2.26951615570361
1769370188.8108954,2.066826675315731,-1.0650235940953756,2.3250909147335532
1769370188.8309493,1.641595923918862,-0.755422992589164,1.807069748282946
1769370188.8510067,1.6795971167034036,-0.7855554491077008,1.8542232438574349
1769370188.8710647,1.9204557206817228,-0.953241204046158,2.1440193488377206
1769370188.8909295,1.9581659148543933,-0.9837322906058361,2.191379239127301
1769370188.9109495,1.6798225968461127,-0.800689710990401,1.8608890268258098
1769370188.9310472,1.7173013857027026,-0.8314606339745048,1.9079965500979577
1769370188.9509768,1.6949460830596026,-0.8533270743236478,1.8976325567013352
1769370188.97114,1.7444061874962307,-0.8949604288972637,1.9605884617295668
1769370188.9911726,1.7997737872012722,-0.9421171208681685,2.0314453855641155
1769370189.010922,1.6883106989741146,-0.9076469719694735,1.9168244682275468
1769370189.030897,1.805710592074341,-0.9307269944195049,2.0314633839847156
1769370189.0511124,1.842042775919416,-0.9628230176967669,2.0784969934362705
1769370189.0709465,1.8722180924104839,-0.9896825141377228,2.1177044327146115
1769370189.090959,1.706089648008482,-0.8881863166238979,1.9234388007107563
1769370189.1109488,1.719159113310619,-0.9237476858673972,1.951619287674808
1769370189.130944,1.7550232906674594,-0.9563579561020177,1.9986813880618557
1769370189.1509829,1.550960289180014,-0.8081818493783288,1.7488955715759384
1769370189.1709278,1.5866215339074126,-0.8410103517646021,1.795735588452245
1769370189.1909547,1.4872375286133996,-0.7133981683117092,1.6494885307472116
1769370189.2109773,1.5403715912076263,-0.7630203189858697,1.7189952432118052
1769370189.2310286,1.507541351760695,-0.7820054490014172,1.6982972206113898
1769370189.2510984,1.536792836093083,-0.8098521172878286,1.7371219510853577
1769370189.2719417,1.481631253315796,-0.7396172165791981,1.6559785016305306
1769370189.2910419,1.5394574209076302,-0.7960001596472281,1.733073975612693
1769370189.3110414,1.4863340827529958,-0.7761256484345473,1.6767707141142272
1769370189.3313406,1.543490119374182,-0.8331905464039355,1.7540148902511103
1769370189.3510346,1.522727121183805,-0.7975812539539184,1.7189629845483652
1769370189.3711312,1.4648685764631058,-0.7809589645621475,1.6600412195602334
1769370189.3909411,1.498568289471538,-0.8157632775837751,1.7062170563160697
1769370189.4112334,1.469388260219203,-0.7451477329250444,1.6475275424566806
1769370189.4309378,1.5028462293810456,-0.7801801773730812,1.6932890770127582
1769370189.4509907,1.5306162734846218,-0.809477935262267,1.731485115250031
1769370189.4710486,1.5083443096617302,-0.7720358761805795,1.6944444371530263
1769370189.4910324,1.3682797955275885,-0.7313577227408636,1.5514746912088904
1769370189.5110214,1.4010225378135361,-0.7670436352215813,1.597253921515117
1769370189.5310876,1.418385771750554,-0.7547755770769609,1.6067060618720133
1769370189.551382,1.4561878904271754,-0.7967590340070956,1.6599120851715816
1769370189.5710642,1.3213566510491912,-0.7106111944252458,1.5003171894350902
1769370189.5910826,1.3694598875872437,-0.7650190167616415,1.5686537156802374
1769370189.610971,1.4705946536208119,-0.7647488525813841,1.6575552608533628
1769370189.6309636,1.512855977656408,-0.8135248762963325,1.717718234601848
1769370189.6510227,1.19860980253521,-0.6338238655878232,1.3558754188059412
1769370189.6710746,1.2403738596265699,-0.6830100829975478,1.4159908492364033
1769370189.6910772,1.3716806052276524,-0.7040997316964965,1.5418379016397208
1769370189.7110307,1.407930895416646,-0.7473746246149595,1.5940007013132305
1769370189.7311018,1.1522495244984738,-0.600901873315026,1.2995237697173787
1769370189.7509327,1.1983750159222692,-0.6569225960204683,1.366619909100175
1769370189.7713387,1.239069771513046,-0.7069571635713121,1.426563118057588
1769370189.7910855,1.2417145730351118,-0.682871216705303,1.4170985073354467
1769370189.8111331,1.244222235328981,-0.6539129473541614,1.4055927979341856
1769370189.8311486,1.2692368936488516,-0.6855052771424273,1.4425254858024181
1769370189.8511534,1.3040654643503107,-0.7298786381896285,1.4944261647189996
1769370189.8715053,1.1890022076169142,-0.6592440899173582,1.3595326475700615
1769370189.8910284,1.2185649429052154,-0.6974930196704161,1.4040644688070938
1769370189.911277,1.2365112993102745,-0.6852656805450508,1.4137005504189544
1769370189.9310613,1.1802641081979472,-0.6125589431640535,1.3297563024669437
1769370189.951229,1.218905179068869,-0.6641218778295155,1.388087786911445
1769370189.9718297,1.2572481391058745,-0.7158970983063444,1.4467831691890214
1769370189.9910653,1.1851095023069007,-0.630330804698783,1.34231198154912
1769370190.0109239,1.1135164422004165,-0.5373741089853592,1.2364019573174745
1769370190.0312264,1.1324252272376922,-0.563445698277043,1.264854912703921
1769370190.0512464,1.0125866531561156,-0.487266311413169,1.1237260290605087
1769370190.0722914,1.049952771102685,-0.5397211331589062,1.1805506016789544
1769370190.091287,1.0702331014700412,-0.4794259320663503,1.1727097321246518
1769370190.1111274,1.0887125901351515,-0.5057731663478933,1.2004589121316749
1769370190.1312883,1.0627416825571645,-0.5599813183785383,1.2012489170764729
1769370190.1510847,1.094592981821271,-0.6064487771293834,1.2513648209591421
1769370190.1709938,1.1307092156245648,-0.6597425644657733,1.3091079335433704
1769370190.1909776,1.050091415390888,-0.5641489193187219,1.192038583203631
1769370190.2113178,1.0206531583498588,-0.5098788179320248,1.1409247471351038
1769370190.231226,1.0560834445649032,-0.563639784910908,1.1970806359717319
1769370190.2510104,1.082450872852215,-0.60405136862855,1.2395878137834957
1769370190.2709854,1.1130011064459806,-0.651382683021124,1.2896010478786744
1769370190.2910843,1.0989836495459597,-0.6209960960746859,1.2622999696226556
1769370190.3110423,1.071944829965208,-0.6194039599788219,1.2380335149448034
1769370190.331081,1.089024397079207,-0.6466707338295841,1.2665532659250551
1769370190.3510258,1.0508933453374145,-0.5907293462394438,1.2055446834451817
1769370190.3710449,1.0719884899338834,-0.6249661560876714,1.2408634166602412
1769370190.3909469,1.0400422363359754,-0.5676315106105143,1.1848600698819718
1769370190.411043,0.9988915417134607,-0.5517055398271395,1.141123707046107
1769370190.4310467,1.0237831523956529,-0.5930399481262238,1.1831434077079308
1769370190.4510725,1.0499907883199655,-0.5940066161360296,1.2063683167134982
1769370190.4710448,1.0622684392565436,-0.6147716874516345,1.2273379586457283
1769370190.4909546,1.016644519968505,-0.5622064163072178,1.1617409928719038
1769370190.511077,1.0327895554866684,-0.5900225451440928,1.1894456144358443
1769370190.531085,1.060854278445687,-0.6388085148026903,1.238340873378949
1769370190.5510397,0.9389443125978243,-0.574129362983415,1.1005639225413228
1769370190.5710065,1.035694770672495,-0.5788754708134523,1.1864908211646006
1769370190.59136,1.047441266272572,-0.5999423316164325,1.2070890636386573
1769370190.6111972,0.8078301489792108,-0.4410292513698426,0.9203783733680501
1769370190.6311774,0.8348089085185428,-0.49039879999507185,0.9681925928132932
1769370190.6520007,0.8653704186163731,-0.5470248776970372,1.0237686155746988
1769370190.6710145,0.9064197303965296,-0.5714912528801204,1.0715404704305886
1769370190.6911871,0.9453809905345287,-0.5504638257013355,1.0939632720844867
1769370190.7109838,0.9601536588493191,-0.5790383849909215,1.1212406074944974
1769370190.7311883,0.8682638082112213,-0.5370537411672149,1.0209352386665642
1769370190.7510703,0.9043879529015633,-0.6089147981186507,1.0902728102274941
1769370190.7718575,0.9997783344478375,-0.5767802578750398,1.1542236282045562
1769370190.791069,1.0174730269769108,-0.6129001196927621,1.1878122399373394
1769370190.8110263,0.8959739773999038,-0.5382195777239485,1.0452031773885633
1769370190.8309643,0.9125369562591135,-0.5012245547481822,1.0411290750051891
1769370190.8510377,0.9296967991734806,-0.5376125648690078,1.073947581727548
1769370190.8710232,0.8412541413330197,-0.4437304438598577,0.9511073741266138
1769370190.891085,0.8648480183108544,-0.4948833360588072,0.9964294310611798
1769370190.9110432,0.9692259867473152,-0.5058614695330732,1.0932954036967626
1769370190.9310052,0.9824720241926492,-0.5352046271639388,1.118791880225671
1769370190.9513037,0.8711315389166727,-0.45928575721895726,0.9847911275389931
1769370190.9710784,0.8938974691118844,-0.510830558269074,1.0295632785536428
1769370190.9909866,0.867604140691808,-0.44540096429242837,0.9752532819417711
1769370191.0113266,0.8866370706851892,-0.4898021953200473,1.0129321229251005
1769370191.0309734,0.9117239780603645,-0.549133913630806,1.0643254517626184
1769370191.0509832,0.8729490554355097,-0.5246562502042806,1.0184813372193746
1769370191.070957,0.7626501465125755,-0.4594811869477997,0.8903697025026244
1769370191.09098,0.7898191544411493,-0.5266885975905566,0.9493235357632503
1769370191.1109831,0.8079568669765027,-0.46857435679004134,0.9340001213788396
1769370191.1310196,0.8315006923046133,-0.5285692968929379,0.9852811288769038
1769370191.1513088,0.7733310259328947,-0.4232985872482775,0.8816022740651315
1769370191.1711807,0.7963293576598214,-0.48351676312124425,0.9316270209102724
1769370191.1913006,0.7770990328121667,-0.4372173982976211,0.8916512547917743
1769370191.2109618,0.8022379749574722,-0.5052547766734605,0.9480865771727887
1769370191.2312284,0.7396191218383081,-0.3837750132197275,0.8332584870018859
1769370191.2511666,0.753272631305387,-0.42169677789763327,0.8632773769553952
1769370191.2711742,0.6535102934293908,-0.37023642376178145,0.7510996692171298
1769370191.291012,0.6746499884575374,-0.43117241656551286,0.8006636370740834
1769370191.311165,0.6523109352186256,-0.42270046753760937,0.7772935362283102
1769370191.3313665,0.6701195673990239,-0.4762683428687975,0.8221263704747862
1769370191.351018,0.6444109983883519,-0.3940509937380945,0.7553421214984984
1769370191.370977,0.6640357307916105,-0.45553354204164265,0.8052665767886764
1769370191.3912268,0.6873238600315936,-0.4274700091611532,0.8094100921664901
1769370191.4114146,0.7014817753146088,-0.47376256442041864,0.8464795617997795
1769370191.431719,0.6512138586750464,-0.3770673678079124,0.7525020196624264
1769370191.451067,0.6604594559458041,-0.4079922633829618,0.7763146140119865
1769370191.4711885,0.6413624069684567,-0.34081022185424814,0.7262901241189461
1769370191.4910493,0.6481679561654936,-0.3640576108714306,0.7434108174039218
1769370191.5108762,0.5200967712656552,-0.2852455350612537,0.5931826588440868
1769370191.531016,0.5421114842419121,-0.36291675634822873,0.652375224380332
1769370191.5510628,0.5386437611309947,-0.3141636823749927,0.6235670940073405
1769370191.570948,0.5513816889711456,-0.36089896379573894,0.6589915242258516
1769370191.59097,0.5138660354513944,-0.3241482188552052,0.6075610011986745
1769370191.610983,0.5381999853501427,-0.2433795383800792,0.5906715025570425
1769370191.6310577,0.5503208449209827,-0.29029242989796344,0.6221918733080722
1769370191.651149,0.46067140846075194,-0.25411887787418763,0.5261126786775331
1769370191.6710181,0.47605035200367807,-0.3168836776384385,0.571873415011126
1769370191.6910026,0.4887618556665567,-0.3027383872273983,0.574924936540121
1769370191.7109542,0.4996819452325829,-0.3499948473009695,0.6100642913076022
1769370191.7310917,0.46848377245330375,-0.283744650328174,0.5477116683456147
1769370191.7509484,0.4771799370031873,-0.32318081467639637,0.5763215519597241
1769370191.771126,0.43365384681072805,-0.2247310776145195,0.4884257529036789
1769370191.7909236,0.44202290721944193,-0.26426926653422633,0.5149975686751009
1769370191.8110213,0.4453321332142046,-0.2800934130951891,0.5260922247405168
1769370191.8310246,0.4518847200463294,-0.31175673970210305,0.548991862381433
1769370191.8512812,0.44536418636802644,-0.2050364896625485,0.49029503423183324
1769370191.870929,-0.01875271534844769,-0.6648036392598193,0.6650680740390715
1769370191.8909554,-0.04835325065516338,-0.6409786760722422,0.6427998911233926
1769370191.9109707,-0.03492208596073154,-0.7125061249249018,0.7133614302324934
1769370191.9310412,-0.06386933007504503,-0.6460759695413874,0.6492252688728919
1769370191.9510572,-0.05113344035609302,-0.7177437896066721,0.7195629063824767
1769370191.9709659,-0.0930526486833303,-0.6247907724112807,0.6316821231578966
1769370191.9911602,-0.0824616519510395,-0.6886341969107193,0.6935538776456849
1769370192.0109384,-0.11012113173921323,-0.673204350274581,0.6821515673837787
1769370192.0310228,-0.105157979820659,-0.7051851530516604,0.7129826791756275
1769370192.0511663,-0.06227022973261698,-0.6584732493398029,0.6614110685550032
1769370192.0710533,-0.05296517693234204,-0.7225378265553246,0.7244765149891104
1769370192.0909615,-0.0672278484922646,-0.7521866729943536,0.7551849936560004
1769370192.11117,-0.05665186087428853,-0.8324279980398064,0.834353525348266
1769370192.1315176,-0.1077769257652017,-0.7211442686227212,0.7291535653720671
1769370192.1511345,-0.10010089036851788,-0.785483076031646,0.791835747478419
1769370192.170987,-0.08864428227880738,-0.7552939951562827,0.7604780259151895
1769370192.190857,-0.0825848811238914,-0.8116380978977329,0.8158288206169828
1769370192.2110097,-0.18335820948808557,-0.7327663056081555,0.7553586509872654
1769370192.2310865,-0.17936249326056664,-0.7730500197735442,0.7935850534508093
1769370192.2510655,-0.15741736541288665,-0.7478605481662743,0.7642484062378505
1769370192.2709596,-0.15372596641955383,-0.7881762192160817,0.8030276615966493
1769370192.2911267,-0.2094191469949218,-0.6837891517723413,0.7151391355600802
1769370192.3110218,-0.2059791823740551,-0.7241690765096536,0.752893269291424
1769370192.3311923,-0.21334745583947434,-0.7855148503577105,0.8139721844422405
1769370192.3509827,-0.20915348199544936,-0.8420448294217433,0.8676316463723033
1769370192.3710608,-0.1407399033189678,-0.8254877264806915,0.8373993712419978
1769370192.3909867,-0.1371654754897429,-0.8820638567367496,0.8926651191951191
1769370192.41116,-0.17054321046832066,-0.7936858129197564,0.8118017961712923
1769370192.4310567,-0.16789502623412078,-0.8422039362273974,0.858775995257831
1769370192.4510899,-0.2143585827598702,-0.8135884366522532,0.841353520380748
1769370192.4710143,-0.22819107127609506,-0.7868291236840008,0.8192504103675899
1769370192.4910228,-0.22624209783262617,-0.8353755898759214,0.8654697354571396
1769370192.5110095,-0.24956771956462587,-0.8477687059151577,0.8837396819073753
1769370192.5313995,-0.24805119402338383,-0.8963244326320403,0.9300144533229445
1769370192.5514448,-0.28549620662003417,-0.789957255197768,0.8399646117748181
1769370192.5710063,-0.28409556748503473,-0.8466089718079761,0.8930045031299688
1769370192.5909934,-0.28282740514274063,-0.9113539050736588,0.9542312515280472
1769370192.6113784,-0.26438370520113796,-0.8813754260391349,0.920174649293029
1769370192.6315613,-0.31490386077054444,-0.8666012883442686,0.9220424255359082
1769370192.6509306,-0.31468782350142943,-0.9637229969306471,1.0138000005292243
1769370192.6710608,-0.3377926457178071,-0.8871676295090518,0.9492998864161662
1769370192.6911247,-0.33816576667707887,-0.9356961572055278,0.994928833817519
1769370192.7110453,-0.35786753544120276,-0.9390636566294521,1.0049426471819365
1769370192.7310352,-0.3590214218264962,-1.0037368564051459,1.0660131604424044
1769370192.75107,-0.3508357388361778,-0.9154497164911684,0.9803743667948929
1769370192.7710164,-0.35187015688135304,-0.9558520851550423,1.018560658968797
1769370192.7910979,-0.34906191006818155,-0.9155547277429683,0.9798391074829317
1769370192.811188,-0.35127994078145597,-0.9801382157764928,1.0411861115194296
1769370192.8323474,-0.3691761956353212,-0.9080572408069294,0.9802341638637487
1769370192.8511453,-0.37289836470685056,-0.9887398115761794,1.0567211578258202
1769370192.871286,-0.3498622614637784,-0.9658836372327277,1.0272948956704073
1769370192.8914428,-0.3530161901950084,-1.0223131199659505,1.0815472924446319
1769370192.9111297,-0.3613520732578752,-0.9256384416810652,0.9936708939913232
1769370192.9310622,-0.36605508530695663,-0.9981383234038388,1.0631445988794326
1769370192.9510546,-0.4025981831388288,-1.0182537473353017,1.0949547894909042
1769370192.9709651,-0.4063063854654757,-1.0665117319306114,1.141285307543934
1769370192.9912312,-0.41089528509628037,-1.1227922454596442,1.1956158922407578
1769370193.011022,-0.4288994134212022,-1.0676681898611884,1.1505955286174712
1769370193.0310347,-0.4251880697146342,-1.0576125595809902,1.1398812310109814
1769370193.0509908,-0.4305690121074818,-1.11379668632381,1.1941242534397802
1769370193.070977,-0.4271472535786962,-1.0479478561319837,1.1316578482083017
1769370193.090977,-0.4346960295629698,-1.120101344594583,1.2014939285241535
1769370193.1110203,-0.43298642239973617,-1.0587885600372617,1.1439014192002304
1769370193.1309652,-0.4412142814426554,-1.1308468927702418,1.2138717959640835
1769370193.1509707,-0.46105019943437164,-1.1315975217179766,1.221916624633915
1769370193.1709723,-0.47010287789373395,-1.2035321682720097,1.2920860636464957
1769370193.1909883,-0.481890819067307,-1.1379902614513648,1.2358157616163932
1769370193.2110114,-0.46579073044412556,-1.13682460357282,1.2285484051742412
1769370193.2310135,-0.47493764928716087,-1.2005862701635897,1.2911131487269945
1769370193.2510362,-0.45116283876677277,-1.1441391310498394,1.2298789608264606
1769370193.2709737,-0.4585407049772665,-1.1918685255618593,1.2770317773438722
1769370193.2909648,-0.46388651600968056,-1.1342022124012772,1.2254000809333871
1769370193.3110182,-0.47165248995853326,-1.1818591050761365,1.2724963715215265
1769370193.33109,-0.42904995338600727,-1.1376777125814144,1.2158924459856695
1769370193.3510804,-0.4344428259081119,-1.1694071570758764,1.2474989651311577
1769370193.3709545,-0.43992190477477333,-1.2011194706227446,1.2791478667494727
1769370193.3909812,-0.4560556210692577,-1.196351456152267,1.2803294639062697
1769370193.4109519,-0.4690379800054565,-1.2675701957767531,1.3515660649443353
1769370193.4310057,-0.4198552036602079,-1.2229524380272778,1.2930162635162086
1769370193.450944,-0.407243445502284,-1.1866885408368217,1.254622220773248
1769370193.4709754,-0.42138801313929397,-1.2576546890317148,1.3263721854973216
1769370193.490956,-0.4241481381476131,-1.2159549519366548,1.2878074732790454
1769370193.5110772,-0.4373873839176263,-1.2788822887965443,1.351609274978458
1769370193.5309935,-0.42257670748012277,-1.272050215119875,1.3404039777213663
1769370193.551007,-0.4242987109945928,-1.2799000367074322,1.348396640501362
1769370193.570959,-0.38801312969182766,-1.2507275403148563,1.3095318128687434
1769370193.590947,-0.3969984817427823,-1.289883165376711,1.349594892857971
1769370193.6112604,-0.4281056160249981,-1.24776064101572,1.3191592154626763
1769370193.6309428,-0.4486432760113024,-1.3337348799015754,1.4071707497586152
1769370193.6510725,-0.38672276762206126,-1.2653299482468645,1.3231078478067007
1769370193.6709955,-0.40227529702646203,-1.3276678277883711,1.3872733240216293
1769370193.6910021,-0.43775941575531974,-1.2996455151888684,1.3713904517798634
1769370193.7110362,-0.4578397651327837,-1.377389821025658,1.4514888802887664
1769370193.7313747,-0.4062080377142081,-1.2836433996532284,1.3463823184285084
1769370193.751555,-0.42282546400789434,-1.3456789649429712,1.4105436007807335
1769370193.77119,-0.4376445726720757,-1.3998779938081585,1.4666939590581527
1769370193.7909474,-0.4209396637497953,-1.3189578381665896,1.3844999022675568
1769370193.8109376,-0.38112106756366293,-1.278235496078115,1.333843788295665
1769370193.8309288,-0.39679329571636135,-1.3321750493401598,1.3900126911686488
1769370193.851027,-0.3891803038032864,-1.3303832916077498,1.3861388860635464
1769370193.8709464,-0.4054808527865055,-1.3841221443361231,1.442292907983014
1769370193.89112,-0.37096993550034085,-1.3398845803209785,1.3902911139855032
1769370193.9109483,-0.3876760570034854,-1.393489839763208,1.4464116491155141
1769370193.9310846,-0.3434034672740758,-1.3742498872065427,1.4165058043732306
1769370193.9512978,-0.31883264235441433,-1.3063028447425111,1.3446491646571141
1769370193.9712603,-0.3388773736940638,-1.3672892554065044,1.4086581495706683
1769370193.990995,-0.28183255599950163,-1.358704063455602,1.3876261462194983
1769370194.0109715,-0.30262353663186903,-1.4193767215189785,1.4512791883416314
1769370194.0311778,-0.24211515503842618,-1.3423911224624323,1.3640504660624657
1769370194.0509503,-0.2636147927511505,-1.4028025680368477,1.427356929379616
1769370194.0710218,-0.24854937892242845,-1.3602141677700845,1.3827361917463463
1769370194.0909734,-0.2651721682608317,-1.4053331542374314,1.430132005522245
1769370194.1109977,-0.21056694601267179,-1.3051163102512873,1.3219935786670969
1769370194.1310558,-0.22746880284387938,-1.3501265167866006,1.3691543622241966
1769370194.151059,-0.24455638902422194,-1.3950632846315285,1.4163366109578173
1769370194.1709964,-0.27928766118789294,-1.4847135625252834,1.5107534413127517
1769370194.1911018,-0.13748185887077669,-1.283004203421338,1.2903491959602975
1769370194.2109885,-0.16433866801261376,-1.3499096703976452,1.3598762134978462
1769370194.2310987,0.02495235220281211,-1.2309901892428412,1.2312430571956858
1769370194.2510448,0.005358518999966755,-1.2339392426225548,1.2339508775513703
1769370194.2710242,0.06083852216034513,-1.199317912541737,1.2008600172884951
1769370194.2909813,0.03242825853565168,-1.2654917798540808,1.265907199138193
1769370194.31098,0.13227048258015395,-1.1533497985834087,1.160909659902258
1769370194.3310165,0.12145144840955036,-1.178876718519386,1.1851163536918279
1769370194.3511314,0.1051331681495129,-1.2154333999032203,1.2199718573169855
1769370194.3712568,0.07212484627282634,-1.2883089299287258,1.2903262736160872
1769370194.3909688,0.15388845306833465,-1.1683205995867514,1.1784119311202308
1769370194.4109042,0.1266740914283515,-1.226291435516588,1.232816697753779
1769370194.4309738,0.06267261042756278,-1.205321420065244,1.206949701423345
1769370194.4509718,0.23456689537876452,-1.1309306544679707,1.1550003349016764
1769370194.4710858,0.21349809256636032,-1.1740904470262743,1.193343962706407
1769370194.4911344,0.19225065603225167,-1.2171628151185354,1.2322522603964292
1769370194.5110626,0.22047416257385022,-1.1182646455618865,1.1397915045640112
1769370194.5310044,0.19895944495362095,-1.1612053781394014,1.17812681446274
1769370194.5509937,0.29392242221985443,-1.05692860876563,1.0970362228800088
1769370194.5710166,0.2719935039747532,-1.099663254885046,1.1328017215509685
1769370194.5911,0.2510448065489217,-1.1316461028648792,1.1591576238909247
1769370194.6110952,0.23241490745600668,-1.1670787385962011,1.1899955761645016
1769370194.630971,0.25416638647616274,-1.076775989923433,1.1063666139620896
1769370194.650994,0.2237143264965029,-1.133136825435876,1.155009595214983
1769370194.671191,0.2762236800862876,-1.076234645965827,1.1111167961189323
1769370194.6912725,0.25683928775675646,-1.1112753401543332,1.1405697266587986
1769370194.7110798,0.2621524657791947,-1.1407160298974386,1.1704516120622355
1769370194.731084,0.30506534481356073,-1.0439728671556088,1.0876323882467454
1769370194.7510283,0.28512670488986025,-1.0787142979275042,1.1157606259384572
1769370194.7709975,0.3984441677050734,-0.9615898574706125,1.0408711777970132
1769370194.7909627,0.3741586907579979,-1.0030802051683887,1.070590782638444
1769370194.8109906,0.3329106060776952,-1.0089290683497565,1.0624346269771736
1769370194.8309574,0.29586073174389993,-1.0708123317916864,1.1109332214427583
1769370194.8515887,0.37785097282867675,-0.9940501265281154,1.0634411181246188
1769370194.8714561,0.3443304536805232,-1.048717726308171,1.1037990445750598
1769370194.8910146,0.4983745833835642,-0.9490623461885583,1.0719592167221998
1769370194.9111865,0.4472432177730359,-1.0306191928934112,1.1234778220348836
1769370194.9309752,0.42142664951970676,-1.0712175737525396,1.1511331422740305
1769370194.951203,0.48512858443329243,-1.0821467590409712,1.1859137201066223
1769370194.9711297,0.6666585539215024,-1.071620032207107,1.262063041588759
1769370194.991064,0.6401188307124688,-1.111769458691689,1.2828809168088477
1769370195.0109699,0.6172990410972465,-1.0856153065196168,1.2488469481442719
1769370195.0310347,0.5904851901872812,-1.1255375193594415,1.271026147377116
1769370195.0514057,0.6342848705173925,-1.0735893627677668,1.246960872207049
1769370195.0710783,0.6026621215824868,-1.1200049092309707,1.2718540126491638
1769370195.0909584,0.752368121800242,-0.9549957089258134,1.2157609118440766
1769370195.1109927,0.7987081427876244,-1.0094502388921307,1.2872157869427472
1769370195.1310785,0.752325734223974,-1.0749473459329506,1.312061662767393
1769370195.1509273,0.7148942073500106,-1.127119667400411,1.3347181246777962
1769370195.1709723,0.7923601826006212,-1.0885018680867462,1.346354699103927
1769370195.1914747,0.7391246049843798,-0.9966511177843143,1.2408136976492639
1769370195.211293,0.7058212860280566,-1.0419120006142508,1.2584769782694836
1769370195.2311199,0.8002548803442098,-0.9621892537806436,1.2514855307216608
1769370195.2509506,0.7663895433269521,-1.007040191161448,1.2654970876044638
1769370195.2709548,0.8717654359770663,-1.0770453365072772,1.3856412350447567
1769370195.2910762,0.8374043668888427,-1.1215242875170677,1.3996652461125016
1769370195.3109355,0.797870522851269,-1.1721553279480623,1.4179370522248111
1769370195.3309615,0.9914008525845563,-1.0142119185828804,1.4182741153602687
1769370195.3509572,0.9048694086017601,-1.0632100283655703,1.3961390371450888
1769370195.3709555,0.8594316638298785,-1.1194142179652333,1.4112799070971387
1769370195.3909497,1.0360098516075977,-0.9763996937653081,1.4236125788335054
1769370195.4111109,1.0156166245124898,-1.0012187098258,1.426154280886673
1769370195.4312797,0.9264205187381624,-0.995815751558677,1.3601117559198799
1769370195.45104,0.879938490575273,-1.0511646613085774,1.3708533445922892
1769370195.4713151,0.9443145088537341,-1.0258491793492044,1.3943085850711474
1769370195.4911675,0.9023737316083227,-1.074562950740537,1.403197736101701
1769370195.5112169,1.02491640392829,-0.9481795094188492,1.3962442541056588
1769370195.5310905,0.9613990135483785,-1.0207019592855464,1.4021842079203248
1769370195.5509944,0.8837025603020532,-0.9469462257117329,1.2952364145105326
1769370195.5710025,0.840754600034832,-0.994731646430745,1.3024436056469206
1769370195.5909579,0.9972361410601711,-0.9426047363234522,1.3722184993564204
1769370195.6111808,0.9482659139584637,-0.9957244306262736,1.3750183218130212
1769370195.63131,0.9478534387823068,-0.9112183159208158,1.3148174628749847
1769370195.6509256,1.017784276418193,-0.8709825146937252,1.3395877627935804
1769370195.6709127,0.9733976404652491,-0.9174351688912075,1.337606166097388
1769370195.6909344,0.9455253630304528,-0.9463425201856047,1.3377527341198414
1769370195.7109425,1.0074745088233463,-0.8874447211587181,1.3425956275220465
1769370195.7309947,1.061110156502477,-0.8445204323429115,1.3561598448845804
1769370195.751113,1.038565004350474,-0.8674047753069577,1.353147557543823
1769370195.7710161,1.160391519189898,-0.8196421266213925,1.4206764915139118
1769370195.7913435,1.1262656664444979,-0.8536619991170891,1.4132279222221211
1769370195.8110461,1.0579624756183534,-0.8424482309207002,1.352406603650667
1769370195.831329,1.000503902364187,-0.8986062752536009,1.3448053006183152
1769370195.8510346,1.0533180265877249,-0.8458733443475666,1.3509184208576017
1769370195.8710325,1.0184685846548556,-0.8791546117922808,1.3454334206360792
1769370195.8909888,1.187355076838979,-0.8040596163941148,1.4339888232518232
1769370195.9109643,1.1228958498931894,-0.8644803610454708,1.4171172796704778
1769370195.9309242,1.0851447879146932,-0.8345504886783465,1.368946211102427
1769370195.951545,1.0377954347337175,-0.8779931211656092,1.3593716508623659
1769370195.9714468,1.220961142264498,-0.8458180660249627,1.485312866615662
1769370195.990873,1.1491737453783744,-0.9101539427781433,1.465940140872594
1769370196.0110812,1.0859431772487769,-0.8879532759511367,1.4027592824449688
1769370196.0312889,1.025418854784177,-0.9407879895290707,1.3916055004882109
1769370196.0512896,1.068204857072006,-0.8942823423808806,1.393126887460887
1769370196.0711484,1.0376785506273398,-0.9204004603035822,1.3870521914330054
1769370196.0910175,1.0730594474467194,-0.8809582444538024,1.38836018605612
1769370196.1112425,1.0982888162068543,-0.8563684458287382,1.3926971095023433
1769370196.1315548,1.0427876589718306,-0.9026963387140863,1.3792268782298898
1769370196.150989,1.0873204142854993,-0.8491841494337315,1.3796301689117558
1769370196.1709754,1.0250712576600947,-0.9000214405469338,1.3641149792906118
1769370196.1910262,0.9812879840198585,-0.9353565683286558,1.3556614686186657
1769370196.2109966,1.0167202921052416,-0.920592045720644,1.3715720422284379
1769370196.2310112,0.9725238430123886,-0.955422072843576,1.3633172640674291
1769370196.2513547,1.0176989118535502,-0.8851707239551725,1.3487914166894837
1769370196.2711506,1.0653291184970088,-0.8482239306968888,1.3617672221508692
1769370196.2911437,1.0270035632303331,-0.8774840229700605,1.350819947089738
1769370196.311261,1.0584726818711205,-0.8970320036788029,1.3874548042698365
1769370196.3310905,1.0327090492947955,-0.9162918815864347,1.3806081242541524
1769370196.3509443,1.0241102434562626,-0.8404542915222128,1.324826481804372
1769370196.3710668,0.9851667755461584,-0.8689550616346375,1.3136348331178158
1769370196.3909853,1.0095852695505378,-0.8889353873131249,1.3451648743968032
1769370196.410974,0.9638193266980446,-0.9217450524590673,1.33362724786555
1769370196.4313102,0.9643062992917066,-0.8418802703280543,1.2800972730309617
1769370196.4513535,0.9051151125581232,-0.8835918221116432,1.2648983655154582
1769370196.4711058,0.8522826668693266,-0.9203699025106062,1.2543789306638065
1769370196.4911966,0.9390866430282081,-0.8838674042205978,1.2896144041370068
1769370196.5109873,0.8811706952946681,-0.8780455468001991,1.2439556971619807
1769370196.5310316,0.8276315440228812,-0.9138301869908214,1.232906964583045
1769370196.5511773,0.9851444328996424,-0.8338642710839563,1.2906739232910596
1769370196.5711145,0.9177551942281594,-0.8778965108226009,1.2700302674532067
1769370196.5911238,0.9329657716151329,-0.8422011892675298,1.2568722982901095
1769370196.611168,0.820450597385415,-0.8855023723639857,1.2071676081689449
1769370196.6309853,0.7864748477090862,-0.9071124324307904,1.2005813804776149
1769370196.65092,0.7456049178907822,-0.9328939251666131,1.194243597092189
1769370196.6717098,0.8184212375677289,-0.9239344959673206,1.2342885703676754
1769370196.6912405,0.763970445993464,-0.8860063056050214,1.1698965834309076
1769370196.7110267,0.7158043960455105,-0.9153272483917689,1.161981026112959
1769370196.7310615,0.8823791067202427,-0.7787040052466705,1.1768486800619782
1769370196.750937,0.8270209384392366,-0.8117116550696322,1.15880949408986
1769370196.770966,0.8529932575934858,-0.7536126015370526,1.1382132711822468
1769370196.791017,0.7902939731950349,-0.7900501511435305,1.1174720602280444
1769370196.8113935,0.7764004769158275,-0.8128868688929352,1.1240919722930522
1769370196.831027,0.7273412403949848,-0.8407309081364467,1.111689587913483
1769370196.8513794,0.6570225678300128,-0.8801040149027664,1.098299472678519
1769370196.8712118,0.614700421480757,-0.9034988835720412,1.0927794108531443
1769370196.8910527,0.7817701526780825,-0.759141374505814,1.0897064733701864
1769370196.910941,0.6460950494036108,-0.6442464905900787,0.9124101892797376
1769370196.9310539,0.6132937107715,-0.6874467130531814,0.9212557511133916
1769370196.951055,0.5777243640436263,-0.7064016210351305,0.9125616094328495
1769370196.9711611,0.6637821251023857,-0.6255847005657071,0.9121200179731419
1769370196.9911613,0.6208564950595754,-0.6478788541751261,0.8973348300076929
1769370197.0111117,0.6468803130667675,-0.5859809183587315,0.8728274606781694
1769370197.0310001,0.6345858925800654,-0.6044376737974044,0.8763812849252635
1769370197.0513198,0.562433377481276,-0.6404193874225177,0.8523310952274523
1769370197.0714014,0.5927734991427629,-0.6030437656194962,0.8456016819629067
1769370197.091124,0.5420377684223325,-0.6277709747549642,0.8293981788869929
1769370197.1112494,0.4839016338170614,-0.6557266532258428,0.814946768176662
1769370197.1313334,0.44585510121212835,-0.6596648488609569,0.7962063074980167
1769370197.1511,0.5768767456426991,-0.625701541854395,0.8510518193049578
1769370197.171036,0.5402494855063118,-0.6425642062587444,0.8394988181973605
1769370197.1909509,0.5280474529576065,-0.5944078167326903,0.795081609124459
1769370197.210934,0.4765265092716531,-0.6174884027318859,0.7799804110020986
1769370197.2310724,0.41012171659398344,-0.6468009485047626,0.7658663652417804
1769370197.2515168,0.3899550084255434,-0.6625744451469773,0.7688106424588506
1769370197.2709522,0.4632856607674469,-0.5633054406279534,0.7293467096750232
1769370197.2909842,0.41870329717163735,-0.5821336022213592,0.7170718108373918
1769370197.3115208,0.36659217973913805,-0.6038684045439915,0.7064324994310485
1769370197.3311381,0.46372717036147115,-0.5861434329413431,0.7474001689267401
1769370197.3510246,0.2789985221336586,-0.6002752804113616,0.6619445502651293
1769370197.371187,0.21904670334772902,-0.62415457084448,0.6614759153238801
1769370197.3910215,0.4379557772142526,-0.4970712425635182,0.6624840246971847
1769370197.4110918,0.36269024706814257,-0.526098427810529,0.6390021682772764
1769370197.4312382,0.4963247691126291,-0.45996326387545183,0.6766863974912332
1769370197.451066,0.40561895454813524,-0.493811242315346,0.6390432530946145
1769370197.4713655,0.38338946623358794,-0.5028954081411112,0.6323695710170519
1769370197.4909794,0.2847214995706029,-0.538446371826276,0.6090901638104272
1769370197.5111685,0.3497284410952428,-0.50285885510544,0.6125169472503292
1769370197.530942,0.28880833400959105,-0.5241749343535438,0.5984727358852175
1769370197.5509562,0.37351191382678905,-0.5460032041576319,0.6615365815440227
1769370197.5709388,0.3353413253831299,-0.5590520271496331,0.6519148514720525
1769370197.5911613,0.3848429579006485,-0.48796878008045974,0.6214641040148114
1769370197.611257,0.28532237620516554,-0.5210801481093004,0.5940819632988132
1769370197.6314461,0.3308345183048047,-0.41447592826867474,0.5303223299241243
1769370197.6509833,0.23095463162100138,-0.4464961392791156,0.5026915995502091
1769370197.6708593,0.2379257596748321,-0.36984539924571713,0.43976617248268407
1769370197.691246,0.16079472443577458,-0.3934911790728495,0.4250767594382431
1769370197.7111444,0.2522932251568175,-0.39301018034695145,0.46702127715594705
1769370197.7309632,0.3187211072844125,-0.41539131964393183,0.5235772079303387
1769370197.7509143,0.24891782578072785,-0.4354235890859237,0.5015513791466155
1769370197.7710037,0.5021656652096915,-0.2620414917275471,0.5664239566811154
1769370197.7910004,0.4554988227460903,-0.2749348442973334,0.5320416770628718
1769370197.8110404,0.5346355317386244,-0.18114286416612613,0.5644890512983838
1769370197.831264,0.48786356793169716,-0.19365315036693076,0.5248927543432875
1769370197.8509862,0.5724420037697033,-0.09660687679647406,0.5805365934411388
1769370197.870948,0.5333838961100454,-0.10672539426298266,0.5439565151830804
1769370197.890951,0.416936650747175,-0.23112633043883957,0.47671328003150426
1769370197.9110708,0.3464595502137193,-0.2486657579747451,0.4264608764276592
1769370197.931374,0.5009820010674666,-0.1274026157352246,0.5169278401186576
1769370197.951042,0.45387491831016824,-0.13859672406515378,0.47456453027239015
1769370197.970929,0.5649868556514495,0.006771066318333574,0.5650274280050473
1769370197.9910276,0.5098747224872859,-0.005687690171384041,0.5099064448023505
1769370198.0109632,0.4389493639339257,-0.0212710137718779,0.43946444694068415
1769370198.031021,0.5918612560855578,0.0027885399892531026,0.5918678251184516
1769370198.0510712,0.6175059743378277,-0.018453953292405068,0.617781657816925
1769370198.0713282,0.5463733663182406,-0.03313313614053781,0.5473770730789095
1769370198.0909998,0.5645424540755055,0.09242820770828875,0.5720586998147663
1769370198.1110048,0.5090943982170817,0.08161855039839105,0.5155954752178759
1769370198.1309483,0.5773101618472047,0.1001727785219586,0.5859365226104745
1769370198.1510434,0.4979281745749624,0.08562780280246773,0.5052371598055041
1769370198.171008,0.4344672067415942,0.03835045884067467,0.4361565217065239
1769370198.1916306,0.3708371592042514,0.02741234926942404,0.3718489418287327
1769370198.2111037,0.5900979636278407,0.1447132036323162,0.607583342417526
1769370198.2309582,0.5024512909043413,0.13069068289389163,0.5191698703957219
1769370198.2516298,0.5688307246314039,0.1329151014527925,0.5841530770944326
1769370198.2710187,0.5289355803160145,0.12685811907826405,0.5439355021510492
1769370198.2910843,0.37780086873612717,0.041565660579651276,0.3800805185183728
1769370198.312112,0.38640429471786497,0.09623512262148903,0.398207832422196
1769370198.3321874,0.3064445682510186,0.08530050911975984,0.31809503338883405
1769370198.3527315,0.29844453207565635,0.08423725970909501,0.31010490910199245
1769370198.372108,0.2584335768864108,0.0790034583566408,0.2702396345738609
1769370198.3913236,0.2692515358626455,0.051715666681571015,0.2741731200258567
1769370198.4109845,0.23719515671216307,0.04791378142245373,0.24198610046427516
1769370198.4309862,0.06041555231452378,-0.01119646312765532,0.06144428165450309
1769370198.450953,0.052839535987601494,-0.053868954425652316,0.07545780817316416
1769370198.470964,-0.059570527760172354,-0.06525662553979306,0.08835765362698489
1769370198.4909613,0.11608478902676467,-0.035112314407048206,0.12127882282743294
1769370198.5109434,0.0035483326966794237,-0.045188976702420725,0.0453280738653017
1769370198.531083,0.28824905168670156,0.188515972034911,0.34442094522625955
1769370198.5520437,0.32079609811429854,0.12138721410429909,0.34299415784144427
1769370198.5712793,0.2886023486275935,0.11899225509396949,0.31217058222342364
1769370198.5909772,0.32894583155632695,0.17585480932397202,0.37300170785219466
1769370198.6109152,0.2886812368124989,0.17317601298394747,0.3366404431446264
1769370198.6309462,0.3122312574393593,0.1571744588135755,0.34955996427723784
1769370198.6511202,0.2558320742335134,0.1538870949836868,0.2985486362540284
1769370198.6709783,0.34640777767862474,0.2575296814582626,0.43164787184490755
1769370198.691006,0.2657872363643463,0.2537975500002938,0.36749972979629325
1769370198.7109995,0.38551979423849936,0.22789123945171408,0.4478391773488931
1769370198.7310407,0.3048618791823774,0.22509578694275278,0.3789576212163936
1769370198.7512383,0.4064635314651319,0.3314622767614903,0.5244805461854778
1769370198.7709599,0.34191721712000067,0.3299313521960081,0.47514427337912013
1769370198.7909873,0.26929438489751334,0.32863068054379996,0.4248736164225912
1769370198.8110185,0.4582234027154044,0.4168117161998808,0.6194357864682776
1769370198.8309295,0.5458776950240853,0.41987136051065876,0.6886758434139243
1769370198.8509755,0.5135967854222692,0.4197010957096401,0.6632726948517939
1769370198.8711379,0.27473070785578635,0.3131743116286323,0.41659946147709925
1769370198.8910017,0.22630942106824214,0.3132495471955741,0.3864469341092967
1769370198.9110193,0.37010704482597667,0.35445284788019427,0.5124607750844913
1769370198.9310803,0.3216889067029154,0.354924807852413,0.4790150017742547
1769370198.9510186,0.40321024997402866,0.45614098393752656,0.6088046508623381
1769370198.9727974,0.3467348580779763,0.4573664292553232,0.5739417325967149
1769370198.9919448,0.30639971447662084,0.45840696141507076,0.5513780257728386
1769370199.0112064,0.28220063587148303,0.4590973568642953,0.5388947781951978
1769370199.0312893,0.24993776247363364,0.4600949638596923,0.5235993323901188
1769370199.0511835,0.44947698558550186,0.5444040006934059,0.7059782408417524
1769370199.0712738,0.47800441868828614,0.5218508188593107,0.7076838993715058
1769370199.0912187,0.4162749119884932,0.6037838990103586,0.7333756193487609
1769370199.1110637,0.3598579842246785,0.6066646000849922,0.7053649451216955
1769370199.1311471,0.4311440603545016,0.6044392346733205,0.7424499910374002
1769370199.1512034,0.3667217221217598,0.608458902377718,0.7104273765548782
1769370199.1710815,0.2942662089588932,0.6133607181100005,0.6802969735751104
1769370199.1910715,0.2821945739292797,0.5254827325687734,0.5964611301527307
1769370199.2109442,0.3876019919518967,0.5801321260091301,0.6977023633276237
1769370199.2309663,0.3152627613457497,0.5863599717233869,0.665739156975762
1769370199.2510133,0.2831254179077298,0.58927059559828,0.6537582405615843
1769370199.271019,0.3540066598135745,0.5729018762002265,0.6734517614099049
1769370199.290969,0.3058440587819735,0.5776956509289124,0.6536611151004862
1769370199.3110352,0.34161039497439205,0.6220810401552153,0.7097059126674616
1769370199.3310242,0.39135173520252664,0.5893372946464988,0.7074423139078427
1769370199.350989,0.3192465855016131,0.5977365006603383,0.6776483649918337
1769370199.3713422,0.35035492038477223,0.6395402248956019,0.7292189448288745
1769370199.391053,0.3023590095869739,0.6457157649733238,0.7130005749040463
1769370199.4110339,0.34872684493107187,0.6759695898541946,0.7606216528493177
1769370199.4309793,0.2927931190363804,0.6836167672241236,0.7436798336549227
1769370199.451103,0.3720723032548481,0.6693437854757254,0.765806047249786
1769370199.471052,0.33218560952028753,0.6752461200425324,0.7525321267592893
1769370199.4912782,0.26264368934279503,0.6484660190616145,0.6996355375688208
1769370199.5109923,0.1989290396271972,0.6585482361612018,0.6879378912067783
1769370199.5311136,0.23047956387336122,0.6657449437869358,0.7045120009915552
1769370199.551133,0.15892658895994138,0.6778057748025192,0.6961884292589798
1769370199.571136,0.1033312623957805,0.6874945547169222,0.6952165939861654
1769370199.591389,0.45390761901559884,0.8709648856623682,0.9821466075170612
1769370199.6109583,0.1495988759766167,0.6636202034820902,0.6802731790707891
1769370199.631174,0.5030413571638057,0.8401412290606682,0.9792282123104776
1769370199.6509693,0.4556117319025166,0.8495500894741403,0.9640111019966163
1769370199.671137,0.255583799512916,0.6824392026466639,0.7287292665197912
1769370199.690931,0.20040746332215598,0.6941258465595932,0.7224775721206114
1769370199.7109203,0.3174511678419627,0.703633777899805,0.7719298785289879
1769370199.731098,0.2781426612686282,0.7124188506270439,0.7647901403302433
1769370199.7510011,0.23886756053780722,0.7213403863582091,0.7598616087608936
1769370199.7710807,0.33054326740194817,0.7264532467675902,0.7981185196221982
1769370199.7910264,0.6998368123428627,0.9148626189047984,1.1518442496186563
1769370199.810971,0.6449962805172742,0.9279243118244693,1.1300724447379615
1769370199.831038,0.3190457145435328,0.7797555483462086,0.8425015626960521
1769370199.8509645,0.2643556087060226,0.7933870590879781,0.8362696415526529
1769370199.8710558,0.43034765802874553,0.8045350746348503,0.9124011141425301
1769370199.8909976,0.37583502914213085,0.81881050607165,0.9009454001123364
1769370199.9110224,0.3877799902135184,0.8847441839752084,0.965994612763422
1769370199.9310515,0.32567202890027325,0.9017274621460634,0.9587359836766327
1769370199.9509492,0.2559223139617668,0.9212450408676109,0.9561321331838561
1769370199.97101,0.5046736579209661,0.8650474943943993,1.0015002089652085
1769370199.991002,0.5600726212375378,0.9273441755967893,1.0833506177933232
1769370200.011042,0.49835498696781144,0.9456163885869278,1.0689003917109727
1769370200.0310476,0.6090641123337264,0.9699521993007179,1.1453236930497726
1769370200.051,0.5475503585318968,0.9888675822009647,1.1303408734786116
1769370200.0712147,0.259383638025799,0.8386919168549829,0.8778860991457743
1769370200.090875,0.20572520737491828,0.8556834763109684,0.8800665159981244
1769370200.1111052,0.29080252865317746,0.8731803966162714,0.9203315248898254
1769370200.1311278,0.22967046799775304,0.8932509103181454,0.9223045661030321
1769370200.151143,0.31713839455044024,0.8255485741929411,0.8843682545467294
1769370200.1713214,0.3242038298555201,0.812360355179591,0.8746642041152126
1769370200.1910138,0.25581989366841285,0.8360655827231431,0.8743280143119668
1769370200.2112198,0.7073419173215427,0.9419568493457566,1.1779708375123301
1769370200.2313943,0.6468211655433471,0.9637696084186298,1.1607021488333056
1769370200.2509007,0.49571685000781684,0.9174853353342995,1.0428396501548858
1769370200.2711263,0.42791757269243647,0.9428065679422803,1.035373204972047
1769370200.290998,0.34526773751484896,0.9743315968334829,1.033698152826398
1769370200.311142,0.2868432450428706,0.929231768695868,0.9724971604999036
1769370200.3309896,0.23445743591437207,0.9498415100895405,0.9783502356235831
1769370200.3509538,0.48979138932885746,1.0608221092395618,1.168434487899157
1769370200.3709834,0.3521215282199286,0.9482823350362617,1.0115478029128246
1769370200.3910632,0.30000750115366515,0.9695823054147246,1.014935637231149
1769370200.4110262,0.7181190673689564,1.0797176973582365,1.2967209803606294
1769370200.4310608,0.6514357164788116,1.1078920078766825,1.2852210680740064
1769370200.4509845,0.39321420000759844,0.9451993586617777,1.023728105847569
1769370200.4711769,0.3194964435898662,0.9774002225405267,1.028294302468337
1769370200.490935,0.354623547010366,0.9725882415896958,1.0352225595362332
1769370200.5109446,0.32526764847817446,0.9857738740746167,1.0380506605915722
1769370200.5309777,0.7498657834852054,1.1321130252759395,1.357931734381858
1769370200.5509949,0.7060463197774851,1.1523766756183598,1.3514708314205501
1769370200.5710294,0.3813866790494842,1.0203944453946803,1.089339535291321
1769370200.5910141,0.3523012595649746,1.0341847302440597,1.0925448429062516
1769370200.6111214,0.38186825085376697,1.0454349285900268,1.1129948566485606
1769370200.630937,0.32395726596235264,1.0735742996316944,1.121387572162045
1769370200.6510732,0.8089008994942191,1.1136437601079492,1.376416757246848
1769370200.6713028,0.7512163462632273,1.14225931515909,1.3671438629349826
1769370200.6912181,0.43148542178943927,1.0031870204219802,1.0920457257642378
1769370200.7110262,0.3382836576538111,1.0508201367880696,1.103928798842995
1769370200.7313347,0.4233102904929211,0.9925202891366114,1.0790218377702205
1769370200.7509532,0.3449725775775896,1.0338370522299,1.0898739054789481
1769370200.7712057,0.7224616431728386,1.170747923316111,1.3757185489063468
1769370200.7910573,0.36643918737203407,0.9497069873354409,1.0179494289185667
1769370200.8109548,0.3382014679081813,0.9652061128904439,1.0227429165026414
1769370200.8310764,0.3472883770194244,0.9317097498387517,0.9943300632875257
1769370200.8515127,0.31214076532090473,0.9513602006432689,1.001258252771542
1769370200.8710651,0.31050936860721734,0.9251449997296342,0.975863381072165
1769370200.8911748,0.2754804649087923,0.94501100496363,0.9843451051581119
1769370200.9110386,1.048374067617381,1.225500379929887,1.6127428086526723
1769370200.9309857,1.0134788538447204,1.2456050183316236,1.6058241649954494
1769370200.9509454,0.6877806452665496,1.120600786832827,1.3148339588912443
1769370200.9710288,0.6184122422244265,1.161546178830526,1.3159115573961797
1769370200.990953,0.6986198809823811,1.1792769590744188,1.3706800809480104
1769370201.0110085,0.622912675224292,1.2253286240127,1.374572820108102
1769370201.0312803,0.7164678690691382,1.2024748742255347,1.3997399867661804
1769370201.0510612,0.6686102157201148,1.232304897035843,1.4020039157662214
1769370201.0720859,0.7368963544153679,1.2347157235251092,1.4378939999425526
1769370201.0913477,0.7233013707114289,1.243363832234289,1.4384430792288476
1769370201.1126153,0.7097181635380672,1.2520304147836039,1.4391942298380194
1769370201.131114,0.6825872002327529,1.2694189423798123,1.4413014040075967
1769370201.1512468,0.8965161987412564,1.2412539751545353,1.5311605812070814
1769370201.171124,0.5413954252835929,1.119712839822659,1.2437306180124883
1769370201.1909947,0.5732521357824041,1.154732881766387,1.2891958886886015
1769370201.2112873,0.5331348788637023,1.1816953010887277,1.2963936839078603
1769370201.231505,0.9411968315156756,1.3396420142596082,1.637220877592479
1769370201.2510486,0.9013619814015179,1.3669997387590715,1.637419221605585
1769370201.270933,0.5413259400525945,1.1267893437708256,1.2500751971818787
1769370201.2910738,0.5083398478974814,1.1499020668117792,1.2572526254569667
1769370201.3111837,0.5730675932015501,1.1411439123974332,1.2769557138677667
1769370201.3309374,0.96392575571695,1.2958982263994778,1.6150867084215033
1769370201.3510072,0.8987083939480947,1.3431725402102779,1.6161031062799471
1769370201.3710198,0.45324552046164257,1.1445879347461312,1.231061754009505
1769370201.3909574,0.4144495649934825,1.1734032650103516,1.2444451230408837
1769370201.4109988,0.44366048022824955,1.1697522673822631,1.2510615447540168
1769370201.4309251,0.39238625549009853,1.208768440022408,1.2708611706601733
1769370201.4510236,0.8606253205225727,1.2295537777156391,1.500825917493225
1769370201.4709997,0.8161000813689512,1.2641476558322287,1.5046888843068282
1769370201.4910161,0.7844019067832306,1.2889774094817263,1.5088900269798955
1769370201.51097,0.8866606343944134,1.2833671508922786,1.5598712525635148
1769370201.531537,0.4766874008956421,1.128154756345651,1.2247301876078494
1769370201.550953,0.4452483509846239,1.1533067551588907,1.2362696168512983
1769370201.5709472,0.9615957884950674,1.3210167887543196,1.6339375191916687
1769370201.5912204,0.9178257984613047,1.3565282703238999,1.637856264911266
1769370201.6110346,1.032178100877644,1.2706106272631925,1.63702260156833
1769370201.6314392,1.0134934835450942,1.2859190323702316,1.637301682342128
1769370201.6510787,0.6333253198253921,1.3081168151831708,1.4533652544687097
1769370201.6714392,0.5963139132152904,1.3391364854012213,1.4659047750883645
1769370201.6915467,0.6736220433091233,1.2651838556549002,1.433337659395635
1769370201.711016,0.6247632898703586,1.3071163752136534,1.4487520100836149
1769370201.7313807,0.6200430944946831,1.2597466307794392,1.4040708717122121
1769370201.751095,0.5777092591154798,1.296930097417012,1.4197801469431304
1769370201.7710688,0.585972802102809,1.238944495236584,1.370528214624293
1769370201.7910953,1.0889038853013062,1.3438032501815271,1.729600776659954
1769370201.8109958,1.0413117485997176,1.3871681647250211,1.7345217424403723
1769370201.830927,0.6100660274842689,1.2105203827252893,1.3555589824437067
1769370201.850971,0.5805381854865743,1.2378566381164084,1.3672284525041531
1769370201.870974,0.5334992962139182,1.2817878809282246,1.388380953036743
1769370201.8911726,1.032591827493814,1.3703502693525889,1.7158396611926556
1769370201.9109259,1.0034544444428164,1.3980715008286586,1.7209081159380182
1769370201.9309995,0.540085311622601,1.2664455062916762,1.376799318795903
1769370201.9511893,0.5921209756279104,1.2902356986245742,1.4196180499640711
1769370201.9709916,0.5519697930876752,1.3297342677452582,1.4397443784565611
1769370201.990996,1.0699617043920568,1.3423885130092552,1.716631867560647
1769370202.0109875,1.030141008159756,1.3822159782386998,1.723865281044538
1769370202.0310419,0.6252136730881439,1.324758277709335,1.4648810980334792
1769370202.0512192,0.5633815694062214,1.3880693818794592,1.4980438583892801
1769370202.07098,0.5892106530696672,1.3385943568517087,1.4625334341087808
1769370202.0908995,0.5226991009223028,1.4085572533368274,1.5024140195141853
1769370202.1109676,1.0847570778808695,1.411812662291374,1.7804249243983583
1769370202.1309826,1.057338935401006,1.441238364744723,1.7874936778425194
1769370202.1509628,0.6215156191136337,1.305100648114871,1.4455342841012315
1769370202.1709714,0.5888970839709096,1.340670268182136,1.4643075303695605
1769370202.1909235,0.6871557241910047,1.248364696610507,1.4249903175221603
1769370202.210947,0.6709393738787455,1.2662333263886845,1.433006099176886
1769370202.2310128,0.6840769923687446,1.2645551477820005,1.4377277396190924
1769370202.2509298,0.6518560404329108,1.3004812408903224,1.454705384384242
1769370202.2709358,0.6304588002875064,1.3245056588946478,1.466899294192995
1769370202.29098,0.6111118844013674,1.3795086748216923,1.5088081121086576
1769370202.311387,0.5995646639452481,1.3527279478618075,1.4796454599593092
1769370202.3310878,0.5416706157408306,1.4196175850432102,1.5194476442842533
1769370202.3513947,1.0323396956400508,1.4563755651420163,1.7851484627158942
1769370202.371121,0.5569108566946461,1.2865412888498033,1.4019052001543035
1769370202.3911207,0.5207855812334472,1.3297098091990271,1.4280566509423822
1769370202.4111848,0.46444388258270664,1.3978962751720152,1.4730316073351222
1769370202.431174,0.5862184751496997,1.252360907137665,1.3827725562555522
1769370202.4511862,0.5458858587556215,1.3024688528943946,1.4122381114916147
1769370202.4710233,0.5474051551500629,1.2873192773273654,1.3988721620160702
1769370202.4911451,0.5416635427143,1.2692595456396645,1.3800069520488705
1769370202.5111325,0.5119675498880021,1.3072743740008304,1.4039505194477429
1769370202.5310147,1.014002364406828,1.3904900443879007,1.7209483892797317
1769370202.5511327,0.9699173289510377,1.447863607122041,1.7427130141902205
1769370202.5710068,1.0395788393558014,1.410099723630205,1.751886238834684
1769370202.5910041,0.9961775202418863,1.4679862409881883,1.774078142463264
1769370202.6109943,1.1054935274591955,1.41642248991363,1.7967661531727779
1769370202.6310914,1.0581047111772364,1.4813511588995576,1.8204358916997119
1769370202.651224,1.0252029838685637,1.526995126526449,1.8392268143349075
1769370202.6710396,1.2481856578964958,1.441044979397455,1.9064569413509236
1769370202.6909518,0.8486866664160537,1.352580515316034,1.5967915042875767
1769370202.7109458,0.8164906342931246,1.3987190710768433,1.6195900702592791
1769370202.7309532,0.923334212243681,1.3605980861115845,1.6443154257715171
1769370202.7509568,0.9006374656414842,1.3937594319145117,1.6594315889990094
1769370202.7710965,1.4603435855190625,1.4417431804504202,2.0521273805838574
1769370202.7910678,1.4333999073677575,1.4817330988567963,2.061593624041765
1769370202.8112018,0.9467562228758482,1.4486063262578042,1.7305512514884598
1769370202.831092,0.9069923545387901,1.5090201139597714,1.7606183105735838
1769370202.8511865,1.0186864450075923,1.3726778490216511,1.709376070511376
1769370202.871385,0.9883002388252322,1.4200493034260098,1.7301090677245485
1769370202.8909886,1.295452848819874,1.4058039802170375,1.9116701897318982
1769370202.9108765,1.2697701397433114,1.4465729160781273,1.9248089280015628
1769370202.931205,1.063252272221245,1.3758708226904761,1.738828891844913
1769370202.9511135,1.0378931032720544,1.4168744894539056,1.7563471788587133
1769370202.9710364,1.0060728371828205,1.462719923508904,1.7753118397473115
1769370202.9910583,0.9646020884147646,1.53157593491426,1.8100226610135617
1769370203.0110495,1.0070302963623519,1.3543603153979331,1.6877209134559052
1769370203.0309565,0.9744484735286001,1.4097714844555755,1.7137693736166182
1769370203.051116,0.9652221931647276,1.329495432896774,1.6429278706842574
1769370203.070928,1.4075649665983825,1.4561045802563333,2.0252110220514252
1769370203.0909793,1.371895725202176,1.5190104761778076,2.046824542447626
1769370203.1110003,0.9098998010248138,1.3753440594836066,1.649087302074042
1769370203.130972,0.8711264482961525,1.4457186287642685,1.687887331096808
1769370203.1509473,0.9279919634825937,1.365426963201977,1.650926974801506
1769370203.171078,0.908963727485542,1.400808662071639,1.669874236467928
1769370203.190983,1.4512324500897087,1.474281626439108,2.068715045203017
1769370203.2111223,1.4212856087224175,1.5311552324190103,2.0891359762652035
1769370203.230976,0.9892049712644386,1.3856857743002102,1.70254266914878
1769370203.2509484,0.9672561866192453,1.4286035786808862,1.725251493427274
1769370203.2710416,1.0054840085986356,1.410827200709301,1.7324639914898154
1769370203.290991,0.9696083827745703,1.4827094887500039,1.7716003623774792
1769370203.3112922,1.017474530376603,1.4380726665869035,1.7616206783384032
1769370203.33116,0.9858929564311154,1.5031107771301002,1.7975891994182482
1769370203.3509536,1.0358236935183562,1.366151980888827,1.714439254957864
1769370203.3711815,1.0152381770394072,1.409702202627987,1.7372302254486873
1769370203.3911974,1.5527016041415465,1.5558994156190558,2.198114024118733
1769370203.4109633,1.5159250998129608,1.6362090097938635,2.2305176152573982
1769370203.431243,1.1575815032529775,1.3506162816858183,1.7788083868219895
1769370203.4509938,1.1249720006501107,1.424018951618013,1.8147705025192518
1769370203.4713798,1.2035327270873708,1.4038313477505677,1.849116945489803
1769370203.4910748,1.1875506210199944,1.4406722345311094,1.8670331986426578
1769370203.511035,1.216230774713619,1.4152586532779647,1.8660585073996603
1769370203.5308843,1.2395341896245213,1.3279764648986427,1.8165809914707396
1769370203.5512464,1.2056005221132686,1.4095694518511563,1.8548203844339632
1769370203.5709965,1.2106854467375854,1.3870151532978405,1.8410785660639306
1769370203.5910935,1.180827655177783,1.461560873950662,1.8789662422449436
1769370203.6110988,1.1573183435241674,1.521344559622217,1.9115111868230434
1769370203.6311204,1.4558174639086765,1.4394796318612606,2.047316804689719
1769370203.650912,1.1920157756090077,1.3730169411831326,1.8182621180887617
1769370203.6709738,1.1779928530317392,1.4106340790528131,1.837812739856549
1769370203.6909864,1.2159754156549667,1.38304629452464,1.8415790138562087
1769370203.710947,1.199480631948326,1.428307314215651,1.8651583231085456
1769370203.7309353,1.2456316534168081,1.358260455961612,1.842951351019049
1769370203.7510614,1.232163952052428,1.396076317134316,1.8620572193143725
1769370203.7709203,1.2289385752712612,1.414230876607899,1.87358986817844
1769370203.7909884,1.207921108509197,1.4749192236777153,1.9064260071547916
1769370203.8109958,1.1975400325349952,1.5053065215876007,1.9235513649128477
1769370203.8311207,1.2212567029568504,1.4112117266659396,1.8662760974723165
1769370203.8511314,1.2147767190680376,1.4225158415024786,1.8706239056836653
1769370203.8711193,1.1874317615656622,1.506474506029401,1.91819175936387
1769370203.890999,1.1922406057386148,1.4684248958773405,1.8914833694231512
1769370203.9111636,1.196463857125508,1.4136514873100827,1.8520087173071451
1769370203.9309654,1.182464435165894,1.459730736201073,1.87857285263104
1769370203.9509127,1.7399254231370556,1.5245768632033552,2.313368775161808
1769370203.9709256,1.724213267879513,1.5785183357022512,2.337655134804951
1769370203.9909565,1.2013762460709287,1.4132921869257524,1.854912313358465
1769370204.0110383,1.1904765777633237,1.4519133987308246,1.877574765386766
1769370204.030997,1.3014512093054584,1.3464537397676177,1.872621938229082
1769370204.0510676,1.2908485743907256,1.3851566657514538,1.8933961631634975
1769370204.070961,1.3379554637303421,1.3597094595820787,1.9075991815375848
1769370204.090937,1.3256056702311163,1.4062533030023063,1.9325575658059408
1769370204.1110926,1.3708340046770822,1.3249676686091338,1.9064955261522463
1769370204.1310253,1.3550607517239506,1.387208949033774,1.9392107438703166
1769370204.1513894,1.4069354742244933,1.384511648590426,1.9739148749917965
1769370204.1709533,1.3900421552654016,1.4547545752255222,2.012095441959569
1769370204.19095,1.377205110146356,1.5094658269044028,2.043325964697123
1769370204.210969,1.6108660347166825,1.3550001911190659,2.104973847755965
1769370204.2310367,1.5879576781329554,1.4812410711892827,2.171562731886735
1769370204.250938,1.5707766129113878,1.559693659701943,2.2135906305782496
1769370204.2712193,1.6914565831698845,1.4828823644456248,2.2494367027175017
1769370204.290938,1.6702735048582973,1.585154566975639,2.3027219941268084
1769370204.3110323,1.7615998107955804,1.5055803230568117,2.3173273404011954
1769370204.33102,1.7491438303832822,1.5686552004751286,2.349507028579733
1769370204.351952,1.2310876910747979,1.418194091686229,1.8779913164894042
1769370204.3711507,1.2281025113940487,1.4339924188453228,1.888006895061093
1769370204.391355,1.19666703829677,1.4418676068038918,1.8737647120426688
1769370204.4109797,1.1895932625559276,1.4814492513738164,1.8999536875183292
1769370204.4310331,1.1364308449943685,1.3998108278560348,1.803037830783817
1769370204.451006,1.6304871365180134,1.4099202903482677,2.1555425134954898
1769370204.4709477,1.618914680518376,1.4814069102750462,2.1944136293344
1769370204.4909215,1.5474992570300259,1.3861040473147321,2.0775077329557075
1769370204.5109787,1.540284561991701,1.4338576358481356,2.10438215440779
1769370204.530966,1.494538236613291,1.3797256013904349,2.034032270105704
1769370204.5509596,1.4867057184859611,1.4355429193445186,2.066658502670202
1769370204.5710273,1.4749317455800934,1.523346170266783,2.1203790247468532
1769370204.5910325,1.38213894529666,1.3767417818974836,1.9508270036392314
1769370204.6111226,1.3588016730194958,1.3683272780828508,1.9283831379023735
1769370204.631201,1.35492035635286,1.4003190163731531,1.9485128995404768
1769370204.651006,1.3410058537544707,1.4002575016479142,1.9388186533879375
1769370204.670941,1.3327850587281276,1.472313531302742,1.9859564817049966
1769370204.6909437,1.3022395718890252,1.3769835475062342,1.8952339150343858
1769370204.7110467,1.2948464474417598,1.4491525140830044,1.943365722535426
1769370204.730985,1.2707613463349503,1.416521885308339,1.9029893985244655
1769370204.7511911,1.2655411832614085,1.4727192813036272,1.941776652463964
1769370204.7712922,1.2083554650818797,1.36606527432496,1.823802967348659
1769370204.790931,1.2030216927702106,1.4303618911791718,1.8690094523606242
1769370204.8114784,1.7528185751377237,1.4399040492412238,2.2684127993751737
1769370204.8311589,1.4522249561183997,1.2676569680248342,1.9276699696148725
1769370204.8512678,1.4469222476810764,1.3481703118569976,1.9776620491396029
1769370204.8710427,1.4435269157838029,1.4045382718621653,2.014074902707905
1769370204.8914347,1.267339692526619,1.2857484645236452,1.805352876940787
1769370204.9111376,1.2648434718508952,1.3341037915274896,1.8383856871864102
1769370204.9311242,1.8789384621564196,1.3782514005063087,2.3302331787974206
1769370204.9509373,1.875655727284613,1.4588979804074151,2.3762297289051
1769370204.9709508,1.3729281717481392,1.298759245119168,1.8898961192515844
1769370204.9911063,1.3708376849983317,1.3713849495881512,1.9390442590535373
1769370205.011439,1.452408633893178,1.3118210349015609,1.957131898318979
1769370205.0309353,1.2076873981715721,1.2119015331873637,1.710910336003703
1769370205.051012,1.2073536636541498,1.2361226851632265,1.7279184477035492
1769370205.0718644,2.0299777355425945,1.2494719757873511,2.3836924770356993
1769370205.0910356,2.0296614831603,1.3059984160912963,2.4135363264424763
1769370205.1109273,1.413111145967246,1.3193526196090577,1.9332807467427349
1769370205.1310024,1.4134582829980964,1.4001149446510688,1.9895190815901194
1769370205.1509302,1.3815162452835246,1.2573396392835798,1.8680176938391269
1769370205.1709955,1.3824489720966575,1.3300276838304859,1.918368786288651
1769370205.1911979,1.3645970164047192,1.2612199887308515,1.8581713799202997
1769370205.211189,1.3668295650951485,1.3500520976690806,1.9211620770874271
1769370205.2310028,1.9316767741130008,1.2914975114161145,2.323648205224196
1769370205.2509568,1.9350634580222028,1.380304827181087,2.3769122833020693
1769370205.2709844,1.9283314772492233,1.251005152016349,2.298581339983778
1769370205.2909567,1.9298392577039252,1.2832896944810361,2.3175659646569864
1769370205.3109558,1.4790258840787125,1.2716135858948743,1.9505175409637407
1769370205.3309555,1.4812560635930794,1.3119547441284567,1.978723016637859
1769370205.3510535,1.4851118351235826,1.376486488086659,2.0249128906472196
1769370205.3709826,1.5508917671547344,1.2719396851043632,2.0057656483177992
1769370205.3913536,1.5981854835926264,1.2848506803193338,2.0506189579449545
1769370205.411013,1.6037420767708852,1.3573755854595735,2.101060953139416
1769370205.4311051,2.2229383602359434,1.2502960492010509,2.5504303880043895
1769370205.4511218,2.2286946743021936,1.314700746456296,2.587569903209516
1769370205.4709942,1.6867316825795804,1.1969830969384496,2.0682921223497672
1769370205.4912148,1.7983378966120824,1.202284840215647,2.163217055083362
1769370205.510921,1.803415827832577,1.250519282805504,2.1945630828812943
1769370205.5309637,1.8611149155030553,1.2041607843728581,2.216698428593615
1769370205.5509968,1.867482270258371,1.2603884850242775,2.253013351693938
1769370205.571015,1.9004874093898572,1.2133070060677422,2.254765239270474
1769370205.591135,1.9095151015037857,1.285504085025642,2.3019054445151794
1769370205.6109228,1.927494375675039,1.1958318422136536,2.268313991296401
1769370205.6309583,1.936331239332599,1.2599043664996596,2.3101380220974304
1769370205.6510017,1.9487165945772276,1.2041330000347887,2.290727536778097
1769370205.671033,1.9571199120242753,1.2601030072047301,2.3276979913228244
1769370205.6909773,1.9671508078337894,1.2212992453476765,2.3154382193113974
1769370205.7111504,1.9735906491369484,1.2612116603045287,2.3421603067358365
1769370205.7309752,1.9814987105613504,1.309077888993773,2.3748730617463933
1769370205.7510424,1.9753536345438079,1.1879760785825102,2.305061635789748
1769370205.7709944,1.9749677559558414,1.161223160084253,2.2910558405637587
1769370205.791021,1.97774565213496,1.1771550798618318,2.301558590734386
1769370205.8111682,1.9817485544136666,1.1832006257893717,2.308092514131316
1769370205.8310075,1.9932960872649232,1.2468523970164274,2.3511423162903737
1769370205.8513255,1.9938246089612477,1.1835989826391078,2.3186727071761988
1769370205.87093,2.0045570963934196,1.2391789350203837,2.3566530473744898
1769370205.891179,1.4142977881813543,1.1962486502775391,1.852363103429105
1769370205.9111485,1.4286831976612078,1.2675947619307344,1.9099560622573726
1769370205.9309728,1.9172994105286172,1.135126540833559,2.228126857546074
1769370205.95096,1.932562728032316,1.206292693039929,2.2781441479988116
1769370205.9711473,1.8671640583820732,1.1492530799894318,2.1925063883097375
1769370205.9909818,1.8778746928790397,1.1965807158126083,2.2267058116442238
1769370206.011007,1.852470643474831,1.1613778781856574,2.186423120275459
1769370206.0310009,1.865588561304552,1.2164493368174352,2.227143836646831
1769370206.050942,1.8597450837289635,1.2052933096116618,2.216164194875615
1769370206.0710268,1.8714880629040813,1.252375740631532,2.2518686829641843
1769370206.0909653,1.8633659239344418,1.1336753368159869,2.1811355610747576
1769370206.1109817,1.8714301419685988,1.1650038604130177,2.2044239091077387
1769370206.1310928,1.8816306855822518,1.2041332844234809,2.2339362129616
1769370206.1509902,1.8879649358709507,1.1838403416075458,2.228427596646495
1769370206.1713085,1.5405413026941979,1.110744088605136,1.8992156106345564
1769370206.191137,1.8178945260807708,1.0933694695101295,2.1213668482399015
1769370206.2111113,1.8310424771233293,1.1401015365498264,2.156976603181688
1769370206.2313185,1.796906524088559,1.122731391513991,2.118820151358527
1769370206.251394,1.8106344784588728,1.1692487204040862,2.1553514295238787
1769370206.2711654,1.8292257318763774,1.2312404726137416,2.204998838902365
1769370206.2909374,1.8047714599053606,1.1466019523775515,2.1381992563100707
1769370206.3108976,1.8116067057777663,1.222584509570046,2.185550671903903
1769370206.3309546,1.8288546134541086,1.2765013556973166,2.2302835936825307
1769370206.350921,1.8256475287418645,1.1340259716207886,2.149186777251282
1769370206.3709326,1.8435193589007284,1.1877380029503524,2.193008251305554
1769370206.3909655,1.837792332291606,1.111034922589111,2.1475286391204222
1769370206.4110205,1.8508453603026531,1.1493032278533875,2.1786524406862315
1769370206.4309735,1.8572500313256057,1.1204802583156663,2.1690674697053813
1769370206.4510634,1.8786975996688398,1.181512727017335,2.2193415679217563
1769370206.4709876,1.9387228000567411,1.0691814387524392,2.2139997841988572
1769370206.4910185,1.952503817690605,1.1071897042256502,2.2445801832947896
1769370206.5111494,1.9776352626323224,1.175481849515549,2.3006083566194637
1769370206.5310283,1.9691845793187674,1.081618295793728,2.246683343335807
1769370206.5510519,1.9741999651880242,1.0522992631511823,2.2371408631950107
1769370206.5712154,1.9973836064412787,1.1126716793037268,2.2863900667219808
1769370206.5910246,1.9800738363655341,1.005270012929751,2.220644094931717
1769370206.6114225,2.0006606251202363,1.0579910859872665,2.2631809638062554
1769370206.631055,2.012777117893325,1.0435336967066,2.267208482358229
1769370206.650953,2.0430866752919137,1.1184418597512735,2.3291877031272628
1769370206.671006,2.041034467644657,1.0401338485220286,2.2907859177484817
1769370206.691022,2.0690680214669577,1.1072187809789664,2.346694676861423
1769370206.7115765,2.072949589926182,1.0526698744100393,2.324915883825816
1769370206.7314205,2.098536101392739,1.1119967220256797,2.3749506265698437
1769370206.7511585,2.1027582073522026,1.0483617761052848,2.349607305952566
1769370206.7710361,2.125727828638489,1.0999994991741744,2.39347398139849
1769370206.7911334,2.120015349835519,1.0229900370717946,2.353927292735774
1769370206.8110437,2.1366979430083397,1.0597414967919576,2.3850639697246967
1769370206.8311474,2.4215051917650072,0.8789708068520774,2.576097256130497
1769370206.85097,1.8735306706016033,0.923088217639128,2.0885902018416815
1769370206.871002,1.9045870109647787,0.9887357640811913,2.145938045123616
1769370206.8909974,1.9360543833423876,1.0541693822919171,2.2044454318084163
1769370206.910992,1.9511837966732628,0.922322076418542,2.158192813686789
1769370206.931086,1.9325731464535068,0.9129974130057406,2.1373823341995655
1769370206.9509742,1.95430331542331,0.9562305013881041,2.1757017765446363
1769370206.9709504,1.9909127828518614,1.028076091876052,2.2406860912698323
1769370206.990925,1.9020817142622377,0.9241381029779934,2.1146976334943344
1769370207.0110397,1.813673609354165,0.831100311701535,1.9950287439979788
1769370207.030968,1.8325032226294837,0.8667372669109721,2.0271412261605617
1769370207.050916,2.0775197300014554,0.8713145888196063,2.252837619810891
1769370207.0710554,2.1042889220304026,0.920979165636739,2.2970055487344423
1769370207.090971,2.033206492487512,1.029945958904893,2.279192251513218
1769370207.111046,2.0526414906255184,1.0652426248565643,2.3125913903776114
1769370207.1316092,2.0175265947368324,0.9679317756616843,2.2377009368559464
1769370207.1509395,2.0532018950934123,1.0310653878225295,2.2975495328677473
1769370207.170981,2.024190247578595,0.9273053965322084,2.2264863477753574
1769370207.1909845,2.052473010393225,0.9760929280302229,2.2727522659857233
1769370207.2110333,2.065911613288396,0.9571113009570666,2.276851518290025
1769370207.2310414,2.0947264019249943,1.00557738523114,2.323588727940022
1769370207.250986,2.0902573063301517,0.8702878794406566,2.264194470395133
1769370207.2711244,2.132247047526299,0.9390143408411742,2.329855232410375
1769370207.2909834,2.1619191913364233,0.9869470077400688,2.376543495489996
1769370207.3109684,2.1414849805938836,0.8432027478844653,2.301510112110981
1769370207.3310285,2.1538078383636474,0.863781935207891,2.3205618794137286
1769370207.3509095,2.1925407568169604,0.9250191031784283,2.379683867985097
1769370207.371031,1.9290107300742783,0.8779385025236923,2.119400483852744
1769370207.3909812,2.2086539738843705,0.8135661774749128,2.3537294452605133
1769370207.4110777,2.244097658724648,0.8673234610685885,2.4058728744498206
1769370207.43125,2.23658228288663,0.8030001360358288,2.3763647713673777
1769370207.4509606,2.268132458533895,0.8497070701864686,2.4220707988372023
1769370207.4709625,2.29123240729578,0.8924295852841873,2.4588974173260914
1769370207.4910507,2.3187206790563017,0.9321363819236055,2.4990685908932044
1769370207.5109432,2.3648954789059538,0.9980577237480208,2.5668755026457557
1769370207.5314803,2.3248779513228826,0.7377442493235691,2.4391236266243825
1769370207.550966,2.343348827589022,0.7457794931575759,2.4591605844631648
1769370207.5709631,2.3715650559174897,0.7849621500787052,2.498096553679443
1769370207.5918736,2.371562277218164,0.678315559393285,2.4666616372821037
1769370207.6109412,2.409717813410875,0.7301633828009191,2.517911536542333
1769370207.6309373,2.441475704785475,0.7406583450729354,2.5513483496347398
1769370207.651135,2.465665220134472,0.7728042339337975,2.583937182240849
1769370207.6709416,2.494837626701141,0.8112679707935957,2.623427243900494
1769370207.6910794,2.4289925252806412,0.7144906793703534,2.531896842048731
1769370207.7109542,2.465779332835183,0.7404364858874288,2.574551205136624
1769370207.7310634,2.4955277228970445,0.7784495801686884,2.6141236322355748
1769370207.7510986,2.4789423157026036,0.620273288948356,2.5553657189458807
1769370207.771002,2.5090280362247306,0.6580161136784586,2.5938787351035186
1769370207.7911878,1.997556609031836,0.8107427739855471,2.1558145216730837
1769370207.8109975,2.043245509058213,0.8668995616968225,2.219542083484046
1769370207.8316448,1.995675802810723,0.7545327706356595,2.133551408306664
1769370207.8509536,2.0419016764400943,0.8102427198642186,2.1967830392057004
1769370207.8713331,1.94687823223979,0.8147335342814017,2.110479941400011
1769370207.8912296,2.3678208047360734,0.6132679627250681,2.44595031786133
1769370207.9109304,2.3992878720567354,0.6498811147083821,2.485744909730913
1769370207.930885,2.446763576869113,0.7045177222745309,2.5461730542310415
1769370207.9515808,2.337205164846239,0.6562015980915614,2.4275766764248363
1769370207.9710202,2.36921329096198,0.6922804534995262,2.4682835826477487
1769370207.9910057,2.307525481654096,0.6802378079977451,2.405701004678791
1769370208.011195,2.305380581382842,0.6665788583706131,2.3998139510061525
1769370208.0311575,2.354271245162238,0.7199459963707238,2.461892632404587
1769370208.0510783,2.403492378074887,0.7730071268016214,2.5247407054092057
1769370208.0711184,2.420918241570419,0.5425723019166302,2.4809735659969294
1769370208.0910425,2.476316537593572,0.600861553270363,2.5481715406459373
1769370208.110995,2.4840106497889245,0.5831145525919936,2.5515351241378896
1769370208.130948,1.9646549985980855,0.6854419495568091,2.0807931011344407
1769370208.1510565,1.9927441741493332,0.7142097661319973,2.1168667727668717
1769370208.1710088,2.187375515429107,0.5312543072138407,2.250964856329838
1769370208.190967,2.2213557565382267,0.5655060662368463,2.29220821655804
1769370208.2109437,1.9265463598304535,0.8153635098799779,2.091984352192857
1769370208.2309875,1.983846900024652,0.8717788656304215,2.166944141711384
1769370208.2509646,1.9239365271227875,0.8127353584585038,2.0885570433402014
1769370208.271065,1.9702735435866359,0.8573568915790268,2.14872954931408
1769370208.291051,1.7424912772244703,0.724671538983424,1.8871737309044894
1769370208.3111792,1.7775391860625902,0.7577941382957007,1.9323295562670926
1769370208.3311164,1.6038510505035646,0.7987688816346115,1.7917505179207276
1769370208.3513393,1.6569939978306927,0.8478925529738497,1.8613304086688784
1769370208.3711283,2.042778379406581,0.5989880457073866,2.1287860827878715
1769370208.3912787,1.6389865535997892,0.692869820859908,1.77942280291654
1769370208.4113264,1.6629281200884591,0.7143484518440761,1.8098684049490905
1769370208.4310381,1.704968761169951,0.7517761429578407,1.8633533872258277
1769370208.4511075,1.828336870393489,0.6753764634270745,1.9490892947711556
1769370208.471314,1.8140793346539539,0.6248832048249824,1.9186877943247755
1769370208.4911335,1.8567113063739384,0.6616363772795388,1.9710757395281413
1769370208.5109248,1.8660049369616054,0.6842148576194376,1.9874919864372464
1769370208.5310292,1.9213384484761384,0.7308584424713942,2.055649653156979
1769370208.551033,1.9583888022716458,0.7617620887605767,2.1013253390981244
1769370208.5709271,1.918427720056716,0.6201860202264626,2.0161834283532705
1769370208.591097,1.934155222939335,0.5896974806339763,2.0220532992702167
1769370208.6109805,1.9904795420019816,0.6351418899319334,2.089357324029264
1769370208.6309774,1.990783984368285,0.5620067249369924,2.068591895781202
1769370208.6509602,2.0475788423461374,0.606863590703643,2.1356175999802183
1769370208.6709588,2.041432787607956,0.51082590322968,2.104374237090734
1769370208.6909359,2.111416820904477,0.5649291794141789,2.1856866127951524
1769370208.7109334,2.1414062707517942,0.5146051658558939,2.2023712886660776
1769370208.7310512,2.167038854624874,0.534042334961562,2.2318733416090355
1769370208.750944,2.200688267207809,0.48708602429029924,2.25394801281774
1769370208.7710063,2.2393796425538035,0.5159257338545835,2.2980427642534833
1769370208.7912807,2.266130634228233,0.44192016095772857,2.308818199869483
1769370208.810941,2.324632004180234,0.48456621112321585,2.3745985698263445
1769370208.8311303,2.3787705458982273,0.3949688183199811,2.411337736087177
1769370208.8513522,2.4233599475107894,0.32289060303480355,2.4447764267367424
1769370208.8710487,2.4892589759121684,0.36905942831116434,2.5164687780269914
1769370208.8909197,2.5449144549324423,0.3332883843843888,2.566645813136212
1769370208.910932,2.604786765245869,0.37408308150194003,2.6315113992278327
1769370208.9309533,2.6324614053550803,0.30864579292930827,2.6504934024020894
1769370208.9511757,2.6725898727695636,0.33551671135037253,2.6935679110848127
1769370208.971003,2.2158066782966834,0.45187049925633005,2.2614124311328854
1769370208.990936,2.256120676067333,0.4784711742166259,2.3062990199743734
1769370209.0110245,2.310044090722048,0.5136852476480307,2.3664691493300882
1769370209.0310385,2.269262107055585,0.4497538006234443,2.313402038490843
1769370209.050959,1.965157581245876,0.4459718399480117,2.0151265968059566
1769370209.0710084,1.9923721834784658,0.46319557697136915,2.0455065534054366
1769370209.0912235,2.0843469470965097,0.3725399755833223,2.1173776775242916
1769370209.1110868,2.159718485865465,0.4190670678186983,2.2000002603452526
1769370209.130951,2.065802874188705,0.44065126489126527,2.112277219556322
1769370209.1510286,2.1347339708771464,0.4822591959526683,2.188529885219259
1769370209.1709943,2.028138613598042,0.42188998122421495,2.071554342088268
1769370209.1910148,2.069787311254057,0.446384555552676,2.117375423788672
1769370209.2109525,2.125474441133285,0.4787793639340201,2.1787315757660273
1769370209.231043,1.7594749305008826,0.532434633526389,1.8382705649711812
1769370209.251101,1.6944441771316363,0.5638163883690979,1.7857855384140844
1769370209.2709975,1.7505689159491702,0.5954494995624948,1.8490677748575575
1769370209.2913773,2.1228891509909467,0.42234402645122415,2.1644936645955086
1769370209.3111215,2.1934997288396545,0.46106787410135297,2.241433613772217
1769370209.3312616,2.031755601122061,0.42586854079668157,2.0759081956414067
1769370209.350904,1.9658047220908301,0.3548446057938719,1.997574253852811
1769370209.3712401,2.0228342797848455,0.3848104033367008,2.0591108687947886
1769370209.3913646,2.0202082524601117,0.4554871713261015,2.0709200724679335
1769370209.4110758,2.048854888087014,0.4702140216321773,2.1021197821669335
1769370209.4310105,2.022512413098884,0.38533983892351387,2.0588936962846502
1769370209.451339,2.0872257631406512,0.4179630706624664,2.1286626117719245
1769370209.470988,2.0992796138471768,0.37005284541679373,2.131645844298583
1769370209.4909573,2.1571457845674864,0.39835484426164314,2.193619045737886
1769370209.5109918,2.1759461871382975,0.3393731165562457,2.2022524654459565
1769370209.5310147,2.226872217237915,0.3635241244838703,2.256348745426529
1769370209.5509481,2.2362000982261065,0.2787913914872213,2.2535118191999417
1769370209.5710142,2.287403893905914,0.3023430328931269,2.307298828369432
1769370209.5910182,2.360746811517057,0.33555819388440256,2.3844757934545933
1769370209.6110675,2.413778608992722,0.2670346895472271,2.4285046219129214
1769370209.6309302,2.3994816416837352,0.1530558144250591,2.404358174462905
1769370209.6510534,2.4437697278354946,0.1723443568430909,2.4498393947401587
1769370209.67132,2.448787704588945,0.12890531926126414,2.4521781753126835
1769370209.6909297,2.5006407676286813,0.15100092541174348,2.5051957065670067
1769370209.7109041,2.314706839105977,0.2738944641123311,2.330855192515263
1769370209.7313347,2.3518386562064073,0.28941464621361135,2.3695792669310958
1769370209.7510257,2.314940481623683,0.16833850524485428,2.3210530553626216
1769370209.7710423,2.367171608173191,0.18949458066487068,2.374744116456046
1769370209.7910693,2.339188632099809,0.16141751783032277,2.344751388016964
1769370209.8111093,2.4065830302030555,0.1880129959654191,2.413916064802837
1769370209.8310664,2.1330697216965007,0.25867910830601915,2.148697586607381
1769370209.8509007,2.2082825297596713,0.2873724421285324,2.226902479170718
1769370209.8711188,2.1507816382139495,0.24936527824415577,2.1651892982536345
1769370209.8912292,2.0365283345861123,0.24701580355666408,2.051454231704629
1769370209.9114943,2.104636896825454,0.27168605593444894,2.122100322903772
1769370209.931221,1.989013635507355,0.31763618966175855,2.014216470793799
1769370209.9511201,2.034606271887597,0.33359670574611044,2.0617733735037427
1769370209.9709983,2.1107252578771813,0.3597735986059867,2.1411674751159926
1769370209.9909852,2.008283210975925,0.3317875577016274,2.0355059417583097
1769370210.0109956,2.3030202704428007,0.052499231020274095,2.30361857418457
1769370210.0309286,2.364267192797577,0.0723823651399762,2.3653749313210772
1769370210.050956,2.4409784711947324,0.09675826841119672,2.442895425379913
1769370210.071058,2.3469828051177295,0.04791114122661,2.3474717815070583
1769370210.091043,2.3404797968417483,0.037528911618558425,2.3407806600857897
1769370210.1110072,2.3867039945896416,0.05151606804282949,2.387259906892575
1769370210.131122,2.370448843506278,0.06512542557404544,2.3713432987942613
1769370210.1510537,2.3936016326932457,0.07198302856750516,2.394683764598892
1769370210.1709654,2.361686332414175,-0.016641686631910346,2.3617449647338877
1769370210.1910365,2.4235457779335405,0.0012391840683356747,2.423546094737347
1769370210.2110608,2.4314228828090876,0.0026044311908961504,2.4314242776836545
1769370210.2311027,2.4934284874633175,0.019971258343542075,2.4935084666496383
1769370210.2511384,2.5060760377933367,-0.05645557638759513,2.5067118580537344
1769370210.2715354,2.5527127297461565,-0.04391365244493173,2.553090419370048
1769370210.2909288,2.578046572106567,-0.08883831823892407,2.5795767820977806
1769370210.311014,2.6092145983210706,-0.08073629884479061,2.610463401398867
1769370210.3310828,2.283216609011376,0.05707119621356327,2.2839297723666228
1769370210.3509495,2.3301037548840995,0.06867385704188678,2.331115528489738
1769370210.3709588,2.4005104909785366,0.08571459627112432,2.4020403013504867
1769370210.3909552,2.376365558494598,0.08394036642683389,2.37784760922882
1769370210.4109342,2.34690202992539,0.0621162399000994,2.3477239116487363
1769370210.4309726,2.4175701592296353,0.07803455702983442,2.4188292347514833
1769370210.4509635,2.2874144776839813,-0.02350842619411253,2.2875352759728984
1769370210.471166,2.326746389471392,-0.014991186259429412,2.3267946829455375
1769370210.49102,2.274451838526394,0.08271415185804898,2.275955359117065
1769370210.5112014,2.3217565718617372,0.09242798887519754,2.323595599950792
1769370210.5311131,2.2075658649671404,0.027966719841987953,2.207743007142552
1769370210.5512574,2.247061608620861,0.03564106784097021,2.2473442456941517
1769370210.5711937,2.283893836067831,0.049184716333133593,2.284423382551799
1769370210.590919,2.3472447056790138,0.060692124651986035,2.348029225187142
1769370210.6111472,2.2005478006509627,-0.012235716975371957,2.2005818175472798
1769370210.6312602,2.2719346736769506,4.3054472200765304e-05,2.2719346740849042
1769370210.6509836,2.199630619550769,0.06727124303043652,2.2006590564201804
1769370210.6709383,2.0680889015684016,-0.010869604516170028,2.06811746598029
1769370210.6909292,2.115801081917235,-0.0034265926100225386,2.1158038566415027
1769370210.7109015,2.044287084967536,0.10028914126220911,2.0467456113596962
1769370210.730964,2.0761414427953753,0.10494236669138601,2.078792002779319
1769370210.7509468,2.108008454193582,0.10950728290338319,2.110850891929721
1769370210.770977,1.9242578231333027,0.14728685215017023,1.9298864180842414
1769370210.7913518,1.8818425802571017,0.1201111751592272,1.8856718143056699
1769370210.8111422,1.953693078347511,0.1292630769414238,1.9579646542885647
1769370210.8310194,1.8991448886735007,0.11961077946118337,1.9029077872398323
1769370210.8511093,1.963084426336838,0.1271479255824879,1.967197768376673
1769370210.870988,2.1380774664472355,-0.12081087355565145,2.1414879219128715
1769370210.8910575,2.218106976938353,-0.11232893005682953,2.2209494252842212
1769370210.9110494,2.1413991439740503,-0.07989114165933486,2.1428889118030425
1769370210.9310067,2.213513683825612,-0.07312580892344656,2.2147212493706605
1769370210.950965,2.1832779327174023,-0.11199047096567227,2.1861483017119143
1769370210.9709544,2.231397814312075,-0.10796267248437985,2.234008089592935
1769370210.9910066,2.2022755765986357,-0.1708407135387766,2.2088920898688764
1769370211.010962,2.2423992267276542,-0.1677750458634506,2.248666884632596
1769370211.0310366,2.3260480952748583,-0.1700723780452016,2.332257351860156
1769370211.0513465,2.3902871471982845,-0.1657180726499483,2.3960248591498643
1769370211.0710514,2.402576159656693,-0.20823028957928358,2.411582894376425
1769370211.0909462,2.4668547232351017,-0.20449533522451446,2.4753162560925253
1769370211.1109908,2.1476010722007697,-0.07635977016283135,2.1489581614859827
1769370211.131093,2.2360352805606674,-0.07216878322854114,2.2371996131737353
1769370211.1509693,2.1707251118265454,-0.1336011887832882,2.174832588674051
1769370211.1710901,2.23507090686323,-0.13123995147843814,2.2389206961325105
1769370211.191492,2.1721755861693577,-0.12286476083497888,2.175647610851819
1769370211.210936,2.2606733341522904,-0.12061619586913963,2.2638887319064898
1769370211.231036,2.2034872118326625,-0.15498655957077645,2.2089311275722623
1769370211.2512028,2.300066558674235,-0.15377102601453174,2.305201011359552
1769370211.2712069,2.190874040895322,-0.18724877876318402,2.1988613344677512
1769370211.2914717,2.153741422439472,-0.12914996156045078,2.157610212087129
1769370211.3110821,2.2100749340351165,-0.12918932782960724,2.2138475775164355
1769370211.3310158,2.107282296941248,-0.18203324651446806,2.1151299680725484
1769370211.351022,2.179718962734192,-0.18304059265291173,2.187390823575374
1769370211.3709505,2.1128985284737727,-0.22033390932998387,2.1243557195599956
1769370211.391162,2.145088561106638,-0.22103624474095085,2.156446604133691
1769370211.411139,2.0450785036481296,-0.2045590433046307,2.055283554228316
1769370211.43103,2.101397027202326,-0.20634977028744927,2.1115041306216895
1769370211.4509974,2.0438637347394337,-0.20051345898706785,2.053675878374673
1769370211.471077,2.1082053751680796,-0.2032015939520342,2.1179756352876753
1769370211.4913137,2.0073847543154333,-0.22153678012580258,2.019572255901368
1769370211.5112524,2.079718874097585,-0.22542290288542333,2.0919001124391716
1769370211.531033,2.1600826702009712,-0.2302836482009809,2.1723231114940775
1769370211.5509815,2.074740557285697,-0.18914012521826606,2.0833440347224808
1769370211.5714288,2.3239309078012376,-0.36870641081710076,2.352997934893168
1769370211.5909963,2.3560504191750073,-0.37114173987141186,2.3851037228534753
1769370211.6109471,2.1904317273817018,-0.26156968611223164,2.205994073657778
1769370211.6309626,2.230548072612633,-0.2648645445416058,2.2462185849091276
1769370211.6510236,2.1884034469116713,-0.3491993924502914,2.2160888660300917
1769370211.6710134,2.244527034916345,-0.35427488849107647,2.2723143064034352
1769370211.6909392,2.079834045244832,-0.2575329603534797,2.095717748511929
1769370211.7110255,2.151907930444491,-0.2649501620450643,2.1681573580987146
1769370211.730989,2.1168760682063716,-0.289476498424154,2.13657691911262
1769370211.750962,2.156862816483745,-0.29399994055316725,2.1768080241894228
1769370211.770941,2.1045597445006283,-0.30119756239515993,2.126003689969831
1769370211.7908957,2.152488044613344,-0.3072136884898278,2.1743010446115556
1769370211.8110492,2.2402911157480148,-0.3187560218672125,2.2628543224821382
1769370211.8310504,2.0857569335529327,-0.3779809750790619,2.1197291344381366
1769370211.850934,2.110156598657504,-0.3518304011495701,2.1392862132101147
1769370211.8709598,2.1420232396925822,-0.356476727549758,2.171483183602325
1769370211.8913114,2.062741833742459,-0.3898941996255303,2.099266862400499
1769370211.9111197,2.1104935543241012,-0.39726741957326794,2.147557786300052
1769370211.931358,2.150254608892366,-0.40355365377699215,2.1877957936104604
1769370211.9510736,2.117034893355667,-0.3478102249436752,2.145415738793022
1769370211.971557,2.194795797811789,-0.48159103266310765,2.2470110184050736
1769370211.991387,1.9309351789201248,-0.2980409961120998,1.9538011926894678
1769370212.0110586,1.9943448943850122,-0.3093422644824635,2.018193299551533
1769370212.0309372,2.0643441681854053,-0.452824993334751,2.1134254941468154
1769370212.0509942,2.143457303959286,-0.46776748170230675,2.1939041981897316
1769370212.0709693,2.0438433820643205,-0.401364246393733,2.0828799842264867
1769370212.091003,2.1227558360932246,-0.41733794738341956,2.163391620117368
1769370212.1109502,2.0253619054846066,-0.40560371246780846,2.065576243994858
1769370212.1311302,2.0647256199174944,-0.4140371972982706,2.105829690713446
1769370212.1512172,1.9896919747022181,-0.417774623447805,2.0330788942368585
1769370212.1709776,2.036847424187309,-0.428267549632686,2.0813842805899303
1769370212.1909862,1.9654676317760345,-0.41547939034364134,2.0089017236688353
1769370212.2109294,2.012542600758369,-0.42632820048752507,2.057202822863655
1769370212.230968,1.9507694288203812,-0.42768796194221537,1.9971024904121677
1769370212.2510433,2.036913138263243,-0.4482576967179632,2.0856533977380582
1769370212.271992,1.9908148122193108,-0.41835166842092875,2.03429637344768
1769370212.2915068,2.084561029927464,-0.4417245433879202,2.1308484835209462
1769370212.3109245,1.9935900667651243,-0.44730952134914403,2.043156176652723
1769370212.3309405,2.0637463220745786,-0.4654412418564924,2.1155813459891504
1769370212.3515022,2.0295927301042376,-0.4782777956320601,2.0851849557980784
1769370212.3709486,2.1228709342571683,-0.5034460066536113,2.181751334393856
1769370212.39114,1.814102767973509,-0.3721822079713526,1.8518878067257687
1769370212.4114034,1.7976287028790576,-0.3798981951847189,1.8373327385422735
1769370212.4310539,1.8826988666368614,-0.4045179869716016,1.925666072874339
1769370212.4509861,1.8504579043165172,-0.46582905387296947,1.9081905468478935
1769370212.47098,1.9044178765818973,-0.4820886444431203,1.964488969107668
1769370212.4909656,1.8380297237762484,-0.4575296578273047,1.8941189649218346
1769370212.5109565,1.8841300204839122,-0.4719566510656996,1.9423411169446674
1769370212.5310776,1.748851925587612,-0.3866159868960928,1.7910764860706363
1769370212.5509524,1.779511884852477,-0.3964652045489494,1.8231421246708266
1769370212.5709858,1.6980995384720554,-0.3668219917240343,1.7372680898961435
1769370212.5909991,1.7286841862954585,-0.3769018542789837,1.7692947814615085
1769370212.6110153,1.725097366649912,-0.39888537168903326,1.7706130193156153
1769370212.631024,1.7936673857651613,-0.42229406659889435,1.8427085959104492
1769370212.6511571,1.6888731042981817,-0.40065872626998456,1.735747613381065
1769370212.671051,1.7571485714491075,-0.42491070473627346,1.8077942939242606
1769370212.6909997,1.8177111419671252,-0.44682071538601775,1.8718233216117122
1769370212.7109451,1.7883097233411274,-0.46392752784005964,1.847506540633675
1769370212.73097,1.736905056477962,-0.45712835615230674,1.7960527579158756
1769370212.750992,1.7821093738599565,-0.47414941922880516,1.8441072344510065
1769370212.7712204,1.94913137995524,-0.6278870549834394,2.0477683682833847
1769370212.7909324,2.016645742355383,-0.6541814881783665,2.1200975141807405
1769370212.811443,1.7232314820576065,-0.4912930353315126,1.7918972033349752
1769370212.831084,1.7904392807725458,-0.5183689387608901,1.8639686625062672
1769370212.850969,1.7371394916371852,-0.5310686888189018,1.816504215698198
1769370212.8709455,1.7520239143500227,-0.5372125561630945,1.832535163906456
1769370212.890957,1.8907922760209939,-0.6437794527320335,1.997385144337618
1769370212.9110236,1.9278447849727698,-0.6595306562011629,2.037539251503107
1769370212.9316885,1.6953071050574184,-0.5308302353281604,1.7764703541564422
1769370212.9515557,1.7542946431323667,-0.5567221473692783,1.840513310001962
1769370212.9712887,1.9423250797847222,-0.7247941879845534,2.0731505807579236
1769370212.9913287,2.015645753810481,-0.7581729985109575,2.1535213257651566
1769370213.0111988,1.771425413831384,-0.6440464120328642,1.8848723504842697
1769370213.0310023,1.8225007577212908,-0.6679702579316391,1.9410546817068137
1769370213.051339,1.5834200721418403,-0.5545410475567181,1.6777171687405996
1769370213.0711832,1.6052311817703941,-0.5649779708320928,1.7017541698064165
1769370213.0911856,1.5524606876305942,-0.4888283603441721,1.6276017180241698
1769370213.1110928,1.7290950753140475,-0.6327264220029498,1.8412258157477444
1769370213.1310945,1.772523985685167,-0.6540281332884916,1.8893369416178944
1769370213.151117,1.7327276611226665,-0.6511854378312769,1.8510504104597307
1769370213.1708603,1.7831757524289982,-0.6765152444197611,1.9071939177710935
1769370213.1912792,1.7068594438622968,-0.6765034491782593,1.8360354239098957
1769370213.210925,1.7786476821697814,-0.7132764518438393,1.9163378809705955
1769370213.2310483,1.5715852639413734,-0.591541101727465,1.6792263447405236
1769370213.2511017,1.607309333377783,-0.6102794716032847,1.7192685440685866
1769370213.2709365,1.578867170487528,-0.5647794885782922,1.6768414989980567
1769370213.2910173,1.635708880912162,-0.5953980342222707,1.7407016867489564
1769370213.311317,1.5928982865522974,-0.5979789132433062,1.7014416628215292
1769370213.3309925,1.649383706733924,-0.6293094665999064,1.7653603079234557
1769370213.350967,1.6026670277173682,-0.6566868721234904,1.731987081288933
1769370213.3709967,1.6447586840073436,-0.6806839833714449,1.7800454527443916
1769370213.3912048,1.548934390885627,-0.6715264202375089,1.6882373886231852
1769370213.4110107,1.5838615846938993,-0.6917969273583005,1.7283519630478785
1769370213.4309728,1.6132119432620708,-0.6406772702942689,1.7357765232180962
1769370213.45098,1.661906159635154,-0.6694201351909044,1.7916627475147981
1769370213.4710767,1.6896722661492856,-0.6859484288878477,1.8236001793396952
1769370213.4910724,1.5648146008637127,-0.6485952671262041,1.6939068910701003
1769370213.5112898,1.5305490747314554,-0.6506072882179588,1.6630905909311255
1769370213.531041,1.5925375313827743,-0.6886208952864337,1.7350430906141294
1769370213.5509994,1.6013973925793303,-0.7554929628430038,1.770661804485876
1769370213.571141,1.6628926356476015,-0.7943036841760716,1.8428592622299478
1769370213.5910058,1.591725695088754,-0.7793725508330986,1.7722901177284343
1769370213.6112168,1.652707691829443,-0.8189732324512526,1.8444944754874866
1769370213.6311655,1.5032886658872329,-0.654529932595949,1.6395994162139342
1769370213.6511576,1.5180085395473117,-0.7026388805842458,1.6727376729921655
1769370213.6709309,1.5582046973464738,-0.7297129858574749,1.720605393622154
1769370213.6910262,1.5060835301005193,-0.7145918661586101,1.6670120379949531
1769370213.7109897,1.539428173105069,-0.7373697242387287,1.7069133576059181
1769370213.7309859,1.439325206537144,-0.6811987968630646,1.5923846429242148
1769370213.7509794,1.4791341175517045,-0.708817473526878,1.6402011914647807
1769370213.7710476,1.2710501103013252,-0.5764397511339681,1.395654387584692
1769370213.791031,1.3171120853923375,-0.6091809505634558,1.4511670048674437
1769370213.8110158,1.3433586965802728,-0.668832166446979,1.500649544214774
1769370213.8309634,1.4021265532806853,-0.711530344597044,1.5723340302547555
1769370213.8511493,1.454132650225949,-0.749786014936479,1.6360564882202169
1769370213.870942,1.5059184695533299,-0.7883245722849246,1.6997782408920443
1769370213.8909361,1.3654418099458514,-0.6938018097859135,1.531597952339455
1769370213.910979,1.5317574868890782,-1.116451845597652,1.895453962031035
1769370213.9315748,1.3942212292577816,-1.0419706398682465,1.7405618778028324
1769370213.9511018,1.4642109976112376,-1.096478009073497,1.8292560974088552
1769370213.9713047,1.4043452370225715,-1.1082909337573739,1.7889925485023057
1769370213.991031,1.4484831209248812,-1.143461756044065,1.845428985125047
1769370214.0110774,1.4487009727860816,-1.1051946027899824,1.8221387484457505
1769370214.0310836,1.4800471619463114,-1.1305312596658261,1.8624286645847488
1769370214.0512938,1.4433939480544424,-1.1230536711452999,1.8288345025051134
1769370214.0709352,1.4994230828416395,-1.169120296900985,1.90134474779935
1769370214.0911083,1.4968000426426604,-1.1291888163186954,1.874960733069972
1769370214.1109612,1.3884215779680185,-1.0589065675806033,1.7461379089386202
1769370214.1310344,1.4068466556618686,-1.0745370867361999,1.7702676247727358
1769370214.1510615,1.3996045819800242,-1.1373455421422811,1.8034544264079417
1769370214.171137,1.4299890925847887,-1.1637788285116564,1.8437054988808355
1769370214.1910367,1.3317633518466963,-1.0541410143356273,1.6984719318924564
1769370214.2110622,1.3798174279865965,-1.0970310980083724,1.7627743373934741
1769370214.231662,1.4335865431002457,-1.1456153105492213,1.8351034892678126
1769370214.2509735,1.3638489272533976,-1.1398159525562015,1.7774319402080756
1769370214.2709527,1.3446971683338926,-1.0904309105760355,1.7312567820126716
1769370214.291075,1.3682636237105799,-1.1123740208708064,1.7633834824784689
1769370214.3113549,1.3116402161735223,-1.0913436928859994,1.7062916259203098
1769370214.3309526,1.352540742074698,-1.1300964228709311,1.7625221655223655
1769370214.3509755,1.3230299385290767,-1.073896998649289,1.7040137857283326
1769370214.371006,1.369317938134528,-1.1186487724124952,1.7681647807025729
1769370214.3910728,1.2841715218799612,-1.1003582370659792,1.691119377065512
1769370214.4109771,1.3185309802382932,-1.1342780110689326,1.739284494337441
1769370214.431238,1.3000341341164035,-1.118712789871406,1.7151113829980988
1769370214.4511077,1.368032667191482,-1.1872598003188468,1.8113804713411779
1769370214.4709425,1.3268400135817524,-1.1402005057331301,1.7494460880277822
1769370214.4909987,1.3660386802811422,-1.1806386284500618,1.8055384922545095
1769370214.5112607,1.2701904351667022,-1.0821073313345817,1.6686341774388496
1769370214.5310602,1.3089597732894376,-1.1229554161609947,1.72464621148085
1769370214.5515363,1.2716812227699883,-1.115787754717994,1.691790603450792
1769370214.570985,1.3045282220720003,-1.1511620357193966,1.73981835680164
1769370214.5916142,1.2539073259501698,-1.1557459000614632,1.7052953314837835
1769370214.6111293,1.2971222862045946,-1.203426023144841,1.7693954952330022
1769370214.630902,1.1190845995783176,-1.1016878260159775,1.5703714232643098
1769370214.6510222,1.1510778115945328,-1.1378486227646665,1.6185424358578637
1769370214.6717181,1.08832755563152,-1.1010318133627859,1.5481369197793275
1769370214.6909733,1.125312676818254,-1.1435250792076381,1.6043622494264502
1769370214.711148,1.0315350440892344,-1.0164212060941793,1.4481631867238323
1769370214.731279,1.0470715553616823,-1.0453864032654039,1.479591691710828
1769370214.7511806,1.1039861452106514,-1.1132436949305742,1.5678319211955567
1769370214.771099,1.1018948130365258,-1.0944180930436538,1.5530367482381437
1769370214.7909443,1.1325281794896025,-1.1317739774061373,1.6011034986132973
1769370214.8109567,0.9859175380679304,-1.0430059276303059,1.4352333458158935
1769370214.8310366,1.0161854241518231,-1.0806703864390474,1.4834019348729934
1769370214.850962,0.9550757699617831,-1.0727439317535463,1.4362970686742176
1769370214.8710365,0.9948011809055681,-1.123485761018527,1.500616421588972
1769370214.8911514,1.0684293855587859,-1.1665247164685706,1.581872708550724
1769370214.9109616,1.102677902697034,-1.2113371614808202,1.638058691219805
1769370214.9309485,1.0191164332479747,-1.1588062687720555,1.5431883465933403
1769370214.9510286,1.0432898392425178,-1.1910447984062387,1.5833639507318702
1769370214.971062,0.9753663327762734,-1.0883555109734324,1.461457218456865
1769370214.9909341,1.004085360906851,-1.1272732791771833,1.5096133471635447
1769370215.0111017,1.0373619850857656,-1.1728461855840386,1.5657867233886325
1769370215.0310297,0.8926950409344743,-1.1283816571574867,1.4388014457591007
1769370215.0518465,0.8959840400947892,-1.02801150350777,1.3636697002752853
1769370215.070987,0.9331247119610477,-1.0807645457702062,1.4278563413264895
1769370215.0910635,0.8506556070661615,-1.052242922787764,1.3530817160800142
1769370215.1113927,0.8871727990472702,-1.105451738948993,1.4174269372756823
1769370215.1310608,0.8855227633744809,-1.1135703535855974,1.422740136792074
1769370215.1515374,0.9437531518815545,-1.2008258399835228,1.5273024290095598
1769370215.171033,0.9132553427621062,-1.1603601688379008,1.476641812529042
1769370215.190954,0.9441221961591175,-1.2076836275596996,1.5329274169236033
1769370215.2117548,0.8913653533327359,-1.1622311958175597,1.4646888903973798
1769370215.2313392,0.8784168242586916,-1.144588841015695,1.4428096659360088
1769370215.2509725,0.9001137427935513,-1.1786302231619459,1.483028641974454
1769370215.2709866,0.9083294207137333,-1.1175411996265314,1.4401252269843945
1769370215.290947,0.9340135573702097,-1.15862541373631,1.4882184566477428
1769370215.3109858,0.8751349242595428,-1.1362289490563438,1.4341817738112694
1769370215.3309853,0.9046554139104535,-1.1844501755771013,1.490410559658687
1769370215.3511462,0.8115976190888698,-1.131139713556216,1.3921809318097849
1769370215.3709838,0.8365485543964226,-1.1726978739432052,1.4404977568235426
1769370215.390936,0.8736582973884115,-1.2352352788997791,1.5129722452293146
1769370215.4109914,0.869049057454971,-1.1976206502888207,1.479709933149599
1769370215.431052,0.8579008075921801,-1.1519017574885542,1.4362699796948117
1769370215.4509804,0.9018113746068428,-1.229229353518459,1.5245552003524476
1769370215.4709399,0.865037109443243,-1.1736582053534903,1.4579995828900283
1769370215.491001,0.8924861007468499,-1.2231629965820137,1.5141529500792867
1769370215.5109706,0.8382871469929984,-1.152062804439808,1.4247715768456979
1769370215.5309513,0.8576103701622264,-1.187589797588064,1.4648771533289233
1769370215.5509932,0.7567026989148466,-1.1229625959186968,1.3541211047677646
1769370215.570956,0.7833570012694593,-1.1729298073848824,1.4104653574227966
1769370215.5917087,0.8661869438322061,-1.1724870566842878,1.4577399355706633
1769370215.6110005,0.903572562009868,-1.24425788082406,1.5377324373277224
1769370215.6311653,0.8523567313359233,-1.1542788565949191,1.4348768853932148
1769370215.651632,0.7720207068758476,-1.1160641346550744,1.3570612088290135
1769370215.6712427,0.8010061460565643,-1.173984131578571,1.4212141243383003
1769370215.6909585,0.7905258668488591,-1.2016745140457594,1.4383854781887406
1769370215.7112095,0.8257872590675457,-1.2745848267087414,1.5187136259724683
1769370215.7309952,0.7428956291720272,-1.1422285537979224,1.3625637544548863
1769370215.7509527,0.7635828629521311,-1.1862139069290674,1.4107310947115665
1769370215.7709494,0.7772760447101321,-1.2155865514259983,1.4428474325748992
1769370215.7909443,0.7407506163069482,-1.2002219157639562,1.4104056588936478
1769370215.811057,0.6755383829303478,-1.1337139949567252,1.3197194888205928
1769370215.8310692,0.7054356770030243,-1.2002464882563064,1.3922036944931266
1769370215.8509781,0.6706274270426587,-1.1518141194399227,1.3328229108336265
1769370215.8709202,0.6965444714369791,-1.2112627858936769,1.3972586507802813
1769370215.8911524,0.6486025051283624,-1.1358287399773488,1.3079725288465807
1769370215.911049,0.6771944271795454,-1.202965055409809,1.3804771699452902
1769370215.931008,0.6007466220473971,-1.1263974118398234,1.2765843619991635
1769370215.9510286,0.6131815766015065,-1.1563561191173033,1.3088739893907053
1769370215.9709995,0.6681498074608179,-1.1509460023353029,1.3308271358450514
1769370215.9909523,0.6772704540015668,-1.1735029032613866,1.3549185701828697
1769370216.010991,0.6547484484911021,-1.1590793304752225,1.3312251594438844
1769370216.0310578,0.6726379597363878,-1.2043384460758606,1.3794465983048234
1769370216.0514271,0.6499299852627278,-1.1514990862667354,1.322255320056129
1769370216.0709524,0.6817980729197177,-1.2348416320637767,1.4105610474258008
1769370216.0908737,0.6112989979253665,-1.1783496790708128,1.3274767158149496
1769370216.1110742,0.6419031869679284,-1.2621045142415959,1.4159616895624676
1769370216.1310391,0.5651165012279575,-1.1330754891706896,1.2661819474781362
1769370216.150969,0.589330094529612,-1.201934786576885,1.3386400530022637
1769370216.1710505,0.6078711572291344,-1.2555888023927952,1.3949948331392703
1769370216.1913764,0.6288516153241956,-1.2192816311253996,1.3718972447292346
1769370216.2109535,0.6417553817560409,-1.2577146765980842,1.4119830656714922
1769370216.2309353,0.36016403122610985,-0.7052854565188742,0.7919253150178235
1769370216.2509487,0.3022845246128236,-0.61554896914366,0.6857670648509034
1769370216.2709327,0.3223413391105865,-0.6067775833770188,0.6870829459304467
1769370216.290937,0.33724228530793976,-0.6530743859583374,0.7350091921837314
1769370216.3110394,0.3568144815837675,-0.7148895328078737,0.798989122820926
1769370216.3309767,0.2898827479314474,-0.614958211049796,0.6798570503317977
1769370216.3510504,0.15551142020862763,-0.5543341342347059,0.5757344302654178
1769370216.3710914,0.17640895776795484,-0.6241880532216229,0.6486376848174762
1769370216.3910058,0.2142054942364986,-0.597525987881447,0.634760821061604
1769370216.4109356,0.2253600938901983,-0.6364526504212016,0.6751734207937774
1769370216.430942,0.0962941439965912,-0.534658402479911,0.5432606828313703
1769370216.4509408,0.10917612123100495,-0.5814953057521919,0.5916554876436813
1769370216.4710174,0.11835093299791377,-0.5575671760619798,0.5699895605738824
1769370216.4913986,0.13286310485375608,-0.6123326573625434,0.6265811103951779
1769370216.5109897,0.09760922374387104,-0.5665016863272783,0.5748493030103898
1769370216.531183,0.10960152546818858,-0.6135448423497643,0.6232573850015346
1769370216.5515258,0.11944265049170943,-0.6527809401132405,0.6636184917040895
1769370216.5709999,0.10900742384881168,-0.5975074358090531,0.6073695368564875
1769370216.5914493,0.05667762921873809,-0.5583612963906042,0.5612305149943764
1769370216.6113691,0.0659329390989618,-0.5977196924707222,0.6013451448423959
1769370216.631414,0.1331022311713954,-0.6104277199019101,0.6247705220058389
1769370216.6513293,0.14539081918192331,-0.6656584345530465,0.6813513350643728
1769370216.671264,0.13571384054131164,-0.6696119995402245,0.6832265191301712
1769370216.691295,0.10400618066385503,-0.5626898397363487,0.5722212346276571
1769370216.7110531,0.11848249122596877,-0.6339325494785939,0.644909744084815
1769370216.7309825,0.08051633441812789,-0.5798151880628897,0.5853789647882267
1769370216.7509542,0.09412315343415001,-0.6511959475630498,0.6579630157804668
1769370216.770934,0.033830777321179895,-0.5920802266006859,0.5930459646820597
1769370216.7909644,0.04254307329392959,-0.6397209020418106,0.6411339529259705
1769370216.8110206,-0.02156794038283305,-0.5796211675348442,0.5800223046632029
1769370216.8309934,-0.010682209350491245,-0.6432442983594324,0.6433329907353782
1769370216.8511217,0.048730124201301184,-0.6047807782322003,0.6067408134647116
1769370216.8710682,0.056345492632358773,-0.6525691940530791,0.6549972271445647
1769370216.890983,0.032944373864122634,-0.5901310136158919,0.5910498667630499
1769370216.9109702,0.03652026398716046,-0.6140529705723186,0.6151380173183744
1769370216.9309459,0.04580408214788112,-0.6778733462818654,0.6794190809366364
1769370216.9509425,-0.04387700826725749,-0.592960753920357,0.5945819098696857
1769370216.970959,-0.02425690759110455,-0.5788050120923813,0.5793130756241784
1769370216.990994,-0.01801550593107204,-0.6267458817992928,0.6270047518211689
1769370217.0110152,0.013280516454832414,-0.6230119645234513,0.6231534963848612
1769370217.031157,0.017097944718911684,-0.6550044861068063,0.6552276066632513
1769370217.0515542,0.013187408986769622,-0.6370913871781383,0.6372278582833215
1769370217.0711,0.02275675514213471,-0.725143411761934,0.7255004049112149
1769370217.091147,-0.004240024220645067,-0.6624175197941309,0.6624310894995792
1769370217.1111352,0.0035372077172508565,-0.7425400256835015,0.7425484506619686
1769370217.1310527,-0.030488724736276507,-0.7179109779086215,0.7185580940590383
1769370217.151643,-0.0014528794780381826,-0.6622895442620145,0.6622911378673012
1769370217.1709552,0.0030937230321614884,-0.7184329295957035,0.7184395906752806
1769370217.1910257,-0.04244141563485837,-0.7004811487816447,0.7017657113022433
1769370217.2110527,-0.03907261608987189,-0.7486319362482856,0.7496508822771862
1769370217.2312772,-0.0850149690825368,-0.6768215801317048,0.6821400122409492
1769370217.2510493,-0.081200441698561,-0.7410517977441824,0.7454872759959931
1769370217.271043,-0.023375731646580578,-0.6447974609330274,0.6452210399976832
1769370217.2915492,-0.01957064199471037,-0.725116195541121,0.7253802499821141
1769370217.3110502,-0.01853939979716923,-0.749214603234515,0.7494439479005025
1769370217.3309376,-0.06374493786031832,-0.715475911349202,0.7183099587391135
1769370217.3510814,-0.0831391475533877,-0.7447749348306623,0.7494009750513547
1769370217.3710902,-0.08091043285827038,-0.8331580534822525,0.8370775592665525
1769370217.3911476,-0.062341125023124944,-0.7095186489801755,0.7122521527660006
1769370217.411109,-0.06118770265430673,-0.7898679976766898,0.7922344278746634
1769370217.4312623,-0.09250709132199697,-0.7347604949548758,0.7405609677070418
1769370217.4509614,-0.09225076793070763,-0.8070673628368272,0.8123225543712277
1769370217.4710302,-0.10622497198238834,-0.7037880788419617,0.7117593726764113
1769370217.4910803,-0.10664311455007436,-0.7680475047891955,0.7754158390785227
1769370217.5119889,-0.1451999188924019,-0.7279108808563697,0.742251484953352
1769370217.530977,-0.1465229388749547,-0.8001464211798357,0.8134514533415333
1769370217.5509112,-0.19169357129618803,-0.7642985047134196,0.787971211138742
1769370217.571057,-0.19368446166429265,-0.8284657005134637,0.8508049644997677
1769370217.5912154,-0.08217421071910946,-0.7739083659023578,0.7782587999637179
1769370217.6109476,-0.08410330701188662,-0.8220324795166389,0.826323643393198
1769370217.630898,-0.15225361603151888,-0.7556113659580639,0.7707980928619922
1769370217.6521964,-0.06653412877262022,-0.7169523228261045,0.720032932231074
1769370217.67095,-0.06993239922529115,-0.7810611442196889,0.7841855975922888
1769370217.6912158,-0.07270878218442778,-0.8291250152965661,0.8323069493866272
1769370217.711421,-0.07517134673700254,-0.8691659346461691,0.8724105417288373
1769370217.731,-0.10481290536446797,-0.8293805178120666,0.8359771458940446
1769370217.7510052,-0.10596743308928525,-0.7970412288406017,0.804054610923455
1769370217.7711341,-0.11723469711000123,-0.7251888731888281,0.7346038905446635
1769370217.7911284,-0.12375328740796243,-0.8051179175880865,0.8145733468298939
1769370217.8109498,-0.08013793062555996,-0.8044670190496612,0.8084486827644628
1769370217.8309152,-0.08848279197373998,-0.8922101110991356,0.8965869097990447
1769370217.8511639,-0.07223677455121014,-0.7700947819369164,0.7734753549816756
1769370217.8712554,-0.08496259158289632,-0.8896357844540974,0.8936836526141336
1769370217.8910728,-0.07741069354232777,-0.7923735487890866,0.7961458762659738
1769370217.9111671,-0.08383840425898903,-0.8480926584598079,0.852226516462682
1769370217.9311798,-0.06257295159869614,-0.7618721459197619,0.7644374016230209
1769370217.9509566,-0.07344112256707214,-0.8493186974018441,0.8524880340745417
1769370217.9709792,-0.07657581193050111,-0.8132539442606799,0.8168511693254582
1769370217.9910343,-0.08514461352191471,-0.8767477492917815,0.8808724204446411
1769370218.0110714,-0.1086546830075934,-0.8335666244729705,0.840618318605265
1769370218.0315404,-0.1190412701570931,-0.904872057295063,0.9126687592297732
1769370218.0511248,-0.039093387741712116,-0.8095499048840464,0.8104932704612003
1769370218.071076,-0.048945917347714474,-0.8728218587747847,0.87419317086104
1769370218.0910847,-0.05527727717659081,-0.9123345516110932,0.9140076101627777
1769370218.1110861,-0.05966877654796954,-0.8653363514485992,0.8673911251754338
1769370218.1310434,-0.025707546608175758,-0.8321456126669524,0.8325426107013797
1769370218.150971,-0.03977893526838705,-0.9109560486643247,0.9118241531617848
1769370218.1709337,-0.03483111244222692,-0.8148493815257281,0.8155934777613322
1769370218.1909711,-0.04677240073079503,-0.8777020121177506,0.87894737017962
1769370218.2110734,-0.012302324812998755,-0.8176481189269236,0.8177406640130728
1769370218.2315612,-0.010894877010478199,-0.7926913592227862,0.7927662261546854
1769370218.2511568,-0.023814043158113973,-0.8553277666363215,0.8556592178143201
1769370218.2709568,-0.006040420862402307,-0.8115493209533069,0.8115718002887783
1769370218.2909613,-0.014446610377788716,-0.8506208667188764,0.8507435356492461
1769370218.3109877,-0.008656288684184554,-0.8403144189477336,0.8403590030607461
1769370218.3309956,-0.01907774069980217,-0.8871216322014837,0.8873267439393638
1769370218.3510287,-0.0021462564900815995,-0.8772900412898759,0.8772926666531035
1769370218.3710434,-0.018517139580870978,-0.9473215174620995,0.9475024759360539
1769370218.3910167,-0.03342842983120731,-1.0094816919703788,1.0100350223355419
1769370218.4110851,0.013120933100289722,-0.8786570221715904,0.8787549837678698
1769370218.4311209,0.022220334104489536,-0.8347240113885288,0.8350197114058278
1769370218.4510102,0.00830553818779678,-0.8888890115988595,0.8889278131017087
1769370218.4712646,-0.003826808654527447,-0.9352610342632213,0.9352688633091496
1769370218.4911835,0.056199381239893764,-0.8384457162100629,0.8403270729202721
1769370218.5111098,0.03735169520878645,-0.8327820222736699,0.8336192450736687
1769370218.5312164,0.01804110949985005,-0.9020329030946561,0.902213300665291
1769370218.5509467,0.037387609360231666,-0.9184809106928871,0.9192415442313888
1769370218.5708551,0.02170761283805067,-0.9721555685491721,0.9723978969106682
1769370218.590947,0.028501071159263258,-0.9180458091736909,0.9184881157634007
1769370218.6109612,0.01919527744794891,-0.948617084884706,0.9488112733370432
1769370218.6309907,0.05927197630363845,-0.9045728499868257,0.9065126629607705
1769370218.6513624,0.06411994571008983,-0.8698534752666269,0.8722135265353853
1769370218.6711586,0.04454777291580636,-0.930710885560396,0.9317763983769791
1769370218.6909943,0.02311070938824278,-0.8725002929946744,0.8728063165240157
1769370218.710952,0.010604784351226915,-0.9104527934940796,0.9105145526746452
1769370218.7311308,0.09151350691151938,-0.9177834705286969,0.9223346576611681
1769370218.751005,0.07342363529419726,-0.9707349324301795,0.9735077499743083
1769370218.7712715,0.07500083016007464,-0.9056546849238023,0.9087549355294484
1769370218.790962,0.0562589804855258,-0.9583946465685043,0.9600444632705503
1769370218.8109448,0.0294569683034549,-0.9066941544819662,0.9071725319658871
1769370218.8309972,0.007357738883638332,-0.9667395357536481,0.9667675347831344
1769370218.8509657,-0.01224853055006303,-1.0191864569016942,1.0192600553501863
1769370218.8709307,0.18607828615140187,-0.8003919673699116,0.8217374459079497
1769370218.8912637,0.1757900145348874,-0.813157645053443,0.8319419961265552
1769370218.9109979,0.15557478331585894,-0.8653898099376653,0.879262780030933
1769370218.9316783,0.2348337526355575,-0.8268923981476188,0.8595917225585751
1769370218.9508684,0.21706291035908465,-0.8715014964674879,0.8981264751685182
1769370218.9713457,0.2539029816904619,-0.9009464101675686,0.9360401476994114
1769370218.9909668,0.22951798960980163,-0.9601656708776738,0.9872166039357819
1769370219.0112522,0.22591022882311695,-0.9028133600696027,0.930648910495832
1769370219.0309305,0.1978172963059821,-0.9691798522716546,0.9891619022016138
1769370219.0510082,0.23836746780637186,-0.939019437290554,0.9688016067894863
1769370219.0710459,0.22552897377974013,-0.96837308854185,0.9942885680858572
1769370219.091188,0.2642206976247907,-0.9232907758683226,0.9603532859614009
1769370219.1111617,0.22794932686034697,-1.0036076721655904,1.029169206324072
1769370219.1312628,0.32855716678556357,-0.8983013310352894,0.9565014862434502
1769370219.1509798,0.31167060504182365,-0.9346345156375184,0.9852310611567802
1769370219.171136,0.3329614967455927,-0.8765031187014198,0.9376145665508725
1769370219.1909692,0.37206162230842077,-0.8601545101086194,0.937174280512954
1769370219.2113905,0.36168629422735155,-0.8819006245862271,0.9531871207047921
1769370219.2309318,0.32684440434321527,-0.9540797863515813,1.0085115286277841
1769370219.251128,0.31983605456001385,-0.9684413528262019,1.0198890898820128
1769370219.2710292,0.3919949227506705,-0.7987385060542334,0.8897433453058543
1769370219.2910576,0.36348794617521296,-0.8561814467423647,0.9301452342298612
1769370219.3109512,0.25030245641551296,-1.0202678474984772,1.0505226319917222
1769370219.331202,0.35338775697411595,-1.0168210248147318,1.076479402164518
1769370219.3509173,0.3204968206670942,-1.0810410626937141,1.1275495515886078
1769370219.3709786,0.2762633286178833,-0.9995584964300304,1.0370335648013016
1769370219.3910558,0.3184225148316271,-0.9610452292897818,1.0124232468154546
1769370219.411073,0.2919483177471083,-1.0105363239381564,1.0518638135394758
1769370219.4310708,0.27123309997259337,-0.9913130511459469,1.0277494635819713
1769370219.4511108,0.2405065367645527,-1.047570927456202,1.0748247495652146
1769370219.4709635,0.34038413974052784,-0.9582884926865631,1.0169455235175502
1769370219.4910007,0.30503024055007755,-1.0212101331431098,1.0657924674551824
1769370219.5109837,0.33399463231471316,-0.9581026261490981,1.0146492283783786
1769370219.5311909,0.2858965909346156,-1.0414602486935518,1.0799890324984183
1769370219.5510762,0.29694211708252816,-0.9366062979187182,0.9825507509530795
1769370219.570957,0.25208252877748105,-1.0125754237055749,1.0434819548067777
1769370219.5910618,0.31373638964061,-0.9753162425657218,1.0245351605470856
1769370219.6120474,0.28047700018479294,-1.0301933415455213,1.067691747929798
1769370219.630993,0.4255865666542773,-0.8342221548344577,0.9365097593368804
1769370219.6511824,0.39599911296835977,-0.8819470133554757,0.9667708269483369
1769370219.6709273,0.488785203803646,-0.919291894995488,1.041157319362337
1769370219.6910074,0.4672947986909288,-0.9531610432243525,1.0615462322499813
1769370219.7111344,0.42430790418978237,-0.8323697330995263,0.9342786362419416
1769370219.7310152,0.38083164642989864,-0.8997950170316287,0.9770689922402902
1769370219.7519212,0.4981998508774179,-0.8381670642177725,0.9750523672878914
1769370219.7710319,0.4583737093340492,-0.8984007393253424,1.0085783786245752
1769370219.7918134,0.49457874521761,-0.8719674793579377,1.0024646728333428
1769370219.8111424,0.45394713045365,-0.9317204674904025,1.0364222241864738
1769370219.830985,0.48561152876721225,-0.944436450590715,1.0619692867856476
1769370219.8510044,0.45339989935019887,-0.9904598953115076,1.0893035724495046
1769370219.8713236,0.529312797900769,-0.9445548339281804,1.0827538373603822
1769370219.8910508,0.5012992385524444,-0.9837740399666786,1.1041341803809992
1769370219.9111257,0.5048589814991442,-0.9223951364066294,1.0515205080581917
1769370219.9309652,0.567979785231612,-0.8438803444339924,1.0172192842026646
1769370219.951099,0.5300150839904072,-0.8956771826187893,1.040746657319297
1769370219.9710407,0.6202102123249129,-0.9149205620211254,1.1053236368960746
1769370219.9909976,0.572122104036648,-0.9792140270917689,1.1341004421040495
1769370220.0120366,0.5952536362262153,-0.8982115988340555,1.0775485918141054
1769370220.0309794,0.546448571779028,-0.9619814654405139,1.1063518343865202
1769370220.0509717,0.6122446960858468,-0.8685230827873223,1.0626268927613516
1769370220.0712254,0.5725962486968696,-0.9190875359279327,1.082861192729616
1769370220.0909867,0.6497888543099344,-0.8872303068419043,1.0997286813410827
1769370220.1109614,0.6347420944970645,-0.9060557426499878,1.1062705524940728
1769370220.1309457,0.7111769865722053,-0.9324660303869658,1.1727171884369856
1769370220.1510725,0.6857889646215174,-0.9635618190017698,1.1826909499250648
1769370220.1709347,0.7153879011281887,-0.9920247526791146,1.2230670296466395
1769370220.191098,0.6741309121253516,-1.0413323982280704,1.240494115375959
1769370220.2110393,0.6076990803739197,-1.1066945062218356,1.26256520718294
1769370220.2311573,0.5815804336753967,-1.1372395718056116,1.277321276936493
1769370220.2512507,0.675172398012148,-1.1331550112767796,1.319051949931902
1769370220.2710662,0.6487554214834388,-1.1634509006300542,1.3321041982821908
1769370220.290934,0.6943140463340636,-1.2222877401581262,1.405723768980819
1769370220.3111577,0.6515554169234181,-1.270343319351009,1.4276892555251612
1769370220.330969,0.6900539990959764,-1.088554183992812,1.2888462798784837
1769370220.3509514,0.7597745302038872,-1.401209900855172,1.5939405644506002
1769370220.3709428,0.7216717586413903,-1.4426570700280532,1.6130931618857247
1769370220.3910036,0.6888505665658613,-1.4780391489461935,1.6306792538312664
1769370220.411012,0.758828858829367,-1.356819278413456,1.5545995597795244
1769370220.4309347,0.8371577170397835,-1.3831585088771963,1.6167747226743283
1769370220.4510798,0.7982486666140884,-1.4238772825834287,1.6323686622844544
1769370220.4712517,0.7010388385551014,-1.3684509098132462,1.537567346730343
1769370220.491189,0.6786142744533672,-1.3915666791006323,1.5482167664364808
1769370220.5115554,0.6968699647077026,-1.4691506703950128,1.6260477975858614
1769370220.5316987,0.6629132415542198,-1.503464016686691,1.6431244673790242
1769370220.5517397,0.6117404194704843,-1.5547631989871888,1.6707827344507726
1769370220.5709367,0.6783952289456723,-1.480102390993641,1.6281655857072228
1769370220.5909586,0.6324058217303223,-1.5251962215949435,1.651108911527612
1769370220.6109467,0.6778927961975247,-1.4602277109684152,1.6099079511004835
1769370220.6310298,0.5622339533912601,-1.4707837230428242,1.5745830490366892
1769370220.6517012,0.5272723037911398,-1.5041394684884581,1.5938794254930193
1769370220.6710095,0.6235211890542915,-1.4724130427544893,1.5989930711773617
1769370220.691368,0.5763802809487304,-1.516354167834061,1.6222034985088232
1769370220.7110045,0.6195274075984445,-1.478664675257861,1.6032041138361282
1769370220.7310214,0.5898597977680167,-1.505928328206836,1.617329499736761
1769370220.7512996,0.5357962154887339,-1.5250767928310398,1.616458106034258
1769370220.7710779,0.475843099547431,-1.5789287779266863,1.6490732976893312
1769370220.791116,0.590320921257077,-1.5078731963656093,1.6193086075210135
1769370220.811222,0.5237094528425379,-1.5664026566339015,1.651632184751307
1769370220.8310657,0.5607572443252096,-1.495906466002852,1.597555896390591
1769370220.8509343,0.5057591865394295,-1.543236956000662,1.6239989707925355
1769370220.8715007,0.42969374554666206,-1.603731852797083,1.6602989401423722
1769370220.8915136,0.5393506989441734,-1.4990293570852447,1.593106459046278
1769370220.9109488,0.4958737261212889,-1.5350484721554882,1.6131536083474227
1769370220.9310102,0.5466473327440635,-1.5472723651826406,1.6409981957497946
1769370220.9510627,0.5027940906903332,-1.5828503417471345,1.6607880966583723
1769370220.9710064,0.667687234084589,-1.4794463341607353,1.623135144780362
1769370220.9909945,0.610890198702216,-1.524693298521941,1.6425213817263231
1769370221.0110538,0.6387035564409054,-1.4557047353502641,1.5896598722781685
1769370221.031022,0.5751231766237073,-1.505401783472602,1.6115213923408633
1769370221.0509706,0.5176045444557982,-1.5497608301141015,1.633913429468417
1769370221.0710108,0.47453481603647507,-1.5804915185077821,1.6501929377214672
1769370221.0909665,0.4293906812666206,-1.6144761957727152,1.6706016113590192
1769370221.1110027,0.6201651016853766,-1.5471368790268643,1.6668045103710931
1769370221.1309319,0.5389868523466941,-1.5003111620396354,1.5941895777928414
1769370221.15103,0.5259439985709573,-1.5098321785633502,1.598815279217133
1769370221.1711576,0.4736399517723564,-1.5477390970427347,1.618589236474029
1769370221.1916459,0.5778845283127421,-1.5300561912518855,1.635549594616888
1769370221.2110193,0.8066547767699639,-1.4310918075885368,1.6427768231360054
1769370221.2309933,0.7669752518611377,-1.4589060537515912,1.6482287191529263
1769370221.2514155,0.6560813646365977,-1.464471270224469,1.6047176880486769
1769370221.2710218,0.6027648926092217,-1.5009792956586474,1.6174870514962818
1769370221.291384,0.6982686274527925,-1.450820393618912,1.6101114528582614
1769370221.3111804,0.6310487959950315,-1.4956025493907839,1.62328357617238
1769370221.3312435,0.7857571646768493,-1.4490085067345166,1.64834461640459
1769370221.3510618,0.745061311917147,-1.4753525420987046,1.6528101772414188
1769370221.370952,0.6715984036160547,-1.445898019286627,1.5942601725931136
1769370221.3909967,0.6307394019689543,-1.4719957836459718,1.6014380351008504
1769370221.4112437,0.8057804773396029,-1.4026582714975406,1.6176317270201233
1769370221.4309444,0.7372960403790776,-1.4455610140689927,1.6227298285774008
1769370221.450962,0.6609150749268791,-1.4233827877381358,1.5693397645808855
1769370221.4709895,0.6126602426979142,-1.4529181607930708,1.5768080907152229
1769370221.4910064,0.8139044545881857,-1.3582591528721748,1.58344825856721
1769370221.5109737,0.7653303222268955,-1.3872809416799479,1.5843859735772488
1769370221.530998,0.6536910882698956,-1.430602450554014,1.5728748870824503
1769370221.55112,0.6117956496570933,-1.4550500413015262,1.578437372730042
1769370221.5711267,0.7642928342628794,-1.406878583642774,1.6010780385784709
1769370221.5909915,0.7152310451088058,-1.4350932206386702,1.603448783033155
1769370221.611183,0.9186500641872462,-1.3170764511257556,1.605804570469659
1769370221.6310596,0.8647537246345216,-1.3336783338253828,1.5894958013107576
1769370221.6509473,0.8294056162367314,-1.3532627646929236,1.5872094337387763
1769370221.6709373,0.9019054277884848,-1.2865153670905838,1.5711636421565225
1769370221.6910317,0.852091164859015,-1.3134221981441248,1.5656108149244938
1769370221.711141,1.1005439849864267,-1.1560821579862846,1.596158832605336
1769370221.7309785,1.0290294714237058,-1.1938807766662656,1.5761513131523246
1769370221.7509868,0.9378301983939599,-1.328071194400592,1.6258224313916538
1769370221.7710261,0.8803522938726269,-1.3578142553242847,1.6182335163037
1769370221.7909575,1.0158045393675277,-1.2605279068296937,1.6188852541474716
1769370221.811152,0.9290830791306135,-1.304243741268285,1.6013266701595634
1769370221.8310933,0.9235032146417108,-1.2220172607926236,1.5317259458299586
1769370221.850991,0.8507580135431869,-1.2573805618789047,1.5181551551138834
1769370221.8709798,0.9334520168390759,-1.2233921030658053,1.5388375176036981
1769370221.89116,0.874988320342017,-1.2511897775384222,1.5267876146182189
1769370221.9110556,1.1132712343784164,-1.1534587819131232,1.6030720516767014
1769370221.9310524,1.0692532172391083,-1.1739482742984966,1.5879096300811963
1769370221.9511557,0.9323117420218479,-1.2110004881644665,1.528308662098854
1769370221.9711063,0.8733025889343455,-1.2377049597869973,1.5147841362124055
1769370221.9909735,1.100019067005909,-1.1290239996969191,1.5763049006039977
1769370222.0109322,0.9720932785133218,-1.117076451596689,1.4808190776872874
1769370222.0309505,0.9052786724485671,-1.146054037276936,1.4604688737350773
1769370222.0509422,0.9785412795099795,-1.1226251907809353,1.4892381792987177
1769370222.0709512,0.9337962885411351,-1.1414649504775762,1.4747602319231334
1769370222.090981,1.160945717819427,-1.03263325207236,1.5537459229258825
1769370222.111139,1.1085873512238749,-1.0542323531485325,1.5298273659856718
1769370222.1310399,1.1529393609956387,-0.9982540776502842,1.5250509413388298
1769370222.1510227,1.092860788755802,-1.0223349469101457,1.4965004000245787
1769370222.1710162,1.2569508963168747,-0.9281098346167753,1.56247029439416
1769370222.1910205,1.2192458627126452,-0.9427548588815493,1.5412161424299553
1769370222.2111573,1.1396076964006543,-0.950725697548163,1.484110862999812
1769370222.2310157,1.0714935928025522,-0.9764245403192509,1.449656304906298
1769370222.2514813,1.003226256199076,-1.0016965027790663,1.4176948912960876
1769370222.2709808,1.1182207774632271,-0.9205465646908291,1.4483865799276625
1769370222.2909288,1.1638892136016903,-0.9160674567428551,1.4811541738933471
1769370222.3109877,1.1181322778360112,-0.9322015946085678,1.455753964009545
1769370222.3311365,1.0646503829231744,-0.9508119788412879,1.4274185990684538
1769370222.3511815,1.096258422241494,-0.9075011984238044,1.4231447408735525
1769370222.3713863,1.1585766061914757,-0.8964166999144569,1.4648763266227232
1769370222.3910139,1.0972315604683924,-0.916795191664999,1.429835836992473
1769370222.4111028,1.2872188749514226,-0.7916075891046215,1.5111502265358125
1769370222.4309516,1.2179470982049558,-0.8137726754358532,1.4647938767321151
1769370222.4509227,1.1093656791761486,-0.8288304779971511,1.3847931872272277
1769370222.4710374,1.0707586190176102,-0.8407164219400696,1.3613699432263857
1769370222.4910119,1.1831355080565125,-0.8365143427826975,1.4489878799028342
1769370222.5109558,1.1134835143143214,-0.8573296735889846,1.40529701695619
1769370222.5313065,1.2024334100317287,-0.8137921153505179,1.451931028860256
1769370222.5517046,1.132577589235332,-0.8338322635174347,1.4064168085317827
1769370222.5713053,1.3933973180237036,-0.7152399028702194,1.5662452568271201
1769370222.5912552,1.2999737121865085,-0.7408245955283461,1.496246214269466
1769370222.6110408,1.1239357149227907,-0.769444709287177,1.3620854055194311
1769370222.630954,1.0536727272896265,-0.7877508104084474,1.31559019285381
1769370222.6509778,1.212353221339331,-0.6862047342958038,1.3930819325013974
1769370222.6713402,1.1688829940161707,-0.6978793957352853,1.3613681003652371
1769370222.6909707,1.1297207812807954,-0.7074649365873826,1.332957493755251
1769370222.7109354,1.0826848120319106,-0.7188176503406458,1.29957886126461
1769370222.730975,1.1444219083218723,-0.6866790012293764,1.3346271220743455
1769370222.7511764,1.4141153357656648,-0.5616777719775863,1.521579476196148
1769370222.77104,1.3512229470818973,-0.5759351124535126,1.4688446842595468
1769370222.7909439,1.487726790195575,-0.5196661197480088,1.5758755909904756
1769370222.8109717,1.4089230102003274,-0.5364940747149314,1.5076106728450096
1769370222.8309588,1.1591088163340277,-0.6327783338636213,1.320583836002278
1769370222.8511467,1.0801373690394946,-0.6486643380570296,1.259945300186689
1769370222.8709593,1.4887666142227012,-0.427485582080239,1.5489254192860953
1769370222.8910165,1.425463162988212,-0.43943861927190575,1.4916606615259238
1769370222.9110181,1.2950621481185909,-0.5367367148083555,1.4018816884861593
1769370222.9310298,1.2475312149943747,-0.545320786879862,1.3615097843895991
1769370222.9510918,1.690513171068801,-0.31528576333449143,1.7196627268503863
1769370222.9710205,1.6429267208729073,-0.3235484669833184,1.6744825531027367
1769370222.9910455,1.446939968407733,-0.3312752815427151,1.4843781810364154
1769370223.0114377,1.4151983024358543,-0.3366018813240146,1.4546776487346569
1769370223.03156,1.4738903887007844,-0.3366291007975146,1.5118439170126963
1769370223.0510216,1.434138897979368,-0.34283018818462674,1.4745463426519299
1769370223.0715148,1.4492634465058725,-0.2956089711372547,1.4791041887557839
1769370223.0910935,1.3855671923757313,-0.30479148201986384,1.4186945732256229
1769370223.1114454,1.4599593452395077,-0.23983156773356695,1.4795271104760848
1769370223.1311798,1.3722449936027452,-0.2513158482602469,1.3950684492362968
1769370223.151362,1.424348252313349,-0.25152693882211397,1.4463864438044611
1769370223.1710868,1.3604705749941939,-0.2590470110293772,1.3849135494132068
1769370223.1909876,1.4198506755955957,-0.25134426396711085,1.4419257539895867
1769370223.2114668,1.3878798154222096,-0.25476810708926756,1.4110695129745505
1769370223.2309866,1.4359892185850214,-0.20079291060762916,1.4499595955897195
1769370223.251232,1.2867900623926243,-0.3613729381688895,1.3365698878521952
1769370223.2710443,1.2387909498339464,-0.36600566654961897,1.2917287506813968
1769370223.291196,1.5527563705972884,-0.18388906084534096,1.563607218302936
1769370223.311105,1.5127345190158685,-0.18745440943149116,1.5243047204012325
1769370223.3310347,1.5945416358963644,-0.19114090539480255,1.605956996411236
1769370223.3510342,1.5464885848798442,-0.1950316776962473,1.5587380467765186
1769370223.3713713,1.6518043766777044,-0.17939289320950458,1.66151723101077
1769370223.3911524,1.5957052174591553,-0.1833254883416906,1.6062015364524123
1769370223.4110315,1.674857675004226,-0.11180322598887482,1.6785851759330181
1769370223.4309711,1.6187275869451678,-0.11510939361248163,1.6228151999642964
1769370223.4518178,1.6860159500608134,-0.06701419158428523,1.68734723330237
1769370223.4714017,1.6378887380419513,-0.06946135789719632,1.639360972588276
1769370223.4911988,1.5977773231927763,-0.07134673266881908,1.5993694791296942
1769370223.511029,1.6812378136622481,-0.06382558812140315,1.682448897228935
1769370223.5315032,1.6837924016009325,-0.04705588483142309,1.6844497938455465
1769370223.5511656,1.5874821107222292,-0.049803632693420585,1.5882631563102396
1769370223.570967,1.4084030362856836,-0.19381049600008993,1.4216756384557392
1769370223.5911508,1.7818675133271906,-0.03060833145016062,1.7821303838397988
1769370223.6110113,1.7256793824698295,-0.03121627260262816,1.7259616990989846
1769370223.6309803,1.7857786040685326,-0.009062033904594369,1.7858015968207233
1769370223.6509504,1.7536728085891422,-0.00910913258183399,1.7536964662909382
1769370223.671216,1.562152963469865,-0.16276900152702733,1.5706099544876784
1769370223.6909595,1.5059769691380733,-0.1622490083781667,1.5146918407035788
1769370223.7109857,1.5732924006912512,-0.10522790273469917,1.5768074992169412
1769370223.7309937,1.5171297597593778,-0.10416457419997638,1.5207014718431129
1769370223.751006,2.067548736088609,0.06352396929431192,2.068524370360792
1769370223.7710667,2.0194230407517306,0.06485065485717367,2.020464061782434
1769370223.7909274,1.8332791306602374,-0.011138904968266417,1.8333129700403714
1769370223.810957,1.7611230620896023,-0.008377651725284707,1.7611429881960998
1769370223.8310258,1.7319244537639449,-0.04599024592950629,1.7325349682664979
1769370223.8510127,1.6678238264580987,-0.04280733148161131,1.6683730948831292
1769370223.8711727,1.6037444440077646,-0.039271730101615,1.604225205658778
1769370223.8910375,1.9769155993470253,0.007565265752700778,1.9769300746833502
1769370223.911102,1.6731037383198029,-0.11180838251841463,1.6768354819662792
1769370223.9310672,1.6250849688921871,-0.10856246904678546,1.6287071455006439
1769370223.951148,1.9174145524854254,0.07523429654712421,1.9188899826357488
1769370223.9709291,1.8534568529102575,0.080396477494598,1.85519969253812
1769370223.9909766,1.932817037137701,0.06458107830028137,1.933895657662064
1769370224.010988,1.8609591818995312,0.07139869655525377,1.8623283412346927
1769370224.031022,1.7291665983082432,0.016408320985534797,1.7292444470642272
1769370224.0508766,1.6892857156809455,0.020578275774677746,1.689411049637578
1769370224.0709774,1.7846083857444146,-0.03770316715419364,1.785006616033325
1769370224.0911183,1.7288228320831074,-0.031445358696174264,1.7291087864317234
1769370224.1110082,1.7934242542843037,-0.00952087621397979,1.793449526175491
1769370224.1310263,1.7536068739643422,-0.004805984515570572,1.7536134596604112
1769370224.151076,1.7705140761353437,0.015291778365535524,1.770580111793581
1769370224.1713207,1.8003533494017905,0.04146142919621587,1.800830706316737
1769370224.1909115,1.7208987310213413,0.05193653261730313,1.7216822720383604
1769370224.210963,1.6811359790629776,0.057398601090048906,1.682115566632427
1769370224.231035,1.736845476938786,0.02648122566021005,1.7370473413454182
1769370224.2510695,1.6575199352287644,0.03816180173437855,1.6579591848994297
1769370224.2709312,1.6982764907419465,0.05907174688232342,1.6993035368310483
1769370224.2910843,1.7540532787256637,0.020411422665107093,1.7541720356861994
1769370224.3110895,1.6907654164143118,0.030834618059273566,1.6910465596823532
1769370224.3309884,1.659143439258001,0.036175346962532995,1.6595377693082876
1769370224.3510437,1.691271272935662,0.06662127321563194,1.6925829116183013
1769370224.3709757,1.7348933824414168,0.03089904407841404,1.7351685218917439
1769370224.3913016,1.6639288628352276,0.04395521900386834,1.6645093336637713
1769370224.4111733,1.7193371634519377,0.06418856965803243,1.720534932543277
1769370224.4310584,1.6406433029131229,0.07952693570940728,1.6425696274121866
1769370224.450992,1.593476505979332,0.08898738073374401,1.5959593130897645
1769370224.4709554,1.694823980697283,0.09522232234210914,1.6974968678082467
1769370224.4909358,2.094586489058816,0.2094939267895568,2.105036879845445
1769370224.5110016,2.039750460689662,0.221489244514963,2.0517405848009873
1769370224.530971,2.1695111611173825,0.22640316695133267,2.18129252330321
1769370224.5512102,2.114777965403622,0.2388874637029943,2.1282276812576075
1769370224.5711503,2.253282684642034,0.32285350742774854,2.2762946303512672
1769370224.5910733,2.214252057258033,0.3320663230639811,2.2390132237181324
1769370224.610872,2.2402706796963834,0.3386408606325215,2.2657207133266075
1769370224.6311083,2.1546447689741797,0.35997151436268515,2.184507626816707
1769370224.651148,2.076935969260944,0.37992617124928474,2.1113992791535283
1769370224.6709764,1.9747578430924975,0.2538101945795028,1.9910017965154672
1769370224.690975,2.4275110223459055,0.4357874108635045,2.466317179739455
1769370224.7109447,2.3578045296060104,0.45468609953820627,2.401245853498531
1769370224.73097,2.4585481026864358,0.4199527893038906,2.494156995553245
1769370224.7510037,2.389079129923152,0.43976361471385683,2.4292161546187203
1769370224.770997,2.5732180281527146,0.4748797652660919,2.6166699852807813
1769370224.7909079,2.3049007879396974,0.3700166523467119,2.3344121241243814
1769370224.8110626,2.274139695414963,0.379235784252578,2.305543565912327
1769370224.830908,2.3948422705012895,0.35663792191243404,2.421251764671694
1769370224.8520997,2.3487825363383408,0.3707524264215336,2.3778639079445703
1769370224.8711085,2.3104418718566535,0.38265977737321055,2.3419159140429855
1769370224.8920577,2.2189750071165015,0.29914719221864283,2.239048709791722
1769370224.9113507,2.173046301763897,0.31370487091172183,2.195573040380003
1769370224.9319332,2.3819786905575207,0.4586651830356163,2.425736224819017
1769370224.9508703,2.336175611328322,0.4736328081795671,2.3837039505671256
1769370224.9709713,2.328924007898248,0.4077639097306762,2.3643515898959877
1769370224.9909437,2.2605239149609844,0.4310647157851002,2.301257299674555
1769370225.0111477,2.060883174756224,0.320045417808259,2.0855858959662528
1769370225.0310276,1.9927472421392558,0.34414246546283644,2.022245189780025
1769370225.0511193,2.382819891353016,0.4370215601768037,2.4225644426283
1769370225.0709865,2.3074053553387692,0.46465212415489665,2.3537249351459253
1769370225.091246,2.3134449860808637,0.43162325758018394,2.3533648973558727
1769370225.111102,2.3557883670033526,0.47098083659627443,2.4024074963563633
1769370225.1311533,2.3182503289774203,0.48530858333709403,2.36850353786195
1769370225.1513655,2.421179459767533,0.4579944582448481,2.4641162513532504
1769370225.1710181,2.383746757423875,0.47260371614976515,2.4301446203976025
1769370225.1911304,2.316511912667192,0.49919921699236713,2.3696892833818537
1769370225.2112257,2.428672322752753,0.4733005484412143,2.4743610610539455
1769370225.2314906,2.1467653784901444,0.34188596761842627,2.173818668872434
1769370225.2509456,2.087406153745331,0.36662268728633984,2.119357602087702
1769370225.2709367,2.6326800740310006,0.573176492755533,2.694352550066047
1769370225.2910414,2.5735993392425094,0.5985993565059156,2.6422972483350122
1769370225.3110156,2.746518346080123,0.6400953125852196,2.820121457410702
1769370225.3310046,2.6950627279522443,0.6629201347289597,2.77539658654875
1769370225.3509815,2.902053220437878,0.6638104469556776,2.9770047369363315
1769370225.3711019,2.8654255290305812,0.6804137044707717,2.9451020817030815
1769370225.390983,2.617213968077092,0.5609669921439759,2.676657042090543
1769370225.4109707,2.580692736286238,0.5778191678243045,2.644588812996403
1769370225.4310036,2.5296532645638763,0.6016207177832107,2.6002102082302234
1769370225.4510431,2.5233405272605403,0.5113505913156149,2.574631399589916
1769370225.4710045,2.5403025840322506,0.51723987973577,2.5924263367798908
1769370225.491195,2.5113251419158438,0.531265519775765,2.566904170576153
1769370225.5110545,2.467629425963473,0.4996749922096453,2.5177112784671176
1769370225.5310154,2.409961507227603,0.5283537844424293,2.467199259859928
1769370225.5510347,2.3658722742008287,0.4395915187297441,2.4063649600946495
1769370225.5709565,2.3012947433283983,0.47249142572192326,2.3492989684268912
1769370225.5911448,2.629847209558548,0.5988155048856383,2.6971607950795824
1769370225.6110098,2.587024592684667,0.6212029014573077,2.6605618368935247
1769370225.6314192,2.5173232478822207,0.5339567888585828,2.573329785840995
1769370225.6510158,2.4392815451251266,0.575980144738502,2.50636142316327
1769370225.6712432,2.4217310048876577,0.5952587746231925,2.4938151633190637
1769370225.6910238,2.372325746250983,0.6225071694825788,2.4526403369394574
1769370225.7114139,2.397971920382826,0.4944747756984724,2.4484228872371196
1769370225.7312853,2.3628199634217104,0.5142023165391163,2.418123694495045
1769370225.7510862,2.3859896217939927,0.5385928237370154,2.4460230385443333
1769370225.7711086,2.323129890713961,0.5748781910019165,2.3932023365395363
1769370225.790998,2.2949532853009416,0.5126984940677533,2.351525106719664
1769370225.8109622,2.2532901726844763,0.5373317139785949,2.316471880503541
1769370225.8309557,2.2722856445276918,0.5082825667195725,2.328440082535444
1769370225.8510249,2.331523817611636,0.39621773543914873,2.3649506984220334
1769370225.8709443,2.2695492403356674,0.43408314920471014,2.3106886278189203
1769370225.8910115,2.2972411581230823,0.44080268845758575,2.339150262109323
1769370225.9114048,2.2356889986021145,0.4793857962519339,2.2865073890365246
1769370225.931011,2.7300948384829127,0.61775208759255,2.7991133361898717
1769370225.9511201,2.668975538117131,0.6570456030232217,2.7486613737453687
1769370225.9710193,2.788310579761866,0.6352709839941779,2.859763121714259
1769370225.991065,2.7410767554866737,0.6663164900665466,2.820900466943836
1769370226.0111582,2.8893067766522975,0.6585735274214457,2.9634123473842138
1769370226.0309703,2.8490126630275547,0.6855027979186945,2.9303220369177376
1769370226.050963,2.459592600471254,0.5629268233152995,2.5231889284595397
1769370226.071,2.4128785161847475,0.5947708988291689,2.485102644954523
1769370226.090928,2.7268582716967984,0.590444580591637,2.790050328698621
1769370226.110973,2.673851356559915,0.6273974309418637,2.746472030319943
1769370226.1311233,2.9999016836620207,0.7243147081021086,3.0861046495560176
1769370226.1509633,2.9407092859004926,0.766510540578607,3.0389652043087785
1769370226.1709633,2.6478846715058246,0.6561887510363165,2.7279803721035294
1769370226.1914332,2.5892193092327602,0.6991019744556164,2.681939634292971
1769370226.2111044,2.543808101442238,0.7327501228811026,2.6472405254425664
1769370226.2309291,2.9650117946526393,0.7126267510027486,3.0494477907768807
1769370226.251413,2.8762495446434215,0.6244966040481486,2.9432647606916302
1769370226.2714312,2.8312583155978928,0.6586996232998588,2.906872691291724
1769370226.2914999,2.9191901805039215,0.6253540934521788,2.9854210845620948
1769370226.3109436,2.874568874970766,0.6600056816713038,2.9493649683938914
1769370226.3311968,3.0646825522629975,0.6393399397566757,3.130660426286011
1769370226.3509474,3.0266972504109333,0.6693653711153889,3.099830034968618
1769370226.3709722,3.01846998769199,0.695276018997951,3.0975102597394124
1769370226.3910055,2.9685698224529062,0.6558500002609806,3.040155590363823
1769370226.411029,2.924823165763172,0.691544482932734,3.005465741421719
1769370226.4311235,3.0993771345031824,0.7523416901085642,3.18938185869246
1769370226.4509888,3.0560440770956703,0.7885024433454286,3.156127612171795
1769370226.4709613,2.9093792500743554,0.6562285396121874,2.982469365637267
1769370226.4909735,2.878727273868691,0.6823870232740645,2.9585000873497207
1769370226.5109603,2.7340494410195824,0.600635426989135,2.7992479815289517
1769370226.5310485,2.691536286737332,0.6376861887827157,2.766046141731553
1769370226.5509522,2.7336008358782884,0.6405609029126551,2.8076488028695388
1769370226.5709362,2.6914380229881907,0.6779804893560787,2.775517280712568
1769370226.591862,3.2897444778880143,0.6997070324645384,3.3633329691059455
1769370226.6109424,3.241904581119183,0.7428080667204016,3.3259147819910306
1769370226.6310751,2.671883201739657,0.5832743563345396,2.73480690698558
1769370226.6511106,2.6186954806839147,0.6324290222089669,2.6939807884776292
1769370226.6712103,2.6196956536772156,0.6302527502107713,2.694443142291842
1769370226.6910903,2.5904190140579395,0.6578004356032241,2.672633922083737
1769370226.7110374,2.598871254677139,0.6474385849948988,2.6783032912139215
1769370226.7309232,2.546795965743147,0.6976506664313307,2.6406223023177033
1769370226.7510092,2.8225814830418514,0.6697283058993702,2.900948505598398
1769370226.7710922,2.5779846138789075,0.5657436776741922,2.6393314642584587
1769370226.790965,2.543916464974618,0.5998580766425393,2.613683357425349
1769370226.810868,2.576430501496649,0.5918330535163214,2.643531821687934
1769370226.831373,2.5482768802388662,0.6204811791131453,2.622729866378459
1769370226.8510396,3.1175545682382513,0.7423992051711763,3.204731356257804
1769370226.8710692,3.0952054786505947,0.7654768882211312,3.1884560247037066
1769370226.8913898,2.8960265891996855,0.6056311768222031,2.9586752318716245
1769370226.9112659,2.8461719755169277,0.6579455056693232,2.921230426147241
1769370226.931013,2.780226522573713,0.7281690020086332,2.8740023681807516
1769370226.9510114,2.914912779441245,0.761459798867683,3.0127292505370433
1769370226.9709477,2.882319038287207,0.7969054593949791,2.990455040572657
1769370226.9909277,3.258733427439502,0.900924838472971,3.380977538477467
1769370227.0110023,3.1227346031901035,0.7508838831565858,3.2117437643661995
1769370227.030995,3.07455129213756,0.804663161918257,3.1781045376345043
1769370227.0510056,3.258299569681121,0.8521768467888154,3.3678957026587253
1769370227.0709045,3.2054697256342237,0.9125297398783297,3.332828631676096
1769370227.0909963,3.158291668862905,0.967154531424835,3.3030583030374174
1769370227.1109521,3.317380023825155,0.9332659295013955,3.446156629876578
1769370227.1309712,3.469704518634728,0.8186599892627907,3.5649759641060697
1769370227.1510248,3.4388655680257685,0.8555774167838455,3.5436999183147138
1769370227.1710176,3.559109810342072,0.8500723843960987,3.659219274761496
1769370227.191066,3.5337287567203113,0.8810916402226596,3.6419172704143534
1769370227.210967,3.0356646510105634,0.755635615288478,3.128297469309382
1769370227.2311473,3.0206614464001227,0.7744250370406782,3.118353686124064
1769370227.2509527,3.5661667760235893,0.8802742135093029,3.673204073473716
1769370227.270946,3.556293777612524,0.892900890547367,3.6666738923751914
1769370227.2909708,3.5871258277087925,0.766422993876972,3.668088863339986
1769370227.3109457,3.533341761571549,0.8362670951692821,3.6309567139430907
1769370227.3312838,3.316643196183861,0.7305377509231025,3.3961459768856352
1769370227.3508556,3.2730836231315728,0.7880218406592892,3.36660880195014
1769370227.3710933,3.32918643858768,0.6977550581364005,3.4015209045412393
1769370227.3910599,3.2816044670125386,0.762175691546011,3.368952309353798
1769370227.411012,2.9998866746575494,0.7048258343463822,3.081574194717694
1769370227.4311736,2.9437455010084292,0.7829091020655787,3.046076859963402
1769370227.4512897,3.200008232293431,0.8657563927132339,3.315054572442143
1769370227.4709303,3.1539605797221633,0.9313563908729221,3.288600320084701
1769370227.4910123,3.1276742049758077,0.7830615083842709,3.224210175901084
1769370227.510974,3.386993735083795,0.7832922791864898,3.476387975489796
1769370227.530974,3.364538745163241,0.8164920867023258,3.462192989328029
1769370227.5510778,3.4028224028689884,0.7612734910567673,3.486938145945929
1769370227.5709636,3.380601189145395,0.7946337763518398,3.4727377151997016
1769370227.5910337,3.3584972857961617,0.8280737251231929,3.459076482666954
1769370227.6111283,3.429043008441017,0.8151463239547287,3.524599194687976
1769370227.6310632,3.3985224217457564,0.8621908050014155,3.5061841987176927
1769370227.6510828,3.5364472108893708,0.8184794870072318,3.629926658495848
1769370227.6712782,3.484958082900132,0.8997693364679407,3.599238488683255
1769370227.691049,3.5460003825754995,0.848454482429627,3.646092939295502
1769370227.7109418,3.641175081823153,0.8336249167252452,3.735383043045923
1769370227.7309825,3.6161483132263967,0.8747247177938733,3.7204397529283666
1769370227.750936,3.5789329898073703,0.9365758123820149,3.6994507156969334
1769370227.7712069,3.408749944699867,0.7545159370908978,3.4912562903366897
1769370227.791216,3.8389728220321686,0.7668494523761076,3.914814224316547
1769370227.8113294,3.7947095014076346,0.843194048841287,3.887260784160839
1769370227.8311694,3.327179247884768,0.7546490476933316,3.411688281883253
1769370227.8509438,3.2956333516468987,0.8106091867235552,3.393860109386949
1769370227.8712835,4.109320851134729,0.8282167233209763,4.191951907925375
1769370227.891201,4.093776828092853,0.8563114201186819,4.182377071290399
1769370227.911065,3.508869943559052,0.7729311343544945,3.5929919035904643
1769370227.9312124,3.478207902643444,0.8293739644269778,3.575722498584115
1769370227.9508717,3.6395866015308016,0.8106445451949651,3.7287712733146936
1769370227.970987,4.0052528979005615,0.8600181306904808,4.096545125011708
1769370227.9909484,3.975562105887022,0.9170263648830344,4.079954829609691
1769370228.0109985,3.7625399554764876,0.7939595269067121,3.845397072725122
1769370228.0309389,3.7262550081741317,0.8656879425540924,3.825492386585854
1769370228.0511422,3.4255854269228436,0.8063020415551367,3.519198559240746
1769370228.0709474,3.4007503494245555,0.8568231258887238,3.507028486934339
1769370228.0909433,3.4552405226515646,0.6712511425576566,3.519838798263127
1769370228.1110373,3.444773315823369,0.6929981173454065,3.513788495065263
1769370228.1309752,3.413636860991005,0.7583796343372047,3.4968637789444923
1769370228.1510444,2.9743433062872455,0.632502369583456,3.0408514187944844
1769370228.171054,2.957389803058291,0.6690050551262856,3.0321151381531806
1769370228.1910892,3.05165074885268,0.6388718803631033,3.117808456671418
1769370228.2110236,3.2030152688159177,0.6141933230205678,3.2613709157823423
1769370228.2309563,3.17670081790083,0.6730069889749544,3.2472090314085014
1769370228.2509587,2.96301309894924,0.6487954847459392,3.0332131816889323
1769370228.2710295,2.937335444880926,0.7079193353091986,3.0214382835097666
1769370228.2909696,3.050494770606793,0.6395769232092468,3.1168216160379147
1769370228.3110912,3.0192987006987018,0.7139054319638056,3.102551467716256
1769370228.3311248,2.522530784052087,0.5981770084506355,2.592484771397778
1769370228.3509939,2.513391058519076,0.6205750627847237,2.5888700279453785
1769370228.370985,2.7331950433403414,0.6196591339152837,2.802558221908128
1769370228.390948,2.703362433898235,0.6945976563881548,2.791170785400296
1769370228.4109433,2.6251454148610662,0.5402713263552599,2.6801644642162823
1769370228.431114,2.587522084138932,0.6381832927100106,2.665060684299867
1769370228.4509413,2.8282052410807275,0.5856895182143806,2.88821347850582
1769370228.4711945,2.802896565629233,0.6537757991568802,2.8781334147637017
1769370228.4909227,2.7985245404604235,0.5975178393184706,2.8616022036375073
1769370228.5111206,2.793018898651976,0.612694844497601,2.859431681418711
1769370228.5311537,2.7631076124160927,0.6963105703856032,2.8494933037686687
1769370228.550963,3.407865793341781,0.6639560212051503,3.4719428082161117
1769370228.571004,3.453303636128755,0.6299844458429353,3.5102971961507916
1769370228.5910203,3.4298596596477147,0.6987800631892687,3.5003186800046557
1769370228.6116138,3.573673152060497,0.6809133682928121,3.6379641027472864
1769370228.6314628,3.553440685777076,0.7422805435845752,3.6301406464102834
1769370228.6518564,3.825004645286942,0.6157341823007276,3.8742469100097674
1769370228.6712625,3.8030705858034466,0.6850771370317648,3.8642821538142127
1769370228.6909919,3.389410811649004,0.5694204422647866,3.436909264177945
1769370228.711122,4.070653293558664,0.573994488110837,4.1109229996123275
1769370228.730943,4.056839221104212,0.6204691820326866,4.104013459010794
1769370228.7510893,3.882565847946328,0.5577697024731512,3.9224258571241566
1769370228.771146,3.8601797728083973,0.635423022356874,3.9121286144169947
1769370228.7910066,3.8404878834976657,0.7054465487713761,3.9047409666283657
1769370228.8109665,4.031244017099382,0.5969366271238599,4.075200812500112
1769370228.8309941,4.112254570400559,0.6002430635614022,4.155830769790063
1769370228.8510034,4.093719121319722,0.6705942333808927,4.148280712548565
1769370228.8713248,4.0756192396420765,0.7410629486810851,4.14244450541568
1769370228.8910697,3.5216236648339674,0.5646144155577257,3.5665981936537534
1769370228.9110932,3.506290248948609,0.6274490460209474,3.5619887163247297
1769370228.930993,3.580315280301278,0.558354859925382,3.6235918169629855
1769370228.9509552,4.198562490261647,0.5678023018383875,4.236782557390106
1769370228.971243,4.189480397992732,0.6071966167532628,4.23325332770931
1769370228.9912322,3.5344106130790074,0.5372856127039469,3.575015274298025
1769370229.0112028,3.5186993254536283,0.6083429686454256,3.5708999020482426
1769370229.0310695,4.146438734008658,0.5420440317216197,4.181718056877143
1769370229.0510223,4.133018702758111,0.6053271980231596,4.177111994430471
1769370229.07133,4.10607354448722,0.5445476383565868,4.142025118607754
1769370229.0911634,4.091739431983864,0.6159021104757807,4.137833610591436
1769370229.1112905,3.496635520918577,0.4777429970615712,3.5291214682114447
1769370229.131135,3.4861016046354436,0.5333631478904843,3.5266670732250103
1769370229.151006,4.122892591755278,0.4889889136057173,4.151789190310589
1769370229.171153,4.1143423324778965,0.5367531975196087,4.149206770440247
1769370229.1908977,3.447315620396921,0.46605017954659633,3.478676149986949
1769370229.211635,3.461719290777957,0.3876998686014774,3.4833621167282973
1769370229.230988,3.450061168179303,0.45954944223862615,3.4805326825129184
1769370229.2511294,4.054383374096378,0.41172774146265656,4.075235487335557
1769370229.2709663,4.042347480593289,0.4916752193487621,4.072139201351123
1769370229.2910337,4.0308609055349045,0.571736172957797,4.0712064417366625
1769370229.3110132,3.9847050785708475,0.4466181470099375,4.009656136432013
1769370229.3309748,3.9751908030054004,0.5187879658114536,4.008900456954438
1769370229.350991,4.028941386183401,0.39422252401485824,4.048182319478962
1769370229.371006,4.022124520749603,0.450429247407925,4.047267246838995
1769370229.3911273,4.110773987615367,0.41695875984808595,4.131866089876244
1769370229.4111571,4.210111010332017,0.470454319019332,4.236314670276846
1769370229.4309666,4.207489554704477,0.4945778764417348,4.236457910662266
1769370229.4510016,4.305873968293653,0.35682910306701565,4.320633939553841
1769370229.4709733,4.299391398115461,0.42121368259252545,4.319975388887346
1769370229.4910994,3.6765211721213547,0.4143895442005725,3.6998008896965437
1769370229.5110023,3.669952900333186,0.4868933184202735,3.702110127236394
1769370229.5309749,4.437449234652323,0.3404318519646825,4.450488687318348
1769370229.5509615,4.4323897031664,0.4049474584573769,4.450849461040737
1769370229.5709565,3.797623596468462,0.2972218750695568,3.809236908289365
1769370229.5910163,3.7928031304200402,0.36986767713949664,3.8107948888278704
1769370229.610924,4.452902624556927,0.2700500243653057,4.461083814438558
1769370229.63121,4.450585455741674,0.3104315313763877,4.4613987307269465
1769370229.6510496,3.79729887320266,0.2640705069731668,3.8064697509738936
1769370229.6712005,3.7950019072880927,0.3125543093384753,3.807851057040744
1769370229.690993,3.7676573578097887,0.22749788850286556,3.774519473407377
1769370229.7110183,3.7655026647662027,0.2840852672759713,3.776203749461174
1769370229.7309492,4.3609218615061955,0.3190467649005342,4.372577079978826
1769370229.751022,4.359827344440358,0.35948031458405083,4.374622334545385
1769370229.7710016,3.6844774190470133,0.3269385860982812,3.6989542698642928
1769370229.7910519,3.6840874569933924,0.35120283197873103,3.7007896211438336
1769370229.8109355,4.329998497020558,0.2104241196607184,4.335108452430605
1769370229.8309324,4.3297109392928625,0.2670394006441601,4.337938088461922
1769370229.8515344,3.6779074819022206,0.2778191162339434,3.6883854064857897
1769370229.8710856,3.6783565187108813,0.34250713390359433,3.6942682381654
1769370229.891198,3.5860004174322846,0.27742761442866204,3.596715873553553
1769370229.911056,3.5867113293717487,0.3178424262556243,3.6007668583472214
1769370229.931338,3.5455688945016135,0.2286726938764776,3.5529354042231223
1769370229.9509614,3.5463262964624462,0.2609958334633893,3.55591746614939
1769370229.9709253,4.073406025984891,0.20065981269994992,4.0783453768609155
1769370229.991092,4.074132168168305,0.22489368444775604,4.080334556504926
1769370230.0110247,4.0737480093898455,0.18771325630364544,4.078070513196142
1769370230.0309517,4.0737480093898455,0.18771325630364544,4.078070513196142
1769370230.050932,3.454549067914723,0.18187990202724436,3.4593336874883756
1769370230.0710387,3.456945075670127,0.23029939930657228,3.4646077800410406
1769370230.0912101,3.461866218774656,0.3189805661092553,3.476530787760769
1769370230.1110113,3.4508463547563153,0.16089117578203727,3.4545949885014706
1769370230.1312985,4.08338439305512,0.15150257026481384,4.086193966302012
1769370230.1513295,4.085106957852307,0.17565807787694077,4.088881829720291
1769370230.1709962,4.094465279789219,0.2963616097768398,4.105176747857384
1769370230.1909447,4.093273789140252,0.16828549876738386,4.0967316634065725
1769370230.2110653,4.102814599998947,0.272750622067651,4.111870686658666
1769370230.231038,3.560485879654671,0.09573529944142045,3.561772725312416
1769370230.2517781,3.5660882839458274,0.15192853558257546,3.5693231751720047
1769370230.2712023,3.589770052033142,0.13974269018261865,3.5924889764526076
1769370230.2915504,3.5992960468510624,0.22796135612195378,3.6065077863166533
1769370230.3111405,4.227765411478924,0.07536575094419895,4.228437107361647
1769370230.3310163,4.236255603249802,0.1474512703051687,4.238820993292823
1769370230.350968,3.562170832560632,0.03693021889484882,3.562362261395285
1769370230.3710344,3.57357425445036,0.12489223137675509,3.5757560069905097
1769370230.3910513,4.2293971738603915,0.08335723314334409,4.230218538394391
1769370230.4114256,4.205886767021703,0.05762256830637291,4.206281476243178
1769370230.4312458,4.2178738233286595,0.1373420171500097,4.220109289958728
1769370230.450956,4.2278532481842,0.20105293809830016,4.232631022437421
1769370230.4709556,4.278061423340208,-0.0025737404006935805,4.278062197538893
1769370230.49099,4.285906303598651,0.045148305998120364,4.286144096126628
1769370230.5110118,4.371659965527005,-0.011632975737814633,4.371675443158617
1769370230.5309846,4.494849071660038,-0.01053235870372049,4.494861411387783
1769370230.5509653,4.501836121903988,0.02915601279675606,4.50193053495517
1769370230.5709922,4.595493742272581,-0.021192784081463856,4.595542608807318
1769370230.5909538,4.604253617128055,0.026363319226298643,4.604329092868733
1769370230.6110392,4.083740210612223,0.007065782932599518,4.083746323299186
1769370230.6311052,4.091433918585743,0.04661936407634748,4.091699509404469
1769370230.651178,4.450288348195599,-0.05917831324427958,4.450681796628911
1769370230.6712422,4.464820149298067,0.011878824401513555,4.464835951302934
1769370230.6909947,4.453575123446974,-0.16333015044764032,4.4565690972126735
1769370230.7109556,4.470668309106291,-0.08458106703847612,4.471468336793706
1769370230.7310674,4.457510183557442,-0.19905004755570133,4.461952258591549
1769370230.7509534,4.470098725429793,-0.14406700312154896,4.472419693686795
1769370230.77094,3.7903334524903975,-0.12487952151963988,3.792390087525643
1769370230.7912323,3.803486807679718,-0.07003210970018614,3.804131489917602
1769370230.8108575,3.6977967368712363,-0.07296822936812752,3.698516603952547
1769370230.8311498,3.7115506049515474,-0.01827229701516586,3.711595582758769
1769370230.8513517,3.868584193384528,-0.22192456452662412,3.8749444091038203
1769370230.8710718,3.880748094462195,-0.17513248774481482,3.88469782105837
1769370230.8913093,3.3988131616990707,-0.09702255276780747,3.40019768305968
1769370230.9111798,3.4177471510709303,-0.0270343356241316,3.417854070020559
1769370230.931333,3.260495663309097,-0.045193841889901165,3.260808864960073
1769370230.9516234,3.2757439383799394,0.009093879850219366,3.275756561236449
1769370230.9715044,3.7168688048210434,-0.15072940533414858,3.7199237983975153
1769370230.9910712,3.7303052345081547,-0.1043041822502353,3.7317631898385284
1769370231.011053,3.937668631164719,-0.2134623099498132,3.9434503175046776
1769370231.0309813,3.9491967785359527,-0.17487437334365907,3.953066688287852
1769370231.0512486,3.5573845319694506,-0.12405960263045834,3.559547091035647
1769370231.0709958,3.5645074719655696,-0.10097087814258998,3.565937273134689
1769370231.0909972,3.581471581968536,-0.15696169906974866,3.58490943643254
1769370231.1111412,3.5986815653253075,-0.10327780420001886,3.6001632342787713
1769370231.1311145,3.606323216476799,-0.15649144568939022,3.6097169853429674
1769370231.1510403,3.629252955942217,-0.08773758897167383,3.6303133339608418
1769370231.1710033,3.630430409287097,-0.16601272308917459,3.6342241511640365
1769370231.1910405,3.648849874650935,-0.11274039632695043,3.65059115825151
1769370231.2110972,4.320428271787716,-0.2560780570104768,4.328010677314099
1769370231.2309215,4.334027341284891,-0.2181853210919691,4.339515851952265
1769370231.2510042,4.023511165112637,-0.36498718960445586,4.040031898928697
1769370231.2709277,4.0457047277744,-0.3045197266215336,4.057149123243781
1769370231.2909114,3.873168151843469,-0.316020925216991,3.8860392120550658
1769370231.3110812,3.8988555703614836,-0.24826832504391305,3.9067520934606126
1769370231.330969,3.9548106392938287,-0.28368005512423267,3.9649718241554943
1769370231.3509436,4.349620507033574,-0.4185194715268761,4.369709041029408
1769370231.3711169,4.373500260288061,-0.35870926496965616,4.388186056164302
1769370231.3910403,4.05753476605955,-0.36422215733845853,4.073849059265477
1769370231.4110367,4.079018469361571,-0.31213118142544616,4.090943356710144
1769370231.4309323,4.131311521241127,-0.4722448319151127,4.158214769202068
1769370231.4510243,4.156534097510079,-0.4129974207421725,4.177001624766695
1769370231.4709423,4.174550816724924,-0.5215165089314517,4.207000593119376
1769370231.4909766,4.1906054705077445,-0.48461378695800583,4.218533481194527
1769370231.5109463,4.20427215863819,-0.5380788863859145,4.238565001492195
1769370231.5309541,4.217307268197583,-0.5086419469801502,4.247869727830636
1769370231.5523872,4.224440029087415,-0.5609663313062825,4.261522824556418
1769370231.5709548,4.260976634038194,-0.48032847434062376,4.28796423948263
1769370231.5912154,4.262091685271521,-0.5600203749574924,4.2987263641720865
1769370231.611328,4.292698706408267,-0.494396301286832,4.321075084597039
1769370231.6311157,4.289594780428526,-0.584655607428914,4.3292546193978625
1769370231.6509724,4.327946309967974,-0.5048561919885124,4.357292626913476
1769370231.6712143,4.30134080441448,-0.6734922793372107,4.353748335176005
1769370231.69098,4.340616763869047,-0.5941488642449837,4.3810919601926415
1769370231.7111712,3.710947469279205,-0.4026717705837992,3.7327303243838585
1769370231.7311132,3.7438293972623775,-0.338151277991086,3.7590696778076595
1769370231.7509725,3.7371410687899456,-0.5374716706080278,3.775592558095039
1769370231.7709737,3.7594292233805326,-0.4946490091289455,3.7918314477096424
1769370231.791108,3.624183883062166,-0.5243351863286989,3.6619170124225797
1769370231.8110883,3.6581139301042676,-0.4603886389171645,3.686971009442153
1769370231.8308685,3.538937967219205,-0.4032239220498042,3.5618354070814147
1769370231.8513048,3.562019497057989,-0.3608045329494427,3.580246193827753
1769370231.8711858,3.9413174153644057,-0.6758450079711071,3.9988435132490774
1769370231.8909519,3.9725859700761603,-0.6195909382044054,4.020613413442153
1769370231.9109874,4.223910007075034,-0.6583161244271274,4.274903024344455
1769370231.9310048,4.143041827187002,-0.7164168716557882,4.204527169113558
1769370231.9510775,4.163147676664625,-0.681579776891466,4.218571982316467
1769370231.971056,4.212116006979468,-0.6668983209062151,4.264583757728318
1769370231.991284,4.253064859972238,-0.5976585189680623,4.29485231508905
1769370232.0111938,4.294486992016736,-0.5287030496062517,4.326909455866151
1769370232.0310183,4.3427939437548915,-0.7263721338412683,4.403121133325232
1769370232.0509458,4.3850163741016175,-0.6579074648377201,4.434096394241841
1769370232.0710206,4.389264400398478,-0.651077063274828,4.437290087308692
1769370232.0911024,4.4894903953091685,-0.7833686253454903,4.557322724226249
1769370232.1113224,4.28805825035916,-0.8192841621752542,4.365623677879769
1769370232.1314917,4.649163305813346,-0.9869934570851004,4.752775560496211
1769370232.151223,4.679815228873565,-0.9397414162166413,4.773236271729045
1769370232.1713054,4.1222769444599585,-0.8049035781024401,4.200123447812962
1769370232.1910307,4.157796836124469,-0.7512575775179506,4.225122776708954
1769370232.2109652,4.152817943667468,-0.7841225418276352,4.226197467446207
1769370232.2310228,4.18888621260264,-0.7308477593578271,4.252164877975788
1769370232.2509646,4.117444581904685,-0.8269377207706352,4.19966378167224
1769370232.271323,4.15873599217112,-0.7674986472140937,4.228964320735631
1769370232.2914689,4.388010878539703,-0.900235027254185,4.47940426557797
1769370232.3110585,4.42998470248455,-0.8413107028267639,4.509164907489855
1769370232.3311255,3.764009048162258,-0.6794438392472983,3.8248409176511453
1769370232.3512669,3.806712546599673,-0.6210203273548789,3.8570359940538967
1769370232.371042,3.662857134095553,-0.7178372762957945,3.7325343588551805
1769370232.3909135,3.6868694002493143,-0.685594077923561,3.750072694519214
1769370232.4109137,3.5743468533721447,-0.6909274374884689,3.6405131715303183
1769370232.4313228,3.5986234081351682,-0.6588844083671717,3.6584449014803724
1769370232.4512312,3.7522833282720534,-0.7784157956887654,3.8321744906262
1769370232.47136,3.7669281968629598,-0.7592505212903422,3.842682577887599
1769370232.4909265,3.9453926450857537,-0.9142989548482419,4.049946382698584
1769370232.5111022,3.9947480846430174,-0.850866143880852,4.084358634420063
1769370232.5311427,3.89958856046173,-0.9131917330658297,4.005085527454284
1769370232.550943,3.94960035671836,-0.8502469832882298,4.040082042530885
1769370232.5711217,3.607431260479494,-0.7618875435011958,3.6870086693723625
1769370232.5910146,4.1550534674036435,-0.99819144843919,4.273272222164201
1769370232.611066,4.19088670781991,-0.9548033572800474,4.298276497487668
1769370232.6309955,3.8334932195201645,-0.9075910566091885,3.9394659270190497
1769370232.6510408,3.869653034079718,-0.8644767852517976,3.9650390561004127
1769370232.6709666,3.9216684424784276,-0.8031897529879402,4.003073463232471
1769370232.6909785,4.172608501739067,-1.0405364732965925,4.300392756603244
1769370232.711044,3.9266996490682544,-0.9239478381066348,4.033937250569805
1769370232.731171,3.9796777256482194,-0.8634958420922398,4.072279443914817
1769370232.7511632,4.281614349017659,-1.0883182424087892,4.417766181055043
1769370232.7710853,4.319149414042851,-1.046401465792142,4.44409807367464
1769370232.7909615,4.353110689857903,-1.0960644638638044,4.488978724286873
1769370232.811018,4.401925418658433,-1.0426745095446464,4.523728277017242
1769370232.830926,4.429187795533107,-1.013144688307639,4.54358522397736
1769370232.8510144,4.558441591947194,-1.163596281940638,4.7046090224948705
1769370232.8709466,4.609701669050107,-1.303444944324248,4.790440292971804
1769370232.890957,4.6485496265122705,-1.2627366647258622,4.817002959786341
1769370232.91134,4.185324204679741,-1.1468520730016536,4.339609242273583
1769370232.9309185,4.241442164445338,-1.0892843095596625,4.379083459057115
1769370232.9510264,3.946629066760348,-1.1998620501672868,4.124990900599576
1769370232.971063,3.969251191091324,-1.1770019701971641,4.140083170158288
1769370232.990961,4.231753142887484,-1.138068333731173,4.382115264866928
1769370233.0112736,4.300428956210947,-1.0702385074624914,4.431602381788456
1769370233.0312238,3.9458668395511864,-1.164161896876454,4.114017262677522
1769370233.051095,3.9922032380364456,-1.119535668590693,4.146208726901661
1769370233.0709076,4.173437575404023,-1.2146712676705604,4.346608733748486
1769370233.09172,4.035651224809701,-1.2110755204290022,4.213452826897487
1769370233.1111436,4.082638780996536,-1.167074968713603,4.246175149319059
1769370233.1310737,4.118043905781249,-1.1342189391216309,4.271385982535913
1769370233.1508698,4.002678936327463,-1.1769842443864675,4.172137411310123
1769370233.171162,3.8758676108187338,-1.2931711371832897,4.0859076502825715
1769370233.1909533,3.9177608870773746,-1.2554835621698324,4.114011344562865
1769370233.2110825,3.9658621617628746,-1.2126509337287494,4.147117670524398
1769370233.2312233,3.8855255579814205,-1.3372717424899392,4.1092097263329
1769370233.250963,3.9461320308951606,-1.2842522217551284,4.149850813503993
1769370233.2710152,3.880736658663963,-1.2987576388911037,4.092296228094483
1769370233.2909682,3.789940879188226,-1.2955892805897662,4.005271957273455
1769370233.3111594,3.845288703269947,-1.2487681230845276,4.0429774964408995
1769370233.3309727,3.1908392653866464,-1.124170825750749,3.383077779626462
1769370233.350998,3.2405377801303814,-1.0831304650511093,3.4167611430672427
1769370233.3712487,3.0660184846932417,-1.0736147039666903,3.248556276417899
1769370233.3911755,3.097370744039903,-1.0483097415347764,3.2699631252096735
1769370233.4112403,2.9157474538656274,-1.1185640170640205,3.1229423105453433
1769370233.4309409,2.9535687191230053,-1.0884389438075637,3.147740064392045
1769370233.4509413,2.929290468553294,-1.2003020474180772,3.1656701745749203
1769370233.4710643,2.96742186121908,-1.1705607107796077,3.189953742621007
1769370233.4909458,2.5917422913509682,-1.0379080464593962,2.791841904134675
1769370233.51101,2.6237480702571183,-1.013414348677962,2.812661120413252
1769370233.5318477,3.0227806794877274,-1.2264255275451106,3.262104015953291
1769370233.5512817,3.074299237058977,-1.1876354447319244,3.2957235546333377
1769370233.5711944,2.8722256073749612,-1.1571683077156152,3.0965655865881296
1769370233.59093,2.937084833105885,-1.1092936064471495,3.1395858997907906
1769370233.6109145,3.008817667196091,-1.0571440004952422,3.189127967362616
1769370233.6310658,2.221784975505088,-0.9288137586484844,2.4081161673878753
1769370233.651242,2.6681687347506795,-1.0879223900381163,2.8814405292921266
1769370233.6709728,2.7078447548944595,-1.0602420312465242,2.908012445198815
1769370233.691099,2.819654482430085,-1.2512533961745795,3.084815466397705
1769370233.7109845,2.866175737692089,-1.219292344266531,3.114745122818521
1769370233.73104,2.8096907468160346,-1.227734169869045,3.066218075187686
1769370233.7511575,2.7464198323506537,-1.3023670331466697,3.0395693419555756
1769370233.7709644,2.766581260676624,-1.2889978634371282,3.052128333453975
1769370233.7909825,3.0176503985686516,-1.370767215482683,3.3143953727676623
1769370233.8111212,3.0919783293691836,-1.3223550536050048,3.362878659286318
1769370233.8311057,3.1230615700755706,-1.3369138686760103,3.3971829892929146
1769370233.8510406,3.197918283106265,-1.2893184244902542,3.448046308441253
1769370233.870945,2.7206765620563793,-1.2366507710536965,2.9885424683063517
1769370233.891046,2.761745914980118,-1.2110685146931566,3.0156139418351375
1769370233.9109752,2.7664573833734707,-1.2878882661712296,3.0515475811730557
1769370233.9310892,2.8147051926686437,-1.2585865545264987,3.083278358642098
1769370233.9510624,2.8053290907843262,-1.233154687231302,3.0643990912153307
1769370233.9715657,2.8677699491499347,-1.1961642205216982,3.1072356401959125
1769370233.9910183,2.923463081155248,-1.1636083374969672,3.1465251866098565
1769370234.0109472,2.74296839029752,-1.3355957031520411,3.050850942351914
1769370234.031179,2.819926384926294,-1.2914909501148273,3.101601794336594
1769370234.0511203,2.7862223234009953,-1.3024808920733761,3.0756286039823304
1769370234.0711153,2.7675562845981823,-1.1925805773603813,3.0135720037716234
1769370234.0910504,2.8382872267068606,-1.1538653266776286,3.063866768218911
1769370234.1110027,2.722768484216278,-1.2516634034650131,2.9966864190660703
1769370234.1309965,2.7654745303951564,-1.228934092856516,3.0262399744318658
1769370234.1512158,2.9156421698591934,-1.4467634070952933,3.25485692754247
1769370234.1711078,2.937076279389931,-1.435554243845658,3.2691333802673577
1769370234.1911354,2.6747843559178257,-1.2961632603522872,2.972290454876476
1769370234.2110078,2.7322157665289986,-1.2668079884261267,3.011611773520932
1769370234.231494,2.6854489737351948,-1.3313718587671843,2.9973633775124093
1769370234.250946,2.7503621156575377,-1.2989531616186163,3.0416724155180166
1769370234.2709606,2.6645973431045853,-1.249842989654514,2.9431592718826054
1769370234.2909775,2.737150118876894,-1.2147002309375061,2.9945763346936785
1769370234.31104,2.6610315623561682,-1.243438166716217,2.937214232959914
1769370234.3310397,2.5961357191356313,-1.242392157192615,2.8780998843726047
1769370234.350989,2.6546514407670116,-1.215289392234336,2.919606579463006
1769370234.370981,2.720658258376158,-1.1851880548459341,2.967600391599226
1769370234.3910065,3.0417719140782076,-1.4854773621479929,3.3851173348540167
1769370234.4110003,2.9742779302291567,-1.51861649394721,3.3395396781497824
1769370234.4313304,3.0184884700647814,-1.4990118710404445,3.3702090785935224
1769370234.4510057,2.6037833044274343,-1.3557362309168788,2.935593334274309
1769370234.4709215,2.6778681813120784,-1.3239951999212352,2.987296651807137
1769370234.490935,2.6617787895403673,-1.4163781983002224,3.015160613477691
1769370234.5110366,2.6915521708376566,-1.404017318591901,3.0357400612119103
1769370234.5309873,2.673298490777995,-1.4126100968169517,3.0235727387356013
1769370234.5510178,2.7031808199089014,-1.4005190507307184,3.044444145748618
1769370234.5709538,2.7543407164161806,-1.3732169042238134,3.077680530554468
1769370234.5909595,2.7918520075580524,-1.3585069427325713,3.1048315164527893
1769370234.6118214,2.739888826504405,-1.4254963125722746,3.088532097738477
1769370234.630971,2.8000903642170414,-1.4024416511113351,3.1316686658318456
1769370234.6512344,2.7149224518890627,-1.3765329368568793,3.043952503903953
1769370234.671219,2.798099308858969,-1.3459136609905755,3.104970744641259
1769370234.691126,2.738409531147795,-1.3652461006209577,3.059866610743321
1769370234.7109823,2.799175363413095,-1.3437501837866606,3.1050035864013936
1769370234.7309976,3.1843586410767237,-1.6167970315555884,3.571298446818322
1769370234.7509494,3.23771263542854,-1.5985263243014813,3.610826708538978
1769370234.7710333,2.7198175110875056,-1.483174566761921,3.0979370699075934
1769370234.791147,2.7656765642300414,-1.467892262344165,3.131082009750169
1769370234.8111823,3.1995219780750404,-1.666133212552765,3.6073453910260125
1769370234.830911,3.237832462354472,-1.653695216216473,3.6356934582571276
1769370234.8510802,3.26282023267483,-1.7015540775124336,3.679848114997604
1769370234.8711889,3.331990018256029,-1.6798396770396913,3.7314901610904223
1769370234.8916492,3.4162477087121346,-1.7734858327530887,3.8491558043624092
1769370234.9112568,3.462530819945904,-1.7595722127178526,3.883968852970381
1769370234.930926,3.2834802457888514,-1.7631468553346359,3.7269195534599393
1769370234.9515526,3.3531415686070467,-1.7430856552879703,3.779140905125293
1769370234.971252,3.2184690533619964,-1.7564670161074112,3.6665677991988828
1769370234.9911158,3.268067283695146,-1.8041803315840106,3.7330055504423187
1769370235.0109408,3.314747409761223,-1.791690945670549,3.76798445263732
1769370235.030951,3.270364172476782,-1.8479794242445458,3.7563692274656586
1769370235.0509388,3.301546010253009,-1.839891869082848,3.779604231627266
1769370235.0709634,3.2619591225182223,-1.858068619950636,3.7540373351133725
1769370235.0910196,3.3088137134880053,-1.8462634846903931,3.789054901353027
1769370235.111007,3.2260098460012028,-1.8621265981591328,3.724869795585936
1769370235.1310859,3.272959700163426,-1.850713734289954,3.759974271877845
1769370235.1511528,3.343471258409096,-1.8339628883247876,3.8134262719449947
1769370235.1710134,3.2746134693411157,-1.7686184321325875,3.7217072066552186
1769370235.1910553,3.3374543375355774,-1.7544507194494052,3.7705037835959767
1769370235.2110193,3.3003651670899643,-1.7970999066069275,3.7579220734958563
1769370235.2309573,3.251939902414943,-1.7912130054850088,3.7126213326889594
1769370235.2510622,3.3149866693471655,-1.7780107030049628,3.7617095419436115
1769370235.2709816,3.4017919435483,-1.7604320886053664,3.8303145518066235
1769370235.2909522,3.2714923597714503,-1.848329165663877,3.75752351485479
1769370235.3109531,3.012578555756127,-1.7635752379643925,3.490820415684948
1769370235.3309937,3.0521410736487944,-1.7561358589392384,3.5213034928143117
1769370235.3511913,3.245765850255733,-1.8047010119744158,3.713750354736813
1769370235.3709948,3.2853928817776854,-1.7976205073616036,3.745029489352851
1769370235.3909376,2.80894899940094,-1.593930217469289,3.2296761477580436
1769370235.4109964,2.864531815579765,-1.5846369881665119,3.2736244297008383
1769370235.4314501,3.1037007060125017,-1.8185686730935977,3.59724201177234
1769370235.451025,3.167339492784528,-1.8086793066659475,3.6473771805112456
1769370235.4712317,3.078843121543157,-1.8684787518922015,3.601456346166957
1769370235.4913301,3.1425860278515003,-1.8592999862670467,3.651416626650554
1769370235.5110393,3.052090249706364,-1.877262682949869,3.5832066746349973
1769370235.5311863,3.1079497697964626,-1.8698019764472775,3.6270526881621157
1769370235.5509472,2.612829507080747,-1.6315788504058126,3.080410293802332
1769370235.5710263,2.66874031181705,-1.6245795346560854,3.124329290638352
1769370235.5910904,2.611784632032286,-1.5947383122104668,3.0601649054506708
1769370235.6110535,2.6677688288674766,-1.588435583009037,3.104853962048168
1769370235.6311927,2.551226432347363,-1.599474581582438,3.011158455849869
1769370235.6509507,2.599261438435848,-1.5944600126612904,3.0493380851121503
1769370235.6710794,2.7790604481882486,-1.7620073991466434,3.290569411109844
1769370235.6910434,2.8431733065904794,-1.7559873668394879,3.3417250161867775
1769370235.7109525,2.664648626403425,-1.765313497658557,3.196354806214283
1769370235.731044,2.736840524285048,-1.7592688803659549,3.253509343584699
1769370235.750962,2.6526067818917856,-1.770065493685923,3.1889582297791055
1769370235.7710145,2.708799575083715,-1.7659096754789267,3.2335788408393262
1769370235.7910452,2.58356601018075,-1.8458226904946358,3.175196802358262
1769370235.811124,2.5541795646870185,-1.8085591660800766,3.1296516588714836
1769370235.8310041,2.634541630177914,-1.803926298599034,3.192954696189364
1769370235.8509994,2.595061613856105,-1.7869890240934332,3.1508212503948636
1769370235.871291,2.6674332503637466,-1.7836964186661532,3.208858528995718
1769370235.8911684,2.4630529842657296,-1.6924662795607368,2.9884899382046575
1769370235.911126,2.527408182593703,-1.6901407214060669,3.0404551928283086
1769370235.9312427,2.599821979878385,-1.6879503951812218,3.09971786839564
1769370235.9512484,2.2841272920745688,-1.6197221630135168,2.8001316704321404
1769370235.970959,2.3324167448333295,-1.618813161244212,2.839141405882487
1769370235.9912288,2.6155789059199304,-1.8963397100119899,3.2306899122109596
1769370236.0109096,2.5909165382112054,-1.9071838182754313,3.2171724580239696
1769370236.0309882,2.6231145147212747,-1.906978651009414,3.243038287277397
1769370236.050911,2.4202592401512764,-1.7876500767704293,3.0088781275609944
1769370236.0709515,2.468556468940683,-1.7878766131064303,3.047995049871606
1769370236.0912037,2.5066076855750836,-1.962679971135838,3.1835820640407326
1769370236.1110315,2.570996396577133,-1.9636940872885447,3.2351378548161733
1769370236.1310356,2.5454115833499653,-1.8929824288027994,3.1721447956246136
1769370236.1510708,2.6097848132706076,-1.8947082312798678,3.2250420234870716
1769370236.1712852,2.5326217256304737,-2.012020580856543,3.2345632816387715
1769370236.1909838,2.5728365479850925,-2.0136409278695346,3.26714518946421
1769370236.2111135,2.5874730140534155,-1.9825381632357377,3.25967393570903
1769370236.2309356,2.6437527135116277,-1.9852730175954676,3.306166566371499
1769370236.251598,2.53896234249693,-2.003099662027214,3.2339972221124493
1769370236.2710335,2.571101231234165,-2.004848734596372,3.2603650086863762
1769370236.291366,2.5558380363114708,-1.998124714378175,3.244196424704481
1769370236.3109338,2.628120389639415,-2.0027869648721968,3.304265789717954
1769370236.330993,2.232933316712833,-1.8981623621192725,2.930701545680213
1769370236.3511884,2.2810784916674915,-1.9018184483449119,2.9698876233980784
1769370236.3709574,2.520969234233897,-2.138765214341735,3.305994936782585
1769370236.3910298,2.5610671821061644,-2.1422148566022123,3.3388844848404755
1769370236.4113464,2.5684869345038592,-2.079142401564905,3.304536012619943
1769370236.4316213,2.600533749621974,-2.0822448502727866,3.331444041164501
1769370236.451223,2.4746804164842278,-1.9508475416287965,3.151166338740256
1769370236.4711058,2.538710853797669,-1.957670920689015,3.2058584237145387
1769370236.4918277,2.311736556925263,-1.8880210976443799,2.9847528496971
1769370236.511145,2.3836599615968908,-1.8965645658651198,3.046110957436587
1769370236.5309336,2.3628255868530665,-1.8778116632186332,3.018132103869456
1769370236.550938,2.386767288479094,-1.880957276632472,3.0388580693856846
1769370236.5710747,2.1220074579831394,-1.7417336153583136,2.7452780621651436
1769370236.5910408,2.1459246825367195,-1.7450607156589264,2.7659048509405317
1769370236.6109421,2.1786316789800146,-1.8814743405398495,2.8786075951343455
1769370236.6310391,2.194560067557603,-1.8838078011414154,2.892200843952523
1769370236.65095,2.049446219201071,-1.7428147139454602,2.690284916610574
1769370236.670958,2.065351412791527,-1.7453018455241036,2.7040257007487556
1769370236.690985,2.1349200249659557,-1.8755710608428977,2.84176887119132
1769370236.711017,2.1825506994930493,-1.883558410144957,2.882935975752045
1769370236.7311232,2.261860811432282,-1.8973082891944912,2.952252203748729
1769370236.750959,1.845177952479487,-1.6970095280685484,2.506895094468819
1769370236.7709937,2.046954119803347,-1.8987220550562576,2.79198255921074
1769370236.7912521,2.102303828874165,-1.9092827467071096,2.8399017581198858
1769370236.8112314,1.9802656603188584,-1.7596550360517718,2.649120218363154
1769370236.8312178,2.0512830061919356,-1.7740156487430347,2.711990688309419
1769370236.8509667,1.9265908638278653,-1.7685931690911794,2.615277070281652
1769370236.870985,1.9659614356116162,-1.777004785650675,2.6500472400577104
1769370236.8909757,1.5957779464834427,-1.5592352002978735,2.231080828730968
1769370236.9109936,1.6665099897417477,-1.5750569552958993,2.2930460000477595
1769370236.9310205,1.4282275508350253,-1.4789635762940776,2.0560075867974765
1769370236.950947,1.7829313959411266,-1.796739713730389,2.5312285478653513
1769370236.9710295,1.8534325186441993,-1.8136750665931451,2.5931890305855894
1769370236.9912264,1.5187272961137115,-1.5126474237954923,2.1435099320217774
1769370237.0111847,1.5890872469431265,-1.5302079900506307,2.206067716823778
1769370237.0309355,1.7868859522535345,-1.7920516660595531,2.5306936954494987
1769370237.0510728,1.8493039488082896,-1.8082382896975737,2.5864359275664146
1769370237.0709274,1.483062762639678,-1.5022672736970755,2.1109907909675205
1769370237.0910463,1.5375438911320245,-1.5170078722825018,2.159943078352874
1769370237.110919,1.6074987773095284,-1.5363423280489883,2.22360069886808
1769370237.1310663,1.6828212955643025,-1.692912136012339,2.387014665447738
1769370237.151222,1.613996829422911,-1.6762212993203285,2.3269515701196575
1769370237.1710038,1.6991888908482427,-1.7010758286521686,2.404350611206016
1769370237.1913803,1.6068843737975627,-1.717417817205213,2.351935660176252
1769370237.2109358,1.6763844551669909,-1.7385138475153035,2.415097356117967
1769370237.2312567,1.6781926325195222,-1.7340665652009335,2.4131550643070097
1769370237.2509682,1.7628778002167458,-1.760777364825568,2.4916009044345575
1769370237.2712748,1.8323317063666575,-1.9120436816670434,2.6482731208769628
1769370237.2909746,1.9243993471691248,-1.942224378921864,2.734144909375393
1769370237.3109138,1.6050964535256291,-1.7048989922891877,2.341583908176096
1769370237.3310158,1.6662622936693268,-1.7256901066882513,2.3988406315605615
1769370237.3511012,1.6864024248165137,-1.8011413636046747,2.467400119582295
1769370237.3714607,1.6248457413848172,-1.8611047023628835,2.47059393597038
1769370237.3909793,1.6857672180059424,-1.8826862017634802,2.5271166272283705
1769370237.4112363,1.769350890638954,-1.912903845661173,2.6057251767886354
1769370237.4310634,1.7345586282766892,-1.8834357738112253,2.5604733837712508
1769370237.451012,1.6779972586375838,-1.8528855632093553,2.499771931665946
1769370237.4709322,1.738382789891471,-1.875999319586704,2.5576059452700353
1769370237.4910622,1.7835920019364426,-1.8935508187777828,2.6012948953676243
1769370237.5109854,1.6892085843583011,-1.9119022558527519,2.551234187095457
1769370237.5311007,1.741796245126725,-1.9327923114696333,2.601834022149316
1769370237.550984,1.5463124945077489,-1.7130951812448032,2.3077645960268436
1769370237.5709753,1.4761166473956902,-1.71929448035171,2.266030420556297
1769370237.590952,1.543312229518511,-1.7472109979582875,2.331214041903444
1769370237.6109562,1.5206934929318177,-1.8151989588538697,2.368006748231378
1769370237.6309688,1.5801461445624225,-1.8406845852885212,2.425898097755605
1769370237.6509328,1.4227890395128338,-1.7447582209519368,2.251335137321234
1769370237.6709552,1.4893319907062352,-1.7742261961955457,2.316460311295558
1769370237.6910071,1.3577186069573735,-1.6871255877306162,2.165592889823396
1769370237.710973,1.4018730782122049,-1.707238951515837,2.2090525039004976
1769370237.73105,1.3744385465689435,-1.7285117294914798,2.208355523298768
1769370237.7512257,1.4111027441266684,-1.7455609608706126,2.244592172889621
1769370237.7714655,1.1157544049675003,-1.5206968658049362,1.8861142197314926
1769370237.7913816,1.1596051607039541,-1.5414704081294346,1.9289414578649007
1769370237.8112695,1.0739364236923317,-1.508468918408738,1.8517067586252158
1769370237.830962,1.1248554403895419,-1.5332091475400134,1.9015861936484302
1769370237.8509552,0.9865838207373283,-1.457438659415505,1.7599645113750246
1769370237.8712337,1.0517248899827196,-1.4899148955855388,1.8237246613172808
1769370237.8910072,1.1022527667233097,-1.51544993054031,1.8739129258649723
1769370237.9110665,1.1683641160233647,-1.6018471881260474,1.9826722174172873
1769370237.9310365,0.9479995581737235,-1.5280599366072494,1.7982408993685262
1769370237.951085,1.0053401274252876,-1.5580853001518484,1.8542757546710167
1769370237.9710424,1.1551247066461103,-1.630548186498519,1.9982493529081577
1769370237.9910183,1.190773998451693,-1.6496424234825575,2.0345178398682178
1769370238.0112207,1.043205378960704,-1.6068989858333111,1.9158292756309656
1769370238.030992,1.1070927659073009,-1.6417915365591433,1.9801853049251503
1769370238.0509753,1.1676681709782653,-1.6860405524294961,2.0508977794986487
1769370238.0710468,1.2170428036907062,-1.7137522481904561,2.10193719082973
1769370238.0910637,1.18457149330313,-1.6867271775708268,2.0611303195825474
1769370238.1109965,1.2476388568447527,-1.7230883478159562,2.127354265628554
1769370238.1310854,1.2430693361121454,-1.815564043384473,2.200339557889388
1769370238.1509414,1.1509931627541619,-1.722821668460874,2.071931408619778
1769370238.171029,1.1996059049403316,-1.7519000792269992,2.1232541568929704
1769370238.1912053,1.0024448612898658,-1.6457282323964897,1.9269969161452574
1769370238.2110102,1.036936560661207,-1.6668514573906386,1.963066787412285
1769370238.2309554,0.854851442393235,-1.4625029169765043,1.6940146902334048
1769370238.2510347,0.8823238799672408,-1.4795982140864865,1.7227031968067996
1769370238.270923,0.9165990632609953,-1.501072180260934,1.7587983207645632
1769370238.2909458,0.8965932445182805,-1.573006433583739,1.8105879393753983
1769370238.3109345,0.8635309697825422,-1.5496923582859772,1.7740440076569497
1769370238.3309624,0.9178874906027987,-1.5848095318141944,1.8314307787995234
1769370238.351085,0.9963177691548699,-1.6611061927517703,1.936988095144629
1769370238.3710046,1.0569945529333369,-1.7013361340377813,2.002943365628037
1769370238.3911662,0.8248227269029389,-1.5320704820191544,1.739992095582622
1769370238.4115233,0.8850581377877385,-1.5729979839659727,1.8048962753646853
1769370238.4309833,0.7489625465949095,-1.5160430638937932,1.6909557852831076
1769370238.45112,0.8020713727220921,-1.5530560773670885,1.7479421232944612
1769370238.4709492,0.7565267657071706,-1.473438534241982,1.6563072967962535
1769370238.4914322,0.7894881776719505,-1.4968744383154515,1.6923134067796
1769370238.5113375,0.7364380711282754,-1.5086231116832316,1.678774769202805
1769370238.5309029,0.7626828110004862,-1.5275054917017314,1.70732483651312
1769370238.5510356,0.7022540752507558,-1.4376094764653828,1.5999630598952486
1769370238.5711753,0.7610332697306763,-1.4805555902822682,1.6646971176622611
1769370238.5909903,0.5653378485982756,-1.337847625917039,1.4523922174225476
1769370238.6109183,0.6106468902338236,-1.3718371939808591,1.5016081084429176
1769370238.6310287,0.7157588945121196,-1.459195734972301,1.6252885860777357
1769370238.650946,0.7670939286972471,-1.4985830190763991,1.6835035374207898
1769370238.670961,0.7734342661874427,-1.547398814732997,1.7299259105377869
1769370238.690994,0.8243082987577255,-1.5873761050390343,1.7886439193561559
1769370238.7109756,0.8059248942305128,-1.6217068505719539,1.8109246379494837
1769370238.7313943,0.6561910761179774,-1.4531746688730287,1.5944602054084343
1769370238.7510397,0.7064573211806762,-1.49390786354164,1.6525261424259903
1769370238.7711148,0.7502559376284834,-1.5297733247474596,1.7038457668039357
1769370238.790927,0.8039447029676721,-1.499342231009436,1.701280168319766
1769370238.810957,0.7890523254244934,-1.5762516544078018,1.7627174618415546
1769370238.8309555,0.8446877580066339,-1.6231656759801432,1.829798956226161
1769370238.851019,0.8222934878542789,-1.64057646077163,1.8351178991567607
1769370238.8709645,0.8712615572343969,-1.6828334173087747,1.8950000030410645
1769370238.8910437,0.822546774693941,-1.6293702292318706,1.8252206826755288
1769370238.911155,0.8710033635620871,-1.6721967814745469,1.885441310492136
1769370238.9309516,0.6972198577373696,-1.5623619496518941,1.7108741601132988
1769370238.9511876,0.7392032287163621,-1.6002858596378218,1.7627638088812285
1769370238.9709816,0.695224774593763,-1.5552366315876753,1.7035546564290585
1769370238.9911122,0.7309654212166121,-1.5880025219961738,1.7481597343722877
1769370239.0113013,0.7141449527242161,-1.5258616668410347,1.6847126876225436
1769370239.0310419,0.7495786568823055,-1.5589467100664471,1.7297927643739524
1769370239.0511127,0.7848867152124281,-1.5921808735822438,1.7751301614017132
1769370239.0710921,0.6314301942631966,-1.5945740333015266,1.7150424011979284
1769370239.0909717,0.6070422638656838,-1.4578535651978655,1.5791888195144055
1769370239.1111422,0.6646530474432097,-1.51444414641389,1.6538756743125649
1769370239.131066,0.545411248209791,-1.4732087814566839,1.5709288791778098
1769370239.1509676,0.5853041368488965,-1.513254704062117,1.6225044628532017
1769370239.1709638,0.550666848445462,-1.3690769796416582,1.475671289332954
1769370239.191203,0.5788252265869547,-1.3979908062649535,1.5130819334506556
1769370239.2112033,0.525061794956299,-1.4158402552855947,1.51006407712054
1769370239.2309275,0.5585899236075145,-1.4507802034311528,1.5546015249650265
1769370239.2509346,0.353017361589238,-1.1913699960581976,1.2425714164953001
1769370239.2709835,0.40826983768124236,-1.2501766192675703,1.3151524017099918
1769370239.2909675,0.343306606990466,-1.1668141151510536,1.2162707781242803
1769370239.3109012,0.24599040128117,-1.1008458981331302,1.1279951103435728
1769370239.3310475,0.26228107947374557,-1.1187419774636407,1.1490757054211747
1769370239.3509824,0.3055358300608422,-1.166628420827582,1.2059743014399706
1769370239.370966,0.21499310374568203,-1.1247825152388025,1.145145292635449
1769370239.3912697,0.11487471583340536,-0.955447675104681,0.9623286653741255
1769370239.4110491,0.15207922241835004,-0.997901384929083,1.009423233304421
1769370239.4309328,0.1943347800389983,-1.04664064654078,1.0645293090019212
1769370239.4511595,0.08183563900578861,-0.9780323286231862,0.9814501045104523
1769370239.4709618,0.118351949472709,-1.0210631629290035,1.0278993951912663
1769370239.4909763,0.1662528080780068,-1.0379962457408016,1.0512260472257244
1769370239.5109382,0.1381268348775655,-1.0124247416981387,1.0218037385505285
1769370239.5309863,0.18408583484926666,-1.0685468026613627,1.0842877219953995
1769370239.5510635,0.15933293837797713,-0.9939271916200916,1.00661722988133
1769370239.5709713,0.18956245757472123,-1.0316636854417247,1.0489346429501554
1769370239.591062,0.14154614228370832,-0.9503171658919705,0.9608007213696016
1769370239.6109042,0.16650462772298358,-0.9819436802769843,0.9959604320900896
1769370239.6309557,0.10408135092225734,-0.959072857146511,0.9647039301904881
1769370239.6510587,0.14864577920178101,-1.0162747949239535,1.0270881298468153
1769370239.6709406,0.09083022797920881,-0.9520361730801135,0.9563592448278957
1769370239.6911588,0.12505248262678048,-0.9968548136029689,1.0046679266377179
1769370239.7110887,0.07032110354556398,-0.922705305571279,0.9253810774666043
1769370239.731294,0.09438974779081377,-0.9549806561490648,0.9596340334246758
1769370239.7509418,0.09199285920939992,-0.9283176753881577,0.9328646164281253
1769370239.7709153,0.1109434840532022,-0.9543508782518071,0.9607778387712004
1769370239.791342,0.07124038686049161,-0.8886367654080587,0.8914877977599748
1769370239.811292,0.11787628585507948,-0.954269759229657,0.9615225385539414
1769370239.8310895,0.15487045074999983,-1.0070082534675358,1.0188476230856334
1769370239.851044,0.012098016507866571,-0.8800979402085645,0.8801810872557888
1769370239.8709524,0.04103067029133589,-0.8780159238999854,0.8789741057201295
1769370239.8909876,0.05463934303733975,-0.8979635842210776,0.8996243973985567
1769370239.9109502,-0.023804476334021274,-0.811918287858882,0.8122671723350854
1769370239.9314952,-0.014811322307007657,-0.8252687043249374,0.8254016050424441
1769370239.9512024,0.04661082551569251,-0.8018566464723893,0.8032102156641191
1769370239.9709244,0.05550090990904799,-0.815273596547291,0.8171605645329976
1769370239.9910505,-0.002194116607282748,-0.794598530169738,0.7946015594595787
1769370240.0110846,0.006535673290964716,-0.8081167211043478,0.8081431494195868
1769370240.030959,0.034766538414110926,-0.7611157830862556,0.7619094089564087
1769370240.0515692,0.05194124804976363,-0.7883274910849991,0.7900367880354284
1769370240.070991,-0.007292280162216169,-0.7181300044108667,0.7181670283333228
1769370240.0910378,0.009573352344187214,-0.7455015722929037,0.745563037821952
1769370240.1109662,-0.06366151019207766,-0.6532102686228249,0.6563051446653753
1769370240.131659,-0.06368433567502851,-0.653197510232971,0.6562946609450072
1769370240.1512213,-0.06857009303163641,-0.6178121597109367,0.6216057611903699
1769370240.1714575,-0.04821995186496686,-0.6524795184716226,0.6542588828459421
1769370240.190944,-0.10678280632097525,-0.5595654264914529,0.5696630883692083
1769370240.2113757,-0.09086319183809444,-0.5874997172477148,0.59448468222247
1769370240.231036,-0.06319234311431288,-0.6364876327021456,0.6396169000355278
1769370240.2510822,-0.016190654612055155,-0.5697766085497094,0.5700065972839048
1769370240.2710679,-0.04587150690071118,-0.5862534041947711,0.5880452780826487
1769370240.291241,-0.030482750171013873,-0.6144730012286708,0.6152286301018172
1769370240.3109167,0.027338190550699082,-0.6482932776166788,0.6488694402309008
1769370240.3312018,0.04985874023238157,-0.6908825353734507,0.6926792704142426
1769370240.3509285,-0.07258003630828869,-0.5778045570400145,0.582345230775285
1769370240.3712773,-0.05054329957627157,-0.6206686939762012,0.6227232553985599
1769370240.390965,-0.07891181256045865,-0.5870262147552356,0.5923063826867283
1769370240.4110658,-0.06450229257207152,-0.6157408601652712,0.6191101296410204
1769370240.4309533,-0.15649964302046948,-0.4821165155352194,0.5068811229641086
1769370240.45099,-0.14941606369781102,-0.49653229898644646,0.5185262616567402
1769370240.4711473,-0.17965435651654182,-0.4539159658650753,0.48817557485252877
1769370240.4908693,-0.1692037861167499,-0.4756224223208889,0.5048233451917936
1769370240.5109458,-0.16907296041959086,-0.46659668831270373,0.4962843292805314
1769370240.5312626,-0.15208777320266087,-0.5029742454233812,0.5254653007734799
1769370240.550979,-0.15877755051319742,-0.4701251331485281,0.4962136146508802
1769370240.571505,-0.15212141929029088,-0.48473842880683726,0.508047508181089
1769370240.591095,-0.1833894623059471,-0.4226722943749266,0.4607424045136599
1769370240.611291,-0.1801654800241943,-0.42999030153086615,0.46620945893766846
1769370240.6310065,-0.13512411120443413,-0.5329970106645519,0.5498584716144116
1769370240.6515267,-0.14218026469475786,-0.46018912860490246,0.4816526359886457
1769370240.6709378,-0.10471358484242321,-0.5489338080812747,0.5588320503560628
1769370240.6912014,-0.15964467707912622,-0.44558801326450315,0.47332346285041216
1769370240.7113278,-0.20871377097013744,-0.41623096648723923,0.46562823760536287
1769370240.7309546,-0.19966552482985644,-0.4385127886989917,0.48182962513542954
1769370240.7510788,-0.26576626612689647,-0.42548875208451165,0.50166959880131
1769370240.7712317,-0.25107762105358056,-0.46283733206371913,0.526553290508935
1769370240.7909365,-0.20447710930961316,-0.4672924501536784,0.5100716833958179
1769370240.811188,-0.20161260644528078,-0.4747902809376061,0.5158230839643284
1769370240.8310046,-0.2619982867724926,-0.4466635412521782,0.5178333915031529
1769370240.8511195,-0.2564215444533571,-0.4617160135955789,0.5281417287721524
1769370240.8709428,-0.29416903957582763,-0.4055837919615328,0.5010325699461671
1769370240.8911626,-0.28063567977807735,-0.4433627674009539,0.5247160453825821
1769370240.9110117,-0.26818701531948363,-0.4389273614380258,0.5143748670035505
1769370240.9310405,-0.25247080103902775,-0.48444529746978837,0.5462863275040664
1769370240.95097,-0.3885195718956471,-0.345770255093095,0.5201004970706343
1769370240.9711561,-0.38089258025823436,-0.3686076840771104,0.5300479058127353
1769370240.9909647,-0.26581954047276835,-0.41839868772679445,0.49569899131293116
1769370241.0112166,-0.24862105186719452,-0.47188431406436493,0.5333734463690017
1769370241.0309772,-0.22212533413291724,-0.5561061406089802,0.5988269396801341
1769370241.051265,-0.4131689403210761,-0.41625702688060784,0.5864967908467394
1769370241.0710177,-0.4091057424450979,-0.4055505115428595,0.5760544470049943
1769370241.0910175,-0.4045086192421876,-0.4209341790018346,0.5837917489080928
1769370241.1110067,-0.3729327068970951,-0.5288093496474016,0.6470843315581845
1769370241.1311467,-0.414717485724706,-0.4410397101264074,0.6053979012799823
1769370241.1509755,-0.4636858819594982,-0.38056989976996114,0.5998650229338897
1769370241.1710734,-0.45943485757189695,-0.3960601171408449,0.6065838810434456
1769370241.1909661,-0.3564773408036286,-0.4771850156404298,0.595635487238784
1769370241.211041,-0.35035367807271345,-0.500494631744667,0.6109358199879168
1769370241.2310941,-0.42604149439753525,-0.42071421878699056,0.5987585563798089
1769370241.2510357,-0.4221640047723836,-0.4362891240530722,0.6071001949369265
1769370241.27094,-0.4034539955812326,-0.43600846900075396,0.5940357830895734
1769370241.2909935,-0.39971426891704676,-0.4516434692482605,0.6031196565280339
1769370241.3109252,-0.45476843442108517,-0.41419494730777195,0.6151193244575339
1769370241.3310149,-0.45301836361479575,-0.42202564048302094,0.6191375283386813
1769370241.3509412,-0.4313945253566125,-0.41229113856556765,0.5967287653929121
1769370241.371588,-0.4296679337353162,-0.4201455185235954,0.6009465783377395
1769370241.3909128,-0.49387158580941715,-0.42600716294355223,0.6522202435904015
1769370241.4111695,-0.49055294444147846,-0.441748654426231,0.6601394284449232
1769370241.4309833,-0.4695055345467605,-0.5441915183522674,0.7187348994007355
1769370241.451277,-0.48713691213766785,-0.4442648562668161,0.6592978338207981
1769370241.470983,-0.47027192880925184,-0.5311616549571774,0.7094282139320522
1769370241.4911542,-0.5319268394590413,-0.433663087217969,0.6863015632739768
1769370241.5109363,-0.5074383482790585,-0.44744011607649803,0.6765325822003913
1769370241.531127,-0.49909191081990745,-0.4950182437064825,0.7029479333834882
1769370241.5510063,-0.4412510844867876,-0.47410358378764883,0.6476702306892439
1769370241.5712156,-0.43471172666592084,-0.5138332873166327,0.6730519537565309
1769370241.5910068,-0.4708814625718609,-0.4390442463896225,0.6438083581949262
1769370241.6111338,-0.46466458671694677,-0.478833663251784,0.6672292373779448
1769370241.6309626,-0.5254962865558839,-0.4144030305305417,0.6692355481419981
1769370241.6511362,-0.5231437644802972,-0.4303426325733799,0.6774025241500091
1769370241.6709445,-0.5072592826358298,-0.5420166326594931,0.7423570636154495
1769370241.6910305,-0.49903530730366263,-0.405950285744094,0.6432976546136109
1769370241.7111108,-0.48337477499773907,-0.5258147855216997,0.7142355086225732
1769370241.731058,-0.5906599057474007,-0.4747938660081932,0.7578313397165192
1769370241.7511084,-0.5762966202494402,-0.5948470612851935,0.8282275175521265
1769370241.771105,-0.5334236152102299,-0.4899062543207222,0.7242574758236959
1769370241.7910273,-0.5213446578103957,-0.6021330289408944,0.7964699848512652
1769370241.8110006,-0.46409114446054733,-0.48476968748303406,0.6711052378495486
1769370241.8310182,-0.45632640630177634,-0.5650384992460307,0.7262935320643441
1769370241.851005,-0.4519281501699337,-0.6132293971938036,0.7617672521831678
1769370241.8708987,-0.5735969570905992,-0.5287067708599533,0.7800925065251901
1769370241.8910885,-0.5702993055501939,-0.5689046460983676,0.8055394430214713
1769370241.9110806,-0.6509942669526753,-0.5456922218429163,0.8494548467017595
1769370241.931492,-0.6463493785697662,-0.6100687565934013,0.8887921055842821
1769370241.9510663,-0.6441569795383035,-0.6422685681531508,0.9096412083483295
1769370241.971051,-0.5921853839175648,-0.5815706835715844,0.8300048125857545
1769370241.992295,-0.5921853839175648,-0.5815706835715844,0.8300048125857545
1769370242.0111485,-0.5927498209364015,-0.5775026625959896,0.8275636987722416
1769370242.031146,-0.5919152136202439,-0.5936221076006856,0.8383023480507369
1769370242.0512335,-0.5915061115792515,-0.6016823621322676,0.8437423451129326
1769370242.072113,-0.6431938821675607,-0.5887189130047616,0.8719451408129333
1769370242.090987,-0.6415313506042327,-0.6290425883081578,0.8984748475686548
1769370242.1110482,-0.6412152724543329,-0.6371081771256613,0.9039158450813147
1769370242.1313686,-0.6156410542123896,-0.6120710157923828,0.8681272003599828
1769370242.1509697,-0.614307284171544,-0.6524105118070942,0.8961098790341577
1769370242.1713495,-0.6265691213730739,-0.570675582298259,0.8475019080153642
1769370242.191052,-0.6244800138800419,-0.6594543665704595,0.9082154751623996
1769370242.2110856,-0.6234967196921046,-0.7159601039748562,0.9493929797246774
1769370242.2310448,-0.6300015334341127,-0.6424005223440776,0.8997668382627119
1769370242.2509437,-0.6295454990202867,-0.7312305373213199,0.964896696049856
1769370242.2711337,-0.5957072078720167,-0.6846403299251609,0.907523806228083
1769370242.291126,-0.5963656167224459,-0.7815507770472836,0.9830938744148272
1769370242.3109496,-0.7214500273865003,-0.7418148282635659,1.0347847029443786
1769370242.3309658,-0.7225493345778269,-0.7983155920420639,1.0767475680939946
1769370242.3509355,-0.7234992052200854,-0.8386814255955191,1.10762702819723
1769370242.3709435,-0.7245869264177356,-0.879044255154585,1.139186120199759
1769370242.3909585,-0.6605921066067072,-0.736539742106892,0.989379968977528
1769370242.4109912,-0.6619831474208122,-0.7768941888975736,1.0206793170295867
1769370242.431058,-0.6230681782003418,-0.7172203482142292,0.9500626203458554
1769370242.4509947,-0.6261677866368625,-0.7898368229569277,1.0079326881892463
1769370242.4709938,-0.6288875362481632,-0.8463029804325988,1.0543852559370244
1769370242.491366,-0.6736361757019551,-0.7765510681415639,1.0280161762570468
1769370242.510955,-0.6759925921934763,-0.8168626331424553,1.0602973857012385
1769370242.5310488,-0.6736148911752323,-0.8115112349953666,1.054659900696298
1769370242.5509524,-0.676889205849712,-0.8598571075181596,1.0943186201218318
1769370242.570956,-0.6440336180835469,-0.7679346404112231,1.002248927744649
1769370242.5911112,-0.6490605551713533,-0.8323471487806362,1.0555005354629623
1769370242.6118631,-0.6605881100899224,-0.776910384950634,1.019787427573177
1769370242.6310236,-0.6686237847899611,-0.865366008354461,1.0935794868239737
1769370242.6512427,-0.6756907249606372,-0.937703127035526,1.1557876579415596
1769370242.6710038,-0.607541304648989,-0.8678482227385009,1.0593710278108281
1769370242.6911755,-0.6126978383741557,-0.9160259719365564,1.1020445646209938
1769370242.7109463,-0.5680729509991398,-0.8669965876262538,1.0365278388024315
1769370242.7310169,-0.572685870689021,-0.907108465516302,1.0727603994826533
1769370242.75093,-0.5311943045839693,-0.8776218147159582,1.025859366037947
1769370242.7710013,-0.5401889234430473,-0.9497374164592198,1.0926139451943637
1769370242.7910058,-0.5613709135607152,-0.8991321355085029,1.0599886318711502
1769370242.811254,-0.5700018705654386,-0.9631493896543804,1.1191777692751517
1769370242.8309546,-0.5801305287084502,-1.0351088418753092,1.1865924931786773
1769370242.8511946,-0.5907023058968432,-1.107002004237427,1.2547440581957454
1769370242.8710215,-0.49436874694474975,-1.025928150145158,1.1388279181755196
1769370242.891075,-0.5071259057513067,-1.1056478988397247,1.216402055445806
1769370242.9109476,-0.4644026214517045,-0.9860549463043302,1.0899422700044488
1769370242.9310143,-0.46981091580964307,-1.0178903842158409,1.1210812329590427
1769370242.9509158,-0.421885615703262,-0.9668404203444494,1.054878130946486
1769370242.9710581,-0.43178843553231827,-1.0224727397923692,1.1099061927379092
1769370242.9909317,-0.443432248870836,-1.0859908622936283,1.1730338069825206
1769370243.0110686,-0.4159223513444368,-1.0628420577558142,1.1413258264327932
1769370243.0311685,-0.4298281142550595,-1.134140331339859,1.2128588124657154
1769370243.0508695,-0.42844639287814856,-1.070420402865822,1.1529814180817162
1769370243.0713558,-0.4398637542242505,-1.1257546968967382,1.208637149795305
1769370243.0909631,-0.4016007129252288,-1.0269765728627238,1.1027075831021194
1769370243.1116104,-0.40844170571106453,-1.0585224685960961,1.1345899891533229
1769370243.1310291,-0.4054381036286705,-1.0508127695106326,1.1263159114744932
1769370243.1509662,-0.41981102196740694,-1.1137435331008945,1.1902377710732346
1769370243.1711278,-0.4345286569438154,-1.1765903216975184,1.2542647004590641
1769370243.191114,-0.38530232468660164,-1.0542451356556075,1.1224485233018082
1769370243.21104,-0.40455851927355146,-1.1325861403451194,1.2026715930871
1769370243.2309391,-0.39249382432854807,-1.0542214857744847,1.1249152604550314
1769370243.251003,-0.41255352765350417,-1.1323497967586729,1.205162426977691
1769370243.271523,-0.36661732304381234,-1.0906495530836748,1.15061927204329
1769370243.2910352,-0.3876385585473592,-1.1685113997057233,1.2311305955563376
1769370243.3113234,-0.3983490588458378,-1.2073850890302742,1.2714010877358914
1769370243.3315256,-0.4070132877236612,-1.238456140740749,1.3036231928445021
1769370243.350954,-0.3751954532417443,-1.1092015631399184,1.1709396806861216
1769370243.3710113,-0.39524006342640994,-1.1789477464331233,1.2434357629395467
1769370243.3909442,-0.31529192563854047,-1.0541480153521032,1.100289524008857
1769370243.4110699,-0.3360998917438802,-1.123659314657158,1.1728484099175145
1769370243.4312115,-0.29509340201655787,-1.098917593417453,1.137848844546635
1769370243.4510736,-0.31656726491356024,-1.1682166082789243,1.210349072405794
1769370243.4709673,-0.3335644146547412,-1.2220193200820306,1.2667266624563125
1769370243.4913871,-0.3590404282414399,-1.2008775417993522,1.2534021300085028
1769370243.5110083,-0.3843469648467628,-1.277392691188595,1.3339620222813542
1769370243.531012,-0.30416770044960306,-1.2064433867012898,1.2441959794630737
1769370243.5509741,-0.3145886964846021,-1.2369521062256412,1.2763293309533912
1769370243.5710056,-0.2765338744860544,-1.1505905215076382,1.1833552010793242
1769370243.5909154,-0.30577527932991244,-1.2342514619567622,1.2715640734118319
1769370243.6116142,-0.2951852181122874,-1.142031221474169,1.1795633191201653
1769370243.630997,-0.32000340977162,-1.210156728262243,1.2517513687725048
1769370243.6510658,-0.3424110849431736,-1.2705698354168238,1.315900094142065
1769370243.6711023,-0.320838367670369,-1.2311067511144898,1.2722268236478356
1769370243.690992,-0.34686502648697637,-1.2987627893662408,1.3442842443628464
1769370243.710939,-0.2847059559365097,-1.2095645876083383,1.242619802249204
1769370243.7309525,-0.30253944973780866,-1.2544857825085245,1.2904513540477538
1769370243.7510066,-0.2627376681592295,-1.2745182623136366,1.3013177487611245
1769370243.770986,-0.2749303458006702,-1.3043304866827832,1.3329908902660295
1769370243.7909691,-0.29646381264731625,-1.3564182807217646,1.388438455418738
1769370243.8109772,-0.31511956825912857,-1.4009795157144906,1.4359818751472555
1769370243.8309689,-0.17492736523227181,-1.2170014798900946,1.2295089203262353
1769370243.8510113,-0.20041049516787668,-1.2761490791913106,1.2917897812315529
1769370243.8710763,0.11068612314684767,-1.0640848431612553,1.0698261406895948
1769370243.8910432,0.13634113155751004,-1.1092301638348467,1.1175779438211293
1769370243.9109364,0.15073283751822464,-1.0533582906471688,1.0640883782757056
1769370243.9309633,0.12063606264776361,-1.1192453434630707,1.1257278527579044
1769370243.9509356,0.23416112914534137,-1.0161689610552411,1.0427994974177488
1769370243.9709992,0.20338909761420876,-1.081733972216702,1.1006886533784415
1769370243.9910247,0.26411195147479427,-1.0227007567986894,1.0562537388660151
1769370244.0109518,0.2326677785274769,-1.0879369432625965,1.1125381286412044
1769370244.0311627,0.21148171835392526,-1.1313164639021354,1.1509133150215791
1769370244.051002,0.3289995074328984,-0.9439519803821859,0.9996429448350748
1769370244.0714798,0.4332963167177941,-0.9769436511621192,1.0687210092569432
1769370244.0910428,0.3971461012241102,-1.0488153188758664,1.1214894555127108
1769370244.1112235,0.4679388374460771,-1.0251903592134646,1.1269347932398834
1769370244.131126,0.43842864671313286,-1.0823796949249829,1.1678037002187518
1769370244.151103,0.4627677927127518,-1.0023452438773202,1.1040154065481682
1769370244.171071,0.42130357736925506,-1.0805051968808677,1.159736256564696
1769370244.190987,0.3946103917913222,-1.1300758195284377,1.1969915284548052
1769370244.2115564,0.3560645405632483,-1.2006623861678452,1.25234664634229
1769370244.2308757,0.528175502160229,-1.0076603788406095,1.137694510915567
1769370244.2510142,0.31324247150095186,-1.0047328439474286,1.0524300136630047
1769370244.2711914,0.313865181900145,-1.0573335016344712,1.1029349419108199
1769370244.2910457,0.2898405191728055,-1.0991733779176827,1.136745196285135
1769370244.3109653,0.3765149405299004,-1.0134141391857552,1.0810974599654923
1769370244.3312144,0.3717299063912436,-0.9617375114520945,1.0310781562227522
1769370244.3511662,0.3513385671386069,-0.996384819967634,1.0565138419447915
1769370244.3711364,0.314333983806776,-1.0585693709483202,1.104253126092818
1769370244.3914082,0.3297661469888915,-1.0762870050061228,1.1256728782576886
1769370244.411065,0.3659677223416331,-1.0229279337360464,1.0864225381560435
1769370244.4309504,0.3235964066679524,-1.0912480650165457,1.1382165759690754
1769370244.450988,0.36398321904147757,-1.0288991132358831,1.091383144895221
1769370244.47101,0.3467717425947918,-1.056060004336115,1.111536492527629
1769370244.4910314,0.31212490977653307,-1.110236725733884,1.1532768732924912
1769370244.5109792,0.30894936401033224,-0.9978165159203549,1.044551343384242
1769370244.5309744,0.4362630973019619,-0.9131478875047956,1.0120101553452772
1769370244.5509775,0.40508690382115553,-0.959982273754338,1.0419507500692913
1769370244.5710223,0.3646714439497636,-1.0199726169392564,1.083203305634875
1769370244.590955,0.40119169151622014,-0.855734616138859,0.9451119016285672
1769370244.6109376,0.4934514345036787,-0.8983567109298163,1.0249580958684974
1769370244.6309314,0.47047164204850267,-0.9313192205026968,1.0434074259126034
1769370244.6511915,0.3702189887750258,-0.8900336582007689,0.9639616239144823
1769370244.670878,0.3329222729251393,-0.942360145948566,0.9994397853206783
1769370244.6911876,0.48708646534548095,-0.9083062669742628,1.0306665315937427
1769370244.710984,0.4395623378956772,-0.9730635688903855,1.067739555321431
1769370244.7310748,0.47725465599399275,-0.8723328289515542,0.9943523375215476
1769370244.7511585,0.5286696350811608,-0.7956546094660095,0.9552789334123075
1769370244.7709696,0.5092354630730407,-0.8212911474108688,0.966353923604947
1769370244.7914543,0.5202025729891089,-0.8293254474573328,0.9789746752315887
1769370244.8109884,0.5055109730330303,-0.848435247314175,0.9876151642931909
1769370244.8310387,0.466138648695384,-0.8992434127904607,1.0128790427561396
1769370244.851133,0.5716350882595953,-0.7954106568770567,0.9795125252916096
1769370244.8715022,0.5402342489453327,-0.7913196333844728,0.9581439379932767
1769370244.891061,0.5000876671193244,-0.8415151592818995,0.9788950087246787
1769370244.9109638,0.4545885900498785,-0.8977152178285253,1.0062521545440055
1769370244.931078,0.5782794897557846,-0.8252647204504528,1.0077048313332504
1769370244.9510975,0.5373320563265347,-0.8748076358036143,1.026651907131337
1769370244.9710188,0.6324763884796929,-0.7394702315532093,0.9730583771478833
1769370244.9911845,0.620699025584226,-0.8735012612089201,1.0715744181785891
1769370245.0109847,0.5738479265708207,-0.9286202798585783,1.0916213020064487
1769370245.030991,0.6179773242235567,-0.784890124261967,0.9989737135773258
1769370245.050997,0.5599083426114899,-0.8515223277479027,1.0191111945117433
1769370245.0709841,0.6332489220967421,-0.7903870464530369,1.0127763230533389
1769370245.0909946,0.5851668551765488,-0.8444105485075255,1.0273506815240803
1769370245.1110842,0.7145620879770163,-0.7704287255648623,1.0507898927709436
1769370245.130972,0.6551027215007705,-0.8358491359058369,1.0619808631572654
1769370245.1510892,0.6845196384776111,-0.7628548837346536,1.0249461981486303
1769370245.1710722,0.6353096413988428,-0.8158785996680551,1.0340581365912813
1769370245.1910996,0.7187286633010688,-0.6910948766947693,0.9970872680183512
1769370245.2109568,0.6579165932056332,-0.7553296096883834,1.0016871082764878
1769370245.2310305,0.7282612057561124,-0.6461978368236494,0.9736200635386015
1769370245.2509415,0.6722114905775527,-0.7038475554713913,0.9732777966272262
1769370245.2710993,0.7901469929345231,-0.7494421666495522,1.0890343573991796
1769370245.2918813,0.7632712609808774,-0.6429450367670895,0.9979786260951548
1769370245.310916,0.7119601340203978,-0.6939692903642235,0.9942236209238678
1769370245.3310833,0.6660937606900141,-0.7391011939721785,0.994963051053287
1769370245.350944,0.7055342516436314,-0.6021574764441288,0.927562508233219
1769370245.3711445,0.6766409407154388,-0.6301395744996645,0.9246182163481813
1769370245.3909442,0.6442178281119615,-0.6465750648894535,0.9127299297131073
1769370245.410958,0.7236551341523656,-0.5391240598456665,0.9024031832221958
1769370245.4310064,0.6766616651610082,-0.5831176140588173,0.8932508947233786
1769370245.4509997,0.8157844909726446,-0.581188060069052,1.0016406026506337
1769370245.470994,0.7684216389287073,-0.6247956498053265,0.9903743833467932
1769370245.4909713,0.8195253316824047,-0.5217412701826027,0.971512080357682
1769370245.511018,0.7656426730963517,-0.5701598847920851,0.9546156279321278
1769370245.530942,0.8153536623918143,-0.5235409043452558,0.9689668071190018
1769370245.5509903,0.7730239608007299,-0.560739411735752,0.9549841526673654
1769370245.5710118,0.8594894809340525,-0.4642343869514911,0.9768499034470515
1769370245.5912468,0.8290148357339353,-0.49055829706105225,0.9632824303818706
1769370245.6111655,0.7346055031818057,-0.5616905546056215,0.9247386249303987
1769370245.6310604,0.6978451277440367,-0.5930378062214134,0.9157956441936146
1769370245.6514785,0.8157248681728113,-0.516199154168377,0.9653334280546273
1769370245.6709805,0.7724164504886089,-0.5522839461186408,0.9495497512641448
1769370245.6909788,0.7164742260438928,-0.5983727607558071,0.9334801965760824
1769370245.7109964,0.6845223664334439,-0.5787914833810703,0.8964209119504641
1769370245.7310126,0.6406114450087008,-0.6141591329958023,0.8874539222507788
1769370245.7510507,0.6729003588397475,-0.5789905598211,0.8877077003657294
1769370245.7710025,0.6159674924357263,-0.6238803609618542,0.8767226793755538
1769370245.79113,0.772277871109651,-0.4815305403839809,0.9101015171551706
1769370245.8114657,0.7896135234722212,-0.4388330301263026,0.9033625765881873
1769370245.8310544,0.7447979913367808,-0.47308808846360617,0.8823470900645914
1769370245.8510995,0.7703414022614323,-0.42447734968989836,0.8795492575392638
1769370245.871163,0.731631432988566,-0.45344472985646056,0.8607535517042617
1769370245.8911986,0.8585043009918447,-0.281433144711821,0.9034568333705162
1769370245.9110744,0.7999700590517245,-0.3242648277424496,0.8631916206092712
1769370245.9310503,0.8043644658689217,-0.3391904266568919,0.8729560925317379
1769370245.9510407,0.7583976438034412,-0.37190829036070605,0.8446790885097337
1769370245.9709496,0.8568434052059555,-0.2726022820551033,0.8991621796019822
1769370245.9912333,0.8237983620738678,-0.29567885634462976,0.8752540930751799
1769370246.0112364,0.9142204804253025,-0.24640156216088682,0.9468436072891849
1769370246.0311372,0.847603086969599,-0.2918062875121845,0.8964272990443996
1769370246.0509362,0.7758784108748538,-0.3122027055017731,0.8363359598775574
1769370246.0709631,0.7356266971369347,-0.33903635246616926,0.8099952381552377
1769370246.0912535,0.8270450440566126,-0.2764737500080583,0.8720328201060569
1769370246.110955,0.7663263598641477,-0.31621300094407045,0.8290034691053408
1769370246.1312919,0.732525310877775,-0.3381917494729394,0.806825253997511
1769370246.1509335,0.8685164469079716,-0.2105922556255413,0.893683342509583
1769370246.1710443,0.8297635911553112,-0.22208553910097972,0.8589700832303365
1769370246.1910954,0.7956272387395265,-0.24354323840688608,0.832067312179728
1769370246.2110708,0.6587964172490501,-0.29804081822011064,0.723077484579279
1769370246.2309854,0.6887697041128549,-0.21140109993658918,0.720481873719325
1769370246.250997,0.6197419079900133,-0.2530912813695734,0.6694290322539012
1769370246.271235,0.676665355819619,-0.23462371658913428,0.7161873303491133
1769370246.2910678,0.6071955576582564,-0.2755691103621096,0.6668019044856467
1769370246.3112352,0.6378009911534344,-0.23899333080868157,0.681107859657581
1769370246.330998,0.5888219244177382,-0.26704782867291277,0.6465491485370048
1769370246.3509388,0.7516741375577052,-0.14493453972453718,0.765519451012372
1769370246.3709388,0.7376295739179417,-0.15286044872767768,0.7533018685119472
1769370246.3910472,0.8073765961401609,-0.04697500799631271,0.8087419980260244
1769370246.4110444,0.7650695301483621,-0.07043967071827328,0.7683053645343981
1769370246.4309099,0.5931245198058637,-0.16807039878082808,0.6164773758551751
1769370246.4509268,0.5293034109591144,-0.20260129718309727,0.5667533735878657
1769370246.4711454,0.7706234042179352,-0.09636852414318575,0.7766256006429192
1769370246.491005,0.7207492042813541,-0.12277856303690937,0.7311319928806381
1769370246.5109913,0.6564287724806768,-0.1563535038494659,0.6747926729792589
1769370246.5316112,0.7355829945863164,-0.04540238263829188,0.7369828480187355
1769370246.5509658,0.8888282196575608,0.13890866998521645,0.8996172645390321
1769370246.5709407,0.8156260297053466,0.06091800577047257,0.8178978076507836
1769370246.5915155,0.7578193202015644,0.032345524148049254,0.7585092979015967
1769370246.6109421,0.8205642064440433,0.06122647019053851,0.822845245200539
1769370246.630948,0.7696944244764863,0.03683092551391498,0.7705751255681701
1769370246.6509879,0.6672168124753579,0.03269938383572857,0.668017607966297
1769370246.6710327,0.6160728152289101,0.008895781641871103,0.6161370371882335
1769370246.6909573,0.6141825221833521,-0.001787937038638443,0.614185124595474
1769370246.7110658,0.5775156095156628,-0.018490488720410703,0.5778115414279704
1769370246.7309675,0.5554886739444029,-0.02845185011119966,0.5562168413984436
1769370246.7509518,0.6424284663640041,0.05771777051902438,0.6450160272648215
1769370246.7709968,0.6129928294105893,0.044586688531121244,0.6146122205935797
1769370246.791475,0.8191808152591795,0.15446378307474085,0.8336163796198192
1769370246.810931,0.6856379911516433,0.1060779450576197,0.6937953483110911
1769370246.8312166,0.6041750125038341,0.07117471482018756,0.6083529286226401
1769370246.8510387,0.5572919200495292,0.08251134302035457,0.5633670259071909
1769370246.8713188,0.4829298661567254,0.05151607134686209,0.4856698067959009
1769370246.8910325,0.43821660646100646,0.03314319057472925,0.439468161827081
1769370246.9109657,0.881915799783922,0.258367423623743,0.9189827003260103
1769370246.930951,0.7109647495056688,0.2514242529044175,0.7541120805213261
1769370246.9509513,0.6510057287038347,0.22779738160301655,0.6897101607707408
1769370246.9719849,0.7281618011791764,0.2595990232929344,0.7730532074774336
1769370246.9910414,0.6679528437884628,0.236624532864655,0.7086269618625238
1769370247.0110269,0.7742266182764261,0.3169183423120665,0.8365788021110617
1769370247.0311012,0.7364582076632775,0.302929809305879,0.796327295149867
1769370247.051092,0.7565141892971621,0.36825058857413806,0.8413811351540641
1769370247.070915,0.7110092569004411,0.3519720433894764,0.7933589872976048
1769370247.0909905,0.813773908829873,0.3665327630511732,0.8925100789807239
1769370247.1110775,0.7528606945442107,0.3455290285359869,0.8283655804960839
1769370247.1312144,0.8212812957826614,0.4687024595868312,0.9456135375644706
1769370247.1513886,0.848530151560368,0.41987396673272004,0.946729933004619
1769370247.1710694,0.8179407067841886,0.40976475024904246,0.9148410519654647
1769370247.1908715,0.7413495459905715,0.38485504528199543,0.835291898212495
1769370247.2109613,0.8085471416894823,0.4799553028811361,0.9402688834040797
1769370247.2310512,0.7470383309638962,0.4607770299822693,0.8777139279335863
1769370247.250942,0.7375577128275648,0.5043804137726875,0.893527269616846
1769370247.2709675,0.66813970245245,0.48353268349861533,0.82475118551271
1769370247.2909768,0.8624737437150856,0.5958728232684298,1.0482964180554109
1769370247.3110282,0.8785604359426795,0.614540593589608,1.07216070659825
1769370247.3309631,0.8243145339261186,0.5992065416732455,1.0190892651901722
1769370247.350911,0.9503535340482596,0.6141734888442234,1.13153917920552
1769370247.3709745,0.8959660517233932,0.5993556811547553,1.0779528739111404
1769370247.3909357,0.9603913167868807,0.6437951663493533,1.1562109226150867
1769370247.4109902,0.8980834713133721,0.6274312704422682,1.0955473155346032
1769370247.430949,0.943751538304376,0.7110548582202041,1.1816369905560804
1769370247.450937,0.8968997001787571,0.6992590016669853,1.1372740318819616
1769370247.4709876,0.9197628402419493,0.6819173772776139,1.1449781621162551
1769370247.491053,0.8728026209367048,0.6705681461285202,1.100657100879389
1769370247.5112953,1.088526685523,0.8743492277966105,1.3962008871377418
1769370247.5309818,1.041462435501387,0.863447909852844,1.352843781665025
1769370247.5509794,0.8366000782057768,0.7342651994497595,1.1131240155422517
1769370247.571191,0.8702229965495007,0.8243622068839431,1.1986914164463502
1769370247.5911887,0.8151145656260166,0.8125622328717323,1.1509427168131283
1769370247.611069,0.7441810462268208,0.7977781418060657,1.0909882644221176
1769370247.6310456,0.8280511689514078,0.8303621851460878,1.1726764672842969
1769370247.6512563,0.7490914299859366,0.8146644772737881,1.1067141369884772
1769370247.671508,0.9303619323541028,0.8763547434271892,1.2781122648269183
1769370247.6910377,0.851278813341457,0.8613082041599025,1.2110026592031893
1769370247.711077,0.6583243686674543,0.7217354000109664,0.9768791951978463
1769370247.7309535,0.5790658633029082,0.7076708680259722,0.9143934227100364
1769370247.7510018,0.6227654589245954,0.7987931886576485,1.0128708580443093
1769370247.7709687,0.5751229164549763,0.7908811371419571,0.9778851374873394
1769370247.7910318,0.8659085220304608,0.8184533058714862,1.1914962788095234
1769370247.8109863,0.8102276424164145,0.8098594894943827,1.1455746266654843
1769370247.831005,0.5965588822126762,0.8046715692812794,1.0016879925188453
1769370247.8510528,0.8501693099578347,0.9378353081075441,1.265828946077373
1769370247.8712754,0.7943591297785382,0.9301728967811358,1.2232040079106699
1769370247.8909376,0.8035532506728629,0.9768245168977767,1.2648651957736443
1769370247.9110465,0.7556637251410745,0.9706742482222115,1.2301366434895924
1769370247.9313242,0.891924675275714,0.9502563980493366,1.3032715942578457
1769370247.9509594,0.8679594562470463,0.9473570118991979,1.2848497677484498
1769370247.971064,0.9706509366080915,1.0470482886990533,1.4277511546504809
1769370247.9912188,0.9146771084423015,1.0407912656402645,1.3855975863653318
1769370248.011196,0.968770623193711,1.1163628547583668,1.4781009924383994
1769370248.0309556,0.9207413284199237,1.1115167249034892,1.4433412706635478
1769370248.0511932,0.8727079228845156,1.106850036530557,1.4095162723548462
1769370248.0710456,0.9340608182212318,1.1297519630025499,1.4658816835079944
1769370248.0909567,0.7403751555087332,1.0380140150844808,1.2750013593743283
1769370248.1109388,0.6521532362320599,1.0311958708768953,1.220110145700587
1769370248.1310017,1.2111670647455597,1.3317404049535084,1.8001272635316952
1769370248.1509578,1.146935291073202,1.3276738843540117,1.754473854209529
1769370248.1713715,1.0579344915262165,1.2095342301639729,1.6069220398946518
1769370248.1914957,1.142136262621765,1.2148601982611584,1.6674413164230861
1769370248.2109475,1.101975209428188,1.2128547181183116,1.6387086163977256
1769370248.2309427,0.9309360760337917,1.133262648459203,1.4666036301789114
1769370248.2510357,0.8827285831626366,1.1312443280212294,1.4348949373429816
1769370248.2710578,0.9468100857738797,1.1834113805680184,1.5155566087022434
1769370248.290956,0.882516162610294,1.1813509039457095,1.4745930745537035
1769370248.3109653,0.9145238519164263,1.2227283847780144,1.5268983524340805
1769370248.3310313,0.8823716205310479,1.2219910079586858,1.507262983108944
1769370248.350996,1.1690602913405446,1.4215429374666075,1.8405125068443382
1769370248.3711689,1.0967116294154327,1.4206691830381835,1.7947360044667942
1769370248.3911407,1.0243632485579717,1.4202510735099896,1.7511234042187085
1769370248.4111035,1.2012259967625418,1.3847815872084586,1.8331840986572352
1769370248.4311218,1.1288859821014796,1.385223211089715,1.7869602416189687
1769370248.4509592,0.9612879738418378,1.3066019677097809,1.6221230750704514
1769370248.4709544,0.89700150481878,1.307735244374138,1.585806788049995
1769370248.4909818,1.0419624970625208,1.3921848119384208,1.7389262192159793
1769370248.510903,1.4437721878959877,1.6364153676186923,2.182277110249885
1769370248.5310535,1.3795159090305305,1.638444948261517,2.1418604043569265
1769370248.551068,1.2283841923383942,1.472816268907748,1.9178413609957912
1769370248.5710876,1.1320390320953369,1.4767328298720273,1.860712826045221
1769370248.591039,1.2225562381248363,1.5101520935655484,1.9429881886101006
1769370248.611001,1.158354531343532,1.5132991168501646,1.905743801601774
1769370248.6311703,0.9247539520026589,1.3899213759460909,1.6694464061647534
1769370248.651995,0.8525721317493566,1.3941892086219907,1.6342101423237023
1769370248.672112,1.258899781550026,1.5336288926163064,1.9841487444882306
1769370248.6910896,1.2188141919561986,1.5362225795110693,1.9609915472315236
1769370248.7110379,1.1947677336483427,1.5378455405758769,1.9474185076753041
1769370248.7321935,1.1294756470685599,1.4578585480760609,1.8441981410681938
1769370248.7509935,1.0814020867430614,1.4613545825000887,1.8179625103412491
1769370248.7709506,1.2737212154120332,1.6380068978022035,2.0749535734175613
1769370248.7910957,1.3305535354561862,1.6727008071346,2.1373583463948433
1769370248.8109617,1.250553270264259,1.6799140208504606,2.0942766291057624
1769370248.831164,1.6606182131129046,1.8202489802827797,2.4639316548846875
1769370248.8512096,1.580708133933534,1.828347024416165,2.4169176747202377
1769370248.8712208,1.3101065939568048,1.7011013566620372,2.147120190666215
1769370248.892101,1.2861566078295414,1.7037377535799214,2.134694627537426
1769370248.91097,1.5041303059568403,1.7666306778784837,2.320213768022078
1769370248.9309871,1.4244241097938382,1.7762105992958426,2.2768197420114014
1769370248.9509718,1.5347491625747907,1.8158562660611341,2.377559456883782
1769370248.971168,1.2398162795004346,1.6880698509052587,2.0944508178636236
1769370248.9910157,1.1762246013273874,1.6969623791444133,2.0647483209823028
1769370249.0111418,1.6349446470183668,1.7983100544208557,2.430424458946452
1769370249.031016,1.563505852539441,1.8092327857142432,2.391207607847634
1769370249.0512342,1.579616155848461,1.8502943825563158,2.4328535718240274
1769370249.0709267,1.5400035202479216,1.8568262017669905,2.4123462408917216
1769370249.0909429,1.2375098748126145,1.7614218281175846,2.152681478256323
1769370249.1109629,1.1900396588513562,1.7696354109896624,2.132558059577184
1769370249.1309712,1.3019418790268844,1.6754813428821902,2.1218601242095017
1769370249.151198,1.2624249184677936,1.6825567823668792,2.1035004161295525
1769370249.1709635,1.6092146412914232,1.8755054010194785,2.4712531782478133
1769370249.1911006,1.553976292628283,1.8858662014243381,2.443631242173296
1769370249.2110612,1.4987894824691939,1.8964920134494627,2.417240548608655
1769370249.2310047,1.2198750066887118,1.7573817946658656,2.1392722604116576
1769370249.2511435,1.2041345249484987,1.7605526867074124,2.1329523475327887
1769370249.2710612,1.6114891710929236,1.9000907047875772,2.4914337308003818
1769370249.291101,1.6372491617043465,1.8992514557769091,2.5075368212196394
1769370249.311189,1.582289212289318,1.9109711537026857,2.4810179164227986
1769370249.3310928,1.631689578442531,1.9451792397001202,2.5389236213321387
1769370249.3510911,1.5690366990256983,1.9592810413915211,2.5101112250348
1769370249.370941,1.6419047405588643,2.0115895078605472,2.5966023040127477
1769370249.3909488,1.563804138804226,2.030124760568534,2.562594374460124
1769370249.4109447,1.6934397604249103,1.981137470739569,2.6062701126622225
1769370249.4309428,1.615551528779541,2.0005234493630564,2.5714005548714836
1769370249.4510558,1.734367398042723,2.053325068104631,2.687782377109496
1769370249.47106,1.6566865156847754,2.073506305652767,2.6540607775319596
1769370249.491145,1.7732760445635467,2.0069799906229537,2.678147981905378
1769370249.5111606,1.7190449801400227,2.0216433340887403,2.653706354141326
1769370249.5308738,1.7764712938424463,2.045570038436696,2.7092816464878955
1769370249.5518541,1.7300982454671576,2.0585339681573096,2.689015068203601
1769370249.5712366,1.9826514966898614,2.1384006621353455,2.9161043104023956
1769370249.5913992,1.9518024711367623,2.147274687335017,2.9017790179828076
1769370249.611117,1.867094085457854,2.172111226808091,2.8642813244472776
1769370249.6313984,1.6671162164486049,2.0127502391561958,2.613511049215066
1769370249.6513689,1.62100003897109,2.0265961030699815,2.595136391660891
1769370249.671037,1.6388606842458202,2.0616889322626486,2.633709474444928
1769370249.691041,1.691710485831539,2.0828486803650237,2.683308218071622
1769370249.7112136,1.5922218292382055,2.114391918427776,2.646851627540794
1769370249.7312627,1.6277851666652126,2.1083951337339926,2.6636468588700857
1769370249.750922,1.631390884515472,2.054485239778637,2.6234225390791432
1769370249.7709615,1.57056911339318,2.0750717691674274,2.6024239061191157
1769370249.7909427,1.5785806839176644,2.0377200128633515,2.5776384204270735
1769370249.810969,1.5255375266811093,2.0562587723456605,2.560364209279766
1769370249.8309872,1.874618855193141,2.220264627643277,2.905816730113856
1769370249.850978,1.8293191578615122,2.236634899128737,2.8894539714831535
1769370249.8709595,1.4626135869845385,2.0513361858313566,2.519368701110045
1769370249.890989,1.417434492393916,2.0680454899082705,2.507176238033126
1769370249.9109457,1.8243204193991183,2.157344264969579,2.825292776020515
1769370249.9314728,1.7867881235119398,2.1715887555110696,2.8121894533237684
1769370249.951096,1.394591844406854,1.9959119012645745,2.4348615422844233
1769370249.9710007,1.3422625032289872,2.0164255068261667,2.422321294162628
1769370249.9908743,1.27512408620683,2.0431661498904994,2.4084163575435142
1769370250.0109887,1.6931970030336139,2.1916173531217957,2.7694950286264457
1769370250.0309603,1.2894465694415302,2.023033247241804,2.3990281313253186
1769370250.0509648,1.2301338053490625,2.0477137586877205,2.3887990322715633
1769370250.0709732,1.6388986363695395,2.1316616325221522,2.6888603637714144
1769370250.091049,1.5946162425659196,2.1506551319886986,2.6773342073421427
1769370250.111089,1.5817056184729772,2.210988617494977,2.7185038771723926
1769370250.131101,1.508154777563643,2.2433180438238187,2.7031475503260207
1769370250.1511364,2.2534382549711545,2.379647950150207,3.27730199029957
1769370250.1709852,2.202228375167355,2.40283876333802,3.259362504998797
1769370250.191087,2.124093839739487,2.415174943669172,3.216340256960794
1769370250.2109618,2.05135932000551,2.449221978711743,3.194802554271255
1769370250.2313075,1.9306074963652122,2.3141501548751977,3.0137246464019327
1769370250.2515152,1.8943864641134596,2.3314820592652055,3.004082000893421
1769370250.2710888,2.2614544479275764,2.3804933060475344,3.283431832730587
1769370250.2912197,2.2253525228961664,2.3980709857562594,3.271534548783847
1769370250.3108823,2.5345248036475176,2.5621052482223017,3.603914438950063
1769370250.331059,2.469909052001114,2.594562892305312,3.5822070469592835
1769370250.3512125,1.7639600136682674,2.315109983381428,2.9105479149075886
1769370250.3709693,1.7069376935994107,2.344696955710909,2.9002138031446028
1769370250.3909464,2.3569955660180213,2.588763162500953,3.501017396379308
1769370250.4109926,2.462781069547116,2.541239038867835,3.5388114458368016
1769370250.430946,2.399152822384554,2.575501181865891,3.5198211038273484
1769370250.451067,2.0763823183933674,2.4191622914539574,3.1880573590400436
1769370250.4710042,2.027189768024357,2.446347120221608,3.1771233196398283
1769370250.4910512,2.1042382243436215,2.4475188337470177,3.2277185357981817
1769370250.5110412,2.0692481686827655,2.467198787912216,3.220071092797873
1769370250.530974,2.1584126519424878,2.4386826423869006,3.256672873707852
1769370250.5511487,2.095844995805898,2.4748325199603105,3.2430482957084874
1769370250.570943,2.195132001328318,2.546759285495181,3.3622295224317438
1769370250.5910156,2.132907346377838,2.5835755899377717,3.3502472411980064
1769370250.6109354,2.236160107808356,2.5879072276502146,3.4201865222057255
1769370250.6310215,2.188111140927152,2.617079288935691,3.4112951161729854
1769370250.6509593,2.238038884237646,2.5543821736545707,3.396128138990627
1769370250.670971,2.1970958895154773,2.579794969025088,3.3885944623004036
1769370250.691193,2.2026445278050204,2.5861430282402074,3.3970249746483807
1769370250.7111754,2.1551628175410684,2.6162649259036064,3.389626665670566
1769370250.7310388,2.274936782686339,2.4851214118492013,3.3691491206016155
1769370250.7510064,2.180450623788122,2.546207320868188,3.352243523913614
1769370250.7710054,2.2128582508873222,2.5021286692125164,3.3402678808465796
1769370250.7911422,2.1920925380527834,2.4959916771072117,3.321933796386551
1769370250.8110316,2.1453137521134735,2.5272488533228668,3.315020039400808
1769370250.83099,2.390505596646591,2.5668418738733685,3.507590941525026
1769370250.85114,2.3373608135132145,2.6030610022565632,3.498454252097074
1769370250.8709838,2.284405651167237,2.6395731096876607,3.490824455693955
1769370250.8961637,2.0971943651842864,2.535892312758477,3.2907406502591874
1769370250.9153843,2.1701940097867656,2.4314250566029294,3.2590749985219607
1769370250.931455,2.157043095907696,2.440645427465133,3.257235794382949
1769370250.9509892,2.0783215815140217,2.4965312235586747,3.2483978737818306
1769370250.9711623,2.3428395755138,2.5310271775273527,3.448912270553683
1769370250.9911783,2.5358423480059713,2.6669068552133237,3.680066383684438
1769370251.0109415,2.496985513128461,2.6955648703102844,3.674371595637042
1769370251.0309813,2.47759938913509,2.7099540460511724,3.671831922181582
1769370251.051022,2.5486976089517768,2.6960183355873313,3.7100369765946524
1769370251.0709732,2.107850176614612,2.536867988481786,3.2982922184121093
1769370251.0910044,2.0439781832663435,2.5858707133616337,3.296145348720257
1769370251.110977,2.5849406993206827,2.759746180877029,3.7812851521499735
1769370251.1311278,2.5216556184687633,2.809535023679785,3.775213120797083
1769370251.150914,2.4901336154077676,2.8345691252698684,3.773002458058694
1769370251.170969,2.155666298045549,2.515226719945928,3.312591529491578
1769370251.190958,2.888772431013706,2.828073472548465,4.042648355263808
1769370251.2110476,2.857522194003888,2.853474591562893,4.038285568644175
1769370251.2309484,2.413989718486654,2.600701695149538,3.548379301612633
1769370251.2510126,2.389159835117784,2.6212357971198683,3.546683214193603
1769370251.270936,2.3098710596140535,2.484550995392306,3.3924177161351237
1769370251.2910266,2.272833118064092,2.515606198586129,3.3902868505384465
1769370251.3109682,2.2052559135831835,2.572934248694222,3.388678841746043
1769370251.3310547,2.266103725976631,2.624270447192854,3.46727868463078
1769370251.3514104,2.7722262070036336,2.7887798060840336,3.932242483573445
1769370251.3712955,2.741844624464264,2.815235173643338,3.9297914738090385
1769370251.3910038,2.224816600028902,2.5923072882060296,3.416118554770935
1769370251.4110882,2.170614065254391,2.6404866017937785,3.4181478778035115
1769370251.4316142,2.680542289952733,2.8100378340645435,3.8835060959266166
1769370251.4510307,2.62095468469807,2.864288489377986,3.8824672580234316
1769370251.471195,2.429544497692426,2.615631908220728,3.5699043048196613
1769370251.4911306,3.060911935965681,2.776863408740526,4.132814086132986
1769370251.5109735,3.0081830338678017,2.826676259819773,4.127864319848557
1769370251.531005,2.9790133954430935,2.8544777371530095,4.125841000587826
1769370251.551723,2.076531330431152,2.475430002696543,3.2310580410311998
1769370251.5709925,2.0475131502149537,2.503390755236345,3.2340802979681817
1769370251.591072,2.5975593778547648,2.6939509583664796,3.742283592616266
1769370251.6113696,3.1537469091082997,2.8376384259963,4.242441679434251
1769370251.63092,3.1194670377306757,2.8717470663278846,4.240047854971806
1769370251.6509404,2.0829621793082005,2.5111383207092093,3.2625982140255387
1769370251.6709185,2.0319806769198223,2.562739264433172,3.270562338320891
1769370251.6909487,2.130140447891474,2.4998599720327057,3.2843261420746037
1769370251.711019,2.1077102528615974,2.523017485668378,3.287561367184844
1769370251.7310796,2.3164058746472094,2.5245600118865674,3.4262427569740015
1769370251.7509618,2.294182467583539,2.5479161805529538,3.428578431025204
1769370251.7709906,2.796537726657167,2.7043546575382233,3.8902644345038446
1769370251.791062,2.7416224105723046,2.7633498962254333,3.892633567537716
1769370251.8110435,3.0470854630813804,2.790134827337745,4.131535086870847
1769370251.8311055,3.00373910995469,2.837868719095236,4.132305350224089
1769370251.851069,2.8898738822071053,2.725873882331845,3.9726262695402963
1769370251.8710098,2.8524505363382104,2.768092360038462,3.9747716130564594
1769370251.8909807,3.0309754619219405,2.7632372704610657,4.1014988069775224
1769370251.9109728,3.0044733206152507,2.7935937536185333,4.102563344367192
1769370251.9309578,2.9728088255958234,2.830140998468777,4.1045450886492
1769370251.9509358,2.924152068360087,2.6909909929112596,3.9739272568611645
1769370251.9709766,3.021626640069659,2.7299584780742694,4.072210805445641
1769370251.9909832,2.985141873683247,2.7729864657871213,4.074374301098964
1769370252.0110736,3.144380055319445,2.7806015767265997,4.197483896429523
1769370252.030956,3.0825239399903737,2.854938545816541,4.201503057359692
1769370252.050964,2.9762710297346366,2.6566309882361123,3.9894708233165534
1769370252.0710065,2.940533399852278,2.70027701728755,3.9922716147248978
1769370252.091095,3.552625457537772,2.957180443422552,4.622343974273903
1769370252.1109505,3.517341866249197,3.0011911467308403,4.623725997859839
1769370252.1311562,3.607221909738353,3.0025638361286267,4.693339908436621
1769370252.1509385,3.5624071235104644,3.0595811882242967,4.69593244851053
1769370252.1712992,3.631394215089152,3.020444499128591,4.723357801151542
1769370252.1910703,3.5823472962404708,3.0843802921516073,4.727220529813967
1769370252.2111282,2.9006598475329284,2.746528262708278,3.994652056055083
1769370252.2312236,3.311654309726677,2.8630416169465933,4.377677645453059
1769370252.2510412,3.2782285853296464,2.908464445275321,4.382459136957594
1769370252.2710674,3.2592273176691506,2.934492202184824,4.385636463835596
1769370252.2912407,3.0497949790685936,2.7190842137388387,4.085910960331338
1769370252.311045,3.0028354286194308,2.784542188217812,4.095204000942673
1769370252.331518,3.312422845113087,2.74165771801969,4.299864201065425
1769370252.3512864,3.2344309269839258,2.784406898140257,4.26784081191428
1769370252.3709714,3.2068862479818137,2.8241213275831347,4.273146461380045
1769370252.390939,2.88978152856561,2.644264559323756,3.9170106385526515
1769370252.4111042,2.862651920323966,2.6842598208129416,3.9242867890312523
1769370252.4310508,2.840316510113656,2.548614686740952,3.8161282341000935
1769370252.450994,2.813605145712952,2.5888864110333394,3.8234417434054735
1769370252.4709618,3.3121662522064703,2.6850257009815026,4.263778640734843
1769370252.49102,3.2683497168954503,2.752598944786481,4.273044678302606
1769370252.5111,3.242285786815202,2.793286162364176,4.279586978697718
1769370252.5311356,3.228133543552346,2.70179863586739,4.20957979420544
1769370252.550988,2.9594636394497584,2.5524242324266737,3.908106254377445
1769370252.5709405,2.9255088269240694,2.6071647312747426,3.918661739983887
1769370252.5909374,3.250909818430646,2.7475789699625186,4.256477985817508
1769370252.6112628,3.205089797662378,2.823364915127148,4.2712984038873225
1769370252.6309779,3.2540840067323167,2.6752262810289498,4.212588085438575
1769370252.6510446,3.2254311752841716,2.723748199093232,4.221636000244296
1769370252.6712449,3.3384477817601343,2.7303421124775022,4.312771921016375
1769370252.6910193,3.306302457908192,2.7861387696621023,4.323679588843744
1769370252.711205,3.2784308063450673,2.8351047555711797,4.334273587010249
1769370252.7309825,3.0807711277173944,2.5961116972591203,4.028764908259445
1769370252.7510924,3.708374901634958,2.831760508927161,4.6659309886661955
1769370252.7712178,3.665780500997446,2.909389125251991,4.680009803796102
1769370252.7909746,3.450660098744997,2.7161310645727914,4.391403315229445
1769370252.8116982,3.294867370241736,2.603117268073424,4.199091627819729
1769370252.8314002,3.268527790710639,2.65290045388229,4.209650191744752
1769370252.851104,3.249895465819005,2.6885818710564484,4.217854077149223
1769370252.8712325,3.3139117202180692,2.79679514405995,4.336366447526777
1769370252.891876,4.029374075722998,2.7304391910986183,4.8673559165522144
1769370252.9109516,4.004087540575714,2.7807929233246034,4.874989878451633
1769370252.9310157,3.7173089586299994,2.7661562909012667,4.633573838799109
1769370252.9509563,3.6890955386405686,2.824022019349611,4.6459150077233655
1769370252.9711401,3.7423207384407924,2.7474620362834914,4.642576025245367
1769370252.990953,3.718255751695086,2.7983896695227655,4.653644870153428
1769370253.0110645,3.691058646002414,2.8567342436283294,4.6674237505231835
1769370253.031122,3.8673976407460273,2.677274641322569,4.70367558582826
1769370253.0513475,3.6726633660708004,2.6200419535835198,4.511438355892303
1769370253.0711362,3.6529103365797653,2.6640906522435626,4.521187115179245
1769370253.0910177,3.6365907636097603,2.700859823745149,4.529838426422349
1769370253.111053,3.6967695033210184,2.7470632712418865,4.605698793548108
1769370253.1314094,3.6648775564065126,2.820922505805203,4.62481689228995
1769370253.1509986,4.059816545237894,2.722290318952636,4.888044083439775
1769370253.170952,3.4610434286538236,2.4819658674686265,4.25898769454751
1769370253.1909723,3.4394621602859914,2.533975896143402,4.27211116361395
1769370253.2118106,3.4057568842770856,2.572335574466517,4.268031192771058
1769370253.2312644,3.3818215501096915,2.6320668592011423,4.285381307199079
1769370253.2509925,3.2940516348454523,2.5848274663176802,4.187136157764431
1769370253.271113,3.2651269002001477,2.659874140308644,4.211411178772892
1769370253.29109,3.5832723548588774,2.55820916535704,4.402757647521908
1769370253.3110707,3.5691911476241422,2.595874103142402,4.413353351777298
1769370253.331,3.4941959140776824,2.599606597569709,4.355153217521185
1769370253.3512292,4.078635808289221,2.7044262656728932,4.893791115599489
1769370253.3713033,4.064987972930641,2.742229089072576,4.903462816931171
1769370253.391134,4.406891534552482,2.7600316257608055,5.199852649115181
1769370253.4111998,4.385779455798275,2.820795009277372,5.214589717251622
1769370253.430999,3.915938323829245,2.5484690324607877,4.672180151219152
1769370253.450955,3.898079991777262,2.6018416870369627,4.686641418617128
1769370253.4709833,3.882980971233547,2.6476571498906587,4.699747823695326
1769370253.4909708,3.4118573500633573,2.4741280715314753,4.214508309580301
1769370253.511114,3.5117387680199883,2.4796151976829286,4.2989301812654155
1769370253.5311124,3.4925914056363894,2.5410107443732084,4.319135368305242
1769370253.550959,4.133373260122216,2.6583430992814634,4.914423927683766
1769370253.5710258,4.112629142891464,2.7276513393312394,4.934956970016627
1769370253.591007,3.478576402478943,2.535244502156207,4.304411513040618
1769370253.6110084,3.465215253482903,2.5815846767213486,4.321145241258739
1769370253.630977,3.4590271639303936,2.422335266653935,4.222863609552614
1769370253.6510215,3.4417735838687236,2.4842786770005034,4.244696213819775
1769370253.671,3.6514601663057036,2.5403317469651308,4.448195896175908
1769370253.6910334,3.636950306040422,2.594692324469279,4.467643202771155
1769370253.7109764,4.227497193070086,2.7082464543172406,5.020590739617934
1769370253.7309742,4.213595575567126,2.7627692941050395,5.038579348079032
1769370253.7511103,4.141166705542265,2.5417399702700125,4.85898176159985
1769370253.7711535,4.127762072313722,2.5963921719074134,4.87644050881109
1769370253.7908783,3.8199695865363594,2.5266791923640874,4.57998639552438
1769370253.8111367,3.7998242799012623,2.6128112354251587,4.611447398603945
1769370253.8312647,3.81867504550711,2.531447529507369,4.581539664548119
1769370253.8509367,3.8029911533171266,2.6021153828961796,4.608008916887343
1769370253.8711433,4.067916619891161,2.4652972664956847,4.7566412770544115
1769370253.8912106,4.054801051797355,2.5283047739538356,4.7784659253420125
1769370253.9109678,4.06437522905463,2.621208398490658,4.836308454893135
1769370253.9310434,4.770013441948727,2.5785225118321375,5.422343273935786
1769370253.951055,4.764014646971109,2.610140459741388,5.432188212510153
1769370253.9713373,4.585186175459594,2.574697685122054,5.258612025373107
1769370253.990907,4.579434527650481,2.606356176287003,5.269185241639051
1769370254.0114076,4.478784892004523,2.5093010048607236,5.133819790550016
1769370254.0315628,4.466487199850317,2.5806814795512394,5.158432398057136
1769370254.050952,4.817762929550938,2.5529497508141086,5.452374902328072
1769370254.0709465,4.808915866890398,2.6086013256536633,5.470874947486213
1769370254.0909562,4.996551825823893,2.639744110577746,5.650998063835624
1769370254.110944,4.985845160692524,2.7114131118089992,5.675421837122842
1769370254.1310768,4.820460287909977,2.624387772510933,5.48855614600252
1769370254.1510234,4.811698121102786,2.6882181466228667,5.5117107700292625
1769370254.1709518,4.807714892243105,2.5194589974435404,5.4278721544354145
1769370254.191335,4.8006289136003595,2.575400229450496,5.447818307171177
1769370254.2109466,4.7909927247045445,2.6553872698411096,5.477653954112664
1769370254.2310097,4.987438289442874,2.5453554983280418,5.599408478033163
1769370254.2510245,4.982137431529317,2.593414112463101,5.616715245173848
1769370254.2709937,4.80855352391692,2.435193580036457,5.39002363303025
1769370254.2910087,4.854698586156076,2.4253118863223415,5.426807174422382
1769370254.3113236,4.852431828706575,2.449389902222631,5.435586954998956
1769370254.3313434,4.4591553825363235,2.5016299284526538,5.1129462176452325
1769370254.3510382,4.453176308037541,2.573955682622924,5.143542270320495
1769370254.3710186,4.719176539166895,2.5831959649718623,5.37991901437839
1769370254.3909864,4.7168489454914955,2.6153738433252514,5.393407486453636
1769370254.4114594,4.385528897619064,2.4880923416743013,5.04216889964529
1769370254.430978,4.381104934446174,2.560556294045093,5.074497904384488
1769370254.4512875,4.703231423565292,2.4116942493622373,5.285513690836387
1769370254.4708767,4.700018554260655,2.4761690621901042,5.312399423513055
1769370254.4909577,4.747032948218685,2.3797603896531028,5.310139482502852
1769370254.5109603,4.744312897280345,2.444267922528738,5.336942059307331
1769370254.5310981,4.799016028549932,2.415556021820894,5.372659093673667
1769370254.5510805,4.8031644497626935,2.449158528830547,5.391545810879062
1769370254.5709703,4.801511299323071,2.513722810061182,5.419715225300035
1769370254.5916028,4.366077420823093,2.1407480784115815,4.8626571316353475
1769370254.6110783,4.365129902109551,2.2053392725270156,4.890591004085389
1769370254.630974,4.364483804237018,2.278016517685101,4.923218269820402
1769370254.6511393,4.61608660717798,2.3287691737637592,5.170243846245577
1769370254.6709359,4.183893464328133,2.2254629593741075,4.738950295623898
1769370254.6911366,4.184458768064044,2.306237284000451,4.7779101699113005
1769370254.7109435,4.8696778696620235,2.305643274185285,5.3879266385198585
1769370254.730942,4.870797827047124,2.378342349203968,5.4204412921812954
1769370254.7512374,4.749124401684853,2.3356936107568096,5.292414120796737
1769370254.7710166,4.750526201708528,2.3922339751595967,5.3188610232856375
1769370254.7909439,4.528169388790168,2.3453876579945607,5.0995255936066775
1769370254.811257,4.530846290818122,2.4180662444655603,5.135719275198374
1769370254.8312411,4.530506922427744,2.308103453497318,5.084568273335697
1769370254.8509433,4.535284373302204,2.404990554385588,5.133496266035757
1769370254.870951,4.81994520887665,2.3326592879718095,5.354733529348974
1769370254.891011,4.7391663663780115,2.2083701164824507,5.228441107976763
1769370254.9109254,4.742830382558349,2.2648326936173575,5.255845047924894
1769370254.9310446,4.693895597360132,2.200594161989393,5.184136431914059
1769370254.9509838,4.6973424601931555,2.248972060500906,5.207965199312221
1769370254.970931,4.999823627013473,2.258483040288638,5.486253908133816
1769370254.9909344,5.003004834597672,2.298776743190216,5.505854328806738
1769370255.0109758,5.006999447645455,2.347115858742111,5.529827874634129
1769370255.030948,5.415317513040783,2.2276002764593272,5.855584237181452
1769370255.0510912,4.814006525996842,2.1969415044412965,5.291617031331441
1769370255.070979,4.821133019600811,2.269352337025664,5.328534847615156
1769370255.0909956,5.2701506410177394,2.1651642935169875,5.697580556423981
1769370255.1111937,5.278145076504686,2.2374866325657905,5.73281448152138
1769370255.1311698,4.9767331184078785,2.0704478871175187,5.390234409107568
1769370255.151116,4.982528337636889,2.118609586973781,5.414249275511041
1769370255.1709483,5.0894151251493085,2.068088220768228,5.4935539685142665
1769370255.1914449,5.101903626729637,2.164298935944494,5.541986151242846
1769370255.210943,5.1272933708918735,2.034121630953167,5.516048234080565
1769370255.230987,5.1340182040306,2.082161634777937,5.540175086823404
1769370255.2513647,5.121416487520172,2.095216079433353,5.533429068684221
1769370255.270944,5.132200076995705,2.1671735175221674,5.5710069722954145
1769370255.2909513,5.116256290225142,2.1352829384439964,5.543961729167902
1769370255.3111172,5.127808007630762,2.2071185788760586,5.582632657119939
1769370255.331152,5.4129905143506,2.0820819995007946,5.7996147941992495
1769370255.351185,5.4238633785369,2.1458540664453993,5.832922391350151
1769370255.3711948,5.4606354166456015,1.97384301491753,5.806427077046866
1769370255.390974,5.4752401458938,2.0533673072285668,5.84761250029465
1769370255.4111102,5.50877669411247,1.9900939167164644,5.85722583335734
1769370255.431211,5.516490387411071,2.02974649622713,5.878055548678072
1769370255.4509413,4.82162605179197,2.024106091113957,5.22925264750171
1769370255.47094,4.834516166339899,2.0874697711584638,5.265935492208597
1769370255.490946,5.559187319704382,1.9519159059300168,5.891904561292943
1769370255.5109496,4.851287628737548,2.0211015016842726,5.255458394550603
1769370255.5309603,4.863405346270994,2.0763636566553174,5.288099620545772
1769370255.5510194,4.740986892945312,1.9772703923805732,5.1367844926241615
1769370255.5711741,4.755558747749372,2.0402781477381513,5.174753513302194
1769370255.5909858,5.2966839380014505,1.9010950976807486,5.627523728027127
1769370255.6109674,5.306243195732954,1.940354117079627,5.649884153850425
1769370255.6309462,5.1760871934974055,1.8687869516709892,5.503112147269361
1769370255.6510777,5.188019787140288,1.9157803744286959,5.530439743348201
1769370255.6709673,4.498887144270743,1.9071998372819046,4.88645032269977
1769370255.6909647,4.511169407287088,1.9541011064381912,4.916214046949736
1769370255.7110155,4.481508546503548,1.9031445358625376,4.868868243931825
1769370255.7309895,4.498392886830253,1.9655414704939957,4.909062215588301
1769370255.7514834,4.337316517518975,1.848003918272946,4.714597867803264
1769370255.771092,4.354859860370336,1.9101996959931586,4.75538297953352
1769370255.7912152,4.224488143414305,1.8550829028133453,4.613852257079591
1769370255.8111455,4.240388736986681,1.909356767110527,4.65043437808494
1769370255.8310008,4.433520086863002,1.9292023201790585,4.835072073175536
1769370255.8511312,4.454862731480205,1.9987085201498118,4.8826875493779776
1769370255.8709793,4.408303860571472,1.7987837208539457,4.761172733848092
1769370255.8910193,5.025967779395788,1.7326362886978064,5.316237450343724
1769370255.911037,5.043557934824882,1.7863775254726413,5.35057205403766
1769370255.930955,4.938834269355063,1.6777110179257537,5.216013631100424
1769370255.9510398,4.954240978028558,1.7236642569127447,5.2455240099475215
1769370255.9709623,5.060509213235115,1.7636776434496433,5.359040243107115
1769370255.9909613,5.073648943823091,1.8018687189160545,5.3841103708380045
1769370256.0109763,5.075156819641432,1.746744983765856,5.367339637312336
1769370256.0310178,5.093955782481739,1.8000709770894563,5.402651296950316
1769370256.0510087,5.110273644849702,1.8457059603842207,5.43337162519216
1769370256.0710673,4.97214552597319,1.765796770694804,5.276387909057806
1769370256.0910609,5.256452918552579,1.8027080262485349,5.5569824107028465
1769370256.111008,5.279343515265126,1.86313236389147,5.598457837436284
1769370256.1310923,5.951094289338361,1.7149945358270795,6.19328099625008
1769370256.1510005,5.971656920994956,1.7676556048248333,6.227783933257126
1769370256.1714318,5.9894869725685815,1.8127105980849656,6.257785063980569
1769370256.1911683,5.168936553271507,1.6071578295627837,5.413027007217984
1769370256.2115614,6.09728611798371,1.475039416871386,6.273168201625167
1769370256.2310238,6.106508295759614,1.4974382780769702,6.287429121893233
1769370256.2510035,5.9579550529793295,1.4405811397568762,6.129641297298329
1769370256.2710102,5.976792466202056,1.4852081380341708,6.158562445679396
1769370256.2909517,5.737887931999396,1.4681737500907044,5.922743627799511
1769370256.3109457,5.766826438116503,1.5348095499503298,5.967573000976042
1769370256.331529,5.561744558686637,1.5333353560092906,5.769239104948637
1769370256.3509,5.594758412842648,1.6069798663745178,5.820971223860039
1769370256.3709908,5.811607689877228,1.383156962117102,5.973935647702705
1769370256.3912957,5.8420987388763805,1.44906440856278,6.019128286965182
1769370256.4110136,5.874926445284618,1.4700837727268592,6.05606365854417
1769370256.4310002,5.902701253514472,1.5283479081632638,6.097354296465668
1769370256.451093,5.9400122579956935,1.3996893434723816,6.1026941495842015
1769370256.4710174,5.971840738860763,1.4649449660764056,6.1488979145819025
1769370256.4910905,6.399283794451847,1.3615654439185008,6.5425295979465785
1769370256.5109801,6.424754691094606,1.4119558313562077,6.578076626981701
1769370256.5310042,5.432431023413088,1.2721534146257696,5.57939791863647
1769370256.550992,5.454674593552596,1.3151306896667379,5.610975285318185
1769370256.5710726,5.47335007355051,1.3508715244763518,5.637589458560852
1769370256.5909436,5.123997790061811,1.3257308082673696,5.29272288416346
1769370256.610962,5.360283735857347,1.3008048886652226,5.515862134541811
1769370256.6311083,4.877216729828611,1.3456888868665668,5.059458628149485
1769370256.650898,4.900547073482372,1.38807898061361,5.093341229079194
1769370256.670943,5.066177350387001,1.3872289914098683,5.252671436534204
1769370256.691057,5.093901779337404,1.436400940502189,5.29254976352725
1769370256.7109454,4.877902961349413,1.4013583154675668,5.075208609374739
1769370256.730987,4.918375603074438,1.4711078661631998,5.133670901684786
1769370256.7510183,4.604010729987166,1.2427137569337159,4.768778909061446
1769370256.7710497,4.632840765377207,1.2912461476282147,4.809420980856799
1769370256.7909954,5.734132032948082,1.064168847556953,5.8320429960170905
1769370256.811012,5.759268548023208,1.1055136614871728,5.864412559155786
1769370256.8313577,4.776014922987535,1.36572226553319,4.9674456062621095
1769370256.8509998,4.801646072508127,1.4067640167597713,5.003477790945295
1769370256.8708997,5.128474358519227,1.3237525093004763,5.296562087983913
1769370256.8910537,5.17193898050391,1.3916841627245553,5.3559067978106345
1769370256.9109263,5.526291677871189,1.3543647293815084,5.68983334809562
1769370256.9310532,5.566150690228742,1.4150272453375905,5.7431990746779435
1769370256.9509933,5.971178087846347,1.1651447459150592,6.0837924057046715
1769370256.9710667,6.002695507074662,1.211984323834562,6.123827181744686
1769370256.9909654,5.788983849337054,1.1007081491383524,5.892698230646538
1769370257.0109417,5.984258081971408,1.1937596860437676,6.102164122642345
1769370257.0310266,6.011847428025238,1.2335181662801453,6.137090235966618
1769370257.0509973,5.817578915547163,1.1293179420011636,5.92617781143501
1769370257.0710409,5.859525165116462,1.1885647015968477,5.978856179112784
1769370257.0911677,6.028328203411956,1.155411386000896,6.138054773212156
1769370257.1110084,6.07105885654207,1.2141001644354912,6.191267628594341
1769370257.131056,6.090168725070569,1.2400984493216445,6.215142738814421
1769370257.1510332,5.50644908578732,1.1429937312255856,5.623825762235971
1769370257.1710036,5.864987398593943,0.9862743971172421,5.947336746147365
1769370257.191051,5.89416798174118,1.0248943477157422,5.982610184606931
1769370257.2109873,5.540138738501771,1.0976555139878936,5.647830102724056
1769370257.2312205,5.579619871162819,1.1487231853615985,5.696641366916325
1769370257.2515311,5.500045513828432,1.0727257687596587,5.60368104277405
1769370257.2710152,5.540166007912994,1.1233126374944948,5.652899315996123
1769370257.2910233,5.575502852576594,1.1674000828723,5.696407202138905
1769370257.3109932,5.616151096530512,1.2175838541011768,5.746621927778853
1769370257.3311467,5.657078879643247,1.267551481319293,5.797346652417848
1769370257.3509338,5.698284833771854,1.3173020241121751,5.848566890232544
1769370257.3714626,5.734611228533176,1.3606336946391941,5.893817947087124
1769370257.3911223,5.760612288903207,1.3915184921982497,5.92629544126787
1769370257.4111707,5.786764726293068,1.4222962384492757,5.958990903448053
1769370257.4309993,5.834108350564321,1.4774787221273478,6.018285770920437
1769370257.4511814,4.867747939248506,1.1770518614298062,5.008035651286185
1769370257.470976,4.915740657656542,1.2317013204769278,5.067701091836631
1769370257.4910038,5.033285902447947,1.00316448674287,5.132280775955591
1769370257.5109744,5.071143168097187,1.0452242622481478,5.1777395444084435
1769370257.5309775,5.229227268108577,0.9767063918618994,5.31965912417649
1769370257.5510416,4.876929605380123,1.082909682728049,4.995711736757766
1769370257.5710626,4.909839373832206,1.1185618275634166,5.035643279553769
1769370257.5910168,5.176361928774188,0.9977817245853764,5.2716497595704706
1769370257.6110854,5.215229973298758,1.0389536783942486,5.317710825180578
1769370257.630973,4.910327938180437,1.1013222454427236,5.032318665265778
1769370257.6510441,4.949649629287585,1.142078523718716,5.0797022360613076
1769370257.6709692,5.504465936735766,0.9151902456228971,5.580028533472535
1769370257.690934,5.549774097604303,0.9614230312023935,5.632435244134286
1769370257.7110314,5.595337342559468,1.0074131991277078,5.685303978752338
1769370257.7309613,4.982265361305966,1.05171038730359,5.092058804573209
1769370257.7508771,5.321286432581793,0.8394194706754057,5.387087742493902
1769370257.771,5.379137806611059,0.8959922246541012,5.453249087393042
1769370257.790931,5.380010868319278,0.7745034335780261,5.435473531520294
1769370257.8110662,5.438522512932593,0.8304106684791677,5.501555143956904
1769370257.831262,5.253283597343383,0.6903166977974209,5.29844559256533
1769370257.8510559,5.3065222133034275,0.7400750958345039,5.3578810315046335
1769370257.8711045,5.3421846080915145,0.7730675122910426,5.397830097871713
1769370257.8910623,5.5046866944827535,0.6833444419765868,5.5469392669106945
1769370257.9110296,5.556401159478639,0.637370651800861,5.592837847893735
1769370257.9310114,5.598514396800876,0.6753103657373973,5.63909634083858
1769370257.9510658,5.63025665696642,0.6200621004277274,5.664297576196145
1769370257.971044,5.696987304003162,0.6790099747688743,5.737309377034574
1769370257.991065,5.731334195853805,0.5496434477865684,5.757629684536674
1769370258.0111358,5.792656113954518,0.6024665143310166,5.82390167803551
1769370258.0311143,5.522705342069312,0.5606754350717154,5.551092796811613
1769370258.0528452,5.559841271504219,0.5919911315230202,5.591268949364138
1769370258.0724974,5.471211198690153,0.5115556319887915,5.495074262036136
1769370258.0911357,5.527313903763961,0.5580912657147437,5.55541761271009
1769370258.1112094,5.646714020460074,0.4175733591944457,5.662132702363069
1769370258.1313612,5.684364588307961,0.44825462932070437,5.702011310539201
1769370258.1510367,4.725151209296811,0.7335218407795487,4.781747404623099
1769370258.1709542,4.782156424918469,0.7788696535090942,4.8451685223061505
1769370258.1909664,5.221387800518677,0.5303436547912135,5.248252562099367
1769370258.211253,4.954304102782537,0.5109327888042046,4.9805804337971615
1769370258.231804,4.999263529205628,0.5453844086255195,5.028924337034443
1769370258.250964,5.06376613197401,0.5942290936404611,5.098513082758128
1769370258.2712405,4.824735087643312,0.5884386300099571,4.860486466108563
1769370258.2909725,4.883290309982737,0.6317048891819113,4.923979622072742
1769370258.310946,4.6593453151611826,0.6174038656416379,4.7000730099886425
1769370258.3310037,4.477418283731463,0.5257149327195769,4.5081759812564055
1769370258.3510284,4.516766031573216,0.5541186890297389,4.550628847258991
1769370258.3710127,4.609875222464694,0.6225601567982864,4.651723413480924
1769370258.391023,4.649464590823921,0.6506139599356935,4.694765117254393
1769370258.4109855,4.821436134798088,0.47383800041463076,4.844663956620073
1769370258.4309857,4.867955333894145,0.5060767230547008,4.894190717821102
1769370258.4510043,4.481399211850867,0.5117677316972014,4.5105260344203835
1769370258.4711447,4.528213477029826,0.5435600057947632,4.560720861163743
1769370258.4913666,4.555030045620111,0.5616264021585771,4.589523170450667
1769370258.5112536,4.201495070921446,0.7162963206233606,4.262116991580097
1769370258.5310073,4.241985500635089,0.7429819027515521,4.306560471584562
1769370258.5509918,4.709716723853962,0.5461036147414262,4.741272063168633
1769370258.5710526,4.537835569108498,0.5164937502125966,4.567134489619823
1769370258.5910618,4.59235643196131,0.5512197091616535,4.625319531226428
1769370258.611034,4.517747859405759,0.5105771659169598,4.5465079746461585
1769370258.6310914,4.565780287216526,0.5404202318758848,4.597651972274088
1769370258.6510036,4.81400132440535,0.37167961306572295,4.828328332471306
1769370258.6712453,4.862343619214837,0.4009927928263366,4.8788503452368674
1769370258.6918266,4.914690051986451,0.2827825336173362,4.922818732028798
1769370258.7109454,4.949409962172393,0.3033873845155739,4.958699716531999
1769370258.731463,5.039073133798233,0.2792314361070929,5.046803765025699
1769370258.7512236,5.087923257011255,0.307642357780221,5.097215601633561
1769370258.7712095,5.208384889680069,0.23510009629161743,5.2136882544245005
1769370258.791053,5.271613871186364,0.27084718354713644,5.278567135475298
1769370258.8111234,5.319747180995964,0.09703179110340443,5.320632033715473
1769370258.8310459,5.383299996817463,0.1321666031253521,5.384922178334297
1769370258.8514142,5.206231733987028,0.14269620501295321,5.20818692779922
1769370258.8710191,5.277259908210919,0.18091971050415268,5.280360222604062
1769370258.8911462,5.0793990967704445,0.09329471773870068,5.080255809369283
1769370258.91108,5.090504059102631,0.11441913231618273,5.0917897947166235
1769370258.9309523,5.133518169477803,0.13655674410873786,5.135334121624445
1769370258.9509947,5.075072420504572,0.10238930786174905,5.076105164762699
1769370258.970943,5.111043404434984,0.12057572107945802,5.112465470448889
1769370258.9909217,5.005645611777975,0.07422869887117756,5.006195950065099
1769370259.0109866,5.0707123091998305,0.10628858598793656,5.071826158907854
1769370259.0310955,5.143229808172965,0.14143331403039383,5.14517407305103
1769370259.0510132,4.909877538586837,0.01629503230862639,4.909904578705932
1769370259.0709603,4.860795028235838,0.10822192212810577,4.861999618567585
1769370259.0909684,4.911963709442954,0.1319211497812347,4.913734900525688
1769370259.1111388,4.78972837807763,0.08403862559465836,4.790465575114177
1769370259.1310518,4.841175751070789,0.10709660811773247,4.842360203064838
1769370259.1510468,4.745773287788641,0.06830206915126524,4.746264770505176
1769370259.1710062,4.7826513545889,0.08446526215720596,4.783397156839721
1769370259.1909394,4.675774922479999,0.07824678571841304,4.676429587320662
1769370259.2109585,4.712759538706511,0.09415344858591368,4.713699963038571
1769370259.2309406,4.837844971465373,-0.0038595477783331944,4.837846511004854
1769370259.2510023,4.889799491463926,0.01797736794845406,4.8898325382858685
1769370259.271022,4.9567466876380735,0.045681631814534995,4.956957185299895
1769370259.2909954,4.611415268938529,0.032946605668122686,4.611532962196461
1769370259.3110602,4.58876786572856,0.010887529854002764,4.588780781847109
1769370259.3310547,4.641175635183071,0.03156372654318318,4.641282963303388
1769370259.3509583,4.537566469302316,-0.028937996275679723,4.537658743335062
1769370259.370993,4.582610422994566,-0.011544024068182779,4.582624963209419
1769370259.3913913,4.529402760435897,0.01636824231300693,4.529432335911504
1769370259.411059,4.582121472167909,0.036203486408865615,4.582264492380418
1769370259.4314878,4.451171202131238,-0.08917932859092303,4.452064467562255
1769370259.4509408,4.541893125129818,-0.056152864286062254,4.542240229696029
1769370259.4712079,4.571865997887663,-0.014913583084510407,4.57189032213173
1769370259.4909642,4.64775751955062,0.011721867971917987,4.647772301084475
1769370259.5109682,4.486672093622104,-0.10129318346242755,4.487815368829617
1769370259.5311422,4.570585470195503,-0.07325876966624989,4.5711725396986775
1769370259.5510552,4.438679675507235,-0.1444512322651157,4.441029545078925
1769370259.5712156,4.652875166511368,-0.24018862424551557,4.659070496392509
1769370259.5909019,4.698842161687807,-0.22552040873964785,4.70425096218442
1769370259.611016,4.744867874371483,-0.21104445392212767,4.74955902234869
1769370259.6311803,4.691135997633793,-0.1117247955994749,4.692466236239463
1769370259.6510875,4.72958709315709,-0.09992512182943258,4.730642567530414
1769370259.671008,4.79115877376926,-0.08130812639667795,4.7918486419005655
1769370259.6909995,4.877393913125193,-0.4309598676008477,4.896396408714599
1769370259.7110364,4.729931636642561,-0.2556026756038108,4.736832909770833
1769370259.7309763,4.7917933217648585,-0.23794027949454843,4.797697240876736
1769370259.751019,4.774619760523105,-0.397812266432787,4.791163580687066
1769370259.7710302,4.8171992454317465,-0.374119119383316,4.831705049532342
1769370259.791044,4.894847168747701,-0.35332422833921484,4.9075825836891305
1769370259.8111053,4.949283410046187,-0.3390900105944681,4.960885839065778
1769370259.8310697,5.132802181865056,-0.637242925466694,5.172208114936601
1769370259.8512466,4.753469767276789,-0.3440147320650979,4.765901904602346
1769370259.8710167,4.808111565156768,-0.3306171104376432,4.819465167081136
1769370259.8909636,5.059688655008577,-0.5747921871656949,5.092232844641849
1769370259.911104,5.090986135378245,-0.5674525989671828,5.1225132779416125
1769370259.9311547,4.925942414228846,-0.46729913798422373,4.948057917270119
1769370259.9509523,4.9729978155272825,-0.45678154179135433,4.993931982932929
1769370259.9710264,4.718568294078427,-0.49534665216845397,4.744497344471455
1769370259.9910088,4.7814294620380196,-0.48189253104175833,4.805651684414822
1769370260.0110753,4.844362327758779,-0.4687892365475932,4.866991854411853
1769370260.0310118,4.735537871322466,-0.5235485856060684,4.7643910473658035
1769370260.0513806,4.767064719840516,-0.5173043156039618,4.795050552193441
1769370260.0714686,4.656072448237042,-0.46107256516089734,4.678845857001075
1769370260.0910978,4.719224824621248,-0.4491118049044971,4.740546841728919
1769370260.1111224,4.873515436946395,-0.5720442788023448,4.906973341181436
1769370260.1309328,4.553478208867617,-0.6121235138899408,4.594437832302142
1769370260.15103,4.593077059352256,-0.6052485748462644,4.632783473302135
1769370260.1710072,4.535240194879039,-0.4458512236965113,4.557102910722792
1769370260.1910477,4.590713087218086,-0.4366401365421879,4.611431584442622
1769370260.2110913,4.642615694707281,-0.5427826982048636,4.674237215440924
1769370260.231053,4.666415617076899,-0.5390012100184016,4.697441539359534
1769370260.2515879,4.349201772306971,-0.4869804946508438,4.3763804745941
1769370260.2710526,4.412762238734336,-0.47754185576397035,4.4385264220917025
1769370260.2914984,4.171137559867674,-0.41230583497657847,4.191465691723431
1769370260.311524,4.210924588710334,-0.4068687730680338,4.230535201402204
1769370260.3310382,3.979653577094785,-0.2573590923002449,3.98796643617683
1769370260.351082,4.027453700577734,-0.2512912796451374,4.035285692181283
1769370260.3710046,4.015286603234879,-0.36425376520724484,4.031774709924296
1769370260.3912416,4.071121665878664,-0.3577903855602145,4.086813621684502
1769370260.4110787,4.1427619925781904,-0.46816992743633534,4.169131805077187
1769370260.4312396,4.214595623523833,-0.46057221296590356,4.239686666863785
1769370260.4513948,4.27853865612356,-0.454205183782733,4.302580084195843
1769370260.4709263,4.046332600907872,-0.3510689991440543,4.061533818562869
1769370260.4910064,3.7927935703655624,-0.2584161076526108,3.8015867676669797
1769370260.5109344,3.739609169889274,-0.17021816483135765,3.7434811295315087
1769370260.530935,3.8036365734883226,-0.1651732787052076,3.8072212170001647
1769370260.5509465,4.011654442376159,-0.5383417185949959,4.047614503756031
1769370260.571259,4.091751173760779,-0.5328879265897974,4.1263055158674184
1769370260.5909824,4.155855067609817,-0.5289334154575691,4.189379655863838
1769370260.611088,3.8368770389740376,-0.3946324125119425,3.8571181150194476
1769370260.6309788,3.998519321646727,-0.5185948610148472,4.032009101608429
1769370260.651041,4.070706981281289,-0.5154527888120235,4.103211779197646
1769370260.671283,3.9772472369935166,-0.5704050453434668,4.017941948302121
1769370260.6911826,4.025393292980141,-0.5688045311783796,4.065381871098772
1769370260.7110882,4.048722819835268,-0.5388248767433623,4.084420242782609
1769370260.7311826,4.080829095662601,-0.5380074329038536,4.116141166902107
1769370260.7512105,4.029925185708699,-0.6360653175086384,4.079813242116194
1769370260.7711692,4.0700671355303335,-0.6353408126248148,4.119357284323716
1769370260.7912114,4.038977589748102,-0.6965817974844306,4.098605393432506
1769370260.811,4.095189382063442,-0.6960814098246004,4.153926504413452
1769370260.830967,4.15140700999704,-0.6958567773041793,4.20932260787561
1769370260.8509874,4.18018839577573,-0.6928749767052906,4.237222056669019
1769370260.8713744,4.187587114373468,-0.7445882530136387,4.253269037692373
1769370260.890985,4.251849167980392,-0.7452041177830999,4.316659648897101
1769370260.9115314,4.28149077793549,-0.8012642253463191,4.3558222691435065
1769370260.9309397,4.353766260952931,-0.8027481122022238,4.427153169549964
1769370260.950949,4.053970890095965,-0.6866854108609708,4.111717017407055
1769370260.9710684,4.118212832052061,-0.6888641415901624,4.17542940733609
1769370260.9909432,3.990426152171503,-0.6302172105791328,4.039885469718716
1769370261.0111158,4.1312033597203754,-0.8372419965923328,4.215188650608989
1769370261.0309937,4.203479472034752,-0.8409288058286108,4.286770454350209
1769370261.0510004,4.173671673565476,-0.8155944297162634,4.252614432617545
1769370261.0710337,4.1977577431147495,-0.8170193372820513,4.276527875201171
1769370261.0909345,4.245924426800098,-0.8200159539880012,4.324384395829376
1769370261.1109674,4.013984322411249,-0.6115676262341267,4.060306035512709
1769370261.1311214,3.6145120835213316,-0.5496924614647298,3.6560715808245425
1769370261.151165,3.6707010503558664,-0.5536897664071496,3.712225553291134
1769370261.171096,3.6034854700357357,-0.5542983567320903,3.645868099785641
1769370261.1909595,3.6836838892003545,-0.5608673672324507,3.7261373027815967
1769370261.211014,3.7398016879789715,-0.5657883853653445,3.782358148354633
1769370261.2309988,3.687265781788591,-0.6462362902073302,3.7434676822873687
1769370261.2510335,3.6288356001804623,-0.8007892951050408,3.716141992482516
1769370261.2709465,3.700894782183843,-0.8082865260566123,3.788132692633702
1769370261.291036,3.8098358028736357,-0.7593852840419224,3.8847798978162498
1769370261.3109567,3.8418368054396126,-0.7629879031100693,3.9168687213031212
1769370261.3311186,3.669717724578705,-0.7014839299546942,3.7361621862643744
1769370261.35095,3.741656683066399,-0.7101978316719055,3.808461066368793
1769370261.3711169,3.6228401640963543,-0.7169439038841396,3.6930988906210365
1769370261.3909333,3.6946833129914634,-0.7264836162003689,3.7654300189892176
1769370261.4111125,3.6644972827137714,-0.7754954281988304,3.745655282346989
1769370261.4309287,3.7282655932637496,-0.7846864573087693,3.8099471348298373
1769370261.4509897,3.6952329921430263,-0.7604389919562813,3.77266673941786
1769370261.4709792,3.758896555374351,-0.7703615953220009,3.837024928450716
1769370261.4911094,3.3010822504731063,-0.5800122345867962,3.351650073718758
1769370261.5109518,3.356696968976806,-0.5892773514393923,3.4080290988278694
1769370261.5309677,3.569429806776311,-0.806750756499035,3.659463885409301
1769370261.5513854,3.6011758839760866,-0.8122489945455982,3.6916413932655052
1769370261.5712712,3.501008060510321,-0.7480689027932428,3.580036944374251
1769370261.5909915,3.564371853265797,-0.7597465961152139,3.644442563501599
1769370261.611958,3.4377713795991323,-0.80455617798237,3.53066320992537
1769370261.6312485,3.5010221265767427,-0.8169283745279934,3.595069943671317
1769370261.6512387,3.454286987627361,-0.820328853768963,3.5503574497813046
1769370261.671213,3.54103979236511,-0.838360759552156,3.638930004035528
1769370261.691173,3.4953895205313916,-0.8822206359444174,3.6050050139669496
1769370261.7112737,3.4649719536634827,-0.7885705668661451,3.553572030872897
1769370261.731173,3.543531342527581,-0.8063747755345823,3.634123643203925
1769370261.7509918,3.312125250799191,-0.7058575506185285,3.3865038843543047
1769370261.7709687,3.374813204750744,-0.7207807199151652,3.4509258197129378
1769370261.7909527,3.4214616558865707,-0.8714667997668784,3.530701664796673
1769370261.8110235,3.4371077310348266,-0.8753035220638097,3.546810653316115
1769370261.8309963,3.351300100170521,-0.8414041528259446,3.4553108846811007
1769370261.850987,3.405934573410933,-0.8553325483169729,3.5116924817766035
1769370261.8710172,3.3205112489030597,-0.8522874004003427,3.428146549809814
1769370261.8913836,3.3827661096512287,-0.8689026071905914,3.4925776001955224
1769370261.9112167,3.0578326475297537,-0.7146115945280265,3.1402245511002413
1769370261.9309993,3.127625806304513,-0.7341808091936137,3.2126413813013963
1769370261.9509392,3.0559476881982572,-0.75556850015656,3.1479676033010735
1769370261.9710023,3.1254931853362553,-0.7759887244707109,3.220382920102678
1769370261.9910476,3.1949109151287836,-0.7968334766121501,3.2927798810517
1769370262.011122,2.9464495299215407,-0.7148110091930135,3.0319168212928274
1769370262.0309453,2.952267732501914,-0.6348764348263458,3.0197603964337643
1769370262.051024,2.975324189554094,-0.6420913347294643,3.0438191988159202
1769370262.0709374,2.9981950458378357,-0.6862626522654409,3.0757324267206565
1769370262.0912638,2.9981950458378357,-0.6862626522654409,3.0757324267206565
1769370262.111043,3.0972099472019785,-0.8523273191815406,3.2123466992325214
1769370262.1311395,3.0972099472019785,-0.8523273191815406,3.2123466992325214
1769370262.151121,3.196568757499133,-0.8852841660194599,3.3168931059086484
1769370262.1712565,3.0891093136123615,-0.8078826583079781,3.1930034044832145
1769370262.1909611,2.9994364328629164,-0.8371410456361588,3.114068728379998
1769370262.2109642,3.0222202196513788,-0.8451662974709109,3.1381716215736697
1769370262.2309222,2.8199458148534546,-0.6661512831801168,2.8975596509462975
1769370262.2514067,2.827512412291094,-0.6689037353751068,2.905556512762912
1769370262.2711415,2.783435619079347,-0.717503651888947,2.874426088114565
1769370262.2909772,2.828644945825804,-0.7345276280131969,2.922458394205221
1769370262.3109474,2.903836168982261,-0.7633127953598446,3.0024841248289116
1769370262.3310869,2.7744514530454403,-0.735588816064098,2.8703086544175935
1769370262.350941,2.879267201067215,-0.7770432012935196,2.98227694083194
1769370262.371001,2.7242839520629705,-0.7483517872596757,2.8251997184203788
1769370262.3909812,2.78392980662597,-0.7726600309721761,2.889164012596453
1769370262.4110305,2.869590731983193,-0.8765209634773115,3.0004732907491496
1769370262.4309525,2.936472625381894,-0.9044030396779377,3.072591143936324
1769370262.4510128,2.836902434015343,-0.8739843764274013,2.9684784166911795
1769370262.4709527,2.8520269123442485,-0.8765503017537455,2.9836886466654744
1769370262.4910135,2.888954734447549,-0.8925834204118885,3.023700484519109
1769370262.5108705,2.9479233873708486,-0.9185050801219816,3.0877020387365595
1769370262.531264,2.878014377007597,-0.8752240322835618,3.0081528985324404
1769370262.5513878,2.936711283375052,-0.9017647134040132,3.0720437432176917
1769370262.5712004,2.649384140068266,-0.7674964944901497,2.758312380913361
1769370262.5911083,2.715073575714653,-0.7981195812287005,2.8299504213827897
1769370262.6109772,2.6594344866620903,-0.8201870966179037,2.7830376681435993
1769370262.630963,2.7465115586115667,-0.8620846378988816,2.878630866312696
1769370262.6510997,2.650904780033085,-0.8036442650003615,2.770043367434927
1769370262.6713557,2.6798080091981245,-0.8179024749628105,2.801845003691801
1769370262.690986,2.6809939356650325,-0.8563306633205983,2.8144325694561907
1769370262.711202,2.487979026049251,-0.7463655134667846,2.597518260523594
